customer_id,customer_name,gender,age,city_id,signup_date
1,Pooja Mishra,Male,32,2,2024-11-30
2,Isha Sharma,Male,41,11,2025-06-04
3,Meera Malhotra,Male,45,8,2024-02-12
4,Arjun Kapoor,Male,42,5,2023-10-02
5,Kabir Verma,Male,38,7,2023-11-15
6,Neha Gupta,Female,20,12,2026-05-13
7,Neha Kumar,Female,32,1,2025-03-16
8,Aarav Shah,Male,20,3,2026-06-19
9,Ananya Malhotra,Male,21,11,2023-01-09
10,Ananya Mishra,Female,29,10,2024-08-07
11,Neha Pandey,Female,33,12,2024-08-07
12,Rahul Joshi,Male,35,3,2024-05-27
13,Vikram Agarwal,Male,47,12,2024-05-15
14,Kabir Sharma,Male,43,4,2023-04-11
15,Sneha Verma,Female,31,8,2023-02-11
16,Diya Pandey,Male,29,11,2025-09-20
17,Diya Agarwal,Male,41,2,2024-07-16
18,Isha Singh,Male,27,2,2023-07-27
19,Rohan Joshi,Male,47,7,2024-03-19
20,Riya Kapoor,Male,43,11,2026-04-06
21,Varun Mishra,Female,40,1,2024-08-20
22,Riya Kapoor,Female,26,11,2026-06-18
23,Diya Kumar,Male,38,4,2023-07-26
24,Arjun Mehta,Male,45,4,2023-06-06
25,Varun Kumar,Female,20,3,2024-12-20
26,Arjun Kapoor,Male,23,11,2025-05-22
27,Pooja Mishra,Male,35,2,2026-06-07
28,Diya Kumar,Male,29,7,2024-08-18
29,Karan Singh,Female,41,2,2023-09-13
30,Diya Singh,Female,31,12,2024-11-22
31,Pooja Agarwal,Female,50,10,2024-01-27
32,Kabir Pandey,Female,27,3,2023-08-18
33,Pooja Verma,Male,29,3,2023-04-23
34,Nisha Sharma,Male,18,4,2025-07-12
35,Isha Malhotra,Male,26,4,2025-03-31
36,Priya Gupta,Female,25,10,2023-08-01
37,Ananya Pandey,Female,43,6,2024-12-14
38,Rohan Patel,Male,29,5,2026-02-04
39,Varun Gupta,Female,24,8,2025-11-10
40,Varun Mishra,Male,28,5,2024-08-02
41,Meera Gupta,Male,36,2,2023-03-15
42,Ananya Patel,Male,43,1,2025-03-21
43,Meera Gupta,Female,50,3,2024-10-21
44,Isha Verma,Female,19,7,2026-03-23
45,Karan Sharma,Female,45,2,2024-12-07
46,Neha Sharma,Female,30,6,2025-07-31
47,Ananya Gupta,Female,44,3,2024-11-05
48,Kabir Sharma,Female,19,8,2024-11-21
49,Rahul Malhotra,Female,38,1,2024-02-10
50,Karan Chopra,Male,48,5,2024-05-29
51,Kabir Mehta,Female,19,1,2024-01-13
52,Kabir Patel,Female,44,3,2024-08-13
53,Pooja Joshi,Female,21,1,2026-04-30
54,Neha Mishra,Male,50,5,2024-03-12
55,Riya Pandey,Female,42,9,2024-08-14
56,Karan Sharma,Female,48,1,2026-04-23
57,Isha Gupta,Male,47,9,2023-07-13
58,Nisha Singh,Other,28,7,2023-11-19
59,Aditya Singh,Male,31,6,2024-09-21
60,Vikram Malhotra,Male,40,7,2024-06-06
61,Varun Kumar,Male,23,3,2024-03-11
62,Diya Sharma,Female,28,8,2025-09-20
63,Aarav Mehta,Female,21,9,2024-09-29
64,Varun Joshi,Male,47,9,2024-04-10
65,Nisha Verma,Female,26,3,2024-09-03
66,Aditi Pandey,Male,31,8,2026-02-06
67,Arjun Sharma,Male,32,2,2026-06-10
68,Rahul Mishra,Female,30,5,2023-11-07
69,Sneha Verma,Female,43,1,2023-02-21
70,Kabir Pandey,Female,48,2,2023-02-10
71,Kabir Mishra,Female,36,7,2024-07-22
72,Aditya Shah,Other,45,11,2025-03-13
73,Rohan Pandey,Male,21,1,2023-03-07
74,Meera Agarwal,Male,49,6,2024-10-11
75,Vikram Kapoor,Male,21,7,2024-05-25
76,Vikram Agarwal,Female,20,12,2026-04-06
77,Neha Gupta,Female,18,8,2025-02-09
78,Kabir Malhotra,Female,26,1,2024-06-24
79,Rohan Joshi,Male,45,2,2025-01-19
80,Pooja Pandey,Male,27,7,2023-06-23
81,Kabir Kumar,Female,44,2,2024-08-29
82,Riya Mehta,Other,32,12,2024-02-26
83,Sneha Kapoor,Male,21,12,2023-08-20
84,Aditya Singh,Male,33,12,2024-05-17
85,Aditi Gupta,Male,25,3,2025-03-26
86,Rahul Joshi,Male,27,8,2025-01-14
87,Ananya Kumar,Male,35,8,2026-05-15
88,Vikram Singh,Male,44,1,2023-12-17
89,Rohan Mehta,Female,37,3,2025-06-12
90,Karan Mehta,Male,25,2,2024-12-03
91,Neha Patel,Male,41,4,2026-01-20
92,Rahul Mehta,Male,40,12,2026-03-05
93,Ananya Chopra,Female,25,11,2025-06-22
94,Aditya Patel,Male,46,3,2024-06-25
95,Riya Shah,Male,45,6,2024-11-12
96,Sneha Mishra,Male,37,2,2025-04-12
97,Nisha Joshi,Female,27,3,2025-10-26
98,Riya Patel,Female,29,1,2023-10-20
99,Isha Malhotra,Male,32,7,2026-01-19
100,Pooja Pandey,Male,24,8,2025-10-20
101,Isha Kapoor,Male,28,10,2023-04-23
102,Aditya Pandey,Female,22,11,2023-12-11
103,Meera Joshi,Female,23,2,2023-10-29
104,Riya Kapoor,Male,42,9,2025-01-10
105,Aditi Patel,Male,22,2,2023-09-24
106,Ananya Agarwal,Female,33,4,2024-01-19
107,Aarav Singh,Female,32,6,2023-08-30
108,Meera Chopra,Male,19,1,2023-03-28
109,Karan Pandey,Male,45,2,2024-08-09
110,Varun Verma,Male,50,3,2024-02-13
111,Pooja Kapoor,Female,39,2,2024-10-06
112,Vikram Verma,Female,40,12,2023-09-28
113,Vikram Chopra,Female,25,3,2024-01-01
114,Meera Verma,Female,45,6,2026-02-13
115,Karan Shah,Male,43,12,2025-10-25
116,Neha Gupta,Male,32,6,2023-12-06
117,Pooja Shah,Male,41,4,2023-07-26
118,Ananya Pandey,Female,49,12,2026-05-29
119,Rahul Malhotra,Female,37,2,2025-05-19
120,Rahul Agarwal,Male,24,2,2024-09-20
121,Pooja Agarwal,Male,28,6,2025-06-12
122,Varun Shah,Female,24,5,2023-10-10
123,Aditi Singh,Female,28,10,2024-06-30
124,Neha Malhotra,Female,47,1,2024-05-14
125,Aditi Verma,Male,24,7,2025-07-09
126,Karan Kapoor,Female,47,8,2023-08-23
127,Ananya Gupta,Female,27,12,2024-09-16
128,Arjun Malhotra,Female,34,2,2025-11-30
129,Aarav Malhotra,Female,35,3,2023-09-08
130,Isha Kumar,Female,22,12,2023-06-03
131,Sneha Joshi,Female,24,7,2025-11-14
132,Neha Agarwal,Female,28,1,2026-01-20
133,Varun Agarwal,Male,19,1,2024-07-03
134,Karan Joshi,Male,42,10,2023-02-28
135,Aditya Malhotra,Female,36,6,2024-11-21
136,Arjun Mishra,Female,45,6,2024-01-18
137,Kabir Verma,Male,46,11,2025-01-20
138,Riya Verma,Male,29,3,2023-06-28
139,Neha Verma,Female,44,2,2025-10-25
140,Isha Kapoor,Female,20,7,2025-05-25
141,Neha Kumar,Female,32,11,2025-04-03
142,Varun Agarwal,Male,39,3,2024-10-16
143,Aditya Chopra,Female,33,8,2023-10-09
144,Neha Mehta,Female,42,2,2026-04-14
145,Neha Mishra,Male,46,2,2023-12-06
146,Kabir Agarwal,Male,31,11,2024-04-12
147,Vikram Patel,Other,27,1,2026-03-28
148,Riya Mehta,Male,37,1,2023-02-22
149,Karan Patel,Female,46,9,2023-06-09
150,Rohan Gupta,Female,50,4,2025-08-30
151,Pooja Gupta,Female,44,4,2024-04-14
152,Aditi Shah,Male,26,10,2025-01-10
153,Meera Kumar,Female,24,2,2025-01-11
154,Neha Mehta,Male,36,8,2025-11-22
155,Arjun Chopra,Female,31,3,2025-03-03
156,Ananya Malhotra,Male,38,1,2024-06-28
157,Varun Shah,Female,48,8,2024-12-02
158,Priya Agarwal,Female,36,3,2025-07-31
159,Vikram Joshi,Male,29,11,2024-04-29
160,Arjun Mehta,Male,46,11,2023-08-07
161,Sneha Shah,Female,32,11,2024-09-13
162,Aarav Chopra,Male,37,3,2026-06-30
163,Kabir Shah,Male,22,3,2023-05-24
164,Rahul Verma,Male,34,11,2023-08-10
165,Diya Pandey,Female,32,5,2026-06-24
166,Nisha Kapoor,Female,22,8,2025-11-25
167,Arjun Verma,Male,24,10,2023-05-30
168,Isha Malhotra,Other,41,3,2023-09-29
169,Aarav Chopra,Male,23,1,2025-06-01
170,Karan Sharma,Male,22,7,2025-09-26
171,Aditi Kumar,Male,19,7,2025-07-26
172,Neha Pandey,Male,18,3,2026-01-04
173,Rahul Patel,Male,32,7,2024-10-09
174,Pooja Kumar,Female,34,10,2026-01-24
175,Rohan Kumar,Male,38,4,2025-01-31
176,Aarav Patel,Female,36,3,2024-08-30
177,Karan Mishra,Male,35,9,2025-03-23
178,Neha Agarwal,Male,50,10,2024-07-01
179,Karan Verma,Male,26,12,2025-02-13
180,Priya Shah,Female,41,2,2025-11-30
181,Aarav Mishra,Female,20,11,2026-05-08
182,Sneha Patel,Male,46,9,2025-01-10
183,Riya Pandey,Male,29,8,2023-01-08
184,Aarav Verma,Male,29,3,2025-03-04
185,Sneha Shah,Female,22,1,2023-11-18
186,Aarav Kapoor,Male,34,6,2023-10-29
187,Arjun Kapoor,Female,31,3,2026-01-30
188,Vikram Verma,Male,50,3,2024-07-23
189,Sneha Mishra,Male,23,12,2025-10-06
190,Nisha Sharma,Female,31,2,2024-04-16
191,Aditya Singh,Male,47,12,2025-02-13
192,Isha Gupta,Male,44,6,2025-04-29
193,Nisha Agarwal,Female,43,10,2026-02-14
194,Kabir Gupta,Male,35,3,2023-09-08
195,Aarav Mishra,Male,46,7,2024-12-17
196,Diya Kapoor,Male,25,6,2024-06-02
197,Varun Sharma,Female,44,12,2024-08-15
198,Aarav Sharma,Female,37,2,2025-12-19
199,Ananya Sharma,Male,29,2,2023-06-23
200,Kabir Kapoor,Female,25,12,2024-11-28
201,Pooja Pandey,Female,35,1,2024-05-10
202,Pooja Singh,Female,18,7,2026-02-18
203,Diya Pandey,Female,41,1,2023-10-04
204,Aditya Sharma,Female,25,1,2023-10-24
205,Sneha Pandey,Female,30,7,2023-04-27
206,Pooja Mishra,Male,24,6,2024-07-15
207,Arjun Agarwal,Male,33,7,2023-01-14
208,Kabir Chopra,Female,30,5,2024-10-01
209,Kabir Pandey,Male,24,9,2023-10-13
210,Rahul Sharma,Female,47,12,2024-05-26
211,Isha Singh,Male,43,3,2025-02-11
212,Arjun Verma,Female,30,3,2025-05-24
213,Sneha Joshi,Male,19,3,2023-03-20
214,Karan Agarwal,Female,45,9,2023-07-09
215,Karan Kapoor,Male,40,4,2024-02-10
216,Aditi Pandey,Male,36,8,2024-10-25
217,Rahul Gupta,Female,37,5,2026-02-02
218,Kabir Agarwal,Female,18,7,2023-06-27
219,Aditi Gupta,Female,33,10,2023-03-28
220,Aarav Patel,Female,24,6,2025-03-14
221,Aditi Chopra,Male,39,5,2026-06-04
222,Karan Shah,Female,48,3,2025-11-26
223,Neha Kapoor,Male,35,6,2024-12-23
224,Karan Sharma,Female,37,3,2023-01-26
225,Aditi Kapoor,Male,40,11,2025-01-05
226,Aarav Sharma,Male,48,4,2024-08-06
227,Aditya Mishra,Female,19,2,2024-07-24
228,Isha Chopra,Female,28,3,2024-09-21
229,Rahul Gupta,Male,26,6,2024-12-18
230,Priya Verma,Female,41,11,2025-07-08
231,Riya Gupta,Female,32,3,2023-09-03
232,Priya Shah,Male,43,3,2023-04-06
233,Meera Kumar,Female,33,4,2023-03-07
234,Karan Agarwal,Male,50,12,2024-06-02
235,Diya Kapoor,Male,43,11,2024-10-10
236,Nisha Malhotra,Female,18,2,2025-09-30
237,Rahul Gupta,Male,50,7,2024-07-07
238,Aditya Shah,Male,49,10,2024-11-10
239,Karan Patel,Female,19,9,2026-06-01
240,Rahul Malhotra,Male,30,5,2025-08-15
241,Karan Chopra,Female,50,9,2025-06-01
242,Diya Kapoor,Female,45,7,2024-04-09
243,Rahul Shah,Male,33,2,2023-07-14
244,Ananya Gupta,Female,35,1,2026-03-20
245,Isha Joshi,Male,18,4,2024-12-07
246,Sneha Kumar,Female,36,1,2023-04-09
247,Varun Joshi,Male,39,4,2024-09-07
248,Arjun Verma,Female,29,10,2023-04-27
249,Pooja Gupta,Male,28,11,2026-06-07
250,Varun Patel,Female,45,1,2024-11-05
251,Aditi Patel,Male,32,1,2025-09-29
252,Vikram Kumar,Male,26,8,2024-08-24
253,Riya Kapoor,Male,30,5,2023-01-26
254,Rahul Kapoor,Female,34,2,2025-03-26
255,Pooja Kumar,Other,26,10,2025-04-14
256,Ananya Kumar,Male,36,2,2023-10-20
257,Kabir Singh,Male,46,1,2025-07-03
258,Varun Malhotra,Male,42,9,2023-10-16
259,Vikram Patel,Male,25,7,2025-06-02
260,Varun Sharma,Female,33,4,2025-08-14
261,Diya Kumar,Female,35,8,2023-06-25
262,Isha Joshi,Female,40,11,2024-01-08
263,Arjun Singh,Male,42,1,2023-07-28
264,Aditi Malhotra,Male,34,7,2025-07-17
265,Priya Malhotra,Female,28,2,2023-10-28
266,Meera Chopra,Male,39,5,2025-03-29
267,Karan Kapoor,Female,22,5,2024-06-17
268,Meera Kapoor,Male,40,4,2023-04-17
269,Vikram Patel,Male,47,2,2026-02-01
270,Aditya Agarwal,Female,41,10,2025-06-27
271,Rohan Malhotra,Male,32,4,2023-12-01
272,Ananya Kumar,Female,45,11,2026-01-28
273,Karan Kapoor,Male,35,4,2025-06-24
274,Karan Mehta,Male,35,10,2025-11-08
275,Pooja Joshi,Male,46,6,2023-08-16
276,Kabir Agarwal,Male,24,4,2023-01-12
277,Meera Mishra,Female,43,8,2023-03-20
278,Arjun Mishra,Male,40,10,2024-11-20
279,Nisha Joshi,Female,35,5,2025-10-01
280,Neha Joshi,Female,20,5,2026-03-12
281,Diya Agarwal,Male,43,7,2026-05-12
282,Aditya Patel,Male,25,7,2025-02-03
283,Karan Pandey,Male,47,5,2025-03-17
284,Priya Joshi,Female,44,9,2024-01-06
285,Aarav Verma,Female,29,4,2023-01-02
286,Aditi Verma,Male,32,5,2023-09-06
287,Nisha Pandey,Female,18,7,2023-03-12
288,Kabir Sharma,Male,34,12,2025-05-24
289,Aditi Patel,Male,19,3,2024-10-04
290,Meera Mehta,Male,50,3,2025-09-11
291,Isha Gupta,Other,39,2,2023-07-09
292,Neha Patel,Male,25,8,2026-03-11
293,Aditi Agarwal,Male,44,5,2025-07-07
294,Varun Sharma,Male,18,4,2026-03-02
295,Rahul Pandey,Female,36,2,2025-04-08
296,Neha Pandey,Male,21,11,2024-03-09
297,Rahul Mehta,Male,19,5,2025-03-10
298,Neha Gupta,Male,26,7,2025-02-10
299,Aditya Kapoor,Female,27,1,2023-08-20
300,Sneha Verma,Male,41,1,2023-05-10
301,Karan Mehta,Female,47,1,2025-04-10
302,Karan Shah,Male,43,4,2023-05-01
303,Aditi Shah,Male,42,5,2023-05-09
304,Rahul Agarwal,Female,36,3,2023-04-02
305,Rahul Patel,Female,30,4,2025-03-05
306,Riya Chopra,Male,26,1,2026-03-29
307,Arjun Chopra,Female,49,4,2024-09-26
308,Riya Mehta,Female,35,1,2023-07-14
309,Varun Kapoor,Male,36,2,2024-10-16
310,Rohan Sharma,Female,18,1,2024-09-07
311,Sneha Singh,Female,33,8,2025-01-27
312,Riya Joshi,Male,40,12,2024-07-07
313,Isha Gupta,Female,34,7,2024-11-10
314,Neha Gupta,Male,38,1,2024-02-19
315,Rahul Pandey,Male,44,12,2026-03-03
316,Varun Shah,Female,18,12,2024-11-17
317,Pooja Malhotra,Female,47,5,2024-02-01
318,Aditya Pandey,Female,44,1,2023-01-04
319,Kabir Shah,Female,31,9,2025-05-16
320,Sneha Gupta,Female,43,12,2024-04-30
321,Karan Kumar,Male,20,9,2023-11-14
322,Kabir Mehta,Other,28,7,2024-09-04
323,Rohan Verma,Female,21,7,2024-09-11
324,Kabir Agarwal,Female,38,12,2025-10-22
325,Aarav Kumar,Male,46,1,2024-11-23
326,Isha Joshi,Male,37,2,2025-06-14
327,Varun Gupta,Male,41,10,2025-04-06
328,Rohan Gupta,Male,22,2,2025-12-21
329,Aditya Mishra,Male,48,4,2023-01-08
330,Varun Sharma,Female,24,3,2024-04-25
331,Vikram Singh,Female,35,3,2025-07-02
332,Ananya Patel,Male,40,1,2023-06-29
333,Ananya Joshi,Male,46,6,2024-07-18
334,Pooja Malhotra,Female,48,4,2024-05-27
335,Neha Joshi,Male,37,6,2025-10-25
336,Aarav Verma,Female,37,3,2026-05-14
337,Diya Singh,Male,31,12,2023-05-16
338,Kabir Pandey,Male,36,7,2023-10-01
339,Nisha Kapoor,Male,40,12,2025-09-15
340,Meera Kapoor,Female,39,4,2023-08-12
341,Rahul Chopra,Male,37,1,2024-09-26
342,Riya Agarwal,Female,32,10,2026-04-20
343,Vikram Sharma,Male,24,10,2026-05-30
344,Neha Mehta,Male,19,1,2026-04-28
345,Neha Malhotra,Female,31,7,2023-06-21
346,Nisha Mehta,Male,31,8,2023-07-10
347,Varun Pandey,Male,38,2,2023-08-13
348,Rohan Joshi,Female,47,6,2025-09-09
349,Karan Agarwal,Female,41,3,2023-08-17
350,Sneha Pandey,Male,44,1,2024-07-02
351,Priya Joshi,Male,37,11,2025-11-11
352,Rahul Mishra,Other,48,5,2024-09-20
353,Rohan Malhotra,Female,49,10,2026-04-16
354,Arjun Pandey,Female,23,9,2024-09-28
355,Priya Mehta,Female,39,12,2024-04-29
356,Meera Joshi,Female,34,5,2026-05-21
357,Kabir Joshi,Male,50,5,2024-11-29
358,Karan Verma,Male,37,3,2023-08-24
359,Aarav Mehta,Female,18,7,2025-03-21
360,Pooja Mishra,Female,24,5,2025-09-14
361,Vikram Kapoor,Female,22,9,2025-12-06
362,Priya Gupta,Female,24,4,2023-01-08
363,Aarav Mehta,Male,21,2,2023-05-19
364,Rohan Gupta,Female,43,11,2025-03-13
365,Diya Sharma,Female,34,10,2025-08-05
366,Vikram Mishra,Male,40,4,2025-04-13
367,Sneha Kumar,Female,50,8,2024-05-03
368,Rahul Patel,Female,39,5,2025-08-20
369,Arjun Malhotra,Male,33,9,2025-01-09
370,Meera Sharma,Female,26,4,2026-03-28
371,Rahul Patel,Female,42,6,2024-04-14
372,Ananya Chopra,Female,34,1,2025-08-20
373,Karan Kapoor,Male,42,2,2023-07-03
374,Neha Shah,Female,18,10,2025-07-23
375,Kabir Kapoor,Male,23,4,2025-07-23
376,Nisha Joshi,Female,22,1,2023-11-21
377,Pooja Agarwal,Male,40,2,2023-03-20
378,Sneha Mishra,Female,35,4,2026-06-21
379,Karan Chopra,Female,28,8,2023-04-08
380,Diya Shah,Female,28,4,2024-08-21
381,Vikram Agarwal,Female,38,9,2023-01-02
382,Isha Mishra,Male,49,11,2024-06-17
383,Aditi Verma,Female,50,4,2025-11-14
384,Karan Chopra,Male,33,10,2024-10-02
385,Kabir Kumar,Female,40,2,2023-11-03
386,Vikram Malhotra,Male,20,4,2024-05-18
387,Pooja Kapoor,Female,49,1,2023-04-28
388,Rahul Shah,Male,18,1,2025-01-28
389,Arjun Shah,Female,29,1,2023-01-06
390,Ananya Patel,Female,41,1,2024-03-22
391,Kabir Agarwal,Male,50,10,2023-03-19
392,Pooja Agarwal,Male,23,6,2023-11-03
393,Vikram Mehta,Female,39,12,2023-03-28
394,Aarav Verma,Female,24,6,2026-03-31
395,Diya Sharma,Male,19,7,2025-09-12
396,Karan Agarwal,Male,31,2,2026-03-30
397,Pooja Joshi,Male,37,6,2025-05-22
398,Nisha Shah,Female,26,4,2024-09-25
399,Nisha Kumar,Female,50,12,2023-08-11
400,Rohan Shah,Male,38,12,2026-05-13
401,Aditya Kumar,Female,32,2,2026-03-17
402,Aditi Agarwal,Female,34,7,2024-06-14
403,Vikram Verma,Female,33,7,2023-10-16
404,Aditya Malhotra,Male,21,6,2024-05-09
405,Karan Pandey,Male,38,2,2024-05-18
406,Diya Mishra,Male,43,8,2026-03-16
407,Rahul Pandey,Male,31,10,2023-03-27
408,Aditya Sharma,Male,32,4,2025-03-19
409,Aditi Mehta,Male,48,6,2025-09-08
410,Pooja Sharma,Male,38,1,2025-08-31
411,Priya Verma,Female,27,12,2023-09-04
412,Varun Chopra,Male,18,1,2024-06-11
413,Riya Chopra,Female,45,2,2024-03-12
414,Sneha Agarwal,Male,38,3,2024-06-03
415,Aarav Pandey,Female,38,10,2023-04-22
416,Neha Agarwal,Male,27,8,2023-04-17
417,Priya Pandey,Female,24,1,2023-01-31
418,Priya Sharma,Female,34,2,2026-05-19
419,Varun Singh,Male,43,9,2024-06-16
420,Arjun Kapoor,Female,27,4,2023-10-19
421,Aditya Pandey,Male,35,1,2025-10-15
422,Rahul Sharma,Female,50,12,2024-09-23
423,Pooja Joshi,Male,25,2,2024-04-10
424,Diya Chopra,Male,25,6,2023-05-27
425,Karan Sharma,Male,25,3,2024-05-07
426,Riya Kumar,Female,48,9,2025-04-06
427,Sneha Mishra,Male,35,9,2025-03-07
428,Vikram Chopra,Female,48,4,2024-05-14
429,Diya Singh,Male,49,8,2025-02-21
430,Rahul Pandey,Male,31,11,2025-09-07
431,Karan Mehta,Male,19,10,2026-04-02
432,Riya Pandey,Female,28,4,2024-11-05
433,Varun Patel,Female,35,5,2023-10-18
434,Neha Malhotra,Male,30,11,2023-06-15
435,Rahul Mehta,Female,18,1,2023-07-21
436,Arjun Patel,Male,50,1,2023-01-14
437,Karan Mishra,Male,28,2,2024-12-13
438,Nisha Gupta,Female,38,10,2023-09-29
439,Sneha Verma,Male,49,2,2023-10-16
440,Sneha Mehta,Male,35,3,2025-07-13
441,Rahul Chopra,Female,40,7,2024-02-13
442,Rahul Pandey,Male,19,2,2025-11-24
443,Karan Shah,Female,40,3,2023-06-24
444,Vikram Patel,Female,45,5,2024-03-11
445,Riya Kumar,Female,48,2,2023-03-07
446,Karan Gupta,Female,20,12,2024-11-15
447,Arjun Malhotra,Female,25,2,2023-06-09
448,Ananya Shah,Male,19,11,2023-11-03
449,Nisha Chopra,Female,48,5,2025-07-28
450,Neha Malhotra,Female,27,2,2026-01-29
451,Aditi Mehta,Female,35,1,2024-11-27
452,Isha Mishra,Male,33,6,2026-05-17
453,Aditya Joshi,Female,40,4,2025-08-24
454,Rohan Gupta,Female,47,3,2025-08-19
455,Arjun Mehta,Male,28,12,2026-06-19
456,Aditi Verma,Female,44,5,2023-04-24
457,Priya Singh,Male,27,12,2023-10-24
458,Meera Sharma,Male,24,2,2024-07-12
459,Rohan Kumar,Female,21,2,2025-02-28
460,Pooja Kapoor,Male,30,7,2026-06-18
461,Nisha Mehta,Male,36,3,2023-05-07
462,Rahul Kumar,Male,43,2,2023-10-20
463,Nisha Shah,Male,45,1,2024-01-16
464,Pooja Agarwal,Female,35,1,2025-05-06
465,Karan Malhotra,Female,31,9,2026-04-30
466,Pooja Patel,Female,23,3,2026-04-13
467,Rohan Mishra,Male,48,12,2025-08-12
468,Priya Singh,Female,31,2,2025-09-14
469,Meera Patel,Female,43,4,2024-06-14
470,Nisha Mishra,Female,38,4,2025-02-16
471,Rohan Joshi,Male,48,6,2023-08-07
472,Pooja Agarwal,Male,50,11,2024-10-09
473,Aditya Malhotra,Female,41,10,2024-01-09
474,Vikram Kapoor,Female,39,1,2026-04-01
475,Aarav Patel,Male,22,4,2024-04-14
476,Nisha Singh,Female,18,10,2024-05-19
477,Diya Patel,Male,36,1,2024-05-29
478,Ananya Gupta,Male,41,6,2026-02-24
479,Rohan Mishra,Female,42,3,2026-04-05
480,Aarav Patel,Female,26,4,2024-07-04
481,Aditi Malhotra,Male,34,5,2026-06-25
482,Diya Agarwal,Female,46,4,2025-08-24
483,Meera Agarwal,Female,21,11,2025-12-16
484,Vikram Kumar,Male,30,6,2026-03-15
485,Nisha Joshi,Female,49,11,2024-02-29
486,Varun Shah,Female,24,9,2024-12-04
487,Meera Chopra,Female,28,4,2023-12-31
488,Diya Pandey,Other,33,5,2024-01-31
489,Sneha Mishra,Female,40,4,2024-08-15
490,Diya Agarwal,Male,26,10,2023-03-07
491,Isha Gupta,Male,44,2,2023-10-02
492,Ananya Malhotra,Female,25,12,2025-10-30
493,Rohan Verma,Other,30,7,2023-07-31
494,Rahul Kapoor,Male,36,7,2025-03-05
495,Rohan Shah,Male,18,6,2025-09-04
496,Riya Joshi,Female,43,6,2023-12-02
497,Varun Kumar,Male,40,8,2024-08-08
498,Arjun Sharma,Male,45,8,2026-01-25
499,Varun Shah,Female,27,2,2025-12-02
500,Neha Verma,Female,31,7,2026-03-21
501,Diya Sharma,Female,47,4,2025-03-13
502,Aditi Singh,Female,20,7,2026-02-06
503,Meera Sharma,Male,34,6,2024-05-23
504,Pooja Kumar,Female,33,2,2025-02-07
505,Diya Joshi,Male,32,9,2025-05-02
506,Riya Patel,Male,32,5,2026-06-01
507,Aarav Sharma,Female,42,6,2024-04-15
508,Nisha Verma,Female,24,8,2026-01-22
509,Vikram Mehta,Female,47,8,2024-10-12
510,Riya Sharma,Male,47,9,2023-05-14
511,Nisha Chopra,Female,23,2,2025-04-17
512,Rahul Singh,Female,50,1,2026-06-06
513,Pooja Patel,Female,26,8,2024-08-01
514,Isha Mehta,Female,19,3,2024-12-01
515,Aditya Kumar,Male,31,1,2026-03-30
516,Ananya Sharma,Female,44,2,2026-03-20
517,Diya Verma,Female,45,3,2024-05-25
518,Rahul Pandey,Female,39,12,2025-08-28
519,Ananya Sharma,Female,44,2,2025-03-16
520,Arjun Joshi,Female,26,3,2025-04-06
521,Diya Joshi,Male,47,12,2025-07-09
522,Aarav Patel,Male,38,12,2024-02-22
523,Rahul Kumar,Female,22,2,2024-01-25
524,Meera Agarwal,Female,22,11,2023-02-04
525,Isha Pandey,Female,26,2,2025-12-29
526,Karan Singh,Male,20,9,2023-12-20
527,Aditya Patel,Male,27,1,2025-05-11
528,Meera Singh,Female,50,4,2025-05-25
529,Varun Joshi,Female,25,3,2025-06-17
530,Nisha Chopra,Male,39,8,2026-01-07
531,Rohan Singh,Female,50,1,2026-01-13
532,Neha Patel,Male,26,5,2023-01-03
533,Aditya Mishra,Female,40,8,2025-12-08
534,Isha Sharma,Male,32,1,2023-09-23
535,Isha Kumar,Male,27,11,2025-04-04
536,Nisha Chopra,Male,49,4,2025-05-09
537,Ananya Gupta,Female,39,2,2023-03-10
538,Vikram Sharma,Female,32,2,2023-12-29
539,Rohan Gupta,Female,44,3,2026-03-08
540,Aarav Mishra,Male,47,2,2023-06-30
541,Aditi Sharma,Male,43,6,2023-10-24
542,Varun Gupta,Male,46,7,2023-04-15
543,Kabir Sharma,Female,28,5,2023-08-01
544,Ananya Verma,Male,29,5,2025-03-25
545,Neha Kapoor,Female,25,10,2025-12-10
546,Isha Singh,Female,40,3,2025-01-29
547,Aditi Malhotra,Female,44,7,2023-12-30
548,Aditya Malhotra,Male,39,11,2026-01-01
549,Sneha Pandey,Female,37,2,2024-04-14
550,Isha Sharma,Male,43,7,2024-02-07
551,Diya Pandey,Male,23,12,2024-10-07
552,Karan Kapoor,Female,30,6,2023-06-24
553,Isha Gupta,Female,41,12,2024-03-31
554,Nisha Agarwal,Female,19,3,2025-10-17
555,Pooja Pandey,Male,48,6,2025-02-15
556,Diya Singh,Other,23,3,2026-06-15
557,Aditya Mishra,Other,43,1,2025-09-17
558,Meera Kumar,Male,38,12,2024-04-05
559,Pooja Kapoor,Female,45,3,2025-09-06
560,Varun Shah,Male,43,12,2026-01-10
561,Aditi Mehta,Female,35,8,2025-03-16
562,Neha Pandey,Female,42,11,2025-08-31
563,Arjun Patel,Female,29,12,2024-10-04
564,Karan Agarwal,Female,37,6,2026-03-10
565,Arjun Kapoor,Male,48,12,2023-10-31
566,Diya Singh,Female,20,9,2024-06-25
567,Karan Kumar,Female,29,6,2023-11-21
568,Vikram Patel,Male,18,8,2023-05-10
569,Kabir Verma,Male,35,2,2025-02-25
570,Nisha Sharma,Female,43,1,2023-06-01
571,Neha Mehta,Female,19,3,2023-10-16
572,Priya Sharma,Female,36,5,2025-09-01
573,Neha Gupta,Female,31,2,2023-11-04
574,Sneha Chopra,Female,43,6,2026-01-07
575,Kabir Chopra,Male,25,8,2023-03-04
576,Rohan Agarwal,Male,23,8,2024-08-06
577,Kabir Patel,Female,21,11,2023-03-27
578,Arjun Mishra,Female,31,12,2023-03-18
579,Arjun Malhotra,Female,34,11,2025-10-07
580,Aditya Verma,Female,48,7,2023-03-27
581,Riya Gupta,Female,33,2,2026-02-13
582,Sneha Chopra,Female,23,12,2025-02-03
583,Aditi Gupta,Female,41,2,2024-09-08
584,Riya Joshi,Male,20,2,2026-03-19
585,Arjun Shah,Female,29,3,2024-05-10
586,Diya Sharma,Female,39,7,2024-05-25
587,Varun Sharma,Male,26,8,2024-06-07
588,Meera Shah,Female,37,1,2025-04-10
589,Meera Malhotra,Female,32,9,2025-12-17
590,Priya Verma,Female,49,2,2024-11-23
591,Meera Mishra,Female,27,3,2023-12-25
592,Aditi Mishra,Male,47,3,2026-02-10
593,Rahul Malhotra,Male,38,3,2025-02-03
594,Ananya Kapoor,Male,42,9,2025-11-28
595,Ananya Patel,Male,23,1,2024-07-06
596,Neha Sharma,Female,18,2,2023-09-12
597,Rahul Malhotra,Female,42,1,2026-04-21
598,Arjun Patel,Female,33,9,2025-05-15
599,Rohan Kapoor,Male,28,12,2024-01-29
600,Pooja Pandey,Male,47,8,2025-12-18
601,Ananya Sharma,Male,28,7,2023-01-12
602,Aditi Malhotra,Female,32,11,2026-04-02
603,Ananya Singh,Male,41,3,2025-01-08
604,Kabir Mishra,Female,49,1,2025-01-23
605,Kabir Singh,Female,47,6,2023-01-18
606,Vikram Kapoor,Female,39,3,2023-08-13
607,Ananya Malhotra,Male,21,5,2025-07-09
608,Karan Mehta,Male,21,5,2024-12-13
609,Riya Chopra,Female,40,3,2023-06-13
610,Karan Chopra,Female,34,5,2025-04-30
611,Riya Malhotra,Male,22,4,2025-08-11
612,Diya Agarwal,Female,40,1,2023-12-14
613,Neha Shah,Female,49,11,2025-05-30
614,Arjun Kumar,Male,20,8,2026-05-27
615,Varun Joshi,Male,45,1,2024-09-08
616,Varun Sharma,Male,29,1,2023-10-20
617,Aarav Agarwal,Male,31,1,2026-05-13
618,Priya Joshi,Male,41,1,2026-03-09
619,Rahul Kumar,Female,26,1,2024-08-06
620,Varun Verma,Male,23,2,2024-06-26
621,Riya Mishra,Female,49,11,2025-11-30
622,Sneha Mehta,Female,29,10,2023-01-01
623,Ananya Chopra,Male,23,10,2024-02-03
624,Isha Gupta,Male,40,7,2024-11-24
625,Priya Shah,Female,25,9,2025-04-15
626,Diya Gupta,Other,43,9,2025-03-13
627,Sneha Gupta,Female,20,11,2024-04-18
628,Varun Pandey,Male,35,9,2026-01-15
629,Pooja Mishra,Male,31,9,2025-04-09
630,Aditya Singh,Male,49,10,2024-11-21
631,Rohan Joshi,Female,35,6,2026-04-13
632,Nisha Agarwal,Female,48,2,2023-05-01
633,Vikram Mishra,Female,26,1,2025-06-25
634,Vikram Mehta,Female,33,4,2026-03-29
635,Rahul Joshi,Male,44,1,2025-04-25
636,Aditi Agarwal,Female,23,2,2024-12-22
637,Sneha Chopra,Male,48,1,2024-04-10
638,Karan Agarwal,Female,43,3,2023-12-13
639,Varun Malhotra,Female,40,12,2024-11-28
640,Rahul Verma,Female,26,4,2026-02-21
641,Riya Mishra,Male,44,3,2024-08-13
642,Sneha Pandey,Female,45,4,2023-06-04
643,Nisha Agarwal,Female,27,3,2024-09-09
644,Karan Verma,Male,37,8,2023-05-05
645,Aarav Singh,Male,20,7,2026-04-10
646,Rahul Agarwal,Female,31,1,2024-11-14
647,Isha Sharma,Male,22,6,2023-10-01
648,Aditya Shah,Male,36,1,2025-03-08
649,Pooja Mehta,Male,36,8,2024-11-17
650,Kabir Chopra,Male,35,12,2024-10-14
651,Varun Mishra,Male,40,11,2025-01-25
652,Vikram Mehta,Female,48,2,2026-04-01
653,Vikram Patel,Male,24,9,2025-12-29
654,Rohan Kapoor,Female,25,10,2023-12-02
655,Meera Malhotra,Male,25,11,2023-11-03
656,Priya Kumar,Male,48,3,2026-06-18
657,Aarav Kapoor,Male,21,5,2025-04-03
658,Meera Shah,Female,19,2,2023-01-25
659,Karan Joshi,Female,23,1,2024-11-07
660,Aditi Gupta,Female,43,8,2023-06-01
661,Rohan Mehta,Male,37,5,2023-02-08
662,Priya Mehta,Male,48,3,2023-08-26
663,Riya Verma,Male,24,11,2023-11-22
664,Rohan Gupta,Female,31,5,2023-04-12
665,Rohan Chopra,Male,36,12,2025-12-02
666,Aarav Mehta,Female,20,10,2024-07-13
667,Aarav Shah,Female,48,11,2024-12-05
668,Neha Singh,Female,44,9,2026-01-10
669,Ananya Verma,Female,22,1,2025-12-05
670,Isha Agarwal,Male,45,1,2025-11-14
671,Meera Mishra,Female,32,11,2023-09-08
672,Rohan Patel,Male,29,2,2025-08-09
673,Isha Singh,Female,49,4,2026-06-25
674,Pooja Gupta,Female,35,7,2023-01-10
675,Isha Joshi,Male,25,2,2026-01-13
676,Aditi Joshi,Female,44,2,2026-01-10
677,Isha Singh,Male,41,5,2025-12-10
678,Arjun Sharma,Male,24,4,2024-05-21
679,Aarav Joshi,Female,40,8,2023-09-12
680,Aditi Shah,Male,38,1,2025-07-23
681,Aditya Kapoor,Female,27,5,2025-03-06
682,Sneha Joshi,Female,32,2,2025-07-17
683,Nisha Verma,Female,45,7,2023-11-23
684,Aditya Singh,Male,23,1,2023-08-15
685,Arjun Patel,Male,41,2,2026-02-25
686,Rohan Agarwal,Female,45,10,2024-10-20
687,Rohan Mishra,Male,48,3,2025-12-23
688,Riya Mishra,Female,28,9,2026-03-28
689,Arjun Shah,Male,26,3,2024-08-09
690,Vikram Shah,Male,48,3,2023-12-02
691,Priya Shah,Female,33,3,2026-02-18
692,Meera Verma,Female,36,11,2025-07-02
693,Rahul Gupta,Female,34,4,2025-04-30
694,Varun Patel,Female,34,3,2026-05-08
695,Aditya Malhotra,Male,38,6,2023-11-11
696,Rahul Verma,Male,31,4,2024-04-05
697,Kabir Pandey,Male,30,10,2023-02-19
698,Neha Kapoor,Female,31,12,2024-05-10
699,Rahul Malhotra,Male,39,6,2024-07-24
700,Karan Gupta,Female,44,5,2024-07-31
701,Aditi Singh,Male,36,4,2023-07-12
702,Isha Gupta,Female,40,12,2025-10-30
703,Arjun Pandey,Female,31,5,2024-09-16
704,Priya Malhotra,Female,43,2,2024-07-14
705,Karan Agarwal,Male,30,12,2026-01-08
706,Neha Patel,Other,31,12,2024-09-12
707,Kabir Mehta,Male,19,5,2026-02-13
708,Kabir Kumar,Male,26,4,2023-10-11
709,Arjun Agarwal,Male,42,8,2025-12-22
710,Aarav Agarwal,Male,20,10,2026-06-16
711,Aarav Singh,Female,25,5,2025-08-16
712,Vikram Shah,Male,43,3,2026-02-13
713,Rahul Verma,Male,46,3,2025-08-03
714,Aditya Mishra,Female,31,3,2025-02-05
715,Neha Verma,Female,31,1,2025-09-02
716,Priya Singh,Female,34,9,2026-05-11
717,Ananya Pandey,Female,43,1,2025-02-11
718,Vikram Gupta,Male,33,4,2025-05-27
719,Sneha Kumar,Female,23,10,2023-04-12
720,Aditi Kumar,Male,32,4,2026-05-09
721,Ananya Singh,Male,26,3,2025-09-20
722,Nisha Chopra,Male,40,12,2023-07-26
723,Arjun Pandey,Female,22,2,2024-01-05
724,Meera Mishra,Male,38,11,2023-10-15
725,Neha Mehta,Female,22,1,2024-02-13
726,Karan Joshi,Male,50,4,2026-02-04
727,Neha Singh,Male,39,7,2024-08-15
728,Rohan Singh,Male,22,4,2024-06-20
729,Diya Gupta,Male,49,6,2025-09-21
730,Aarav Shah,Male,36,2,2024-04-18
731,Aditi Mishra,Female,38,6,2026-02-05
732,Aarav Agarwal,Female,20,2,2025-08-21
733,Rohan Joshi,Male,24,10,2023-11-25
734,Diya Joshi,Female,44,7,2025-03-15
735,Isha Joshi,Male,33,5,2024-09-08
736,Priya Malhotra,Male,38,1,2024-03-15
737,Kabir Kumar,Male,50,5,2026-03-03
738,Priya Verma,Female,32,6,2024-05-23
739,Priya Verma,Male,30,3,2023-05-30
740,Ananya Shah,Female,44,8,2024-06-05
741,Aditi Joshi,Male,20,1,2024-10-21
742,Kabir Shah,Female,33,2,2023-06-11
743,Arjun Gupta,Male,46,9,2025-08-06
744,Priya Malhotra,Female,25,2,2023-10-21
745,Pooja Singh,Female,28,3,2023-04-29
746,Ananya Singh,Male,33,8,2024-11-17
747,Nisha Sharma,Male,20,9,2023-07-25
748,Priya Verma,Female,20,1,2025-09-25
749,Ananya Mishra,Other,26,2,2023-03-29
750,Aarav Patel,Female,47,5,2024-06-19
751,Varun Kapoor,Male,25,7,2023-03-08
752,Aditi Kumar,Female,42,5,2024-05-04
753,Pooja Kumar,Male,32,7,2026-04-06
754,Karan Joshi,Male,43,9,2025-04-10
755,Sneha Gupta,Female,28,12,2024-11-14
756,Kabir Shah,Female,46,4,2023-07-20
757,Arjun Pandey,Female,30,2,2024-02-04
758,Kabir Agarwal,Female,44,3,2024-05-01
759,Priya Joshi,Male,45,2,2025-01-08
760,Kabir Gupta,Female,32,4,2023-09-23
761,Kabir Mishra,Male,40,11,2026-06-30
762,Sneha Mehta,Male,21,4,2025-04-12
763,Meera Sharma,Male,34,2,2024-02-03
764,Varun Mehta,Female,30,6,2023-05-24
765,Aditi Agarwal,Female,49,12,2025-01-29
766,Sneha Kapoor,Male,48,2,2024-07-25
767,Aditi Agarwal,Female,43,9,2025-05-10
768,Vikram Agarwal,Female,49,10,2025-01-31
769,Kabir Singh,Female,50,4,2025-03-28
770,Aditya Mishra,Female,43,7,2025-11-30
771,Karan Kumar,Male,37,5,2024-11-01
772,Diya Kapoor,Female,24,3,2025-07-14
773,Riya Sharma,Female,44,5,2024-04-03
774,Meera Shah,Female,24,1,2026-04-19
775,Diya Patel,Female,24,8,2024-06-04
776,Nisha Sharma,Male,47,10,2025-05-18
777,Priya Kumar,Male,21,3,2026-06-29
778,Riya Verma,Female,22,6,2024-03-21
779,Rahul Gupta,Male,34,3,2023-05-10
780,Riya Kapoor,Male,37,2,2023-10-23
781,Isha Mehta,Female,19,8,2023-11-08
782,Ananya Mishra,Female,30,2,2023-03-14
783,Vikram Patel,Female,25,10,2024-11-25
784,Rahul Chopra,Female,27,3,2023-12-21
785,Neha Kumar,Female,23,10,2023-05-04
786,Rohan Kapoor,Female,40,4,2023-06-24
787,Sneha Malhotra,Female,33,4,2023-12-16
788,Aditi Joshi,Male,49,9,2024-04-16
789,Vikram Shah,Female,18,6,2026-05-29
790,Karan Mehta,Male,43,2,2025-06-16
791,Meera Gupta,Male,48,11,2025-07-01
792,Aditi Chopra,Male,34,4,2025-06-02
793,Pooja Pandey,Female,41,1,2025-10-22
794,Meera Sharma,Female,32,4,2024-02-11
795,Pooja Kumar,Female,37,7,2023-05-07
796,Diya Mishra,Other,47,7,2024-10-11
797,Neha Agarwal,Female,35,10,2023-01-02
798,Diya Shah,Male,37,6,2023-10-04
799,Isha Joshi,Female,50,2,2025-08-19
800,Riya Kapoor,Female,34,3,2024-10-04
801,Ananya Patel,Female,23,1,2025-05-31
802,Priya Shah,Male,40,9,2024-10-13
803,Neha Mehta,Male,40,1,2024-11-24
804,Neha Agarwal,Female,25,7,2024-01-20
805,Priya Kumar,Male,42,7,2023-10-07
806,Nisha Malhotra,Male,20,10,2023-11-28
807,Arjun Chopra,Male,28,1,2025-10-16
808,Meera Joshi,Male,46,2,2026-06-04
809,Neha Mishra,Male,38,11,2023-04-15
810,Rohan Kumar,Other,38,7,2024-11-16
811,Ananya Kapoor,Female,38,5,2024-08-23
812,Rahul Mehta,Female,23,9,2024-12-18
813,Sneha Kumar,Male,49,11,2023-10-25
814,Isha Kumar,Male,27,3,2023-01-10
815,Diya Verma,Male,43,11,2023-09-17
816,Kabir Verma,Male,50,1,2023-08-21
817,Rohan Chopra,Male,25,12,2023-03-08
818,Arjun Kapoor,Female,38,2,2024-03-31
819,Neha Kapoor,Other,19,3,2025-05-23
820,Rohan Sharma,Female,38,1,2026-05-18
821,Nisha Patel,Male,32,10,2025-04-19
822,Kabir Gupta,Male,20,12,2023-08-12
823,Ananya Agarwal,Male,40,3,2024-04-07
824,Varun Pandey,Male,49,3,2024-01-23
825,Riya Singh,Female,20,3,2023-09-28
826,Varun Chopra,Male,47,2,2026-06-18
827,Ananya Verma,Female,45,10,2025-04-17
828,Nisha Patel,Female,36,1,2024-09-06
829,Riya Gupta,Male,47,12,2024-07-11
830,Diya Patel,Male,28,12,2024-02-11
831,Diya Chopra,Male,41,1,2024-06-16
832,Varun Mishra,Male,41,6,2025-03-21
833,Neha Singh,Female,37,12,2026-03-31
834,Pooja Malhotra,Female,45,11,2024-09-25
835,Karan Chopra,Female,46,8,2023-08-25
836,Riya Shah,Female,43,1,2026-05-07
837,Meera Kapoor,Male,37,1,2024-02-07
838,Neha Singh,Male,50,10,2023-04-17
839,Rohan Kapoor,Male,36,4,2024-11-25
840,Aditi Patel,Male,39,8,2025-10-06
841,Neha Shah,Female,24,9,2023-11-25
842,Karan Mehta,Female,28,5,2023-12-23
843,Rahul Chopra,Male,47,2,2024-01-05
844,Karan Sharma,Male,34,4,2025-10-27
845,Karan Kumar,Male,34,11,2026-05-07
846,Neha Mishra,Female,44,3,2025-12-18
847,Pooja Kapoor,Male,28,1,2023-10-16
848,Priya Kumar,Male,26,12,2025-12-20
849,Ananya Shah,Male,18,8,2024-01-31
850,Kabir Pandey,Female,25,6,2026-01-11
851,Rohan Patel,Female,34,10,2026-06-20
852,Nisha Malhotra,Female,41,4,2025-07-06
853,Neha Joshi,Male,28,12,2026-05-04
854,Rahul Kapoor,Male,32,11,2023-07-01
855,Kabir Mehta,Female,25,3,2025-04-16
856,Kabir Singh,Male,44,4,2023-03-08
857,Rahul Mishra,Male,35,3,2025-04-12
858,Pooja Mishra,Female,22,8,2024-03-11
859,Rohan Pandey,Male,38,7,2026-05-23
860,Varun Shah,Male,29,6,2024-09-24
861,Aarav Agarwal,Female,46,12,2025-08-31
862,Pooja Agarwal,Female,26,5,2024-01-22
863,Aditya Agarwal,Male,46,10,2023-04-06
864,Arjun Joshi,Male,41,8,2025-08-05
865,Vikram Kumar,Female,22,6,2023-10-11
866,Sneha Singh,Male,43,1,2025-07-11
867,Vikram Kapoor,Male,41,8,2024-08-16
868,Vikram Patel,Female,33,7,2026-05-26
869,Rohan Singh,Female,23,2,2024-03-26
870,Isha Malhotra,Other,33,10,2024-05-26
871,Priya Kumar,Male,38,5,2025-08-03
872,Diya Singh,Male,22,3,2025-09-30
873,Sneha Pandey,Female,29,10,2023-06-10
874,Diya Pandey,Female,41,4,2025-08-04
875,Meera Gupta,Male,36,7,2024-09-19
876,Priya Sharma,Female,50,7,2026-06-16
877,Aarav Mehta,Male,25,1,2025-03-16
878,Isha Agarwal,Female,43,5,2025-09-14
879,Arjun Pandey,Female,32,2,2024-03-15
880,Aditya Gupta,Male,25,2,2023-12-29
881,Sneha Agarwal,Female,49,8,2025-09-29
882,Vikram Verma,Other,38,1,2023-01-20
883,Arjun Mehta,Male,35,12,2025-01-11
884,Isha Shah,Male,27,4,2026-05-21
885,Diya Gupta,Female,47,3,2026-06-19
886,Varun Gupta,Male,18,11,2025-07-03
887,Aarav Kumar,Male,21,5,2024-09-27
888,Rahul Kapoor,Male,23,7,2025-11-03
889,Nisha Mishra,Female,39,8,2023-01-19
890,Diya Shah,Male,21,11,2025-10-09
891,Vikram Verma,Female,44,2,2023-08-31
892,Varun Gupta,Male,24,1,2025-07-28
893,Meera Agarwal,Male,40,12,2024-03-20
894,Aditya Patel,Female,44,1,2025-08-17
895,Isha Mishra,Male,46,8,2025-02-09
896,Aditya Kapoor,Male,27,7,2026-04-01
897,Isha Verma,Male,20,6,2025-10-02
898,Neha Pandey,Female,42,10,2026-03-13
899,Meera Gupta,Male,32,12,2023-07-13
900,Ananya Kumar,Male,49,1,2024-04-29
901,Karan Malhotra,Male,24,7,2024-07-12
902,Aditya Joshi,Male,36,8,2023-02-09
903,Diya Chopra,Male,21,3,2023-01-30
904,Riya Kapoor,Female,34,11,2023-02-19
905,Aarav Shah,Male,18,5,2025-09-06
906,Aarav Shah,Male,42,2,2024-07-24
907,Aarav Joshi,Female,37,11,2025-08-17
908,Arjun Verma,Female,21,12,2025-12-02
909,Sneha Chopra,Male,34,1,2023-02-16
910,Arjun Shah,Male,32,9,2025-12-18
911,Rohan Patel,Male,40,2,2023-10-16
912,Diya Kumar,Female,34,1,2024-05-31
913,Ananya Kumar,Male,33,3,2026-05-14
914,Aditya Sharma,Male,45,11,2024-01-21
915,Priya Chopra,Male,35,2,2026-04-15
916,Riya Mehta,Male,44,2,2024-10-08
917,Rohan Agarwal,Male,47,9,2023-01-18
918,Sneha Pandey,Male,45,4,2025-11-29
919,Varun Pandey,Female,49,2,2023-02-26
920,Varun Kumar,Female,41,3,2025-03-23
921,Priya Patel,Female,36,10,2024-08-08
922,Aditya Agarwal,Female,35,7,2023-06-28
923,Neha Pandey,Male,24,9,2024-10-19
924,Ananya Joshi,Female,45,1,2024-04-07
925,Aditya Mishra,Female,40,5,2023-05-06
926,Diya Gupta,Female,46,10,2024-12-10
927,Meera Mishra,Female,41,3,2023-02-25
928,Varun Verma,Male,33,2,2024-11-18
929,Rohan Gupta,Male,27,4,2023-10-16
930,Rohan Malhotra,Male,50,3,2025-11-26
931,Diya Verma,Male,42,2,2026-04-28
932,Karan Sharma,Male,46,12,2026-04-05
933,Aditya Sharma,Male,37,5,2026-04-12
934,Aditi Kumar,Male,34,7,2023-05-09
935,Nisha Agarwal,Female,19,2,2024-10-12
936,Aditi Sharma,Female,20,7,2023-10-14
937,Rohan Kapoor,Female,41,6,2023-05-04
938,Neha Pandey,Male,25,12,2024-05-15
939,Rohan Gupta,Female,20,4,2024-07-02
940,Aarav Gupta,Female,43,10,2024-01-14
941,Aditi Pandey,Female,38,3,2023-05-26
942,Diya Pandey,Female,21,7,2024-06-05
943,Meera Malhotra,Male,34,12,2023-07-18
944,Isha Pandey,Male,33,7,2023-02-22
945,Aarav Verma,Female,18,8,2024-07-30
946,Rahul Mehta,Other,37,11,2023-03-26
947,Karan Agarwal,Male,31,12,2026-05-18
948,Meera Singh,Male,46,2,2025-12-06
949,Rohan Agarwal,Male,21,2,2026-03-28
950,Aditya Joshi,Male,45,6,2023-05-11
951,Karan Agarwal,Other,18,12,2024-08-16
952,Neha Kumar,Female,43,5,2025-11-18
953,Rohan Mehta,Male,43,3,2025-01-04
954,Rahul Singh,Male,31,6,2024-01-27
955,Vikram Singh,Male,27,1,2025-11-27
956,Vikram Agarwal,Male,22,2,2024-01-30
957,Pooja Verma,Female,29,2,2026-05-28
958,Riya Verma,Female,40,1,2023-05-09
959,Rohan Gupta,Female,41,9,2025-06-20
960,Ananya Gupta,Male,23,3,2023-01-17
961,Aarav Pandey,Female,18,2,2026-03-13
962,Aditi Mehta,Female,36,6,2024-03-29
963,Sneha Shah,Male,37,3,2023-01-27
964,Nisha Gupta,Female,50,4,2025-12-02
965,Pooja Kapoor,Female,43,3,2026-05-20
966,Ananya Kumar,Female,36,1,2026-03-20
967,Varun Mehta,Male,37,8,2024-09-12
968,Ananya Mishra,Male,39,1,2023-03-20
969,Pooja Shah,Female,32,2,2023-10-18
970,Pooja Mishra,Male,40,2,2023-02-09
971,Isha Gupta,Male,24,3,2023-02-26
972,Vikram Singh,Female,45,2,2023-07-22
973,Isha Kapoor,Male,46,4,2024-12-20
974,Varun Patel,Male,32,3,2025-09-05
975,Diya Agarwal,Other,33,1,2025-01-16
976,Aarav Malhotra,Female,34,11,2023-09-19
977,Neha Malhotra,Female,44,3,2025-02-07
978,Priya Pandey,Female,23,1,2023-10-22
979,Priya Chopra,Male,29,6,2024-08-11
980,Isha Sharma,Male,38,2,2026-02-09
981,Karan Sharma,Female,40,9,2023-06-21
982,Varun Kapoor,Male,27,1,2026-01-22
983,Priya Joshi,Male,21,5,2023-12-13
984,Vikram Singh,Male,34,12,2025-05-05
985,Diya Kumar,Female,39,2,2023-11-30
986,Diya Agarwal,Male,43,2,2023-07-29
987,Arjun Pandey,Female,18,7,2024-07-29
988,Rohan Malhotra,Male,18,12,2024-05-01
989,Ananya Mehta,Female,30,4,2024-10-10
990,Riya Patel,Male,36,7,2023-10-29
991,Arjun Joshi,Male,18,2,2026-06-03
992,Ananya Patel,Female,23,7,2025-05-07
993,Isha Malhotra,Female,31,3,2025-12-09
994,Vikram Chopra,Male,27,7,2025-09-22
995,Kabir Sharma,Male,41,1,2025-07-13
996,Priya Sharma,Male,19,6,2023-07-01
997,Aarav Singh,Male,47,3,2025-01-20
998,Meera Mishra,Female,23,8,2026-02-20
999,Riya Kapoor,Male,32,9,2023-05-03
1000,Riya Gupta,Female,50,11,2024-08-14
1001,Kabir Mishra,Male,39,12,2023-08-24
1002,Aditi Joshi,Female,50,5,2025-10-12
1003,Kabir Joshi,Male,18,8,2026-04-04
1004,Kabir Shah,Male,41,1,2023-03-07
1005,Isha Sharma,Male,20,11,2025-10-20
1006,Rohan Singh,Female,38,7,2024-04-05
1007,Isha Malhotra,Female,28,5,2026-05-15
1008,Isha Gupta,Female,43,5,2023-01-19
1009,Rohan Chopra,Male,22,9,2023-09-02
1010,Aarav Singh,Male,47,10,2025-07-06
1011,Nisha Verma,Male,33,10,2025-09-21
1012,Rahul Singh,Male,35,6,2023-04-12
1013,Arjun Kumar,Female,36,4,2023-07-24
1014,Karan Gupta,Female,19,12,2024-03-07
1015,Aditi Gupta,Female,28,7,2023-02-14
1016,Sneha Pandey,Female,41,6,2025-09-25
1017,Ananya Patel,Male,49,7,2025-05-05
1018,Rohan Mehta,Male,50,7,2025-08-14
1019,Aditya Sharma,Female,35,8,2024-08-22
1020,Karan Mehta,Male,26,6,2025-03-28
1021,Rohan Singh,Male,33,11,2025-01-01
1022,Varun Kapoor,Female,33,11,2025-06-05
1023,Rahul Singh,Female,31,5,2024-07-29
1024,Kabir Mishra,Female,29,2,2025-04-11
1025,Aarav Mishra,Male,46,7,2025-04-04
1026,Sneha Verma,Female,30,7,2025-03-29
1027,Riya Verma,Male,18,6,2026-01-19
1028,Aditi Verma,Male,41,11,2024-03-22
1029,Isha Kapoor,Male,39,1,2026-01-27
1030,Rahul Verma,Female,30,3,2023-02-05
1031,Ananya Pandey,Female,38,11,2024-09-12
1032,Pooja Agarwal,Female,49,12,2024-07-18
1033,Arjun Pandey,Male,48,5,2026-01-13
1034,Sneha Joshi,Female,44,2,2023-02-28
1035,Arjun Shah,Male,37,5,2023-10-04
1036,Rahul Sharma,Female,18,5,2024-08-21
1037,Aditya Kumar,Male,34,6,2025-11-07
1038,Aditi Patel,Male,45,3,2024-08-15
1039,Isha Shah,Female,45,3,2025-03-26
1040,Aditi Malhotra,Male,43,8,2023-08-17
1041,Varun Pandey,Female,50,7,2026-04-19
1042,Varun Gupta,Male,35,8,2025-09-28
1043,Kabir Shah,Female,21,4,2023-02-24
1044,Rohan Joshi,Male,34,3,2025-06-18
1045,Karan Joshi,Male,28,4,2023-06-15
1046,Diya Shah,Male,45,12,2024-12-15
1047,Pooja Mehta,Male,43,4,2025-06-23
1048,Kabir Mehta,Female,32,7,2026-03-28
1049,Riya Malhotra,Male,30,6,2023-04-01
1050,Isha Verma,Male,23,11,2024-01-02
1051,Sneha Patel,Female,19,4,2025-05-31
1052,Aditya Gupta,Male,28,5,2023-12-01
1053,Pooja Verma,Female,25,11,2025-06-28
1054,Riya Pandey,Female,26,2,2023-08-23
1055,Aarav Malhotra,Male,50,7,2023-07-28
1056,Meera Mehta,Female,40,4,2024-11-26
1057,Sneha Kumar,Male,36,12,2025-05-29
1058,Rahul Kumar,Male,23,9,2023-09-20
1059,Kabir Kapoor,Male,45,1,2026-01-21
1060,Priya Mishra,Female,39,10,2026-01-14
1061,Kabir Mishra,Female,34,8,2023-04-14
1062,Neha Mehta,Female,33,6,2024-01-24
1063,Riya Patel,Female,36,3,2024-12-11
1064,Diya Kumar,Male,45,2,2024-09-18
1065,Pooja Malhotra,Female,41,7,2023-11-22
1066,Priya Kumar,Female,34,5,2024-11-07
1067,Diya Kapoor,Female,40,11,2026-05-14
1068,Priya Malhotra,Female,48,3,2024-01-28
1069,Priya Patel,Other,28,7,2023-10-07
1070,Pooja Mehta,Male,47,3,2025-07-31
1071,Aditi Mehta,Female,38,7,2024-12-29
1072,Karan Verma,Female,24,1,2025-06-02
1073,Rohan Gupta,Female,49,4,2025-04-05
1074,Karan Chopra,Male,40,2,2025-08-29
1075,Pooja Mehta,Female,30,7,2025-07-20
1076,Nisha Singh,Male,25,3,2025-02-12
1077,Riya Malhotra,Female,48,9,2024-08-03
1078,Riya Agarwal,Female,45,1,2024-08-10
1079,Karan Singh,Male,19,6,2023-12-05
1080,Karan Pandey,Female,38,7,2024-07-27
1081,Pooja Mishra,Male,21,1,2025-02-11
1082,Ananya Malhotra,Female,27,1,2025-07-04
1083,Arjun Chopra,Female,36,3,2025-09-14
1084,Pooja Sharma,Male,26,7,2024-04-26
1085,Sneha Shah,Female,34,12,2025-07-24
1086,Kabir Mehta,Male,32,1,2024-07-12
1087,Arjun Mishra,Female,37,8,2024-04-02
1088,Varun Malhotra,Female,44,8,2023-07-29
1089,Pooja Sharma,Male,23,8,2023-12-06
1090,Vikram Sharma,Female,44,6,2025-05-17
1091,Varun Chopra,Female,25,12,2023-10-04
1092,Varun Malhotra,Female,19,6,2023-04-09
1093,Aditi Sharma,Female,32,10,2023-12-14
1094,Rohan Agarwal,Female,27,3,2026-06-18
1095,Ananya Pandey,Female,24,10,2023-07-11
1096,Aditya Joshi,Male,31,12,2023-07-03
1097,Aditya Kumar,Male,46,11,2024-05-29
1098,Isha Sharma,Female,37,3,2024-05-04
1099,Meera Agarwal,Male,42,11,2026-03-21
1100,Varun Patel,Female,22,1,2023-10-31
1101,Nisha Mishra,Male,20,8,2024-06-16
1102,Pooja Mehta,Female,29,4,2024-01-07
1103,Nisha Malhotra,Female,43,8,2023-11-16
1104,Aditi Patel,Male,47,4,2024-02-16
1105,Sneha Gupta,Male,21,1,2023-11-25
1106,Rahul Agarwal,Male,33,3,2025-07-06
1107,Arjun Joshi,Female,31,1,2025-10-05
1108,Aditya Malhotra,Female,42,5,2023-08-14
1109,Aditya Shah,Male,24,11,2024-09-25
1110,Aditi Shah,Female,33,9,2023-12-03
1111,Riya Pandey,Male,46,10,2026-01-12
1112,Nisha Gupta,Male,33,10,2023-05-10
1113,Varun Malhotra,Male,43,4,2024-06-06
1114,Pooja Mishra,Male,38,6,2024-02-28
1115,Meera Mehta,Female,37,6,2024-04-09
1116,Arjun Verma,Female,26,1,2026-04-16
1117,Priya Pandey,Female,50,7,2024-11-21
1118,Karan Joshi,Female,26,9,2024-04-30
1119,Aditya Malhotra,Male,48,7,2025-10-28
1120,Vikram Shah,Male,50,9,2025-09-19
1121,Neha Kapoor,Female,34,1,2023-07-04
1122,Varun Kumar,Female,46,9,2024-08-12
1123,Varun Mehta,Female,41,2,2024-06-10
1124,Arjun Kumar,Female,42,11,2024-07-28
1125,Arjun Verma,Female,20,3,2024-03-21
1126,Nisha Agarwal,Female,22,5,2025-11-18
1127,Aditya Pandey,Female,20,5,2026-06-25
1128,Aditi Patel,Female,18,3,2023-02-04
1129,Neha Patel,Male,45,4,2025-12-29
1130,Neha Mishra,Male,23,2,2026-01-09
1131,Aditi Sharma,Female,18,7,2024-04-11
1132,Varun Joshi,Male,48,11,2024-09-11
1133,Karan Kumar,Female,27,3,2023-05-11
1134,Rahul Chopra,Female,44,6,2024-03-24
1135,Meera Gupta,Male,49,11,2023-11-01
1136,Vikram Chopra,Male,35,5,2026-03-04
1137,Arjun Mehta,Female,48,10,2023-05-17
1138,Riya Kapoor,Female,49,5,2024-03-10
1139,Arjun Sharma,Male,22,5,2024-09-06
1140,Meera Kumar,Female,22,2,2026-06-02
1141,Pooja Joshi,Male,30,2,2025-11-09
1142,Varun Singh,Male,36,7,2026-04-10
1143,Rahul Gupta,Male,43,10,2024-02-01
1144,Meera Gupta,Female,24,2,2023-12-09
1145,Isha Mehta,Female,24,11,2024-12-30
1146,Ananya Verma,Female,28,4,2024-03-10
1147,Karan Shah,Male,26,5,2023-01-21
1148,Ananya Kumar,Other,49,11,2025-11-03
1149,Aditya Pandey,Female,31,11,2023-05-02
1150,Rahul Shah,Male,46,6,2023-09-07
1151,Aditya Verma,Male,19,3,2026-04-19
1152,Meera Kapoor,Male,21,2,2025-07-23
1153,Pooja Mishra,Female,44,3,2025-03-31
1154,Nisha Kapoor,Male,26,10,2023-06-14
1155,Priya Kumar,Male,20,3,2023-11-17
1156,Arjun Kumar,Female,37,8,2023-09-20
1157,Priya Sharma,Female,22,2,2025-03-29
1158,Aditya Malhotra,Female,20,5,2024-10-01
1159,Priya Shah,Female,31,4,2024-04-05
1160,Isha Shah,Male,36,6,2025-08-10
1161,Sneha Sharma,Female,35,6,2025-09-20
1162,Aditya Chopra,Male,37,12,2025-08-02
1163,Karan Patel,Male,18,11,2023-05-16
1164,Karan Mishra,Other,27,8,2025-02-16
1165,Priya Sharma,Male,29,2,2023-09-26
1166,Rohan Shah,Male,27,11,2023-12-14
1167,Riya Pandey,Female,36,11,2026-06-03
1168,Varun Verma,Male,25,11,2024-06-14
1169,Diya Sharma,Male,38,5,2025-10-02
1170,Aarav Pandey,Female,48,2,2023-11-11
1171,Varun Gupta,Female,39,9,2026-05-26
1172,Neha Malhotra,Female,30,4,2023-12-20
1173,Aditi Mishra,Male,32,4,2023-08-21
1174,Nisha Malhotra,Female,37,4,2024-02-17
1175,Neha Mehta,Female,41,6,2023-08-10
1176,Riya Kumar,Male,27,3,2025-02-03
1177,Pooja Sharma,Male,19,8,2023-07-03
1178,Ananya Shah,Male,41,7,2023-09-23
1179,Diya Patel,Female,39,6,2025-06-15
1180,Riya Gupta,Male,21,1,2023-02-24
1181,Karan Patel,Female,38,12,2024-07-16
1182,Ananya Shah,Female,20,4,2025-06-03
1183,Ananya Verma,Male,39,5,2024-07-22
1184,Sneha Mishra,Female,42,5,2023-01-28
1185,Arjun Chopra,Male,18,4,2023-07-21
1186,Karan Pandey,Male,41,8,2026-05-24
1187,Arjun Shah,Female,21,1,2025-09-13
1188,Vikram Pandey,Male,26,11,2024-03-23
1189,Priya Shah,Female,41,1,2026-01-20
1190,Vikram Verma,Female,29,12,2023-01-09
1191,Varun Agarwal,Male,50,7,2023-03-02
1192,Rohan Malhotra,Male,49,1,2026-02-03
1193,Priya Malhotra,Male,50,6,2025-05-10
1194,Pooja Mishra,Female,21,3,2025-02-04
1195,Aditya Shah,Female,23,12,2024-03-15
1196,Rahul Chopra,Male,24,9,2025-11-09
1197,Riya Joshi,Female,37,6,2025-02-15
1198,Isha Kumar,Female,32,5,2024-07-09
1199,Nisha Mehta,Female,42,12,2024-04-30
1200,Diya Mehta,Male,27,8,2024-03-28
1201,Ananya Mehta,Male,24,6,2025-01-04
1202,Arjun Verma,Male,39,4,2025-04-16
1203,Neha Verma,Male,38,3,2025-10-24
1204,Meera Agarwal,Male,40,8,2024-06-02
1205,Neha Kumar,Male,28,7,2023-11-21
1206,Ananya Mishra,Male,35,11,2024-12-11
1207,Kabir Kapoor,Male,48,6,2025-01-15
1208,Aditi Sharma,Male,38,7,2023-12-21
1209,Rohan Gupta,Female,48,5,2023-04-04
1210,Nisha Singh,Female,32,9,2024-02-29
1211,Diya Shah,Male,19,4,2023-04-01
1212,Kabir Singh,Female,43,11,2023-04-15
1213,Priya Joshi,Male,33,3,2026-05-18
1214,Sneha Shah,Female,19,8,2025-09-24
1215,Nisha Shah,Female,22,11,2023-02-15
1216,Aarav Singh,Female,28,9,2024-03-21
1217,Meera Sharma,Female,24,4,2023-11-22
1218,Priya Gupta,Female,40,8,2026-05-30
1219,Varun Sharma,Female,38,2,2024-07-12
1220,Arjun Gupta,Male,28,1,2023-11-28
1221,Arjun Malhotra,Male,20,10,2025-03-21
1222,Priya Mishra,Female,20,10,2024-08-29
1223,Diya Malhotra,Male,49,1,2023-08-28
1224,Sneha Kapoor,Female,29,12,2024-01-26
1225,Riya Singh,Female,21,5,2023-06-12
1226,Karan Pandey,Male,41,11,2025-06-05
1227,Nisha Kapoor,Male,46,10,2026-05-24
1228,Sneha Pandey,Female,22,11,2025-10-29
1229,Vikram Shah,Male,49,10,2024-04-24
1230,Arjun Mehta,Female,41,12,2024-09-13
1231,Arjun Verma,Female,26,7,2023-03-19
1232,Isha Singh,Male,43,2,2024-04-13
1233,Rahul Kumar,Female,31,4,2023-02-10
1234,Vikram Shah,Female,38,9,2025-08-09
1235,Kabir Mehta,Female,22,2,2026-03-07
1236,Rohan Agarwal,Male,26,12,2023-09-02
1237,Arjun Malhotra,Female,43,2,2025-05-10
1238,Rahul Gupta,Female,44,11,2025-02-04
1239,Vikram Patel,Male,18,5,2024-06-17
1240,Ananya Kapoor,Female,25,11,2025-07-25
1241,Ananya Chopra,Female,38,12,2025-05-18
1242,Ananya Kumar,Male,47,5,2023-12-10
1243,Kabir Singh,Female,40,8,2025-10-16
1244,Riya Chopra,Female,41,2,2025-04-17
1245,Varun Gupta,Female,30,10,2024-02-04
1246,Neha Shah,Male,19,10,2025-07-27
1247,Riya Gupta,Female,43,3,2025-03-29
1248,Kabir Verma,Other,44,1,2023-05-30
1249,Meera Joshi,Female,32,5,2023-08-01
1250,Karan Joshi,Male,34,2,2024-02-18
1251,Aarav Joshi,Male,25,10,2023-02-26
1252,Varun Kumar,Female,32,3,2024-06-02
1253,Diya Shah,Male,25,12,2024-08-12
1254,Aditi Joshi,Male,31,12,2025-09-17
1255,Karan Joshi,Male,22,11,2023-08-07
1256,Varun Kumar,Female,38,7,2024-12-25
1257,Pooja Verma,Male,26,3,2025-04-28
1258,Neha Malhotra,Female,41,10,2024-07-28
1259,Aditya Singh,Female,35,8,2026-03-04
1260,Neha Kapoor,Other,47,12,2024-02-12
1261,Vikram Sharma,Female,25,4,2024-06-04
1262,Meera Shah,Male,27,1,2023-01-06
1263,Aarav Joshi,Female,26,12,2024-06-08
1264,Isha Mishra,Male,38,10,2023-01-26
1265,Diya Joshi,Other,21,2,2026-06-10
1266,Neha Sharma,Male,40,9,2023-11-04
1267,Kabir Pandey,Female,45,1,2025-11-03
1268,Neha Kapoor,Female,40,6,2023-05-30
1269,Neha Agarwal,Male,22,4,2023-12-17
1270,Varun Kumar,Female,34,4,2023-06-02
1271,Isha Kapoor,Male,35,3,2024-04-15
1272,Ananya Pandey,Male,30,3,2025-02-08
1273,Riya Kapoor,Male,33,5,2024-06-20
1274,Rohan Mehta,Male,43,3,2025-02-12
1275,Rahul Kapoor,Female,45,5,2025-10-26
1276,Riya Chopra,Female,27,7,2023-02-27
1277,Varun Shah,Male,28,8,2024-06-25
1278,Neha Mehta,Female,24,8,2025-01-28
1279,Meera Kumar,Female,31,3,2024-10-30
1280,Vikram Pandey,Female,36,1,2023-07-06
1281,Priya Joshi,Male,41,10,2023-09-21
1282,Aarav Agarwal,Female,26,11,2024-04-26
1283,Isha Kumar,Male,25,12,2025-04-11
1284,Karan Singh,Female,19,12,2026-06-17
1285,Meera Agarwal,Female,21,7,2024-04-15
1286,Rohan Verma,Female,19,11,2024-10-28
1287,Priya Gupta,Male,24,5,2024-01-27
1288,Priya Kapoor,Male,40,10,2023-02-13
1289,Arjun Agarwal,Female,43,12,2024-05-23
1290,Aditya Mishra,Male,50,10,2024-03-19
1291,Neha Patel,Male,35,4,2023-07-12
1292,Meera Verma,Female,33,4,2025-05-06
1293,Aditi Shah,Female,47,3,2023-11-27
1294,Kabir Gupta,Male,22,4,2023-10-14
1295,Diya Gupta,Male,38,10,2024-05-12
1296,Priya Patel,Female,44,8,2026-05-16
1297,Rohan Joshi,Male,34,3,2025-03-23
1298,Ananya Mishra,Male,26,8,2024-06-27
1299,Neha Agarwal,Male,38,4,2025-11-13
1300,Ananya Chopra,Male,50,6,2023-01-27
1301,Kabir Gupta,Other,25,4,2024-03-06
1302,Riya Mehta,Male,36,6,2024-11-21
1303,Riya Joshi,Male,19,9,2024-09-16
1304,Kabir Gupta,Female,25,9,2025-05-13
1305,Priya Patel,Male,43,9,2025-06-15
1306,Aditya Patel,Male,34,4,2024-08-05
1307,Priya Verma,Other,24,8,2026-04-02
1308,Neha Malhotra,Female,29,3,2026-03-31
1309,Kabir Chopra,Male,21,5,2024-08-29
1310,Arjun Verma,Male,43,7,2026-02-25
1311,Rahul Joshi,Male,49,8,2025-03-29
1312,Aditya Agarwal,Male,21,11,2023-06-27
1313,Meera Agarwal,Female,25,3,2023-06-02
1314,Arjun Pandey,Female,46,11,2023-04-13
1315,Aditya Kumar,Female,46,3,2023-09-28
1316,Rahul Pandey,Female,43,6,2024-02-03
1317,Diya Singh,Male,41,10,2023-03-30
1318,Rohan Mehta,Female,46,9,2025-02-15
1319,Ananya Gupta,Female,30,11,2024-06-09
1320,Aditya Joshi,Male,47,10,2025-02-07
1321,Rohan Mehta,Female,47,3,2024-10-04
1322,Neha Singh,Male,25,12,2023-12-13
1323,Varun Agarwal,Female,20,12,2025-02-24
1324,Ananya Patel,Female,35,5,2026-04-29
1325,Ananya Patel,Male,43,1,2024-02-09
1326,Priya Verma,Female,46,3,2024-01-28
1327,Aarav Kumar,Male,22,10,2024-10-21
1328,Neha Patel,Female,30,12,2025-10-23
1329,Nisha Mehta,Male,43,10,2024-11-09
1330,Varun Singh,Male,19,4,2025-11-28
1331,Karan Agarwal,Male,41,1,2023-04-05
1332,Aditi Mishra,Female,27,6,2023-05-06
1333,Priya Joshi,Male,18,4,2024-06-02
1334,Vikram Kapoor,Female,25,2,2023-10-24
1335,Aarav Mishra,Male,42,1,2023-01-30
1336,Vikram Shah,Male,46,2,2023-10-02
1337,Isha Kapoor,Male,20,2,2023-12-13
1338,Rahul Mishra,Male,33,9,2026-03-20
1339,Kabir Mishra,Female,24,4,2025-09-25
1340,Karan Agarwal,Male,40,5,2024-03-24
1341,Priya Kumar,Female,43,7,2026-05-08
1342,Riya Verma,Female,49,12,2025-12-04
1343,Neha Sharma,Female,29,9,2023-11-17
1344,Meera Joshi,Female,27,7,2024-09-02
1345,Isha Joshi,Female,28,9,2026-03-23
1346,Isha Kumar,Female,43,8,2024-08-06
1347,Isha Malhotra,Female,32,8,2024-04-18
1348,Riya Malhotra,Female,18,5,2026-02-27
1349,Vikram Pandey,Female,49,6,2025-04-23
1350,Pooja Verma,Male,21,5,2024-07-17
1351,Neha Singh,Female,48,4,2026-01-15
1352,Ananya Agarwal,Male,23,3,2025-08-09
1353,Aditi Pandey,Female,35,4,2024-03-20
1354,Riya Shah,Female,28,5,2024-06-25
1355,Sneha Mishra,Female,40,7,2023-03-02
1356,Arjun Mishra,Female,31,5,2023-05-11
1357,Ananya Patel,Female,30,1,2026-05-03
1358,Arjun Kumar,Female,33,3,2023-03-09
1359,Neha Patel,Male,50,4,2025-12-04
1360,Kabir Kapoor,Male,26,8,2023-09-23
1361,Vikram Shah,Male,25,3,2024-11-22
1362,Rahul Mehta,Male,20,1,2025-07-11
1363,Pooja Malhotra,Female,42,1,2026-06-19
1364,Vikram Patel,Female,40,5,2024-04-22
1365,Aditya Gupta,Female,38,2,2026-03-27
1366,Aditya Gupta,Male,18,5,2024-08-02
1367,Neha Sharma,Female,44,7,2026-01-12
1368,Vikram Shah,Male,44,12,2023-05-11
1369,Riya Kumar,Female,49,8,2023-12-09
1370,Aditi Pandey,Other,48,1,2025-03-06
1371,Aarav Chopra,Male,26,4,2025-06-20
1372,Sneha Gupta,Male,41,10,2025-10-23
1373,Neha Gupta,Male,31,3,2024-04-02
1374,Aditya Pandey,Male,37,12,2025-03-08
1375,Pooja Singh,Male,28,6,2025-03-03
1376,Varun Mishra,Male,39,1,2026-06-11
1377,Riya Gupta,Male,49,3,2023-05-30
1378,Diya Chopra,Male,39,11,2023-01-21
1379,Pooja Pandey,Male,48,12,2025-01-04
1380,Rahul Singh,Female,48,11,2023-01-21
1381,Pooja Patel,Male,21,3,2023-09-08
1382,Rohan Shah,Female,49,9,2024-09-30
1383,Meera Singh,Male,45,2,2023-12-08
1384,Aarav Kumar,Male,32,4,2023-12-07
1385,Pooja Kumar,Male,37,8,2024-03-18
1386,Sneha Singh,Female,38,12,2025-05-26
1387,Riya Agarwal,Male,43,5,2024-04-12
1388,Vikram Agarwal,Female,44,5,2025-10-09
1389,Meera Mehta,Male,21,2,2023-07-23
1390,Neha Pandey,Other,18,4,2023-05-11
1391,Kabir Singh,Male,26,1,2023-08-01
1392,Sneha Sharma,Male,35,11,2026-03-17
1393,Meera Malhotra,Female,46,1,2023-12-21
1394,Priya Shah,Male,39,8,2023-02-08
1395,Nisha Sharma,Male,22,3,2024-02-07
1396,Aditya Singh,Female,41,5,2025-05-29
1397,Nisha Joshi,Male,33,3,2024-04-07
1398,Neha Pandey,Male,30,4,2024-05-06
1399,Riya Verma,Male,43,6,2023-04-21
1400,Arjun Mehta,Male,27,7,2025-05-02
1401,Rohan Agarwal,Female,38,12,2023-10-09
1402,Ananya Mehta,Female,24,3,2023-05-05
1403,Aditya Gupta,Female,30,7,2025-07-01
1404,Ananya Gupta,Male,36,11,2026-04-11
1405,Meera Kumar,Female,38,3,2025-02-18
1406,Rahul Joshi,Female,48,11,2026-04-12
1407,Neha Pandey,Male,27,12,2024-05-28
1408,Karan Kapoor,Female,47,11,2024-10-25
1409,Neha Chopra,Female,44,6,2024-04-01
1410,Arjun Shah,Female,29,9,2024-10-12
1411,Ananya Kumar,Male,22,5,2026-02-14
1412,Sneha Kumar,Male,26,7,2025-03-21
1413,Aditya Mishra,Female,39,12,2023-02-04
1414,Aditi Singh,Female,44,3,2025-01-10
1415,Pooja Chopra,Male,38,10,2024-04-26
1416,Aditi Agarwal,Male,41,6,2024-11-25
1417,Pooja Verma,Female,21,2,2024-12-13
1418,Rahul Joshi,Male,34,7,2025-01-22
1419,Arjun Singh,Male,46,10,2026-01-11
1420,Ananya Gupta,Female,30,6,2026-01-01
1421,Rahul Kumar,Male,47,10,2026-05-25
1422,Aditya Patel,Male,22,4,2025-02-19
1423,Ananya Agarwal,Male,50,11,2023-12-31
1424,Aditya Mishra,Female,43,7,2023-09-08
1425,Karan Pandey,Male,38,10,2025-12-20
1426,Vikram Singh,Female,38,3,2026-03-13
1427,Vikram Patel,Other,48,5,2023-02-17
1428,Arjun Singh,Female,30,11,2023-10-03
1429,Diya Gupta,Female,23,1,2025-05-17
1430,Aarav Shah,Female,48,4,2023-07-30
1431,Karan Kumar,Male,21,10,2023-03-05
1432,Varun Singh,Female,39,9,2026-06-27
1433,Rahul Pandey,Female,26,11,2023-05-03
1434,Vikram Mehta,Female,48,9,2023-09-30
1435,Diya Sharma,Male,50,12,2026-06-16
1436,Aditi Gupta,Male,33,5,2023-05-08
1437,Riya Kapoor,Female,35,7,2025-10-18
1438,Rahul Agarwal,Male,33,11,2024-12-18
1439,Ananya Singh,Female,32,8,2024-11-20
1440,Priya Mishra,Male,48,1,2025-11-22
1441,Vikram Pandey,Female,27,4,2023-01-28
1442,Aditya Pandey,Female,49,6,2023-03-19
1443,Aditi Singh,Male,39,9,2023-09-07
1444,Karan Sharma,Male,49,6,2024-09-17
1445,Nisha Mishra,Female,38,9,2026-05-13
1446,Karan Patel,Male,45,10,2023-03-29
1447,Aditi Kapoor,Male,34,3,2024-06-20
1448,Karan Agarwal,Female,33,7,2024-07-01
1449,Vikram Verma,Male,26,6,2023-09-08
1450,Arjun Agarwal,Female,24,2,2024-03-15
1451,Ananya Shah,Male,19,5,2023-09-14
1452,Arjun Chopra,Male,30,6,2023-06-25
1453,Pooja Kumar,Female,50,10,2024-10-27
1454,Aditi Mishra,Male,48,5,2026-04-03
1455,Ananya Joshi,Male,40,1,2024-05-31
1456,Pooja Agarwal,Female,29,5,2025-03-21
1457,Aarav Pandey,Female,35,10,2025-05-05
1458,Ananya Agarwal,Female,42,7,2025-12-12
1459,Vikram Patel,Female,18,3,2025-11-19
1460,Rahul Verma,Male,48,12,2026-03-02
1461,Pooja Singh,Male,46,2,2025-11-06
1462,Rohan Joshi,Female,50,3,2026-04-02
1463,Sneha Joshi,Female,21,5,2026-05-18
1464,Karan Malhotra,Female,49,9,2025-08-13
1465,Nisha Mehta,Male,38,10,2024-09-21
1466,Kabir Agarwal,Male,36,1,2024-01-27
1467,Pooja Mishra,Male,23,10,2024-12-30
1468,Riya Singh,Female,34,9,2025-11-24
1469,Riya Agarwal,Female,29,11,2025-08-20
1470,Diya Chopra,Male,50,11,2024-10-26
1471,Diya Joshi,Male,29,9,2023-04-08
1472,Riya Gupta,Male,25,2,2023-12-13
1473,Rohan Agarwal,Male,49,3,2025-01-07
1474,Isha Shah,Female,24,12,2024-05-07
1475,Aarav Chopra,Female,47,7,2024-08-05
1476,Kabir Mishra,Male,49,6,2024-01-20
1477,Ananya Shah,Female,28,11,2023-04-08
1478,Priya Mehta,Other,40,11,2024-08-18
1479,Priya Kapoor,Male,44,9,2024-07-22
1480,Sneha Joshi,Male,35,11,2025-09-24
1481,Aditi Shah,Female,41,1,2023-05-24
1482,Aditya Verma,Male,22,9,2024-09-11
1483,Meera Kumar,Female,35,12,2025-12-26
1484,Vikram Mishra,Female,34,1,2023-12-09
1485,Aditi Patel,Male,36,2,2024-02-08
1486,Karan Agarwal,Male,49,10,2023-04-22
1487,Vikram Mehta,Female,45,6,2025-01-03
1488,Vikram Shah,Male,37,1,2025-12-28
1489,Isha Mishra,Female,31,3,2024-09-06
1490,Riya Patel,Female,31,3,2024-06-16
1491,Aditya Agarwal,Female,18,3,2025-08-14
1492,Aditya Mehta,Female,36,11,2024-07-18
1493,Aditya Kapoor,Female,26,8,2024-05-24
1494,Diya Kapoor,Female,47,9,2025-09-02
1495,Varun Pandey,Male,43,1,2023-12-29
1496,Varun Sharma,Male,48,5,2025-12-21
1497,Isha Singh,Male,50,3,2023-12-09
1498,Varun Chopra,Male,31,11,2024-10-14
1499,Rohan Malhotra,Male,32,12,2023-11-16
1500,Vikram Joshi,Male,38,5,2025-03-18
1501,Isha Sharma,Male,32,12,2024-07-08
1502,Isha Mehta,Male,27,1,2023-11-02
1503,Kabir Pandey,Male,41,3,2025-08-08
1504,Riya Sharma,Female,32,9,2026-04-09
1505,Kabir Mehta,Female,49,4,2023-02-05
1506,Rahul Shah,Female,25,12,2024-12-26
1507,Nisha Sharma,Female,32,2,2025-07-06
1508,Priya Agarwal,Female,35,10,2025-07-07
1509,Karan Singh,Female,47,2,2023-10-09
1510,Karan Pandey,Male,37,2,2023-05-26
1511,Aditya Agarwal,Other,20,5,2024-10-17
1512,Neha Mishra,Male,29,12,2025-03-24
1513,Diya Singh,Female,47,7,2024-01-05
1514,Karan Joshi,Female,26,7,2024-04-16
1515,Rahul Agarwal,Male,29,1,2024-11-10
1516,Riya Singh,Female,22,1,2024-07-28
1517,Riya Singh,Male,41,1,2024-09-09
1518,Rahul Sharma,Male,22,10,2025-05-21
1519,Rohan Shah,Male,30,3,2026-06-10
1520,Rahul Chopra,Male,41,3,2025-10-13
1521,Arjun Kapoor,Male,47,7,2023-01-11
1522,Priya Agarwal,Female,25,7,2024-03-22
1523,Varun Joshi,Female,28,4,2023-01-13
1524,Arjun Joshi,Male,21,1,2026-01-20
1525,Arjun Kumar,Female,32,5,2025-04-02
1526,Aditi Kapoor,Male,50,9,2023-10-07
1527,Rohan Singh,Male,28,3,2025-12-07
1528,Aarav Mishra,Female,26,8,2024-12-19
1529,Kabir Pandey,Female,31,1,2023-03-07
1530,Aditi Mehta,Male,47,11,2023-07-13
1531,Pooja Malhotra,Male,36,12,2025-10-30
1532,Arjun Gupta,Female,38,1,2024-01-05
1533,Diya Shah,Female,43,5,2024-10-31
1534,Ananya Mishra,Male,41,4,2026-02-17
1535,Sneha Mishra,Male,37,11,2024-01-05
1536,Kabir Patel,Male,36,6,2023-01-15
1537,Kabir Gupta,Female,35,7,2023-04-18
1538,Diya Singh,Female,23,2,2026-03-15
1539,Arjun Verma,Female,31,1,2025-02-05
1540,Ananya Verma,Male,45,8,2024-02-24
1541,Priya Verma,Female,19,7,2023-04-11
1542,Aditi Shah,Female,45,10,2025-06-07
1543,Aditi Verma,Male,36,11,2023-02-20
1544,Aarav Verma,Female,29,7,2023-04-28
1545,Karan Pandey,Male,21,6,2025-01-28
1546,Neha Malhotra,Male,43,11,2025-03-29
1547,Aditi Agarwal,Female,18,10,2024-12-28
1548,Aarav Kapoor,Male,35,11,2026-03-07
1549,Rahul Mishra,Other,23,12,2023-12-10
1550,Rohan Kapoor,Female,47,4,2024-12-09
1551,Rahul Joshi,Male,24,8,2024-01-26
1552,Varun Chopra,Male,44,8,2024-04-07
1553,Rahul Kumar,Female,36,2,2023-07-12
1554,Neha Mehta,Male,19,7,2025-10-10
1555,Ananya Joshi,Female,41,5,2025-06-17
1556,Aditi Gupta,Male,47,5,2025-06-29
1557,Rahul Agarwal,Male,25,2,2023-07-01
1558,Riya Singh,Female,49,9,2023-05-31
1559,Rahul Gupta,Male,44,8,2025-09-25
1560,Riya Singh,Female,42,6,2025-04-30
1561,Riya Pandey,Female,29,2,2023-02-08
1562,Sneha Patel,Male,21,6,2025-04-28
1563,Pooja Chopra,Female,32,1,2026-06-05
1564,Vikram Pandey,Female,44,3,2025-08-18
1565,Nisha Verma,Female,37,4,2023-12-21
1566,Nisha Agarwal,Male,39,11,2024-02-08
1567,Aditya Patel,Male,43,4,2025-08-18
1568,Riya Singh,Female,29,7,2024-05-27
1569,Isha Chopra,Female,19,11,2025-07-29
1570,Sneha Mishra,Female,47,5,2026-05-10
1571,Arjun Patel,Female,38,11,2024-06-01
1572,Pooja Malhotra,Female,36,2,2025-01-02
1573,Aditya Patel,Male,36,4,2024-09-17
1574,Rohan Malhotra,Female,46,1,2024-10-11
1575,Diya Kapoor,Male,43,6,2023-04-07
1576,Rahul Kapoor,Male,40,12,2026-06-14
1577,Ananya Kapoor,Female,43,8,2024-11-21
1578,Varun Gupta,Female,27,7,2023-10-21
1579,Rohan Chopra,Male,41,3,2025-01-02
1580,Vikram Chopra,Female,50,12,2024-05-23
1581,Meera Chopra,Female,25,5,2025-11-15
1582,Vikram Verma,Female,36,3,2025-08-28
1583,Riya Kumar,Female,40,12,2024-05-03
1584,Aditi Kumar,Male,35,5,2025-06-29
1585,Rahul Verma,Female,49,4,2023-02-12
1586,Pooja Singh,Male,31,1,2026-05-19
1587,Rohan Kumar,Male,25,2,2024-10-14
1588,Kabir Agarwal,Male,22,10,2025-04-15
1589,Riya Singh,Male,46,5,2025-04-03
1590,Kabir Pandey,Female,40,12,2024-02-04
1591,Isha Malhotra,Male,37,1,2025-05-30
1592,Aarav Agarwal,Female,32,7,2024-05-22
1593,Pooja Joshi,Male,31,8,2025-05-19
1594,Karan Joshi,Male,48,7,2023-04-25
1595,Aditi Kapoor,Female,40,6,2023-07-06
1596,Neha Mishra,Female,49,7,2026-03-25
1597,Varun Joshi,Female,44,8,2025-07-28
1598,Pooja Joshi,Female,43,11,2023-06-14
1599,Vikram Kapoor,Male,36,3,2023-09-30
1600,Pooja Agarwal,Female,26,5,2024-11-27
1601,Arjun Verma,Female,39,7,2023-01-08
1602,Rahul Joshi,Male,41,3,2024-05-27
1603,Sneha Joshi,Female,35,2,2024-02-22
1604,Karan Mishra,Female,18,12,2023-06-21
1605,Rohan Joshi,Female,49,2,2024-01-18
1606,Meera Joshi,Female,45,3,2024-01-10
1607,Pooja Shah,Female,29,7,2023-03-27
1608,Karan Kumar,Male,34,1,2025-03-20
1609,Meera Gupta,Other,22,1,2023-12-14
1610,Rahul Singh,Male,48,1,2023-02-09
1611,Arjun Verma,Male,25,2,2023-01-29
1612,Meera Sharma,Male,30,5,2026-05-18
1613,Vikram Kumar,Female,32,10,2023-06-01
1614,Priya Agarwal,Other,26,4,2026-03-06
1615,Karan Agarwal,Female,38,5,2023-08-01
1616,Neha Sharma,Female,50,7,2023-04-19
1617,Aditya Malhotra,Other,46,3,2024-11-27
1618,Pooja Gupta,Female,35,5,2026-01-13
1619,Arjun Shah,Male,22,4,2023-04-02
1620,Pooja Gupta,Female,46,4,2024-02-24
1621,Rahul Kapoor,Male,26,4,2025-08-19
1622,Ananya Patel,Male,48,1,2023-03-28
1623,Priya Kapoor,Male,31,11,2023-08-05
1624,Rohan Kumar,Male,35,12,2024-01-26
1625,Diya Agarwal,Female,32,11,2025-10-27
1626,Ananya Singh,Other,33,1,2025-10-29
1627,Aditya Mishra,Male,23,9,2025-06-24
1628,Varun Joshi,Female,36,7,2025-04-30
1629,Ananya Agarwal,Male,31,1,2023-02-03
1630,Isha Pandey,Male,45,12,2023-11-01
1631,Priya Shah,Male,33,9,2026-03-23
1632,Kabir Singh,Male,49,2,2025-07-07
1633,Neha Patel,Male,27,12,2023-11-04
1634,Rohan Singh,Male,28,2,2025-06-22
1635,Sneha Singh,Male,19,5,2025-07-13
1636,Vikram Malhotra,Male,42,2,2025-08-06
1637,Riya Shah,Female,20,2,2026-06-05
1638,Aarav Shah,Male,27,12,2024-11-21
1639,Arjun Joshi,Male,48,7,2023-03-18
1640,Rohan Kapoor,Female,38,3,2025-11-11
1641,Neha Pandey,Male,36,9,2023-01-20
1642,Rahul Mishra,Female,44,11,2025-03-30
1643,Rohan Singh,Male,43,11,2025-10-14
1644,Priya Joshi,Female,47,12,2023-06-10
1645,Sneha Pandey,Female,39,11,2025-10-15
1646,Aditya Patel,Female,32,7,2025-10-31
1647,Varun Kumar,Female,22,4,2025-04-15
1648,Aditya Shah,Male,30,12,2024-02-18
1649,Rahul Shah,Male,41,2,2023-09-15
1650,Varun Mishra,Male,26,2,2025-06-19
1651,Meera Agarwal,Female,40,5,2023-07-20
1652,Pooja Patel,Male,22,3,2025-05-12
1653,Aarav Patel,Male,19,7,2023-08-05
1654,Vikram Malhotra,Female,30,11,2024-03-04
1655,Aditi Malhotra,Male,25,5,2024-10-08
1656,Ananya Joshi,Male,46,6,2023-07-26
1657,Meera Kapoor,Female,30,5,2025-10-11
1658,Rahul Kumar,Male,31,8,2025-06-06
1659,Sneha Agarwal,Female,31,1,2023-01-21
1660,Kabir Mehta,Female,28,1,2025-12-20
1661,Rahul Patel,Female,48,7,2025-07-04
1662,Karan Verma,Male,42,6,2025-12-06
1663,Rahul Gupta,Male,23,4,2025-02-07
1664,Karan Pandey,Female,25,3,2025-03-11
1665,Pooja Kumar,Female,20,1,2024-05-04
1666,Aditi Singh,Female,26,8,2023-10-18
1667,Arjun Agarwal,Male,39,5,2023-10-28
1668,Pooja Malhotra,Male,48,5,2024-02-08
1669,Ananya Sharma,Male,33,11,2024-01-07
1670,Pooja Patel,Male,20,9,2025-08-21
1671,Arjun Gupta,Male,19,2,2024-10-31
1672,Diya Kapoor,Female,31,8,2024-06-08
1673,Nisha Patel,Male,26,2,2025-07-15
1674,Sneha Sharma,Female,37,2,2025-07-24
1675,Aarav Sharma,Female,21,8,2026-04-08
1676,Varun Malhotra,Male,25,2,2024-01-31
1677,Kabir Sharma,Female,36,3,2023-11-07
1678,Aarav Pandey,Female,27,11,2023-01-09
1679,Arjun Gupta,Male,30,9,2023-07-24
1680,Karan Kapoor,Male,25,12,2025-02-09
1681,Aditya Kumar,Female,19,11,2025-10-30
1682,Sneha Kumar,Female,29,3,2025-02-06
1683,Priya Verma,Female,28,7,2026-06-20
1684,Isha Pandey,Other,47,4,2025-03-12
1685,Vikram Mishra,Male,47,8,2026-02-01
1686,Arjun Sharma,Female,32,4,2023-12-09
1687,Karan Gupta,Female,27,1,2024-02-18
1688,Meera Mishra,Female,31,1,2025-11-01
1689,Rohan Malhotra,Female,38,9,2025-04-23
1690,Sneha Gupta,Female,30,1,2024-09-14
1691,Nisha Singh,Female,42,7,2026-05-05
1692,Kabir Kapoor,Male,49,11,2025-08-31
1693,Arjun Chopra,Female,31,9,2024-01-13
1694,Ananya Malhotra,Male,21,4,2025-02-19
1695,Pooja Shah,Female,21,2,2024-05-20
1696,Nisha Joshi,Female,46,12,2024-06-15
1697,Meera Patel,Female,31,6,2025-10-25
1698,Varun Joshi,Male,28,4,2025-05-17
1699,Riya Mehta,Female,38,12,2023-01-16
1700,Neha Singh,Male,49,2,2025-01-04
1701,Neha Sharma,Male,32,5,2025-04-06
1702,Arjun Mehta,Male,28,1,2024-10-14
1703,Isha Chopra,Female,46,2,2024-01-19
1704,Priya Sharma,Male,20,4,2025-04-08
1705,Rohan Kumar,Other,45,8,2026-04-25
1706,Karan Kapoor,Male,35,3,2023-04-20
1707,Aditya Kapoor,Female,18,8,2025-02-08
1708,Vikram Agarwal,Female,25,10,2026-03-08
1709,Karan Pandey,Female,40,11,2024-05-26
1710,Aditya Chopra,Female,42,1,2024-03-03
1711,Aarav Verma,Female,24,9,2023-11-13
1712,Nisha Joshi,Female,39,2,2023-10-14
1713,Vikram Kapoor,Female,50,8,2024-05-14
1714,Sneha Singh,Male,40,4,2025-09-12
1715,Ananya Sharma,Male,41,8,2023-08-21
1716,Nisha Singh,Female,24,2,2023-10-23
1717,Meera Kumar,Female,39,7,2026-06-29
1718,Ananya Kumar,Female,41,2,2026-06-25
1719,Aditi Gupta,Female,21,2,2023-10-17
1720,Arjun Pandey,Male,28,7,2024-06-20
1721,Meera Mishra,Female,47,3,2024-05-30
1722,Rahul Singh,Female,50,8,2024-01-14
1723,Vikram Mishra,Female,23,8,2023-07-15
1724,Karan Sharma,Female,42,7,2023-03-21
1725,Rohan Mishra,Female,34,9,2025-02-22
1726,Karan Shah,Female,37,10,2023-02-23
1727,Karan Sharma,Female,34,11,2025-03-03
1728,Nisha Agarwal,Male,46,1,2023-05-02
1729,Neha Shah,Female,32,7,2023-07-17
1730,Ananya Mishra,Female,37,9,2023-01-07
1731,Aditya Shah,Male,40,2,2024-05-23
1732,Ananya Malhotra,Male,36,3,2024-02-22
1733,Riya Verma,Female,47,3,2024-02-29
1734,Aditi Pandey,Male,25,7,2024-02-01
1735,Aditi Kapoor,Female,49,4,2026-04-13
1736,Varun Kapoor,Male,40,8,2024-07-03
1737,Isha Kumar,Male,49,7,2025-10-30
1738,Vikram Malhotra,Female,30,8,2023-10-25
1739,Karan Gupta,Male,33,3,2024-09-09
1740,Sneha Agarwal,Male,19,9,2023-03-22
1741,Neha Verma,Female,48,8,2023-11-27
1742,Neha Chopra,Female,44,2,2023-04-01
1743,Ananya Pandey,Male,27,2,2023-01-27
1744,Karan Joshi,Female,19,3,2023-08-21
1745,Neha Joshi,Female,40,12,2023-07-22
1746,Karan Patel,Female,40,3,2024-02-09
1747,Varun Shah,Male,35,1,2025-08-07
1748,Arjun Chopra,Male,23,2,2023-07-08
1749,Aarav Mehta,Female,48,1,2025-02-18
1750,Pooja Gupta,Female,32,4,2024-04-11
1751,Priya Singh,Male,41,10,2024-05-29
1752,Neha Kumar,Female,46,5,2026-03-23
1753,Meera Shah,Male,36,10,2024-08-16
1754,Karan Agarwal,Female,21,1,2023-12-01
1755,Aditi Singh,Female,47,5,2023-10-31
1756,Varun Pandey,Female,40,10,2023-08-04
1757,Sneha Mehta,Female,47,8,2025-10-21
1758,Ananya Pandey,Male,38,11,2025-04-28
1759,Riya Singh,Female,47,3,2023-12-08
1760,Meera Kapoor,Male,46,6,2024-09-18
1761,Isha Mishra,Female,25,8,2024-10-07
1762,Arjun Singh,Female,23,2,2023-03-02
1763,Aditi Chopra,Male,23,10,2026-03-06
1764,Vikram Shah,Male,44,3,2025-10-03
1765,Karan Gupta,Male,25,1,2024-11-14
1766,Isha Verma,Male,32,9,2025-07-02
1767,Sneha Chopra,Male,44,8,2023-05-20
1768,Nisha Mehta,Female,32,11,2026-06-02
1769,Rohan Verma,Female,20,11,2025-03-28
1770,Rahul Joshi,Female,29,3,2026-04-13
1771,Riya Agarwal,Female,21,7,2026-01-08
1772,Arjun Patel,Female,30,12,2025-01-16
1773,Karan Mehta,Male,42,3,2024-01-04
1774,Aarav Pandey,Female,35,5,2025-05-26
1775,Neha Joshi,Female,40,11,2024-10-16
1776,Rohan Pandey,Female,21,1,2024-06-06
1777,Aarav Kumar,Female,42,12,2025-06-27
1778,Kabir Shah,Female,32,5,2026-02-08
1779,Diya Kapoor,Female,27,11,2023-08-07
1780,Ananya Verma,Female,39,7,2024-12-06
1781,Priya Mishra,Male,22,8,2025-09-21
1782,Sneha Joshi,Female,34,9,2024-02-20
1783,Diya Gupta,Male,31,1,2024-03-12
1784,Diya Gupta,Male,23,7,2023-01-13
1785,Ananya Chopra,Female,49,12,2024-02-17
1786,Arjun Sharma,Male,29,12,2025-01-18
1787,Karan Patel,Other,19,12,2026-05-25
1788,Isha Gupta,Male,32,7,2024-11-01
1789,Aditya Kumar,Female,49,7,2024-01-07
1790,Sneha Kumar,Male,40,6,2025-11-02
1791,Karan Joshi,Female,39,7,2023-08-28
1792,Diya Patel,Male,47,7,2023-08-27
1793,Rahul Sharma,Male,20,1,2024-10-27
1794,Sneha Kapoor,Male,36,1,2025-11-07
1795,Rohan Mehta,Female,28,7,2023-09-29
1796,Rohan Kapoor,Other,40,3,2023-01-20
1797,Riya Verma,Other,46,3,2025-07-13
1798,Rahul Sharma,Male,20,2,2025-01-19
1799,Isha Singh,Female,23,10,2025-05-25
1800,Rohan Kumar,Male,49,12,2024-05-21
1801,Rohan Mehta,Female,34,7,2023-06-01
1802,Riya Pandey,Female,28,12,2024-02-28
1803,Aarav Mehta,Male,23,11,2024-08-22
1804,Kabir Joshi,Female,29,2,2024-07-07
1805,Aditya Malhotra,Female,18,2,2026-02-09
1806,Arjun Sharma,Male,25,2,2023-10-13
1807,Vikram Joshi,Male,24,1,2024-02-03
1808,Riya Mehta,Male,20,7,2023-08-23
1809,Nisha Kumar,Male,49,3,2024-12-29
1810,Neha Verma,Male,44,11,2025-10-25
1811,Aditi Agarwal,Female,49,7,2026-02-01
1812,Kabir Shah,Male,25,4,2023-10-18
1813,Rohan Sharma,Female,27,12,2024-07-02
1814,Pooja Kapoor,Female,27,12,2025-07-30
1815,Aditya Agarwal,Female,36,9,2023-02-28
1816,Varun Patel,Female,23,10,2025-06-27
1817,Riya Agarwal,Male,25,12,2023-06-21
1818,Karan Kapoor,Male,50,7,2023-02-12
1819,Diya Mishra,Male,29,11,2023-05-25
1820,Pooja Shah,Female,43,1,2026-01-30
1821,Neha Sharma,Female,25,6,2025-05-19
1822,Priya Kumar,Male,48,6,2025-10-05
1823,Pooja Malhotra,Male,40,1,2025-05-31
1824,Karan Gupta,Female,46,1,2025-10-13
1825,Riya Mehta,Male,35,1,2024-09-26
1826,Aditi Shah,Other,47,3,2025-10-30
1827,Ananya Sharma,Male,29,1,2023-03-14
1828,Aditi Kumar,Male,33,5,2025-01-13
1829,Arjun Pandey,Male,20,10,2025-08-22
1830,Karan Patel,Male,23,7,2026-06-22
1831,Aarav Joshi,Male,43,8,2024-04-03
1832,Ananya Shah,Female,28,1,2023-08-17
1833,Diya Joshi,Male,21,10,2025-07-08
1834,Aarav Verma,Female,27,2,2023-04-03
1835,Aditya Sharma,Male,29,3,2025-09-18
1836,Neha Shah,Male,41,6,2025-06-18
1837,Pooja Singh,Male,20,12,2025-06-01
1838,Riya Joshi,Male,18,12,2024-01-11
1839,Aarav Verma,Male,41,10,2023-06-03
1840,Karan Kumar,Male,22,9,2025-02-15
1841,Aarav Mishra,Female,31,6,2024-04-08
1842,Neha Joshi,Female,40,8,2024-05-15
1843,Pooja Shah,Female,34,2,2023-08-28
1844,Pooja Singh,Male,22,3,2024-03-01
1845,Nisha Joshi,Female,41,12,2025-11-28
1846,Neha Pandey,Female,19,12,2026-02-14
1847,Ananya Kumar,Male,25,3,2024-03-21
1848,Arjun Patel,Male,21,3,2023-07-01
1849,Rahul Pandey,Female,34,2,2023-02-13
1850,Nisha Mehta,Female,40,5,2023-08-30
1851,Rohan Joshi,Male,39,2,2023-01-13
1852,Varun Shah,Male,22,7,2025-05-02
1853,Aditya Gupta,Other,29,1,2025-03-31
1854,Neha Patel,Male,22,1,2025-09-26
1855,Ananya Sharma,Female,29,3,2024-02-29
1856,Rahul Mehta,Female,25,9,2025-11-28
1857,Meera Singh,Female,42,3,2023-08-05
1858,Neha Chopra,Female,42,5,2023-10-23
1859,Isha Gupta,Male,45,8,2026-03-15
1860,Karan Chopra,Female,24,10,2026-01-31
1861,Priya Singh,Female,18,3,2025-02-03
1862,Karan Mehta,Female,19,9,2025-02-17
1863,Rahul Mehta,Male,45,3,2025-06-13
1864,Rohan Chopra,Male,47,7,2025-11-17
1865,Isha Kumar,Male,24,5,2023-10-23
1866,Sneha Mehta,Male,46,12,2023-03-29
1867,Arjun Pandey,Female,35,12,2023-08-25
1868,Aditi Malhotra,Female,24,9,2024-03-31
1869,Diya Singh,Female,28,11,2023-10-28
1870,Aarav Mishra,Female,26,2,2024-11-01
1871,Rahul Mehta,Male,43,8,2023-06-26
1872,Neha Sharma,Male,24,2,2025-01-06
1873,Meera Joshi,Male,24,3,2025-06-26
1874,Meera Verma,Male,41,6,2023-05-07
1875,Pooja Singh,Male,27,9,2024-01-02
1876,Sneha Agarwal,Male,26,9,2024-11-18
1877,Rohan Verma,Male,44,11,2023-03-26
1878,Diya Pandey,Female,48,6,2025-04-29
1879,Varun Shah,Male,36,12,2025-08-20
1880,Aditya Kapoor,Male,45,11,2024-04-06
1881,Ananya Chopra,Male,45,11,2023-01-12
1882,Rahul Chopra,Female,37,2,2024-10-01
1883,Sneha Shah,Female,45,6,2026-01-14
1884,Isha Mehta,Male,18,9,2024-01-09
1885,Karan Gupta,Male,19,12,2025-12-20
1886,Arjun Joshi,Female,47,1,2026-01-16
1887,Kabir Joshi,Female,22,3,2023-12-25
1888,Riya Gupta,Female,42,4,2025-02-04
1889,Rahul Kapoor,Female,31,3,2023-02-23
1890,Rohan Sharma,Female,44,10,2024-12-04
1891,Aditi Mishra,Female,39,1,2026-01-28
1892,Vikram Singh,Male,20,4,2026-04-20
1893,Diya Sharma,Female,29,8,2023-09-12
1894,Varun Verma,Male,41,4,2025-04-29
1895,Riya Singh,Female,48,2,2023-03-26
1896,Rohan Patel,Male,44,7,2023-12-24
1897,Kabir Sharma,Male,47,6,2025-12-02
1898,Priya Patel,Female,49,12,2025-03-30
1899,Diya Gupta,Female,47,9,2024-05-15
1900,Varun Mehta,Male,37,12,2026-05-12
1901,Rahul Mehta,Other,29,2,2025-08-26
1902,Pooja Mehta,Male,34,9,2023-01-31
1903,Rohan Patel,Male,44,6,2023-04-13
1904,Rohan Verma,Female,32,8,2025-03-11
1905,Vikram Sharma,Male,45,5,2026-01-24
1906,Aditya Singh,Male,41,2,2023-07-20
1907,Diya Agarwal,Female,24,1,2024-11-18
1908,Meera Shah,Male,48,10,2025-11-08
1909,Priya Mishra,Male,45,10,2026-01-06
1910,Aarav Joshi,Male,37,2,2025-03-29
1911,Riya Joshi,Female,24,7,2026-06-30
1912,Varun Patel,Male,25,9,2026-04-11
1913,Aarav Agarwal,Male,45,6,2025-12-01
1914,Aditi Agarwal,Female,18,3,2025-05-05
1915,Neha Pandey,Male,33,11,2026-06-12
1916,Isha Mishra,Male,38,7,2023-01-22
1917,Ananya Kumar,Female,25,9,2023-04-25
1918,Arjun Agarwal,Female,46,8,2024-10-13
1919,Neha Pandey,Male,35,9,2025-05-06
1920,Riya Patel,Female,20,2,2026-02-27
1921,Aditi Mishra,Female,28,12,2025-05-16
1922,Isha Verma,Male,31,3,2023-10-24
1923,Varun Shah,Female,25,10,2026-03-06
1924,Rahul Agarwal,Female,49,11,2023-04-16
1925,Aarav Verma,Female,29,8,2023-05-02
1926,Diya Kapoor,Female,34,7,2025-07-08
1927,Arjun Sharma,Female,35,1,2026-05-15
1928,Sneha Agarwal,Other,25,5,2024-10-03
1929,Neha Agarwal,Female,36,7,2023-06-22
1930,Kabir Kapoor,Female,29,1,2023-03-02
1931,Karan Pandey,Female,18,1,2026-06-04
1932,Rohan Verma,Female,31,12,2023-12-24
1933,Riya Patel,Female,37,3,2025-03-27
1934,Pooja Kumar,Male,21,4,2024-02-22
1935,Nisha Sharma,Male,43,3,2023-10-01
1936,Sneha Kumar,Female,39,7,2025-05-02
1937,Isha Singh,Male,28,5,2025-08-01
1938,Pooja Mehta,Female,37,10,2024-08-25
1939,Nisha Kumar,Female,28,6,2024-10-09
1940,Aarav Mishra,Female,39,1,2024-09-14
1941,Ananya Patel,Male,23,5,2025-01-25
1942,Nisha Mishra,Female,38,1,2025-10-27
1943,Varun Kumar,Male,19,10,2025-06-26
1944,Riya Patel,Female,18,1,2023-12-22
1945,Neha Joshi,Male,26,2,2023-11-12
1946,Aditi Kumar,Female,23,5,2025-05-08
1947,Isha Singh,Female,34,2,2025-04-04
1948,Priya Joshi,Female,23,6,2024-04-14
1949,Aarav Gupta,Female,26,5,2025-12-06
1950,Riya Mehta,Male,21,12,2024-06-18
1951,Vikram Malhotra,Male,47,1,2024-03-04
1952,Meera Kumar,Male,42,7,2024-12-10
1953,Isha Pandey,Other,25,9,2023-09-04
1954,Pooja Singh,Female,21,2,2025-06-07
1955,Sneha Shah,Male,46,7,2026-02-19
1956,Aarav Agarwal,Male,40,11,2026-04-22
1957,Isha Shah,Male,47,10,2024-07-24
1958,Meera Pandey,Female,23,12,2023-12-10
1959,Ananya Gupta,Male,29,9,2024-09-03
1960,Varun Joshi,Male,21,4,2023-05-13
1961,Meera Gupta,Male,31,12,2025-05-02
1962,Aditya Pandey,Male,23,2,2024-07-01
1963,Rohan Malhotra,Male,18,7,2023-06-05
1964,Rohan Singh,Male,34,9,2024-11-29
1965,Ananya Mishra,Female,50,11,2025-07-06
1966,Varun Verma,Female,39,11,2023-10-19
1967,Priya Malhotra,Male,42,1,2024-05-31
1968,Priya Chopra,Female,44,9,2026-02-11
1969,Diya Sharma,Female,50,2,2025-06-25
1970,Rohan Malhotra,Female,22,9,2025-10-17
1971,Ananya Pandey,Female,26,8,2024-07-28
1972,Aarav Verma,Male,38,2,2024-09-22
1973,Karan Joshi,Female,45,10,2024-09-26
1974,Diya Singh,Female,43,5,2024-07-28
1975,Aditi Kapoor,Female,42,6,2023-07-04
1976,Priya Verma,Male,28,12,2023-02-22
1977,Priya Shah,Male,30,8,2025-11-28
1978,Diya Mishra,Male,20,7,2024-11-16
1979,Diya Gupta,Other,28,1,2024-11-11
1980,Diya Patel,Female,23,2,2025-01-30
1981,Arjun Malhotra,Male,48,1,2024-06-10
1982,Rohan Chopra,Female,21,3,2026-02-12
1983,Isha Kumar,Male,29,4,2024-08-23
1984,Isha Gupta,Male,47,6,2024-10-01
1985,Neha Verma,Female,49,8,2024-11-09
1986,Neha Shah,Female,30,2,2023-07-20
1987,Riya Kumar,Female,33,7,2023-08-10
1988,Rohan Mishra,Female,35,11,2023-08-18
1989,Diya Joshi,Female,45,2,2023-11-21
1990,Riya Mishra,Female,43,8,2023-07-24
1991,Varun Verma,Male,35,1,2023-10-14
1992,Nisha Verma,Female,30,6,2026-04-13
1993,Meera Mishra,Female,30,9,2024-04-05
1994,Sneha Shah,Male,39,1,2025-10-10
1995,Rohan Patel,Male,45,3,2024-05-17
1996,Rohan Mehta,Male,20,11,2025-11-19
1997,Sneha Kumar,Male,43,2,2025-08-19
1998,Neha Kumar,Female,33,9,2025-12-09
1999,Rohan Gupta,Male,22,7,2024-01-04
2000,Meera Mishra,Female,21,2,2023-05-03
2001,Nisha Singh,Male,29,9,2024-01-29
2002,Isha Chopra,Male,26,6,2025-06-15
2003,Vikram Verma,Male,21,1,2025-04-15
2004,Meera Sharma,Male,27,12,2025-06-18
2005,Arjun Kapoor,Other,45,5,2026-06-22
2006,Arjun Mehta,Male,41,9,2023-10-15
2007,Meera Kapoor,Male,24,2,2024-07-21
2008,Rahul Verma,Male,40,2,2024-09-18
2009,Riya Shah,Male,32,9,2023-07-10
2010,Nisha Agarwal,Female,42,8,2025-04-25
2011,Rahul Mishra,Female,26,3,2023-03-04
2012,Isha Gupta,Male,20,9,2026-02-19
2013,Nisha Patel,Female,28,6,2023-04-23
2014,Varun Mehta,Female,50,4,2023-05-22
2015,Nisha Malhotra,Female,36,10,2023-08-10
2016,Isha Patel,Female,19,7,2026-02-13
2017,Kabir Sharma,Male,50,6,2026-01-05
2018,Isha Mehta,Female,45,9,2026-03-23
2019,Karan Singh,Female,35,6,2025-11-30
2020,Sneha Mehta,Male,42,12,2026-03-25
2021,Ananya Gupta,Other,24,10,2024-08-25
2022,Sneha Singh,Female,37,4,2023-01-07
2023,Rohan Kapoor,Male,48,5,2024-07-13
2024,Rohan Mehta,Female,32,12,2023-10-10
2025,Aditya Mehta,Female,19,11,2023-11-09
2026,Sneha Malhotra,Female,42,2,2025-06-01
2027,Pooja Agarwal,Female,42,3,2023-08-02
2028,Aarav Mehta,Female,42,4,2024-02-15
2029,Diya Malhotra,Female,39,11,2024-05-16
2030,Diya Shah,Female,22,12,2023-03-20
2031,Diya Joshi,Male,21,10,2025-06-14
2032,Arjun Mishra,Male,44,3,2025-09-01
2033,Varun Agarwal,Female,46,11,2024-12-14
2034,Priya Sharma,Female,20,1,2023-02-06
2035,Neha Kumar,Male,37,5,2025-10-02
2036,Pooja Chopra,Female,34,4,2024-07-23
2037,Karan Shah,Female,29,6,2023-12-07
2038,Kabir Kumar,Female,39,6,2026-04-25
2039,Aarav Verma,Male,48,2,2026-01-02
2040,Rahul Malhotra,Female,45,2,2024-07-16
2041,Aarav Verma,Male,23,10,2024-07-20
2042,Neha Agarwal,Male,33,1,2026-03-10
2043,Aarav Joshi,Female,48,5,2023-09-02
2044,Aditi Chopra,Female,25,2,2024-06-06
2045,Kabir Mishra,Male,46,3,2024-12-29
2046,Meera Kapoor,Female,34,3,2024-03-18
2047,Varun Kapoor,Female,35,8,2024-02-08
2048,Rahul Agarwal,Male,26,5,2023-05-18
2049,Meera Pandey,Male,48,3,2023-12-07
2050,Karan Mishra,Female,35,10,2024-04-02
2051,Aarav Sharma,Female,36,1,2025-12-05
2052,Aditi Malhotra,Male,33,9,2024-03-06
2053,Neha Singh,Female,20,3,2023-07-25
2054,Ananya Pandey,Female,43,11,2025-12-17
2055,Riya Kapoor,Female,28,1,2024-03-25
2056,Isha Kumar,Female,25,6,2026-03-20
2057,Aarav Gupta,Male,43,7,2023-05-20
2058,Nisha Mehta,Male,24,7,2023-01-29
2059,Neha Chopra,Male,40,10,2026-03-23
2060,Rohan Singh,Female,33,1,2023-05-06
2061,Sneha Verma,Female,44,4,2023-01-11
2062,Isha Mishra,Female,19,11,2025-04-01
2063,Neha Agarwal,Male,43,11,2024-02-10
2064,Aditi Gupta,Female,25,5,2024-09-11
2065,Diya Patel,Male,46,6,2024-06-05
2066,Ananya Shah,Male,29,9,2024-01-15
2067,Ananya Chopra,Male,18,9,2024-09-06
2068,Meera Kapoor,Female,34,11,2023-11-28
2069,Aditya Patel,Male,19,11,2023-10-14
2070,Vikram Patel,Female,26,4,2023-10-14
2071,Sneha Sharma,Other,41,7,2023-06-01
2072,Aditi Chopra,Female,36,5,2024-11-02
2073,Vikram Sharma,Male,41,1,2024-12-01
2074,Nisha Sharma,Female,46,10,2023-01-23
2075,Pooja Chopra,Female,33,7,2024-08-09
2076,Pooja Shah,Male,35,1,2025-08-01
2077,Rohan Agarwal,Female,19,8,2023-01-02
2078,Aditya Joshi,Female,27,3,2024-01-19
2079,Aditya Joshi,Male,41,1,2026-05-12
2080,Nisha Kumar,Female,20,7,2024-06-29
2081,Aditi Patel,Male,29,9,2023-01-22
2082,Riya Joshi,Male,22,6,2024-11-04
2083,Meera Kumar,Female,46,1,2024-06-08
2084,Diya Malhotra,Male,36,7,2023-09-27
2085,Vikram Mishra,Male,39,1,2023-04-04
2086,Vikram Shah,Male,40,12,2026-02-02
2087,Kabir Verma,Male,25,3,2025-11-03
2088,Priya Mehta,Male,19,11,2025-05-21
2089,Aarav Gupta,Female,31,1,2023-01-23
2090,Riya Mehta,Male,24,1,2026-01-16
2091,Arjun Patel,Male,28,5,2024-08-27
2092,Diya Gupta,Female,28,9,2024-08-30
2093,Arjun Agarwal,Other,43,12,2026-01-25
2094,Kabir Joshi,Male,28,6,2024-07-06
2095,Vikram Mishra,Male,22,4,2023-10-29
2096,Kabir Sharma,Male,49,1,2023-10-30
2097,Pooja Verma,Male,19,7,2026-03-29
2098,Aarav Kumar,Male,24,4,2024-11-26
2099,Neha Verma,Female,29,11,2025-01-09
2100,Diya Singh,Female,20,5,2025-01-27
2101,Priya Shah,Male,47,9,2023-10-09
2102,Rohan Singh,Female,29,11,2024-06-20
2103,Arjun Gupta,Male,43,1,2026-04-30
2104,Arjun Malhotra,Male,22,5,2023-07-05
2105,Rahul Joshi,Male,35,11,2026-04-29
2106,Kabir Malhotra,Male,22,5,2023-12-15
2107,Ananya Mehta,Female,25,6,2024-01-13
2108,Rohan Pandey,Male,31,11,2023-01-19
2109,Rohan Gupta,Female,46,3,2025-04-27
2110,Neha Kumar,Male,28,11,2024-02-12
2111,Aditi Chopra,Female,42,4,2024-08-09
2112,Aditya Mishra,Female,21,7,2025-01-11
2113,Kabir Mehta,Female,26,3,2025-03-20
2114,Meera Malhotra,Male,37,6,2026-05-05
2115,Sneha Verma,Female,33,1,2024-12-10
2116,Rohan Gupta,Female,34,1,2023-08-16
2117,Sneha Verma,Male,40,4,2025-06-17
2118,Karan Chopra,Female,20,3,2023-03-12
2119,Varun Patel,Male,40,7,2025-12-13
2120,Aarav Chopra,Male,46,1,2024-01-14
2121,Aarav Sharma,Female,43,2,2025-07-11
2122,Pooja Pandey,Male,27,2,2023-07-20
2123,Neha Pandey,Male,29,5,2024-06-03
2124,Aditi Verma,Male,49,3,2025-06-07
2125,Rohan Sharma,Male,44,2,2025-03-04
2126,Nisha Sharma,Male,48,7,2023-01-08
2127,Karan Pandey,Male,48,9,2023-02-14
2128,Neha Singh,Female,32,8,2026-06-06
2129,Isha Malhotra,Female,22,3,2024-11-06
2130,Riya Kumar,Female,25,11,2025-12-28
2131,Diya Agarwal,Male,27,7,2023-04-03
2132,Nisha Joshi,Female,45,7,2024-09-18
2133,Aarav Joshi,Male,27,2,2025-01-05
2134,Nisha Shah,Male,29,3,2026-03-22
2135,Rahul Gupta,Female,46,5,2025-06-26
2136,Meera Pandey,Male,23,3,2025-03-13
2137,Varun Sharma,Female,39,8,2024-01-10
2138,Diya Joshi,Female,36,3,2026-06-23
2139,Aditi Mishra,Female,50,2,2024-02-23
2140,Arjun Kapoor,Male,34,2,2023-12-22
2141,Varun Chopra,Male,35,2,2025-07-13
2142,Riya Singh,Male,46,5,2026-06-27
2143,Kabir Kumar,Female,50,1,2025-12-30
2144,Aditi Mehta,Female,42,6,2023-08-19
2145,Rohan Joshi,Female,41,3,2025-11-07
2146,Diya Kumar,Male,46,6,2024-03-27
2147,Rahul Patel,Female,50,12,2023-10-11
2148,Sneha Patel,Female,42,11,2026-04-09
2149,Riya Singh,Female,27,7,2026-04-27
2150,Nisha Mehta,Female,39,4,2024-04-18
2151,Aarav Gupta,Male,25,8,2023-02-03
2152,Kabir Mishra,Male,34,12,2023-09-25
2153,Aditya Kapoor,Female,32,5,2024-11-22
2154,Meera Gupta,Male,50,1,2023-03-17
2155,Isha Chopra,Male,36,9,2023-10-18
2156,Pooja Pandey,Male,49,1,2023-07-10
2157,Aditi Singh,Male,44,9,2026-04-30
2158,Rahul Gupta,Female,46,1,2024-03-29
2159,Meera Sharma,Male,23,1,2024-04-30
2160,Arjun Sharma,Male,43,10,2024-06-21
2161,Diya Agarwal,Female,26,8,2023-01-17
2162,Ananya Shah,Female,37,6,2024-11-23
2163,Diya Sharma,Male,34,10,2026-03-11
2164,Rohan Agarwal,Male,26,11,2025-11-04
2165,Arjun Verma,Male,50,5,2023-11-17
2166,Kabir Malhotra,Male,46,12,2023-01-18
2167,Rohan Agarwal,Male,36,4,2025-09-14
2168,Kabir Mehta,Male,18,2,2025-12-10
2169,Meera Sharma,Female,24,11,2026-03-23
2170,Rohan Malhotra,Female,25,4,2025-01-07
2171,Ananya Shah,Female,50,11,2024-08-27
2172,Pooja Singh,Male,31,1,2025-08-24
2173,Priya Gupta,Male,19,1,2025-05-31
2174,Karan Verma,Other,37,1,2025-08-24
2175,Priya Malhotra,Female,49,7,2023-12-30
2176,Vikram Malhotra,Female,36,10,2026-02-27
2177,Aditya Agarwal,Male,32,4,2023-02-17
2178,Sneha Agarwal,Male,23,1,2023-04-30
2179,Isha Mishra,Female,47,4,2025-04-16
2180,Priya Pandey,Female,21,4,2024-12-30
2181,Aditya Singh,Male,48,7,2024-12-08
2182,Karan Malhotra,Female,25,8,2026-03-06
2183,Neha Patel,Female,22,1,2026-01-17
2184,Nisha Patel,Female,29,5,2025-07-07
2185,Karan Mishra,Male,18,7,2023-07-30
2186,Karan Chopra,Female,18,3,2023-05-04
2187,Varun Shah,Female,24,4,2023-06-28
2188,Isha Kumar,Male,40,7,2025-02-23
2189,Ananya Malhotra,Female,44,4,2025-06-29
2190,Varun Joshi,Female,26,1,2025-10-18
2191,Rohan Verma,Female,39,2,2023-05-12
2192,Priya Singh,Male,29,9,2023-12-17
2193,Pooja Joshi,Female,32,3,2024-03-07
2194,Arjun Verma,Male,29,10,2025-03-18
2195,Nisha Mishra,Male,47,5,2023-03-01
2196,Riya Verma,Male,34,5,2025-12-09
2197,Aditi Gupta,Male,34,9,2023-04-13
2198,Riya Agarwal,Male,46,4,2024-10-30
2199,Kabir Verma,Female,39,3,2026-04-06
2200,Ananya Mishra,Female,22,1,2023-09-05
2201,Varun Chopra,Male,24,8,2025-05-27
2202,Arjun Verma,Other,29,5,2024-12-02
2203,Aditi Chopra,Male,21,10,2025-11-12
2204,Kabir Kapoor,Female,40,5,2025-01-20
2205,Diya Agarwal,Female,34,4,2025-12-19
2206,Aditi Pandey,Female,19,3,2024-05-29
2207,Nisha Chopra,Female,31,2,2023-07-29
2208,Nisha Malhotra,Female,45,10,2025-05-17
2209,Isha Patel,Male,47,1,2026-05-20
2210,Varun Chopra,Male,49,11,2024-07-07
2211,Ananya Shah,Male,48,1,2025-11-13
2212,Aditi Malhotra,Male,38,6,2026-01-25
2213,Ananya Kapoor,Male,48,1,2025-04-04
2214,Rahul Kumar,Male,49,9,2025-10-07
2215,Sneha Agarwal,Female,38,2,2024-12-19
2216,Priya Shah,Female,31,6,2025-10-24
2217,Isha Gupta,Female,49,11,2024-03-05
2218,Aarav Singh,Female,31,7,2024-11-02
2219,Sneha Malhotra,Male,23,2,2023-04-10
2220,Rohan Joshi,Male,21,10,2023-09-08
2221,Kabir Malhotra,Female,36,5,2025-01-09
2222,Aditi Sharma,Female,19,1,2025-07-14
2223,Isha Kumar,Male,21,5,2023-02-08
2224,Nisha Malhotra,Male,26,10,2023-03-30
2225,Riya Malhotra,Female,35,5,2023-01-09
2226,Rohan Kapoor,Male,33,9,2024-10-22
2227,Vikram Chopra,Male,34,8,2024-03-04
2228,Ananya Kapoor,Male,34,5,2023-03-09
2229,Diya Agarwal,Female,50,3,2025-10-10
2230,Riya Kapoor,Female,25,9,2024-11-05
2231,Varun Malhotra,Female,33,4,2023-01-13
2232,Aarav Kapoor,Female,38,2,2025-05-25
2233,Riya Verma,Female,27,3,2026-03-09
2234,Arjun Patel,Male,23,11,2024-06-19
2235,Kabir Joshi,Female,19,3,2026-04-27
2236,Pooja Mishra,Female,28,3,2024-06-16
2237,Meera Chopra,Female,26,2,2023-04-09
2238,Rohan Verma,Male,24,1,2023-06-06
2239,Priya Malhotra,Female,26,12,2023-03-27
2240,Ananya Singh,Female,40,6,2024-01-21
2241,Aarav Agarwal,Male,45,9,2024-05-06
2242,Nisha Pandey,Male,35,9,2024-07-21
2243,Priya Malhotra,Male,20,4,2024-09-05
2244,Pooja Malhotra,Female,42,10,2026-01-07
2245,Diya Mehta,Female,23,12,2023-01-15
2246,Neha Kumar,Male,19,9,2026-02-20
2247,Kabir Pandey,Female,36,8,2023-11-02
2248,Aarav Chopra,Male,32,5,2026-05-02
2249,Priya Joshi,Male,28,11,2023-06-22
2250,Diya Mehta,Male,49,1,2023-05-09
2251,Rohan Sharma,Female,21,9,2023-06-05
2252,Riya Gupta,Female,19,4,2024-01-14
2253,Priya Gupta,Male,37,6,2026-04-17
2254,Ananya Mehta,Male,31,11,2024-08-14
2255,Varun Shah,Female,44,7,2023-07-31
2256,Priya Joshi,Female,19,1,2025-03-30
2257,Pooja Singh,Female,31,9,2024-10-10
2258,Varun Verma,Female,22,12,2025-06-16
2259,Aditya Mehta,Female,19,7,2025-08-04
2260,Aarav Pandey,Male,33,11,2025-09-30
2261,Nisha Mehta,Female,42,10,2023-07-13
2262,Kabir Agarwal,Male,23,11,2024-09-25
2263,Kabir Pandey,Male,45,4,2025-03-16
2264,Meera Verma,Male,35,5,2024-12-11
2265,Varun Kapoor,Male,33,11,2026-05-26
2266,Varun Shah,Female,48,11,2026-05-11
2267,Ananya Kumar,Other,28,2,2025-11-02
2268,Ananya Sharma,Female,24,2,2023-11-03
2269,Pooja Mishra,Male,43,4,2024-11-06
2270,Varun Mishra,Female,21,9,2025-10-23
2271,Vikram Joshi,Female,46,11,2023-12-09
2272,Pooja Malhotra,Male,45,7,2025-06-27
2273,Vikram Singh,Female,50,1,2023-11-15
2274,Neha Pandey,Female,33,3,2023-06-28
2275,Sneha Joshi,Male,38,11,2023-11-03
2276,Ananya Sharma,Female,47,4,2026-03-29
2277,Vikram Chopra,Female,22,1,2026-06-25
2278,Riya Shah,Male,28,3,2025-12-28
2279,Isha Pandey,Male,33,10,2023-12-13
2280,Neha Patel,Female,38,5,2025-09-22
2281,Kabir Sharma,Female,40,2,2023-10-06
2282,Meera Shah,Female,48,3,2023-06-11
2283,Sneha Shah,Female,34,12,2023-11-27
2284,Aditi Joshi,Female,23,5,2023-06-28
2285,Riya Kapoor,Female,24,5,2025-03-28
2286,Nisha Kumar,Female,44,2,2025-05-22
2287,Sneha Kumar,Female,33,3,2023-02-15
2288,Nisha Verma,Male,38,10,2023-05-17
2289,Diya Verma,Female,36,10,2024-09-03
2290,Neha Singh,Female,44,5,2023-05-25
2291,Rohan Pandey,Female,25,11,2025-11-23
2292,Priya Gupta,Female,23,4,2024-05-26
2293,Aarav Singh,Female,42,11,2024-06-11
2294,Varun Malhotra,Male,32,1,2023-01-07
2295,Pooja Singh,Male,44,4,2025-06-14
2296,Priya Gupta,Male,22,11,2025-07-10
2297,Priya Malhotra,Male,26,11,2025-08-23
2298,Kabir Mehta,Male,49,9,2024-11-20
2299,Riya Kapoor,Male,45,8,2023-12-11
2300,Diya Mishra,Male,20,10,2023-04-10
2301,Rahul Gupta,Male,44,8,2024-02-07
2302,Pooja Mishra,Female,20,3,2024-11-25
2303,Aarav Mishra,Female,21,5,2023-05-29
2304,Varun Pandey,Male,47,8,2023-03-11
2305,Diya Kapoor,Male,22,7,2023-10-05
2306,Karan Kapoor,Male,27,11,2023-04-01
2307,Vikram Kapoor,Male,22,5,2023-01-19
2308,Karan Chopra,Male,37,2,2024-09-11
2309,Karan Sharma,Male,19,2,2025-08-09
2310,Aarav Shah,Male,27,11,2024-09-30
2311,Varun Malhotra,Female,28,1,2023-04-27
2312,Ananya Agarwal,Female,39,11,2024-03-08
2313,Arjun Mehta,Female,34,1,2023-02-15
2314,Rohan Sharma,Male,24,4,2025-03-05
2315,Kabir Joshi,Male,33,10,2023-10-25
2316,Rohan Joshi,Female,33,4,2024-05-09
2317,Aarav Kumar,Male,29,10,2026-02-25
2318,Karan Mehta,Female,35,1,2025-01-19
2319,Kabir Singh,Other,28,6,2025-09-03
2320,Arjun Joshi,Female,29,7,2024-03-22
2321,Nisha Mehta,Male,43,11,2026-04-03
2322,Aarav Shah,Female,26,1,2025-07-02
2323,Rahul Gupta,Male,28,3,2024-10-20
2324,Vikram Patel,Male,22,8,2025-01-09
2325,Varun Patel,Male,41,12,2025-03-06
2326,Meera Malhotra,Female,41,11,2023-07-24
2327,Aditya Joshi,Female,40,11,2023-11-18
2328,Arjun Kapoor,Male,23,6,2025-05-26
2329,Riya Shah,Male,32,6,2024-07-16
2330,Rohan Patel,Female,27,11,2025-09-28
2331,Karan Chopra,Female,43,11,2024-11-02
2332,Pooja Sharma,Male,29,10,2023-03-26
2333,Aditya Singh,Male,31,10,2025-04-28
2334,Diya Kumar,Female,32,11,2025-02-17
2335,Nisha Sharma,Female,43,1,2024-04-10
2336,Kabir Kapoor,Female,41,3,2025-10-06
2337,Vikram Chopra,Male,45,12,2024-03-23
2338,Arjun Agarwal,Male,32,6,2023-05-27
2339,Aditya Joshi,Male,45,2,2023-06-04
2340,Sneha Kapoor,Male,46,6,2026-02-25
2341,Rohan Mehta,Female,35,7,2024-04-25
2342,Isha Sharma,Male,40,10,2024-06-13
2343,Neha Verma,Female,48,10,2024-01-26
2344,Isha Kapoor,Female,45,1,2025-07-31
2345,Aditi Shah,Other,27,5,2025-02-12
2346,Priya Sharma,Female,41,1,2026-02-22
2347,Sneha Malhotra,Female,32,11,2026-02-16
2348,Vikram Agarwal,Male,22,2,2026-06-17
2349,Isha Pandey,Male,30,7,2024-02-25
2350,Priya Malhotra,Male,50,7,2025-01-15
2351,Ananya Kapoor,Other,49,7,2024-03-18
2352,Diya Chopra,Female,43,6,2025-06-18
2353,Kabir Pandey,Male,50,8,2025-08-13
2354,Varun Verma,Male,36,7,2023-11-18
2355,Arjun Mishra,Male,42,1,2026-01-02
2356,Priya Sharma,Male,23,4,2024-01-06
2357,Diya Pandey,Female,27,6,2026-06-09
2358,Priya Verma,Male,23,3,2025-12-22
2359,Neha Gupta,Female,48,9,2023-01-24
2360,Priya Sharma,Female,38,3,2024-05-23
2361,Vikram Kumar,Male,48,10,2024-05-10
2362,Nisha Mehta,Male,31,2,2025-11-16
2363,Aditya Gupta,Other,31,9,2025-07-14
2364,Aditya Kumar,Female,40,2,2023-03-06
2365,Aditi Kumar,Male,36,6,2025-12-09
2366,Nisha Agarwal,Male,30,3,2023-10-06
2367,Vikram Mishra,Female,28,7,2024-04-17
2368,Riya Kapoor,Female,34,2,2023-08-06
2369,Nisha Verma,Female,20,10,2023-07-21
2370,Kabir Patel,Female,24,7,2024-11-04
2371,Neha Mishra,Female,19,12,2023-04-19
2372,Isha Verma,Male,23,8,2023-04-13
2373,Priya Kumar,Female,24,7,2025-09-30
2374,Varun Shah,Male,20,10,2024-03-15
2375,Meera Shah,Female,19,2,2025-04-07
2376,Rahul Kumar,Other,45,7,2026-06-13
2377,Kabir Chopra,Other,24,4,2023-03-06
2378,Karan Kumar,Female,36,9,2025-10-11
2379,Neha Agarwal,Female,21,1,2023-05-21
2380,Isha Sharma,Female,49,5,2025-08-29
2381,Arjun Gupta,Other,25,8,2024-01-26
2382,Isha Kapoor,Female,42,5,2023-06-22
2383,Kabir Singh,Male,39,3,2023-10-20
2384,Riya Kapoor,Male,43,5,2024-04-10
2385,Aditi Mehta,Female,38,11,2025-07-20
2386,Rohan Mishra,Female,34,2,2025-05-19
2387,Varun Pandey,Female,43,4,2025-07-19
2388,Karan Joshi,Female,44,12,2023-01-28
2389,Rohan Agarwal,Male,30,11,2026-05-30
2390,Aditi Patel,Male,49,1,2024-07-08
2391,Arjun Joshi,Female,50,6,2023-05-23
2392,Diya Gupta,Male,41,1,2026-03-31
2393,Priya Pandey,Female,48,12,2025-10-09
2394,Meera Pandey,Female,21,5,2023-04-16
2395,Varun Mishra,Female,35,4,2024-07-11
2396,Priya Mishra,Male,39,3,2026-03-03
2397,Varun Shah,Female,48,6,2025-05-21
2398,Priya Singh,Male,21,2,2023-09-06
2399,Meera Mishra,Male,44,10,2025-06-13
2400,Varun Malhotra,Male,20,5,2023-08-30
2401,Arjun Kumar,Male,29,6,2024-03-25
2402,Neha Malhotra,Female,40,11,2023-09-07
2403,Rohan Mehta,Female,27,2,2025-06-04
2404,Aditi Patel,Male,45,2,2026-04-04
2405,Sneha Singh,Female,48,5,2023-02-26
2406,Pooja Verma,Female,23,10,2025-02-09
2407,Meera Joshi,Female,26,1,2023-11-14
2408,Kabir Mishra,Female,20,10,2025-08-16
2409,Karan Kapoor,Female,41,6,2023-06-27
2410,Sneha Joshi,Male,47,6,2024-04-12
2411,Ananya Kumar,Male,37,6,2023-09-20
2412,Aditya Kumar,Female,22,1,2026-01-20
2413,Vikram Singh,Female,23,3,2023-04-16
2414,Aditya Pandey,Female,19,9,2025-01-13
2415,Priya Gupta,Male,34,4,2023-06-03
2416,Neha Chopra,Male,41,6,2025-02-04
2417,Kabir Agarwal,Female,22,12,2025-09-07
2418,Pooja Malhotra,Male,45,1,2025-08-18
2419,Diya Pandey,Female,26,5,2023-02-12
2420,Diya Patel,Female,34,4,2025-09-14
2421,Kabir Mishra,Male,40,1,2024-01-15
2422,Rohan Chopra,Male,35,12,2025-05-20
2423,Varun Agarwal,Male,33,12,2026-05-15
2424,Aarav Kapoor,Male,29,3,2023-06-01
2425,Ananya Pandey,Female,32,12,2024-04-08
2426,Aditi Shah,Female,25,1,2026-01-11
2427,Ananya Kumar,Male,27,12,2023-06-30
2428,Aditya Pandey,Female,42,10,2023-11-30
2429,Priya Agarwal,Male,47,2,2024-12-02
2430,Aditi Kumar,Male,46,7,2026-06-26
2431,Varun Mishra,Female,28,10,2024-01-12
2432,Aditya Mehta,Female,28,3,2024-05-07
2433,Rahul Malhotra,Female,19,4,2025-10-13
2434,Karan Verma,Male,27,7,2023-06-03
2435,Riya Singh,Female,37,2,2024-02-23
2436,Rohan Pandey,Male,26,1,2024-02-08
2437,Sneha Mehta,Other,42,3,2024-05-27
2438,Varun Mehta,Female,19,9,2025-01-02
2439,Meera Singh,Female,31,4,2023-10-11
2440,Ananya Joshi,Male,27,6,2024-05-14
2441,Meera Pandey,Male,34,2,2026-03-16
2442,Priya Mishra,Female,18,2,2025-11-24
2443,Vikram Verma,Male,31,8,2026-05-06
2444,Neha Malhotra,Female,44,1,2025-05-21
2445,Priya Joshi,Female,46,8,2025-01-13
2446,Rohan Kapoor,Other,26,4,2023-09-30
2447,Meera Kumar,Male,32,8,2023-07-22
2448,Diya Mehta,Female,40,4,2024-11-19
2449,Isha Joshi,Male,33,11,2024-06-01
2450,Rohan Malhotra,Male,35,1,2025-10-02
2451,Aditya Joshi,Female,29,11,2023-01-13
2452,Arjun Joshi,Male,45,3,2026-02-12
2453,Riya Pandey,Female,38,1,2023-08-06
2454,Sneha Agarwal,Female,49,6,2024-05-19
2455,Aditi Mehta,Other,43,2,2024-03-30
2456,Sneha Pandey,Other,30,5,2026-03-26
2457,Meera Pandey,Female,28,10,2025-07-08
2458,Diya Gupta,Male,20,10,2023-02-15
2459,Aditi Malhotra,Female,38,7,2025-12-25
2460,Sneha Patel,Male,42,12,2025-05-14
2461,Riya Agarwal,Female,29,5,2023-03-28
2462,Priya Singh,Female,18,1,2025-09-25
2463,Neha Chopra,Female,45,10,2023-02-13
2464,Ananya Singh,Male,25,2,2024-06-26
2465,Isha Joshi,Male,37,2,2023-07-26
2466,Ananya Shah,Male,19,1,2023-01-15
2467,Priya Mehta,Male,20,3,2024-12-15
2468,Aditi Mishra,Male,47,3,2025-05-27
2469,Aditya Shah,Male,40,3,2024-09-04
2470,Isha Mishra,Male,18,7,2024-03-13
2471,Ananya Gupta,Female,21,9,2024-10-17
2472,Kabir Pandey,Male,34,12,2023-07-13
2473,Karan Sharma,Female,40,1,2023-03-05
2474,Varun Mehta,Male,31,2,2023-07-20
2475,Varun Mishra,Female,46,7,2023-03-11
2476,Nisha Chopra,Male,39,1,2025-09-09
2477,Sneha Joshi,Female,38,4,2025-02-16
2478,Aarav Mehta,Female,27,7,2023-08-28
2479,Neha Pandey,Female,40,10,2024-12-28
2480,Meera Chopra,Male,46,2,2024-09-10
2481,Aarav Joshi,Female,19,8,2023-05-23
2482,Karan Mishra,Male,42,7,2026-05-24
2483,Rohan Singh,Male,47,11,2026-04-12
2484,Priya Gupta,Male,32,3,2025-08-27
2485,Meera Kapoor,Female,43,9,2025-10-29
2486,Kabir Shah,Male,29,9,2024-11-29
2487,Aditi Singh,Female,24,3,2025-10-23
2488,Rohan Singh,Male,44,7,2024-11-05
2489,Kabir Gupta,Male,28,8,2023-08-01
2490,Aarav Pandey,Male,42,3,2023-08-02
2491,Pooja Singh,Male,28,5,2025-12-26
2492,Rohan Joshi,Female,31,5,2024-07-24
2493,Karan Shah,Female,40,9,2025-07-20
2494,Rahul Sharma,Female,29,1,2023-07-05
2495,Rahul Malhotra,Male,44,6,2024-07-25
2496,Karan Joshi,Male,19,2,2023-04-17
2497,Varun Pandey,Female,18,7,2023-10-09
2498,Diya Mehta,Male,20,8,2023-05-20
2499,Sneha Kumar,Male,26,6,2023-09-23
2500,Rahul Gupta,Female,19,6,2025-02-13
2501,Diya Agarwal,Male,30,3,2023-01-07
2502,Kabir Agarwal,Male,18,3,2023-09-05
2503,Rohan Gupta,Male,42,9,2025-06-01
2504,Ananya Mehta,Female,23,2,2023-07-10
2505,Karan Mishra,Male,50,9,2024-12-10
2506,Nisha Sharma,Female,46,8,2026-01-12
2507,Neha Patel,Male,40,11,2025-09-23
2508,Ananya Malhotra,Male,44,3,2023-06-05
2509,Aarav Mehta,Male,43,6,2023-07-08
2510,Meera Patel,Female,45,1,2025-06-20
2511,Meera Kumar,Male,36,11,2024-03-18
2512,Riya Gupta,Female,38,8,2024-06-16
2513,Aditi Joshi,Male,33,7,2024-08-31
2514,Diya Chopra,Male,38,9,2025-01-09
2515,Aditi Malhotra,Male,30,3,2024-07-27
2516,Pooja Verma,Female,22,7,2023-01-30
2517,Rohan Pandey,Male,48,10,2023-05-01
2518,Karan Gupta,Female,41,1,2023-01-01
2519,Aditya Agarwal,Female,41,12,2023-12-05
2520,Nisha Mehta,Female,27,11,2025-11-09
2521,Isha Agarwal,Female,43,12,2026-05-25
2522,Ananya Singh,Female,35,10,2024-08-30
2523,Riya Gupta,Female,20,3,2023-02-04
2524,Riya Joshi,Male,49,7,2023-04-02
2525,Pooja Sharma,Female,50,2,2025-11-06
2526,Varun Singh,Female,46,9,2024-03-14
2527,Aarav Chopra,Male,33,2,2026-01-30
2528,Karan Pandey,Female,25,11,2024-10-08
2529,Arjun Verma,Female,18,3,2026-01-27
2530,Meera Mishra,Male,42,2,2023-06-23
2531,Rahul Agarwal,Female,47,1,2025-12-31
2532,Varun Mishra,Male,21,8,2024-11-28
2533,Karan Chopra,Male,40,2,2024-07-12
2534,Karan Chopra,Male,18,2,2024-11-06
2535,Meera Joshi,Female,43,2,2024-02-22
2536,Rahul Kapoor,Male,18,3,2025-02-08
2537,Riya Mishra,Female,50,12,2025-09-10
2538,Vikram Verma,Male,23,5,2025-10-31
2539,Meera Patel,Male,31,3,2026-06-03
2540,Aarav Verma,Female,40,2,2024-06-11
2541,Meera Shah,Male,45,1,2025-09-08
2542,Karan Kumar,Female,29,4,2026-02-08
2543,Aditi Chopra,Male,50,1,2023-01-23
2544,Aditi Pandey,Other,18,1,2024-08-29
2545,Kabir Shah,Female,33,1,2025-06-13
2546,Diya Gupta,Male,50,3,2024-08-06
2547,Diya Agarwal,Male,27,9,2023-05-08
2548,Aditya Mishra,Male,35,1,2025-04-17
2549,Ananya Sharma,Female,32,8,2024-06-02
2550,Aditya Agarwal,Female,30,7,2025-02-27
2551,Vikram Mehta,Male,43,11,2023-01-02
2552,Sneha Kapoor,Male,35,2,2023-01-15
2553,Meera Joshi,Female,41,10,2025-02-08
2554,Arjun Singh,Male,35,11,2026-06-08
2555,Karan Gupta,Female,50,12,2025-03-27
2556,Isha Verma,Female,33,10,2026-04-18
2557,Riya Verma,Male,44,2,2025-12-17
2558,Aditi Kapoor,Female,38,12,2023-12-26
2559,Aditya Mehta,Male,44,10,2023-05-11
2560,Rohan Singh,Male,47,2,2024-12-14
2561,Riya Chopra,Female,25,2,2025-03-03
2562,Aditya Chopra,Female,27,12,2025-09-10
2563,Neha Malhotra,Female,27,2,2024-10-27
2564,Meera Shah,Female,34,9,2026-03-21
2565,Isha Mehta,Male,34,4,2025-12-13
2566,Karan Pandey,Female,18,9,2025-01-18
2567,Neha Verma,Female,47,1,2024-12-05
2568,Isha Agarwal,Male,46,9,2023-01-25
2569,Aditya Shah,Male,37,6,2025-09-24
2570,Kabir Pandey,Female,28,11,2025-05-19
2571,Aditi Malhotra,Female,45,2,2026-02-18
2572,Karan Kapoor,Male,26,1,2023-04-29
2573,Nisha Mehta,Female,28,2,2023-07-06
2574,Karan Chopra,Male,50,1,2025-05-07
2575,Riya Agarwal,Male,48,12,2024-09-16
2576,Rohan Shah,Male,37,2,2025-01-20
2577,Aarav Joshi,Female,23,2,2024-07-08
2578,Vikram Sharma,Male,22,10,2025-03-29
2579,Isha Malhotra,Female,49,3,2025-04-20
2580,Vikram Verma,Male,26,2,2023-08-30
2581,Diya Singh,Female,40,8,2025-08-29
2582,Vikram Patel,Female,29,4,2024-09-22
2583,Meera Chopra,Male,34,10,2025-01-05
2584,Riya Gupta,Female,50,7,2025-02-28
2585,Varun Gupta,Male,37,3,2025-08-08
2586,Aarav Sharma,Male,32,7,2024-01-19
2587,Aditya Mishra,Female,31,11,2023-01-09
2588,Aditya Chopra,Female,25,4,2023-08-20
2589,Rahul Sharma,Male,36,9,2026-05-18
2590,Rahul Sharma,Female,36,4,2023-10-12
2591,Isha Malhotra,Male,21,6,2023-11-15
2592,Karan Patel,Female,31,9,2025-12-31
2593,Riya Malhotra,Female,39,1,2023-10-29
2594,Diya Kumar,Other,19,5,2024-08-16
2595,Arjun Mishra,Male,50,1,2024-04-18
2596,Riya Patel,Female,46,9,2025-04-24
2597,Sneha Chopra,Female,39,7,2025-01-29
2598,Vikram Sharma,Male,18,3,2024-10-19
2599,Nisha Shah,Male,35,1,2024-10-02
2600,Pooja Shah,Other,47,12,2025-12-01
2601,Varun Agarwal,Male,18,3,2025-01-12
2602,Aditi Kumar,Female,44,3,2024-10-11
2603,Aditya Singh,Male,45,1,2026-02-07
2604,Kabir Pandey,Female,20,7,2023-04-30
2605,Karan Agarwal,Male,25,3,2025-11-30
2606,Arjun Singh,Female,41,11,2023-09-10
2607,Nisha Kumar,Female,48,8,2024-02-28
2608,Karan Kumar,Male,43,1,2023-01-17
2609,Aditya Pandey,Female,35,6,2024-12-30
2610,Riya Chopra,Female,37,3,2025-11-27
2611,Priya Kapoor,Male,35,1,2024-05-02
2612,Pooja Kapoor,Male,37,7,2025-04-26
2613,Isha Patel,Female,43,2,2024-05-16
2614,Karan Mehta,Female,19,11,2025-08-27
2615,Vikram Sharma,Male,24,7,2026-06-29
2616,Ananya Agarwal,Female,19,2,2025-07-02
2617,Priya Kumar,Male,44,12,2024-03-10
2618,Karan Kumar,Male,42,6,2025-11-18
2619,Riya Singh,Female,19,2,2023-02-18
2620,Riya Singh,Male,21,6,2026-06-14
2621,Priya Malhotra,Male,26,12,2025-12-08
2622,Nisha Singh,Female,25,5,2025-04-14
2623,Meera Sharma,Male,35,5,2025-03-03
2624,Aditi Agarwal,Male,34,5,2023-11-19
2625,Neha Mehta,Female,29,3,2024-07-04
2626,Vikram Mehta,Female,23,2,2023-05-10
2627,Diya Kumar,Female,39,7,2024-03-08
2628,Rohan Pandey,Female,44,11,2025-01-23
2629,Rahul Patel,Female,39,9,2024-04-07
2630,Karan Agarwal,Male,44,1,2025-09-11
2631,Diya Shah,Female,48,4,2025-12-25
2632,Isha Kapoor,Male,45,1,2024-12-18
2633,Pooja Kumar,Male,39,3,2024-03-11
2634,Ananya Agarwal,Female,19,8,2024-01-23
2635,Aarav Kumar,Female,29,3,2024-11-29
2636,Pooja Kumar,Female,32,11,2025-07-08
2637,Sneha Joshi,Male,41,5,2023-06-11
2638,Aditya Patel,Male,45,8,2024-07-26
2639,Karan Verma,Female,39,11,2024-07-16
2640,Rahul Kumar,Female,29,8,2024-01-01
2641,Kabir Verma,Male,43,11,2023-10-31
2642,Kabir Kumar,Male,40,10,2025-12-10
2643,Sneha Malhotra,Male,44,6,2024-07-06
2644,Diya Mishra,Female,37,3,2025-01-06
2645,Aditya Sharma,Female,39,3,2023-02-18
2646,Riya Kapoor,Male,29,11,2023-12-28
2647,Nisha Kumar,Male,31,1,2023-10-13
2648,Aarav Sharma,Male,27,12,2024-02-24
2649,Rahul Singh,Male,26,3,2025-12-10
2650,Varun Verma,Female,39,9,2024-12-31
2651,Nisha Singh,Male,30,3,2026-02-26
2652,Arjun Patel,Female,22,12,2024-06-24
2653,Arjun Kumar,Female,19,1,2025-09-10
2654,Rohan Joshi,Other,46,4,2023-07-24
2655,Karan Sharma,Female,32,11,2025-11-07
2656,Arjun Gupta,Male,37,3,2025-02-18
2657,Ananya Verma,Male,47,3,2023-02-19
2658,Rohan Malhotra,Male,21,11,2025-05-29
2659,Rohan Patel,Female,48,10,2024-09-04
2660,Isha Malhotra,Male,41,1,2023-01-01
2661,Rohan Singh,Male,39,7,2025-12-17
2662,Rahul Sharma,Male,32,2,2024-11-16
2663,Isha Shah,Male,41,2,2025-02-13
2664,Priya Verma,Female,24,7,2025-01-07
2665,Neha Verma,Female,27,2,2023-04-26
2666,Ananya Gupta,Female,49,5,2024-02-29
2667,Nisha Shah,Female,27,3,2025-06-15
2668,Meera Kapoor,Male,41,11,2024-03-08
2669,Vikram Kapoor,Male,48,6,2026-02-08
2670,Karan Shah,Male,37,2,2024-02-10
2671,Neha Verma,Female,27,12,2024-08-09
2672,Priya Shah,Female,46,10,2024-07-22
2673,Rahul Singh,Male,45,3,2023-01-25
2674,Nisha Kapoor,Female,35,12,2025-11-02
2675,Meera Kumar,Male,21,3,2023-06-23
2676,Arjun Mehta,Male,32,3,2024-08-21
2677,Rahul Mishra,Female,32,4,2026-03-05
2678,Rohan Gupta,Female,24,2,2026-06-22
2679,Rahul Shah,Female,31,8,2023-10-22
2680,Isha Mehta,Female,23,6,2024-04-25
2681,Sneha Kapoor,Male,40,11,2024-12-23
2682,Diya Shah,Female,32,3,2025-06-11
2683,Meera Sharma,Female,42,2,2023-11-16
2684,Rahul Mishra,Female,33,4,2024-12-02
2685,Priya Malhotra,Male,41,2,2025-12-01
2686,Vikram Chopra,Other,42,12,2025-08-31
2687,Nisha Gupta,Male,23,8,2025-11-15
2688,Karan Malhotra,Male,32,10,2026-02-08
2689,Ananya Chopra,Female,42,9,2026-01-04
2690,Arjun Kumar,Female,37,3,2024-10-15
2691,Rohan Gupta,Other,25,2,2026-05-29
2692,Kabir Singh,Female,45,5,2024-09-23
2693,Diya Pandey,Male,24,10,2025-06-25
2694,Nisha Sharma,Female,50,3,2026-04-18
2695,Diya Chopra,Male,41,1,2023-02-25
2696,Riya Shah,Female,28,8,2026-04-07
2697,Meera Sharma,Male,24,2,2025-11-15
2698,Nisha Gupta,Female,47,6,2026-06-27
2699,Arjun Chopra,Female,35,1,2025-09-13
2700,Vikram Sharma,Female,44,6,2023-07-19
2701,Ananya Malhotra,Male,45,4,2024-01-21
2702,Diya Chopra,Male,20,11,2023-01-05
2703,Rahul Malhotra,Male,40,9,2025-02-15
2704,Isha Mehta,Male,29,1,2024-07-12
2705,Rohan Chopra,Female,47,10,2024-08-29
2706,Karan Malhotra,Male,25,10,2025-07-25
2707,Meera Singh,Female,19,8,2025-11-13
2708,Varun Malhotra,Male,39,12,2023-04-04
2709,Neha Mishra,Male,36,10,2026-03-16
2710,Varun Chopra,Female,36,2,2024-04-22
2711,Riya Joshi,Male,26,4,2025-08-18
2712,Neha Patel,Male,34,4,2025-01-12
2713,Neha Verma,Male,49,6,2024-07-20
2714,Varun Singh,Male,43,12,2023-09-29
2715,Sneha Sharma,Female,50,7,2023-08-31
2716,Ananya Shah,Male,28,3,2025-07-22
2717,Kabir Singh,Male,46,12,2024-02-15
2718,Arjun Pandey,Female,30,8,2023-10-21
2719,Pooja Gupta,Female,48,3,2023-01-08
2720,Sneha Patel,Female,46,11,2025-12-09
2721,Neha Kumar,Male,23,4,2024-05-20
2722,Arjun Patel,Female,50,6,2024-03-20
2723,Karan Agarwal,Male,38,5,2024-04-19
2724,Aarav Shah,Male,43,12,2025-02-03
2725,Vikram Mishra,Female,37,3,2024-09-07
2726,Varun Gupta,Female,25,3,2024-11-25
2727,Aditi Agarwal,Female,50,8,2023-12-21
2728,Ananya Gupta,Female,21,11,2024-01-14
2729,Isha Mishra,Male,44,1,2026-01-06
2730,Riya Joshi,Female,24,2,2024-07-14
2731,Ananya Mehta,Female,43,12,2026-05-27
2732,Sneha Gupta,Male,31,9,2025-12-16
2733,Karan Sharma,Male,25,4,2025-06-27
2734,Rohan Singh,Male,25,4,2024-12-01
2735,Sneha Mishra,Female,28,5,2025-12-05
2736,Arjun Agarwal,Male,47,8,2023-03-12
2737,Sneha Shah,Male,43,6,2024-09-29
2738,Varun Verma,Female,40,9,2025-06-29
2739,Neha Malhotra,Female,38,1,2023-05-19
2740,Arjun Singh,Male,31,10,2023-08-21
2741,Varun Malhotra,Female,47,1,2023-03-25
2742,Rohan Patel,Female,27,11,2024-09-12
2743,Kabir Patel,Female,49,1,2024-11-22
2744,Ananya Malhotra,Male,30,2,2024-08-21
2745,Pooja Gupta,Male,29,2,2023-03-12
2746,Diya Joshi,Female,33,2,2024-09-13
2747,Ananya Kapoor,Male,42,4,2026-02-08
2748,Diya Verma,Female,41,8,2023-02-09
2749,Diya Mishra,Male,43,11,2025-09-17
2750,Varun Joshi,Female,20,6,2023-12-14
2751,Rahul Pandey,Female,23,6,2023-04-06
2752,Ananya Kapoor,Female,46,3,2023-03-06
2753,Sneha Chopra,Female,50,10,2023-01-17
2754,Aditya Chopra,Female,22,1,2024-06-13
2755,Vikram Mishra,Male,47,3,2024-09-27
2756,Ananya Kapoor,Male,26,1,2025-03-04
2757,Kabir Patel,Female,50,2,2023-04-14
2758,Neha Verma,Female,50,7,2025-04-15
2759,Neha Kapoor,Other,39,2,2025-08-02
2760,Ananya Sharma,Female,24,1,2023-03-24
2761,Neha Singh,Male,44,10,2025-05-12
2762,Isha Sharma,Female,21,1,2023-06-01
2763,Pooja Malhotra,Female,29,7,2024-07-15
2764,Varun Gupta,Female,39,4,2025-04-24
2765,Aditya Kapoor,Female,20,11,2026-01-17
2766,Vikram Agarwal,Female,30,8,2024-11-09
2767,Varun Pandey,Female,44,1,2024-07-10
2768,Arjun Patel,Male,21,11,2025-11-30
2769,Varun Malhotra,Female,30,4,2023-10-04
2770,Nisha Malhotra,Male,18,3,2023-09-19
2771,Aarav Joshi,Male,39,8,2024-08-18
2772,Kabir Kapoor,Male,20,8,2023-06-03
2773,Arjun Singh,Male,27,3,2023-01-29
2774,Nisha Shah,Male,35,4,2024-04-07
2775,Riya Verma,Female,25,2,2023-07-14
2776,Vikram Pandey,Female,25,7,2025-03-24
2777,Vikram Malhotra,Female,45,12,2024-12-01
2778,Isha Singh,Male,43,4,2024-09-12
2779,Diya Agarwal,Male,20,12,2024-09-25
2780,Aditi Verma,Female,46,2,2023-05-06
2781,Priya Agarwal,Female,33,10,2024-05-29
2782,Sneha Malhotra,Female,22,12,2023-04-02
2783,Karan Verma,Female,47,8,2024-03-29
2784,Rohan Verma,Female,29,1,2025-05-15
2785,Riya Agarwal,Female,28,3,2026-06-13
2786,Diya Patel,Female,22,1,2024-01-15
2787,Rohan Mishra,Female,47,7,2023-12-04
2788,Isha Agarwal,Female,27,12,2025-05-04
2789,Rahul Chopra,Male,37,4,2026-03-18
2790,Karan Patel,Male,25,2,2024-01-12
2791,Nisha Chopra,Male,47,3,2025-12-06
2792,Riya Shah,Female,43,7,2024-02-06
2793,Aditya Verma,Female,34,6,2025-03-27
2794,Meera Patel,Male,29,2,2023-09-25
2795,Rahul Singh,Female,39,9,2023-12-01
2796,Priya Mehta,Male,34,1,2026-06-10
2797,Priya Agarwal,Male,49,7,2024-05-11
2798,Meera Joshi,Female,40,5,2023-01-21
2799,Arjun Malhotra,Male,18,2,2025-09-13
2800,Ananya Patel,Male,45,7,2023-06-12
2801,Rahul Gupta,Female,24,8,2023-05-22
2802,Priya Patel,Male,27,5,2025-12-03
2803,Kabir Pandey,Female,32,10,2024-03-21
2804,Aarav Kapoor,Female,24,6,2023-06-26
2805,Vikram Mehta,Female,49,3,2026-05-31
2806,Isha Agarwal,Female,50,12,2023-12-25
2807,Priya Sharma,Male,23,12,2025-03-19
2808,Priya Singh,Female,28,1,2023-12-02
2809,Priya Singh,Male,30,12,2025-01-12
2810,Arjun Shah,Male,40,9,2025-06-09
2811,Arjun Chopra,Female,37,1,2025-08-25
2812,Neha Kapoor,Male,40,6,2024-06-09
2813,Varun Sharma,Female,19,1,2025-02-25
2814,Rohan Gupta,Male,34,7,2025-12-09
2815,Meera Kapoor,Female,24,12,2025-12-09
2816,Nisha Mehta,Male,25,4,2025-08-12
2817,Aditya Mishra,Male,43,6,2024-05-25
2818,Sneha Agarwal,Female,22,2,2024-11-09
2819,Rahul Kumar,Male,19,6,2026-05-20
2820,Priya Agarwal,Female,34,10,2023-11-15
2821,Aditya Shah,Male,42,2,2025-06-03
2822,Ananya Kumar,Female,34,6,2025-10-08
2823,Rohan Kapoor,Other,23,4,2024-09-06
2824,Sneha Mishra,Female,43,9,2026-01-10
2825,Riya Singh,Female,30,8,2024-06-30
2826,Aditya Mishra,Male,41,8,2025-12-03
2827,Isha Verma,Female,24,4,2025-04-02
2828,Kabir Kapoor,Female,48,7,2023-03-08
2829,Aarav Agarwal,Female,27,8,2025-11-17
2830,Vikram Kapoor,Female,50,8,2025-06-10
2831,Nisha Joshi,Female,30,7,2023-10-11
2832,Isha Kapoor,Female,42,11,2025-06-17
2833,Ananya Gupta,Male,34,3,2024-10-15
2834,Kabir Singh,Female,20,1,2026-04-19
2835,Karan Patel,Female,21,12,2024-01-25
2836,Aditya Malhotra,Female,31,1,2023-12-03
2837,Kabir Kumar,Male,24,11,2023-03-16
2838,Arjun Singh,Female,38,7,2025-10-01
2839,Ananya Mishra,Female,22,11,2026-06-12
2840,Rohan Mehta,Female,37,6,2025-05-29
2841,Aditi Kumar,Male,24,10,2024-04-16
2842,Varun Kumar,Male,23,9,2026-01-27
2843,Sneha Gupta,Male,30,6,2023-11-20
2844,Arjun Chopra,Male,37,4,2025-06-04
2845,Aditi Kumar,Other,31,1,2025-02-01
2846,Rohan Sharma,Male,29,3,2025-12-24
2847,Karan Shah,Female,29,12,2026-05-25
2848,Aditi Pandey,Male,29,3,2024-04-04
2849,Karan Chopra,Male,31,9,2023-05-02
2850,Aditi Mishra,Other,45,6,2023-07-21
2851,Aarav Mishra,Female,37,3,2025-08-02
2852,Sneha Mehta,Male,31,12,2024-04-09
2853,Aarav Kapoor,Male,42,1,2023-06-28
2854,Aditi Kapoor,Other,35,7,2025-11-06
2855,Riya Patel,Other,49,5,2025-04-08
2856,Aditya Singh,Male,36,1,2023-06-18
2857,Aditya Verma,Female,25,2,2025-06-29
2858,Aditya Kapoor,Male,36,8,2025-03-25
2859,Rohan Agarwal,Female,43,1,2026-06-11
2860,Kabir Agarwal,Male,25,10,2026-06-15
2861,Karan Patel,Female,24,7,2026-05-30
2862,Varun Singh,Female,37,1,2026-02-16
2863,Isha Kumar,Male,47,3,2025-10-10
2864,Neha Malhotra,Male,29,2,2025-05-07
2865,Riya Mishra,Male,34,10,2024-11-26
2866,Priya Mishra,Male,39,6,2025-10-09
2867,Ananya Mishra,Male,39,1,2026-05-18
2868,Ananya Pandey,Male,22,6,2023-05-29
2869,Priya Shah,Other,31,5,2023-06-24
2870,Arjun Kumar,Male,50,7,2024-09-29
2871,Varun Sharma,Female,47,1,2024-01-10
2872,Diya Verma,Male,43,1,2024-11-10
2873,Rohan Mehta,Female,18,4,2024-02-02
2874,Vikram Singh,Male,31,8,2025-09-26
2875,Ananya Gupta,Female,19,8,2026-02-21
2876,Varun Shah,Male,27,3,2023-12-27
2877,Aditya Gupta,Male,46,2,2025-09-13
2878,Aditi Shah,Female,30,8,2023-05-16
2879,Neha Agarwal,Female,23,1,2025-10-14
2880,Diya Kapoor,Female,41,6,2025-06-10
2881,Aditi Chopra,Male,43,5,2025-06-26
2882,Meera Patel,Male,39,3,2024-09-21
2883,Neha Kapoor,Female,44,6,2023-05-17
2884,Rahul Gupta,Female,41,2,2025-12-11
2885,Aarav Shah,Female,38,6,2023-05-21
2886,Diya Patel,Male,47,2,2024-09-06
2887,Sneha Singh,Male,28,4,2023-08-11
2888,Priya Chopra,Female,33,6,2025-12-16
2889,Meera Kapoor,Female,36,1,2025-01-03
2890,Aarav Kumar,Male,40,7,2024-10-10
2891,Isha Kapoor,Female,33,9,2024-02-10
2892,Ananya Gupta,Female,32,12,2025-09-26
2893,Riya Chopra,Male,23,2,2023-09-26
2894,Kabir Patel,Male,39,2,2025-07-09
2895,Pooja Patel,Female,22,3,2026-05-22
2896,Sneha Gupta,Male,33,11,2023-12-06
2897,Varun Patel,Female,31,4,2025-05-26
2898,Kabir Patel,Female,43,3,2024-01-31
2899,Riya Kumar,Male,33,9,2026-04-02
2900,Aditi Gupta,Female,18,1,2026-02-22
2901,Sneha Gupta,Male,34,6,2024-02-05
2902,Diya Malhotra,Male,25,5,2023-10-22
2903,Diya Verma,Female,30,7,2023-04-16
2904,Vikram Chopra,Female,27,9,2025-06-09
2905,Neha Shah,Male,23,3,2026-03-20
2906,Arjun Kumar,Female,49,7,2023-07-05
2907,Aditya Mishra,Female,26,6,2025-11-08
2908,Karan Verma,Female,34,2,2025-08-22
2909,Sneha Sharma,Female,45,11,2024-08-25
2910,Diya Chopra,Male,30,9,2023-10-13
2911,Karan Agarwal,Male,48,12,2025-04-13
2912,Meera Pandey,Female,31,9,2025-01-28
2913,Meera Sharma,Male,49,3,2025-11-02
2914,Aditi Agarwal,Female,32,5,2024-12-21
2915,Aarav Mehta,Male,18,4,2023-03-04
2916,Aarav Patel,Male,46,1,2023-09-17
2917,Meera Gupta,Male,46,4,2024-05-01
2918,Isha Shah,Male,49,4,2024-09-19
2919,Aditi Sharma,Male,22,1,2024-03-22
2920,Diya Pandey,Female,45,11,2026-01-27
2921,Rahul Kapoor,Female,29,2,2023-12-26
2922,Aarav Agarwal,Male,45,6,2025-05-19
2923,Aditi Chopra,Male,49,10,2024-04-06
2924,Arjun Pandey,Female,24,7,2026-06-21
2925,Diya Gupta,Male,30,2,2026-03-15
2926,Rohan Sharma,Female,26,7,2025-09-28
2927,Ananya Malhotra,Female,28,9,2025-09-03
2928,Rohan Mehta,Female,37,11,2025-04-01
2929,Kabir Verma,Female,31,3,2025-01-19
2930,Priya Gupta,Female,39,1,2024-12-20
2931,Isha Patel,Other,40,7,2023-02-04
2932,Aarav Verma,Female,24,2,2026-04-12
2933,Nisha Sharma,Male,19,10,2026-06-07
2934,Riya Mishra,Male,42,8,2024-11-03
2935,Isha Patel,Male,23,9,2026-01-16
2936,Riya Shah,Male,24,12,2024-05-29
2937,Arjun Shah,Female,37,7,2023-05-24
2938,Varun Gupta,Male,26,11,2025-12-01
2939,Aditi Chopra,Male,24,7,2024-10-12
2940,Aditi Kapoor,Male,28,2,2026-04-15
2941,Aditi Chopra,Female,35,10,2023-09-30
2942,Aditya Verma,Female,45,8,2024-09-03
2943,Aditi Gupta,Other,50,12,2025-05-02
2944,Karan Verma,Male,42,3,2023-06-25
2945,Kabir Kapoor,Male,47,3,2026-06-26
2946,Diya Shah,Female,35,10,2025-02-15
2947,Sneha Chopra,Female,31,1,2023-08-08
2948,Ananya Chopra,Female,45,7,2025-08-04
2949,Meera Shah,Female,27,6,2026-01-26
2950,Isha Chopra,Male,44,2,2024-04-22
2951,Rohan Sharma,Female,50,2,2025-02-17
2952,Arjun Mishra,Female,30,10,2025-08-13
2953,Neha Mehta,Female,38,1,2023-07-05
2954,Sneha Sharma,Female,43,9,2024-11-09
2955,Aarav Joshi,Male,43,9,2024-12-15
2956,Vikram Shah,Male,24,7,2024-01-20
2957,Riya Singh,Female,49,4,2024-01-18
2958,Kabir Joshi,Female,34,1,2025-03-14
2959,Kabir Gupta,Male,19,10,2025-08-17
2960,Aarav Sharma,Male,21,2,2024-05-11
2961,Pooja Verma,Female,42,3,2023-07-07
2962,Varun Chopra,Male,32,12,2025-10-01
2963,Arjun Pandey,Male,21,3,2023-08-10
2964,Arjun Gupta,Female,35,3,2023-01-04
2965,Meera Patel,Female,37,12,2024-02-16
2966,Diya Gupta,Female,20,1,2025-11-10
2967,Vikram Sharma,Female,29,2,2025-08-24
2968,Aditya Malhotra,Male,33,5,2024-01-27
2969,Isha Chopra,Female,43,10,2024-10-25
2970,Aditya Kapoor,Female,39,11,2026-05-10
2971,Riya Mehta,Female,20,9,2025-07-06
2972,Diya Malhotra,Female,38,12,2025-08-27
2973,Meera Verma,Male,47,1,2023-04-22
2974,Meera Gupta,Male,19,7,2023-11-04
2975,Meera Mishra,Male,50,1,2023-05-13
2976,Karan Agarwal,Male,21,11,2026-06-03
2977,Rohan Mishra,Other,38,12,2024-03-13
2978,Kabir Mishra,Male,29,3,2024-09-29
2979,Neha Kapoor,Female,42,10,2024-12-05
2980,Karan Mishra,Male,45,7,2024-10-29
2981,Kabir Kumar,Male,46,1,2023-03-08
2982,Aditi Sharma,Male,46,7,2026-03-07
2983,Aditya Sharma,Male,44,12,2024-04-30
2984,Aditya Verma,Female,28,3,2026-03-18
2985,Pooja Verma,Female,33,1,2025-09-03
2986,Vikram Mehta,Male,41,12,2025-06-08
2987,Ananya Chopra,Other,23,4,2025-06-16
2988,Pooja Agarwal,Female,37,5,2026-06-03
2989,Pooja Malhotra,Female,35,8,2024-01-23
2990,Sneha Gupta,Male,50,7,2024-02-24
2991,Nisha Agarwal,Male,19,3,2025-05-06
2992,Diya Mehta,Female,21,1,2023-10-24
2993,Vikram Sharma,Female,18,10,2025-10-23
2994,Kabir Patel,Male,36,5,2023-02-07
2995,Aditi Patel,Female,36,8,2026-02-19
2996,Kabir Patel,Male,37,11,2024-03-18
2997,Karan Pandey,Female,25,1,2023-01-06
2998,Aarav Agarwal,Male,28,11,2025-02-08
2999,Diya Chopra,Female,31,9,2023-12-18
3000,Ananya Gupta,Male,19,12,2024-01-25
3001,Riya Pandey,Male,42,3,2024-09-06
3002,Pooja Chopra,Female,19,3,2025-01-10
3003,Isha Gupta,Male,40,8,2023-06-23
3004,Diya Kapoor,Female,32,12,2023-03-03
3005,Rohan Joshi,Female,50,12,2024-08-12
3006,Ananya Kumar,Male,40,4,2024-03-28
3007,Aditya Verma,Male,33,6,2025-01-13
3008,Arjun Joshi,Female,41,2,2025-08-13
3009,Priya Verma,Female,21,8,2025-02-23
3010,Karan Gupta,Female,23,10,2023-05-14
3011,Aarav Verma,Male,34,10,2026-06-26
3012,Rahul Shah,Female,46,4,2025-07-01
3013,Aditya Patel,Female,45,12,2023-03-04
3014,Aditya Mehta,Female,30,2,2025-09-01
3015,Neha Patel,Male,27,5,2026-01-29
3016,Sneha Mishra,Male,49,6,2024-12-27
3017,Varun Malhotra,Female,36,6,2025-11-29
3018,Neha Mishra,Other,21,9,2026-02-05
3019,Riya Patel,Male,25,7,2026-05-16
3020,Arjun Verma,Female,45,1,2026-05-03
3021,Nisha Malhotra,Male,47,2,2023-09-05
3022,Diya Mehta,Male,47,6,2023-02-14
3023,Diya Pandey,Male,18,8,2025-04-12
3024,Vikram Mishra,Male,45,6,2025-05-17
3025,Rohan Joshi,Male,21,4,2024-12-27
3026,Arjun Shah,Male,44,1,2023-10-30
3027,Karan Malhotra,Male,47,10,2026-04-26
3028,Rahul Patel,Female,29,5,2024-06-05
3029,Varun Joshi,Female,24,6,2025-08-04
3030,Sneha Sharma,Female,41,5,2025-03-06
3031,Diya Pandey,Male,20,3,2026-02-17
3032,Aditi Verma,Female,37,3,2025-06-28
3033,Kabir Patel,Male,28,1,2025-03-21
3034,Diya Malhotra,Female,32,8,2025-12-08
3035,Ananya Sharma,Female,45,3,2023-03-11
3036,Aarav Verma,Male,50,3,2025-06-19
3037,Ananya Chopra,Male,31,12,2025-01-18
3038,Diya Verma,Female,27,4,2025-09-19
3039,Aarav Joshi,Female,45,6,2023-10-14
3040,Kabir Mehta,Female,31,4,2025-02-04
3041,Aditi Singh,Female,24,3,2023-12-29
3042,Isha Gupta,Female,47,1,2023-05-30
3043,Pooja Agarwal,Male,50,11,2025-01-04
3044,Rohan Shah,Female,27,5,2023-01-28
3045,Rohan Gupta,Male,23,8,2023-04-29
3046,Varun Shah,Female,23,12,2024-11-07
3047,Rohan Malhotra,Male,37,1,2026-02-21
3048,Ananya Kapoor,Other,28,8,2025-07-02
3049,Sneha Chopra,Female,38,1,2023-01-20
3050,Meera Chopra,Male,43,5,2023-05-20
3051,Meera Pandey,Male,18,11,2024-07-04
3052,Ananya Joshi,Male,46,1,2024-07-02
3053,Rahul Malhotra,Female,18,12,2023-02-20
3054,Arjun Patel,Female,21,7,2023-11-24
3055,Pooja Verma,Male,41,4,2023-06-12
3056,Vikram Kapoor,Male,38,1,2024-12-25
3057,Isha Sharma,Female,50,7,2025-04-20
3058,Aarav Patel,Male,36,5,2024-05-13
3059,Arjun Verma,Female,31,2,2024-12-30
3060,Ananya Gupta,Male,40,5,2023-09-15
3061,Kabir Kapoor,Male,43,1,2025-12-23
3062,Aarav Kapoor,Male,40,12,2023-01-06
3063,Arjun Kumar,Female,30,3,2024-10-06
3064,Aarav Verma,Male,49,5,2024-02-15
3065,Arjun Kumar,Male,27,10,2024-07-29
3066,Isha Mehta,Female,29,8,2024-10-21
3067,Vikram Chopra,Female,27,11,2025-04-04
3068,Neha Malhotra,Male,27,12,2026-04-01
3069,Karan Joshi,Male,25,2,2024-12-17
3070,Aditya Joshi,Female,37,4,2023-10-18
3071,Aarav Shah,Male,42,8,2024-10-31
3072,Priya Agarwal,Female,32,1,2024-10-16
3073,Pooja Joshi,Male,48,8,2026-01-09
3074,Nisha Joshi,Male,33,1,2024-12-24
3075,Arjun Sharma,Male,33,11,2026-01-13
3076,Arjun Shah,Female,20,8,2025-04-09
3077,Isha Patel,Male,47,6,2024-12-31
3078,Rahul Singh,Male,22,5,2024-02-24
3079,Nisha Shah,Male,23,12,2023-11-23
3080,Aditi Chopra,Female,48,9,2023-05-08
3081,Rohan Sharma,Male,35,10,2024-12-01
3082,Varun Sharma,Female,20,10,2026-03-22
3083,Aditya Sharma,Female,32,1,2023-01-17
3084,Isha Malhotra,Male,37,1,2026-05-01
3085,Rohan Verma,Other,18,2,2026-01-02
3086,Arjun Shah,Female,42,8,2024-07-13
3087,Kabir Shah,Male,40,7,2024-02-05
3088,Karan Malhotra,Male,18,3,2025-01-11
3089,Riya Kapoor,Male,38,12,2025-12-28
3090,Rahul Patel,Male,25,1,2023-02-07
3091,Isha Sharma,Female,42,9,2024-07-27
3092,Ananya Agarwal,Female,30,5,2023-03-02
3093,Nisha Verma,Female,24,4,2025-04-02
3094,Aditi Verma,Male,34,1,2023-04-08
3095,Riya Patel,Male,32,9,2024-02-09
3096,Rohan Sharma,Male,29,9,2025-08-01
3097,Pooja Kumar,Female,46,3,2025-08-18
3098,Riya Chopra,Male,39,6,2023-10-18
3099,Arjun Pandey,Female,34,7,2024-10-17
3100,Meera Kapoor,Female,25,4,2023-08-24
3101,Aditya Pandey,Male,36,7,2025-01-25
3102,Varun Kumar,Female,18,5,2023-01-11
3103,Aditi Pandey,Female,47,11,2025-11-05
3104,Nisha Joshi,Female,18,8,2023-01-30
3105,Meera Singh,Male,41,1,2025-02-16
3106,Aditi Shah,Male,29,10,2024-06-01
3107,Isha Patel,Female,41,3,2023-10-13
3108,Sneha Sharma,Male,29,12,2024-11-22
3109,Aditi Singh,Female,18,7,2023-06-30
3110,Isha Mehta,Male,49,1,2025-01-09
3111,Ananya Mehta,Female,43,9,2025-04-03
3112,Rohan Joshi,Female,19,2,2024-08-07
3113,Meera Mishra,Male,19,11,2024-04-06
3114,Kabir Patel,Male,35,12,2024-08-09
3115,Varun Joshi,Female,49,8,2026-05-06
3116,Ananya Mehta,Male,37,6,2025-08-19
3117,Neha Pandey,Female,18,7,2023-01-08
3118,Priya Gupta,Female,41,5,2024-01-05
3119,Ananya Verma,Male,32,1,2023-02-01
3120,Sneha Joshi,Female,39,12,2023-10-31
3121,Isha Chopra,Female,29,3,2025-09-21
3122,Kabir Agarwal,Female,18,3,2025-12-26
3123,Arjun Malhotra,Male,18,2,2024-08-06
3124,Nisha Agarwal,Male,38,12,2025-05-30
3125,Rohan Mehta,Male,38,12,2024-04-18
3126,Nisha Sharma,Female,28,4,2024-08-31
3127,Karan Verma,Female,20,3,2025-11-24
3128,Nisha Sharma,Female,43,10,2023-12-18
3129,Aarav Patel,Male,22,5,2024-02-11
3130,Aditya Joshi,Female,24,12,2023-06-24
3131,Diya Mehta,Female,32,11,2023-10-06
3132,Meera Malhotra,Female,41,9,2023-02-17
3133,Varun Joshi,Male,50,1,2025-11-07
3134,Meera Chopra,Female,38,8,2025-12-24
3135,Ananya Chopra,Male,49,12,2024-06-22
3136,Nisha Patel,Male,39,4,2025-01-27
3137,Ananya Mehta,Female,45,11,2023-11-14
3138,Diya Malhotra,Female,23,4,2023-02-28
3139,Nisha Malhotra,Male,19,12,2024-10-20
3140,Arjun Patel,Female,40,8,2023-07-22
3141,Sneha Patel,Other,50,1,2025-12-19
3142,Meera Chopra,Male,42,5,2023-12-24
3143,Rohan Kapoor,Female,29,1,2025-07-30
3144,Priya Gupta,Male,34,4,2023-12-02
3145,Priya Kumar,Male,21,11,2023-06-11
3146,Aarav Mishra,Male,29,3,2024-12-01
3147,Karan Sharma,Female,40,12,2023-08-23
3148,Nisha Pandey,Male,23,1,2024-05-25
3149,Aarav Gupta,Male,33,8,2024-01-10
3150,Priya Joshi,Female,27,12,2026-01-31
3151,Neha Kumar,Female,34,8,2024-10-04
3152,Vikram Sharma,Female,43,11,2025-07-07
3153,Sneha Mishra,Female,47,12,2025-01-21
3154,Karan Kumar,Male,31,7,2026-03-09
3155,Diya Shah,Male,45,10,2024-07-15
3156,Aarav Patel,Female,41,1,2026-01-06
3157,Arjun Pandey,Female,48,5,2026-02-21
3158,Isha Mishra,Male,42,3,2026-03-22
3159,Sneha Malhotra,Male,36,10,2025-06-07
3160,Karan Singh,Male,40,8,2026-06-05
3161,Meera Chopra,Male,28,7,2025-08-09
3162,Pooja Malhotra,Other,40,12,2024-02-03
3163,Varun Shah,Female,41,1,2023-07-20
3164,Karan Kumar,Male,38,12,2023-09-25
3165,Arjun Patel,Female,21,1,2025-01-02
3166,Nisha Gupta,Female,35,4,2023-07-30
3167,Priya Chopra,Male,41,7,2023-10-31
3168,Aditya Shah,Male,24,4,2025-03-13
3169,Vikram Sharma,Female,43,8,2024-02-29
3170,Aditya Agarwal,Male,45,9,2025-05-19
3171,Nisha Mishra,Female,35,10,2026-06-27
3172,Nisha Verma,Female,49,2,2023-04-23
3173,Neha Verma,Female,46,2,2025-03-29
3174,Aditi Chopra,Other,33,1,2025-11-14
3175,Isha Kapoor,Female,47,5,2023-06-29
3176,Nisha Verma,Female,48,2,2025-09-26
3177,Karan Pandey,Male,21,3,2024-10-09
3178,Rahul Joshi,Female,50,11,2025-03-13
3179,Isha Mishra,Female,18,12,2023-03-07
3180,Aarav Mishra,Female,34,10,2024-07-10
3181,Kabir Pandey,Female,48,1,2024-04-13
3182,Rahul Joshi,Male,41,6,2023-07-16
3183,Priya Singh,Female,26,2,2025-09-01
3184,Nisha Joshi,Female,39,4,2024-10-07
3185,Neha Verma,Female,25,5,2026-01-26
3186,Riya Kapoor,Female,25,12,2023-07-23
3187,Pooja Gupta,Female,48,7,2025-07-22
3188,Karan Joshi,Female,19,3,2025-02-11
3189,Karan Sharma,Male,49,7,2025-04-11
3190,Isha Patel,Male,32,12,2024-01-31
3191,Vikram Singh,Female,20,1,2025-06-01
3192,Rahul Kapoor,Female,43,10,2023-11-12
3193,Aditi Agarwal,Female,19,2,2025-08-31
3194,Neha Sharma,Male,28,2,2024-07-17
3195,Aditi Pandey,Male,25,11,2024-09-04
3196,Diya Pandey,Male,43,1,2025-01-11
3197,Isha Mehta,Female,31,9,2023-04-18
3198,Diya Kapoor,Female,39,1,2024-04-14
3199,Arjun Kumar,Female,20,7,2023-09-17
3200,Rohan Gupta,Male,40,7,2026-05-15
3201,Priya Joshi,Female,41,11,2024-06-22
3202,Sneha Verma,Female,27,10,2023-01-08
3203,Nisha Mishra,Male,47,8,2023-02-03
3204,Sneha Mishra,Female,33,4,2026-03-11
3205,Rahul Pandey,Female,40,2,2023-07-20
3206,Neha Malhotra,Male,23,7,2023-01-01
3207,Ananya Malhotra,Male,48,5,2023-09-28
3208,Varun Shah,Female,26,1,2023-10-04
3209,Rahul Singh,Female,38,12,2023-04-13
3210,Neha Verma,Female,20,3,2026-06-26
3211,Ananya Malhotra,Female,19,1,2023-03-17
3212,Pooja Patel,Male,22,11,2025-07-18
3213,Rahul Patel,Female,49,7,2025-12-04
3214,Rahul Sharma,Female,24,9,2025-04-03
3215,Meera Malhotra,Male,47,2,2023-06-19
3216,Rohan Singh,Female,37,4,2025-07-16
3217,Riya Gupta,Male,20,7,2024-02-26
3218,Aarav Sharma,Male,32,3,2024-06-05
3219,Nisha Mehta,Male,33,8,2023-11-18
3220,Arjun Mishra,Female,26,3,2025-09-28
3221,Arjun Mehta,Male,37,2,2025-01-10
3222,Aarav Chopra,Male,46,1,2023-07-17
3223,Sneha Agarwal,Female,47,3,2024-06-04
3224,Diya Patel,Male,35,3,2025-10-10
3225,Varun Pandey,Female,47,9,2026-04-12
3226,Aarav Chopra,Female,48,6,2026-04-14
3227,Kabir Malhotra,Male,20,2,2023-06-22
3228,Vikram Sharma,Male,38,6,2025-12-31
3229,Aarav Sharma,Other,43,2,2024-12-24
3230,Ananya Shah,Male,18,5,2025-08-02
3231,Vikram Agarwal,Male,37,11,2024-05-07
3232,Diya Shah,Female,48,8,2025-04-11
3233,Ananya Mishra,Female,26,8,2023-11-26
3234,Aarav Sharma,Female,46,3,2024-10-27
3235,Aditi Agarwal,Female,48,2,2023-10-16
3236,Diya Kumar,Female,38,9,2024-05-19
3237,Isha Agarwal,Female,38,6,2024-06-04
3238,Rohan Sharma,Female,35,7,2026-01-10
3239,Priya Patel,Female,31,12,2025-03-13
3240,Neha Agarwal,Female,32,4,2025-04-06
3241,Aditi Agarwal,Female,35,10,2023-12-29
3242,Aditi Kapoor,Male,33,6,2024-07-09
3243,Priya Patel,Female,45,3,2024-08-26
3244,Isha Patel,Female,43,1,2025-09-29
3245,Riya Shah,Male,29,7,2023-08-25
3246,Kabir Kumar,Male,34,3,2023-03-11
3247,Karan Kumar,Female,25,8,2024-10-07
3248,Riya Malhotra,Male,23,8,2025-11-04
3249,Isha Kumar,Male,30,5,2025-07-25
3250,Priya Malhotra,Male,19,6,2025-11-01
3251,Sneha Kumar,Male,46,7,2024-05-17
3252,Kabir Pandey,Female,22,5,2023-10-19
3253,Rahul Mishra,Male,28,11,2025-04-22
3254,Ananya Mishra,Male,26,1,2023-02-18
3255,Diya Malhotra,Female,24,12,2026-02-17
3256,Diya Kumar,Male,30,1,2025-06-30
3257,Rohan Chopra,Male,41,2,2024-10-05
3258,Aditi Pandey,Female,47,8,2023-09-13
3259,Varun Malhotra,Female,24,1,2023-11-16
3260,Karan Chopra,Female,25,3,2026-06-25
3261,Ananya Agarwal,Female,33,2,2023-01-19
3262,Aditya Chopra,Female,28,9,2023-01-12
3263,Rohan Agarwal,Male,44,7,2024-03-19
3264,Riya Singh,Female,25,1,2023-10-21
3265,Vikram Joshi,Female,31,5,2025-05-14
3266,Diya Malhotra,Male,36,2,2023-02-23
3267,Pooja Sharma,Female,30,12,2025-09-30
3268,Pooja Pandey,Male,38,1,2025-09-26
3269,Karan Kapoor,Female,44,7,2023-10-21
3270,Priya Verma,Female,35,5,2025-01-08
3271,Meera Pandey,Female,33,7,2025-05-07
3272,Aditya Chopra,Male,49,12,2025-12-19
3273,Neha Agarwal,Female,50,4,2025-07-24
3274,Rohan Mehta,Female,50,9,2026-05-14
3275,Rahul Pandey,Male,18,5,2023-05-29
3276,Varun Kumar,Male,45,8,2025-02-18
3277,Pooja Malhotra,Female,47,4,2025-09-13
3278,Priya Sharma,Male,44,2,2023-10-23
3279,Vikram Kapoor,Female,42,1,2023-10-06
3280,Pooja Chopra,Female,30,1,2023-04-29
3281,Aarav Malhotra,Male,41,12,2026-06-12
3282,Neha Joshi,Female,37,10,2026-01-11
3283,Rahul Pandey,Male,45,3,2023-06-04
3284,Vikram Chopra,Female,29,6,2023-11-10
3285,Isha Patel,Female,42,8,2024-08-08
3286,Karan Shah,Male,43,4,2026-02-15
3287,Vikram Chopra,Female,45,5,2025-11-20
3288,Arjun Shah,Female,23,8,2026-01-26
3289,Aditya Shah,Female,46,2,2025-11-23
3290,Rahul Mishra,Male,25,6,2025-03-12
3291,Nisha Agarwal,Female,48,2,2024-01-07
3292,Varun Kapoor,Female,19,1,2025-02-10
3293,Kabir Gupta,Male,25,8,2024-09-23
3294,Aditi Malhotra,Female,38,8,2026-04-29
3295,Kabir Agarwal,Male,35,12,2024-07-26
3296,Karan Joshi,Female,40,2,2025-08-23
3297,Vikram Mishra,Male,31,9,2023-08-10
3298,Kabir Verma,Female,18,12,2025-05-22
3299,Meera Mehta,Male,38,7,2024-08-02
3300,Riya Joshi,Male,34,12,2024-07-10
3301,Pooja Kumar,Female,34,12,2025-08-21
3302,Sneha Verma,Female,30,10,2024-09-10
3303,Varun Gupta,Female,47,12,2023-03-17
3304,Priya Pandey,Female,44,7,2024-05-11
3305,Pooja Joshi,Male,23,5,2026-05-15
3306,Isha Sharma,Female,19,11,2026-04-23
3307,Pooja Sharma,Male,23,10,2025-02-23
3308,Aarav Joshi,Male,19,1,2025-03-25
3309,Aarav Gupta,Female,41,3,2023-12-02
3310,Vikram Chopra,Female,38,3,2025-09-23
3311,Diya Agarwal,Male,33,11,2025-02-04
3312,Vikram Singh,Male,37,3,2023-02-17
3313,Neha Malhotra,Female,44,3,2026-04-27
3314,Kabir Gupta,Male,45,6,2025-12-24
3315,Aditya Patel,Male,32,1,2023-04-15
3316,Rohan Mishra,Male,37,12,2024-06-17
3317,Neha Malhotra,Male,37,5,2025-08-06
3318,Karan Mishra,Male,49,2,2025-07-30
3319,Rahul Singh,Other,43,3,2023-08-02
3320,Arjun Patel,Male,28,10,2023-02-21
3321,Sneha Joshi,Female,47,7,2026-06-11
3322,Rahul Joshi,Female,31,5,2026-02-15
3323,Pooja Shah,Female,43,3,2025-07-31
3324,Ananya Verma,Female,50,11,2025-04-22
3325,Aditya Pandey,Female,44,9,2025-05-26
3326,Isha Pandey,Female,21,8,2024-08-07
3327,Vikram Malhotra,Female,24,5,2025-05-23
3328,Diya Mehta,Female,44,12,2024-01-23
3329,Arjun Joshi,Female,22,8,2023-04-17
3330,Diya Patel,Female,18,5,2024-02-02
3331,Aarav Agarwal,Male,26,12,2024-01-11
3332,Varun Joshi,Female,34,11,2024-01-23
3333,Karan Mishra,Female,22,9,2024-08-24
3334,Karan Kapoor,Male,23,9,2023-06-17
3335,Rahul Joshi,Female,29,5,2024-06-04
3336,Karan Chopra,Male,37,6,2024-08-15
3337,Vikram Joshi,Male,35,2,2023-08-29
3338,Aditi Mishra,Female,44,7,2024-08-02
3339,Nisha Gupta,Male,50,4,2025-05-11
3340,Diya Shah,Male,19,4,2024-06-10
3341,Rohan Pandey,Male,40,12,2023-01-04
3342,Riya Pandey,Female,23,2,2025-06-16
3343,Aarav Joshi,Male,29,10,2025-01-08
3344,Meera Pandey,Female,29,3,2024-06-20
3345,Aditya Patel,Female,41,1,2023-01-30
3346,Ananya Agarwal,Female,26,1,2023-04-24
3347,Pooja Gupta,Female,47,5,2023-04-12
3348,Aditya Patel,Female,30,5,2025-12-24
3349,Nisha Kumar,Male,44,3,2024-01-30
3350,Diya Patel,Female,49,8,2024-06-26
3351,Meera Mehta,Female,34,5,2025-06-07
3352,Arjun Pandey,Male,21,1,2025-04-16
3353,Rahul Singh,Male,41,4,2023-03-24
3354,Neha Agarwal,Female,31,1,2026-04-02
3355,Ananya Verma,Male,29,1,2023-12-05
3356,Aarav Agarwal,Female,33,2,2025-09-06
3357,Vikram Agarwal,Male,27,8,2025-11-28
3358,Vikram Kumar,Female,27,8,2024-11-19
3359,Meera Chopra,Male,50,11,2023-07-27
3360,Priya Mishra,Female,27,9,2024-11-26
3361,Nisha Pandey,Male,33,6,2023-11-09
3362,Pooja Mehta,Male,41,3,2025-12-20
3363,Arjun Joshi,Male,25,1,2025-08-21
3364,Neha Agarwal,Female,38,7,2025-11-17
3365,Priya Patel,Female,47,3,2025-11-23
3366,Rahul Pandey,Female,44,3,2023-08-17
3367,Aditi Patel,Male,18,12,2023-02-08
3368,Aditya Pandey,Female,31,2,2025-03-11
3369,Isha Verma,Male,18,1,2025-02-22
3370,Diya Sharma,Male,38,12,2026-01-10
3371,Isha Shah,Female,28,3,2025-03-25
3372,Meera Mishra,Female,47,4,2025-10-22
3373,Neha Mishra,Female,23,1,2024-03-21
3374,Rohan Shah,Male,46,4,2023-06-09
3375,Aditya Kumar,Male,29,12,2023-02-18
3376,Sneha Patel,Female,48,8,2024-07-10
3377,Diya Verma,Male,24,5,2023-01-03
3378,Aarav Joshi,Male,26,3,2024-10-23
3379,Pooja Singh,Other,29,4,2024-05-26
3380,Rahul Shah,Female,50,7,2023-11-26
3381,Riya Sharma,Male,42,3,2025-01-24
3382,Karan Gupta,Male,44,2,2025-05-17
3383,Aditya Singh,Female,36,8,2023-02-20
3384,Vikram Gupta,Male,44,11,2024-08-31
3385,Diya Singh,Male,38,11,2026-04-14
3386,Priya Kapoor,Male,40,11,2024-01-15
3387,Priya Patel,Female,45,6,2025-09-24
3388,Karan Kapoor,Female,50,10,2024-03-06
3389,Aarav Mishra,Male,37,12,2023-12-13
3390,Varun Kapoor,Male,32,1,2025-12-29
3391,Meera Chopra,Female,39,4,2024-03-31
3392,Rahul Mehta,Female,42,2,2026-01-11
3393,Priya Gupta,Female,50,12,2025-04-15
3394,Kabir Patel,Male,41,12,2025-11-03
3395,Diya Shah,Female,49,10,2025-11-06
3396,Karan Kapoor,Female,42,3,2026-03-13
3397,Aditya Patel,Female,49,12,2024-12-09
3398,Neha Kumar,Male,42,1,2026-05-01
3399,Arjun Pandey,Female,47,2,2023-03-18
3400,Rahul Chopra,Male,24,7,2024-09-20
3401,Rohan Malhotra,Male,50,10,2024-05-21
3402,Riya Mishra,Male,29,11,2023-05-04
3403,Aditya Chopra,Female,44,3,2026-01-20
3404,Varun Kapoor,Male,30,4,2025-10-18
3405,Arjun Gupta,Female,33,5,2025-08-14
3406,Aditya Verma,Female,42,1,2025-03-19
3407,Riya Shah,Female,35,11,2025-02-07
3408,Karan Malhotra,Male,41,3,2024-04-30
3409,Riya Kumar,Female,20,2,2025-05-22
3410,Isha Malhotra,Male,45,4,2026-05-30
3411,Rohan Sharma,Male,31,8,2023-11-17
3412,Meera Pandey,Male,44,11,2024-03-08
3413,Aditi Singh,Male,27,2,2023-05-20
3414,Diya Pandey,Female,37,2,2026-03-05
3415,Karan Malhotra,Male,37,12,2024-11-07
3416,Vikram Patel,Male,22,6,2025-01-26
3417,Neha Sharma,Other,33,4,2023-12-07
3418,Arjun Pandey,Male,38,2,2023-02-16
3419,Sneha Gupta,Male,45,12,2025-10-24
3420,Rahul Sharma,Male,47,8,2026-01-03
3421,Sneha Agarwal,Male,30,2,2024-03-11
3422,Diya Mehta,Female,39,1,2025-08-31
3423,Aditya Mehta,Male,23,2,2024-12-31
3424,Diya Singh,Male,47,3,2025-03-31
3425,Rahul Pandey,Female,46,1,2023-08-09
3426,Riya Patel,Male,50,2,2025-02-23
3427,Varun Singh,Female,34,1,2023-07-25
3428,Varun Patel,Other,29,4,2023-10-07
3429,Karan Singh,Male,43,5,2024-03-31
3430,Riya Patel,Male,41,5,2023-10-01
3431,Nisha Verma,Male,24,10,2026-03-06
3432,Karan Gupta,Male,35,3,2023-02-07
3433,Nisha Kumar,Female,39,11,2026-02-28
3434,Sneha Mishra,Female,33,11,2023-07-16
3435,Karan Sharma,Male,30,12,2026-01-16
3436,Aditya Singh,Male,25,2,2024-03-05
3437,Varun Mishra,Male,31,3,2026-03-22
3438,Isha Mishra,Other,26,7,2024-11-21
3439,Aditya Chopra,Female,27,2,2024-09-17
3440,Priya Singh,Male,24,1,2023-06-17
3441,Diya Kumar,Female,30,1,2024-07-07
3442,Rohan Singh,Male,38,7,2024-12-13
3443,Rohan Verma,Female,30,10,2026-06-09
3444,Pooja Mehta,Female,22,3,2023-12-03
3445,Arjun Malhotra,Female,44,12,2023-04-16
3446,Nisha Mehta,Male,32,10,2023-11-21
3447,Kabir Kapoor,Male,37,1,2023-11-07
3448,Neha Patel,Other,35,4,2026-04-25
3449,Aarav Mehta,Male,34,1,2023-07-11
3450,Varun Agarwal,Male,32,11,2026-06-21
3451,Riya Mishra,Female,42,9,2023-05-25
3452,Priya Patel,Female,46,8,2025-11-02
3453,Varun Malhotra,Female,47,8,2024-06-13
3454,Diya Patel,Female,32,3,2023-03-11
3455,Nisha Sharma,Female,29,12,2025-02-22
3456,Aditi Agarwal,Male,20,12,2025-07-19
3457,Aarav Gupta,Female,32,9,2025-12-06
3458,Pooja Kumar,Female,50,5,2023-08-16
3459,Neha Joshi,Female,26,1,2025-02-27
3460,Aditi Gupta,Male,45,1,2024-12-27
3461,Riya Verma,Male,42,2,2024-07-19
3462,Meera Mehta,Female,39,7,2026-02-15
3463,Priya Shah,Male,36,10,2024-06-24
3464,Vikram Kapoor,Male,42,12,2024-04-30
3465,Priya Mehta,Female,21,2,2024-11-01
3466,Sneha Sharma,Female,22,3,2026-04-01
3467,Aditya Kapoor,Male,24,1,2026-01-12
3468,Vikram Verma,Male,43,12,2025-06-23
3469,Riya Malhotra,Male,32,10,2023-04-14
3470,Aditya Agarwal,Female,24,5,2024-01-20
3471,Pooja Kumar,Female,19,7,2023-01-20
3472,Diya Patel,Male,34,6,2023-05-02
3473,Meera Sharma,Male,31,3,2025-11-28
3474,Isha Sharma,Male,23,2,2025-11-07
3475,Aarav Kumar,Male,18,3,2023-05-11
3476,Neha Mishra,Male,42,3,2024-08-07
3477,Aditi Singh,Female,43,6,2023-12-23
3478,Rahul Malhotra,Male,26,3,2023-04-03
3479,Pooja Chopra,Male,34,9,2024-05-02
3480,Karan Sharma,Male,26,6,2023-05-12
3481,Aditi Gupta,Male,31,6,2025-07-28
3482,Sneha Patel,Male,21,12,2026-05-19
3483,Aditya Chopra,Male,49,3,2024-06-23
3484,Kabir Kumar,Male,41,7,2023-11-07
3485,Nisha Agarwal,Male,47,1,2024-09-29
3486,Neha Mishra,Female,27,9,2026-05-19
3487,Ananya Agarwal,Male,46,6,2023-07-23
3488,Pooja Shah,Female,35,2,2025-05-19
3489,Meera Agarwal,Female,24,1,2023-04-29
3490,Nisha Pandey,Male,28,8,2024-01-19
3491,Nisha Pandey,Male,44,8,2024-07-15
3492,Priya Chopra,Male,43,8,2024-05-05
3493,Rahul Pandey,Male,41,5,2023-08-17
3494,Kabir Shah,Female,25,7,2025-09-19
3495,Meera Joshi,Male,39,7,2025-05-09
3496,Ananya Kapoor,Female,49,3,2024-07-10
3497,Meera Joshi,Female,19,6,2024-06-18
3498,Sneha Pandey,Female,28,6,2023-04-06
3499,Arjun Kumar,Female,20,10,2025-04-23
3500,Neha Pandey,Female,21,5,2023-10-21
3501,Riya Agarwal,Female,50,5,2024-01-20
3502,Nisha Shah,Other,25,12,2026-01-03
3503,Vikram Singh,Male,23,11,2025-03-31
3504,Meera Chopra,Male,20,3,2025-06-08
3505,Arjun Agarwal,Male,50,11,2023-12-05
3506,Karan Shah,Male,33,2,2024-10-01
3507,Aditya Mishra,Female,44,11,2023-01-18
3508,Rahul Malhotra,Male,26,2,2023-11-10
3509,Sneha Malhotra,Female,39,5,2025-10-18
3510,Varun Gupta,Female,47,12,2024-08-29
3511,Neha Shah,Male,40,1,2025-03-21
3512,Aditya Singh,Female,35,10,2025-10-04
3513,Isha Chopra,Male,24,5,2026-04-11
3514,Pooja Agarwal,Female,25,1,2023-04-15
3515,Riya Kumar,Female,37,12,2025-01-11
3516,Vikram Singh,Male,32,6,2026-06-24
3517,Isha Gupta,Female,19,11,2023-09-13
3518,Aarav Pandey,Male,24,11,2026-01-02
3519,Kabir Joshi,Female,32,1,2025-01-10
3520,Aarav Verma,Female,23,3,2024-02-11
3521,Arjun Chopra,Male,36,3,2025-09-27
3522,Aditya Singh,Female,27,6,2026-01-16
3523,Nisha Mishra,Female,27,1,2023-07-02
3524,Riya Patel,Female,21,4,2025-05-20
3525,Meera Singh,Female,34,10,2026-04-10
3526,Nisha Verma,Female,24,2,2025-04-30
3527,Neha Joshi,Male,38,8,2024-11-29
3528,Riya Kumar,Female,48,5,2023-06-28
3529,Ananya Agarwal,Female,48,1,2024-07-28
3530,Vikram Kumar,Male,40,2,2026-03-02
3531,Priya Mehta,Male,44,2,2025-10-17
3532,Isha Singh,Male,48,7,2024-07-29
3533,Diya Patel,Male,40,1,2024-01-30
3534,Aarav Mishra,Male,26,10,2025-10-22
3535,Aditya Gupta,Male,34,10,2026-05-20
3536,Ananya Shah,Female,46,1,2024-01-18
3537,Isha Patel,Male,40,11,2025-11-01
3538,Rahul Verma,Male,29,12,2024-01-29
3539,Rohan Singh,Female,23,1,2025-11-22
3540,Kabir Sharma,Male,22,12,2026-05-16
3541,Rahul Agarwal,Male,30,3,2025-04-26
3542,Kabir Joshi,Female,44,8,2024-09-26
3543,Aditya Mehta,Other,36,2,2024-02-06
3544,Aditya Kapoor,Female,19,10,2023-03-18
3545,Diya Kapoor,Male,48,11,2023-03-09
3546,Sneha Shah,Male,31,12,2025-12-03
3547,Priya Shah,Female,30,12,2025-04-24
3548,Rahul Chopra,Female,45,1,2023-10-18
3549,Sneha Pandey,Female,30,8,2024-12-05
3550,Isha Agarwal,Female,38,3,2026-01-27
3551,Priya Joshi,Male,48,2,2025-04-07
3552,Isha Chopra,Male,35,2,2026-03-16
3553,Vikram Verma,Female,38,12,2023-05-31
3554,Kabir Agarwal,Female,29,8,2023-04-03
3555,Arjun Shah,Male,47,1,2025-05-01
3556,Sneha Verma,Female,20,12,2025-01-13
3557,Isha Pandey,Male,27,10,2025-05-28
3558,Diya Mishra,Female,50,3,2026-06-07
3559,Rahul Singh,Male,33,5,2023-05-20
3560,Priya Joshi,Female,23,9,2026-04-03
3561,Sneha Mishra,Male,31,8,2023-03-19
3562,Ananya Shah,Female,26,5,2024-11-01
3563,Karan Verma,Female,35,6,2025-11-28
3564,Varun Mehta,Male,25,1,2025-05-18
3565,Vikram Chopra,Female,31,6,2023-10-12
3566,Aarav Singh,Female,47,4,2025-02-10
3567,Sneha Patel,Female,20,3,2026-02-25
3568,Aarav Sharma,Male,43,3,2023-09-17
3569,Kabir Gupta,Female,20,7,2026-04-12
3570,Arjun Malhotra,Female,33,5,2025-04-13
3571,Arjun Kapoor,Female,40,5,2023-04-21
3572,Karan Kapoor,Male,49,2,2024-03-01
3573,Isha Agarwal,Female,26,12,2026-01-05
3574,Vikram Kumar,Male,19,2,2024-03-07
3575,Aarav Patel,Male,42,4,2026-04-23
3576,Arjun Sharma,Male,47,2,2024-06-20
3577,Diya Singh,Male,36,8,2024-03-13
3578,Aditi Patel,Male,19,5,2025-12-24
3579,Karan Gupta,Male,34,4,2025-09-30
3580,Diya Sharma,Female,30,11,2023-11-01
3581,Aditi Gupta,Female,32,9,2025-09-24
3582,Isha Kapoor,Male,19,6,2023-11-17
3583,Riya Kapoor,Female,28,5,2026-02-17
3584,Vikram Shah,Female,50,12,2023-01-10
3585,Diya Agarwal,Female,19,12,2025-04-25
3586,Varun Malhotra,Female,48,8,2023-07-17
3587,Kabir Gupta,Other,35,9,2025-05-14
3588,Nisha Malhotra,Female,37,11,2026-06-03
3589,Aditya Sharma,Female,48,12,2025-05-02
3590,Neha Kumar,Female,25,1,2024-07-08
3591,Rohan Mehta,Male,50,12,2025-11-17
3592,Pooja Kumar,Female,27,8,2023-09-07
3593,Aditi Patel,Female,29,7,2024-11-24
3594,Arjun Chopra,Female,32,4,2026-05-18
3595,Kabir Pandey,Female,37,3,2024-03-30
3596,Vikram Agarwal,Male,28,10,2023-02-04
3597,Rahul Kapoor,Male,44,8,2024-07-17
3598,Arjun Malhotra,Female,18,2,2024-09-10
3599,Meera Sharma,Female,39,7,2025-11-02
3600,Karan Chopra,Female,39,2,2025-10-24
3601,Priya Malhotra,Female,35,5,2024-03-10
3602,Diya Patel,Female,38,7,2025-09-13
3603,Arjun Patel,Female,42,7,2023-07-02
3604,Kabir Shah,Male,47,2,2023-08-30
3605,Vikram Kapoor,Female,25,1,2025-02-10
3606,Vikram Joshi,Male,33,3,2025-06-22
3607,Rahul Kapoor,Female,36,7,2025-10-27
3608,Riya Kumar,Male,29,12,2025-03-05
3609,Meera Joshi,Female,50,9,2023-06-13
3610,Diya Patel,Male,34,9,2025-05-12
3611,Aditi Kumar,Male,37,3,2024-07-02
3612,Neha Chopra,Female,24,1,2023-12-06
3613,Pooja Sharma,Female,31,11,2024-03-09
3614,Riya Agarwal,Male,38,6,2025-11-01
3615,Rahul Patel,Female,32,1,2023-08-15
3616,Priya Chopra,Male,43,6,2024-12-15
3617,Nisha Kapoor,Male,22,8,2023-04-16
3618,Karan Kapoor,Male,23,3,2025-07-14
3619,Aditi Kapoor,Female,29,1,2023-07-11
3620,Aarav Shah,Female,28,7,2026-04-14
3621,Nisha Joshi,Female,44,1,2026-01-31
3622,Priya Chopra,Female,46,5,2025-12-28
3623,Vikram Chopra,Female,33,10,2024-03-21
3624,Karan Singh,Female,34,12,2025-09-26
3625,Aditi Patel,Other,27,4,2023-06-21
3626,Karan Kumar,Male,35,1,2024-01-05
3627,Karan Patel,Male,41,5,2023-06-19
3628,Varun Mehta,Male,41,3,2023-03-11
3629,Kabir Mehta,Female,49,11,2024-04-13
3630,Rahul Kapoor,Female,37,8,2025-01-03
3631,Diya Singh,Male,29,4,2026-01-06
3632,Priya Pandey,Female,20,9,2023-02-14
3633,Arjun Kumar,Female,40,4,2024-06-03
3634,Sneha Chopra,Male,44,6,2025-07-01
3635,Rahul Verma,Male,36,12,2023-09-15
3636,Aarav Joshi,Male,48,2,2025-07-29
3637,Kabir Sharma,Male,28,3,2024-12-29
3638,Nisha Chopra,Female,19,11,2024-12-19
3639,Aarav Mehta,Female,38,5,2023-06-09
3640,Aditya Shah,Male,22,3,2023-08-03
3641,Meera Patel,Male,20,1,2026-01-25
3642,Diya Malhotra,Male,41,4,2026-01-23
3643,Aarav Singh,Male,32,6,2024-07-31
3644,Ananya Kapoor,Male,37,4,2025-01-30
3645,Sneha Joshi,Female,42,3,2024-11-23
3646,Arjun Mehta,Female,30,4,2024-10-19
3647,Kabir Singh,Female,38,7,2025-06-28
3648,Ananya Verma,Male,35,11,2024-12-25
3649,Kabir Verma,Female,37,7,2023-06-09
3650,Meera Shah,Male,41,7,2023-04-16
3651,Vikram Kumar,Male,30,10,2025-12-21
3652,Aditya Sharma,Female,34,2,2025-08-03
3653,Ananya Shah,Female,37,3,2023-09-11
3654,Arjun Sharma,Male,22,1,2023-03-19
3655,Kabir Kumar,Female,24,4,2023-10-08
3656,Priya Chopra,Female,20,12,2025-01-08
3657,Karan Mishra,Female,24,3,2025-01-15
3658,Isha Chopra,Female,32,11,2023-08-05
3659,Nisha Kumar,Male,48,1,2023-08-13
3660,Diya Shah,Female,48,5,2023-09-23
3661,Aditya Sharma,Male,43,4,2024-07-19
3662,Meera Shah,Male,36,2,2023-10-25
3663,Aditi Pandey,Female,24,4,2024-08-05
3664,Kabir Mishra,Female,29,8,2023-01-19
3665,Rahul Singh,Male,43,5,2026-04-10
3666,Karan Gupta,Female,47,11,2026-02-12
3667,Kabir Kapoor,Female,49,11,2024-03-08
3668,Isha Joshi,Female,30,5,2025-10-24
3669,Neha Joshi,Male,34,12,2024-11-14
3670,Kabir Mishra,Male,34,1,2023-02-09
3671,Varun Kapoor,Male,19,3,2023-12-30
3672,Neha Patel,Male,21,4,2023-03-14
3673,Aarav Kumar,Male,19,7,2025-06-23
3674,Nisha Gupta,Male,42,6,2025-09-26
3675,Karan Gupta,Male,25,6,2025-02-27
3676,Rahul Gupta,Male,41,11,2023-01-09
3677,Neha Pandey,Female,30,3,2023-10-29
3678,Riya Chopra,Female,44,10,2024-08-21
3679,Aditya Joshi,Male,21,6,2023-07-04
3680,Arjun Mehta,Female,28,5,2023-05-18
3681,Karan Chopra,Male,24,3,2024-01-24
3682,Aditi Pandey,Male,32,3,2025-01-25
3683,Isha Mishra,Female,36,4,2023-04-24
3684,Karan Malhotra,Male,23,9,2026-06-28
3685,Sneha Pandey,Male,40,5,2024-08-09
3686,Ananya Joshi,Male,49,2,2023-08-08
3687,Aarav Joshi,Female,19,9,2023-01-26
3688,Kabir Pandey,Female,20,8,2026-05-06
3689,Diya Mehta,Male,49,12,2025-01-29
3690,Meera Mehta,Male,39,6,2026-01-10
3691,Ananya Patel,Male,48,8,2025-09-18
3692,Rahul Joshi,Female,41,5,2026-06-12
3693,Varun Malhotra,Male,41,8,2026-02-10
3694,Priya Kapoor,Female,23,5,2025-09-05
3695,Riya Kumar,Female,34,2,2025-12-22
3696,Isha Singh,Male,30,12,2025-12-30
3697,Nisha Mishra,Female,45,9,2023-11-22
3698,Ananya Mehta,Male,19,7,2025-01-29
3699,Diya Mishra,Male,18,5,2026-06-13
3700,Aditi Singh,Male,36,8,2026-01-12
3701,Rohan Malhotra,Male,50,2,2023-05-15
3702,Aditya Malhotra,Female,50,3,2023-05-23
3703,Neha Pandey,Female,37,2,2023-09-13
3704,Aditi Gupta,Male,32,2,2025-08-05
3705,Aditi Mishra,Male,27,1,2024-05-17
3706,Sneha Joshi,Female,50,9,2025-03-13
3707,Riya Malhotra,Male,24,2,2023-06-28
3708,Aditya Joshi,Male,22,10,2023-03-18
3709,Neha Sharma,Female,34,11,2025-09-11
3710,Vikram Joshi,Female,30,2,2024-01-08
3711,Aditi Singh,Female,34,8,2023-02-25
3712,Rahul Mehta,Male,47,5,2023-10-03
3713,Diya Kapoor,Male,26,11,2024-02-17
3714,Rahul Joshi,Male,46,5,2024-06-01
3715,Riya Verma,Female,24,4,2026-02-19
3716,Priya Verma,Male,28,3,2023-09-11
3717,Varun Gupta,Male,18,11,2025-02-10
3718,Kabir Gupta,Male,40,2,2023-12-17
3719,Rohan Kapoor,Female,46,10,2024-09-28
3720,Kabir Gupta,Female,47,2,2024-01-14
3721,Aditya Mishra,Female,23,7,2024-03-15
3722,Rohan Singh,Male,43,5,2025-02-04
3723,Neha Verma,Female,22,1,2025-01-23
3724,Nisha Mishra,Male,38,2,2023-06-22
3725,Nisha Patel,Male,41,3,2023-07-20
3726,Arjun Kumar,Male,23,9,2023-11-04
3727,Rohan Shah,Female,21,9,2026-02-22
3728,Vikram Shah,Male,20,2,2024-02-09
3729,Riya Chopra,Female,41,5,2025-01-07
3730,Arjun Verma,Male,38,1,2024-07-27
3731,Aarav Malhotra,Male,21,8,2024-03-28
3732,Aditya Shah,Female,34,10,2023-02-18
3733,Arjun Shah,Female,44,11,2024-07-17
3734,Sneha Verma,Male,25,11,2026-06-29
3735,Aditi Mehta,Female,37,3,2026-04-16
3736,Rohan Patel,Male,27,3,2024-01-19
3737,Karan Verma,Male,26,11,2024-11-11
3738,Arjun Chopra,Female,30,2,2024-01-02
3739,Pooja Patel,Female,29,1,2026-03-22
3740,Varun Mehta,Male,34,3,2024-12-09
3741,Rohan Verma,Male,24,9,2026-03-20
3742,Rahul Joshi,Female,30,8,2025-12-26
3743,Sneha Gupta,Male,38,12,2024-02-23
3744,Ananya Kumar,Female,30,4,2024-08-06
3745,Aditi Gupta,Female,39,3,2024-12-28
3746,Vikram Shah,Female,21,4,2023-11-14
3747,Meera Gupta,Male,22,10,2025-11-27
3748,Pooja Joshi,Female,46,2,2024-12-23
3749,Neha Gupta,Male,33,12,2023-09-22
3750,Meera Verma,Male,38,6,2024-09-08
3751,Vikram Singh,Male,42,10,2025-11-15
3752,Varun Sharma,Male,22,10,2024-06-24
3753,Sneha Gupta,Female,50,5,2025-06-25
3754,Sneha Joshi,Female,31,9,2026-06-10
3755,Pooja Kapoor,Female,47,4,2024-03-03
3756,Priya Verma,Female,31,10,2026-06-25
3757,Meera Kumar,Female,31,10,2024-06-13
3758,Aditi Malhotra,Female,37,6,2024-12-18
3759,Aditya Singh,Female,24,2,2025-09-14
3760,Aarav Mehta,Female,38,12,2023-03-28
3761,Aditya Verma,Female,50,12,2025-06-14
3762,Rahul Singh,Male,39,7,2024-12-24
3763,Arjun Joshi,Other,20,12,2025-04-16
3764,Aditi Shah,Male,41,6,2026-05-01
3765,Isha Shah,Male,19,4,2024-09-11
3766,Nisha Shah,Female,21,5,2026-03-28
3767,Karan Kumar,Male,27,1,2024-12-26
3768,Neha Verma,Male,28,6,2023-10-03
3769,Kabir Patel,Male,18,8,2025-04-13
3770,Aarav Singh,Male,18,1,2023-08-31
3771,Aditya Sharma,Female,44,3,2026-02-22
3772,Sneha Verma,Female,33,9,2023-07-14
3773,Kabir Kumar,Male,24,10,2024-09-28
3774,Neha Mehta,Other,32,12,2025-11-12
3775,Arjun Gupta,Female,40,3,2023-01-12
3776,Vikram Chopra,Female,42,11,2024-09-17
3777,Diya Mehta,Male,27,2,2024-10-08
3778,Varun Pandey,Female,23,2,2024-03-07
3779,Rahul Singh,Male,49,9,2025-05-09
3780,Rohan Malhotra,Male,38,5,2024-02-19
3781,Meera Gupta,Female,50,10,2024-04-23
3782,Aditi Joshi,Male,28,3,2023-12-18
3783,Riya Gupta,Female,21,2,2025-03-08
3784,Rahul Gupta,Female,30,6,2026-02-01
3785,Aditya Kapoor,Male,28,1,2023-08-15
3786,Diya Singh,Male,41,3,2024-06-07
3787,Pooja Gupta,Female,41,2,2023-10-16
3788,Ananya Mishra,Female,20,3,2023-11-08
3789,Meera Sharma,Male,37,9,2026-05-25
3790,Rahul Malhotra,Other,29,2,2025-06-26
3791,Diya Malhotra,Female,38,7,2026-04-21
3792,Vikram Singh,Female,30,7,2025-03-22
3793,Kabir Kumar,Male,35,6,2025-05-01
3794,Pooja Verma,Female,41,5,2025-07-02
3795,Rohan Chopra,Female,27,8,2025-04-13
3796,Nisha Singh,Male,24,11,2025-11-15
3797,Pooja Gupta,Other,41,2,2024-02-21
3798,Rahul Patel,Female,49,10,2023-05-10
3799,Rahul Mishra,Female,32,1,2024-09-15
3800,Neha Agarwal,Female,50,5,2023-01-03
3801,Diya Shah,Female,24,6,2023-03-02
3802,Rahul Kapoor,Female,45,2,2023-03-06
3803,Sneha Kapoor,Female,50,1,2023-04-09
3804,Vikram Joshi,Male,27,1,2025-06-21
3805,Vikram Mishra,Male,22,1,2025-02-02
3806,Priya Joshi,Male,39,7,2026-04-08
3807,Ananya Mehta,Female,46,2,2024-01-06
3808,Riya Kapoor,Male,20,10,2024-02-27
3809,Aditya Malhotra,Female,39,11,2024-09-17
3810,Kabir Verma,Male,46,3,2025-09-24
3811,Aditi Mehta,Male,19,2,2026-04-03
3812,Sneha Patel,Female,35,4,2025-07-20
3813,Kabir Pandey,Female,20,11,2024-10-09
3814,Karan Mehta,Male,23,4,2026-06-02
3815,Aarav Pandey,Male,34,1,2023-08-20
3816,Nisha Kumar,Male,28,12,2024-08-24
3817,Karan Agarwal,Male,20,5,2023-11-12
3818,Sneha Gupta,Male,44,4,2023-08-01
3819,Sneha Mishra,Female,24,11,2024-05-21
3820,Riya Joshi,Male,46,12,2025-09-04
3821,Karan Singh,Male,23,5,2024-02-13
3822,Sneha Singh,Male,35,3,2025-11-11
3823,Rohan Singh,Male,41,5,2025-02-19
3824,Rohan Mehta,Other,33,2,2025-06-22
3825,Aditi Chopra,Male,31,5,2023-11-07
3826,Rahul Shah,Male,42,2,2026-01-07
3827,Ananya Chopra,Female,18,7,2023-09-18
3828,Ananya Malhotra,Female,45,9,2024-04-19
3829,Isha Kumar,Female,40,12,2025-09-27
3830,Sneha Pandey,Female,43,11,2025-05-31
3831,Rohan Pandey,Female,31,1,2024-01-18
3832,Ananya Patel,Female,30,2,2023-12-03
3833,Rohan Shah,Other,36,6,2024-07-07
3834,Arjun Mehta,Male,39,3,2024-07-24
3835,Rahul Pandey,Female,48,1,2023-03-17
3836,Isha Shah,Female,46,9,2023-11-06
3837,Neha Chopra,Female,19,4,2023-07-17
3838,Riya Gupta,Male,23,1,2023-07-17
3839,Rahul Malhotra,Female,49,6,2024-03-27
3840,Aditya Verma,Male,30,12,2023-02-15
3841,Arjun Agarwal,Female,37,8,2025-05-14
3842,Sneha Patel,Male,19,2,2025-05-07
3843,Neha Chopra,Female,21,6,2023-10-09
3844,Kabir Mishra,Female,31,11,2026-01-22
3845,Nisha Gupta,Male,41,1,2025-01-28
3846,Riya Mehta,Male,43,7,2024-02-06
3847,Rahul Kapoor,Male,47,9,2023-09-05
3848,Vikram Kumar,Female,24,8,2024-07-02
3849,Pooja Gupta,Female,24,2,2026-05-11
3850,Aditi Sharma,Female,35,11,2023-01-05
3851,Kabir Kumar,Male,36,3,2023-01-26
3852,Rahul Kapoor,Female,19,1,2024-06-11
3853,Rahul Malhotra,Female,32,1,2026-03-19
3854,Aditi Gupta,Male,47,5,2023-12-26
3855,Varun Kumar,Male,23,1,2025-08-12
3856,Ananya Mehta,Male,45,9,2025-01-03
3857,Rohan Patel,Male,32,11,2023-09-12
3858,Diya Chopra,Male,35,1,2026-03-06
3859,Arjun Patel,Male,39,10,2023-07-28
3860,Isha Malhotra,Male,41,12,2024-10-08
3861,Nisha Mishra,Male,39,1,2025-04-26
3862,Diya Malhotra,Male,21,9,2025-05-12
3863,Aarav Kapoor,Female,27,12,2025-12-26
3864,Ananya Verma,Female,45,10,2025-06-19
3865,Sneha Gupta,Male,19,6,2025-04-19
3866,Isha Verma,Female,41,11,2023-07-14
3867,Neha Agarwal,Female,35,8,2024-01-27
3868,Meera Pandey,Male,21,3,2024-03-18
3869,Rahul Gupta,Male,22,2,2024-04-18
3870,Ananya Singh,Male,50,6,2023-05-25
3871,Aditya Patel,Female,19,4,2023-05-02
3872,Aditya Malhotra,Male,18,3,2024-07-16
3873,Arjun Kapoor,Male,18,2,2025-07-12
3874,Rohan Chopra,Female,38,11,2026-02-07
3875,Karan Mishra,Other,48,8,2026-04-15
3876,Rahul Patel,Male,23,3,2024-09-06
3877,Meera Kapoor,Female,44,3,2026-02-20
3878,Rahul Malhotra,Female,41,2,2024-08-05
3879,Isha Patel,Female,25,1,2024-08-27
3880,Rohan Mishra,Female,20,7,2023-09-25
3881,Sneha Verma,Female,34,1,2025-03-12
3882,Pooja Chopra,Male,20,12,2024-02-01
3883,Aditi Chopra,Male,21,3,2024-09-11
3884,Meera Mishra,Female,33,1,2026-04-11
3885,Isha Joshi,Male,44,11,2024-11-28
3886,Rohan Patel,Other,50,4,2024-01-22
3887,Vikram Pandey,Male,38,4,2025-05-06
3888,Nisha Agarwal,Female,27,1,2025-07-22
3889,Vikram Joshi,Male,28,8,2025-02-13
3890,Rohan Agarwal,Male,38,4,2023-02-23
3891,Rohan Patel,Female,23,10,2023-10-16
3892,Nisha Malhotra,Male,35,7,2023-06-13
3893,Priya Pandey,Female,43,11,2026-05-05
3894,Pooja Patel,Female,45,7,2024-02-02
3895,Karan Joshi,Female,19,9,2024-08-28
3896,Neha Shah,Female,27,8,2026-02-25
3897,Karan Agarwal,Female,26,5,2026-06-19
3898,Meera Mishra,Female,36,8,2023-10-08
3899,Rahul Mehta,Male,24,8,2026-01-02
3900,Rahul Shah,Female,49,1,2025-07-17
3901,Vikram Gupta,Female,48,8,2025-02-23
3902,Aarav Joshi,Male,28,3,2023-08-02
3903,Kabir Joshi,Female,31,6,2025-06-01
3904,Meera Agarwal,Male,32,1,2025-02-21
3905,Karan Mishra,Female,19,1,2024-07-23
3906,Vikram Chopra,Male,47,1,2025-01-19
3907,Riya Kapoor,Female,43,2,2023-09-27
3908,Aditi Kumar,Male,28,1,2025-03-05
3909,Arjun Joshi,Female,36,2,2023-07-15
3910,Arjun Joshi,Male,30,6,2024-01-01
3911,Rohan Sharma,Female,25,4,2024-09-24
3912,Arjun Joshi,Female,28,12,2023-07-27
3913,Aditi Pandey,Female,21,10,2026-03-12
3914,Riya Chopra,Male,44,2,2026-02-06
3915,Ananya Agarwal,Male,39,4,2024-08-28
3916,Vikram Mehta,Male,48,5,2024-12-28
3917,Aarav Joshi,Female,18,4,2024-01-08
3918,Riya Sharma,Male,38,5,2023-09-28
3919,Aditi Mehta,Female,36,8,2026-05-12
3920,Karan Joshi,Male,38,7,2024-06-11
3921,Rahul Singh,Female,50,4,2026-05-02
3922,Aditi Sharma,Male,30,8,2023-03-27
3923,Aditi Chopra,Male,22,3,2023-05-17
3924,Riya Kumar,Male,18,10,2024-08-30
3925,Aditi Kumar,Male,34,12,2025-09-25
3926,Pooja Singh,Male,23,3,2024-06-25
3927,Isha Malhotra,Male,22,10,2025-12-08
3928,Rohan Kumar,Female,22,10,2023-06-19
3929,Isha Joshi,Other,27,5,2025-12-29
3930,Neha Malhotra,Male,21,1,2024-07-21
3931,Aditi Sharma,Female,34,10,2023-12-30
3932,Rahul Mishra,Male,39,4,2025-03-27
3933,Aarav Verma,Male,27,2,2025-09-21
3934,Sneha Kumar,Male,22,7,2026-03-31
3935,Aditya Singh,Male,36,5,2023-04-22
3936,Sneha Joshi,Male,20,1,2025-06-16
3937,Vikram Patel,Female,42,12,2024-02-06
3938,Karan Pandey,Female,30,3,2024-10-03
3939,Rohan Mehta,Female,31,6,2024-08-12
3940,Ananya Kapoor,Female,26,8,2025-09-10
3941,Aarav Singh,Male,27,1,2024-05-23
3942,Neha Sharma,Female,22,9,2023-12-24
3943,Pooja Kumar,Male,36,7,2024-09-14
3944,Priya Malhotra,Male,22,5,2025-05-04
3945,Vikram Kumar,Male,40,6,2025-12-16
3946,Nisha Shah,Male,26,12,2023-01-07
3947,Aditya Chopra,Female,36,11,2024-12-27
3948,Rohan Shah,Male,35,1,2023-04-03
3949,Diya Patel,Male,38,4,2025-03-02
3950,Neha Agarwal,Female,43,6,2025-03-08
3951,Arjun Malhotra,Other,36,11,2025-12-27
3952,Rohan Kapoor,Female,46,10,2023-09-03
3953,Meera Shah,Female,26,4,2025-10-11
3954,Varun Kapoor,Female,42,11,2025-05-29
3955,Sneha Mishra,Male,29,4,2025-04-29
3956,Ananya Chopra,Male,38,3,2025-03-24
3957,Riya Verma,Male,34,7,2024-12-02
3958,Nisha Chopra,Male,47,4,2023-03-23
3959,Rohan Joshi,Other,26,7,2025-11-04
3960,Isha Mishra,Female,35,4,2024-05-16
3961,Pooja Pandey,Other,23,10,2023-05-14
3962,Sneha Verma,Female,38,12,2025-02-21
3963,Varun Gupta,Female,19,3,2026-04-24
3964,Ananya Verma,Female,31,6,2025-06-30
3965,Varun Joshi,Female,18,9,2023-11-11
3966,Aditya Verma,Male,28,2,2025-11-08
3967,Rahul Chopra,Male,33,10,2025-12-17
3968,Pooja Malhotra,Female,28,7,2024-02-26
3969,Vikram Pandey,Male,30,2,2024-10-29
3970,Varun Patel,Female,22,11,2025-12-04
3971,Pooja Joshi,Male,41,5,2023-07-21
3972,Varun Verma,Female,44,2,2024-03-28
3973,Aditi Mishra,Male,33,2,2024-08-05
3974,Sneha Gupta,Male,19,10,2023-01-09
3975,Nisha Verma,Female,20,12,2023-08-02
3976,Sneha Singh,Male,40,4,2025-02-17
3977,Aditi Pandey,Female,48,1,2023-12-03
3978,Kabir Verma,Male,46,1,2023-11-05
3979,Aditi Kapoor,Male,31,8,2024-01-14
3980,Aarav Agarwal,Male,34,4,2023-06-08
3981,Varun Agarwal,Female,23,5,2025-03-24
3982,Aditya Gupta,Female,20,3,2023-11-26
3983,Sneha Sharma,Male,43,5,2025-04-12
3984,Karan Kumar,Male,32,7,2025-11-23
3985,Neha Singh,Female,34,6,2024-09-03
3986,Riya Chopra,Female,29,2,2026-03-13
3987,Aditya Mehta,Male,28,5,2023-09-08
3988,Aditi Kumar,Male,50,5,2026-05-13
3989,Diya Verma,Male,44,6,2024-02-16
3990,Meera Malhotra,Male,40,1,2024-01-22
3991,Aditi Gupta,Female,30,2,2026-06-04
3992,Aditi Chopra,Other,41,6,2024-08-05
3993,Rohan Verma,Other,29,3,2025-08-12
3994,Ananya Shah,Female,35,7,2025-10-21
3995,Diya Chopra,Male,22,4,2024-07-26
3996,Isha Gupta,Other,41,2,2024-02-10
3997,Rohan Sharma,Male,19,8,2024-09-19
3998,Neha Mehta,Male,41,4,2024-05-06
3999,Isha Gupta,Female,37,2,2024-06-15
4000,Kabir Singh,Male,20,10,2023-10-30
4001,Meera Mishra,Female,34,5,2026-03-14
4002,Neha Kapoor,Other,25,11,2024-12-31
4003,Nisha Gupta,Female,33,2,2025-10-14
4004,Pooja Malhotra,Female,18,11,2025-04-21
4005,Rahul Singh,Male,41,10,2024-03-26
4006,Neha Shah,Male,34,1,2024-02-11
4007,Sneha Sharma,Female,29,6,2026-06-08
4008,Isha Chopra,Female,46,8,2023-01-31
4009,Priya Agarwal,Female,39,5,2024-01-12
4010,Neha Verma,Male,38,4,2025-07-28
4011,Meera Gupta,Male,22,12,2024-11-28
4012,Isha Mehta,Male,34,8,2025-02-26
4013,Kabir Mishra,Female,41,12,2023-01-28
4014,Isha Malhotra,Female,48,11,2023-10-07
4015,Vikram Kapoor,Female,37,10,2025-02-04
4016,Vikram Agarwal,Male,23,9,2024-02-06
4017,Pooja Pandey,Female,40,7,2024-08-23
4018,Arjun Joshi,Male,20,11,2026-05-07
4019,Isha Joshi,Male,28,7,2025-03-25
4020,Karan Chopra,Male,48,1,2025-03-15
4021,Rahul Singh,Female,44,7,2023-09-08
4022,Isha Pandey,Male,47,1,2025-01-30
4023,Rohan Sharma,Male,29,12,2026-05-10
4024,Pooja Gupta,Female,40,7,2025-03-27
4025,Vikram Pandey,Female,41,6,2025-09-29
4026,Diya Mehta,Male,26,2,2026-05-03
4027,Diya Gupta,Male,49,6,2026-02-24
4028,Ananya Gupta,Female,50,4,2024-03-10
4029,Isha Joshi,Female,21,8,2024-01-13
4030,Aarav Pandey,Female,43,7,2023-12-25
4031,Sneha Verma,Male,32,5,2025-09-10
4032,Kabir Sharma,Female,40,3,2024-04-26
4033,Meera Kumar,Female,36,6,2025-11-16
4034,Karan Shah,Male,25,5,2025-10-19
4035,Varun Patel,Male,21,11,2025-04-30
4036,Meera Shah,Other,34,11,2023-06-04
4037,Neha Mishra,Male,45,9,2025-06-28
4038,Rahul Patel,Female,45,3,2023-09-22
4039,Karan Pandey,Female,27,1,2024-12-06
4040,Varun Chopra,Male,46,12,2023-10-19
4041,Neha Joshi,Female,29,12,2023-03-21
4042,Rohan Kumar,Male,36,2,2025-03-23
4043,Isha Pandey,Female,28,8,2024-07-30
4044,Meera Agarwal,Female,35,5,2025-03-30
4045,Aarav Agarwal,Female,35,2,2024-09-18
4046,Karan Shah,Male,41,12,2024-04-19
4047,Isha Joshi,Female,33,12,2023-01-20
4048,Arjun Pandey,Female,35,12,2023-12-19
4049,Neha Pandey,Female,39,2,2026-01-29
4050,Aditi Singh,Female,31,5,2025-08-21
4051,Nisha Sharma,Male,35,11,2024-08-15
4052,Karan Kumar,Female,20,8,2023-02-10
4053,Varun Pandey,Male,46,5,2026-06-11
4054,Nisha Patel,Male,22,6,2025-08-01
4055,Meera Chopra,Female,46,1,2023-01-29
4056,Pooja Sharma,Female,43,7,2023-09-26
4057,Pooja Mehta,Other,49,11,2023-08-06
4058,Arjun Kapoor,Male,18,1,2026-02-26
4059,Riya Verma,Male,25,2,2026-05-03
4060,Aarav Mishra,Female,19,6,2024-06-12
4061,Varun Gupta,Male,31,6,2023-08-16
4062,Varun Mishra,Female,47,4,2025-03-31
4063,Pooja Singh,Female,43,1,2023-12-15
4064,Meera Shah,Male,41,9,2023-06-04
4065,Varun Kapoor,Male,45,3,2023-11-27
4066,Ananya Verma,Male,18,7,2023-11-21
4067,Diya Sharma,Female,43,6,2023-03-10
4068,Ananya Verma,Female,28,5,2025-06-13
4069,Riya Malhotra,Male,40,7,2024-03-25
4070,Karan Pandey,Male,43,8,2024-12-03
4071,Rahul Kumar,Male,40,7,2024-12-03
4072,Aditya Kumar,Male,31,6,2025-09-10
4073,Ananya Malhotra,Female,38,5,2025-08-31
4074,Pooja Joshi,Female,33,5,2024-12-20
4075,Diya Chopra,Male,38,5,2025-12-06
4076,Kabir Joshi,Female,33,5,2024-12-28
4077,Diya Chopra,Male,31,5,2023-02-03
4078,Ananya Shah,Male,24,2,2025-12-31
4079,Rohan Mehta,Female,30,9,2025-09-09
4080,Neha Sharma,Male,41,2,2024-06-26
4081,Aditya Verma,Male,46,11,2024-05-08
4082,Priya Malhotra,Female,21,7,2026-02-16
4083,Ananya Mehta,Female,24,1,2024-06-27
4084,Riya Shah,Male,34,8,2024-04-20
4085,Aarav Kapoor,Female,41,4,2025-07-24
4086,Aarav Joshi,Male,23,12,2024-02-24
4087,Nisha Agarwal,Female,28,12,2024-05-30
4088,Aditya Singh,Male,19,11,2025-09-22
4089,Riya Pandey,Female,19,6,2023-10-13
4090,Diya Sharma,Male,22,11,2023-01-15
4091,Rahul Kapoor,Female,42,7,2024-03-05
4092,Rahul Shah,Female,46,11,2023-08-08
4093,Kabir Agarwal,Male,34,2,2024-04-06
4094,Aarav Pandey,Female,23,11,2023-04-02
4095,Riya Mehta,Male,48,8,2025-01-22
4096,Meera Pandey,Female,27,3,2024-10-15
4097,Varun Malhotra,Male,23,12,2023-12-14
4098,Aarav Kapoor,Male,22,8,2025-03-13
4099,Sneha Sharma,Female,29,11,2023-07-04
4100,Kabir Singh,Male,42,1,2023-01-14
4101,Nisha Malhotra,Female,31,6,2024-08-31
4102,Rohan Sharma,Female,32,8,2023-07-26
4103,Aarav Agarwal,Male,29,1,2025-12-29
4104,Priya Pandey,Male,49,9,2024-01-22
4105,Aditya Mishra,Female,40,8,2024-07-01
4106,Varun Verma,Female,39,3,2024-01-11
4107,Vikram Shah,Male,32,8,2024-07-07
4108,Rohan Verma,Male,35,2,2023-05-05
4109,Nisha Joshi,Female,47,10,2026-04-07
4110,Aarav Pandey,Female,39,11,2023-08-09
4111,Sneha Verma,Female,44,5,2024-05-20
4112,Diya Sharma,Male,19,6,2025-12-17
4113,Pooja Sharma,Female,46,4,2024-06-28
4114,Riya Joshi,Female,49,4,2025-06-13
4115,Meera Pandey,Male,40,11,2023-03-29
4116,Nisha Verma,Male,49,3,2024-01-14
4117,Aarav Verma,Male,36,4,2025-08-28
4118,Sneha Malhotra,Female,27,3,2023-12-03
4119,Aditi Singh,Male,38,8,2024-06-12
4120,Karan Chopra,Female,38,10,2023-04-13
4121,Rohan Shah,Female,22,2,2024-10-06
4122,Pooja Agarwal,Male,24,3,2024-03-21
4123,Isha Mishra,Female,27,1,2026-01-03
4124,Neha Joshi,Female,36,2,2024-05-23
4125,Rahul Pandey,Male,22,4,2025-11-22
4126,Meera Gupta,Female,43,9,2026-02-28
4127,Pooja Verma,Female,21,6,2025-12-07
4128,Sneha Kapoor,Male,49,1,2025-08-06
4129,Meera Sharma,Female,40,7,2025-01-15
4130,Isha Mishra,Female,29,10,2024-09-03
4131,Aditya Chopra,Male,30,4,2023-04-14
4132,Nisha Shah,Other,40,3,2023-06-22
4133,Karan Patel,Female,20,9,2024-04-30
4134,Sneha Joshi,Female,41,1,2025-04-17
4135,Vikram Agarwal,Male,36,10,2023-01-07
4136,Neha Singh,Male,25,10,2026-04-10
4137,Riya Malhotra,Male,47,11,2026-06-21
4138,Varun Kapoor,Female,38,1,2023-04-10
4139,Nisha Shah,Female,23,1,2023-05-04
4140,Pooja Agarwal,Female,39,11,2025-12-19
4141,Meera Verma,Male,31,5,2023-09-13
4142,Priya Joshi,Female,43,4,2023-08-19
4143,Riya Malhotra,Female,34,7,2023-08-28
4144,Rahul Gupta,Female,50,1,2025-06-14
4145,Neha Kumar,Female,48,7,2023-06-19
4146,Aarav Patel,Female,19,12,2023-08-23
4147,Nisha Verma,Male,31,8,2024-05-22
4148,Rahul Joshi,Female,24,5,2025-02-05
4149,Aditi Gupta,Female,32,12,2026-06-18
4150,Varun Malhotra,Female,22,8,2023-10-31
4151,Aditya Gupta,Male,35,1,2023-11-22
4152,Rahul Chopra,Other,23,8,2024-11-22
4153,Neha Gupta,Male,38,1,2024-06-17
4154,Neha Mishra,Male,32,3,2025-02-05
4155,Aditya Sharma,Male,50,7,2023-11-11
4156,Pooja Joshi,Male,46,2,2025-02-28
4157,Riya Patel,Male,37,1,2026-03-27
4158,Diya Singh,Female,32,7,2025-05-21
4159,Aditya Joshi,Female,41,3,2025-07-27
4160,Arjun Pandey,Male,40,6,2023-03-30
4161,Karan Mishra,Female,22,3,2026-02-26
4162,Karan Patel,Female,30,8,2025-06-17
4163,Karan Gupta,Female,50,11,2025-03-11
4164,Kabir Chopra,Male,28,1,2023-07-17
4165,Arjun Malhotra,Male,18,10,2024-12-08
4166,Karan Singh,Female,45,2,2025-05-14
4167,Arjun Agarwal,Female,48,3,2025-03-07
4168,Diya Joshi,Female,39,4,2023-06-08
4169,Aditya Kapoor,Male,38,2,2023-02-22
4170,Aarav Mehta,Female,29,1,2024-09-04
4171,Karan Kumar,Female,29,9,2025-07-04
4172,Vikram Gupta,Female,48,10,2024-05-08
4173,Rahul Agarwal,Female,46,12,2025-05-28
4174,Rohan Gupta,Female,34,12,2026-05-20
4175,Kabir Agarwal,Female,28,5,2026-02-09
4176,Sneha Agarwal,Female,24,2,2025-03-16
4177,Riya Agarwal,Female,18,1,2025-07-18
4178,Karan Sharma,Female,33,6,2023-04-23
4179,Meera Patel,Male,36,11,2023-04-19
4180,Riya Joshi,Female,40,3,2025-06-14
4181,Varun Malhotra,Female,44,2,2025-10-19
4182,Meera Mishra,Female,30,5,2023-09-05
4183,Isha Mehta,Male,23,11,2025-01-26
4184,Priya Mishra,Female,45,5,2024-01-01
4185,Riya Gupta,Female,43,9,2023-05-19
4186,Isha Mehta,Male,35,5,2024-04-28
4187,Vikram Sharma,Male,19,4,2024-07-25
4188,Neha Agarwal,Male,33,5,2025-09-18
4189,Aditya Gupta,Female,38,9,2026-01-08
4190,Vikram Singh,Female,46,9,2026-04-20
4191,Varun Agarwal,Female,34,5,2023-05-14
4192,Pooja Malhotra,Male,33,3,2026-03-26
4193,Varun Sharma,Female,30,2,2024-10-23
4194,Diya Sharma,Female,31,1,2023-08-06
4195,Sneha Joshi,Other,18,1,2025-04-06
4196,Diya Patel,Male,21,2,2023-03-19
4197,Vikram Gupta,Male,42,8,2024-08-12
4198,Karan Kapoor,Female,29,10,2025-11-24
4199,Aditya Singh,Male,46,9,2026-05-25
4200,Priya Malhotra,Female,31,9,2024-01-04
4201,Diya Mehta,Female,50,12,2023-08-11
4202,Karan Gupta,Male,23,12,2025-01-14
4203,Meera Gupta,Male,24,3,2023-07-20
4204,Arjun Singh,Female,37,2,2026-06-03
4205,Diya Sharma,Female,44,2,2024-02-23
4206,Pooja Patel,Female,22,11,2023-08-27
4207,Kabir Mishra,Male,34,1,2023-11-01
4208,Kabir Pandey,Female,25,4,2024-04-23
4209,Arjun Mehta,Male,42,6,2025-08-05
4210,Neha Malhotra,Female,36,7,2026-01-12
4211,Aarav Malhotra,Female,39,7,2025-07-29
4212,Kabir Pandey,Male,26,10,2025-04-10
4213,Priya Singh,Female,27,7,2023-12-11
4214,Rohan Patel,Female,39,11,2026-04-12
4215,Rohan Patel,Male,29,1,2026-06-30
4216,Isha Sharma,Female,40,11,2025-03-17
4217,Diya Patel,Female,23,7,2025-09-26
4218,Ananya Mishra,Female,27,2,2024-01-23
4219,Sneha Mishra,Male,21,12,2024-07-25
4220,Meera Verma,Female,20,12,2025-10-25
4221,Varun Kumar,Male,26,11,2024-06-25
4222,Sneha Mehta,Female,34,11,2025-08-27
4223,Isha Joshi,Female,22,4,2026-01-03
4224,Diya Malhotra,Male,21,2,2026-04-07
4225,Neha Sharma,Male,46,2,2024-01-08
4226,Arjun Pandey,Female,35,11,2024-08-31
4227,Meera Shah,Male,41,10,2024-05-07
4228,Vikram Kapoor,Female,41,12,2024-10-04
4229,Nisha Kapoor,Female,21,11,2025-08-06
4230,Rohan Joshi,Female,38,7,2024-02-18
4231,Aditya Mehta,Male,46,2,2023-10-25
4232,Sneha Gupta,Male,32,2,2023-12-10
4233,Sneha Malhotra,Male,46,5,2025-09-05
4234,Rohan Sharma,Female,49,9,2026-06-26
4235,Neha Pandey,Other,36,2,2023-05-12
4236,Neha Kumar,Female,21,11,2026-06-01
4237,Sneha Kumar,Male,38,8,2023-02-11
4238,Priya Patel,Male,47,3,2024-11-07
4239,Aditya Shah,Male,37,11,2023-06-20
4240,Sneha Gupta,Other,44,7,2026-05-04
4241,Nisha Gupta,Male,35,9,2025-08-30
4242,Meera Gupta,Male,31,4,2024-03-30
4243,Priya Kapoor,Female,49,4,2025-05-26
4244,Pooja Shah,Female,23,1,2025-12-21
4245,Nisha Singh,Male,32,6,2023-10-05
4246,Aditi Mishra,Female,23,9,2025-03-21
4247,Varun Patel,Male,39,12,2024-01-18
4248,Aarav Kapoor,Male,48,11,2025-07-04
4249,Aditi Sharma,Male,50,1,2024-12-25
4250,Varun Joshi,Male,25,12,2025-07-06
4251,Arjun Kapoor,Other,42,2,2025-03-24
4252,Priya Malhotra,Female,46,1,2025-03-22
4253,Nisha Singh,Female,45,9,2023-04-19
4254,Vikram Pandey,Male,34,11,2025-12-24
4255,Rahul Shah,Female,23,12,2023-08-08
4256,Rahul Kumar,Female,33,10,2024-05-15
4257,Nisha Kapoor,Male,43,2,2024-10-14
4258,Nisha Agarwal,Other,38,2,2025-12-20
4259,Neha Singh,Female,30,1,2025-03-14
4260,Priya Pandey,Female,25,7,2023-08-23
4261,Vikram Patel,Male,39,5,2024-01-01
4262,Rohan Agarwal,Female,32,1,2023-09-13
4263,Ananya Verma,Female,33,5,2025-01-24
4264,Riya Patel,Female,48,6,2025-07-05
4265,Riya Malhotra,Female,18,9,2025-06-24
4266,Pooja Joshi,Male,25,4,2025-08-15
4267,Nisha Pandey,Female,48,3,2025-06-15
4268,Aditya Shah,Female,48,8,2026-02-26
4269,Neha Verma,Female,27,8,2026-03-03
4270,Aarav Patel,Male,50,3,2023-12-17
4271,Aarav Mehta,Male,24,1,2024-01-24
4272,Pooja Joshi,Male,19,12,2023-03-13
4273,Aarav Joshi,Male,28,9,2023-12-08
4274,Aditya Pandey,Other,35,2,2024-10-10
4275,Aditi Agarwal,Male,18,6,2025-04-21
4276,Rahul Sharma,Female,23,7,2026-01-22
4277,Sneha Kumar,Female,44,2,2025-01-28
4278,Riya Kapoor,Female,38,2,2026-05-25
4279,Riya Kumar,Male,37,12,2024-12-07
4280,Aarav Verma,Female,50,6,2025-12-31
4281,Isha Mehta,Female,25,2,2025-10-28
4282,Riya Kumar,Female,47,10,2024-09-17
4283,Nisha Gupta,Male,29,5,2026-01-19
4284,Priya Agarwal,Female,48,7,2026-01-07
4285,Arjun Patel,Male,43,3,2024-02-03
4286,Riya Malhotra,Female,25,1,2023-10-01
4287,Riya Joshi,Male,24,2,2023-06-05
4288,Nisha Mishra,Male,35,12,2026-03-22
4289,Pooja Verma,Female,34,7,2024-07-18
4290,Meera Verma,Male,25,10,2024-12-24
4291,Aditya Patel,Female,26,1,2023-12-16
4292,Vikram Kumar,Female,47,9,2024-05-12
4293,Nisha Patel,Male,42,5,2024-05-29
4294,Vikram Agarwal,Male,24,8,2025-01-12
4295,Pooja Singh,Male,41,4,2023-08-12
4296,Neha Verma,Female,23,7,2025-09-28
4297,Karan Kumar,Female,32,1,2024-05-13
4298,Pooja Agarwal,Male,18,1,2023-11-03
4299,Varun Pandey,Female,39,10,2023-01-19
4300,Rahul Agarwal,Male,24,2,2023-05-11
4301,Aarav Malhotra,Female,25,1,2023-12-10
4302,Aarav Chopra,Female,24,11,2025-07-25
4303,Pooja Chopra,Male,24,3,2025-12-27
4304,Kabir Singh,Female,20,7,2026-05-01
4305,Pooja Malhotra,Male,36,10,2024-01-16
4306,Sneha Agarwal,Female,46,9,2025-03-24
4307,Vikram Patel,Female,27,1,2023-12-09
4308,Vikram Kapoor,Female,43,6,2023-07-02
4309,Nisha Joshi,Female,35,6,2024-11-24
4310,Karan Joshi,Female,26,4,2025-04-01
4311,Arjun Verma,Male,20,9,2025-08-29
4312,Aarav Kapoor,Female,43,12,2023-05-29
4313,Rahul Pandey,Male,18,2,2025-08-11
4314,Neha Gupta,Female,31,2,2024-01-23
4315,Arjun Mehta,Male,19,9,2023-12-22
4316,Varun Sharma,Other,43,5,2023-02-10
4317,Ananya Sharma,Female,50,10,2023-09-19
4318,Rahul Shah,Male,28,2,2024-09-14
4319,Sneha Joshi,Female,28,1,2023-08-30
4320,Arjun Mehta,Female,36,8,2024-02-15
4321,Karan Patel,Male,34,12,2024-11-07
4322,Neha Shah,Female,30,1,2023-05-05
4323,Aditya Singh,Female,30,11,2026-01-22
4324,Arjun Chopra,Female,24,4,2024-01-30
4325,Isha Patel,Male,26,1,2025-08-27
4326,Aditya Verma,Female,37,6,2025-04-06
4327,Isha Chopra,Male,42,3,2025-08-17
4328,Aditya Sharma,Female,42,8,2024-01-05
4329,Isha Chopra,Male,35,3,2023-08-08
4330,Rohan Singh,Male,42,5,2023-07-02
4331,Ananya Agarwal,Male,37,2,2023-10-20
4332,Nisha Agarwal,Male,29,10,2024-11-26
4333,Karan Chopra,Female,29,12,2025-03-08
4334,Priya Sharma,Female,35,4,2025-08-19
4335,Priya Chopra,Female,28,5,2026-05-15
4336,Vikram Shah,Female,43,12,2025-11-26
4337,Pooja Singh,Male,24,2,2024-03-31
4338,Aarav Patel,Male,19,10,2024-08-25
4339,Nisha Pandey,Female,34,6,2026-05-04
4340,Aditi Gupta,Female,20,11,2025-06-27
4341,Meera Kapoor,Female,24,3,2024-06-16
4342,Pooja Agarwal,Male,30,3,2025-11-30
4343,Aditya Sharma,Female,18,3,2023-06-23
4344,Vikram Malhotra,Male,25,1,2025-05-09
4345,Varun Malhotra,Female,35,2,2026-04-26
4346,Karan Patel,Male,30,12,2024-11-04
4347,Aditi Mishra,Female,47,3,2025-02-21
4348,Kabir Gupta,Male,21,1,2023-03-18
4349,Neha Mehta,Female,41,3,2025-02-11
4350,Rahul Pandey,Male,37,4,2024-01-06
4351,Kabir Gupta,Female,39,6,2026-06-23
4352,Rohan Pandey,Male,40,1,2024-02-13
4353,Varun Verma,Female,19,10,2024-02-05
4354,Kabir Joshi,Male,44,10,2024-05-19
4355,Meera Verma,Male,28,2,2025-06-09
4356,Sneha Chopra,Female,39,10,2026-04-29
4357,Sneha Agarwal,Male,27,4,2024-03-18
4358,Varun Pandey,Male,31,5,2023-09-24
4359,Neha Shah,Female,41,12,2025-09-03
4360,Sneha Chopra,Female,48,11,2024-11-22
4361,Karan Agarwal,Female,46,4,2024-08-03
4362,Aditi Joshi,Male,41,5,2026-06-19
4363,Rahul Mishra,Female,35,3,2024-09-24
4364,Aditi Kapoor,Female,35,6,2025-03-01
4365,Ananya Mishra,Male,49,8,2026-06-07
4366,Nisha Singh,Female,24,1,2023-09-24
4367,Nisha Joshi,Male,49,11,2026-02-26
4368,Pooja Chopra,Female,39,8,2026-05-11
4369,Aarav Singh,Female,38,1,2024-08-24
4370,Rahul Singh,Female,37,11,2024-03-05
4371,Arjun Shah,Female,44,9,2023-07-27
4372,Nisha Kumar,Male,40,3,2023-03-03
4373,Aditya Gupta,Male,21,6,2026-06-10
4374,Varun Patel,Female,43,11,2024-07-04
4375,Aarav Mehta,Female,42,12,2025-05-02
4376,Isha Kapoor,Female,48,3,2023-11-04
4377,Rohan Mishra,Male,48,8,2024-02-18
4378,Vikram Shah,Female,49,11,2025-11-11
4379,Priya Kapoor,Male,19,12,2025-04-18
4380,Priya Chopra,Male,38,1,2023-10-08
4381,Neha Patel,Female,48,6,2023-01-07
4382,Varun Pandey,Female,49,11,2025-11-12
4383,Nisha Singh,Female,36,1,2023-04-13
4384,Neha Verma,Other,48,5,2023-02-16
4385,Arjun Shah,Male,47,7,2024-01-19
4386,Ananya Pandey,Female,18,6,2026-04-01
4387,Rahul Patel,Female,47,9,2025-04-03
4388,Aditi Chopra,Female,39,1,2023-02-23
4389,Neha Joshi,Male,36,10,2026-03-17
4390,Kabir Patel,Male,23,3,2026-04-13
4391,Meera Patel,Male,48,10,2025-06-08
4392,Meera Gupta,Male,27,4,2023-04-05
4393,Isha Malhotra,Male,31,1,2023-01-19
4394,Meera Kumar,Female,27,12,2026-01-19
4395,Vikram Joshi,Female,49,10,2025-11-16
4396,Diya Singh,Male,33,4,2025-11-27
4397,Vikram Shah,Female,21,3,2024-09-13
4398,Riya Kapoor,Female,18,7,2025-01-29
4399,Varun Mishra,Female,50,12,2023-08-10
4400,Karan Verma,Female,25,3,2023-02-15
4401,Vikram Kapoor,Female,43,12,2023-10-10
4402,Diya Pandey,Male,18,3,2025-03-04
4403,Nisha Patel,Male,47,8,2024-05-28
4404,Isha Gupta,Female,39,4,2025-02-27
4405,Ananya Singh,Female,25,1,2024-07-16
4406,Priya Patel,Female,47,12,2024-12-12
4407,Ananya Kumar,Female,27,2,2026-04-29
4408,Vikram Patel,Male,50,12,2025-03-17
4409,Karan Patel,Male,37,1,2026-05-03
4410,Neha Kapoor,Female,32,3,2026-05-21
4411,Pooja Sharma,Male,19,12,2025-02-27
4412,Nisha Mehta,Female,26,8,2026-06-25
4413,Aditi Chopra,Female,19,2,2023-11-15
4414,Ananya Gupta,Female,46,7,2024-10-26
4415,Pooja Singh,Male,21,2,2023-04-06
4416,Karan Singh,Female,21,11,2023-04-28
4417,Arjun Sharma,Male,22,1,2023-06-19
4418,Aarav Joshi,Female,50,6,2023-06-21
4419,Rahul Sharma,Male,50,1,2024-06-07
4420,Rohan Patel,Female,41,8,2025-07-08
4421,Meera Shah,Female,20,12,2026-06-13
4422,Sneha Mishra,Male,34,10,2026-06-07
4423,Ananya Singh,Female,49,4,2023-08-17
4424,Riya Patel,Male,21,3,2024-07-10
4425,Kabir Kumar,Male,44,2,2024-07-04
4426,Aditya Pandey,Female,18,11,2023-05-06
4427,Meera Pandey,Female,44,1,2023-02-20
4428,Isha Verma,Male,35,7,2024-03-26
4429,Sneha Verma,Female,47,4,2025-12-29
4430,Sneha Kumar,Female,31,12,2024-05-06
4431,Riya Mishra,Female,43,6,2024-05-04
4432,Rahul Mishra,Male,45,6,2026-06-26
4433,Arjun Verma,Male,28,11,2024-04-26
4434,Pooja Malhotra,Female,39,12,2025-05-26
4435,Isha Gupta,Male,33,7,2026-06-07
4436,Diya Chopra,Male,32,10,2023-05-31
4437,Kabir Mishra,Female,44,7,2024-10-14
4438,Rahul Kumar,Male,25,5,2024-03-06
4439,Ananya Verma,Female,21,1,2023-06-01
4440,Rahul Malhotra,Male,33,8,2023-03-04
4441,Arjun Kumar,Female,45,8,2025-04-07
4442,Vikram Pandey,Female,23,1,2025-04-13
4443,Varun Mehta,Other,29,3,2024-12-18
4444,Priya Mishra,Female,40,9,2025-05-09
4445,Sneha Patel,Female,33,2,2025-07-07
4446,Sneha Gupta,Male,37,8,2023-03-15
4447,Rahul Patel,Female,35,8,2023-02-13
4448,Pooja Sharma,Female,44,4,2024-03-04
4449,Nisha Patel,Female,46,3,2024-12-26
4450,Aarav Kapoor,Male,32,4,2026-02-26
4451,Sneha Gupta,Male,32,4,2026-06-05
4452,Aarav Verma,Female,27,7,2025-11-21
4453,Rahul Verma,Female,32,9,2024-01-07
4454,Neha Verma,Male,45,11,2025-01-03
4455,Riya Mishra,Male,34,1,2023-05-29
4456,Neha Shah,Female,40,9,2024-09-10
4457,Varun Sharma,Male,31,3,2023-05-07
4458,Rohan Agarwal,Female,41,10,2026-06-21
4459,Rohan Agarwal,Male,41,1,2024-07-30
4460,Riya Shah,Male,35,6,2025-07-11
4461,Rohan Mehta,Male,48,6,2023-05-13
4462,Aarav Patel,Female,46,3,2026-05-01
4463,Diya Kumar,Female,23,12,2024-10-31
4464,Rahul Pandey,Male,25,1,2023-04-02
4465,Riya Chopra,Male,49,2,2024-04-15
4466,Aarav Joshi,Male,31,7,2023-09-28
4467,Neha Singh,Male,28,6,2023-03-30
4468,Rahul Chopra,Female,44,3,2023-02-09
4469,Riya Pandey,Male,37,3,2025-06-28
4470,Rahul Mehta,Female,22,2,2026-01-13
4471,Priya Chopra,Male,21,11,2025-04-22
4472,Rahul Kumar,Male,44,6,2025-06-05
4473,Ananya Joshi,Male,43,3,2023-02-17
4474,Aditya Joshi,Male,29,4,2023-08-15
4475,Nisha Agarwal,Male,46,11,2023-02-13
4476,Isha Shah,Male,22,11,2026-05-29
4477,Pooja Kumar,Male,46,1,2025-07-31
4478,Riya Mehta,Other,20,8,2026-05-05
4479,Nisha Mehta,Male,38,2,2026-03-01
4480,Diya Gupta,Male,45,2,2023-10-14
4481,Kabir Patel,Male,38,11,2024-10-15
4482,Kabir Verma,Female,43,11,2025-04-06
4483,Karan Kumar,Female,29,1,2025-08-04
4484,Rahul Gupta,Female,27,11,2025-05-03
4485,Aditi Mehta,Female,26,9,2024-08-01
4486,Isha Agarwal,Female,21,9,2023-01-06
4487,Isha Singh,Male,27,10,2026-04-13
4488,Diya Kapoor,Female,26,6,2025-05-29
4489,Rahul Mishra,Female,42,12,2025-12-03
4490,Rahul Malhotra,Male,25,2,2023-10-10
4491,Aditi Gupta,Female,23,6,2023-05-16
4492,Nisha Mehta,Male,42,3,2026-02-24
4493,Rahul Malhotra,Male,35,10,2025-10-26
4494,Aditi Joshi,Female,25,1,2025-12-06
4495,Rohan Gupta,Male,41,5,2024-07-16
4496,Rahul Kumar,Female,25,9,2026-03-02
4497,Ananya Malhotra,Other,43,3,2023-10-14
4498,Neha Patel,Female,19,3,2025-08-25
4499,Pooja Kapoor,Male,37,3,2024-09-23
4500,Riya Verma,Female,37,8,2023-07-30
4501,Riya Mehta,Female,30,3,2025-07-05
4502,Neha Pandey,Male,40,4,2024-04-05
4503,Diya Singh,Male,30,6,2023-07-22
4504,Aditi Kapoor,Female,39,12,2025-06-24
4505,Riya Kumar,Female,25,10,2025-09-12
4506,Ananya Patel,Male,36,2,2024-02-17
4507,Rahul Mishra,Male,42,11,2026-05-19
4508,Arjun Mehta,Other,49,11,2025-06-25
4509,Vikram Singh,Male,29,9,2023-01-29
4510,Nisha Mishra,Male,33,6,2024-03-05
4511,Priya Agarwal,Female,33,1,2026-05-29
4512,Riya Chopra,Male,46,8,2023-08-15
4513,Ananya Sharma,Male,49,6,2026-05-02
4514,Rohan Verma,Female,39,3,2024-10-23
4515,Diya Kapoor,Female,45,1,2025-05-12
4516,Meera Singh,Female,20,3,2025-05-26
4517,Aarav Singh,Male,43,7,2024-10-15
4518,Isha Agarwal,Female,44,1,2024-10-22
4519,Priya Patel,Female,41,8,2024-12-25
4520,Meera Verma,Female,37,10,2025-03-30
4521,Aditya Sharma,Female,47,3,2025-07-30
4522,Karan Kumar,Female,39,1,2024-07-13
4523,Meera Kapoor,Female,45,2,2024-07-10
4524,Priya Mishra,Female,23,4,2025-09-20
4525,Varun Verma,Male,39,10,2025-08-24
4526,Varun Gupta,Female,32,7,2025-04-10
4527,Aditya Joshi,Female,46,11,2024-08-11
4528,Aarav Mehta,Male,47,12,2025-01-03
4529,Ananya Joshi,Male,45,2,2024-12-30
4530,Kabir Mishra,Female,25,8,2024-07-09
4531,Aditya Malhotra,Male,34,5,2023-08-16
4532,Isha Kumar,Female,18,5,2024-11-15
4533,Vikram Shah,Female,50,3,2024-07-19
4534,Rahul Sharma,Male,26,4,2023-03-07
4535,Varun Mishra,Male,38,8,2026-05-05
4536,Rohan Joshi,Female,34,7,2025-05-01
4537,Nisha Joshi,Male,47,3,2023-05-26
4538,Isha Mishra,Female,45,1,2023-09-19
4539,Kabir Joshi,Male,43,7,2024-12-30
4540,Ananya Kumar,Male,39,9,2026-01-03
4541,Sneha Patel,Female,21,6,2024-09-11
4542,Karan Kapoor,Male,48,1,2025-11-03
4543,Aditi Malhotra,Female,20,3,2023-06-13
4544,Neha Singh,Female,33,9,2024-11-05
4545,Karan Chopra,Male,30,9,2025-11-22
4546,Aarav Kapoor,Male,30,1,2025-12-17
4547,Diya Mehta,Female,50,5,2023-11-03
4548,Vikram Sharma,Female,25,5,2025-05-06
4549,Aarav Kumar,Female,37,8,2023-02-20
4550,Varun Sharma,Female,25,2,2023-06-30
4551,Riya Verma,Male,48,7,2026-02-23
4552,Isha Kumar,Male,42,12,2025-08-03
4553,Isha Verma,Female,31,4,2023-09-22
4554,Riya Patel,Female,20,3,2026-06-25
4555,Riya Kapoor,Female,23,1,2026-06-21
4556,Meera Patel,Male,26,1,2023-02-22
4557,Sneha Shah,Female,31,12,2023-02-02
4558,Varun Mishra,Female,47,12,2023-11-09
4559,Aditya Malhotra,Male,21,1,2025-10-10
4560,Priya Shah,Female,37,11,2025-02-02
4561,Pooja Mishra,Female,29,2,2024-10-16
4562,Ananya Patel,Male,19,6,2024-06-14
4563,Neha Agarwal,Male,38,8,2024-09-04
4564,Priya Gupta,Male,41,4,2025-03-25
4565,Arjun Chopra,Female,49,6,2023-03-23
4566,Isha Joshi,Male,34,7,2025-01-18
4567,Kabir Sharma,Male,28,2,2023-10-10
4568,Riya Patel,Male,46,12,2025-10-03
4569,Varun Shah,Male,26,2,2023-09-07
4570,Karan Patel,Male,40,1,2023-04-01
4571,Aditya Gupta,Female,49,12,2024-07-09
4572,Pooja Gupta,Male,18,5,2024-07-16
4573,Rahul Joshi,Male,48,4,2024-10-24
4574,Sneha Pandey,Male,24,3,2026-01-03
4575,Meera Agarwal,Male,33,1,2025-06-12
4576,Meera Kumar,Male,26,3,2024-04-08
4577,Ananya Singh,Female,22,4,2025-07-16
4578,Rahul Sharma,Female,41,6,2024-10-05
4579,Rohan Kumar,Female,33,5,2023-10-13
4580,Isha Pandey,Male,34,11,2023-01-28
4581,Pooja Chopra,Female,33,11,2023-01-06
4582,Aditi Kumar,Female,42,3,2023-10-14
4583,Neha Malhotra,Male,49,12,2025-11-11
4584,Isha Kumar,Male,34,11,2024-08-15
4585,Rahul Malhotra,Female,23,12,2024-07-30
4586,Ananya Joshi,Male,28,8,2024-05-24
4587,Aditya Chopra,Male,34,2,2023-11-23
4588,Nisha Joshi,Female,21,2,2025-07-01
4589,Priya Shah,Male,25,11,2023-01-17
4590,Sneha Kumar,Female,24,6,2025-02-20
4591,Aarav Sharma,Male,50,11,2026-04-11
4592,Aditya Singh,Male,31,9,2026-01-29
4593,Neha Joshi,Male,47,2,2024-04-16
4594,Pooja Malhotra,Male,36,4,2025-12-27
4595,Varun Malhotra,Female,34,12,2023-10-31
4596,Priya Chopra,Female,48,1,2023-11-05
4597,Rahul Patel,Female,40,8,2024-03-14
4598,Isha Kapoor,Female,25,12,2023-01-23
4599,Priya Chopra,Male,27,1,2023-12-06
4600,Pooja Kumar,Male,39,3,2025-12-27
4601,Diya Kumar,Male,18,6,2025-08-31
4602,Kabir Gupta,Female,23,11,2024-02-25
4603,Pooja Kumar,Female,20,6,2024-02-03
4604,Kabir Agarwal,Male,41,1,2024-03-19
4605,Riya Mishra,Female,32,2,2023-06-01
4606,Ananya Malhotra,Female,18,4,2023-07-22
4607,Aditi Patel,Male,42,3,2026-06-21
4608,Aarav Chopra,Female,39,2,2025-06-03
4609,Vikram Agarwal,Female,41,11,2025-05-15
4610,Ananya Patel,Female,23,1,2023-12-24
4611,Sneha Pandey,Male,46,10,2025-12-29
4612,Nisha Verma,Male,23,12,2023-08-14
4613,Rahul Sharma,Male,36,7,2026-05-22
4614,Kabir Verma,Female,36,7,2024-10-04
4615,Kabir Gupta,Female,25,2,2024-02-27
4616,Aarav Mishra,Female,30,6,2025-08-16
4617,Rahul Kumar,Male,19,4,2024-06-16
4618,Vikram Patel,Male,33,2,2023-12-11
4619,Sneha Kumar,Female,40,7,2025-05-22
4620,Diya Mehta,Male,28,1,2025-07-11
4621,Aarav Patel,Female,35,3,2025-02-09
4622,Meera Gupta,Female,49,8,2024-08-12
4623,Arjun Kapoor,Male,25,5,2024-02-24
4624,Rahul Gupta,Male,27,2,2024-05-30
4625,Neha Agarwal,Male,21,1,2026-01-21
4626,Aarav Singh,Male,35,3,2024-04-04
4627,Priya Chopra,Female,24,6,2026-05-20
4628,Aditi Pandey,Male,46,6,2023-07-05
4629,Rohan Verma,Male,27,2,2023-07-27
4630,Nisha Verma,Male,39,7,2024-02-29
4631,Arjun Shah,Male,24,12,2023-01-04
4632,Karan Kumar,Female,28,7,2026-01-27
4633,Sneha Kapoor,Female,23,6,2024-03-10
4634,Vikram Sharma,Female,36,7,2023-05-11
4635,Meera Patel,Female,18,11,2025-02-28
4636,Kabir Joshi,Male,20,12,2026-05-08
4637,Arjun Mishra,Female,34,1,2026-06-23
4638,Diya Patel,Male,36,2,2023-05-18
4639,Varun Agarwal,Female,28,1,2025-10-09
4640,Nisha Kapoor,Male,32,9,2024-04-07
4641,Varun Verma,Male,31,1,2025-12-03
4642,Meera Patel,Male,43,11,2025-02-13
4643,Priya Singh,Female,32,1,2025-07-23
4644,Aditya Kumar,Male,45,7,2025-12-05
4645,Varun Kapoor,Female,25,3,2026-02-17
4646,Rohan Kumar,Male,24,5,2023-07-03
4647,Karan Singh,Female,31,5,2025-07-13
4648,Karan Chopra,Female,20,9,2023-06-30
4649,Aditya Malhotra,Male,40,5,2026-04-20
4650,Neha Joshi,Male,30,5,2025-03-13
4651,Diya Malhotra,Male,30,9,2023-09-04
4652,Riya Singh,Female,35,12,2024-01-09
4653,Meera Chopra,Female,20,10,2026-02-17
4654,Rohan Mehta,Male,30,9,2025-04-03
4655,Nisha Mehta,Male,50,5,2023-10-20
4656,Meera Gupta,Male,38,11,2025-11-13
4657,Varun Malhotra,Male,36,5,2025-07-06
4658,Riya Kapoor,Female,34,12,2023-04-09
4659,Priya Mehta,Male,33,10,2023-12-28
4660,Neha Pandey,Male,48,2,2025-12-14
4661,Arjun Pandey,Female,48,1,2024-03-24
4662,Kabir Verma,Female,31,9,2023-02-17
4663,Arjun Chopra,Female,48,8,2025-02-10
4664,Kabir Mehta,Male,20,7,2026-02-21
4665,Vikram Shah,Female,28,12,2024-12-11
4666,Rohan Singh,Female,27,6,2026-05-30
4667,Pooja Patel,Female,41,4,2023-05-26
4668,Isha Kumar,Male,37,6,2025-05-02
4669,Karan Patel,Female,33,1,2025-04-09
4670,Sneha Chopra,Female,26,7,2026-06-10
4671,Aditya Joshi,Female,34,11,2024-10-27
4672,Aditi Singh,Female,26,1,2025-11-15
4673,Pooja Joshi,Female,34,11,2023-07-05
4674,Vikram Mishra,Female,29,10,2023-02-26
4675,Neha Agarwal,Female,47,1,2025-07-03
4676,Neha Joshi,Male,42,11,2023-01-05
4677,Vikram Patel,Male,23,9,2026-01-22
4678,Nisha Gupta,Female,49,5,2023-01-27
4679,Nisha Mishra,Female,39,3,2025-05-29
4680,Arjun Chopra,Female,29,3,2024-07-31
4681,Pooja Malhotra,Female,35,7,2025-04-04
4682,Rohan Mishra,Female,24,3,2025-03-07
4683,Karan Verma,Female,19,3,2024-07-21
4684,Aditya Chopra,Male,31,12,2024-09-06
4685,Isha Singh,Female,43,9,2024-10-04
4686,Riya Verma,Male,29,9,2025-05-14
4687,Aditya Kumar,Female,30,12,2025-06-26
4688,Aarav Mehta,Female,50,1,2024-07-28
4689,Varun Shah,Male,50,3,2024-03-26
4690,Nisha Patel,Male,33,8,2023-02-24
4691,Aditi Pandey,Male,19,5,2025-09-22
4692,Priya Agarwal,Female,40,1,2023-10-16
4693,Arjun Chopra,Male,41,10,2024-07-08
4694,Meera Mishra,Male,48,1,2026-06-21
4695,Arjun Kumar,Female,49,6,2025-09-29
4696,Pooja Mehta,Male,38,6,2024-03-17
4697,Sneha Gupta,Female,21,7,2024-08-29
4698,Neha Patel,Female,26,3,2024-02-19
4699,Meera Mishra,Male,41,1,2025-03-10
4700,Sneha Joshi,Male,38,11,2023-07-15
4701,Ananya Mehta,Other,32,12,2026-05-01
4702,Kabir Singh,Female,31,5,2026-06-14
4703,Sneha Joshi,Male,41,1,2024-01-17
4704,Rohan Chopra,Female,31,7,2023-10-22
4705,Priya Patel,Female,23,3,2024-11-19
4706,Karan Agarwal,Male,50,2,2025-04-05
4707,Nisha Kapoor,Female,29,2,2025-04-01
4708,Sneha Agarwal,Female,27,2,2023-02-23
4709,Diya Singh,Male,20,3,2025-06-26
4710,Isha Kapoor,Female,33,3,2023-03-26
4711,Vikram Gupta,Male,50,10,2024-03-12
4712,Riya Mehta,Male,23,5,2025-07-04
4713,Nisha Chopra,Male,26,5,2026-02-06
4714,Pooja Kapoor,Female,23,2,2025-03-22
4715,Karan Gupta,Female,21,11,2023-07-23
4716,Priya Pandey,Female,37,1,2025-05-18
4717,Priya Sharma,Male,27,3,2023-02-17
4718,Aditya Malhotra,Female,42,7,2023-10-22
4719,Vikram Shah,Female,31,8,2023-06-08
4720,Varun Joshi,Male,39,10,2026-06-11
4721,Meera Pandey,Male,20,4,2024-04-15
4722,Aarav Malhotra,Female,28,4,2024-12-14
4723,Isha Agarwal,Male,31,3,2025-10-06
4724,Kabir Kapoor,Female,19,6,2026-05-23
4725,Sneha Chopra,Female,31,4,2026-06-25
4726,Meera Singh,Male,33,3,2023-07-29
4727,Diya Agarwal,Other,31,1,2024-05-18
4728,Vikram Singh,Female,34,12,2024-06-01
4729,Nisha Shah,Female,44,1,2025-10-13
4730,Vikram Singh,Female,43,3,2024-03-04
4731,Varun Singh,Male,18,12,2023-10-23
4732,Rahul Pandey,Female,39,9,2025-08-22
4733,Karan Singh,Male,47,7,2024-09-24
4734,Aditi Mehta,Male,46,8,2025-08-12
4735,Sneha Chopra,Male,28,1,2024-04-30
4736,Aditya Gupta,Male,43,10,2024-09-13
4737,Neha Gupta,Male,44,3,2023-01-12
4738,Aditi Joshi,Male,30,12,2023-01-21
4739,Meera Singh,Other,46,3,2023-01-01
4740,Aditya Singh,Male,38,7,2023-08-12
4741,Rohan Sharma,Male,42,6,2024-03-19
4742,Aarav Mehta,Male,42,2,2023-03-06
4743,Aarav Patel,Female,43,4,2023-07-25
4744,Meera Sharma,Male,49,10,2025-12-17
4745,Vikram Kapoor,Female,46,2,2025-12-27
4746,Meera Kapoor,Female,31,12,2024-01-06
4747,Kabir Verma,Male,36,3,2026-04-23
4748,Ananya Patel,Other,39,7,2023-05-31
4749,Sneha Mishra,Male,46,7,2023-02-10
4750,Varun Malhotra,Female,30,5,2024-03-28
4751,Rahul Kumar,Male,28,8,2023-12-05
4752,Aditi Kumar,Female,42,9,2023-04-09
4753,Karan Singh,Female,49,7,2025-12-18
4754,Riya Pandey,Male,48,6,2026-06-04
4755,Rohan Mishra,Male,22,7,2023-12-12
4756,Arjun Mishra,Male,48,4,2024-02-07
4757,Riya Singh,Male,44,1,2025-07-06
4758,Sneha Patel,Other,23,2,2026-04-06
4759,Riya Gupta,Female,18,7,2024-01-02
4760,Aditya Patel,Female,24,12,2025-05-21
4761,Ananya Patel,Female,48,1,2023-01-30
4762,Vikram Kapoor,Female,42,6,2024-12-23
4763,Meera Gupta,Female,36,3,2026-06-14
4764,Aditya Mishra,Male,38,6,2024-08-30
4765,Diya Verma,Male,31,9,2025-03-30
4766,Isha Sharma,Male,47,9,2025-05-27
4767,Rohan Pandey,Male,23,9,2025-03-18
4768,Diya Chopra,Male,28,9,2025-05-26
4769,Isha Mehta,Male,24,1,2026-02-06
4770,Sneha Malhotra,Male,45,6,2023-01-14
4771,Rohan Singh,Male,35,3,2026-02-03
4772,Varun Gupta,Male,40,12,2026-03-05
4773,Pooja Joshi,Male,48,10,2026-02-28
4774,Pooja Mehta,Male,24,1,2024-04-14
4775,Meera Kapoor,Female,49,3,2025-01-14
4776,Rohan Singh,Female,22,5,2024-03-27
4777,Karan Kapoor,Female,42,12,2025-12-09
4778,Diya Agarwal,Male,41,1,2024-06-03
4779,Vikram Gupta,Male,45,6,2024-02-04
4780,Varun Sharma,Male,23,4,2025-05-25
4781,Sneha Kumar,Male,49,7,2023-03-05
4782,Sneha Agarwal,Male,44,7,2024-04-25
4783,Sneha Kapoor,Other,21,3,2023-09-21
4784,Kabir Chopra,Male,36,10,2024-04-22
4785,Kabir Kumar,Male,44,1,2024-07-27
4786,Aditya Singh,Female,33,10,2023-03-23
4787,Vikram Joshi,Female,30,2,2026-01-09
4788,Aditi Singh,Male,27,7,2024-06-16
4789,Pooja Chopra,Male,35,4,2024-04-03
4790,Riya Gupta,Female,50,7,2023-07-10
4791,Aditi Patel,Male,38,3,2026-06-25
4792,Nisha Joshi,Female,41,6,2025-12-28
4793,Riya Joshi,Female,43,1,2024-09-07
4794,Isha Kapoor,Male,43,4,2024-03-03
4795,Pooja Kumar,Female,31,10,2024-08-19
4796,Meera Mishra,Male,43,5,2026-05-12
4797,Priya Pandey,Male,28,5,2023-10-10
4798,Karan Mishra,Male,37,7,2025-05-24
4799,Isha Kapoor,Other,27,5,2026-02-27
4800,Rohan Kapoor,Male,49,11,2025-08-23
4801,Rohan Kapoor,Male,42,4,2026-01-16
4802,Riya Kumar,Female,37,12,2026-04-25
4803,Rahul Patel,Male,32,11,2023-03-18
4804,Neha Malhotra,Female,35,5,2023-11-02
4805,Karan Sharma,Female,43,4,2023-07-04
4806,Arjun Sharma,Female,27,8,2024-12-25
4807,Nisha Pandey,Female,45,9,2024-06-04
4808,Aditi Sharma,Female,27,2,2023-02-22
4809,Riya Joshi,Male,22,3,2024-12-13
4810,Rohan Kapoor,Other,42,2,2023-05-09
4811,Aditya Gupta,Female,41,9,2024-06-04
4812,Priya Mishra,Female,29,8,2024-04-13
4813,Riya Gupta,Female,39,2,2026-02-15
4814,Meera Mishra,Female,42,6,2025-05-21
4815,Pooja Agarwal,Female,43,9,2025-03-08
4816,Arjun Singh,Male,49,12,2025-11-28
4817,Aditya Gupta,Female,46,2,2023-08-19
4818,Ananya Patel,Female,32,3,2023-11-24
4819,Meera Mehta,Female,25,4,2025-08-18
4820,Rahul Singh,Male,21,7,2025-08-14
4821,Ananya Shah,Male,36,2,2023-01-28
4822,Meera Singh,Female,39,2,2023-10-14
4823,Kabir Pandey,Male,40,10,2023-10-18
4824,Pooja Gupta,Female,18,6,2023-01-08
4825,Vikram Shah,Female,41,2,2025-04-24
4826,Kabir Singh,Male,43,4,2023-03-11
4827,Nisha Kumar,Male,41,2,2025-12-10
4828,Isha Malhotra,Female,35,4,2025-01-17
4829,Riya Verma,Male,18,4,2025-08-30
4830,Karan Pandey,Female,34,1,2024-09-26
4831,Karan Patel,Male,39,1,2026-05-24
4832,Aditi Malhotra,Male,36,11,2023-12-12
4833,Neha Malhotra,Male,36,11,2024-12-13
4834,Pooja Kapoor,Female,35,1,2023-01-09
4835,Karan Sharma,Other,36,7,2025-11-29
4836,Meera Gupta,Female,28,1,2024-12-26
4837,Neha Gupta,Female,37,10,2023-08-13
4838,Varun Patel,Female,27,11,2025-11-10
4839,Rahul Gupta,Male,34,7,2026-06-17
4840,Aditya Mishra,Female,31,7,2023-03-29
4841,Diya Joshi,Female,41,4,2025-12-16
4842,Pooja Kapoor,Male,47,3,2025-07-29
4843,Aarav Mehta,Female,38,5,2024-03-28
4844,Priya Patel,Male,22,2,2025-03-21
4845,Aditya Joshi,Male,40,8,2025-09-29
4846,Priya Patel,Female,28,5,2024-09-04
4847,Rahul Mehta,Female,19,2,2025-05-01
4848,Aditya Kumar,Male,24,7,2023-03-03
4849,Varun Joshi,Female,50,10,2026-03-27
4850,Meera Shah,Male,32,7,2026-03-25
4851,Vikram Singh,Female,24,6,2023-09-26
4852,Priya Joshi,Female,22,11,2024-09-01
4853,Isha Gupta,Male,39,1,2023-11-01
4854,Arjun Mehta,Female,43,7,2024-05-25
4855,Varun Chopra,Female,29,4,2023-12-18
4856,Kabir Gupta,Female,21,2,2026-01-05
4857,Rahul Malhotra,Male,29,12,2025-06-06
4858,Rahul Kumar,Male,39,4,2025-12-15
4859,Priya Sharma,Female,21,3,2025-10-09
4860,Nisha Mishra,Female,26,2,2025-07-17
4861,Aditi Kumar,Female,18,12,2023-08-01
4862,Karan Agarwal,Female,33,11,2025-11-25
4863,Pooja Kumar,Female,23,1,2025-09-27
4864,Neha Shah,Male,24,6,2023-06-08
4865,Kabir Patel,Female,21,2,2023-04-23
4866,Kabir Kumar,Female,42,8,2025-08-29
4867,Aarav Agarwal,Male,34,5,2024-05-13
4868,Kabir Mehta,Male,49,1,2024-02-23
4869,Isha Mehta,Female,31,6,2024-05-21
4870,Arjun Shah,Female,25,11,2026-01-12
4871,Aarav Malhotra,Female,24,4,2024-04-09
4872,Aarav Chopra,Male,49,1,2024-04-17
4873,Varun Kapoor,Other,37,12,2024-05-24
4874,Vikram Pandey,Male,28,2,2023-03-11
4875,Pooja Pandey,Male,39,5,2023-02-17
4876,Aditya Malhotra,Other,36,6,2024-06-13
4877,Kabir Patel,Female,21,3,2023-01-22
4878,Sneha Sharma,Female,41,2,2025-08-24
4879,Nisha Kapoor,Female,21,1,2024-06-25
4880,Neha Pandey,Female,24,1,2024-10-01
4881,Aditya Kumar,Male,41,6,2024-03-05
4882,Nisha Gupta,Male,32,11,2025-09-02
4883,Kabir Patel,Female,25,2,2024-06-29
4884,Meera Joshi,Female,20,8,2023-02-15
4885,Sneha Pandey,Male,37,4,2024-09-15
4886,Rohan Gupta,Male,41,1,2023-08-15
4887,Rahul Kapoor,Male,24,6,2025-01-29
4888,Riya Agarwal,Male,31,3,2024-12-20
4889,Rohan Shah,Female,29,7,2024-08-29
4890,Aditi Verma,Male,47,4,2024-05-07
4891,Aarav Mishra,Male,44,8,2025-01-31
4892,Ananya Kapoor,Female,27,11,2025-05-18
4893,Kabir Agarwal,Female,34,3,2026-01-26
4894,Varun Sharma,Male,48,12,2026-05-14
4895,Rahul Joshi,Male,29,2,2023-04-17
4896,Sneha Kapoor,Male,22,1,2025-04-22
4897,Meera Patel,Male,27,2,2023-04-19
4898,Arjun Kumar,Male,38,10,2024-06-16
4899,Diya Malhotra,Male,50,8,2025-08-04
4900,Riya Malhotra,Male,28,12,2024-11-23
4901,Meera Sharma,Male,19,8,2025-10-28
4902,Vikram Kumar,Male,23,4,2026-03-11
4903,Arjun Singh,Female,31,11,2026-05-28
4904,Riya Mishra,Male,21,12,2025-05-09
4905,Karan Shah,Male,19,10,2025-05-09
4906,Ananya Patel,Female,39,6,2025-10-22
4907,Varun Gupta,Male,45,10,2023-10-25
4908,Sneha Singh,Female,25,2,2024-01-21
4909,Rohan Joshi,Female,35,11,2024-03-11
4910,Priya Mishra,Female,36,12,2025-08-08
4911,Pooja Joshi,Male,40,8,2024-03-24
4912,Karan Sharma,Female,50,2,2023-06-28
4913,Aditya Sharma,Female,47,2,2025-10-16
4914,Nisha Singh,Male,28,12,2025-08-15
4915,Rohan Pandey,Male,50,11,2025-01-28
4916,Neha Kapoor,Male,19,9,2026-01-30
4917,Aarav Malhotra,Female,49,12,2025-10-08
4918,Meera Patel,Male,22,6,2026-02-23
4919,Neha Mishra,Male,21,11,2023-11-28
4920,Diya Patel,Female,21,2,2023-05-29
4921,Rohan Pandey,Female,22,2,2024-03-12
4922,Aditi Mishra,Male,33,6,2025-11-25
4923,Riya Joshi,Male,39,3,2026-03-26
4924,Meera Mishra,Male,42,5,2023-05-21
4925,Riya Patel,Female,18,10,2025-12-28
4926,Aditi Kapoor,Male,27,1,2024-09-02
4927,Arjun Verma,Female,22,9,2025-11-10
4928,Pooja Joshi,Male,22,1,2025-05-21
4929,Sneha Singh,Male,42,11,2023-03-18
4930,Arjun Sharma,Male,39,2,2024-09-10
4931,Priya Sharma,Male,24,9,2023-04-24
4932,Rahul Patel,Female,27,7,2024-03-10
4933,Karan Malhotra,Female,48,4,2025-08-25
4934,Rohan Kumar,Male,36,3,2025-05-23
4935,Aditi Patel,Female,25,1,2025-06-18
4936,Pooja Shah,Male,48,4,2025-04-23
4937,Isha Shah,Female,24,2,2023-01-19
4938,Karan Verma,Male,27,2,2025-01-14
4939,Nisha Kumar,Female,40,9,2024-09-11
4940,Vikram Kapoor,Male,34,2,2024-11-05
4941,Rohan Agarwal,Female,20,2,2023-09-29
4942,Karan Mehta,Female,44,4,2025-06-20
4943,Diya Agarwal,Female,25,5,2025-02-14
4944,Aditya Verma,Female,40,6,2024-05-29
4945,Nisha Patel,Male,29,8,2023-03-14
4946,Vikram Chopra,Female,42,7,2023-03-29
4947,Kabir Kapoor,Male,47,5,2024-04-03
4948,Neha Pandey,Female,43,4,2024-11-17
4949,Varun Sharma,Male,48,3,2026-06-27
4950,Neha Gupta,Male,35,8,2025-07-12
4951,Nisha Sharma,Female,20,3,2024-09-11
4952,Aditya Gupta,Male,35,11,2024-01-18
4953,Vikram Sharma,Female,33,7,2023-08-04
4954,Aarav Joshi,Male,41,7,2023-06-29
4955,Pooja Joshi,Female,26,6,2023-04-02
4956,Rahul Kapoor,Female,41,12,2026-03-10
4957,Meera Mehta,Female,32,5,2023-01-21
4958,Meera Sharma,Male,40,5,2026-01-08
4959,Aditya Chopra,Male,31,11,2025-01-15
4960,Rohan Sharma,Male,30,7,2025-02-28
4961,Arjun Pandey,Male,25,5,2026-05-09
4962,Rohan Sharma,Female,45,3,2025-10-01
4963,Neha Joshi,Male,20,3,2023-07-07
4964,Isha Mishra,Male,25,10,2026-05-22
4965,Rohan Malhotra,Male,32,3,2023-08-13
4966,Neha Kapoor,Female,23,1,2024-12-27
4967,Aditya Chopra,Male,48,1,2025-03-29
4968,Neha Verma,Male,29,12,2023-11-08
4969,Ananya Chopra,Male,25,6,2025-03-15
4970,Arjun Mishra,Male,26,5,2025-03-26
4971,Arjun Shah,Female,24,11,2026-06-05
4972,Sneha Kumar,Male,39,4,2026-03-13
4973,Diya Mehta,Female,33,10,2024-05-25
4974,Neha Agarwal,Female,25,9,2025-05-31
4975,Aditya Malhotra,Female,46,5,2025-11-14
4976,Pooja Singh,Female,39,9,2023-02-03
4977,Sneha Gupta,Female,31,12,2025-05-24
4978,Kabir Gupta,Male,34,2,2026-03-17
4979,Diya Kumar,Female,39,1,2023-06-03
4980,Priya Gupta,Female,23,10,2025-08-20
4981,Vikram Sharma,Female,44,4,2023-03-19
4982,Pooja Sharma,Female,26,6,2024-05-28
4983,Rohan Mishra,Male,18,2,2025-11-12
4984,Ananya Verma,Male,35,11,2026-06-15
4985,Neha Verma,Male,46,9,2025-07-18
4986,Nisha Kumar,Male,42,12,2025-07-10
4987,Nisha Singh,Male,28,5,2023-11-27
4988,Arjun Shah,Male,31,12,2025-11-20
4989,Riya Mishra,Female,37,6,2025-04-21
4990,Rohan Kumar,Female,25,7,2026-04-19
4991,Meera Kumar,Female,45,8,2025-02-08
4992,Aditya Mehta,Female,27,5,2023-02-20
4993,Vikram Sharma,Male,25,6,2024-10-14
4994,Rohan Patel,Male,21,2,2025-09-15
4995,Aditi Verma,Female,40,4,2025-10-03
4996,Isha Verma,Female,18,8,2024-05-08
4997,Rohan Malhotra,Female,44,1,2023-08-07
4998,Nisha Verma,Female,50,8,2026-01-14
4999,Rahul Verma,Female,21,3,2025-11-17
5000,Rahul Joshi,Female,21,3,2026-01-27
