order_id,customer_id,order_date,city_id,order_status
8308,3973,2024-01-01,2,Completed
14633,2768,2024-01-01,11,Completed
6019,2629,2024-01-01,9,Completed
7663,123,2024-01-01,10,Completed
4533,3773,2024-01-01,10,Completed
13583,8,2024-01-01,3,Completed
5650,4546,2024-01-01,1,Completed
11720,3989,2024-01-01,6,Cancelled
20092,527,2024-01-01,1,Completed
9579,2884,2024-01-01,2,Completed
13204,1296,2024-01-01,8,Completed
21123,153,2024-01-01,2,Completed
6046,2357,2024-01-01,6,Completed
14338,3923,2024-01-01,3,Completed
10894,4047,2024-01-01,12,Completed
14216,1297,2024-01-01,3,Completed
8695,3502,2024-01-01,12,Completed
2849,4343,2024-01-01,3,Cancelled
7277,3957,2024-01-01,7,Completed
17845,3015,2024-01-01,5,Completed
18988,2048,2024-01-02,5,Cancelled
19446,2021,2024-01-02,10,Completed
4372,320,2024-01-02,12,Cancelled
16683,2854,2024-01-02,7,Completed
19057,2915,2024-01-02,4,Completed
9952,3412,2024-01-02,11,Completed
10140,1417,2024-01-02,2,Completed
22962,38,2024-01-02,5,Completed
1914,4177,2024-01-02,1,Completed
1893,4516,2024-01-02,3,Cancelled
23957,4609,2024-01-02,11,Completed
6845,1779,2024-01-02,11,Completed
12264,2035,2024-01-02,5,Completed
16847,3804,2024-01-02,1,Completed
8905,4572,2024-01-02,5,Completed
21282,2378,2024-01-02,9,Completed
12726,4567,2024-01-02,2,Completed
18031,594,2024-01-02,9,Cancelled
8049,2497,2024-01-02,7,Completed
1708,1085,2024-01-02,12,Completed
714,1844,2024-01-02,3,Completed
5293,2851,2024-01-02,3,Completed
13416,2454,2024-01-03,6,Completed
476,3288,2024-01-03,8,Completed
4874,1817,2024-01-03,12,Completed
12535,268,2024-01-03,4,Completed
19787,1204,2024-01-03,8,Completed
20239,137,2024-01-03,11,Cancelled
12773,316,2024-01-03,12,Completed
8727,2965,2024-01-03,12,Cancelled
12304,1798,2024-01-03,2,Completed
15256,4583,2024-01-03,12,Completed
6250,4638,2024-01-03,2,Completed
20907,1451,2024-01-03,5,Completed
15447,3599,2024-01-03,7,Completed
13106,3404,2024-01-03,4,Cancelled
18718,4836,2024-01-04,1,Completed
21114,780,2024-01-04,2,Completed
7568,186,2024-01-04,6,Completed
9769,345,2024-01-04,7,Completed
8524,2004,2024-01-04,12,Completed
24797,4483,2024-01-04,1,Cancelled
24777,4959,2024-01-04,11,Completed
11609,421,2024-01-04,1,Completed
10184,1137,2024-01-04,10,Completed
14136,494,2024-01-04,7,Completed
5605,2772,2024-01-04,8,Completed
16660,1092,2024-01-04,6,Completed
24496,4277,2024-01-04,2,Completed
16386,4650,2024-01-04,5,Completed
9689,3739,2024-01-04,1,Completed
6329,2513,2024-01-04,7,Cancelled
24832,3510,2024-01-04,12,Completed
7171,3345,2024-01-04,1,Completed
8520,4076,2024-01-04,5,Completed
22844,156,2024-01-04,1,Completed
17868,4309,2024-01-04,6,Cancelled
16904,4162,2024-01-04,8,Completed
20534,749,2024-01-04,2,Completed
12453,136,2024-01-04,6,Completed
5750,2371,2024-01-05,12,Completed
405,4388,2024-01-05,1,Completed
16175,876,2024-01-05,7,Completed
1192,3398,2024-01-05,1,Completed
16475,3982,2024-01-05,3,Completed
1756,3956,2024-01-05,3,Cancelled
13266,2795,2024-01-05,9,Cancelled
4205,667,2024-01-05,11,Completed
18003,2706,2024-01-05,10,Completed
22668,607,2024-01-05,5,Cancelled
5236,1973,2024-01-05,10,Completed
13109,76,2024-01-05,12,Completed
9670,1050,2024-01-05,11,Cancelled
16898,1432,2024-01-05,9,Cancelled
11751,4059,2024-01-05,2,Completed
8180,763,2024-01-05,2,Completed
14890,98,2024-01-05,1,Completed
4037,1583,2024-01-05,12,Completed
10386,3986,2024-01-05,2,Completed
24600,4731,2024-01-05,12,Completed
5661,2255,2024-01-05,7,Completed
8789,3034,2024-01-05,8,Cancelled
1659,932,2024-01-05,12,Completed
24575,4212,2024-01-05,10,Completed
8254,2424,2024-01-05,3,Completed
16895,1993,2024-01-05,9,Completed
7297,1354,2024-01-05,5,Completed
10666,193,2024-01-05,10,Completed
12155,3503,2024-01-05,11,Completed
11378,3245,2024-01-05,7,Cancelled
22315,17,2024-01-05,2,Completed
3611,2921,2024-01-05,2,Cancelled
2686,1355,2024-01-05,7,Completed
13,1146,2024-01-05,4,Completed
17271,472,2024-01-05,11,Completed
22783,228,2024-01-05,3,Completed
11301,2785,2024-01-05,3,Completed
14284,1530,2024-01-05,11,Completed
24404,2343,2024-01-05,10,Completed
7498,3634,2024-01-05,6,Completed
10633,237,2024-01-06,7,Completed
484,4092,2024-01-06,11,Cancelled
6743,4706,2024-01-06,2,Completed
5351,4271,2024-01-06,1,Completed
1611,4841,2024-01-06,4,Completed
13460,2278,2024-01-06,3,Completed
17354,3684,2024-01-06,9,Cancelled
1493,385,2024-01-06,2,Completed
14675,4346,2024-01-06,12,Completed
4210,1063,2024-01-06,3,Completed
2640,4752,2024-01-06,9,Completed
9142,3864,2024-01-06,10,Cancelled
22709,49,2024-01-06,1,Completed
8318,2455,2024-01-06,2,Completed
16647,700,2024-01-06,5,Completed
16423,1373,2024-01-06,3,Completed
13386,114,2024-01-06,6,Completed
21894,808,2024-01-06,2,Cancelled
22267,967,2024-01-06,8,Completed
11679,2883,2024-01-06,6,Completed
16248,3626,2024-01-06,1,Cancelled
13563,2052,2024-01-07,9,Completed
22527,357,2024-01-07,5,Completed
6425,2604,2024-01-07,7,Completed
23457,2413,2024-01-07,3,Completed
22130,1296,2024-01-07,8,Completed
13184,4837,2024-01-07,10,Completed
21224,1210,2024-01-07,9,Cancelled
2050,2670,2024-01-07,2,Cancelled
10991,4844,2024-01-07,2,Completed
14166,3867,2024-01-07,8,Cancelled
12821,188,2024-01-07,3,Completed
20522,1312,2024-01-07,11,Completed
17573,1890,2024-01-07,10,Completed
6581,4430,2024-01-07,12,Cancelled
1247,3484,2024-01-07,7,Completed
7082,538,2024-01-08,2,Cancelled
656,3839,2024-01-08,6,Completed
12811,1975,2024-01-08,6,Completed
22226,3823,2024-01-08,5,Completed
10228,54,2024-01-08,5,Completed
2619,1322,2024-01-08,12,Completed
15437,3535,2024-01-08,10,Completed
13574,2886,2024-01-08,2,Completed
6327,1694,2024-01-08,4,Cancelled
24681,992,2024-01-08,7,Cancelled
10836,4031,2024-01-08,5,Completed
10642,1168,2024-01-08,11,Completed
18207,140,2024-01-08,7,Completed
24057,779,2024-01-08,3,Completed
415,3173,2024-01-08,2,Completed
14612,1022,2024-01-08,11,Cancelled
5912,4504,2024-01-08,12,Completed
6783,4716,2024-01-08,1,Completed
16501,2672,2024-01-08,10,Completed
3243,1404,2024-01-08,11,Completed
15519,98,2024-01-08,1,Completed
5063,1045,2024-01-08,4,Completed
18484,3991,2024-01-08,2,Completed
12991,1255,2024-01-08,11,Completed
7366,3832,2024-01-09,2,Completed
20321,3358,2024-01-09,8,Completed
21286,1922,2024-01-09,3,Completed
3961,490,2024-01-09,10,Completed
21661,4370,2024-01-09,11,Completed
5212,2669,2024-01-09,6,Cancelled
4114,3224,2024-01-09,3,Cancelled
15570,4203,2024-01-09,3,Cancelled
982,4835,2024-01-09,7,Completed
13759,2906,2024-01-09,7,Cancelled
12622,2424,2024-01-09,3,Completed
4362,733,2024-01-09,10,Completed
6626,3925,2024-01-09,12,Completed
17827,4621,2024-01-09,3,Cancelled
24836,695,2024-01-09,6,Completed
17248,4716,2024-01-09,1,Completed
10698,4216,2024-01-09,11,Completed
24109,3925,2024-01-09,12,Completed
5244,3252,2024-01-09,5,Completed
24173,1511,2024-01-10,5,Completed
18001,3069,2024-01-10,2,Completed
24964,2154,2024-01-10,1,Completed
3586,2552,2024-01-10,2,Cancelled
7193,3796,2024-01-10,11,Completed
22613,3892,2024-01-10,7,Cancelled
22836,2468,2024-01-10,3,Completed
4558,1314,2024-01-10,11,Completed
20243,1855,2024-01-10,3,Completed
13262,2875,2024-01-10,8,Completed
24878,2014,2024-01-10,4,Cancelled
18559,49,2024-01-10,1,Completed
7927,2350,2024-01-10,7,Completed
21539,2530,2024-01-10,2,Completed
22476,1086,2024-01-10,1,Completed
22553,200,2024-01-10,12,Completed
16066,3960,2024-01-10,4,Cancelled
19876,1573,2024-01-10,4,Cancelled
24236,3814,2024-01-10,4,Completed
1058,2962,2024-01-11,12,Completed
23360,1343,2024-01-11,9,Completed
20089,796,2024-01-11,7,Completed
6647,3909,2024-01-11,2,Completed
24898,2592,2024-01-11,9,Completed
3624,3906,2024-01-11,1,Completed
10864,292,2024-01-11,8,Completed
1964,4942,2024-01-11,4,Completed
156,1726,2024-01-11,10,Completed
16982,3508,2024-01-11,2,Completed
22896,1190,2024-01-11,12,Completed
8469,2271,2024-01-11,11,Cancelled
3188,3071,2024-01-11,8,Completed
10736,4130,2024-01-11,10,Completed
11396,3988,2024-01-11,5,Completed
13269,1562,2024-01-11,6,Completed
16633,2163,2024-01-11,10,Completed
21965,144,2024-01-11,2,Cancelled
18273,556,2024-01-11,3,Completed
1513,2914,2024-01-11,5,Completed
8017,1354,2024-01-12,5,Completed
16770,932,2024-01-12,12,Completed
15272,4801,2024-01-12,4,Completed
9565,2196,2024-01-12,5,Completed
11105,3506,2024-01-12,2,Completed
7881,3962,2024-01-12,12,Cancelled
4164,4731,2024-01-12,12,Completed
14699,2030,2024-01-12,12,Completed
12768,2261,2024-01-12,10,Cancelled
8854,4793,2024-01-12,1,Completed
8008,1379,2024-01-12,12,Completed
20892,4492,2024-01-12,3,Completed
18495,120,2024-01-12,2,Completed
10089,2724,2024-01-12,12,Cancelled
24710,3278,2024-01-12,2,Completed
9380,3618,2024-01-12,3,Cancelled
3995,4699,2024-01-12,1,Completed
488,780,2024-01-12,2,Completed
19005,2710,2024-01-12,2,Completed
24765,4306,2024-01-12,9,Completed
11640,3906,2024-01-12,1,Completed
22723,1260,2024-01-12,12,Completed
8220,3861,2024-01-12,1,Completed
21730,180,2024-01-12,2,Completed
17836,473,2024-01-12,10,Completed
15690,802,2024-01-12,9,Completed
11451,3481,2024-01-12,6,Completed
10723,3388,2024-01-13,10,Completed
5376,4668,2024-01-13,6,Completed
944,4277,2024-01-13,2,Completed
8668,2450,2024-01-13,1,Completed
17084,4808,2024-01-13,2,Completed
12004,3138,2024-01-13,4,Completed
1555,2670,2024-01-13,2,Completed
8941,4116,2024-01-13,3,Completed
23944,3890,2024-01-13,4,Completed
7873,2072,2024-01-13,5,Completed
16919,4850,2024-01-13,7,Cancelled
14191,3948,2024-01-13,1,Completed
11571,32,2024-01-13,3,Cancelled
15759,1735,2024-01-13,4,Completed
6057,3534,2024-01-13,10,Completed
22322,3191,2024-01-13,1,Completed
14157,4524,2024-01-13,4,Completed
21658,4948,2024-01-13,4,Completed
10956,4683,2024-01-13,3,Completed
3622,2956,2024-01-13,7,Completed
5529,4367,2024-01-13,11,Completed
15108,3283,2024-01-13,3,Completed
17554,4996,2024-01-13,8,Cancelled
24724,3552,2024-01-14,2,Cancelled
15331,3333,2024-01-14,9,Completed
5788,1343,2024-01-14,9,Completed
16835,2225,2024-01-14,5,Completed
5612,1212,2024-01-14,11,Completed
17874,4394,2024-01-14,12,Completed
3428,4024,2024-01-14,7,Completed
1774,615,2024-01-14,1,Completed
11893,2238,2024-01-14,1,Completed
4814,2282,2024-01-14,3,Completed
7629,3625,2024-01-14,4,Completed
2505,1471,2024-01-14,9,Completed
8444,1574,2024-01-14,1,Completed
24332,959,2024-01-14,9,Cancelled
19177,4947,2024-01-14,5,Completed
10034,3093,2024-01-14,4,Completed
8538,4152,2024-01-14,8,Completed
5373,4382,2024-01-14,11,Completed
20578,1829,2024-01-14,10,Completed
12640,3980,2024-01-14,4,Completed
4628,2696,2024-01-14,8,Completed
22314,2043,2024-01-15,5,Completed
19785,1988,2024-01-15,11,Completed
23263,3153,2024-01-15,12,Completed
3147,968,2024-01-15,1,Completed
11528,1451,2024-01-15,5,Completed
11891,4320,2024-01-15,8,Completed
10731,1539,2024-01-15,1,Completed
5440,348,2024-01-15,6,Completed
8414,2887,2024-01-15,4,Cancelled
19704,3427,2024-01-15,1,Completed
7436,924,2024-01-15,1,Completed
18643,1329,2024-01-15,10,Completed
18386,914,2024-01-15,11,Completed
6265,4270,2024-01-15,3,Cancelled
14001,2124,2024-01-15,3,Cancelled
5475,2407,2024-01-15,1,Completed
23938,305,2024-01-15,4,Completed
12549,643,2024-01-15,3,Cancelled
14628,2946,2024-01-15,10,Cancelled
14701,282,2024-01-15,7,Completed
15238,3766,2024-01-15,5,Completed
11389,2946,2024-01-15,10,Cancelled
4650,3586,2024-01-15,8,Completed
8361,3123,2024-01-15,2,Completed
17898,1448,2024-01-16,7,Completed
18585,3996,2024-01-16,2,Completed
23129,30,2024-01-16,12,Completed
19695,4361,2024-01-16,4,Completed
18692,562,2024-01-16,11,Completed
18697,2491,2024-01-16,5,Completed
23613,1174,2024-01-16,4,Completed
24071,976,2024-01-16,11,Completed
1118,1690,2024-01-16,1,Completed
14853,2956,2024-01-16,7,Cancelled
569,2614,2024-01-16,11,Completed
22024,489,2024-01-16,4,Completed
9266,1182,2024-01-16,4,Completed
12093,4359,2024-01-16,12,Cancelled
24481,1261,2024-01-16,4,Completed
1071,835,2024-01-16,8,Completed
16281,4119,2024-01-17,8,Completed
20641,3831,2024-01-17,1,Completed
5433,2954,2024-01-17,9,Completed
20480,4050,2024-01-17,5,Completed
24396,2488,2024-01-17,7,Cancelled
4912,3976,2024-01-17,4,Completed
12469,359,2024-01-17,7,Completed
13770,1487,2024-01-17,6,Completed
19088,2907,2024-01-17,6,Completed
16316,3214,2024-01-17,9,Completed
17621,563,2024-01-17,12,Completed
9174,3995,2024-01-17,4,Completed
9557,255,2024-01-17,10,Cancelled
2971,2897,2024-01-17,4,Cancelled
11801,3938,2024-01-17,3,Completed
512,4196,2024-01-17,2,Completed
10695,2319,2024-01-17,6,Completed
14114,2469,2024-01-17,3,Completed
8830,4360,2024-01-17,11,Completed
24786,442,2024-01-17,2,Completed
21059,1456,2024-01-17,5,Completed
7347,3477,2024-01-17,6,Completed
13645,403,2024-01-17,7,Cancelled
8718,3669,2024-01-17,12,Completed
5799,97,2024-01-17,3,Completed
19049,948,2024-01-18,2,Completed
1238,2075,2024-01-18,7,Cancelled
19954,3566,2024-01-18,4,Cancelled
23205,576,2024-01-18,8,Completed
18831,4034,2024-01-18,5,Completed
18683,3432,2024-01-18,3,Completed
6242,3356,2024-01-18,2,Completed
2030,152,2024-01-18,10,Completed
11694,4591,2024-01-18,11,Cancelled
16201,3471,2024-01-18,7,Completed
6708,873,2024-01-18,10,Cancelled
2348,947,2024-01-18,12,Completed
10189,2811,2024-01-18,1,Cancelled
5297,418,2024-01-18,2,Completed
15164,4213,2024-01-18,7,Completed
12693,4092,2024-01-18,11,Completed
21753,3410,2024-01-18,4,Completed
363,2555,2024-01-18,12,Completed
24602,1884,2024-01-18,9,Completed
8461,2956,2024-01-18,7,Cancelled
8390,1633,2024-01-18,12,Completed
1903,2101,2024-01-19,9,Completed
8909,2323,2024-01-19,3,Completed
16152,1205,2024-01-19,7,Completed
599,3982,2024-01-19,3,Cancelled
15749,3591,2024-01-19,12,Completed
2781,4020,2024-01-19,1,Completed
12021,934,2024-01-19,7,Completed
12548,539,2024-01-19,3,Cancelled
5007,4706,2024-01-19,2,Completed
19001,4265,2024-01-19,9,Completed
12751,3110,2024-01-19,1,Completed
10366,133,2024-01-19,1,Cancelled
18029,4934,2024-01-19,3,Completed
6531,4206,2024-01-19,11,Completed
9443,4523,2024-01-19,2,Completed
4407,1094,2024-01-19,3,Completed
15336,1013,2024-01-20,4,Completed
1716,3313,2024-01-20,3,Completed
8608,2624,2024-01-20,5,Completed
1316,1963,2024-01-20,7,Completed
9917,2066,2024-01-20,9,Completed
10085,2104,2024-01-20,5,Completed
10713,472,2024-01-20,11,Completed
23229,1450,2024-01-20,2,Cancelled
22412,780,2024-01-20,2,Completed
22167,1751,2024-01-20,10,Completed
13659,1164,2024-01-20,8,Completed
10509,4600,2024-01-20,3,Completed
15209,4173,2024-01-20,12,Completed
3087,4552,2024-01-20,12,Cancelled
18727,464,2024-01-20,1,Completed
23877,4839,2024-01-20,7,Completed
6158,2035,2024-01-20,5,Completed
8994,34,2024-01-20,4,Completed
3830,486,2024-01-20,9,Completed
18713,1041,2024-01-21,7,Completed
18945,103,2024-01-21,2,Completed
24503,3969,2024-01-21,2,Cancelled
140,3711,2024-01-21,8,Completed
23632,1247,2024-01-21,3,Cancelled
17965,4616,2024-01-21,6,Cancelled
9025,1138,2024-01-21,5,Completed
17457,4866,2024-01-21,8,Completed
6335,249,2024-01-21,11,Cancelled
319,1583,2024-01-21,12,Completed
14020,4622,2024-01-21,8,Completed
18573,4567,2024-01-21,2,Completed
12979,4388,2024-01-21,1,Completed
12405,2718,2024-01-21,8,Cancelled
9113,4985,2024-01-21,9,Completed
4287,4389,2024-01-21,10,Completed
21433,2078,2024-01-21,3,Completed
15263,2363,2024-01-21,9,Completed
15900,4754,2024-01-21,6,Completed
20275,4644,2024-01-22,7,Completed
21558,1713,2024-01-22,8,Completed
13215,4596,2024-01-22,1,Completed
6510,4898,2024-01-22,10,Completed
20734,2625,2024-01-22,3,Completed
22317,825,2024-01-22,3,Cancelled
2359,1115,2024-01-22,6,Completed
23151,1764,2024-01-22,3,Cancelled
16478,697,2024-01-22,10,Cancelled
11851,3635,2024-01-22,12,Cancelled
14494,371,2024-01-22,6,Completed
2145,724,2024-01-22,11,Completed
19,4427,2024-01-22,1,Completed
9761,1855,2024-01-22,3,Completed
17479,2913,2024-01-22,3,Completed
10829,225,2024-01-22,11,Cancelled
19611,1029,2024-01-22,1,Cancelled
14828,1957,2024-01-22,10,Completed
4321,1949,2024-01-23,5,Completed
9759,3899,2024-01-23,8,Completed
5458,4119,2024-01-23,8,Cancelled
23092,1092,2024-01-23,6,Cancelled
9289,706,2024-01-23,12,Cancelled
5708,656,2024-01-23,3,Completed
1248,4543,2024-01-23,3,Completed
6917,892,2024-01-23,1,Completed
758,3207,2024-01-23,5,Completed
404,4251,2024-01-23,2,Completed
8226,2755,2024-01-23,3,Completed
21674,1077,2024-01-23,9,Cancelled
18754,656,2024-01-23,3,Completed
16859,2703,2024-01-23,9,Cancelled
13685,2404,2024-01-23,2,Completed
12428,3995,2024-01-23,4,Completed
19866,1511,2024-01-23,5,Completed
23244,1,2024-01-23,2,Completed
20423,20,2024-01-23,11,Completed
5753,999,2024-01-23,9,Completed
5032,4821,2024-01-24,2,Completed
1842,390,2024-01-24,1,Cancelled
12492,4425,2024-01-24,2,Completed
17773,4850,2024-01-24,7,Completed
6745,2883,2024-01-24,6,Cancelled
18744,287,2024-01-24,7,Cancelled
22316,3036,2024-01-24,3,Completed
14072,1745,2024-01-24,12,Completed
4594,2897,2024-01-24,4,Cancelled
18556,3636,2024-01-24,2,Completed
7630,1043,2024-01-24,4,Cancelled
13200,4610,2024-01-24,1,Completed
24527,1190,2024-01-24,12,Completed
15356,5000,2024-01-24,3,Completed
24380,3997,2024-01-24,8,Completed
20056,3617,2024-01-24,8,Completed
11604,1144,2024-01-24,2,Completed
2924,3041,2024-01-24,3,Completed
3107,2112,2024-01-24,7,Cancelled
19758,2094,2024-01-24,6,Completed
16257,4611,2024-01-24,10,Completed
22053,2576,2024-01-24,2,Completed
10344,3371,2024-01-25,3,Cancelled
9743,2002,2024-01-25,6,Completed
17807,1986,2024-01-25,2,Completed
8531,4210,2024-01-25,7,Completed
21350,2243,2024-01-25,4,Completed
18691,538,2024-01-25,2,Completed
7893,69,2024-01-25,1,Completed
7987,4431,2024-01-25,6,Completed
4604,90,2024-01-25,2,Completed
11687,502,2024-01-25,7,Completed
5684,4668,2024-01-25,6,Cancelled
3134,217,2024-01-25,5,Cancelled
14149,4884,2024-01-25,8,Completed
19600,4586,2024-01-25,8,Completed
9866,4409,2024-01-25,1,Completed
19457,2623,2024-01-26,5,Completed
6520,3811,2024-01-26,2,Completed
22676,3465,2024-01-26,2,Completed
10031,3497,2024-01-26,6,Completed
13186,622,2024-01-26,10,Cancelled
15726,1872,2024-01-26,2,Completed
194,440,2024-01-26,3,Completed
17690,4219,2024-01-26,12,Completed
20133,2772,2024-01-26,8,Completed
17847,1034,2024-01-26,2,Cancelled
21471,1779,2024-01-26,11,Cancelled
11747,667,2024-01-26,11,Cancelled
22001,2405,2024-01-26,5,Cancelled
770,1653,2024-01-26,7,Completed
12977,3750,2024-01-26,6,Completed
9690,4786,2024-01-26,10,Completed
9100,4700,2024-01-26,11,Completed
9711,3835,2024-01-26,1,Completed
10296,3634,2024-01-26,6,Completed
19254,1175,2024-01-26,6,Completed
661,498,2024-01-26,8,Cancelled
15944,4321,2024-01-26,12,Completed
5487,2778,2024-01-26,4,Cancelled
8729,2478,2024-01-26,7,Completed
12880,3917,2024-01-26,4,Completed
24849,924,2024-01-26,1,Cancelled
2515,1630,2024-01-27,12,Completed
22743,530,2024-01-27,8,Completed
5059,1844,2024-01-27,3,Completed
7566,4523,2024-01-27,2,Cancelled
12580,3727,2024-01-27,9,Completed
13379,541,2024-01-27,6,Completed
5169,4544,2024-01-27,9,Completed
8929,3283,2024-01-27,3,Completed
773,3176,2024-01-27,2,Completed
8826,2532,2024-01-27,8,Completed
24166,4332,2024-01-27,10,Completed
24171,4562,2024-01-27,6,Completed
17533,3343,2024-01-27,10,Completed
13800,4456,2024-01-27,9,Completed
16652,226,2024-01-27,4,Completed
17344,2230,2024-01-27,9,Completed
5808,2092,2024-01-27,9,Completed
2353,1189,2024-01-27,1,Completed
22238,1979,2024-01-27,1,Completed
2211,3294,2024-01-27,8,Completed
2668,3478,2024-01-27,3,Completed
7011,1019,2024-01-27,8,Completed
2744,3453,2024-01-27,8,Completed
2300,530,2024-01-27,8,Completed
21667,3563,2024-01-27,6,Completed
16567,2246,2024-01-27,9,Completed
19711,4233,2024-01-27,5,Cancelled
10422,1813,2024-01-27,12,Completed
21537,4514,2024-01-28,3,Completed
3516,438,2024-01-28,10,Completed
24134,928,2024-01-28,2,Completed
2130,557,2024-01-28,1,Completed
1718,1351,2024-01-28,4,Completed
6740,4631,2024-01-28,12,Cancelled
6079,383,2024-01-28,4,Completed
768,991,2024-01-28,2,Completed
20277,4114,2024-01-28,4,Completed
7730,140,2024-01-28,7,Completed
8840,3109,2024-01-28,7,Cancelled
9020,4030,2024-01-28,7,Cancelled
6486,2366,2024-01-28,3,Cancelled
3192,1950,2024-01-28,12,Completed
4175,1613,2024-01-28,10,Completed
18508,3190,2024-01-28,12,Completed
2926,3111,2024-01-28,9,Completed
18565,1595,2024-01-28,6,Completed
9357,805,2024-01-28,7,Completed
21189,3826,2024-01-28,2,Completed
23982,2019,2024-01-28,6,Completed
19004,506,2024-01-28,5,Completed
22773,4122,2024-01-28,3,Completed
18146,1267,2024-01-28,1,Completed
6584,1287,2024-01-29,5,Completed
22803,491,2024-01-29,2,Completed
11508,1581,2024-01-29,5,Cancelled
13264,2924,2024-01-29,7,Completed
21676,3196,2024-01-29,1,Completed
1681,533,2024-01-29,8,Completed
6135,3311,2024-01-29,11,Completed
1546,1472,2024-01-29,2,Completed
20854,1337,2024-01-29,2,Completed
24545,2444,2024-01-29,1,Completed
23687,1999,2024-01-29,7,Completed
14950,3346,2024-01-29,1,Completed
24714,4855,2024-01-29,4,Completed
24698,2226,2024-01-29,9,Completed
22533,1362,2024-01-29,1,Completed
2323,3497,2024-01-29,6,Completed
1839,2181,2024-01-29,7,Cancelled
9493,156,2024-01-29,1,Completed
24709,1524,2024-01-29,1,Completed
23722,1234,2024-01-29,9,Completed
5902,4164,2024-01-29,1,Completed
21897,2059,2024-01-29,10,Completed
7890,4793,2024-01-29,1,Completed
13559,3567,2024-01-29,3,Completed
3788,4317,2024-01-29,10,Completed
2295,3618,2024-01-29,3,Completed
2258,1492,2024-01-30,11,Completed
15636,1187,2024-01-30,1,Completed
5551,2255,2024-01-30,7,Completed
7103,2298,2024-01-30,9,Cancelled
13390,3279,2024-01-30,1,Completed
11943,3491,2024-01-30,8,Completed
1833,1362,2024-01-30,1,Completed
17913,2924,2024-01-30,7,Cancelled
24726,386,2024-01-30,4,Completed
21754,105,2024-01-30,2,Completed
6996,3877,2024-01-30,3,Completed
16589,4075,2024-01-30,5,Completed
10574,594,2024-01-30,9,Completed
19613,681,2024-01-30,5,Completed
24685,76,2024-01-30,12,Completed
16093,2567,2024-01-30,1,Completed
21162,1299,2024-01-30,4,Completed
2909,133,2024-01-30,1,Completed
12993,3622,2024-01-30,5,Cancelled
21163,3974,2024-01-31,10,Cancelled
8550,1206,2024-01-31,11,Completed
13465,1210,2024-01-31,9,Completed
12869,687,2024-01-31,3,Completed
4172,716,2024-01-31,9,Completed
5742,3525,2024-01-31,10,Completed
14763,382,2024-01-31,11,Completed
6923,1172,2024-01-31,4,Completed
4332,3408,2024-01-31,3,Cancelled
18888,865,2024-01-31,6,Completed
24586,3278,2024-01-31,2,Completed
16572,3297,2024-01-31,9,Completed
24156,1281,2024-01-31,10,Cancelled
18182,4836,2024-01-31,1,Completed
22874,3238,2024-01-31,7,Completed
19302,2139,2024-01-31,2,Completed
5975,3989,2024-01-31,6,Cancelled
10804,4606,2024-02-01,4,Completed
20088,182,2024-02-01,9,Cancelled
5407,2075,2024-02-01,7,Completed
3690,1324,2024-02-01,5,Completed
14229,875,2024-02-01,7,Completed
24554,3232,2024-02-01,8,Completed
16060,2047,2024-02-01,8,Completed
7567,787,2024-02-01,4,Cancelled
10545,1846,2024-02-01,12,Completed
21116,2855,2024-02-01,5,Completed
19066,3950,2024-02-01,6,Cancelled
14050,733,2024-02-01,10,Completed
14057,3038,2024-02-01,4,Cancelled
9230,4735,2024-02-01,1,Completed
11483,188,2024-02-01,3,Completed
9848,660,2024-02-01,8,Completed
13325,1166,2024-02-01,11,Completed
22871,4243,2024-02-02,4,Cancelled
3548,291,2024-02-02,2,Completed
16116,1092,2024-02-02,6,Cancelled
2382,1149,2024-02-02,11,Completed
23571,2114,2024-02-02,6,Completed
19227,3299,2024-02-02,7,Cancelled
4878,3893,2024-02-02,11,Completed
21140,4687,2024-02-02,12,Completed
3291,21,2024-02-02,1,Completed
13447,3073,2024-02-02,8,Completed
1909,2356,2024-02-02,4,Completed
9216,4805,2024-02-02,4,Cancelled
16972,4978,2024-02-02,2,Completed
452,3880,2024-02-02,7,Completed
309,2641,2024-02-02,11,Completed
23312,1296,2024-02-02,8,Completed
21367,4111,2024-02-02,5,Completed
10036,1699,2024-02-02,12,Completed
16324,4776,2024-02-02,5,Cancelled
23904,3770,2024-02-02,1,Completed
19506,4162,2024-02-02,8,Cancelled
4118,2525,2024-02-02,2,Completed
14801,1066,2024-02-02,5,Completed
18773,2750,2024-02-02,6,Completed
5304,3440,2024-02-02,1,Completed
2431,2,2024-02-02,11,Completed
19109,3461,2024-02-03,2,Completed
14892,240,2024-02-03,5,Completed
8762,2606,2024-02-03,11,Completed
19327,2816,2024-02-03,4,Completed
5209,4546,2024-02-03,1,Cancelled
24639,3783,2024-02-03,2,Completed
1636,1744,2024-02-03,3,Cancelled
14760,3030,2024-02-03,5,Completed
18289,708,2024-02-03,4,Completed
7243,2125,2024-02-03,2,Completed
4507,605,2024-02-03,6,Completed
460,3713,2024-02-03,11,Completed
12731,2645,2024-02-03,3,Completed
24949,156,2024-02-03,1,Completed
22881,4505,2024-02-03,10,Completed
10282,3749,2024-02-03,12,Completed
8984,2697,2024-02-03,2,Completed
20319,1676,2024-02-03,2,Completed
14024,3398,2024-02-03,1,Completed
12573,2945,2024-02-03,3,Completed
14,3521,2024-02-04,3,Completed
1416,3401,2024-02-04,10,Completed
14308,3232,2024-02-04,8,Completed
20254,729,2024-02-04,6,Cancelled
21137,1104,2024-02-04,4,Cancelled
21462,792,2024-02-04,4,Completed
8834,2444,2024-02-04,1,Completed
24525,2069,2024-02-04,11,Cancelled
6854,3763,2024-02-04,12,Completed
15504,1514,2024-02-04,7,Completed
3619,4098,2024-02-04,8,Completed
15917,4292,2024-02-04,9,Completed
14402,3128,2024-02-04,10,Completed
22197,702,2024-02-04,12,Completed
19763,4964,2024-02-04,10,Completed
6443,3322,2024-02-04,5,Completed
22986,1853,2024-02-04,1,Completed
11300,4376,2024-02-04,3,Completed
9842,3491,2024-02-04,8,Cancelled
1208,4139,2024-02-04,1,Completed
19191,882,2024-02-04,1,Completed
1086,2361,2024-02-04,10,Completed
22400,4911,2024-02-04,8,Completed
1526,594,2024-02-04,9,Completed
2874,1887,2024-02-04,3,Completed
7444,1862,2024-02-04,9,Completed
23974,4580,2024-02-05,11,Completed
14844,2692,2024-02-05,5,Cancelled
16696,930,2024-02-05,3,Completed
8184,480,2024-02-05,4,Completed
5737,1871,2024-02-05,8,Completed
12517,139,2024-02-05,2,Completed
13932,2001,2024-02-05,9,Completed
17227,4799,2024-02-05,5,Completed
16623,3158,2024-02-05,3,Completed
2746,1487,2024-02-05,6,Completed
13206,2524,2024-02-05,7,Completed
20065,3568,2024-02-05,3,Completed
15813,4352,2024-02-05,1,Completed
1126,2642,2024-02-05,10,Cancelled
6769,3634,2024-02-05,6,Completed
13892,2776,2024-02-05,7,Completed
13336,2689,2024-02-05,9,Completed
9901,882,2024-02-05,1,Completed
21847,1438,2024-02-05,11,Completed
17823,2511,2024-02-05,11,Completed
1814,3787,2024-02-05,2,Completed
4317,2092,2024-02-05,9,Completed
22218,3796,2024-02-05,11,Completed
3869,1135,2024-02-05,11,Completed
3365,3169,2024-02-05,8,Completed
1221,2367,2024-02-05,7,Completed
19582,4720,2024-02-05,10,Completed
22747,1049,2024-02-05,6,Completed
9279,3877,2024-02-05,3,Cancelled
7032,179,2024-02-05,12,Completed
5299,1731,2024-02-05,2,Cancelled
20609,1596,2024-02-05,7,Completed
14946,4732,2024-02-05,9,Cancelled
4766,1654,2024-02-05,11,Completed
18167,2604,2024-02-05,7,Completed
24167,4746,2024-02-06,12,Completed
16691,3104,2024-02-06,8,Completed
6353,3450,2024-02-06,11,Completed
19797,3063,2024-02-06,3,Cancelled
11729,2742,2024-02-06,11,Completed
3333,2594,2024-02-06,5,Cancelled
24978,1996,2024-02-06,11,Completed
13060,4761,2024-02-06,1,Completed
598,1958,2024-02-06,12,Completed
4152,138,2024-02-06,3,Completed
5441,1820,2024-02-06,1,Completed
15419,4658,2024-02-06,12,Completed
15693,1981,2024-02-06,1,Completed
5047,1855,2024-02-06,3,Completed
159,1990,2024-02-06,8,Completed
11309,1151,2024-02-06,3,Completed
13122,3709,2024-02-06,11,Completed
17318,4774,2024-02-06,1,Completed
3057,3973,2024-02-06,2,Completed
20273,3642,2024-02-06,4,Completed
6176,4464,2024-02-07,1,Completed
13650,2855,2024-02-07,5,Completed
19938,584,2024-02-07,2,Completed
10757,1817,2024-02-07,12,Completed
14397,612,2024-02-07,1,Cancelled
22498,302,2024-02-07,4,Completed
837,1082,2024-02-07,1,Completed
22901,3560,2024-02-07,9,Completed
18997,3286,2024-02-07,4,Cancelled
11239,4150,2024-02-07,8,Completed
12282,3466,2024-02-07,3,Completed
13807,1112,2024-02-07,10,Completed
3172,1721,2024-02-07,3,Completed
15474,55,2024-02-07,9,Completed
15879,3840,2024-02-07,12,Completed
2113,3063,2024-02-07,3,Completed
12690,4708,2024-02-07,2,Completed
12401,502,2024-02-07,7,Completed
16912,4627,2024-02-08,6,Cancelled
145,624,2024-02-08,7,Cancelled
23321,2997,2024-02-08,1,Completed
9832,59,2024-02-08,6,Cancelled
7733,3803,2024-02-08,1,Completed
15687,4422,2024-02-08,10,Cancelled
11789,4915,2024-02-08,11,Completed
23912,3678,2024-02-08,10,Completed
19282,2122,2024-02-08,2,Completed
2370,872,2024-02-08,3,Cancelled
856,805,2024-02-08,7,Completed
4197,4123,2024-02-08,1,Completed
506,1324,2024-02-08,5,Completed
4570,356,2024-02-08,5,Completed
17789,3600,2024-02-08,2,Completed
2412,4964,2024-02-08,10,Cancelled
21870,4241,2024-02-08,9,Completed
19526,1745,2024-02-08,12,Completed
4750,1332,2024-02-08,6,Completed
8808,3792,2024-02-08,7,Completed
21426,3072,2024-02-08,1,Completed
24734,1456,2024-02-08,5,Cancelled
6737,3364,2024-02-08,7,Completed
4222,3478,2024-02-08,3,Completed
14126,947,2024-02-08,12,Completed
16371,4796,2024-02-08,5,Completed
7598,4061,2024-02-08,6,Completed
9267,2377,2024-02-08,4,Cancelled
11762,1167,2024-02-08,11,Completed
7981,1788,2024-02-08,7,Cancelled
23003,4857,2024-02-08,12,Completed
5706,62,2024-02-08,8,Completed
19903,2618,2024-02-08,6,Cancelled
8161,2944,2024-02-09,3,Completed
24908,2434,2024-02-09,7,Cancelled
22729,2216,2024-02-09,6,Cancelled
5006,1306,2024-02-09,4,Completed
20237,2899,2024-02-09,9,Cancelled
3722,4678,2024-02-09,5,Completed
23917,2505,2024-02-09,9,Completed
24862,401,2024-02-09,2,Completed
23842,3632,2024-02-09,9,Completed
23849,2951,2024-02-09,2,Completed
16964,4477,2024-02-09,1,Cancelled
18384,4985,2024-02-09,9,Completed
18147,4083,2024-02-09,1,Cancelled
3417,2583,2024-02-09,10,Completed
24196,807,2024-02-09,1,Completed
14414,3725,2024-02-09,3,Completed
21205,2019,2024-02-09,6,Completed
1968,2035,2024-02-09,5,Completed
16073,2880,2024-02-09,6,Completed
2161,4567,2024-02-09,2,Completed
3176,442,2024-02-09,2,Completed
5917,303,2024-02-09,5,Completed
19564,377,2024-02-09,2,Completed
6045,2814,2024-02-09,7,Completed
11826,1787,2024-02-10,12,Cancelled
1798,1514,2024-02-10,7,Completed
24939,4169,2024-02-10,2,Cancelled
22437,335,2024-02-10,6,Completed
6191,4424,2024-02-10,3,Completed
21276,1708,2024-02-10,10,Cancelled
7379,1613,2024-02-10,10,Completed
21739,436,2024-02-10,1,Completed
8465,1409,2024-02-10,6,Completed
21273,2001,2024-02-10,9,Completed
15935,4597,2024-02-10,8,Cancelled
16149,2848,2024-02-10,3,Completed
23352,637,2024-02-10,1,Completed
10985,227,2024-02-10,2,Completed
15002,2955,2024-02-10,9,Completed
2250,2676,2024-02-10,3,Completed
11495,2443,2024-02-10,8,Completed
19411,345,2024-02-10,7,Completed
18326,1082,2024-02-10,1,Completed
12519,1159,2024-02-10,4,Completed
577,3067,2024-02-10,11,Completed
5166,1368,2024-02-10,12,Completed
2734,1672,2024-02-10,8,Completed
8964,1998,2024-02-10,9,Completed
11646,3757,2024-02-10,10,Completed
23136,3036,2024-02-10,3,Completed
13363,2641,2024-02-10,11,Cancelled
14756,2980,2024-02-10,7,Completed
24729,3628,2024-02-10,3,Completed
5384,2995,2024-02-10,8,Completed
18632,4820,2024-02-11,7,Cancelled
17416,3004,2024-02-11,12,Cancelled
16861,1850,2024-02-11,5,Completed
9716,3877,2024-02-11,3,Completed
3966,4733,2024-02-11,7,Completed
9660,2105,2024-02-11,11,Completed
6681,4061,2024-02-11,6,Completed
9047,2744,2024-02-11,2,Cancelled
6444,4012,2024-02-11,8,Cancelled
15411,1081,2024-02-11,1,Completed
3642,3335,2024-02-11,5,Completed
19338,2583,2024-02-11,10,Cancelled
6623,3634,2024-02-11,6,Completed
586,4000,2024-02-11,10,Completed
15540,1105,2024-02-11,1,Completed
7933,3710,2024-02-11,2,Completed
13553,714,2024-02-12,3,Completed
16946,3918,2024-02-12,5,Completed
14232,2292,2024-02-12,4,Completed
11086,1812,2024-02-12,4,Completed
24893,4528,2024-02-12,12,Completed
17824,2955,2024-02-12,9,Completed
16306,2289,2024-02-12,10,Completed
18684,159,2024-02-12,11,Completed
2525,3118,2024-02-12,5,Completed
3985,623,2024-02-12,10,Cancelled
9310,3220,2024-02-12,3,Completed
15192,994,2024-02-12,7,Cancelled
19850,3912,2024-02-12,12,Completed
4754,3007,2024-02-12,6,Completed
21830,4284,2024-02-12,7,Completed
10640,4074,2024-02-12,5,Cancelled
22930,3413,2024-02-12,2,Completed
20901,2979,2024-02-13,10,Completed
8609,3075,2024-02-13,11,Completed
17986,4284,2024-02-13,7,Completed
9090,310,2024-02-13,1,Completed
3790,469,2024-02-13,4,Completed
16062,2839,2024-02-13,11,Completed
15143,3539,2024-02-13,1,Completed
6816,872,2024-02-13,3,Completed
22662,1485,2024-02-13,2,Completed
19440,1244,2024-02-13,2,Completed
4728,1856,2024-02-13,9,Completed
23879,3630,2024-02-13,8,Cancelled
16595,2235,2024-02-13,3,Completed
21374,301,2024-02-13,1,Completed
22724,1322,2024-02-13,12,Completed
2304,3299,2024-02-13,7,Completed
16570,1473,2024-02-13,3,Cancelled
11386,3196,2024-02-13,1,Cancelled
1057,1734,2024-02-13,7,Completed
22581,2620,2024-02-14,6,Completed
12014,1540,2024-02-14,8,Completed
19515,144,2024-02-14,2,Completed
22285,4470,2024-02-14,2,Cancelled
13367,3580,2024-02-14,11,Completed
2044,2600,2024-02-14,12,Completed
23274,2013,2024-02-14,6,Completed
15929,4304,2024-02-14,7,Completed
6234,4086,2024-02-14,12,Completed
13059,4443,2024-02-14,3,Completed
21612,2304,2024-02-14,8,Completed
6928,1299,2024-02-14,4,Completed
6926,1502,2024-02-14,1,Completed
23650,1758,2024-02-14,11,Cancelled
4370,1934,2024-02-14,4,Cancelled
10482,1307,2024-02-14,8,Completed
21853,3604,2024-02-14,2,Completed
1510,1095,2024-02-14,10,Completed
13541,590,2024-02-14,2,Completed
8076,2967,2024-02-14,2,Completed
8131,391,2024-02-14,10,Completed
13393,3347,2024-02-14,5,Completed
18865,1697,2024-02-14,6,Completed
23359,4197,2024-02-14,8,Completed
18771,1998,2024-02-15,9,Completed
13201,2562,2024-02-15,12,Completed
21480,3986,2024-02-15,2,Completed
520,4579,2024-02-15,5,Completed
585,2418,2024-02-15,1,Cancelled
3440,1130,2024-02-15,2,Completed
18394,324,2024-02-15,12,Completed
1761,4350,2024-02-15,4,Cancelled
18188,320,2024-02-15,12,Completed
20950,908,2024-02-15,12,Completed
1054,271,2024-02-15,4,Completed
12299,4324,2024-02-15,4,Cancelled
20844,4806,2024-02-15,8,Completed
4861,2771,2024-02-15,8,Completed
4438,3534,2024-02-15,10,Completed
1616,2778,2024-02-15,4,Completed
907,3525,2024-02-15,10,Completed
22677,677,2024-02-15,5,Completed
24075,4719,2024-02-15,8,Completed
508,2450,2024-02-15,1,Completed
9957,1763,2024-02-15,10,Completed
12018,2935,2024-02-15,9,Cancelled
22172,2284,2024-02-15,5,Cancelled
7644,360,2024-02-16,5,Cancelled
8112,3476,2024-02-16,3,Completed
21755,175,2024-02-16,4,Completed
6901,4804,2024-02-16,5,Cancelled
3290,776,2024-02-16,10,Completed
18828,3763,2024-02-16,12,Completed
2175,3339,2024-02-16,4,Completed
24872,4231,2024-02-16,2,Completed
2011,1801,2024-02-16,7,Completed
20378,715,2024-02-16,1,Completed
4545,1819,2024-02-16,11,Completed
23869,4323,2024-02-16,11,Completed
22068,1754,2024-02-16,1,Cancelled
11613,386,2024-02-16,4,Completed
6866,3289,2024-02-16,2,Cancelled
24968,4138,2024-02-16,1,Completed
9126,2602,2024-02-16,3,Completed
6806,3515,2024-02-16,12,Cancelled
3152,3103,2024-02-16,11,Cancelled
23874,1172,2024-02-16,4,Completed
13731,2478,2024-02-17,7,Completed
893,2685,2024-02-17,2,Completed
7127,1247,2024-02-17,3,Completed
13153,714,2024-02-17,3,Cancelled
14317,2964,2024-02-17,3,Cancelled
16737,2649,2024-02-17,3,Completed
21258,4865,2024-02-17,2,Completed
12368,3681,2024-02-17,3,Cancelled
18007,3077,2024-02-17,6,Completed
4863,3440,2024-02-17,1,Cancelled
11638,1518,2024-02-17,10,Cancelled
7777,1979,2024-02-17,1,Completed
10403,1436,2024-02-17,5,Cancelled
4449,4276,2024-02-17,7,Completed
9496,414,2024-02-17,3,Completed
16163,4577,2024-02-17,4,Completed
4910,1144,2024-02-17,2,Completed
21314,4682,2024-02-17,3,Completed
3650,772,2024-02-17,3,Cancelled
2959,3378,2024-02-17,3,Completed
15610,2490,2024-02-17,3,Completed
11324,4123,2024-02-17,1,Completed
24118,4092,2024-02-17,11,Completed
8753,4580,2024-02-18,11,Cancelled
15768,3980,2024-02-18,4,Cancelled
7040,4644,2024-02-18,7,Completed
1566,1355,2024-02-18,7,Completed
3540,4554,2024-02-18,3,Cancelled
6071,3775,2024-02-18,3,Completed
17111,3497,2024-02-18,6,Completed
12302,46,2024-02-18,6,Completed
9416,2554,2024-02-18,11,Completed
11730,910,2024-02-18,9,Cancelled
10558,830,2024-02-18,12,Completed
4891,4835,2024-02-18,7,Completed
19266,1921,2024-02-18,12,Completed
21588,1747,2024-02-18,1,Completed
8166,4675,2024-02-18,1,Completed
8605,2009,2024-02-18,9,Completed
21842,609,2024-02-18,3,Completed
18717,3506,2024-02-18,2,Completed
24314,245,2024-02-18,4,Completed
23111,1514,2024-02-18,7,Completed
6039,282,2024-02-18,7,Completed
502,3635,2024-02-18,12,Cancelled
11415,2590,2024-02-18,4,Completed
17569,617,2024-02-18,1,Completed
23822,3903,2024-02-18,6,Completed
1061,2423,2024-02-18,12,Completed
22767,999,2024-02-18,9,Completed
10062,1825,2024-02-18,1,Cancelled
3815,4123,2024-02-18,1,Completed
331,1819,2024-02-18,11,Completed
23530,1181,2024-02-18,12,Completed
7449,85,2024-02-19,3,Completed
12520,4423,2024-02-19,4,Completed
1344,2402,2024-02-19,11,Completed
23380,3537,2024-02-19,11,Completed
12559,486,2024-02-19,9,Completed
16975,4446,2024-02-19,8,Completed
4607,1542,2024-02-19,10,Completed
15405,674,2024-02-19,7,Completed
7376,819,2024-02-19,3,Completed
19321,3646,2024-02-19,4,Completed
1205,1092,2024-02-19,6,Cancelled
23331,1908,2024-02-19,10,Completed
2809,4932,2024-02-19,7,Completed
9350,4332,2024-02-19,10,Completed
13508,4595,2024-02-19,12,Completed
20293,4424,2024-02-19,3,Completed
10791,2670,2024-02-19,2,Completed
246,43,2024-02-19,3,Completed
11643,1839,2024-02-19,10,Completed
23155,1240,2024-02-19,11,Completed
24716,3634,2024-02-19,6,Cancelled
21237,3185,2024-02-19,5,Completed
21749,150,2024-02-19,4,Completed
11178,1262,2024-02-19,1,Completed
20842,998,2024-02-19,8,Completed
22379,1000,2024-02-20,11,Completed
18235,1343,2024-02-20,9,Completed
16074,2059,2024-02-20,10,Completed
14819,1134,2024-02-20,6,Completed
12587,2988,2024-02-20,5,Completed
10391,4832,2024-02-20,11,Completed
3990,4745,2024-02-20,2,Completed
18693,318,2024-02-20,1,Completed
3960,2341,2024-02-20,7,Completed
6263,2695,2024-02-20,1,Completed
834,4484,2024-02-20,11,Completed
5357,3483,2024-02-20,3,Cancelled
572,2947,2024-02-20,1,Completed
18904,4948,2024-02-20,4,Cancelled
16398,2887,2024-02-20,4,Completed
4818,318,2024-02-20,1,Completed
12901,2035,2024-02-20,5,Completed
13911,1776,2024-02-20,1,Completed
18162,1514,2024-02-20,7,Completed
8889,536,2024-02-21,4,Completed
12907,450,2024-02-21,2,Completed
15592,448,2024-02-21,11,Completed
6197,2031,2024-02-21,10,Cancelled
9043,3689,2024-02-21,12,Cancelled
21476,3318,2024-02-21,2,Completed
16546,3552,2024-02-21,2,Completed
3041,3976,2024-02-21,4,Completed
18770,721,2024-02-21,3,Cancelled
15277,4898,2024-02-21,10,Cancelled
16055,4583,2024-02-21,12,Completed
5701,4417,2024-02-21,1,Completed
15252,2348,2024-02-21,2,Completed
8370,2216,2024-02-21,6,Completed
4301,1035,2024-02-21,5,Completed
3420,1599,2024-02-21,3,Completed
5524,2551,2024-02-21,11,Completed
5637,2884,2024-02-21,2,Completed
24340,810,2024-02-21,7,Completed
22017,1699,2024-02-21,12,Completed
12349,3300,2024-02-21,12,Completed
7343,482,2024-02-21,4,Completed
7913,2565,2024-02-21,4,Completed
5404,3427,2024-02-21,1,Completed
19424,363,2024-02-21,2,Cancelled
10652,884,2024-02-21,4,Completed
8615,4878,2024-02-21,2,Completed
1550,701,2024-02-22,4,Completed
14733,885,2024-02-22,3,Cancelled
5775,426,2024-02-22,9,Completed
17975,837,2024-02-22,1,Completed
17958,1400,2024-02-22,7,Completed
6906,2592,2024-02-22,9,Completed
1294,418,2024-02-22,2,Completed
12710,2230,2024-02-22,9,Completed
11815,1379,2024-02-22,12,Cancelled
17797,4258,2024-02-22,2,Completed
11427,686,2024-02-22,10,Completed
168,329,2024-02-22,4,Completed
5868,3050,2024-02-22,5,Cancelled
3556,603,2024-02-22,3,Cancelled
17025,308,2024-02-22,1,Completed
3050,990,2024-02-22,7,Completed
1038,888,2024-02-22,7,Completed
1135,563,2024-02-22,12,Completed
22410,4504,2024-02-23,12,Completed
3255,2503,2024-02-23,9,Completed
1399,2516,2024-02-23,7,Completed
4845,4244,2024-02-23,1,Completed
909,4756,2024-02-23,4,Completed
22453,612,2024-02-23,1,Completed
16913,4092,2024-02-23,11,Completed
17614,2028,2024-02-23,4,Cancelled
3021,947,2024-02-23,12,Cancelled
24310,1949,2024-02-23,5,Completed
7522,4521,2024-02-23,3,Completed
14277,2399,2024-02-23,10,Completed
16043,1851,2024-02-23,2,Completed
4633,1242,2024-02-23,5,Completed
16125,3795,2024-02-23,8,Completed
24383,2210,2024-02-23,11,Cancelled
21498,1119,2024-02-23,7,Completed
6321,3847,2024-02-23,9,Completed
15507,1307,2024-02-23,8,Completed
23645,1793,2024-02-23,1,Completed
17494,1026,2024-02-23,7,Completed
21494,475,2024-02-23,4,Completed
14479,2464,2024-02-23,2,Completed
11655,1205,2024-02-24,7,Cancelled
11681,2250,2024-02-24,1,Completed
24730,592,2024-02-24,3,Completed
1288,849,2024-02-24,8,Completed
17165,796,2024-02-24,7,Completed
15510,2576,2024-02-24,2,Cancelled
6026,296,2024-02-24,11,Completed
4251,711,2024-02-24,5,Completed
17440,4815,2024-02-24,9,Completed
8732,3956,2024-02-24,3,Completed
13628,4361,2024-02-24,4,Completed
21045,1400,2024-02-24,7,Completed
4660,139,2024-02-24,2,Completed
5624,3866,2024-02-24,11,Completed
3042,2410,2024-02-24,6,Completed
7147,4121,2024-02-24,2,Completed
9631,3747,2024-02-24,10,Completed
4959,1247,2024-02-24,3,Cancelled
7799,1660,2024-02-24,1,Completed
22521,2988,2024-02-24,5,Completed
17910,1897,2024-02-24,6,Completed
20248,4212,2024-02-24,10,Cancelled
19814,2600,2024-02-24,12,Completed
20822,4034,2024-02-24,5,Completed
11600,972,2024-02-24,2,Completed
10854,303,2024-02-25,5,Completed
8292,4431,2024-02-25,6,Cancelled
6110,3570,2024-02-25,5,Completed
17813,4963,2024-02-25,3,Completed
22423,2645,2024-02-25,3,Completed
10479,4303,2024-02-25,3,Cancelled
19391,2997,2024-02-25,1,Cancelled
4539,2944,2024-02-25,3,Completed
6011,710,2024-02-25,10,Completed
11006,4704,2024-02-25,7,Cancelled
1850,137,2024-02-25,11,Completed
6342,3465,2024-02-25,2,Completed
1361,1308,2024-02-25,3,Completed
11361,636,2024-02-25,2,Completed
3854,1320,2024-02-25,10,Completed
23640,233,2024-02-25,4,Cancelled
22699,3899,2024-02-25,8,Completed
17501,3365,2024-02-25,3,Completed
12694,1606,2024-02-25,3,Completed
3004,2993,2024-02-25,10,Completed
14105,2512,2024-02-25,8,Cancelled
24092,3229,2024-02-25,2,Completed
2497,588,2024-02-25,1,Completed
811,990,2024-02-25,7,Completed
21501,2475,2024-02-25,7,Completed
21707,116,2024-02-25,6,Completed
8265,299,2024-02-25,1,Completed
6260,2488,2024-02-25,7,Cancelled
24041,4473,2024-02-26,3,Cancelled
14589,3848,2024-02-26,8,Completed
2866,1531,2024-02-26,12,Cancelled
15360,2039,2024-02-26,2,Cancelled
14258,3635,2024-02-26,12,Cancelled
19481,3267,2024-02-26,12,Completed
21543,2465,2024-02-26,2,Cancelled
24506,3934,2024-02-26,7,Completed
20350,2034,2024-02-26,1,Completed
14556,2430,2024-02-26,7,Completed
9478,872,2024-02-26,3,Cancelled
13555,2544,2024-02-26,1,Completed
9332,3859,2024-02-26,10,Completed
3242,3592,2024-02-26,8,Cancelled
789,1067,2024-02-26,11,Completed
21762,2131,2024-02-26,7,Completed
2903,3822,2024-02-26,3,Completed
7359,2035,2024-02-26,5,Cancelled
14841,2451,2024-02-26,11,Cancelled
1433,3814,2024-02-26,4,Cancelled
13643,4921,2024-02-26,2,Cancelled
23707,2946,2024-02-26,10,Completed
3497,3539,2024-02-26,1,Completed
4759,556,2024-02-26,3,Completed
7411,2286,2024-02-27,2,Completed
23407,677,2024-02-27,5,Completed
8018,3139,2024-02-27,12,Completed
15033,1819,2024-02-27,11,Completed
14355,4657,2024-02-27,5,Completed
3727,1537,2024-02-27,7,Completed
17500,3087,2024-02-27,7,Cancelled
9922,4706,2024-02-27,2,Completed
19048,3240,2024-02-27,4,Completed
24766,2584,2024-02-27,7,Completed
6563,4798,2024-02-27,7,Completed
2602,1438,2024-02-27,11,Completed
1151,1141,2024-02-27,2,Completed
11577,1887,2024-02-27,3,Completed
8816,2323,2024-02-27,3,Completed
16340,761,2024-02-27,11,Completed
9988,2378,2024-02-27,9,Cancelled
5135,796,2024-02-27,7,Cancelled
1599,4265,2024-02-27,9,Completed
20416,3864,2024-02-27,10,Completed
1733,2444,2024-02-27,1,Completed
10232,3469,2024-02-27,10,Completed
12090,3839,2024-02-27,6,Completed
24784,3526,2024-02-27,2,Completed
24923,4793,2024-02-27,1,Completed
11684,4615,2024-02-27,2,Completed
23990,2583,2024-02-27,10,Completed
4479,4567,2024-02-27,2,Completed
7435,3600,2024-02-28,2,Completed
9192,3689,2024-02-28,12,Completed
14503,1999,2024-02-28,7,Completed
3859,3776,2024-02-28,11,Cancelled
21905,3796,2024-02-28,11,Cancelled
15176,1044,2024-02-28,3,Completed
15545,41,2024-02-28,2,Cancelled
23322,4740,2024-02-28,7,Completed
2327,763,2024-02-28,2,Completed
2488,3020,2024-02-28,1,Completed
12846,3112,2024-02-28,2,Completed
9251,4533,2024-02-28,3,Completed
14228,3730,2024-02-28,1,Completed
2311,98,2024-02-28,1,Completed
17225,1971,2024-02-28,8,Completed
4956,4040,2024-02-28,12,Completed
14531,4414,2024-02-28,7,Completed
14409,1915,2024-02-28,11,Completed
9513,2400,2024-02-28,5,Completed
16070,3338,2024-02-28,7,Cancelled
1296,3477,2024-02-28,6,Completed
18270,3890,2024-02-28,4,Cancelled
22103,3632,2024-02-29,9,Cancelled
12230,365,2024-02-29,10,Completed
2542,3031,2024-02-29,3,Completed
23847,1730,2024-02-29,9,Completed
591,1026,2024-02-29,7,Completed
21774,4466,2024-02-29,7,Completed
16538,244,2024-02-29,1,Completed
2072,2983,2024-02-29,12,Completed
5199,2620,2024-02-29,6,Completed
20055,4174,2024-02-29,12,Cancelled
11908,1007,2024-02-29,5,Completed
24512,3604,2024-02-29,2,Cancelled
12866,4641,2024-02-29,1,Completed
1062,2082,2024-02-29,6,Completed
11586,1351,2024-02-29,4,Completed
9890,4726,2024-02-29,3,Completed
20704,3432,2024-02-29,3,Completed
23688,106,2024-02-29,4,Completed
17755,4024,2024-02-29,7,Completed
315,2110,2024-03-01,11,Completed
11691,2575,2024-03-01,12,Completed
8493,2198,2024-03-01,4,Completed
5948,371,2024-03-01,6,Completed
15102,2178,2024-03-01,1,Completed
17660,1088,2024-03-01,8,Cancelled
16432,3407,2024-03-01,11,Cancelled
17663,941,2024-03-01,3,Completed
8345,4520,2024-03-01,10,Completed
4950,3706,2024-03-01,9,Completed
23706,932,2024-03-01,12,Completed
17671,2270,2024-03-01,9,Completed
20168,2923,2024-03-01,10,Completed
11739,2205,2024-03-01,4,Cancelled
3128,2455,2024-03-01,2,Completed
19707,3201,2024-03-01,11,Completed
11249,3075,2024-03-01,11,Completed
12483,605,2024-03-01,6,Completed
12229,154,2024-03-01,8,Completed
22909,4293,2024-03-01,5,Cancelled
14189,1092,2024-03-01,6,Completed
8758,2154,2024-03-01,1,Completed
18303,2596,2024-03-01,9,Completed
1900,244,2024-03-01,1,Completed
151,1722,2024-03-02,8,Completed
21100,4928,2024-03-02,1,Cancelled
24271,2430,2024-03-02,7,Completed
19685,4678,2024-03-02,5,Completed
19319,2261,2024-03-02,10,Completed
23366,4949,2024-03-02,3,Completed
8148,869,2024-03-02,2,Cancelled
6760,3779,2024-03-02,9,Completed
21405,2862,2024-03-02,1,Completed
10619,3494,2024-03-02,7,Completed
12345,1357,2024-03-02,1,Completed
18298,3856,2024-03-02,9,Cancelled
11515,3793,2024-03-02,6,Completed
19417,74,2024-03-02,6,Cancelled
5946,3181,2024-03-02,1,Completed
14283,2532,2024-03-02,8,Completed
14448,857,2024-03-02,3,Completed
19919,4369,2024-03-02,1,Cancelled
24060,4137,2024-03-02,11,Completed
10295,253,2024-03-02,5,Cancelled
15069,4932,2024-03-02,7,Completed
9524,2320,2024-03-02,7,Completed
12727,4349,2024-03-02,3,Completed
11790,1155,2024-03-02,3,Completed
7986,516,2024-03-03,2,Completed
2607,370,2024-03-03,4,Completed
13355,4455,2024-03-03,1,Completed
16313,2792,2024-03-03,7,Completed
24363,1987,2024-03-03,7,Completed
13593,1734,2024-03-03,7,Completed
17206,3444,2024-03-03,3,Completed
11478,3068,2024-03-03,12,Completed
906,4927,2024-03-03,9,Completed
11168,4618,2024-03-03,2,Cancelled
3281,3243,2024-03-03,3,Completed
22074,804,2024-03-03,7,Cancelled
10881,4060,2024-03-03,6,Cancelled
9329,2835,2024-03-03,12,Completed
5520,192,2024-03-03,6,Completed
6379,939,2024-03-04,4,Completed
5807,118,2024-03-04,12,Completed
20555,117,2024-03-04,4,Cancelled
2624,31,2024-03-04,10,Cancelled
6362,373,2024-03-04,2,Completed
21285,2985,2024-03-04,1,Completed
13164,227,2024-03-04,2,Completed
9271,3508,2024-03-04,2,Completed
24746,2092,2024-03-04,9,Completed
5893,3123,2024-03-04,2,Completed
13989,3033,2024-03-04,1,Completed
19386,1429,2024-03-04,1,Completed
15225,120,2024-03-04,2,Completed
11009,4479,2024-03-04,2,Completed
17687,2400,2024-03-04,5,Completed
17002,395,2024-03-04,7,Completed
11248,1732,2024-03-04,3,Completed
2817,1607,2024-03-04,7,Completed
20383,1517,2024-03-04,1,Completed
15307,1468,2024-03-04,9,Completed
2310,4347,2024-03-04,3,Completed
19640,1862,2024-03-04,9,Completed
22415,94,2024-03-05,3,Completed
14736,2578,2024-03-05,10,Cancelled
5203,2930,2024-03-05,1,Completed
21068,4839,2024-03-05,7,Completed
20469,1653,2024-03-05,7,Completed
22603,2351,2024-03-05,7,Completed
11494,1751,2024-03-05,10,Completed
7290,2614,2024-03-05,11,Completed
5562,4230,2024-03-05,7,Completed
15364,3693,2024-03-05,8,Completed
9882,3857,2024-03-05,11,Completed
2189,3864,2024-03-05,10,Completed
7065,1099,2024-03-05,11,Completed
2484,2160,2024-03-05,10,Cancelled
11387,1467,2024-03-05,10,Completed
8201,4155,2024-03-05,7,Completed
24191,4720,2024-03-05,10,Completed
12914,1956,2024-03-05,11,Cancelled
20072,1758,2024-03-05,11,Completed
9510,2101,2024-03-05,9,Cancelled
7120,2179,2024-03-05,4,Completed
14646,214,2024-03-05,9,Completed
12160,4121,2024-03-05,2,Cancelled
2714,3852,2024-03-05,1,Cancelled
21525,2946,2024-03-05,10,Completed
20804,1132,2024-03-05,11,Completed
1003,4060,2024-03-05,6,Completed
24510,3012,2024-03-06,4,Completed
15608,4321,2024-03-06,12,Completed
3496,2441,2024-03-06,2,Completed
24818,3620,2024-03-06,7,Completed
12273,1342,2024-03-06,12,Cancelled
16923,2084,2024-03-06,7,Completed
12122,4643,2024-03-06,1,Cancelled
294,151,2024-03-06,4,Completed
8362,2243,2024-03-06,4,Cancelled
3798,3062,2024-03-06,12,Completed
8187,213,2024-03-06,3,Cancelled
5950,4314,2024-03-06,2,Completed
2111,3415,2024-03-06,12,Completed
12920,1843,2024-03-06,2,Completed
3949,517,2024-03-06,3,Completed
19295,3043,2024-03-06,11,Completed
6719,559,2024-03-06,3,Completed
22062,863,2024-03-06,10,Completed
7233,1205,2024-03-06,7,Completed
4930,1454,2024-03-06,5,Completed
10165,931,2024-03-06,2,Completed
3165,1786,2024-03-06,12,Completed
24438,2723,2024-03-06,5,Completed
15699,4046,2024-03-06,12,Cancelled
20656,2082,2024-03-06,6,Completed
610,2160,2024-03-06,10,Completed
12283,860,2024-03-06,6,Completed
4271,138,2024-03-06,3,Completed
7875,3970,2024-03-06,11,Completed
4472,4346,2024-03-06,12,Completed
23334,480,2024-03-07,4,Completed
22987,3641,2024-03-07,1,Completed
8779,3956,2024-03-07,3,Completed
2482,4942,2024-03-07,4,Completed
15114,2378,2024-03-07,9,Completed
1806,4230,2024-03-07,7,Completed
7318,2189,2024-03-07,4,Completed
18286,2690,2024-03-07,3,Completed
5202,3014,2024-03-07,2,Completed
4343,534,2024-03-07,1,Cancelled
157,412,2024-03-07,1,Completed
7537,2513,2024-03-07,7,Completed
21278,2588,2024-03-07,4,Completed
7595,1477,2024-03-07,11,Completed
16813,858,2024-03-07,8,Completed
23303,4873,2024-03-07,12,Completed
17800,4059,2024-03-07,2,Completed
16143,2004,2024-03-07,12,Completed
11949,371,2024-03-07,6,Completed
4358,3849,2024-03-07,2,Completed
18918,4618,2024-03-07,2,Cancelled
15325,2082,2024-03-07,6,Cancelled
24763,300,2024-03-07,1,Cancelled
13168,4074,2024-03-07,5,Completed
20740,283,2024-03-07,5,Completed
18818,1035,2024-03-08,5,Cancelled
5830,4708,2024-03-08,2,Cancelled
16663,1114,2024-03-08,6,Completed
18799,3668,2024-03-08,5,Completed
2660,335,2024-03-08,6,Completed
18543,3272,2024-03-08,12,Completed
23855,3660,2024-03-08,5,Completed
15288,4898,2024-03-08,10,Completed
18401,3364,2024-03-08,7,Completed
940,1694,2024-03-08,4,Cancelled
10378,2535,2024-03-08,2,Completed
18871,3433,2024-03-08,11,Cancelled
16443,882,2024-03-08,1,Completed
23697,4896,2024-03-08,1,Completed
21173,3642,2024-03-08,4,Completed
21172,1318,2024-03-08,9,Cancelled
19373,2271,2024-03-08,11,Cancelled
15934,4230,2024-03-08,7,Completed
24516,106,2024-03-08,4,Completed
21972,3194,2024-03-09,2,Completed
6312,3718,2024-03-09,2,Completed
4275,3158,2024-03-09,3,Completed
16886,4935,2024-03-09,1,Cancelled
6144,4773,2024-03-09,10,Completed
20848,1627,2024-03-09,9,Completed
1707,3588,2024-03-09,11,Completed
1108,254,2024-03-09,2,Cancelled
3659,1901,2024-03-09,2,Completed
14880,1194,2024-03-09,3,Completed
23069,3504,2024-03-09,3,Completed
21963,2841,2024-03-09,10,Completed
605,46,2024-03-10,6,Cancelled
23581,800,2024-03-10,3,Cancelled
3074,3597,2024-03-10,8,Completed
4748,500,2024-03-10,7,Completed
18524,258,2024-03-10,9,Completed
4664,3316,2024-03-10,12,Cancelled
23583,1540,2024-03-10,8,Completed
15493,3013,2024-03-10,12,Completed
614,1940,2024-03-10,1,Completed
592,2873,2024-03-10,4,Completed
12557,4809,2024-03-10,3,Completed
3746,117,2024-03-10,4,Completed
5787,4243,2024-03-10,4,Cancelled
12354,3043,2024-03-10,11,Completed
7867,447,2024-03-10,2,Completed
24875,455,2024-03-10,12,Completed
4971,4866,2024-03-10,8,Cancelled
4059,1825,2024-03-10,1,Cancelled
16507,1115,2024-03-10,6,Completed
22360,1602,2024-03-10,3,Completed
7493,4382,2024-03-10,11,Completed
10725,609,2024-03-10,3,Completed
7331,3646,2024-03-11,4,Completed
229,857,2024-03-11,3,Completed
7700,4244,2024-03-11,1,Completed
651,2041,2024-03-11,10,Completed
16810,1597,2024-03-11,8,Cancelled
3894,4612,2024-03-11,12,Completed
14613,2605,2024-03-11,3,Completed
8064,3043,2024-03-11,11,Completed
12179,4995,2024-03-11,4,Cancelled
20167,4164,2024-03-11,1,Completed
17465,4899,2024-03-11,8,Completed
8896,3099,2024-03-11,7,Cancelled
22351,3862,2024-03-11,9,Completed
2706,1456,2024-03-11,5,Cancelled
18112,3360,2024-03-11,9,Completed
5246,1267,2024-03-11,1,Completed
703,1008,2024-03-12,5,Completed
14466,4593,2024-03-12,2,Completed
7044,701,2024-03-12,4,Completed
1769,1166,2024-03-12,11,Completed
21185,4520,2024-03-12,10,Completed
9869,1411,2024-03-12,5,Cancelled
24670,3328,2024-03-12,12,Completed
16295,1182,2024-03-12,4,Completed
7368,3958,2024-03-12,4,Completed
15956,105,2024-03-12,2,Cancelled
14271,3789,2024-03-12,9,Cancelled
16044,36,2024-03-12,10,Completed
23230,1826,2024-03-12,3,Cancelled
3419,150,2024-03-12,4,Completed
8662,4423,2024-03-12,4,Completed
1214,449,2024-03-12,5,Completed
16479,572,2024-03-13,5,Completed
7101,2517,2024-03-13,10,Completed
15389,231,2024-03-13,3,Cancelled
1687,2578,2024-03-13,10,Completed
15586,1645,2024-03-13,11,Completed
22290,3937,2024-03-13,12,Completed
3675,2657,2024-03-13,3,Completed
18413,3242,2024-03-13,6,Completed
17878,180,2024-03-13,2,Cancelled
23455,1662,2024-03-13,6,Completed
1019,316,2024-03-13,12,Completed
14337,3322,2024-03-13,5,Completed
18198,898,2024-03-13,10,Cancelled
8554,4753,2024-03-13,7,Completed
24713,4494,2024-03-13,1,Completed
18163,702,2024-03-13,12,Completed
12130,238,2024-03-13,10,Cancelled
12497,2553,2024-03-13,10,Completed
2797,3890,2024-03-13,4,Completed
15039,153,2024-03-13,2,Completed
24604,4036,2024-03-13,11,Completed
24570,2555,2024-03-13,12,Cancelled
18516,2475,2024-03-13,7,Completed
20821,17,2024-03-13,2,Completed
21509,1408,2024-03-14,11,Cancelled
13007,1153,2024-03-14,3,Completed
885,4824,2024-03-14,6,Completed
21613,2136,2024-03-14,3,Completed
13039,2285,2024-03-14,5,Completed
4853,2772,2024-03-14,8,Completed
16210,2851,2024-03-14,3,Completed
2108,150,2024-03-14,4,Completed
12279,3352,2024-03-14,1,Completed
10779,1839,2024-03-14,10,Completed
21243,2983,2024-03-14,12,Completed
20932,114,2024-03-14,6,Completed
12148,2092,2024-03-14,9,Cancelled
16203,74,2024-03-14,6,Completed
11701,3488,2024-03-14,2,Cancelled
15295,697,2024-03-14,10,Completed
23875,4235,2024-03-14,2,Completed
3924,21,2024-03-14,1,Completed
11320,544,2024-03-14,5,Completed
15897,1736,2024-03-14,8,Completed
16518,748,2024-03-14,1,Cancelled
14889,3334,2024-03-14,9,Completed
12945,4266,2024-03-14,4,Completed
1921,456,2024-03-14,5,Completed
12969,1310,2024-03-14,7,Cancelled
1941,970,2024-03-14,2,Cancelled
18638,4792,2024-03-14,6,Completed
8952,2364,2024-03-15,2,Completed
24610,363,2024-03-15,2,Completed
5258,4795,2024-03-15,10,Completed
9211,2661,2024-03-15,7,Completed
19262,1963,2024-03-15,7,Completed
14608,3771,2024-03-15,3,Completed
14498,2216,2024-03-15,6,Cancelled
24188,4821,2024-03-15,2,Cancelled
314,2433,2024-03-15,4,Completed
1783,874,2024-03-15,4,Completed
14093,4479,2024-03-15,2,Completed
18894,4936,2024-03-15,4,Completed
771,2311,2024-03-15,1,Completed
19339,1768,2024-03-15,11,Completed
7047,343,2024-03-15,10,Completed
1584,1508,2024-03-15,10,Completed
10343,1766,2024-03-15,9,Completed
8236,1090,2024-03-15,6,Cancelled
20244,430,2024-03-15,11,Cancelled
16236,3352,2024-03-15,1,Completed
21943,1714,2024-03-15,4,Completed
19020,4608,2024-03-15,2,Completed
24858,3002,2024-03-15,3,Completed
4791,1108,2024-03-15,5,Completed
13958,2063,2024-03-15,11,Cancelled
3843,2962,2024-03-15,12,Completed
12570,2871,2024-03-15,1,Completed
6178,1072,2024-03-15,1,Cancelled
6527,3155,2024-03-16,10,Completed
19464,4720,2024-03-16,10,Completed
17619,2858,2024-03-16,8,Completed
18995,3214,2024-03-16,9,Completed
13202,1613,2024-03-16,10,Completed
23508,3440,2024-03-16,1,Completed
4967,4180,2024-03-16,3,Completed
24313,3802,2024-03-16,2,Completed
9409,321,2024-03-16,9,Completed
13775,849,2024-03-16,8,Completed
1995,1067,2024-03-16,11,Completed
21104,1272,2024-03-16,3,Completed
20918,2351,2024-03-16,7,Completed
24594,134,2024-03-16,10,Cancelled
16439,1432,2024-03-16,9,Cancelled
5669,3031,2024-03-16,3,Cancelled
20157,4430,2024-03-16,12,Completed
24712,2952,2024-03-16,10,Completed
15139,3526,2024-03-16,2,Cancelled
17421,1885,2024-03-16,12,Completed
5835,1850,2024-03-16,5,Completed
10943,527,2024-03-16,1,Completed
22237,2000,2024-03-16,2,Completed
13883,1471,2024-03-16,9,Completed
15843,2124,2024-03-16,3,Completed
11149,4041,2024-03-16,12,Cancelled
11146,2930,2024-03-16,1,Completed
24972,4941,2024-03-16,2,Completed
17793,3754,2024-03-16,9,Cancelled
2160,1949,2024-03-17,5,Completed
17232,3545,2024-03-17,11,Cancelled
2729,2325,2024-03-17,12,Completed
7846,400,2024-03-17,12,Completed
20231,3030,2024-03-17,5,Completed
9923,1979,2024-03-17,1,Completed
9138,2923,2024-03-17,10,Completed
3092,1392,2024-03-17,11,Cancelled
9144,1228,2024-03-17,11,Completed
1315,1842,2024-03-17,8,Completed
20320,1462,2024-03-17,3,Completed
14170,648,2024-03-17,1,Completed
10043,4619,2024-03-17,7,Completed
4521,1467,2024-03-17,10,Completed
9745,494,2024-03-17,7,Completed
24081,4683,2024-03-17,3,Completed
19630,4631,2024-03-17,12,Cancelled
15316,4835,2024-03-17,7,Completed
10112,318,2024-03-17,1,Completed
9334,1010,2024-03-17,10,Completed
16374,970,2024-03-17,2,Completed
1341,3918,2024-03-17,5,Completed
1138,2675,2024-03-17,3,Completed
1345,1524,2024-03-17,1,Completed
16834,2106,2024-03-17,5,Cancelled
971,2614,2024-03-18,11,Cancelled
16676,1194,2024-03-18,3,Completed
17540,3915,2024-03-18,4,Completed
22446,2344,2024-03-18,1,Completed
16252,4329,2024-03-18,3,Completed
6746,3234,2024-03-18,3,Completed
6604,2454,2024-03-18,6,Completed
2611,872,2024-03-18,3,Cancelled
7489,2338,2024-03-18,6,Cancelled
17069,335,2024-03-18,6,Completed
16581,3637,2024-03-18,3,Completed
22086,3582,2024-03-18,6,Completed
5747,1084,2024-03-18,7,Completed
9307,3981,2024-03-18,5,Completed
5536,3337,2024-03-18,2,Completed
19619,313,2024-03-18,7,Cancelled
10167,3189,2024-03-18,7,Completed
9291,3181,2024-03-18,1,Cancelled
5070,732,2024-03-18,2,Completed
21321,3278,2024-03-18,2,Completed
19073,90,2024-03-18,2,Completed
18220,2885,2024-03-19,6,Completed
15239,1279,2024-03-19,3,Cancelled
9844,878,2024-03-19,5,Completed
16793,835,2024-03-19,8,Completed
17982,1990,2024-03-19,8,Completed
20457,17,2024-03-19,2,Completed
7506,4847,2024-03-19,2,Completed
13407,2900,2024-03-19,1,Completed
13302,2423,2024-03-19,12,Completed
39,2633,2024-03-19,3,Completed
54,3859,2024-03-19,10,Completed
13644,978,2024-03-19,1,Completed
10963,3124,2024-03-19,12,Completed
21289,3059,2024-03-19,2,Completed
18287,542,2024-03-19,7,Completed
19249,3669,2024-03-19,12,Completed
22664,4880,2024-03-20,1,Completed
13855,2832,2024-03-20,11,Cancelled
21403,3811,2024-03-20,2,Completed
9193,4111,2024-03-20,5,Completed
14151,2889,2024-03-20,1,Completed
3700,2270,2024-03-20,9,Cancelled
15668,1373,2024-03-20,3,Completed
10989,274,2024-03-20,10,Cancelled
8158,491,2024-03-20,2,Completed
2170,4381,2024-03-20,6,Completed
10658,175,2024-03-20,4,Completed
1473,3929,2024-03-20,5,Completed
16322,4621,2024-03-20,3,Cancelled
24677,2573,2024-03-20,2,Completed
5907,2157,2024-03-20,9,Completed
14657,2946,2024-03-20,10,Completed
19816,708,2024-03-20,4,Completed
23918,2486,2024-03-20,9,Completed
10105,2673,2024-03-20,3,Completed
550,4229,2024-03-20,11,Completed
16046,332,2024-03-20,1,Completed
24346,4534,2024-03-20,4,Completed
14205,118,2024-03-20,12,Completed
14192,2248,2024-03-20,5,Completed
4589,3030,2024-03-20,5,Completed
14517,2651,2024-03-20,3,Completed
5190,1747,2024-03-20,1,Completed
6160,1152,2024-03-21,2,Cancelled
4907,1437,2024-03-21,7,Completed
15790,1342,2024-03-21,12,Completed
6170,4752,2024-03-21,9,Completed
15779,683,2024-03-21,7,Completed
15044,1678,2024-03-21,11,Completed
6488,38,2024-03-21,5,Completed
19654,4024,2024-03-21,7,Completed
11782,3561,2024-03-21,8,Completed
12467,2457,2024-03-21,10,Completed
9186,4953,2024-03-21,7,Completed
11221,2224,2024-03-21,10,Completed
12617,418,2024-03-21,2,Completed
9554,2611,2024-03-21,1,Completed
6764,3181,2024-03-21,1,Completed
14015,2395,2024-03-21,4,Completed
4767,2542,2024-03-21,4,Completed
11,1015,2024-03-21,7,Completed
2685,4900,2024-03-21,12,Completed
127,1746,2024-03-22,3,Completed
13622,336,2024-03-22,3,Cancelled
2181,1819,2024-03-22,11,Completed
20200,4674,2024-03-22,10,Completed
17884,4719,2024-03-22,8,Completed
3553,1103,2024-03-22,8,Completed
13455,3804,2024-03-22,1,Completed
3070,821,2024-03-22,10,Cancelled
16650,4077,2024-03-22,5,Cancelled
15340,3563,2024-03-22,6,Completed
9027,2141,2024-03-22,2,Cancelled
13063,4271,2024-03-22,1,Cancelled
19485,515,2024-03-22,1,Completed
3110,721,2024-03-22,3,Completed
12614,1160,2024-03-22,6,Completed
13752,1390,2024-03-22,4,Completed
21047,2940,2024-03-22,2,Completed
10133,2125,2024-03-22,2,Completed
1257,2410,2024-03-22,6,Cancelled
9577,2361,2024-03-23,10,Completed
22083,876,2024-03-23,7,Completed
20497,3529,2024-03-23,1,Completed
24265,1705,2024-03-23,8,Completed
16008,2864,2024-03-23,2,Completed
6729,4020,2024-03-23,1,Completed
16936,714,2024-03-23,3,Completed
2174,1142,2024-03-23,7,Completed
13346,305,2024-03-23,4,Completed
11726,107,2024-03-23,6,Completed
19959,3788,2024-03-23,3,Completed
4194,2163,2024-03-23,10,Completed
10301,927,2024-03-23,3,Cancelled
19588,1200,2024-03-23,8,Completed
4603,2162,2024-03-23,6,Completed
12352,854,2024-03-23,11,Completed
13116,123,2024-03-23,10,Completed
8489,3050,2024-03-23,5,Completed
22971,2012,2024-03-23,9,Completed
8578,3193,2024-03-23,2,Completed
1201,3118,2024-03-23,5,Completed
23364,3011,2024-03-23,10,Completed
15129,2155,2024-03-23,9,Completed
14929,4534,2024-03-24,4,Completed
6582,1464,2024-03-24,9,Completed
10909,4733,2024-03-24,7,Completed
14468,4430,2024-03-24,12,Completed
9918,3250,2024-03-24,6,Cancelled
743,2430,2024-03-24,7,Completed
1481,1298,2024-03-24,8,Cancelled
24296,3325,2024-03-24,9,Completed
18107,4213,2024-03-24,7,Completed
24078,751,2024-03-24,7,Completed
11899,1229,2024-03-24,10,Completed
10510,171,2024-03-24,7,Completed
14798,1552,2024-03-24,8,Completed
9556,928,2024-03-24,2,Completed
4150,3734,2024-03-24,11,Completed
5732,670,2024-03-24,1,Completed
17183,611,2024-03-24,4,Completed
888,3089,2024-03-24,12,Completed
7744,2759,2024-03-24,2,Cancelled
23882,729,2024-03-24,6,Completed
14403,594,2024-03-24,9,Completed
11176,4332,2024-03-24,10,Completed
10104,1573,2024-03-24,4,Completed
11233,233,2024-03-24,4,Completed
19429,375,2024-03-24,4,Cancelled
14762,4806,2024-03-24,8,Completed
8073,2444,2024-03-25,1,Completed
21604,1758,2024-03-25,11,Completed
10760,282,2024-03-25,7,Completed
367,4967,2024-03-25,1,Completed
11929,787,2024-03-25,4,Completed
13834,4720,2024-03-25,10,Completed
15786,2356,2024-03-25,4,Cancelled
16702,2756,2024-03-25,1,Completed
15012,3507,2024-03-25,11,Completed
1169,3019,2024-03-25,7,Completed
21010,1804,2024-03-25,2,Completed
15349,4706,2024-03-25,2,Completed
13564,3225,2024-03-25,9,Completed
16698,2606,2024-03-25,11,Cancelled
20691,2743,2024-03-25,1,Cancelled
24723,604,2024-03-25,1,Completed
9175,966,2024-03-25,1,Completed
5541,1007,2024-03-25,5,Completed
22195,120,2024-03-25,2,Completed
916,1030,2024-03-25,3,Completed
23446,4550,2024-03-25,2,Completed
5342,1114,2024-03-25,6,Completed
9943,404,2024-03-25,6,Completed
11362,129,2024-03-25,3,Completed
1571,4125,2024-03-26,4,Completed
23569,4801,2024-03-26,4,Completed
12780,4102,2024-03-26,8,Completed
4711,1855,2024-03-26,3,Completed
22782,4075,2024-03-26,5,Completed
1704,3075,2024-03-26,11,Completed
22659,4104,2024-03-26,9,Completed
14459,3147,2024-03-26,12,Completed
1313,430,2024-03-26,11,Completed
8558,721,2024-03-26,3,Completed
17664,2517,2024-03-26,10,Cancelled
10741,4122,2024-03-26,3,Completed
20082,979,2024-03-26,6,Completed
18836,2226,2024-03-26,9,Completed
9474,4393,2024-03-26,1,Cancelled
21121,4252,2024-03-26,1,Cancelled
13614,3134,2024-03-26,8,Completed
12310,258,2024-03-26,9,Cancelled
12660,1004,2024-03-26,1,Completed
12100,3600,2024-03-26,2,Completed
2075,2076,2024-03-26,1,Completed
21201,2782,2024-03-26,12,Completed
13816,3119,2024-03-26,1,Cancelled
23126,1354,2024-03-26,5,Completed
16171,4731,2024-03-26,12,Completed
21199,4040,2024-03-26,12,Completed
22233,4839,2024-03-27,7,Completed
17124,2555,2024-03-27,12,Completed
21665,152,2024-03-27,10,Completed
8346,3804,2024-03-27,1,Completed
6434,3335,2024-03-27,5,Completed
6653,988,2024-03-27,12,Completed
12153,2160,2024-03-27,10,Completed
10192,3214,2024-03-27,9,Completed
19961,2255,2024-03-27,7,Completed
1198,4244,2024-03-27,1,Completed
10097,4297,2024-03-27,1,Completed
21271,3543,2024-03-27,2,Completed
22357,2019,2024-03-27,6,Completed
3635,4904,2024-03-27,12,Completed
13530,3989,2024-03-27,6,Cancelled
14926,2107,2024-03-27,6,Completed
5721,1576,2024-03-27,12,Completed
5152,2724,2024-03-27,12,Completed
11067,4265,2024-03-27,9,Cancelled
18530,532,2024-03-28,5,Completed
16448,2659,2024-03-28,10,Completed
5121,2878,2024-03-28,8,Completed
19720,4400,2024-03-28,3,Completed
22537,1694,2024-03-28,4,Completed
9448,4391,2024-03-28,10,Completed
6323,435,2024-03-28,1,Completed
23561,2691,2024-03-28,2,Completed
10293,2951,2024-03-28,2,Completed
2013,972,2024-03-28,2,Cancelled
12591,3740,2024-03-28,3,Completed
19924,3178,2024-03-28,11,Cancelled
11276,4623,2024-03-28,5,Completed
23028,3224,2024-03-28,3,Completed
247,1343,2024-03-28,9,Completed
9573,2122,2024-03-28,2,Completed
12424,2839,2024-03-28,11,Cancelled
10266,2693,2024-03-28,10,Completed
14123,3753,2024-03-28,5,Completed
19231,3580,2024-03-28,11,Completed
11677,2219,2024-03-28,2,Completed
22131,1152,2024-03-29,2,Cancelled
7992,3719,2024-03-29,10,Completed
9331,4683,2024-03-29,3,Cancelled
10936,1312,2024-03-29,11,Cancelled
23599,172,2024-03-29,3,Cancelled
3807,4816,2024-03-29,12,Completed
12608,2409,2024-03-29,6,Completed
4319,4033,2024-03-29,6,Completed
12481,203,2024-03-29,1,Completed
7953,1219,2024-03-29,2,Completed
24321,3136,2024-03-29,4,Completed
6750,2979,2024-03-29,10,Cancelled
24123,557,2024-03-29,1,Completed
4797,2031,2024-03-29,10,Completed
11774,1403,2024-03-29,7,Cancelled
4757,151,2024-03-29,4,Cancelled
1125,890,2024-03-29,11,Completed
17483,711,2024-03-29,5,Cancelled
24384,1102,2024-03-29,4,Completed
11651,598,2024-03-29,9,Completed
5510,1213,2024-03-29,3,Completed
18830,4554,2024-03-29,3,Completed
18593,1785,2024-03-29,12,Completed
23662,3540,2024-03-29,12,Completed
9791,3836,2024-03-29,9,Completed
5864,4625,2024-03-29,1,Completed
14313,3675,2024-03-29,6,Completed
6574,3025,2024-03-29,4,Cancelled
18878,282,2024-03-29,7,Completed
13598,2893,2024-03-29,2,Completed
9101,3604,2024-03-29,2,Completed
5104,151,2024-03-30,4,Cancelled
7752,1066,2024-03-30,5,Completed
7994,4018,2024-03-30,11,Completed
21995,880,2024-03-30,2,Cancelled
16112,1266,2024-03-30,9,Completed
5421,1819,2024-03-30,11,Cancelled
1336,1072,2024-03-30,1,Completed
21105,327,2024-03-30,10,Completed
8212,1309,2024-03-30,5,Cancelled
580,4927,2024-03-30,9,Completed
8356,3458,2024-03-30,5,Completed
6938,1979,2024-03-30,1,Completed
15536,1285,2024-03-30,7,Completed
8249,4517,2024-03-30,7,Completed
21594,3426,2024-03-30,2,Completed
18695,1406,2024-03-30,11,Completed
251,2894,2024-03-30,2,Completed
412,3371,2024-03-30,3,Completed
16579,1306,2024-03-30,4,Completed
4038,3158,2024-03-30,3,Completed
1970,4805,2024-03-30,4,Completed
11629,1860,2024-03-31,10,Completed
17787,4125,2024-03-31,4,Completed
16808,1669,2024-03-31,11,Cancelled
1565,461,2024-03-31,3,Cancelled
368,4210,2024-03-31,7,Completed
24956,3783,2024-03-31,2,Completed
14540,3803,2024-03-31,1,Completed
21704,3156,2024-03-31,1,Completed
3416,3577,2024-03-31,8,Completed
1629,4909,2024-03-31,11,Completed
20420,807,2024-03-31,1,Completed
4366,3916,2024-03-31,5,Completed
20212,2544,2024-03-31,1,Completed
517,1157,2024-03-31,2,Completed
21390,3708,2024-03-31,10,Completed
13754,1747,2024-03-31,1,Cancelled
6201,3181,2024-03-31,1,Completed
9079,1883,2024-03-31,6,Completed
23713,4,2024-03-31,5,Completed
9361,2627,2024-03-31,7,Cancelled
21388,3171,2024-03-31,10,Completed
22780,3340,2024-03-31,4,Completed
13431,2405,2024-03-31,5,Completed
10267,2326,2024-04-01,11,Cancelled
6055,2759,2024-04-01,2,Completed
22597,1333,2024-04-01,4,Cancelled
11756,3531,2024-04-01,2,Completed
22841,138,2024-04-01,3,Completed
7096,410,2024-04-01,1,Completed
10314,2605,2024-04-01,3,Completed
10940,970,2024-04-01,2,Completed
1036,2851,2024-04-01,3,Completed
9874,3458,2024-04-01,5,Completed
5300,1610,2024-04-01,1,Completed
24792,1323,2024-04-01,12,Cancelled
20890,3522,2024-04-01,6,Completed
7903,1703,2024-04-01,2,Completed
20090,1202,2024-04-01,4,Completed
12243,1979,2024-04-01,1,Cancelled
21400,3685,2024-04-01,5,Completed
6205,3024,2024-04-01,6,Completed
1942,1204,2024-04-01,8,Completed
3614,4248,2024-04-02,11,Cancelled
16760,4270,2024-04-02,3,Completed
13544,2981,2024-04-02,1,Cancelled
5916,2858,2024-04-02,8,Cancelled
17822,4760,2024-04-02,12,Completed
4572,490,2024-04-02,10,Completed
24826,1104,2024-04-02,4,Cancelled
1952,4248,2024-04-02,11,Completed
23389,4819,2024-04-02,4,Completed
16012,2792,2024-04-02,7,Completed
18372,3148,2024-04-02,1,Cancelled
5233,4125,2024-04-02,4,Completed
3486,237,2024-04-02,7,Completed
24772,3166,2024-04-02,4,Cancelled
8814,808,2024-04-02,2,Completed
13647,3771,2024-04-02,3,Completed
9426,2076,2024-04-02,1,Cancelled
22048,1543,2024-04-02,11,Completed
23659,1649,2024-04-03,2,Completed
22393,2998,2024-04-03,11,Completed
254,3836,2024-04-03,9,Completed
19855,2760,2024-04-03,1,Completed
4074,2757,2024-04-03,2,Completed
17763,4609,2024-04-03,11,Completed
21656,3322,2024-04-03,5,Completed
17994,3656,2024-04-03,12,Completed
17490,1735,2024-04-03,4,Cancelled
11722,142,2024-04-03,3,Completed
18903,2898,2024-04-03,3,Completed
15988,3832,2024-04-03,2,Completed
5361,4647,2024-04-03,5,Completed
15633,2728,2024-04-03,11,Completed
14169,2086,2024-04-03,12,Completed
2387,3685,2024-04-03,5,Completed
9116,611,2024-04-03,4,Completed
23470,2910,2024-04-03,9,Completed
4326,1940,2024-04-03,1,Completed
14134,2853,2024-04-03,1,Cancelled
23276,3634,2024-04-03,6,Completed
4640,609,2024-04-03,3,Completed
14415,934,2024-04-03,7,Completed
7220,3654,2024-04-03,1,Completed
21015,3208,2024-04-03,1,Completed
1612,860,2024-04-03,6,Completed
24736,1839,2024-04-04,10,Completed
18251,2577,2024-04-04,2,Completed
10100,3504,2024-04-04,3,Completed
21807,998,2024-04-04,8,Completed
19993,3819,2024-04-04,11,Completed
14724,4789,2024-04-04,4,Cancelled
8402,1527,2024-04-04,3,Completed
17875,4895,2024-04-04,2,Cancelled
22134,4443,2024-04-04,3,Completed
22793,4549,2024-04-04,8,Completed
10400,4826,2024-04-04,4,Cancelled
2314,2239,2024-04-04,12,Completed
10771,4183,2024-04-04,11,Completed
23012,1473,2024-04-04,3,Completed
15800,2357,2024-04-05,6,Completed
14233,2649,2024-04-05,3,Completed
19290,254,2024-04-05,2,Completed
1515,3410,2024-04-05,4,Completed
5031,497,2024-04-05,8,Cancelled
6208,744,2024-04-05,2,Completed
14854,2822,2024-04-05,6,Completed
17665,2582,2024-04-05,4,Cancelled
8268,4210,2024-04-05,7,Completed
13081,1238,2024-04-05,11,Completed
13905,1653,2024-04-05,7,Completed
2980,2953,2024-04-05,1,Completed
18060,1851,2024-04-05,2,Completed
11896,4752,2024-04-05,9,Completed
13187,4153,2024-04-05,1,Completed
6113,66,2024-04-05,8,Completed
5885,3162,2024-04-05,12,Cancelled
3686,2480,2024-04-06,2,Completed
7424,2028,2024-04-06,4,Completed
15029,1800,2024-04-06,12,Completed
1034,2111,2024-04-06,4,Completed
17816,2444,2024-04-06,1,Completed
6920,2160,2024-04-06,10,Completed
17731,1210,2024-04-06,9,Completed
9253,2166,2024-04-06,12,Completed
18783,2122,2024-04-06,2,Completed
11003,1713,2024-04-06,8,Completed
20199,2102,2024-04-06,11,Completed
21793,2770,2024-04-06,3,Completed
16687,710,2024-04-06,10,Completed
1849,3546,2024-04-06,12,Completed
12677,1021,2024-04-06,11,Completed
11835,2356,2024-04-06,4,Completed
14009,848,2024-04-06,12,Completed
17643,890,2024-04-06,11,Completed
16027,3862,2024-04-06,9,Completed
14432,1124,2024-04-06,11,Completed
19874,3595,2024-04-06,3,Completed
19788,4303,2024-04-06,3,Completed
8804,656,2024-04-06,3,Completed
20858,2261,2024-04-06,10,Completed
24682,2667,2024-04-06,3,Cancelled
6185,1087,2024-04-07,8,Completed
417,4068,2024-04-07,5,Completed
913,1881,2024-04-07,11,Completed
24014,3193,2024-04-07,2,Completed
8904,1214,2024-04-07,8,Completed
11585,4505,2024-04-07,10,Completed
2194,4515,2024-04-07,1,Completed
884,2848,2024-04-07,3,Completed
5313,1658,2024-04-07,8,Completed
19451,2873,2024-04-07,4,Completed
5228,3288,2024-04-07,8,Completed
11692,806,2024-04-07,10,Completed
17169,2908,2024-04-07,2,Cancelled
12220,4852,2024-04-07,11,Completed
15970,4977,2024-04-07,12,Completed
13506,477,2024-04-07,1,Completed
20429,4932,2024-04-07,7,Completed
11033,4068,2024-04-08,5,Completed
22200,4485,2024-04-08,9,Completed
15955,4114,2024-04-08,4,Cancelled
9297,1259,2024-04-08,8,Completed
9288,4932,2024-04-08,7,Cancelled
19674,2648,2024-04-08,12,Completed
19760,768,2024-04-08,10,Completed
2661,4931,2024-04-08,9,Completed
4555,2887,2024-04-08,4,Cancelled
6861,853,2024-04-08,12,Completed
10870,2772,2024-04-08,8,Completed
4339,450,2024-04-08,2,Completed
2212,4297,2024-04-08,1,Completed
2795,190,2024-04-08,2,Completed
17473,2720,2024-04-08,11,Completed
22674,157,2024-04-08,8,Completed
4765,1007,2024-04-08,5,Cancelled
16840,4864,2024-04-08,6,Cancelled
12832,1076,2024-04-08,3,Completed
15907,1035,2024-04-08,5,Completed
2625,1119,2024-04-08,7,Completed
20847,4053,2024-04-08,5,Cancelled
8012,1377,2024-04-08,3,Completed
9407,4879,2024-04-08,1,Completed
9016,2731,2024-04-08,12,Completed
14002,3920,2024-04-08,7,Completed
23564,4674,2024-04-08,10,Completed
212,4381,2024-04-09,6,Completed
23199,3625,2024-04-09,4,Cancelled
11770,1789,2024-04-09,7,Completed
15638,3128,2024-04-09,10,Cancelled
15658,706,2024-04-09,12,Completed
2024,1883,2024-04-09,6,Cancelled
21061,4411,2024-04-09,12,Cancelled
8038,2296,2024-04-09,11,Completed
24126,1211,2024-04-09,4,Completed
18030,2466,2024-04-09,1,Completed
21786,2497,2024-04-09,7,Completed
7882,1759,2024-04-09,3,Completed
23250,418,2024-04-09,2,Completed
14068,3114,2024-04-09,12,Completed
859,2408,2024-04-09,10,Completed
5253,958,2024-04-09,1,Completed
22214,1070,2024-04-09,3,Completed
14564,894,2024-04-09,1,Cancelled
10496,3182,2024-04-09,6,Completed
12641,2952,2024-04-09,10,Completed
18680,144,2024-04-09,2,Completed
6449,4720,2024-04-09,10,Completed
22129,1241,2024-04-09,12,Completed
10325,3146,2024-04-09,3,Completed
2477,4238,2024-04-10,3,Completed
17549,3435,2024-04-10,12,Cancelled
21663,4626,2024-04-10,3,Completed
3504,3913,2024-04-10,10,Completed
4772,1203,2024-04-10,3,Completed
17983,4482,2024-04-10,11,Completed
16892,777,2024-04-10,3,Completed
21928,1025,2024-04-10,7,Cancelled
19488,1334,2024-04-10,2,Cancelled
22775,3053,2024-04-10,12,Completed
14611,1809,2024-04-10,3,Completed
24514,4164,2024-04-10,1,Completed
8597,1762,2024-04-10,2,Cancelled
11330,2990,2024-04-10,7,Cancelled
12300,3075,2024-04-10,11,Completed
10354,146,2024-04-10,11,Cancelled
13094,258,2024-04-10,9,Completed
709,3095,2024-04-10,9,Completed
15300,1273,2024-04-10,5,Completed
7677,2334,2024-04-10,11,Cancelled
23270,2811,2024-04-10,1,Completed
11460,4623,2024-04-10,5,Completed
10995,3941,2024-04-10,1,Completed
23533,576,2024-04-10,8,Completed
13617,2784,2024-04-10,1,Completed
13403,3995,2024-04-10,4,Completed
14574,4608,2024-04-10,2,Completed
24920,3527,2024-04-11,8,Completed
22449,4773,2024-04-11,10,Completed
24135,3943,2024-04-11,7,Cancelled
14375,3118,2024-04-11,5,Completed
3592,394,2024-04-11,6,Completed
22811,838,2024-04-11,10,Completed
21312,3354,2024-04-11,1,Completed
20987,3410,2024-04-11,4,Completed
14256,2246,2024-04-11,9,Completed
11015,3878,2024-04-11,2,Completed
22510,1343,2024-04-11,9,Completed
14173,651,2024-04-11,11,Completed
19499,720,2024-04-11,4,Cancelled
4944,806,2024-04-11,10,Completed
129,4119,2024-04-11,8,Completed
1722,226,2024-04-11,4,Completed
24068,798,2024-04-11,6,Completed
19971,2542,2024-04-12,4,Completed
20093,1487,2024-04-12,6,Completed
22636,2375,2024-04-12,2,Completed
18992,872,2024-04-12,3,Completed
4337,3478,2024-04-12,3,Completed
11695,3339,2024-04-12,4,Completed
858,599,2024-04-12,12,Completed
20853,4809,2024-04-12,3,Completed
3145,3823,2024-04-12,5,Completed
22146,4018,2024-04-12,11,Completed
23109,2291,2024-04-12,11,Completed
5643,987,2024-04-12,7,Completed
10722,2921,2024-04-12,2,Completed
10592,4210,2024-04-12,7,Completed
23751,2031,2024-04-12,10,Completed
16104,49,2024-04-12,1,Completed
406,4348,2024-04-12,1,Completed
4562,3136,2024-04-12,4,Completed
23362,284,2024-04-12,9,Cancelled
3742,4304,2024-04-12,7,Completed
8859,1281,2024-04-12,10,Completed
18498,3062,2024-04-12,12,Completed
11120,1909,2024-04-12,10,Cancelled
15455,1889,2024-04-12,3,Completed
20599,1391,2024-04-12,1,Completed
24373,360,2024-04-12,5,Completed
9877,1849,2024-04-12,2,Cancelled
7813,3128,2024-04-12,10,Completed
1615,1956,2024-04-12,11,Completed
12809,1027,2024-04-12,6,Completed
20427,1035,2024-04-12,5,Completed
23535,1257,2024-04-12,3,Completed
6346,1351,2024-04-13,4,Completed
11118,4613,2024-04-13,7,Completed
17870,4892,2024-04-13,11,Completed
18891,1865,2024-04-13,5,Completed
3776,3115,2024-04-13,8,Cancelled
20503,3465,2024-04-13,2,Completed
16249,4948,2024-04-13,4,Cancelled
22123,4706,2024-04-13,2,Completed
16269,3371,2024-04-13,3,Completed
24230,332,2024-04-13,1,Completed
9949,3196,2024-04-13,1,Completed
12814,4810,2024-04-13,2,Completed
3872,3241,2024-04-13,10,Completed
2492,1950,2024-04-13,12,Completed
1709,1268,2024-04-14,6,Cancelled
8878,2901,2024-04-14,6,Completed
10493,577,2024-04-14,11,Completed
18191,877,2024-04-14,1,Completed
4542,4066,2024-04-14,7,Cancelled
3407,556,2024-04-14,3,Cancelled
16005,1908,2024-04-14,10,Completed
21580,6,2024-04-14,12,Completed
10866,2450,2024-04-14,1,Cancelled
13537,318,2024-04-14,1,Completed
24799,3558,2024-04-14,3,Completed
12125,4504,2024-04-14,12,Completed
15951,2631,2024-04-15,4,Completed
12470,4263,2024-04-15,5,Cancelled
22321,3728,2024-04-15,2,Completed
14534,3635,2024-04-15,12,Completed
23137,2464,2024-04-15,2,Cancelled
17593,3647,2024-04-15,7,Completed
14778,3630,2024-04-15,8,Completed
6451,337,2024-04-15,12,Completed
20547,3238,2024-04-15,7,Completed
14058,2529,2024-04-15,3,Completed
17580,1378,2024-04-15,11,Completed
3384,2258,2024-04-15,12,Completed
8171,1770,2024-04-15,3,Completed
5829,3147,2024-04-15,12,Cancelled
10280,4723,2024-04-15,3,Completed
1815,2772,2024-04-15,8,Cancelled
7029,4061,2024-04-15,6,Completed
8548,1314,2024-04-15,11,Completed
10348,45,2024-04-15,2,Cancelled
4298,3784,2024-04-15,6,Completed
7614,4683,2024-04-15,3,Completed
23281,3236,2024-04-15,9,Completed
1891,262,2024-04-15,11,Completed
9473,909,2024-04-15,1,Completed
17852,4597,2024-04-15,8,Completed
16169,1226,2024-04-15,11,Completed
13198,537,2024-04-15,2,Cancelled
14265,3600,2024-04-15,2,Completed
24401,2656,2024-04-15,3,Cancelled
8068,4047,2024-04-15,12,Completed
21986,606,2024-04-16,3,Cancelled
24518,1892,2024-04-16,4,Cancelled
3533,507,2024-04-16,6,Completed
4524,4810,2024-04-16,2,Completed
615,4943,2024-04-16,5,Completed
15538,3234,2024-04-16,3,Cancelled
22046,197,2024-04-16,12,Completed
15683,2526,2024-04-16,9,Completed
15904,2656,2024-04-16,3,Completed
4278,3581,2024-04-16,9,Completed
10072,1065,2024-04-16,7,Cancelled
2408,580,2024-04-16,7,Completed
13077,590,2024-04-16,2,Completed
10127,339,2024-04-16,12,Completed
13516,2478,2024-04-16,7,Completed
7358,1573,2024-04-16,4,Completed
18459,4646,2024-04-16,5,Completed
24790,3880,2024-04-16,7,Completed
2307,1459,2024-04-16,3,Completed
1121,3811,2024-04-16,2,Completed
18595,3306,2024-04-16,11,Completed
4004,3063,2024-04-16,3,Completed
10807,3635,2024-04-16,12,Completed
21406,2035,2024-04-16,5,Completed
13856,374,2024-04-16,10,Completed
16028,3949,2024-04-16,4,Completed
21518,1767,2024-04-16,8,Completed
16802,2706,2024-04-16,10,Completed
18035,2116,2024-04-16,1,Completed
17935,3194,2024-04-17,2,Completed
17198,1454,2024-04-17,5,Completed
15005,2052,2024-04-17,9,Cancelled
6084,2890,2024-04-17,7,Completed
6073,4932,2024-04-17,7,Completed
24326,1713,2024-04-17,8,Cancelled
17851,144,2024-04-17,2,Cancelled
22712,2995,2024-04-17,8,Completed
9069,3977,2024-04-17,1,Completed
18748,3877,2024-04-17,3,Completed
12460,3995,2024-04-17,4,Completed
13821,4621,2024-04-17,3,Completed
1073,190,2024-04-17,2,Completed
19211,1736,2024-04-17,8,Cancelled
9134,1246,2024-04-17,10,Completed
10931,4212,2024-04-17,10,Completed
1512,2076,2024-04-18,1,Completed
20288,1859,2024-04-18,8,Completed
22985,3499,2024-04-18,10,Cancelled
15280,460,2024-04-18,7,Cancelled
14340,904,2024-04-18,11,Completed
3898,3319,2024-04-18,3,Completed
1904,3514,2024-04-18,1,Completed
342,3586,2024-04-18,8,Completed
23398,3274,2024-04-18,9,Completed
11558,1987,2024-04-18,7,Completed
22771,2049,2024-04-18,3,Cancelled
22078,1871,2024-04-18,8,Completed
20166,1785,2024-04-18,12,Cancelled
5938,4899,2024-04-18,8,Completed
21229,1721,2024-04-18,3,Completed
12672,4187,2024-04-18,4,Cancelled
21091,1998,2024-04-18,9,Completed
16504,32,2024-04-18,3,Completed
12174,1305,2024-04-18,9,Completed
15678,1964,2024-04-18,9,Completed
8629,551,2024-04-18,12,Completed
5057,2273,2024-04-18,1,Completed
7473,970,2024-04-19,2,Cancelled
16867,106,2024-04-19,4,Completed
13067,3593,2024-04-19,7,Cancelled
6570,2979,2024-04-19,10,Completed
16344,219,2024-04-19,10,Cancelled
2689,358,2024-04-19,3,Completed
21785,884,2024-04-19,4,Cancelled
11656,4152,2024-04-19,8,Completed
7205,1247,2024-04-19,3,Completed
16900,3767,2024-04-19,1,Completed
16101,883,2024-04-19,12,Cancelled
18796,4714,2024-04-19,2,Completed
17505,3299,2024-04-19,7,Completed
23928,195,2024-04-19,7,Completed
18323,4238,2024-04-20,3,Completed
11767,4622,2024-04-20,8,Completed
9865,3948,2024-04-20,1,Completed
15067,3254,2024-04-20,1,Cancelled
13720,3164,2024-04-20,12,Completed
4374,3606,2024-04-20,3,Cancelled
2680,4292,2024-04-20,9,Cancelled
5995,4986,2024-04-20,12,Completed
2246,1930,2024-04-20,1,Completed
18063,3642,2024-04-20,4,Completed
11265,1990,2024-04-20,8,Completed
15599,4085,2024-04-20,4,Completed
18859,3953,2024-04-20,4,Completed
11888,1134,2024-04-20,6,Cancelled
10856,1446,2024-04-20,10,Completed
17446,4246,2024-04-20,9,Completed
8702,3693,2024-04-20,8,Completed
22128,3400,2024-04-20,7,Completed
17370,4314,2024-04-20,2,Completed
23397,615,2024-04-20,1,Completed
9904,1244,2024-04-20,2,Completed
6829,1693,2024-04-20,9,Completed
1688,3013,2024-04-20,12,Completed
3538,1881,2024-04-20,11,Cancelled
6990,714,2024-04-20,3,Cancelled
21207,728,2024-04-20,4,Completed
9381,867,2024-04-20,8,Completed
7983,1081,2024-04-20,1,Completed
10046,4036,2024-04-21,11,Cancelled
10651,3822,2024-04-21,3,Cancelled
6692,2727,2024-04-21,8,Completed
2375,3514,2024-04-21,1,Completed
8373,1189,2024-04-21,1,Completed
15228,3958,2024-04-21,4,Completed
8687,1472,2024-04-21,2,Cancelled
8209,2458,2024-04-21,10,Cancelled
10811,4065,2024-04-21,3,Completed
19050,3414,2024-04-21,2,Completed
11829,3078,2024-04-21,5,Cancelled
21309,3925,2024-04-21,12,Completed
22701,924,2024-04-21,1,Completed
3215,1774,2024-04-21,5,Cancelled
15542,4695,2024-04-21,6,Completed
4940,4896,2024-04-21,1,Completed
18099,3244,2024-04-21,1,Completed
5924,736,2024-04-21,1,Completed
18525,926,2024-04-21,10,Completed
24377,2956,2024-04-21,7,Completed
15940,1254,2024-04-21,12,Completed
8991,63,2024-04-21,9,Cancelled
5274,4213,2024-04-21,7,Completed
21782,3831,2024-04-21,1,Completed
11014,1086,2024-04-22,1,Completed
17379,2980,2024-04-22,7,Cancelled
10898,2989,2024-04-22,8,Completed
16154,2041,2024-04-22,10,Cancelled
9683,2339,2024-04-22,2,Completed
22387,2181,2024-04-22,7,Completed
16881,776,2024-04-22,10,Completed
22028,4685,2024-04-22,9,Completed
23735,1400,2024-04-22,7,Completed
21063,4348,2024-04-22,1,Completed
20159,1218,2024-04-22,8,Completed
10597,299,2024-04-22,1,Completed
812,715,2024-04-22,1,Completed
12246,1229,2024-04-22,10,Completed
23531,516,2024-04-22,2,Completed
23755,2862,2024-04-22,1,Cancelled
18406,1137,2024-04-22,10,Completed
3054,4698,2024-04-22,3,Cancelled
8415,3757,2024-04-22,10,Completed
16415,4271,2024-04-23,1,Cancelled
10060,2894,2024-04-23,2,Completed
11157,1316,2024-04-23,6,Completed
7638,1784,2024-04-23,7,Completed
8774,2244,2024-04-23,10,Cancelled
1685,2281,2024-04-23,2,Completed
9182,3779,2024-04-23,9,Completed
6687,4774,2024-04-23,1,Completed
14586,714,2024-04-23,3,Completed
11758,2404,2024-04-23,2,Completed
21235,2270,2024-04-23,9,Completed
1520,3124,2024-04-23,12,Completed
18111,644,2024-04-23,8,Completed
10818,1801,2024-04-23,7,Completed
18116,3032,2024-04-23,3,Completed
17188,1971,2024-04-23,8,Cancelled
7471,2743,2024-04-23,1,Completed
1365,3635,2024-04-23,12,Completed
24846,786,2024-04-23,4,Completed
253,3976,2024-04-23,4,Cancelled
4643,3182,2024-04-23,6,Completed
18152,1688,2024-04-23,1,Completed
21559,4150,2024-04-23,8,Completed
24524,2524,2024-04-23,7,Completed
4453,664,2024-04-23,5,Completed
7571,2057,2024-04-23,7,Completed
24122,285,2024-04-23,4,Cancelled
2998,4479,2024-04-23,2,Completed
13535,1610,2024-04-24,1,Completed
18846,3792,2024-04-24,7,Completed
14723,490,2024-04-24,10,Completed
5591,4225,2024-04-24,2,Completed
23552,136,2024-04-24,6,Completed
14202,2785,2024-04-24,3,Cancelled
8430,1788,2024-04-24,7,Completed
1639,2826,2024-04-24,8,Completed
14334,3435,2024-04-24,12,Completed
21303,2967,2024-04-24,2,Completed
24286,3156,2024-04-24,1,Cancelled
7798,3001,2024-04-24,3,Completed
21737,3008,2024-04-24,2,Completed
3189,1694,2024-04-24,4,Completed
8237,4028,2024-04-24,4,Cancelled
21447,4086,2024-04-24,12,Completed
18539,4656,2024-04-24,11,Completed
11725,2126,2024-04-24,7,Completed
3955,643,2024-04-24,3,Completed
12347,2488,2024-04-24,7,Cancelled
3648,4805,2024-04-24,4,Completed
24933,3225,2024-04-24,9,Completed
2164,3673,2024-04-24,7,Cancelled
22220,4038,2024-04-24,3,Completed
2027,818,2024-04-24,2,Completed
3643,2740,2024-04-24,10,Completed
15409,1876,2024-04-24,9,Completed
1269,437,2024-04-25,2,Completed
15562,2596,2024-04-25,9,Completed
15486,4043,2024-04-25,8,Completed
22974,410,2024-04-25,1,Completed
1654,4477,2024-04-25,1,Cancelled
15497,2832,2024-04-25,11,Completed
1643,4458,2024-04-25,10,Completed
19945,3768,2024-04-25,6,Completed
18569,3128,2024-04-25,10,Completed
8579,2131,2024-04-25,7,Completed
6600,2377,2024-04-25,4,Completed
9112,1205,2024-04-25,7,Cancelled
1091,2543,2024-04-25,1,Completed
20825,3278,2024-04-25,2,Completed
22589,2611,2024-04-25,1,Completed
3183,828,2024-04-25,1,Completed
17047,4632,2024-04-25,7,Completed
11874,3733,2024-04-25,11,Completed
962,2375,2024-04-25,2,Completed
7738,3245,2024-04-25,7,Completed
18155,705,2024-04-25,12,Cancelled
330,2598,2024-04-25,3,Completed
10607,927,2024-04-25,3,Completed
19942,4294,2024-04-25,8,Completed
252,4266,2024-04-25,4,Completed
198,1816,2024-04-26,10,Completed
17779,4946,2024-04-26,7,Completed
16373,1619,2024-04-26,4,Completed
5206,4583,2024-04-26,12,Completed
3201,2809,2024-04-26,12,Completed
21141,1653,2024-04-26,7,Completed
2823,2697,2024-04-26,2,Completed
17210,4911,2024-04-26,8,Completed
5494,1499,2024-04-26,12,Completed
2115,4673,2024-04-26,11,Completed
13213,785,2024-04-26,10,Cancelled
819,1471,2024-04-26,9,Completed
20260,4920,2024-04-26,2,Completed
2137,910,2024-04-26,9,Completed
8118,2015,2024-04-26,10,Completed
12412,3309,2024-04-26,3,Completed
15965,494,2024-04-26,7,Completed
3694,3001,2024-04-26,3,Completed
6804,4310,2024-04-26,4,Completed
5921,934,2024-04-26,7,Cancelled
13607,4508,2024-04-26,11,Completed
15334,3986,2024-04-26,2,Completed
22117,2314,2024-04-26,4,Completed
12619,729,2024-04-26,6,Completed
2540,4863,2024-04-26,1,Completed
9970,3512,2024-04-26,10,Completed
23625,3563,2024-04-27,6,Completed
15617,908,2024-04-27,12,Cancelled
21776,3506,2024-04-27,2,Cancelled
11243,4126,2024-04-27,9,Cancelled
19131,3186,2024-04-27,12,Completed
8717,2673,2024-04-27,3,Completed
24504,373,2024-04-27,2,Completed
23624,849,2024-04-27,8,Completed
14777,4466,2024-04-27,7,Completed
10525,2784,2024-04-27,1,Completed
11846,1851,2024-04-27,2,Cancelled
2687,1356,2024-04-27,5,Cancelled
8392,4585,2024-04-27,12,Completed
21461,4512,2024-04-27,8,Completed
14420,3516,2024-04-27,6,Completed
24649,1530,2024-04-27,11,Cancelled
7731,3534,2024-04-27,10,Completed
21533,3163,2024-04-27,1,Completed
16541,2105,2024-04-27,11,Completed
22520,3278,2024-04-27,2,Completed
6100,1302,2024-04-27,6,Cancelled
22984,2367,2024-04-27,7,Completed
7204,3381,2024-04-27,3,Cancelled
23469,1400,2024-04-27,7,Completed
7658,974,2024-04-27,3,Completed
4062,656,2024-04-27,3,Completed
7584,670,2024-04-27,1,Cancelled
24254,701,2024-04-27,4,Completed
11135,3427,2024-04-27,1,Completed
7949,2749,2024-04-27,11,Completed
19361,4963,2024-04-27,3,Cancelled
7956,4154,2024-04-27,3,Completed
23612,169,2024-04-28,1,Completed
7246,2805,2024-04-28,3,Completed
24998,887,2024-04-28,5,Completed
23541,3409,2024-04-28,2,Completed
6258,605,2024-04-28,6,Completed
8040,4263,2024-04-28,5,Completed
7394,2510,2024-04-28,1,Completed
17339,2268,2024-04-28,2,Completed
10627,609,2024-04-28,3,Cancelled
3558,4191,2024-04-28,5,Completed
5618,954,2024-04-28,6,Completed
7665,317,2024-04-28,5,Completed
10467,2496,2024-04-28,2,Completed
24242,3695,2024-04-28,2,Completed
3652,445,2024-04-28,2,Completed
20519,562,2024-04-28,11,Completed
3765,2789,2024-04-28,4,Completed
13491,2137,2024-04-28,8,Completed
1009,3520,2024-04-28,3,Completed
24731,744,2024-04-28,2,Completed
14124,936,2024-04-29,7,Completed
17028,3239,2024-04-29,12,Completed
1737,1466,2024-04-29,1,Completed
24800,1909,2024-04-29,10,Completed
20365,2367,2024-04-29,7,Completed
22956,3746,2024-04-29,4,Completed
322,3406,2024-04-29,1,Completed
12285,4604,2024-04-29,1,Completed
10010,4053,2024-04-29,5,Completed
4127,275,2024-04-29,6,Cancelled
12784,4080,2024-04-29,2,Cancelled
10830,301,2024-04-29,1,Completed
3382,715,2024-04-29,1,Completed
24238,4571,2024-04-29,12,Completed
15078,1073,2024-04-29,4,Completed
14583,3027,2024-04-29,10,Cancelled
221,506,2024-04-29,5,Completed
20276,1815,2024-04-29,9,Cancelled
3220,3044,2024-04-29,5,Completed
16170,2659,2024-04-29,10,Completed
24576,2976,2024-04-29,11,Completed
5639,4579,2024-04-29,5,Cancelled
22390,4529,2024-04-29,2,Completed
16011,987,2024-04-30,7,Completed
14551,3219,2024-04-30,8,Completed
17117,4537,2024-04-30,3,Completed
18974,2243,2024-04-30,4,Completed
11376,687,2024-04-30,3,Cancelled
2107,1731,2024-04-30,2,Completed
9340,1657,2024-04-30,5,Completed
14447,3502,2024-04-30,12,Completed
8577,4333,2024-04-30,12,Cancelled
21071,872,2024-04-30,3,Completed
15724,1244,2024-04-30,2,Cancelled
15224,225,2024-04-30,11,Completed
14006,1333,2024-04-30,4,Completed
12002,4648,2024-04-30,9,Cancelled
12380,2468,2024-04-30,3,Completed
23065,2424,2024-04-30,3,Completed
22343,2941,2024-04-30,10,Completed
2911,116,2024-04-30,6,Completed
13170,2844,2024-04-30,4,Cancelled
19313,4701,2024-04-30,12,Cancelled
1843,1855,2024-04-30,3,Completed
14949,3574,2024-04-30,2,Cancelled
16846,4577,2024-04-30,4,Completed
8793,807,2024-04-30,1,Completed
8647,1670,2024-05-01,9,Completed
10555,3512,2024-05-01,10,Completed
24169,2129,2024-05-01,3,Completed
14939,3390,2024-05-01,1,Completed
24558,4639,2024-05-01,1,Cancelled
21086,4054,2024-05-01,6,Completed
2518,227,2024-05-01,2,Completed
24815,4720,2024-05-01,10,Completed
15218,2759,2024-05-01,2,Completed
20075,4673,2024-05-01,11,Completed
21074,2930,2024-05-01,1,Completed
19288,3518,2024-05-01,11,Completed
19347,1247,2024-05-01,3,Completed
23072,1520,2024-05-01,3,Completed
7714,2525,2024-05-01,2,Completed
2832,1850,2024-05-01,5,Completed
8560,1980,2024-05-01,2,Completed
4009,4493,2024-05-01,10,Completed
1088,2973,2024-05-01,1,Completed
10083,4947,2024-05-01,5,Completed
1423,3618,2024-05-01,3,Completed
18944,1391,2024-05-01,1,Completed
11183,880,2024-05-01,2,Completed
7278,3525,2024-05-01,10,Completed
13043,2605,2024-05-01,3,Cancelled
13547,59,2024-05-01,6,Completed
4629,444,2024-05-02,5,Cancelled
13524,4363,2024-05-02,3,Cancelled
10076,1194,2024-05-02,3,Completed
8707,524,2024-05-02,11,Completed
21002,4740,2024-05-02,7,Completed
1448,2782,2024-05-02,12,Completed
14044,3822,2024-05-02,3,Completed
1810,2430,2024-05-02,7,Completed
19969,1638,2024-05-02,12,Completed
115,4649,2024-05-02,5,Completed
5174,1771,2024-05-02,7,Completed
7068,608,2024-05-02,5,Completed
23077,336,2024-05-02,3,Completed
13639,2758,2024-05-02,7,Completed
20361,2981,2024-05-02,1,Completed
9447,701,2024-05-02,4,Completed
5659,3915,2024-05-02,4,Completed
16338,440,2024-05-02,3,Completed
3311,1111,2024-05-03,10,Completed
6499,3486,2024-05-03,9,Completed
22869,23,2024-05-03,4,Completed
19018,4975,2024-05-03,5,Completed
17611,2590,2024-05-03,4,Completed
24601,2969,2024-05-03,10,Completed
4823,1152,2024-05-03,2,Completed
7690,504,2024-05-03,2,Cancelled
14246,434,2024-05-03,11,Completed
1470,2326,2024-05-03,11,Completed
11453,739,2024-05-03,3,Completed
1552,3340,2024-05-03,4,Completed
21967,4325,2024-05-03,1,Completed
2494,2812,2024-05-03,6,Completed
7217,1174,2024-05-03,4,Cancelled
11059,340,2024-05-03,4,Completed
14746,800,2024-05-03,3,Completed
5668,592,2024-05-03,3,Completed
9818,684,2024-05-03,1,Completed
10587,4926,2024-05-03,1,Completed
20568,873,2024-05-04,10,Completed
5204,1820,2024-05-04,1,Completed
23753,3636,2024-05-04,2,Completed
1030,21,2024-05-04,1,Completed
10972,486,2024-05-04,9,Cancelled
23769,2722,2024-05-04,6,Completed
6710,1141,2024-05-04,2,Cancelled
583,556,2024-05-04,3,Completed
2775,2469,2024-05-04,3,Completed
19826,4543,2024-05-04,3,Completed
7856,1836,2024-05-04,6,Completed
15178,1486,2024-05-04,10,Completed
17584,4450,2024-05-04,4,Completed
12633,3608,2024-05-04,12,Completed
19132,808,2024-05-04,2,Completed
23906,1897,2024-05-04,6,Completed
8258,4386,2024-05-04,6,Completed
15676,3454,2024-05-04,3,Completed
12951,2188,2024-05-04,7,Completed
15604,3353,2024-05-04,4,Completed
14619,1305,2024-05-04,9,Completed
966,1431,2024-05-04,10,Completed
4510,1467,2024-05-05,10,Completed
16382,1224,2024-05-05,12,Completed
5751,1092,2024-05-05,6,Cancelled
6131,3629,2024-05-05,11,Completed
11355,4831,2024-05-05,1,Completed
13793,3288,2024-05-05,8,Completed
9504,1735,2024-05-05,4,Completed
24579,1654,2024-05-05,11,Completed
15189,476,2024-05-05,10,Cancelled
13056,3388,2024-05-05,10,Completed
14300,3382,2024-05-05,2,Completed
13736,4336,2024-05-05,12,Completed
8052,3594,2024-05-05,4,Completed
24214,1839,2024-05-05,10,Cancelled
5854,3766,2024-05-05,5,Completed
20965,4548,2024-05-05,5,Cancelled
20603,998,2024-05-05,8,Completed
14873,4399,2024-05-05,12,Completed
7406,1844,2024-05-05,3,Completed
19003,3741,2024-05-05,9,Completed
2565,3223,2024-05-05,3,Completed
7215,547,2024-05-05,7,Completed
15378,3071,2024-05-05,8,Completed
7709,430,2024-05-05,11,Cancelled
14164,4832,2024-05-05,11,Completed
2345,374,2024-05-05,10,Completed
8206,2884,2024-05-05,2,Cancelled
14836,1733,2024-05-05,3,Completed
2276,2328,2024-05-05,6,Completed
14069,1578,2024-05-05,7,Completed
16882,2450,2024-05-05,1,Completed
21482,4036,2024-05-06,11,Completed
17780,1024,2024-05-06,2,Completed
24394,3514,2024-05-06,1,Completed
9235,4394,2024-05-06,12,Cancelled
10047,970,2024-05-06,2,Completed
2591,2591,2024-05-06,6,Completed
23762,1346,2024-05-06,8,Cancelled
21446,3402,2024-05-06,11,Completed
533,3634,2024-05-06,6,Completed
7594,2524,2024-05-06,7,Completed
7661,1399,2024-05-06,6,Completed
1153,1307,2024-05-06,8,Cancelled
10005,3185,2024-05-06,5,Completed
17632,97,2024-05-06,3,Completed
2294,3647,2024-05-06,7,Completed
12085,4303,2024-05-06,3,Completed
13179,2847,2024-05-06,12,Completed
14362,4479,2024-05-06,2,Completed
2935,1486,2024-05-06,10,Completed
7345,373,2024-05-06,2,Completed
5498,4824,2024-05-06,6,Completed
1497,4125,2024-05-06,4,Cancelled
1174,2066,2024-05-06,9,Completed
18504,196,2024-05-06,6,Cancelled
11821,3898,2024-05-06,8,Completed
3802,1648,2024-05-06,12,Completed
10387,4053,2024-05-06,5,Completed
17678,4801,2024-05-06,4,Completed
6814,4510,2024-05-07,6,Cancelled
4494,2967,2024-05-07,2,Completed
24355,4358,2024-05-07,5,Cancelled
9941,2160,2024-05-07,10,Cancelled
24368,3863,2024-05-07,12,Completed
21750,1334,2024-05-07,2,Completed
19884,1393,2024-05-07,1,Completed
23096,904,2024-05-07,11,Cancelled
7350,1848,2024-05-07,3,Completed
17186,4657,2024-05-07,5,Completed
15014,2924,2024-05-07,7,Completed
14350,1542,2024-05-07,10,Cancelled
24116,908,2024-05-07,12,Completed
22627,2823,2024-05-07,4,Cancelled
999,1142,2024-05-07,7,Completed
5466,2445,2024-05-07,8,Cancelled
23714,2056,2024-05-07,6,Cancelled
13651,4020,2024-05-07,1,Completed
21646,1113,2024-05-07,4,Cancelled
7301,4210,2024-05-07,7,Completed
12186,4088,2024-05-07,11,Cancelled
22425,394,2024-05-07,6,Cancelled
16094,2066,2024-05-08,9,Completed
6528,4897,2024-05-08,2,Cancelled
9375,4619,2024-05-08,7,Completed
2916,1219,2024-05-08,2,Completed
13708,2364,2024-05-08,2,Completed
9373,4184,2024-05-08,5,Cancelled
6384,2413,2024-05-08,3,Cancelled
5000,4032,2024-05-08,3,Completed
9323,400,2024-05-08,12,Completed
9432,4173,2024-05-08,12,Completed
10855,4618,2024-05-08,2,Cancelled
23623,498,2024-05-08,8,Completed
6890,550,2024-05-08,7,Completed
8020,1739,2024-05-08,3,Completed
19222,857,2024-05-08,3,Cancelled
21353,4532,2024-05-08,5,Cancelled
23452,1628,2024-05-08,7,Completed
8907,2805,2024-05-08,3,Cancelled
14245,4274,2024-05-08,2,Completed
11877,3629,2024-05-08,11,Cancelled
3000,2515,2024-05-08,3,Completed
7572,3725,2024-05-08,3,Cancelled
24951,4343,2024-05-08,3,Completed
24529,2441,2024-05-09,2,Completed
13940,345,2024-05-09,7,Completed
458,3818,2024-05-09,4,Completed
24656,3369,2024-05-09,1,Completed
13826,3220,2024-05-09,3,Completed
634,3473,2024-05-09,3,Cancelled
12359,3114,2024-05-09,12,Cancelled
13058,292,2024-05-09,8,Completed
21006,1244,2024-05-09,2,Completed
12452,2606,2024-05-09,11,Completed
16606,1591,2024-05-09,1,Completed
1682,768,2024-05-09,10,Completed
8006,2902,2024-05-09,5,Completed
17043,4898,2024-05-09,10,Completed
17967,3646,2024-05-09,4,Completed
8081,880,2024-05-09,2,Completed
7660,654,2024-05-09,10,Cancelled
7675,2523,2024-05-09,3,Completed
4519,3573,2024-05-10,12,Completed
18540,2590,2024-05-10,4,Completed
17109,294,2024-05-10,4,Completed
15294,4634,2024-05-10,7,Completed
19091,1201,2024-05-10,6,Completed
24076,2066,2024-05-10,9,Completed
17161,586,2024-05-10,7,Completed
7946,2822,2024-05-10,6,Completed
20264,2814,2024-05-10,7,Completed
14769,4246,2024-05-10,9,Completed
5049,3865,2024-05-10,6,Completed
11075,1299,2024-05-10,4,Completed
6865,3749,2024-05-10,12,Completed
22707,1268,2024-05-10,6,Completed
3077,219,2024-05-10,10,Completed
5699,4703,2024-05-10,1,Completed
4408,2359,2024-05-10,9,Cancelled
17170,3671,2024-05-10,3,Completed
104,3611,2024-05-10,3,Completed
3511,3325,2024-05-10,9,Completed
18808,813,2024-05-11,11,Completed
15585,3494,2024-05-11,7,Completed
5382,4734,2024-05-11,8,Completed
11839,2300,2024-05-11,10,Completed
21375,4805,2024-05-11,4,Completed
19932,3893,2024-05-11,11,Cancelled
17781,2491,2024-05-11,5,Completed
21176,1419,2024-05-11,10,Cancelled
6734,4835,2024-05-11,7,Cancelled
3781,3700,2024-05-11,8,Completed
14721,2126,2024-05-11,7,Completed
9265,4350,2024-05-11,4,Completed
7263,1622,2024-05-11,1,Completed
22742,3404,2024-05-11,4,Completed
4305,3041,2024-05-11,3,Completed
11740,3932,2024-05-11,4,Cancelled
14966,2926,2024-05-12,7,Completed
5852,653,2024-05-12,9,Completed
4684,4752,2024-05-12,9,Completed
18847,1243,2024-05-12,8,Completed
7582,4600,2024-05-12,3,Completed
19495,1218,2024-05-12,8,Completed
14751,453,2024-05-12,4,Completed
13875,1937,2024-05-12,5,Cancelled
878,845,2024-05-12,11,Completed
21552,4626,2024-05-12,3,Completed
17530,1080,2024-05-12,7,Completed
8507,3568,2024-05-12,3,Completed
1559,976,2024-05-12,11,Cancelled
21536,307,2024-05-12,4,Completed
21759,1123,2024-05-12,2,Completed
4653,2184,2024-05-12,5,Completed
11108,4111,2024-05-12,5,Completed
10589,66,2024-05-12,8,Completed
24669,1368,2024-05-12,12,Completed
1179,1267,2024-05-12,1,Completed
2138,3163,2024-05-12,1,Cancelled
20120,856,2024-05-12,4,Completed
3408,3654,2024-05-12,1,Completed
10690,1413,2024-05-12,12,Completed
4213,3727,2024-05-12,9,Completed
1929,1240,2024-05-12,11,Completed
22186,3694,2024-05-12,5,Completed
2445,3748,2024-05-12,2,Cancelled
7087,1610,2024-05-12,1,Completed
22029,2566,2024-05-12,9,Cancelled
16357,1205,2024-05-12,7,Completed
17096,927,2024-05-13,3,Cancelled
24073,2969,2024-05-13,10,Completed
14779,292,2024-05-13,8,Cancelled
16223,4839,2024-05-13,7,Cancelled
11754,4809,2024-05-13,3,Completed
11397,100,2024-05-13,8,Completed
5289,3788,2024-05-13,3,Completed
10285,2911,2024-05-13,12,Completed
317,1300,2024-05-13,6,Completed
1157,1910,2024-05-13,2,Completed
17514,3126,2024-05-13,4,Completed
14659,3940,2024-05-13,8,Cancelled
23648,736,2024-05-13,1,Completed
532,1736,2024-05-13,8,Completed
8650,2980,2024-05-13,7,Cancelled
22815,2638,2024-05-13,8,Completed
10727,1464,2024-05-14,9,Cancelled
8864,1113,2024-05-14,4,Completed
1539,627,2024-05-14,11,Completed
23122,211,2024-05-14,3,Completed
21190,2282,2024-05-14,3,Completed
14253,842,2024-05-14,5,Completed
13337,2685,2024-05-14,2,Completed
18108,7,2024-05-14,1,Completed
4417,3721,2024-05-14,7,Completed
175,1654,2024-05-14,11,Cancelled
4888,3124,2024-05-14,12,Completed
18725,2979,2024-05-14,10,Completed
4890,318,2024-05-14,1,Completed
8231,4850,2024-05-14,7,Completed
6363,3077,2024-05-14,6,Completed
14968,2612,2024-05-14,7,Completed
18219,2216,2024-05-14,6,Completed
24288,1573,2024-05-14,4,Completed
285,2990,2024-05-14,7,Completed
3253,2421,2024-05-14,1,Completed
16456,4219,2024-05-14,12,Completed
5978,1525,2024-05-14,5,Completed
4117,1986,2024-05-14,2,Completed
16022,3847,2024-05-14,9,Completed
13640,3620,2024-05-14,7,Completed
10998,4849,2024-05-14,10,Completed
8557,4524,2024-05-14,4,Completed
1581,2558,2024-05-14,12,Cancelled
13862,1561,2024-05-14,2,Completed
13747,3431,2024-05-14,10,Completed
16286,4640,2024-05-14,9,Completed
2806,3099,2024-05-14,7,Completed
9293,2708,2024-05-14,12,Completed
22325,3241,2024-05-15,10,Completed
15015,1397,2024-05-15,3,Cancelled
6515,4291,2024-05-15,1,Completed
17050,2897,2024-05-15,4,Completed
9696,831,2024-05-15,1,Completed
11792,3951,2024-05-15,11,Completed
17107,793,2024-05-15,1,Completed
7791,4006,2024-05-15,1,Completed
10057,3004,2024-05-15,12,Completed
10474,2771,2024-05-15,8,Cancelled
23987,3320,2024-05-15,10,Completed
14593,2102,2024-05-15,11,Completed
18463,814,2024-05-15,3,Completed
8588,3514,2024-05-15,1,Completed
9030,923,2024-05-15,9,Completed
21507,976,2024-05-15,11,Completed
5133,618,2024-05-15,1,Completed
17426,821,2024-05-16,10,Completed
21470,1307,2024-05-16,8,Completed
20682,1744,2024-05-16,3,Completed
19583,544,2024-05-16,5,Completed
10183,1659,2024-05-16,1,Completed
7550,4241,2024-05-16,9,Completed
265,3118,2024-05-16,5,Completed
15927,3265,2024-05-16,5,Completed
15912,183,2024-05-16,8,Cancelled
6209,121,2024-05-16,6,Completed
24873,4263,2024-05-16,5,Cancelled
12772,828,2024-05-16,1,Completed
17129,4453,2024-05-16,9,Completed
21168,279,2024-05-16,5,Completed
23711,1898,2024-05-16,12,Completed
5139,810,2024-05-16,7,Completed
3422,3278,2024-05-16,2,Completed
24566,2216,2024-05-16,6,Cancelled
23114,2530,2024-05-16,2,Cancelled
21089,2395,2024-05-16,4,Completed
2000,4898,2024-05-16,10,Completed
16662,2818,2024-05-16,2,Cancelled
19428,4960,2024-05-16,7,Completed
6722,1339,2024-05-16,4,Cancelled
2562,23,2024-05-16,4,Completed
16747,2486,2024-05-17,9,Completed
8957,4173,2024-05-17,12,Cancelled
24847,4621,2024-05-17,3,Cancelled
17926,3563,2024-05-17,6,Completed
11825,3380,2024-05-17,7,Completed
9366,4585,2024-05-17,12,Completed
14963,1323,2024-05-17,12,Cancelled
12700,6,2024-05-17,12,Cancelled
2814,2356,2024-05-17,4,Completed
13097,2967,2024-05-17,2,Completed
3377,2530,2024-05-17,2,Completed
16113,4119,2024-05-17,8,Completed
10069,4254,2024-05-17,11,Completed
20694,3882,2024-05-17,12,Completed
9987,3293,2024-05-17,8,Cancelled
16067,4481,2024-05-17,11,Completed
10926,3652,2024-05-17,2,Completed
19496,970,2024-05-17,2,Completed
14357,3075,2024-05-17,11,Completed
8640,1708,2024-05-17,10,Completed
15051,4383,2024-05-17,1,Completed
24172,368,2024-05-17,5,Cancelled
7256,2009,2024-05-18,9,Completed
22572,3200,2024-05-18,7,Completed
2896,3352,2024-05-18,1,Completed
22614,2715,2024-05-18,7,Completed
23317,173,2024-05-18,7,Completed
19010,800,2024-05-18,3,Completed
8357,3015,2024-05-18,5,Cancelled
13546,1411,2024-05-18,5,Completed
19443,2097,2024-05-18,7,Cancelled
10526,3520,2024-05-18,3,Completed
14023,3346,2024-05-18,1,Completed
2690,2967,2024-05-18,2,Cancelled
4816,2890,2024-05-18,7,Cancelled
2678,1835,2024-05-18,3,Completed
17599,3503,2024-05-18,11,Cancelled
20920,4862,2024-05-18,11,Completed
8004,2043,2024-05-18,5,Completed
19117,2155,2024-05-18,9,Completed
5544,59,2024-05-18,6,Completed
18388,2280,2024-05-18,5,Completed
21638,2580,2024-05-18,2,Completed
10277,1659,2024-05-18,1,Completed
5636,1722,2024-05-18,8,Completed
9219,3817,2024-05-18,5,Completed
10847,1295,2024-05-18,10,Completed
13349,3569,2024-05-18,7,Completed
18857,4504,2024-05-18,12,Completed
9222,2366,2024-05-18,3,Completed
16707,1238,2024-05-18,11,Completed
19215,1756,2024-05-19,10,Completed
4157,3789,2024-05-19,9,Completed
581,909,2024-05-19,1,Completed
12568,3834,2024-05-19,3,Cancelled
20409,4097,2024-05-19,12,Completed
4248,2300,2024-05-19,10,Completed
9883,2856,2024-05-19,1,Cancelled
1120,4432,2024-05-19,6,Completed
10216,2556,2024-05-19,10,Completed
6109,2215,2024-05-19,2,Completed
22517,1076,2024-05-19,3,Completed
5484,1883,2024-05-19,6,Completed
17342,2813,2024-05-19,1,Completed
15283,3283,2024-05-19,3,Cancelled
24142,1124,2024-05-19,11,Completed
18935,4508,2024-05-19,11,Completed
12386,2229,2024-05-19,3,Completed
1181,16,2024-05-19,11,Completed
21431,1659,2024-05-20,1,Cancelled
17775,3961,2024-05-20,10,Completed
11421,4564,2024-05-20,4,Completed
4346,1495,2024-05-20,1,Completed
939,1819,2024-05-20,11,Cancelled
16584,3595,2024-05-20,3,Completed
13406,537,2024-05-20,2,Completed
20986,2176,2024-05-20,10,Completed
19730,592,2024-05-20,3,Completed
22663,2355,2024-05-20,1,Completed
8721,2037,2024-05-20,6,Completed
5194,2508,2024-05-20,3,Completed
7991,3244,2024-05-20,1,Completed
19556,3365,2024-05-20,3,Completed
8820,584,2024-05-20,2,Completed
4018,3973,2024-05-20,2,Completed
3394,2088,2024-05-20,11,Completed
13495,4857,2024-05-20,12,Cancelled
12218,3804,2024-05-20,1,Completed
4093,2423,2024-05-20,12,Completed
4953,3935,2024-05-20,5,Completed
3897,3096,2024-05-20,9,Cancelled
14181,4381,2024-05-20,6,Completed
16197,1646,2024-05-20,7,Cancelled
7688,3220,2024-05-20,3,Completed
4610,152,2024-05-20,10,Completed
24541,1872,2024-05-21,2,Completed
12120,2343,2024-05-21,10,Completed
24597,3050,2024-05-21,5,Cancelled
5219,1997,2024-05-21,2,Completed
8956,921,2024-05-21,10,Completed
19756,2052,2024-05-21,9,Completed
409,3510,2024-05-21,12,Completed
10745,156,2024-05-21,1,Completed
2441,4121,2024-05-21,2,Completed
13307,3927,2024-05-21,10,Cancelled
13696,2768,2024-05-21,11,Cancelled
24224,214,2024-05-21,9,Completed
20500,4907,2024-05-21,10,Cancelled
9437,3161,2024-05-21,7,Completed
9470,696,2024-05-21,4,Completed
4244,3495,2024-05-21,7,Completed
2620,2708,2024-05-21,12,Cancelled
21784,1649,2024-05-21,2,Completed
16026,3697,2024-05-21,9,Completed
23198,2963,2024-05-21,3,Completed
21772,1224,2024-05-21,12,Completed
15425,1524,2024-05-22,1,Completed
15234,4177,2024-05-22,1,Cancelled
12800,3880,2024-05-22,7,Completed
5439,2200,2024-05-22,1,Completed
5207,4226,2024-05-22,11,Cancelled
7527,3559,2024-05-22,5,Completed
2645,954,2024-05-22,6,Completed
2578,2268,2024-05-22,2,Completed
22004,4921,2024-05-22,2,Cancelled
9634,1558,2024-05-22,9,Cancelled
3847,4163,2024-05-22,11,Completed
7013,448,2024-05-22,11,Completed
23085,4928,2024-05-22,1,Completed
4106,1154,2024-05-22,10,Completed
952,3506,2024-05-22,2,Completed
18473,2540,2024-05-22,2,Completed
23067,4075,2024-05-22,5,Completed
13707,2028,2024-05-22,4,Completed
16420,1342,2024-05-22,12,Cancelled
10357,4559,2024-05-22,1,Completed
7841,2693,2024-05-23,10,Completed
18474,3354,2024-05-23,1,Cancelled
9937,2337,2024-05-23,12,Completed
11579,2547,2024-05-23,9,Completed
6620,4091,2024-05-23,7,Completed
24433,657,2024-05-23,5,Completed
24137,128,2024-05-23,2,Completed
1677,773,2024-05-23,5,Completed
12588,4399,2024-05-23,12,Completed
7328,1084,2024-05-23,7,Completed
11185,2393,2024-05-23,12,Completed
18095,2225,2024-05-23,5,Cancelled
15385,3877,2024-05-23,3,Completed
12986,4021,2024-05-23,7,Completed
24674,4896,2024-05-23,1,Completed
18005,1519,2024-05-23,3,Completed
15077,787,2024-05-23,4,Completed
10233,3900,2024-05-23,1,Completed
3692,713,2024-05-23,3,Completed
17250,909,2024-05-23,1,Cancelled
13389,2775,2024-05-24,2,Cancelled
1200,3461,2024-05-24,2,Completed
24402,3394,2024-05-24,12,Completed
14507,4048,2024-05-24,12,Completed
3351,416,2024-05-24,8,Completed
20688,1246,2024-05-24,10,Completed
1955,4353,2024-05-24,10,Cancelled
21478,3612,2024-05-24,1,Completed
18034,4061,2024-05-24,6,Completed
14865,596,2024-05-24,2,Completed
18536,440,2024-05-24,3,Cancelled
24298,642,2024-05-24,4,Completed
18962,1818,2024-05-24,7,Completed
1119,1427,2024-05-25,5,Completed
11100,2082,2024-05-25,6,Completed
2224,633,2024-05-25,1,Completed
24997,4136,2024-05-25,10,Completed
7007,3015,2024-05-25,5,Completed
6855,1599,2024-05-25,3,Completed
15297,1985,2024-05-25,8,Completed
11058,2729,2024-05-25,1,Completed
16151,478,2024-05-25,6,Completed
10888,2501,2024-05-25,3,Cancelled
12916,3920,2024-05-25,7,Completed
8998,76,2024-05-25,12,Completed
6284,854,2024-05-25,11,Completed
14224,2205,2024-05-25,4,Completed
301,3720,2024-05-25,2,Completed
3839,221,2024-05-25,5,Completed
9830,3089,2024-05-25,12,Completed
1984,685,2024-05-25,2,Completed
15630,3655,2024-05-25,4,Completed
21416,2468,2024-05-25,3,Completed
22484,685,2024-05-25,2,Completed
8173,4804,2024-05-25,5,Completed
17915,227,2024-05-25,2,Completed
15514,2309,2024-05-25,2,Completed
24434,1063,2024-05-25,3,Completed
10661,215,2024-05-25,4,Cancelled
22727,1006,2024-05-26,7,Completed
24584,573,2024-05-26,2,Completed
12227,949,2024-05-26,2,Cancelled
12348,2072,2024-05-26,5,Cancelled
2871,1415,2024-05-26,10,Completed
1766,2698,2024-05-26,6,Completed
4522,2478,2024-05-26,7,Cancelled
3393,1614,2024-05-26,4,Completed
22311,2159,2024-05-26,1,Completed
20930,3230,2024-05-26,5,Cancelled
15439,4125,2024-05-26,4,Cancelled
2394,4456,2024-05-26,9,Completed
10429,338,2024-05-26,7,Completed
22363,4566,2024-05-26,7,Completed
24436,2161,2024-05-26,8,Completed
21803,4504,2024-05-26,12,Completed
8278,18,2024-05-26,2,Completed
21088,1225,2024-05-26,5,Completed
9347,4410,2024-05-26,3,Completed
13300,3522,2024-05-26,6,Cancelled
17980,3640,2024-05-26,3,Cancelled
13687,4076,2024-05-26,5,Completed
1524,4119,2024-05-26,8,Completed
23372,3066,2024-05-26,8,Completed
23368,2544,2024-05-26,1,Completed
4740,4725,2024-05-26,4,Completed
21585,4490,2024-05-26,2,Completed
17798,2848,2024-05-26,3,Completed
18438,2574,2024-05-26,1,Completed
8185,2292,2024-05-26,4,Completed
21734,1832,2024-05-26,1,Completed
5786,136,2024-05-26,6,Completed
4043,2535,2024-05-27,2,Completed
16603,324,2024-05-27,12,Completed
1356,2381,2024-05-27,8,Completed
23959,4268,2024-05-27,8,Completed
273,4680,2024-05-27,3,Completed
13053,3670,2024-05-27,1,Completed
4120,2430,2024-05-27,7,Completed
19691,1758,2024-05-27,11,Completed
17890,1385,2024-05-27,8,Completed
23500,1736,2024-05-27,8,Completed
2376,3543,2024-05-27,2,Completed
14252,3880,2024-05-27,7,Completed
21283,4191,2024-05-27,5,Completed
7837,1694,2024-05-27,4,Completed
4809,706,2024-05-27,12,Completed
3161,573,2024-05-27,2,Completed
6264,2037,2024-05-27,6,Cancelled
1882,4827,2024-05-27,2,Completed
2315,3353,2024-05-27,4,Completed
24740,1647,2024-05-27,4,Cancelled
3963,4805,2024-05-27,4,Completed
19608,3451,2024-05-28,9,Cancelled
1919,3417,2024-05-28,4,Cancelled
19142,3689,2024-05-28,12,Completed
22514,4683,2024-05-28,3,Cancelled
10579,994,2024-05-28,7,Completed
18109,4563,2024-05-28,8,Completed
3879,1317,2024-05-28,10,Cancelled
20313,975,2024-05-28,1,Cancelled
450,2328,2024-05-28,6,Cancelled
19277,493,2024-05-28,7,Completed
5818,1946,2024-05-28,5,Completed
5758,372,2024-05-28,1,Completed
23029,4351,2024-05-28,6,Cancelled
22003,802,2024-05-28,9,Completed
5771,2450,2024-05-28,1,Completed
2968,2299,2024-05-28,8,Completed
1453,724,2024-05-28,11,Completed
10566,2330,2024-05-28,11,Completed
19755,1910,2024-05-28,2,Completed
3789,4580,2024-05-28,11,Completed
1908,2679,2024-05-28,8,Completed
22606,700,2024-05-28,5,Completed
7907,103,2024-05-28,2,Completed
10681,3995,2024-05-28,4,Completed
13835,575,2024-05-28,8,Completed
1521,1007,2024-05-28,5,Completed
24650,493,2024-05-29,7,Cancelled
18312,627,2024-05-29,11,Cancelled
14513,1662,2024-05-29,6,Completed
3254,1105,2024-05-29,1,Completed
24753,941,2024-05-29,3,Completed
794,2816,2024-05-29,4,Completed
18825,3441,2024-05-29,1,Completed
4340,4481,2024-05-29,11,Completed
7443,4585,2024-05-29,12,Cancelled
1745,2383,2024-05-29,3,Completed
139,544,2024-05-29,5,Completed
3464,2158,2024-05-29,1,Completed
6815,3669,2024-05-29,12,Cancelled
874,4225,2024-05-29,2,Completed
22112,2778,2024-05-29,4,Completed
8710,4971,2024-05-29,11,Completed
17439,1849,2024-05-29,2,Completed
17056,3007,2024-05-29,6,Completed
24946,2674,2024-05-29,12,Completed
23867,734,2024-05-30,7,Completed
23575,75,2024-05-30,7,Completed
9344,4488,2024-05-30,6,Completed
7165,227,2024-05-30,2,Completed
78,2727,2024-05-30,8,Completed
11114,1299,2024-05-30,4,Cancelled
23132,3702,2024-05-30,3,Completed
17400,1522,2024-05-30,7,Completed
10206,3476,2024-05-30,3,Completed
15003,3568,2024-05-30,3,Completed
7363,4975,2024-05-30,5,Completed
24315,1879,2024-05-31,12,Completed
3174,1839,2024-05-31,10,Cancelled
20520,4904,2024-05-31,12,Completed
7375,3535,2024-05-31,10,Completed
12127,516,2024-05-31,2,Completed
3519,1962,2024-05-31,2,Completed
24587,4779,2024-05-31,6,Cancelled
16334,2031,2024-05-31,10,Cancelled
18533,3243,2024-05-31,3,Completed
1328,1076,2024-05-31,3,Completed
2409,3214,2024-05-31,9,Completed
10624,2775,2024-05-31,2,Completed
13361,2344,2024-05-31,1,Completed
8690,2398,2024-05-31,2,Completed
10476,3664,2024-05-31,8,Completed
3424,1966,2024-05-31,11,Completed
17677,2506,2024-05-31,8,Completed
19325,4817,2024-05-31,2,Completed
15448,1268,2024-05-31,6,Completed
16068,2840,2024-05-31,6,Completed
10146,4150,2024-05-31,8,Completed
11879,642,2024-05-31,4,Completed
24622,2873,2024-06-01,4,Completed
10506,2770,2024-06-01,3,Completed
8011,878,2024-06-01,5,Completed
2079,4284,2024-06-01,7,Cancelled
1272,1982,2024-06-01,3,Completed
24668,3468,2024-06-01,12,Completed
22857,82,2024-06-01,12,Completed
18476,2944,2024-06-01,3,Completed
18787,1452,2024-06-01,6,Completed
15248,348,2024-06-01,6,Completed
22180,3520,2024-06-01,3,Completed
12391,504,2024-06-01,2,Completed
14490,4119,2024-06-01,8,Completed
7050,3339,2024-06-01,4,Completed
11264,4625,2024-06-01,1,Completed
4945,2672,2024-06-01,10,Completed
24034,2642,2024-06-01,10,Completed
3285,1203,2024-06-01,3,Completed
3846,2890,2024-06-01,7,Cancelled
8270,571,2024-06-01,3,Completed
10556,2979,2024-06-01,10,Completed
12770,1536,2024-06-01,6,Completed
5828,2954,2024-06-01,9,Completed
2773,4730,2024-06-01,3,Completed
10533,3050,2024-06-01,5,Completed
14200,1839,2024-06-01,10,Completed
23526,23,2024-06-01,4,Completed
10203,2567,2024-06-01,1,Cancelled
20149,4368,2024-06-01,8,Completed
6506,4399,2024-06-02,12,Completed
4911,1697,2024-06-02,6,Completed
10750,4616,2024-06-02,6,Completed
16360,4197,2024-06-02,8,Completed
19072,1808,2024-06-02,7,Completed
13195,2377,2024-06-02,4,Completed
10528,1754,2024-06-02,1,Completed
17007,2323,2024-06-02,3,Completed
6712,1312,2024-06-02,11,Completed
5426,1358,2024-06-02,3,Completed
23252,3710,2024-06-02,2,Completed
2583,1595,2024-06-02,6,Completed
16320,1453,2024-06-02,10,Completed
6089,3839,2024-06-02,6,Completed
4695,1487,2024-06-02,6,Completed
20372,1595,2024-06-02,6,Completed
18797,566,2024-06-02,9,Completed
14259,994,2024-06-02,7,Completed
8965,4359,2024-06-02,12,Cancelled
15365,3143,2024-06-02,1,Completed
8778,697,2024-06-02,10,Completed
18805,1748,2024-06-02,2,Completed
23519,1777,2024-06-03,12,Completed
19174,4412,2024-06-03,8,Completed
17118,421,2024-06-03,1,Completed
10977,423,2024-06-03,2,Cancelled
17952,1298,2024-06-03,8,Completed
15677,1574,2024-06-03,1,Completed
8188,4484,2024-06-03,11,Completed
9403,3130,2024-06-03,12,Completed
22232,3507,2024-06-03,11,Completed
6841,251,2024-06-03,1,Completed
852,1920,2024-06-03,2,Completed
21032,786,2024-06-03,4,Completed
24485,2877,2024-06-03,2,Completed
9964,1317,2024-06-03,10,Completed
21212,63,2024-06-03,9,Completed
3547,2829,2024-06-03,8,Completed
13718,3948,2024-06-03,1,Completed
7041,4673,2024-06-03,11,Cancelled
15400,3128,2024-06-04,10,Cancelled
19607,2911,2024-06-04,12,Cancelled
2483,189,2024-06-04,12,Completed
1785,3461,2024-06-04,2,Completed
7561,3252,2024-06-04,5,Completed
4404,4189,2024-06-04,9,Completed
144,4074,2024-06-04,5,Completed
6404,4461,2024-06-04,6,Completed
6010,3238,2024-06-04,7,Completed
22447,2941,2024-06-04,10,Cancelled
18961,4041,2024-06-04,12,Cancelled
13861,613,2024-06-04,11,Cancelled
10263,541,2024-06-04,6,Cancelled
4211,246,2024-06-04,1,Completed
20285,2416,2024-06-04,6,Cancelled
10983,2939,2024-06-04,7,Cancelled
6880,4634,2024-06-04,7,Completed
3207,3811,2024-06-04,2,Completed
23036,4383,2024-06-04,1,Cancelled
5136,1197,2024-06-04,6,Completed
15172,790,2024-06-05,2,Cancelled
22832,2606,2024-06-05,11,Completed
22810,1549,2024-06-05,12,Completed
22455,2434,2024-06-05,7,Cancelled
22796,1801,2024-06-05,7,Completed
17044,3989,2024-06-05,6,Completed
534,2666,2024-06-05,5,Cancelled
18631,4752,2024-06-05,9,Completed
17672,1447,2024-06-05,3,Completed
17340,2121,2024-06-05,2,Completed
19107,2400,2024-06-05,5,Completed
9229,4403,2024-06-05,8,Completed
12074,4732,2024-06-05,9,Completed
4568,4975,2024-06-05,5,Completed
8311,3858,2024-06-05,1,Completed
22643,2196,2024-06-05,5,Cancelled
1602,4366,2024-06-05,1,Completed
19387,1645,2024-06-05,11,Completed
10248,1029,2024-06-05,1,Cancelled
10222,709,2024-06-05,8,Completed
2910,2099,2024-06-05,11,Completed
14710,3706,2024-06-05,9,Completed
22855,364,2024-06-06,11,Cancelled
16820,4600,2024-06-06,3,Completed
4638,3890,2024-06-06,4,Completed
17585,1200,2024-06-06,8,Completed
23417,685,2024-06-06,2,Completed
178,2388,2024-06-06,12,Completed
4565,365,2024-06-06,10,Completed
24612,1327,2024-06-06,10,Cancelled
17362,2289,2024-06-06,10,Completed
13928,4498,2024-06-06,3,Completed
5356,3098,2024-06-06,6,Completed
11089,155,2024-06-06,3,Completed
9636,1797,2024-06-06,3,Completed
12664,4683,2024-06-06,3,Cancelled
22795,3667,2024-06-06,11,Completed
774,3927,2024-06-06,10,Cancelled
10374,2433,2024-06-06,4,Completed
17207,210,2024-06-06,12,Completed
1176,1343,2024-06-06,9,Completed
7431,1801,2024-06-07,7,Completed
20807,3571,2024-06-07,5,Completed
22169,2323,2024-06-07,3,Cancelled
8803,1747,2024-06-07,1,Completed
14021,3604,2024-06-07,2,Completed
14406,1801,2024-06-07,7,Completed
22166,4790,2024-06-07,7,Completed
23507,4957,2024-06-07,5,Cancelled
15702,3266,2024-06-07,2,Completed
15469,2138,2024-06-07,3,Completed
1185,40,2024-06-07,5,Completed
17843,3063,2024-06-07,3,Cancelled
18480,4371,2024-06-07,9,Completed
5585,3642,2024-06-07,4,Completed
12335,3139,2024-06-07,12,Cancelled
13295,3439,2024-06-07,2,Completed
11117,2239,2024-06-07,12,Completed
2342,4966,2024-06-07,1,Completed
17715,3633,2024-06-07,4,Completed
21094,1808,2024-06-07,7,Completed
7859,1514,2024-06-07,7,Completed
12746,1586,2024-06-07,1,Completed
18259,4212,2024-06-07,10,Completed
7003,1000,2024-06-08,11,Completed
16221,4024,2024-06-08,7,Completed
16179,690,2024-06-08,3,Completed
5017,1052,2024-06-08,5,Completed
9356,3790,2024-06-08,2,Completed
15736,2656,2024-06-08,3,Completed
20479,1152,2024-06-08,2,Completed
8037,4458,2024-06-08,10,Completed
12981,3655,2024-06-08,4,Completed
12891,1656,2024-06-08,6,Completed
15110,3477,2024-06-08,6,Completed
19631,4590,2024-06-08,6,Completed
20954,2909,2024-06-08,11,Completed
18006,3897,2024-06-08,5,Completed
23374,2392,2024-06-08,1,Completed
23529,1746,2024-06-08,3,Completed
4501,4644,2024-06-08,7,Cancelled
12607,507,2024-06-08,6,Completed
22927,1211,2024-06-08,4,Cancelled
15420,2596,2024-06-08,9,Cancelled
7454,4946,2024-06-08,7,Completed
2434,1267,2024-06-08,1,Completed
23770,872,2024-06-08,3,Completed
5263,905,2024-06-08,5,Completed
23969,1915,2024-06-08,11,Completed
2966,1296,2024-06-08,8,Completed
21582,468,2024-06-08,2,Cancelled
13296,4491,2024-06-08,6,Cancelled
8463,2363,2024-06-08,9,Completed
19907,1644,2024-06-08,12,Completed
16412,4111,2024-06-08,5,Completed
15953,3438,2024-06-09,7,Completed
3537,318,2024-06-09,1,Completed
15811,385,2024-06-09,2,Cancelled
2931,2039,2024-06-09,2,Cancelled
21008,1732,2024-06-09,3,Cancelled
1016,1884,2024-06-09,9,Cancelled
15986,237,2024-06-09,7,Cancelled
22600,3767,2024-06-09,1,Completed
6400,359,2024-06-09,7,Completed
23894,1504,2024-06-09,9,Completed
21792,2554,2024-06-09,11,Completed
7958,3753,2024-06-09,5,Completed
3510,2571,2024-06-09,2,Completed
13778,2267,2024-06-09,2,Completed
8439,4678,2024-06-09,5,Completed
19766,1186,2024-06-09,8,Cancelled
22554,725,2024-06-09,1,Completed
4866,3268,2024-06-09,1,Completed
23428,1198,2024-06-09,5,Completed
16403,4321,2024-06-10,12,Completed
9217,1207,2024-06-10,6,Completed
20472,107,2024-06-10,6,Cancelled
10023,3150,2024-06-10,12,Completed
5604,4201,2024-06-10,12,Completed
2672,3999,2024-06-10,2,Cancelled
23061,4034,2024-06-10,5,Completed
13062,4960,2024-06-10,7,Completed
1906,3179,2024-06-10,12,Completed
5853,2172,2024-06-10,1,Completed
21616,3297,2024-06-10,9,Completed
12334,1990,2024-06-10,8,Completed
4451,1342,2024-06-10,12,Completed
23112,2752,2024-06-10,3,Completed
6232,2218,2024-06-10,7,Completed
21440,3288,2024-06-10,8,Completed
20048,3508,2024-06-10,2,Completed
4481,1210,2024-06-10,9,Completed
14500,1009,2024-06-10,9,Completed
10838,3895,2024-06-10,9,Completed
16889,1170,2024-06-10,2,Completed
889,1681,2024-06-10,11,Cancelled
12473,1000,2024-06-10,11,Completed
23130,1694,2024-06-10,4,Cancelled
24429,1082,2024-06-11,1,Completed
9181,4731,2024-06-11,12,Completed
8607,779,2024-06-11,3,Completed
13840,4775,2024-06-11,3,Cancelled
15317,3922,2024-06-11,8,Cancelled
12688,1819,2024-06-11,11,Completed
1862,2076,2024-06-11,1,Cancelled
15641,1314,2024-06-11,11,Cancelled
9484,2160,2024-06-11,10,Completed
23188,2219,2024-06-11,2,Completed
12117,4125,2024-06-11,4,Completed
23864,591,2024-06-11,3,Cancelled
19881,46,2024-06-11,6,Cancelled
6394,402,2024-06-11,7,Completed
1178,2687,2024-06-11,8,Completed
16775,4643,2024-06-11,1,Cancelled
20076,169,2024-06-11,1,Cancelled
15982,1229,2024-06-11,10,Completed
12961,292,2024-06-12,8,Completed
9088,1619,2024-06-12,4,Completed
8704,4212,2024-06-12,10,Completed
8396,3214,2024-06-12,9,Completed
15458,482,2024-06-12,4,Completed
13308,4755,2024-06-12,7,Completed
19989,1275,2024-06-12,5,Completed
5857,2463,2024-06-12,10,Completed
19977,1747,2024-06-12,1,Cancelled
5517,1207,2024-06-12,6,Completed
11931,4878,2024-06-12,2,Completed
8426,1736,2024-06-12,8,Completed
6257,4056,2024-06-12,7,Completed
16225,4776,2024-06-12,5,Completed
1,3989,2024-06-12,6,Completed
22850,192,2024-06-12,6,Completed
20587,684,2024-06-12,1,Completed
2707,2162,2024-06-12,6,Cancelled
24140,2129,2024-06-12,3,Completed
407,1097,2024-06-12,11,Completed
20637,3675,2024-06-12,6,Completed
1763,3600,2024-06-12,2,Cancelled
23817,2954,2024-06-12,9,Completed
102,1648,2024-06-13,12,Completed
22559,3062,2024-06-13,12,Completed
10516,613,2024-06-13,11,Completed
4552,3259,2024-06-13,1,Completed
7701,722,2024-06-13,12,Completed
24015,1900,2024-06-13,12,Completed
24556,2104,2024-06-13,5,Completed
9656,2177,2024-06-13,4,Completed
11916,4360,2024-06-13,11,Cancelled
3247,1309,2024-06-13,5,Completed
15467,1134,2024-06-13,6,Completed
12095,689,2024-06-13,3,Completed
8655,1817,2024-06-13,12,Completed
21219,4454,2024-06-13,11,Completed
4033,1392,2024-06-13,11,Cancelled
3817,2398,2024-06-13,2,Completed
17187,1401,2024-06-13,12,Cancelled
3219,777,2024-06-13,3,Cancelled
13470,577,2024-06-13,11,Completed
3914,4726,2024-06-13,3,Completed
12532,3460,2024-06-13,1,Completed
9774,3371,2024-06-13,3,Completed
22922,9,2024-06-13,11,Completed
17435,3526,2024-06-13,2,Completed
7140,3082,2024-06-13,10,Completed
4900,4185,2024-06-13,9,Completed
810,1269,2024-06-13,4,Completed
22916,4083,2024-06-13,1,Completed
17166,556,2024-06-14,3,Completed
1289,1537,2024-06-14,7,Completed
6789,1949,2024-06-14,5,Completed
4260,2570,2024-06-14,11,Completed
13474,1965,2024-06-14,11,Completed
11143,3073,2024-06-14,8,Completed
3832,956,2024-06-14,2,Completed
9875,1531,2024-06-14,12,Completed
21662,3068,2024-06-14,12,Cancelled
576,1307,2024-06-14,8,Cancelled
11194,2860,2024-06-14,10,Cancelled
15433,4817,2024-06-14,2,Completed
17627,255,2024-06-14,10,Completed
18246,4845,2024-06-14,8,Completed
2733,83,2024-06-14,12,Completed
6361,1472,2024-06-14,2,Completed
13196,230,2024-06-14,11,Completed
4813,2763,2024-06-14,7,Completed
4996,2585,2024-06-14,3,Cancelled
18844,4819,2024-06-14,4,Completed
20802,4784,2024-06-14,10,Completed
3139,3699,2024-06-14,5,Completed
24695,1132,2024-06-14,11,Completed
10582,3926,2024-06-15,3,Completed
15231,1029,2024-06-15,1,Cancelled
15255,1881,2024-06-15,11,Completed
15407,3520,2024-06-15,3,Completed
21814,3864,2024-06-15,10,Completed
24852,3209,2024-06-15,12,Completed
23915,4780,2024-06-15,4,Completed
18837,3477,2024-06-15,6,Completed
23562,4122,2024-06-15,3,Completed
13668,4209,2024-06-15,6,Completed
24409,2253,2024-06-15,6,Completed
9419,2034,2024-06-15,1,Completed
3799,2905,2024-06-15,3,Completed
555,1318,2024-06-15,9,Completed
19090,2819,2024-06-15,6,Completed
5677,1979,2024-06-15,1,Completed
6467,2975,2024-06-15,1,Completed
11130,2541,2024-06-15,1,Cancelled
23466,4780,2024-06-15,4,Cancelled
15019,2091,2024-06-15,5,Completed
4349,2836,2024-06-15,1,Cancelled
8105,860,2024-06-15,6,Completed
15777,3224,2024-06-15,3,Completed
17214,4165,2024-06-15,10,Cancelled
18430,1836,2024-06-15,6,Completed
1414,3497,2024-06-16,6,Cancelled
8740,3682,2024-06-16,3,Completed
14568,2378,2024-06-16,9,Completed
13772,1246,2024-06-16,10,Completed
18851,4694,2024-06-16,1,Completed
22870,2001,2024-06-16,9,Completed
22329,2985,2024-06-16,1,Completed
21640,1228,2024-06-16,11,Completed
15394,780,2024-06-16,2,Completed
19883,3693,2024-06-16,8,Completed
6968,3440,2024-06-16,1,Completed
9800,476,2024-06-16,10,Completed
1254,3248,2024-06-16,8,Completed
2845,2038,2024-06-16,6,Cancelled
9270,602,2024-06-16,11,Completed
23078,999,2024-06-16,9,Completed
16200,764,2024-06-16,6,Cancelled
233,1160,2024-06-16,6,Completed
12678,1351,2024-06-16,4,Cancelled
16966,1950,2024-06-16,12,Completed
24954,3020,2024-06-17,1,Completed
10835,4567,2024-06-17,2,Completed
1595,312,2024-06-17,12,Cancelled
950,3967,2024-06-17,10,Cancelled
19239,3625,2024-06-17,4,Completed
22196,3696,2024-06-17,12,Completed
14935,1610,2024-06-17,1,Completed
20967,2752,2024-06-17,3,Completed
158,4600,2024-06-17,3,Completed
516,117,2024-06-17,4,Cancelled
9993,2544,2024-06-17,1,Completed
1253,1578,2024-06-17,7,Completed
3829,2980,2024-06-17,7,Cancelled
20660,617,2024-06-17,1,Cancelled
10021,578,2024-06-17,12,Completed
15942,595,2024-06-17,1,Completed
2915,309,2024-06-17,2,Completed
24588,2820,2024-06-17,10,Completed
23988,592,2024-06-17,3,Completed
10381,4524,2024-06-17,4,Completed
9538,687,2024-06-17,3,Completed
5134,1000,2024-06-17,11,Cancelled
23539,1356,2024-06-17,5,Completed
12033,444,2024-06-17,5,Completed
9398,720,2024-06-17,4,Completed
18117,2596,2024-06-17,9,Completed
21560,857,2024-06-17,3,Completed
16226,4123,2024-06-17,1,Cancelled
16284,4310,2024-06-17,4,Completed
19114,1958,2024-06-18,12,Completed
855,2278,2024-06-18,3,Completed
13263,1083,2024-06-18,3,Completed
17393,363,2024-06-18,2,Completed
7718,122,2024-06-18,5,Completed
2063,3011,2024-06-18,10,Completed
19803,2954,2024-06-18,9,Completed
2094,4409,2024-06-18,1,Completed
19381,194,2024-06-18,3,Cancelled
16931,2467,2024-06-18,3,Completed
7848,3467,2024-06-18,1,Completed
17609,3929,2024-06-18,5,Cancelled
18321,3007,2024-06-18,6,Cancelled
179,1372,2024-06-18,10,Cancelled
1627,1092,2024-06-18,6,Completed
22950,2725,2024-06-18,3,Completed
23243,3883,2024-06-18,3,Completed
5891,887,2024-06-18,5,Completed
3116,1034,2024-06-18,2,Cancelled
24466,1981,2024-06-18,1,Cancelled
12332,2799,2024-06-18,2,Completed
6903,1653,2024-06-18,7,Completed
12585,2524,2024-06-18,7,Completed
15797,4571,2024-06-18,12,Completed
5774,4345,2024-06-18,2,Completed
17235,2981,2024-06-18,1,Completed
1251,3503,2024-06-19,11,Completed
22485,1390,2024-06-19,4,Cancelled
20235,4072,2024-06-19,6,Completed
15363,699,2024-06-19,6,Completed
20229,1147,2024-06-19,5,Completed
11636,905,2024-06-19,5,Completed
7169,1266,2024-06-19,9,Completed
21103,2728,2024-06-19,11,Cancelled
24102,4632,2024-06-19,7,Cancelled
10230,4619,2024-06-19,7,Cancelled
20975,4625,2024-06-19,1,Cancelled
10809,3948,2024-06-19,1,Cancelled
15631,1269,2024-06-19,4,Completed
12560,244,2024-06-19,1,Cancelled
2299,1610,2024-06-19,1,Completed
14032,2123,2024-06-20,5,Completed
19645,1406,2024-06-20,11,Completed
14248,724,2024-06-20,11,Completed
6330,887,2024-06-20,5,Completed
13478,1698,2024-06-20,4,Completed
1089,1072,2024-06-20,1,Completed
2558,3726,2024-06-20,9,Completed
19616,2660,2024-06-20,1,Completed
12350,958,2024-06-20,1,Cancelled
915,2824,2024-06-20,9,Completed
2861,4331,2024-06-20,2,Completed
8787,1279,2024-06-20,3,Cancelled
3360,1441,2024-06-20,4,Completed
7248,4622,2024-06-20,8,Cancelled
23964,1516,2024-06-20,1,Cancelled
5673,2076,2024-06-20,1,Completed
21502,1959,2024-06-20,9,Completed
5557,1234,2024-06-21,9,Completed
6,2088,2024-06-21,11,Cancelled
2942,3113,2024-06-21,11,Completed
15745,3204,2024-06-21,4,Cancelled
7133,904,2024-06-21,11,Completed
2923,2017,2024-06-21,6,Completed
2229,3851,2024-06-21,3,Completed
6512,3986,2024-06-21,2,Completed
17156,4386,2024-06-21,6,Cancelled
1122,4418,2024-06-21,6,Cancelled
22898,3363,2024-06-21,1,Completed
12826,3340,2024-06-21,4,Completed
2614,2031,2024-06-21,10,Cancelled
14303,4673,2024-06-21,11,Cancelled
8853,4392,2024-06-21,4,Completed
13444,3676,2024-06-21,11,Completed
19798,3338,2024-06-21,7,Completed
20878,3401,2024-06-21,10,Completed
23784,2021,2024-06-21,10,Completed
4470,3877,2024-06-21,3,Cancelled
10235,288,2024-06-22,12,Completed
945,4824,2024-06-22,6,Completed
9052,2661,2024-06-22,7,Completed
21240,1318,2024-06-22,9,Completed
5733,728,2024-06-22,4,Completed
12101,3614,2024-06-22,6,Completed
3734,1522,2024-06-22,7,Completed
24930,1085,2024-06-22,12,Completed
17586,2114,2024-06-22,6,Completed
843,2979,2024-06-22,10,Completed
5940,3268,2024-06-22,1,Completed
19930,2954,2024-06-22,9,Cancelled
9929,3358,2024-06-22,8,Completed
15584,1613,2024-06-22,10,Completed
13519,639,2024-06-22,12,Completed
8106,4809,2024-06-22,3,Cancelled
12455,4817,2024-06-22,2,Completed
7812,718,2024-06-22,4,Completed
18503,4896,2024-06-22,1,Cancelled
22816,1229,2024-06-22,10,Completed
6167,3045,2024-06-22,8,Completed
7100,4252,2024-06-23,1,Cancelled
7369,4748,2024-06-23,7,Completed
4297,3681,2024-06-23,3,Completed
12493,2721,2024-06-23,4,Completed
17189,3167,2024-06-23,7,Completed
23183,1206,2024-06-23,11,Cancelled
14629,4055,2024-06-23,1,Completed
13680,1043,2024-06-23,4,Completed
8440,4797,2024-06-23,5,Completed
21598,1391,2024-06-23,1,Completed
18898,2248,2024-06-23,5,Completed
21929,2216,2024-06-23,6,Completed
601,2126,2024-06-23,7,Cancelled
298,300,2024-06-23,1,Completed
1582,2269,2024-06-23,4,Completed
10517,3555,2024-06-23,1,Completed
9476,372,2024-06-24,1,Completed
16804,1369,2024-06-24,8,Cancelled
14647,98,2024-06-24,1,Completed
13642,2378,2024-06-24,9,Completed
836,3338,2024-06-24,7,Completed
21743,444,2024-06-24,5,Completed
12032,1940,2024-06-24,1,Completed
11147,2466,2024-06-24,1,Completed
546,3759,2024-06-24,2,Completed
10310,889,2024-06-24,8,Cancelled
3644,4050,2024-06-24,5,Cancelled
2901,575,2024-06-24,8,Completed
20127,3830,2024-06-24,11,Completed
14445,2034,2024-06-24,1,Cancelled
13795,1213,2024-06-24,3,Completed
14007,979,2024-06-24,6,Completed
16921,857,2024-06-24,3,Completed
11536,656,2024-06-24,3,Completed
14896,3527,2024-06-24,8,Cancelled
13456,1238,2024-06-24,11,Completed
12494,1202,2024-06-24,4,Completed
14901,559,2024-06-24,3,Completed
978,2786,2024-06-24,1,Completed
16714,4332,2024-06-25,10,Completed
18268,3477,2024-06-25,6,Cancelled
22239,3898,2024-06-25,8,Completed
24183,1943,2024-06-25,10,Completed
18827,2873,2024-06-25,4,Completed
14631,1138,2024-06-25,5,Completed
10507,1619,2024-06-25,4,Cancelled
22259,2718,2024-06-25,8,Completed
1424,3911,2024-06-25,4,Completed
11181,4959,2024-06-25,11,Completed
7849,3119,2024-06-25,1,Completed
17626,3207,2024-06-25,5,Completed
12912,1460,2024-06-25,12,Completed
13159,679,2024-06-25,8,Cancelled
14081,2059,2024-06-25,10,Cancelled
3566,3179,2024-06-25,12,Completed
1940,4835,2024-06-25,7,Completed
19173,1425,2024-06-25,10,Completed
8679,2215,2024-06-25,2,Completed
94,215,2024-06-26,4,Cancelled
20154,748,2024-06-26,1,Completed
12540,3869,2024-06-26,2,Completed
5305,4489,2024-06-26,12,Completed
5461,1406,2024-06-26,11,Completed
561,869,2024-06-26,2,Completed
361,2039,2024-06-26,2,Completed
18661,1307,2024-06-26,8,Completed
18667,948,2024-06-26,2,Cancelled
9065,3453,2024-06-26,8,Completed
4662,1307,2024-06-26,8,Completed
12613,3841,2024-06-26,8,Completed
10999,4092,2024-06-26,11,Completed
15635,1177,2024-06-26,8,Completed
7499,2380,2024-06-26,5,Cancelled
14061,63,2024-06-26,9,Completed
19116,4582,2024-06-26,3,Completed
2047,4832,2024-06-26,11,Completed
22331,196,2024-06-26,6,Completed
5502,3089,2024-06-26,12,Cancelled
3410,4507,2024-06-26,11,Completed
3372,2646,2024-06-26,11,Completed
15219,1202,2024-06-26,4,Completed
669,1276,2024-06-26,7,Cancelled
12363,4621,2024-06-26,3,Completed
12498,453,2024-06-26,4,Completed
24762,4483,2024-06-27,1,Completed
7749,3016,2024-06-27,6,Completed
2939,789,2024-06-27,6,Completed
11259,742,2024-06-27,2,Completed
11941,2954,2024-06-27,9,Completed
11291,884,2024-06-27,4,Cancelled
18986,1204,2024-06-27,8,Completed
15993,561,2024-06-27,8,Cancelled
19726,3563,2024-06-27,6,Completed
11350,3114,2024-06-27,12,Completed
1669,3862,2024-06-27,9,Completed
4342,3325,2024-06-27,9,Completed
14018,4986,2024-06-27,12,Completed
8869,4048,2024-06-27,12,Completed
7432,561,2024-06-27,8,Completed
14293,1421,2024-06-27,10,Completed
17711,3339,2024-06-27,4,Completed
1408,179,2024-06-27,12,Cancelled
7960,1540,2024-06-27,8,Completed
23708,3504,2024-06-27,3,Completed
19394,4170,2024-06-27,1,Completed
14538,3224,2024-06-27,3,Completed
741,3518,2024-06-27,11,Cancelled
11057,4895,2024-06-27,2,Completed
23405,2598,2024-06-27,3,Completed
7741,2513,2024-06-27,7,Completed
20129,1465,2024-06-28,10,Completed
3698,468,2024-06-28,2,Completed
15954,1980,2024-06-28,2,Completed
14442,4844,2024-06-28,2,Completed
6521,4535,2024-06-28,8,Completed
6529,4582,2024-06-28,3,Completed
15103,3477,2024-06-28,6,Cancelled
4363,1473,2024-06-28,3,Completed
19909,1602,2024-06-28,3,Completed
6934,389,2024-06-28,1,Completed
11424,4744,2024-06-28,10,Cancelled
6064,2661,2024-06-28,7,Completed
6929,4752,2024-06-28,9,Completed
3794,1888,2024-06-28,4,Completed
10109,2028,2024-06-28,4,Completed
3852,2820,2024-06-28,10,Cancelled
12356,486,2024-06-28,9,Completed
12741,355,2024-06-28,12,Completed
23993,3495,2024-06-28,7,Cancelled
16632,4535,2024-06-28,8,Cancelled
8069,4580,2024-06-28,11,Completed
8960,623,2024-06-28,10,Completed
17686,4886,2024-06-28,1,Completed
13648,462,2024-06-28,2,Completed
3378,840,2024-06-28,8,Completed
16301,2649,2024-06-28,3,Completed
14567,1455,2024-06-28,1,Cancelled
6261,1952,2024-06-29,7,Cancelled
17728,4891,2024-06-29,8,Completed
17969,4572,2024-06-29,5,Completed
4071,1455,2024-06-29,1,Completed
18936,2946,2024-06-29,10,Completed
15885,2911,2024-06-29,12,Completed
2580,1659,2024-06-29,1,Completed
2037,779,2024-06-29,3,Completed
24638,4225,2024-06-29,2,Cancelled
17631,775,2024-06-29,8,Cancelled
22594,4166,2024-06-29,2,Completed
24470,161,2024-06-29,11,Completed
13121,421,2024-06-29,1,Cancelled
11723,4465,2024-06-29,2,Cancelled
23866,923,2024-06-29,9,Completed
14682,822,2024-06-29,12,Completed
14559,2232,2024-06-29,2,Cancelled
20622,4876,2024-06-29,6,Completed
20419,4651,2024-06-29,9,Completed
8900,3916,2024-06-29,5,Completed
14780,3285,2024-06-29,8,Completed
20461,562,2024-06-29,11,Completed
3607,4572,2024-06-30,5,Completed
12797,4756,2024-06-30,4,Completed
1801,4213,2024-06-30,7,Completed
17018,4345,2024-06-30,2,Completed
15453,3290,2024-06-30,6,Completed
12366,4020,2024-06-30,1,Completed
4448,3191,2024-06-30,1,Completed
2922,4024,2024-06-30,7,Cancelled
11139,1825,2024-06-30,1,Completed
15045,2262,2024-06-30,11,Completed
6588,464,2024-06-30,1,Completed
796,1189,2024-06-30,1,Completed
3755,4846,2024-06-30,5,Completed
7224,1825,2024-06-30,1,Cancelled
21933,3522,2024-06-30,6,Completed
11921,834,2024-06-30,11,Cancelled
4966,4687,2024-06-30,12,Completed
24718,2072,2024-06-30,5,Completed
22941,3394,2024-06-30,12,Completed
19533,3518,2024-06-30,11,Cancelled
4412,2034,2024-07-01,1,Completed
19002,1200,2024-07-01,8,Completed
2070,1657,2024-07-01,5,Completed
11845,95,2024-07-01,6,Cancelled
9693,4122,2024-07-01,3,Completed
10534,4474,2024-07-01,4,Cancelled
22839,4,2024-07-01,5,Completed
3359,3642,2024-07-01,4,Cancelled
10221,4602,2024-07-01,11,Completed
8866,4821,2024-07-01,2,Completed
17270,100,2024-07-01,8,Completed
23301,4381,2024-07-01,6,Cancelled
328,3266,2024-07-01,2,Completed
24141,300,2024-07-01,1,Completed
14951,3710,2024-07-01,2,Completed
21193,1768,2024-07-01,11,Completed
22466,3225,2024-07-01,9,Completed
355,4465,2024-07-01,2,Completed
7491,1113,2024-07-01,4,Completed
13451,4365,2024-07-01,8,Completed
12268,3200,2024-07-01,7,Completed
10181,1010,2024-07-01,10,Completed
360,1236,2024-07-01,12,Completed
16726,4865,2024-07-01,2,Completed
24040,1661,2024-07-01,7,Completed
8455,1662,2024-07-01,6,Completed
9801,4430,2024-07-01,12,Completed
16980,3096,2024-07-01,9,Cancelled
3625,17,2024-07-01,2,Cancelled
23726,3245,2024-07-01,7,Completed
11411,4523,2024-07-02,2,Completed
16036,1664,2024-07-02,3,Completed
6589,3286,2024-07-02,4,Completed
24924,3568,2024-07-02,3,Cancelled
97,12,2024-07-02,3,Completed
14148,1777,2024-07-02,12,Completed
16699,3563,2024-07-02,6,Completed
23481,3526,2024-07-02,2,Completed
6834,4151,2024-07-02,1,Completed
22626,1980,2024-07-02,2,Completed
12835,4817,2024-07-02,2,Completed
21044,3241,2024-07-02,10,Completed
3173,2515,2024-07-02,3,Completed
8155,3775,2024-07-02,3,Cancelled
934,1424,2024-07-02,7,Completed
22060,1540,2024-07-02,8,Completed
14813,4891,2024-07-02,8,Completed
19565,3782,2024-07-02,3,Cancelled
8005,2322,2024-07-02,1,Completed
15377,2111,2024-07-02,4,Completed
19497,2665,2024-07-02,2,Completed
9582,1381,2024-07-03,3,Completed
24537,1771,2024-07-03,7,Cancelled
13938,3672,2024-07-03,4,Completed
14923,2159,2024-07-03,1,Completed
18896,1672,2024-07-03,8,Completed
14820,3063,2024-07-03,3,Completed
1772,2304,2024-07-03,8,Completed
18581,2210,2024-07-03,11,Completed
24926,4403,2024-07-03,8,Completed
5768,3807,2024-07-03,2,Completed
21152,298,2024-07-03,7,Completed
19542,989,2024-07-03,4,Completed
22647,3111,2024-07-03,9,Completed
20011,1862,2024-07-03,9,Completed
24757,124,2024-07-03,1,Completed
6251,1330,2024-07-03,4,Completed
23233,2612,2024-07-03,7,Completed
12577,1291,2024-07-03,4,Completed
24673,2453,2024-07-03,1,Cancelled
12590,2193,2024-07-03,3,Completed
3974,4727,2024-07-04,1,Completed
20459,3257,2024-07-04,2,Completed
4229,2982,2024-07-04,7,Completed
15121,1456,2024-07-04,5,Completed
20483,2017,2024-07-04,6,Completed
13910,3521,2024-07-04,3,Cancelled
21477,3285,2024-07-04,8,Cancelled
23528,4294,2024-07-04,8,Completed
5210,978,2024-07-04,1,Completed
7736,328,2024-07-04,2,Completed
10297,869,2024-07-04,2,Completed
4465,491,2024-07-04,2,Completed
10915,2024,2024-07-04,12,Cancelled
18084,1621,2024-07-04,4,Completed
4078,2295,2024-07-04,4,Completed
5670,2562,2024-07-04,12,Cancelled
16035,4830,2024-07-04,1,Completed
23605,4609,2024-07-04,11,Completed
8775,542,2024-07-04,7,Completed
15783,1883,2024-07-04,6,Completed
15948,2039,2024-07-04,2,Completed
4097,4782,2024-07-04,7,Completed
6643,4572,2024-07-04,5,Completed
4386,3344,2024-07-04,3,Cancelled
21680,4555,2024-07-05,1,Completed
2461,990,2024-07-05,7,Completed
15381,4764,2024-07-05,6,Completed
6481,3611,2024-07-05,3,Completed
23002,3331,2024-07-05,12,Completed
18435,4045,2024-07-05,2,Completed
2010,877,2024-07-05,1,Completed
4134,2320,2024-07-05,7,Completed
5945,1779,2024-07-05,11,Completed
3024,3478,2024-07-05,3,Completed
8322,352,2024-07-05,5,Cancelled
20780,3280,2024-07-05,1,Completed
11936,63,2024-07-05,9,Completed
12730,1530,2024-07-05,11,Completed
4035,1380,2024-07-05,11,Cancelled
1924,1564,2024-07-05,3,Cancelled
9013,1999,2024-07-05,7,Completed
9458,3262,2024-07-05,9,Completed
6199,798,2024-07-05,6,Cancelled
3563,877,2024-07-05,1,Completed
5018,1033,2024-07-05,5,Completed
24343,2911,2024-07-05,12,Completed
19944,4010,2024-07-05,4,Completed
20347,4756,2024-07-05,4,Completed
20961,1473,2024-07-05,3,Completed
20921,1703,2024-07-05,2,Completed
1052,4810,2024-07-06,2,Completed
22472,4114,2024-07-06,4,Completed
16277,3734,2024-07-06,11,Completed
21505,1315,2024-07-06,3,Completed
9834,2883,2024-07-06,6,Cancelled
22595,1732,2024-07-06,3,Completed
20581,4265,2024-07-06,9,Completed
13716,3016,2024-07-06,6,Cancelled
5884,4536,2024-07-06,7,Completed
3814,1229,2024-07-06,10,Completed
22848,609,2024-07-06,3,Completed
17732,2319,2024-07-06,6,Completed
17997,1782,2024-07-06,9,Completed
24386,659,2024-07-06,1,Cancelled
22825,779,2024-07-06,3,Completed
13511,2699,2024-07-06,1,Completed
16782,1412,2024-07-06,7,Completed
1758,3110,2024-07-06,1,Completed
19271,3630,2024-07-06,8,Completed
7438,2905,2024-07-06,3,Completed
5651,2238,2024-07-07,1,Completed
13226,3878,2024-07-07,2,Cancelled
21770,1468,2024-07-07,9,Completed
637,3597,2024-07-07,8,Cancelled
2501,1754,2024-07-07,1,Completed
20678,1855,2024-07-07,3,Completed
4005,2993,2024-07-07,10,Completed
2879,860,2024-07-07,6,Completed
8216,910,2024-07-07,9,Completed
24874,3700,2024-07-07,8,Completed
22026,3288,2024-07-07,8,Completed
8075,469,2024-07-07,4,Completed
2041,5,2024-07-07,7,Completed
2038,1001,2024-07-07,12,Cancelled
10678,2836,2024-07-07,1,Completed
1480,2205,2024-07-07,4,Completed
15177,1136,2024-07-07,5,Completed
16631,2703,2024-07-07,9,Completed
22834,4173,2024-07-07,12,Cancelled
6326,2066,2024-07-07,9,Completed
9508,2432,2024-07-07,3,Completed
22050,4627,2024-07-07,6,Completed
8299,4760,2024-07-08,12,Completed
18236,3084,2024-07-08,1,Completed
3339,4304,2024-07-08,7,Completed
5447,524,2024-07-08,11,Completed
3582,3119,2024-07-08,1,Cancelled
15055,787,2024-07-08,4,Completed
9864,879,2024-07-08,2,Completed
14509,3466,2024-07-08,3,Completed
20440,4905,2024-07-08,10,Completed
22076,3693,2024-07-08,8,Completed
1383,684,2024-07-08,1,Cancelled
5847,140,2024-07-08,7,Completed
16837,449,2024-07-08,5,Completed
2618,884,2024-07-08,4,Completed
4203,4673,2024-07-08,11,Cancelled
22653,4714,2024-07-08,2,Completed
1840,3512,2024-07-08,10,Cancelled
12828,4090,2024-07-08,11,Completed
18815,3311,2024-07-08,11,Completed
10591,3272,2024-07-08,12,Completed
7563,1291,2024-07-08,4,Completed
87,2141,2024-07-08,2,Completed
16259,4731,2024-07-08,12,Completed
15697,4154,2024-07-08,3,Completed
23960,4661,2024-07-09,1,Completed
11193,2484,2024-07-09,3,Cancelled
2218,3766,2024-07-09,5,Completed
12156,1595,2024-07-09,6,Cancelled
23128,2933,2024-07-09,10,Completed
17653,2954,2024-07-09,9,Completed
11608,3948,2024-07-09,1,Cancelled
2576,1246,2024-07-09,10,Completed
17939,861,2024-07-09,12,Completed
19713,1448,2024-07-09,7,Completed
21110,2652,2024-07-09,12,Cancelled
22957,1007,2024-07-09,5,Completed
12416,3866,2024-07-09,11,Completed
3779,4079,2024-07-09,9,Completed
24752,1097,2024-07-09,11,Cancelled
13510,3890,2024-07-09,4,Completed
23644,3309,2024-07-09,3,Completed
5616,3689,2024-07-10,12,Completed
18466,2962,2024-07-10,12,Completed
1246,1782,2024-07-10,9,Completed
3368,3476,2024-07-10,3,Completed
6103,1998,2024-07-10,9,Cancelled
1487,3041,2024-07-10,3,Completed
3907,727,2024-07-10,7,Cancelled
12042,1081,2024-07-10,1,Cancelled
12378,842,2024-07-10,5,Completed
2623,4152,2024-07-10,8,Completed
18607,1573,2024-07-10,4,Completed
24229,862,2024-07-10,5,Completed
20550,969,2024-07-10,2,Cancelled
12792,2613,2024-07-10,2,Completed
4546,3681,2024-07-10,3,Completed
7490,2478,2024-07-10,7,Cancelled
3980,4615,2024-07-10,2,Completed
165,3343,2024-07-10,10,Completed
17412,1609,2024-07-10,1,Completed
22868,325,2024-07-10,1,Completed
8182,216,2024-07-11,8,Completed
9681,2611,2024-07-11,1,Completed
11204,252,2024-07-11,8,Completed
21242,1755,2024-07-11,5,Completed
17405,1190,2024-07-11,12,Cancelled
2841,3163,2024-07-11,1,Completed
23146,422,2024-07-11,12,Cancelled
13803,980,2024-07-11,2,Completed
17485,98,2024-07-11,1,Completed
9208,4849,2024-07-11,10,Completed
24237,2844,2024-07-11,4,Completed
22619,3599,2024-07-11,7,Completed
22992,1094,2024-07-11,3,Completed
23295,1788,2024-07-11,7,Completed
7900,4865,2024-07-11,2,Completed
23809,688,2024-07-11,9,Completed
1972,4750,2024-07-11,5,Cancelled
3751,373,2024-07-11,2,Cancelled
18709,4338,2024-07-11,10,Completed
2807,3158,2024-07-11,3,Cancelled
22115,2255,2024-07-11,7,Completed
18613,755,2024-07-11,12,Completed
24492,3353,2024-07-12,4,Completed
7415,1086,2024-07-12,1,Completed
2184,2544,2024-07-12,1,Completed
17894,29,2024-07-12,2,Completed
13917,4034,2024-07-12,5,Cancelled
12336,2768,2024-07-12,11,Completed
23287,3141,2024-07-12,1,Cancelled
10957,2691,2024-07-12,2,Completed
4839,2248,2024-07-12,5,Completed
11875,2019,2024-07-12,6,Completed
8903,4513,2024-07-12,6,Completed
2759,508,2024-07-12,8,Completed
19047,3273,2024-07-12,4,Completed
19247,4114,2024-07-12,4,Completed
775,2025,2024-07-12,11,Completed
20123,4642,2024-07-12,11,Completed
5849,698,2024-07-12,12,Cancelled
15028,2255,2024-07-12,7,Cancelled
5714,1327,2024-07-12,10,Completed
10674,2728,2024-07-12,11,Completed
109,4170,2024-07-12,1,Completed
10452,3974,2024-07-12,10,Cancelled
19773,2672,2024-07-12,10,Completed
8951,26,2024-07-12,11,Cancelled
16643,3365,2024-07-12,3,Cancelled
19887,4763,2024-07-12,3,Completed
3729,3233,2024-07-12,8,Completed
11466,3477,2024-07-12,6,Completed
4235,4291,2024-07-12,1,Cancelled
24737,4855,2024-07-12,4,Completed
17128,4519,2024-07-12,8,Completed
11005,3763,2024-07-13,12,Completed
10372,2131,2024-07-13,7,Cancelled
17656,1175,2024-07-13,6,Cancelled
14529,1275,2024-07-13,5,Cancelled
17716,2691,2024-07-13,2,Completed
9210,2618,2024-07-13,6,Cancelled
12089,3320,2024-07-13,10,Completed
11369,1349,2024-07-13,6,Completed
2571,701,2024-07-13,4,Completed
7576,3636,2024-07-13,2,Completed
436,345,2024-07-13,7,Completed
2458,142,2024-07-13,3,Completed
10535,16,2024-07-13,11,Completed
18686,1943,2024-07-13,10,Cancelled
12394,112,2024-07-13,12,Completed
7137,2614,2024-07-13,11,Completed
493,2244,2024-07-13,10,Completed
21798,3316,2024-07-13,12,Completed
13137,3394,2024-07-13,12,Cancelled
15810,1141,2024-07-13,2,Completed
11093,2817,2024-07-13,6,Completed
12312,1168,2024-07-13,11,Cancelled
2731,3804,2024-07-13,1,Cancelled
9706,4343,2024-07-13,3,Completed
6944,2658,2024-07-13,11,Completed
4732,2873,2024-07-13,4,Completed
13374,2323,2024-07-13,3,Completed
11537,2521,2024-07-14,12,Completed
11095,1694,2024-07-14,4,Cancelled
18956,1197,2024-07-14,6,Completed
22522,4109,2024-07-14,10,Completed
2566,2172,2024-07-14,1,Completed
19054,2057,2024-07-14,7,Cancelled
16100,3504,2024-07-14,3,Cancelled
5119,2227,2024-07-14,8,Cancelled
13876,4878,2024-07-14,2,Completed
17708,857,2024-07-14,3,Completed
1384,2193,2024-07-14,3,Completed
6281,4945,2024-07-14,8,Completed
7645,123,2024-07-14,10,Completed
6723,809,2024-07-14,11,Completed
14178,4497,2024-07-14,3,Completed
24086,3717,2024-07-14,11,Completed
19789,2389,2024-07-14,11,Completed
16927,1149,2024-07-15,11,Completed
12194,77,2024-07-15,8,Completed
17848,4822,2024-07-15,2,Cancelled
5949,4017,2024-07-15,7,Completed
21231,3364,2024-07-15,7,Completed
4334,3723,2024-07-15,1,Completed
8210,4826,2024-07-15,4,Completed
3184,3726,2024-07-15,9,Completed
24542,153,2024-07-15,2,Cancelled
10958,2564,2024-07-15,9,Completed
13994,3757,2024-07-15,10,Completed
12340,1595,2024-07-15,6,Completed
22828,1511,2024-07-15,5,Completed
15064,2588,2024-07-15,4,Cancelled
2237,2784,2024-07-15,1,Completed
3671,4609,2024-07-15,11,Completed
9635,4681,2024-07-15,7,Completed
3661,2025,2024-07-15,11,Completed
17682,2310,2024-07-16,11,Completed
12740,1618,2024-07-16,5,Completed
6376,4528,2024-07-16,12,Completed
8317,1548,2024-07-16,11,Completed
18728,3699,2024-07-16,5,Completed
722,2225,2024-07-16,5,Completed
13907,1096,2024-07-16,12,Completed
5908,3165,2024-07-16,1,Completed
5525,4397,2024-07-16,3,Completed
1394,3592,2024-07-16,8,Completed
20756,4020,2024-07-16,1,Completed
12471,4263,2024-07-16,5,Completed
684,4360,2024-07-16,11,Cancelled
18411,1085,2024-07-16,12,Completed
12353,3518,2024-07-17,11,Completed
17830,2282,2024-07-17,3,Completed
8364,550,2024-07-17,7,Completed
10397,1785,2024-07-17,12,Cancelled
22965,4618,2024-07-17,2,Completed
22190,1453,2024-07-17,10,Cancelled
23246,59,2024-07-17,6,Cancelled
18640,3646,2024-07-17,4,Completed
24069,4771,2024-07-17,3,Completed
7414,1417,2024-07-17,2,Completed
13975,4263,2024-07-17,5,Completed
2020,3309,2024-07-17,3,Cancelled
10447,882,2024-07-17,1,Completed
625,1268,2024-07-17,6,Completed
3697,3966,2024-07-17,2,Cancelled
133,284,2024-07-17,9,Completed
21895,3552,2024-07-17,2,Completed
3968,684,2024-07-17,1,Cancelled
2400,3685,2024-07-17,5,Completed
7089,4349,2024-07-17,3,Completed
16556,2027,2024-07-17,3,Cancelled
6502,15,2024-07-17,8,Completed
5435,4306,2024-07-17,9,Completed
13055,815,2024-07-17,11,Completed
7564,2979,2024-07-17,10,Completed
707,4061,2024-07-17,6,Completed
13457,4824,2024-07-17,6,Completed
8091,3750,2024-07-18,6,Completed
19649,3082,2024-07-18,10,Completed
21056,1645,2024-07-18,11,Cancelled
4605,4363,2024-07-18,3,Completed
2967,2216,2024-07-18,6,Cancelled
23341,183,2024-07-18,8,Completed
6301,4825,2024-07-18,2,Completed
20147,2440,2024-07-18,6,Completed
19125,808,2024-07-18,2,Completed
18577,692,2024-07-18,11,Completed
2081,4034,2024-07-18,5,Completed
12509,1979,2024-07-18,1,Cancelled
23416,4681,2024-07-18,7,Completed
17163,2883,2024-07-18,6,Cancelled
17313,1161,2024-07-18,6,Completed
12364,4682,2024-07-18,3,Cancelled
19344,1670,2024-07-18,9,Completed
3728,1982,2024-07-18,3,Completed
9514,4616,2024-07-18,6,Completed
13157,819,2024-07-18,3,Completed
4146,333,2024-07-18,6,Completed
6742,3897,2024-07-18,5,Completed
18517,4934,2024-07-18,3,Completed
14599,3354,2024-07-18,1,Cancelled
21827,1874,2024-07-18,6,Completed
20267,3462,2024-07-18,7,Completed
12049,1394,2024-07-18,8,Completed
17956,1811,2024-07-18,7,Completed
1619,1722,2024-07-18,8,Completed
530,3632,2024-07-18,9,Completed
14089,1282,2024-07-18,11,Completed
3132,2956,2024-07-19,7,Completed
9063,4768,2024-07-19,9,Cancelled
18168,3101,2024-07-19,7,Completed
20763,2632,2024-07-19,1,Completed
11273,1743,2024-07-19,2,Completed
3950,104,2024-07-19,9,Completed
18801,4744,2024-07-19,10,Completed
11606,1872,2024-07-19,2,Cancelled
2766,1619,2024-07-19,4,Completed
22843,2730,2024-07-19,2,Completed
23577,3678,2024-07-19,10,Cancelled
23460,2839,2024-07-19,11,Completed
19778,3374,2024-07-19,4,Completed
1740,3604,2024-07-19,2,Completed
8769,2909,2024-07-19,11,Completed
2333,2192,2024-07-19,9,Completed
18989,2883,2024-07-19,6,Completed
16695,1746,2024-07-19,3,Completed
1190,2147,2024-07-20,12,Cancelled
10631,382,2024-07-20,11,Completed
8657,1837,2024-07-20,12,Completed
23666,936,2024-07-20,7,Cancelled
1319,1229,2024-07-20,10,Cancelled
3221,1041,2024-07-20,7,Cancelled
4053,1159,2024-07-20,4,Completed
4395,2912,2024-07-20,9,Completed
13615,2087,2024-07-20,3,Completed
2633,484,2024-07-20,6,Cancelled
2634,807,2024-07-20,1,Completed
13589,3011,2024-07-20,10,Completed
169,3476,2024-07-20,3,Completed
1782,1058,2024-07-20,9,Completed
16177,827,2024-07-20,10,Completed
16705,4805,2024-07-20,4,Completed
12342,1211,2024-07-20,4,Cancelled
8032,3568,2024-07-20,3,Completed
7121,3691,2024-07-20,8,Completed
16885,1448,2024-07-20,7,Completed
15265,420,2024-07-20,4,Completed
5932,358,2024-07-20,3,Completed
24444,318,2024-07-20,1,Completed
15343,3906,2024-07-20,1,Completed
24013,840,2024-07-20,8,Cancelled
20042,2715,2024-07-20,7,Completed
8812,4985,2024-07-21,9,Completed
6350,3119,2024-07-21,1,Completed
24944,3322,2024-07-21,5,Completed
21545,1447,2024-07-21,3,Completed
8130,2537,2024-07-21,12,Completed
14071,2973,2024-07-21,1,Completed
17237,148,2024-07-21,1,Completed
20742,3630,2024-07-21,8,Completed
7687,1229,2024-07-21,10,Completed
14449,4144,2024-07-21,1,Completed
7853,2330,2024-07-21,11,Completed
101,3913,2024-07-21,10,Completed
2587,3299,2024-07-21,7,Cancelled
9798,373,2024-07-21,2,Cancelled
12766,2965,2024-07-21,12,Cancelled
1227,1200,2024-07-21,8,Completed
5734,3610,2024-07-21,9,Completed
22655,1058,2024-07-21,9,Completed
12771,383,2024-07-21,4,Completed
22388,397,2024-07-21,6,Completed
21305,1404,2024-07-21,11,Completed
18722,1509,2024-07-21,2,Completed
22505,150,2024-07-22,4,Completed
24816,1081,2024-07-22,1,Completed
14458,1939,2024-07-22,6,Completed
6290,872,2024-07-22,3,Completed
9436,2870,2024-07-22,7,Completed
17311,34,2024-07-22,4,Completed
9537,1395,2024-07-22,3,Completed
10729,2760,2024-07-22,1,Completed
5363,2066,2024-07-22,9,Completed
797,308,2024-07-22,1,Completed
4477,521,2024-07-22,12,Cancelled
11358,825,2024-07-22,3,Completed
6896,59,2024-07-22,6,Cancelled
22262,500,2024-07-22,7,Cancelled
629,2885,2024-07-22,6,Completed
16300,3167,2024-07-22,7,Completed
4467,3537,2024-07-22,11,Completed
22799,4945,2024-07-23,8,Completed
20465,1577,2024-07-23,8,Completed
16832,2889,2024-07-23,1,Completed
15413,1722,2024-07-23,8,Completed
4258,4657,2024-07-23,5,Completed
12695,1820,2024-07-23,1,Completed
2439,4644,2024-07-23,7,Completed
3647,1058,2024-07-23,9,Completed
2418,373,2024-07-23,2,Completed
21696,3723,2024-07-23,1,Completed
21232,1679,2024-07-23,9,Completed
13280,4161,2024-07-23,3,Completed
2207,1191,2024-07-23,7,Cancelled
8576,1203,2024-07-23,3,Completed
6138,4725,2024-07-23,4,Completed
8848,4609,2024-07-23,11,Completed
13676,2949,2024-07-23,6,Cancelled
23209,4470,2024-07-23,2,Completed
19461,4323,2024-07-23,11,Cancelled
19994,2333,2024-07-23,10,Completed
23329,3839,2024-07-23,6,Completed
15983,2736,2024-07-23,8,Completed
10320,4506,2024-07-23,2,Completed
6241,4176,2024-07-23,2,Completed
14788,359,2024-07-23,7,Completed
23789,1307,2024-07-23,8,Cancelled
10632,377,2024-07-24,2,Cancelled
21274,700,2024-07-24,5,Cancelled
5930,343,2024-07-24,10,Cancelled
6980,365,2024-07-24,10,Cancelled
23945,1824,2024-07-24,1,Completed
14555,1676,2024-07-24,2,Completed
16675,1308,2024-07-24,3,Completed
8851,4640,2024-07-24,9,Cancelled
19895,2019,2024-07-24,6,Completed
21106,1701,2024-07-24,5,Completed
16637,3166,2024-07-24,4,Completed
2716,229,2024-07-24,6,Completed
17865,4254,2024-07-24,11,Completed
23824,4517,2024-07-24,7,Completed
7352,623,2024-07-24,10,Cancelled
11425,481,2024-07-24,5,Completed
6985,59,2024-07-24,6,Completed
1342,4560,2024-07-24,11,Completed
22732,3858,2024-07-24,1,Completed
1590,2798,2024-07-24,5,Completed
16166,400,2024-07-24,12,Completed
8192,4217,2024-07-24,7,Cancelled
22039,1037,2024-07-24,6,Completed
11370,2887,2024-07-24,4,Completed
13498,2856,2024-07-24,1,Completed
8625,76,2024-07-25,12,Cancelled
1957,2894,2024-07-25,2,Completed
21970,3214,2024-07-25,9,Completed
6766,3566,2024-07-25,4,Completed
3141,3591,2024-07-25,12,Completed
23388,1427,2024-07-25,5,Cancelled
2054,1214,2024-07-25,8,Completed
14501,3873,2024-07-25,2,Completed
21740,397,2024-07-25,6,Completed
23047,4654,2024-07-25,9,Completed
21611,2159,2024-07-25,1,Completed
7794,1658,2024-07-25,8,Cancelled
8193,44,2024-07-25,7,Completed
5009,4600,2024-07-25,3,Completed
3707,328,2024-07-25,2,Completed
2533,3290,2024-07-25,6,Completed
21869,3969,2024-07-25,2,Completed
20495,4934,2024-07-25,3,Cancelled
15729,4809,2024-07-26,3,Cancelled
7574,1241,2024-07-26,12,Completed
15853,3328,2024-07-26,12,Completed
12857,3757,2024-07-26,10,Completed
10559,3262,2024-07-26,9,Completed
22624,525,2024-07-26,2,Completed
15852,1549,2024-07-26,12,Cancelled
12876,1302,2024-07-26,6,Completed
22394,409,2024-07-26,6,Cancelled
15417,3263,2024-07-26,7,Completed
7693,3928,2024-07-26,10,Completed
17872,2223,2024-07-26,5,Completed
7885,2446,2024-07-26,4,Completed
3400,724,2024-07-26,11,Completed
13497,4731,2024-07-26,12,Completed
10336,3203,2024-07-26,8,Completed
21985,4077,2024-07-26,5,Completed
6161,4645,2024-07-26,3,Completed
20898,84,2024-07-26,12,Completed
23696,1124,2024-07-26,11,Completed
12644,1568,2024-07-26,7,Completed
5514,4884,2024-07-26,8,Completed
14872,2611,2024-07-26,1,Completed
11227,3328,2024-07-26,12,Completed
5687,1846,2024-07-26,12,Cancelled
5925,780,2024-07-26,2,Completed
8711,2816,2024-07-26,4,Completed
15323,659,2024-07-26,1,Completed
5161,92,2024-07-26,12,Cancelled
695,359,2024-07-26,7,Completed
16002,3746,2024-07-27,4,Completed
23996,3640,2024-07-27,3,Cancelled
14545,4144,2024-07-27,1,Completed
13188,4450,2024-07-27,4,Completed
10758,1610,2024-07-27,1,Completed
17707,1662,2024-07-27,6,Completed
5483,1379,2024-07-27,12,Completed
19571,4424,2024-07-27,3,Completed
23554,300,2024-07-27,1,Completed
9451,1663,2024-07-27,4,Completed
11711,447,2024-07-27,2,Cancelled
7288,4294,2024-07-27,8,Completed
20927,1860,2024-07-27,10,Completed
15369,1229,2024-07-27,10,Cancelled
18531,251,2024-07-27,1,Completed
9559,2525,2024-07-27,2,Completed
20886,1528,2024-07-27,8,Completed
20474,4263,2024-07-27,5,Completed
18348,1081,2024-07-27,1,Completed
622,2657,2024-07-27,3,Completed
22274,3919,2024-07-27,8,Completed
24042,2440,2024-07-28,6,Completed
12430,1662,2024-07-28,6,Completed
6070,1362,2024-07-28,1,Completed
11880,193,2024-07-28,10,Completed
13448,4783,2024-07-28,3,Completed
9441,914,2024-07-28,11,Completed
11454,2338,2024-07-28,6,Completed
24262,767,2024-07-28,9,Completed
12192,586,2024-07-28,7,Completed
1936,1034,2024-07-28,2,Cancelled
20310,3403,2024-07-28,3,Completed
12064,4813,2024-07-28,2,Completed
14336,3023,2024-07-28,8,Completed
2460,650,2024-07-28,12,Completed
15776,4074,2024-07-28,5,Completed
11521,583,2024-07-28,2,Completed
4121,550,2024-07-28,7,Completed
2015,4353,2024-07-28,10,Completed
22477,1979,2024-07-28,1,Completed
5974,2437,2024-07-29,3,Cancelled
6752,41,2024-07-29,2,Completed
6755,4180,2024-07-29,3,Completed
17278,914,2024-07-29,11,Completed
14066,116,2024-07-29,6,Completed
13189,1468,2024-07-29,9,Completed
21906,4245,2024-07-29,6,Cancelled
17450,138,2024-07-29,3,Completed
18189,1577,2024-07-29,8,Completed
13028,1125,2024-07-29,3,Cancelled
14264,3773,2024-07-29,10,Cancelled
8791,1269,2024-07-29,4,Completed
1592,2086,2024-07-29,12,Completed
16596,4799,2024-07-29,5,Cancelled
545,3359,2024-07-29,11,Completed
16657,3997,2024-07-29,8,Completed
6270,4396,2024-07-29,4,Completed
182,1926,2024-07-29,7,Completed
20507,3210,2024-07-29,3,Completed
20305,284,2024-07-29,9,Completed
18562,1171,2024-07-30,9,Cancelled
11452,1609,2024-07-30,1,Completed
12713,4673,2024-07-30,11,Cancelled
8304,182,2024-07-30,9,Completed
19563,1123,2024-07-30,2,Completed
6149,2246,2024-07-30,9,Cancelled
16818,1708,2024-07-30,10,Completed
22422,267,2024-07-30,5,Cancelled
14799,3884,2024-07-30,1,Completed
21968,4908,2024-07-30,2,Completed
12091,2435,2024-07-30,2,Completed
15107,1443,2024-07-30,9,Completed
18541,4513,2024-07-30,6,Completed
12885,761,2024-07-31,11,Completed
8886,2577,2024-07-31,2,Completed
24855,1547,2024-07-31,10,Completed
9499,4178,2024-07-31,6,Cancelled
15792,3195,2024-07-31,11,Cancelled
18233,3519,2024-07-31,1,Completed
4946,4590,2024-07-31,6,Cancelled
4587,2512,2024-07-31,8,Completed
23582,348,2024-07-31,6,Completed
23787,3344,2024-07-31,3,Cancelled
23477,1295,2024-07-31,10,Completed
341,4383,2024-07-31,1,Completed
3025,4085,2024-07-31,4,Cancelled
242,3121,2024-07-31,3,Cancelled
24150,849,2024-07-31,8,Completed
19237,1770,2024-07-31,3,Completed
20820,2101,2024-08-01,9,Completed
20445,1373,2024-08-01,3,Cancelled
18045,2317,2024-08-01,10,Cancelled
17757,4806,2024-08-01,8,Completed
17574,842,2024-08-01,5,Cancelled
17782,742,2024-08-01,2,Completed
3750,4731,2024-08-01,12,Cancelled
2223,2020,2024-08-01,12,Completed
24209,3507,2024-08-01,11,Completed
24430,2792,2024-08-01,7,Completed
7081,4756,2024-08-01,4,Completed
13924,3038,2024-08-01,4,Completed
12875,872,2024-08-01,3,Completed
6587,227,2024-08-01,2,Completed
20794,4809,2024-08-01,3,Completed
4051,581,2024-08-01,2,Cancelled
10398,2806,2024-08-01,12,Completed
13533,832,2024-08-01,6,Completed
17497,2129,2024-08-01,3,Cancelled
14857,1766,2024-08-01,9,Completed
18790,1571,2024-08-01,11,Cancelled
15498,3603,2024-08-01,7,Cancelled
4931,3201,2024-08-01,11,Completed
1196,3410,2024-08-01,4,Completed
17293,872,2024-08-01,3,Completed
2396,2086,2024-08-01,12,Completed
1250,807,2024-08-02,1,Completed
8368,2855,2024-08-02,5,Cancelled
19510,1728,2024-08-02,1,Completed
727,1860,2024-08-02,10,Cancelled
2219,1234,2024-08-02,9,Completed
2481,4644,2024-08-02,7,Completed
6884,1203,2024-08-02,3,Completed
23421,858,2024-08-02,8,Completed
8831,3086,2024-08-02,8,Completed
9620,3341,2024-08-02,12,Cancelled
8274,1335,2024-08-02,1,Completed
18901,144,2024-08-02,2,Completed
12750,148,2024-08-02,1,Completed
15100,4953,2024-08-02,7,Completed
10988,98,2024-08-02,1,Completed
22228,2225,2024-08-02,5,Completed
6619,2917,2024-08-02,4,Completed
17908,1458,2024-08-02,7,Completed
9542,1765,2024-08-02,1,Completed
9135,3900,2024-08-02,1,Completed
7662,4106,2024-08-02,3,Completed
7365,249,2024-08-02,11,Completed
6009,442,2024-08-02,2,Cancelled
19405,298,2024-08-02,7,Completed
22687,4885,2024-08-03,4,Completed
20104,1644,2024-08-03,12,Completed
19905,4541,2024-08-03,6,Completed
4186,2333,2024-08-03,10,Cancelled
374,279,2024-08-03,5,Completed
20385,2243,2024-08-03,4,Completed
21009,1203,2024-08-03,3,Completed
23100,4637,2024-08-03,1,Completed
4851,340,2024-08-03,4,Completed
22419,2733,2024-08-03,4,Completed
15097,1848,2024-08-03,3,Completed
10274,2503,2024-08-03,9,Cancelled
15933,4250,2024-08-03,12,Cancelled
69,4677,2024-08-03,9,Completed
6220,4048,2024-08-03,12,Cancelled
9732,3160,2024-08-03,8,Completed
11501,2468,2024-08-03,3,Completed
6524,2940,2024-08-03,2,Completed
17638,914,2024-08-03,11,Completed
20919,3284,2024-08-03,6,Completed
12806,2881,2024-08-03,5,Completed
20928,2078,2024-08-03,3,Cancelled
17603,1453,2024-08-03,10,Completed
10833,4889,2024-08-03,7,Cancelled
20541,3463,2024-08-03,10,Completed
16888,1874,2024-08-03,6,Completed
4941,611,2024-08-04,4,Cancelled
24957,4348,2024-08-04,1,Cancelled
14476,2255,2024-08-04,7,Completed
15027,1438,2024-08-04,11,Completed
20900,4638,2024-08-04,2,Completed
632,611,2024-08-04,4,Completed
6530,1012,2024-08-04,6,Completed
8435,2811,2024-08-04,1,Completed
7388,3063,2024-08-04,3,Cancelled
23622,4114,2024-08-04,4,Cancelled
18218,542,2024-08-04,7,Completed
10595,1421,2024-08-04,10,Completed
378,1343,2024-08-04,9,Completed
23907,1712,2024-08-04,2,Completed
23916,4079,2024-08-04,9,Cancelled
9377,3595,2024-08-04,3,Completed
7704,1850,2024-08-04,5,Completed
23363,4761,2024-08-04,1,Completed
1792,64,2024-08-04,9,Completed
14805,541,2024-08-04,6,Completed
6852,470,2024-08-04,4,Completed
10878,4765,2024-08-04,9,Completed
16437,999,2024-08-04,9,Completed
8293,1000,2024-08-04,11,Completed
13895,1839,2024-08-04,10,Cancelled
22018,3216,2024-08-04,4,Completed
13425,2465,2024-08-05,2,Completed
4658,635,2024-08-05,1,Completed
14112,4735,2024-08-05,1,Completed
13656,4291,2024-08-05,1,Completed
24247,1738,2024-08-05,8,Completed
1421,3623,2024-08-05,10,Completed
4047,1389,2024-08-05,2,Completed
603,1125,2024-08-05,3,Completed
6069,3467,2024-08-05,1,Completed
18809,1242,2024-08-05,5,Completed
1097,2697,2024-08-05,2,Completed
4738,300,2024-08-05,1,Completed
8485,308,2024-08-05,1,Completed
5531,672,2024-08-05,2,Completed
3375,2990,2024-08-05,7,Cancelled
20022,50,2024-08-05,5,Cancelled
21672,1087,2024-08-05,8,Completed
5738,1962,2024-08-05,2,Completed
11022,3598,2024-08-05,2,Completed
17141,892,2024-08-05,1,Completed
21891,1081,2024-08-05,1,Cancelled
9942,524,2024-08-05,11,Cancelled
2035,4756,2024-08-06,4,Completed
24213,2071,2024-08-06,7,Cancelled
13234,1077,2024-08-06,9,Completed
11072,3942,2024-08-06,9,Completed
6516,1447,2024-08-06,3,Cancelled
12087,461,2024-08-06,3,Cancelled
21698,2160,2024-08-06,10,Completed
23548,665,2024-08-06,12,Completed
107,3236,2024-08-06,9,Completed
5501,337,2024-08-06,12,Completed
174,317,2024-08-06,5,Completed
23765,2737,2024-08-06,6,Completed
14412,3783,2024-08-06,2,Completed
2253,3925,2024-08-06,12,Cancelled
23004,1515,2024-08-06,1,Completed
10843,1396,2024-08-06,5,Completed
23142,4438,2024-08-06,5,Cancelled
4788,4908,2024-08-06,2,Completed
2014,232,2024-08-06,3,Cancelled
9608,3727,2024-08-06,9,Completed
13404,1033,2024-08-06,5,Cancelled
16482,1479,2024-08-06,9,Completed
14407,2527,2024-08-06,2,Completed
14281,1793,2024-08-06,1,Completed
14302,456,2024-08-06,5,Completed
1545,4756,2024-08-07,4,Completed
11994,4082,2024-08-07,7,Completed
11841,2413,2024-08-07,3,Completed
18662,1847,2024-08-07,3,Completed
9162,4797,2024-08-07,5,Completed
6459,3344,2024-08-07,3,Completed
10431,4785,2024-08-07,1,Completed
24620,848,2024-08-07,12,Completed
18446,2717,2024-08-07,12,Completed
12121,4833,2024-08-07,11,Completed
19366,2842,2024-08-07,9,Cancelled
9213,4158,2024-08-07,7,Completed
20630,1440,2024-08-07,1,Completed
24082,2039,2024-08-07,2,Cancelled
12838,4986,2024-08-07,12,Completed
12967,1272,2024-08-07,3,Cancelled
13934,2258,2024-08-07,12,Completed
9509,2970,2024-08-07,11,Completed
21815,3461,2024-08-07,2,Completed
793,3310,2024-08-07,3,Completed
17996,1984,2024-08-07,6,Completed
10863,3141,2024-08-07,1,Cancelled
12320,3999,2024-08-07,2,Completed
16794,3520,2024-08-07,3,Completed
5437,4606,2024-08-07,4,Completed
9517,3829,2024-08-07,12,Completed
4842,2796,2024-08-07,1,Cancelled
24966,1876,2024-08-08,9,Completed
11690,4505,2024-08-08,10,Cancelled
12245,3120,2024-08-08,12,Completed
12606,3924,2024-08-08,10,Completed
11727,2948,2024-08-08,7,Completed
24099,1659,2024-08-08,1,Completed
6152,3454,2024-08-08,3,Completed
778,4360,2024-08-08,11,Completed
16220,2731,2024-08-08,12,Completed
19940,4136,2024-08-08,10,Completed
24219,3034,2024-08-08,8,Completed
18449,682,2024-08-08,2,Cancelled
1918,2725,2024-08-08,3,Cancelled
17628,1094,2024-08-08,3,Completed
20436,4612,2024-08-08,12,Completed
17268,1895,2024-08-08,2,Completed
864,818,2024-08-08,2,Completed
22878,882,2024-08-08,1,Cancelled
13858,440,2024-08-08,3,Completed
18134,840,2024-08-08,8,Completed
19786,393,2024-08-08,12,Completed
18649,1210,2024-08-09,9,Completed
24881,861,2024-08-09,12,Completed
18305,1247,2024-08-09,3,Completed
4924,2993,2024-08-09,10,Completed
11965,4545,2024-08-09,9,Cancelled
10305,3766,2024-08-09,5,Completed
1189,2031,2024-08-09,10,Completed
10541,3242,2024-08-09,6,Cancelled
14720,897,2024-08-09,6,Completed
21789,1751,2024-08-09,10,Completed
21040,4252,2024-08-09,1,Completed
2261,948,2024-08-09,2,Completed
23838,1085,2024-08-09,12,Completed
12228,1888,2024-08-09,4,Completed
18925,3450,2024-08-09,11,Completed
6179,3410,2024-08-09,4,Completed
22638,4393,2024-08-09,1,Cancelled
20629,2189,2024-08-10,4,Completed
6799,1820,2024-08-10,1,Completed
16347,4776,2024-08-10,5,Completed
318,1141,2024-08-10,2,Cancelled
14797,3521,2024-08-10,3,Completed
17316,2726,2024-08-10,3,Completed
12389,863,2024-08-10,10,Completed
12833,597,2024-08-10,1,Cancelled
22386,1536,2024-08-10,6,Completed
22185,2518,2024-08-10,1,Completed
3523,2632,2024-08-10,1,Completed
7085,3397,2024-08-10,12,Completed
20772,1150,2024-08-10,6,Cancelled
15859,1024,2024-08-10,2,Completed
9287,4638,2024-08-10,2,Completed
23929,3233,2024-08-10,8,Cancelled
5628,3730,2024-08-10,1,Completed
18313,4054,2024-08-10,6,Completed
13276,2402,2024-08-10,11,Completed
1187,15,2024-08-10,8,Completed
1586,425,2024-08-10,3,Completed
17576,4218,2024-08-10,2,Completed
19828,1849,2024-08-10,2,Cancelled
22731,2583,2024-08-10,10,Completed
13369,1952,2024-08-10,7,Completed
7768,2749,2024-08-11,11,Completed
18404,784,2024-08-11,3,Completed
18253,4722,2024-08-11,4,Completed
21340,1839,2024-08-11,10,Completed
20882,2764,2024-08-11,4,Completed
8239,1786,2024-08-11,12,Completed
24540,1520,2024-08-11,3,Completed
16806,2860,2024-08-11,10,Completed
7966,649,2024-08-11,8,Completed
11944,560,2024-08-11,12,Cancelled
16290,271,2024-08-11,4,Completed
23048,1909,2024-08-11,10,Cancelled
21964,652,2024-08-11,2,Cancelled
15333,2676,2024-08-11,3,Completed
15322,3344,2024-08-11,3,Completed
23992,4332,2024-08-11,10,Completed
8441,1690,2024-08-11,1,Completed
18996,3168,2024-08-11,4,Completed
11736,4589,2024-08-11,11,Completed
290,387,2024-08-11,1,Cancelled
24963,316,2024-08-11,12,Cancelled
22628,3577,2024-08-12,8,Completed
6765,4498,2024-08-12,3,Completed
11961,138,2024-08-12,3,Completed
11627,4569,2024-08-12,2,Completed
11809,2371,2024-08-12,12,Completed
4140,1238,2024-08-12,11,Completed
2183,4165,2024-08-12,10,Completed
15237,2946,2024-08-12,10,Completed
22977,2780,2024-08-12,2,Completed
22781,2131,2024-08-12,7,Completed
2146,2662,2024-08-12,2,Completed
11814,2214,2024-08-12,9,Completed
12362,2345,2024-08-12,5,Completed
18759,976,2024-08-12,11,Completed
8189,591,2024-08-12,3,Completed
6976,3882,2024-08-12,12,Completed
16780,2395,2024-08-13,4,Completed
5256,392,2024-08-13,6,Completed
19462,373,2024-08-13,2,Completed
3049,4492,2024-08-13,3,Cancelled
7847,1230,2024-08-13,12,Cancelled
23190,1949,2024-08-13,5,Cancelled
3103,2532,2024-08-13,8,Cancelled
215,1100,2024-08-13,1,Completed
16441,1289,2024-08-13,12,Completed
9588,1077,2024-08-13,9,Cancelled
9618,2662,2024-08-13,2,Cancelled
23536,3601,2024-08-13,5,Cancelled
23840,764,2024-08-13,6,Cancelled
15109,3024,2024-08-13,6,Cancelled
2567,746,2024-08-13,8,Completed
14484,2226,2024-08-13,9,Completed
24732,4384,2024-08-13,5,Completed
24038,4271,2024-08-13,1,Completed
3639,2175,2024-08-13,7,Completed
20394,409,2024-08-13,6,Completed
23721,4061,2024-08-13,6,Cancelled
5041,4752,2024-08-13,9,Completed
10966,3968,2024-08-13,7,Cancelled
5415,73,2024-08-13,1,Completed
23272,927,2024-08-13,3,Completed
18089,2374,2024-08-13,10,Completed
24665,3495,2024-08-13,7,Completed
7354,4245,2024-08-13,6,Cancelled
23774,4363,2024-08-13,3,Cancelled
20538,3065,2024-08-14,10,Completed
14847,318,2024-08-14,1,Completed
19274,919,2024-08-14,2,Completed
4997,3063,2024-08-14,3,Completed
17552,1514,2024-08-14,7,Completed
20576,4792,2024-08-14,6,Completed
3653,807,2024-08-14,1,Completed
3602,3564,2024-08-14,1,Completed
23641,3245,2024-08-14,7,Completed
16559,1015,2024-08-14,7,Completed
12418,777,2024-08-14,3,Completed
9710,4631,2024-08-14,12,Completed
16741,4197,2024-08-14,8,Completed
8656,860,2024-08-14,6,Completed
3576,682,2024-08-14,2,Completed
17072,3706,2024-08-14,9,Cancelled
3230,3506,2024-08-14,2,Completed
9516,2413,2024-08-14,3,Completed
7239,3828,2024-08-14,9,Completed
1012,559,2024-08-14,3,Completed
6153,4729,2024-08-14,1,Completed
14715,1412,2024-08-14,7,Completed
15367,4877,2024-08-14,3,Completed
18275,4399,2024-08-14,12,Completed
14641,2472,2024-08-14,12,Completed
21182,4506,2024-08-14,2,Completed
1793,2535,2024-08-14,2,Completed
3948,3188,2024-08-14,3,Completed
13653,1171,2024-08-14,9,Completed
5482,1690,2024-08-14,1,Cancelled
9911,4175,2024-08-14,5,Completed
20108,953,2024-08-14,3,Cancelled
21626,241,2024-08-14,9,Completed
12167,3976,2024-08-15,4,Cancelled
15430,413,2024-08-15,2,Completed
24044,3564,2024-08-15,1,Completed
15881,2641,2024-08-15,11,Completed
67,1285,2024-08-15,7,Cancelled
6965,4803,2024-08-15,11,Completed
24146,1073,2024-08-15,4,Completed
9073,3534,2024-08-15,10,Completed
514,1078,2024-08-15,1,Completed
163,421,2024-08-15,1,Completed
2202,4174,2024-08-15,12,Completed
17693,3012,2024-08-15,4,Completed
16065,4679,2024-08-15,3,Completed
13065,3687,2024-08-15,9,Completed
24163,2356,2024-08-15,4,Cancelled
13032,1910,2024-08-15,2,Completed
7944,4069,2024-08-15,7,Completed
20870,436,2024-08-15,1,Completed
5626,612,2024-08-15,1,Completed
8488,186,2024-08-15,6,Completed
4661,3527,2024-08-15,8,Completed
21265,4091,2024-08-15,7,Completed
24356,2172,2024-08-15,1,Completed
19686,3578,2024-08-15,5,Completed
19185,4360,2024-08-16,11,Completed
5445,2431,2024-08-16,10,Completed
20405,516,2024-08-16,2,Cancelled
16165,701,2024-08-16,4,Completed
12855,4141,2024-08-16,5,Completed
7844,1887,2024-08-16,3,Completed
13733,556,2024-08-16,3,Completed
17317,934,2024-08-16,7,Completed
21366,3439,2024-08-16,2,Completed
17238,2323,2024-08-16,3,Completed
5262,29,2024-08-16,2,Completed
2761,4932,2024-08-16,7,Cancelled
6194,41,2024-08-16,2,Completed
11177,1663,2024-08-16,4,Completed
16057,56,2024-08-16,1,Completed
4556,4431,2024-08-16,6,Completed
9561,3252,2024-08-16,5,Completed
17145,3551,2024-08-16,2,Completed
18675,4235,2024-08-16,2,Completed
4283,932,2024-08-17,12,Cancelled
9358,1189,2024-08-17,1,Completed
21252,3503,2024-08-17,11,Completed
13599,575,2024-08-17,8,Completed
4466,3297,2024-08-17,9,Completed
7274,2536,2024-08-17,3,Completed
20188,4120,2024-08-17,10,Completed
12376,2708,2024-08-17,12,Completed
10527,3757,2024-08-17,10,Completed
23873,366,2024-08-17,4,Completed
7351,1149,2024-08-17,11,Completed
1215,1671,2024-08-17,2,Completed
12048,292,2024-08-17,8,Completed
2141,3664,2024-08-17,8,Cancelled
14096,2102,2024-08-17,11,Completed
6591,148,2024-08-17,1,Completed
2285,2144,2024-08-17,6,Cancelled
418,3451,2024-08-17,9,Completed
7468,4596,2024-08-17,1,Completed
12734,4425,2024-08-17,2,Completed
13505,2278,2024-08-18,3,Cancelled
20162,2286,2024-08-18,2,Cancelled
17470,963,2024-08-18,3,Completed
14938,1275,2024-08-18,5,Completed
6458,580,2024-08-18,7,Completed
10886,1913,2024-08-18,6,Completed
2936,4741,2024-08-18,6,Completed
3933,2131,2024-08-18,7,Completed
11591,4099,2024-08-18,11,Completed
8150,133,2024-08-18,1,Completed
13370,1630,2024-08-18,12,Completed
22471,151,2024-08-18,4,Completed
10648,594,2024-08-18,9,Completed
22644,3277,2024-08-18,4,Cancelled
23375,3099,2024-08-18,7,Completed
12409,541,2024-08-18,6,Cancelled
4680,1638,2024-08-18,12,Completed
8090,4336,2024-08-18,12,Completed
21913,1712,2024-08-18,2,Completed
22171,4589,2024-08-18,11,Completed
14353,1671,2024-08-18,2,Cancelled
10975,2423,2024-08-18,12,Completed
15765,1100,2024-08-18,1,Completed
18072,289,2024-08-18,3,Completed
21725,4233,2024-08-19,5,Cancelled
22968,823,2024-08-19,3,Completed
4679,1501,2024-08-19,12,Cancelled
9894,1633,2024-08-19,12,Completed
10822,4134,2024-08-19,1,Completed
5213,2409,2024-08-19,6,Completed
23902,621,2024-08-19,11,Cancelled
21430,4731,2024-08-19,12,Completed
13734,3309,2024-08-19,3,Completed
13573,2644,2024-08-19,3,Cancelled
14306,2562,2024-08-19,12,Cancelled
4144,4360,2024-08-19,11,Completed
11659,1862,2024-08-19,9,Cancelled
230,4012,2024-08-19,8,Completed
12388,3865,2024-08-19,6,Completed
21290,1619,2024-08-19,4,Cancelled
16388,3743,2024-08-19,12,Completed
14042,1705,2024-08-19,8,Completed
16216,3854,2024-08-19,5,Completed
10774,3436,2024-08-19,2,Completed
22852,2910,2024-08-19,9,Completed
14051,233,2024-08-19,4,Completed
6939,3526,2024-08-19,2,Completed
16756,1070,2024-08-19,3,Completed
22788,533,2024-08-19,8,Completed
24107,4326,2024-08-20,6,Completed
6381,2444,2024-08-20,1,Cancelled
1486,1259,2024-08-20,8,Cancelled
5710,4931,2024-08-20,9,Completed
14748,2634,2024-08-20,8,Cancelled
2151,3734,2024-08-20,11,Completed
23811,1183,2024-08-20,5,Completed
8976,3309,2024-08-20,3,Completed
2932,3588,2024-08-20,11,Completed
22501,2027,2024-08-20,3,Completed
19951,4680,2024-08-20,3,Completed
5294,2532,2024-08-20,8,Completed
6494,1282,2024-08-20,11,Completed
13463,2924,2024-08-20,7,Completed
11639,1728,2024-08-20,1,Completed
8497,3409,2024-08-20,2,Completed
13283,3964,2024-08-20,6,Completed
24618,3456,2024-08-20,12,Completed
4989,4048,2024-08-20,12,Cancelled
8768,2487,2024-08-20,3,Cancelled
8475,4374,2024-08-20,11,Completed
6000,2235,2024-08-20,3,Completed
21589,646,2024-08-20,1,Completed
2466,1980,2024-08-20,2,Completed
23512,872,2024-08-20,3,Completed
16615,560,2024-08-20,12,Completed
19877,2847,2024-08-20,12,Completed
8060,303,2024-08-20,5,Completed
377,3446,2024-08-20,10,Cancelled
11352,3551,2024-08-20,2,Cancelled
1965,1014,2024-08-20,12,Cancelled
1706,3153,2024-08-20,12,Completed
11082,1191,2024-08-20,7,Completed
10646,14,2024-08-20,4,Completed
18010,316,2024-08-20,12,Completed
23949,4517,2024-08-20,7,Completed
9241,1679,2024-08-21,9,Completed
18210,1039,2024-08-21,3,Completed
9562,2990,2024-08-21,7,Completed
16242,2108,2024-08-21,11,Completed
20460,2215,2024-08-21,2,Cancelled
7005,3069,2024-08-21,2,Completed
7626,4446,2024-08-21,8,Completed
6610,2489,2024-08-21,8,Completed
19976,842,2024-08-21,5,Completed
10454,1685,2024-08-21,8,Completed
23985,4746,2024-08-21,12,Completed
20280,3076,2024-08-21,8,Cancelled
595,818,2024-08-21,2,Completed
24050,4284,2024-08-21,7,Completed
4338,4078,2024-08-21,2,Completed
4098,4074,2024-08-21,5,Cancelled
22234,3604,2024-08-21,2,Completed
18439,4497,2024-08-21,3,Cancelled
2721,4088,2024-08-21,11,Cancelled
17035,4276,2024-08-21,7,Cancelled
7654,4212,2024-08-21,10,Cancelled
22491,3104,2024-08-22,8,Cancelled
14661,1818,2024-08-22,7,Cancelled
21601,4310,2024-08-22,4,Completed
7371,4812,2024-08-22,8,Completed
6204,2611,2024-08-22,1,Completed
5311,211,2024-08-22,3,Cancelled
14380,3172,2024-08-22,2,Completed
5076,4449,2024-08-22,3,Completed
24778,3973,2024-08-22,2,Completed
21715,1779,2024-08-22,11,Cancelled
11979,1289,2024-08-22,12,Completed
4685,1298,2024-08-22,8,Completed
12984,4833,2024-08-22,11,Completed
4444,2952,2024-08-22,10,Completed
24973,1887,2024-08-22,3,Completed
18720,1599,2024-08-22,3,Completed
11557,2652,2024-08-22,12,Completed
12602,4082,2024-08-23,7,Completed
1024,622,2024-08-23,10,Completed
22703,3186,2024-08-23,12,Completed
11250,681,2024-08-23,5,Completed
12098,2789,2024-08-23,4,Completed
6565,1888,2024-08-23,4,Cancelled
4294,4098,2024-08-23,8,Completed
5091,432,2024-08-23,4,Completed
23080,4021,2024-08-23,7,Completed
9363,815,2024-08-23,11,Completed
4198,2670,2024-08-23,2,Cancelled
13191,3890,2024-08-23,4,Completed
10749,4608,2024-08-23,2,Cancelled
3481,4610,2024-08-23,1,Completed
20463,4719,2024-08-23,8,Completed
1976,1900,2024-08-23,12,Completed
667,3083,2024-08-23,1,Completed
16254,2865,2024-08-23,10,Completed
4705,3358,2024-08-23,8,Completed
23231,3913,2024-08-23,10,Completed
192,1705,2024-08-23,8,Completed
5563,1224,2024-08-23,12,Cancelled
10546,1458,2024-08-24,7,Completed
19840,735,2024-08-24,5,Cancelled
19112,3940,2024-08-24,8,Cancelled
16122,3186,2024-08-24,12,Completed
17575,3960,2024-08-24,4,Completed
8725,462,2024-08-24,2,Completed
15820,1001,2024-08-24,12,Completed
9532,778,2024-08-24,6,Completed
7025,743,2024-08-24,9,Completed
9238,2759,2024-08-24,2,Completed
17978,3855,2024-08-24,1,Completed
365,3586,2024-08-24,8,Completed
5841,4978,2024-08-24,2,Completed
8191,1182,2024-08-24,4,Completed
10869,2398,2024-08-24,2,Completed
14917,603,2024-08-24,3,Completed
12783,4960,2024-08-24,7,Completed
14991,3929,2024-08-24,5,Completed
2548,1427,2024-08-24,5,Completed
5816,4124,2024-08-24,2,Completed
2884,1467,2024-08-25,10,Completed
699,2795,2024-08-25,9,Completed
4876,173,2024-08-25,7,Completed
15973,3644,2024-08-25,4,Completed
24667,991,2024-08-25,2,Completed
17899,4102,2024-08-25,8,Cancelled
20868,4323,2024-08-25,11,Completed
18228,496,2024-08-25,6,Completed
19413,2366,2024-08-25,3,Completed
15156,3714,2024-08-25,5,Completed
24708,840,2024-08-25,8,Completed
18882,1609,2024-08-25,1,Completed
18211,1168,2024-08-25,11,Completed
17037,1898,2024-08-25,12,Cancelled
23292,3327,2024-08-25,5,Completed
13290,2001,2024-08-25,9,Completed
9982,362,2024-08-25,4,Cancelled
2958,1683,2024-08-25,7,Cancelled
6468,4732,2024-08-25,9,Cancelled
8917,1028,2024-08-25,11,Completed
4523,4114,2024-08-25,4,Completed
22077,4321,2024-08-25,12,Cancelled
14421,1506,2024-08-25,12,Completed
23158,397,2024-08-25,6,Completed
22931,1427,2024-08-25,5,Completed
21840,3836,2024-08-26,9,Cancelled
8048,68,2024-08-26,5,Completed
13768,4099,2024-08-26,11,Completed
11816,1669,2024-08-26,11,Completed
24072,1682,2024-08-26,3,Completed
9136,3254,2024-08-26,1,Completed
3657,747,2024-08-26,9,Completed
20325,4036,2024-08-26,11,Completed
7664,2998,2024-08-26,11,Completed
7416,1915,2024-08-26,11,Completed
21347,4430,2024-08-26,12,Completed
143,2246,2024-08-26,9,Completed
18373,4293,2024-08-26,5,Completed
17692,4619,2024-08-26,7,Completed
18510,2825,2024-08-26,8,Completed
17137,1190,2024-08-26,12,Cancelled
20449,2066,2024-08-26,9,Completed
1270,868,2024-08-26,7,Cancelled
4659,516,2024-08-26,2,Completed
10912,2219,2024-08-26,2,Completed
21643,4025,2024-08-26,6,Cancelled
23580,4,2024-08-26,5,Completed
1696,17,2024-08-26,2,Completed
5094,4849,2024-08-26,10,Completed
1992,4904,2024-08-26,12,Completed
8001,2487,2024-08-26,3,Completed
21636,3960,2024-08-26,4,Completed
15146,259,2024-08-26,7,Completed
7241,4173,2024-08-26,12,Completed
13306,722,2024-08-27,12,Completed
728,2969,2024-08-27,10,Completed
11733,2988,2024-08-27,5,Completed
17253,763,2024-08-27,2,Completed
8294,3245,2024-08-27,7,Completed
9317,1354,2024-08-27,5,Completed
21343,3181,2024-08-27,1,Completed
7409,4241,2024-08-27,9,Cancelled
2805,341,2024-08-27,1,Completed
14343,3282,2024-08-27,10,Completed
6869,1927,2024-08-27,1,Completed
754,1094,2024-08-27,3,Completed
22583,3678,2024-08-27,10,Completed
20292,2909,2024-08-27,11,Cancelled
24251,593,2024-08-27,3,Completed
1093,603,2024-08-27,3,Completed
4779,2933,2024-08-27,10,Cancelled
20286,92,2024-08-27,12,Completed
10475,1311,2024-08-27,8,Completed
2691,4832,2024-08-27,11,Completed
22988,2094,2024-08-27,6,Cancelled
22720,748,2024-08-27,1,Completed
19380,1613,2024-08-27,10,Cancelled
5843,992,2024-08-28,7,Completed
98,4568,2024-08-28,12,Cancelled
15274,4797,2024-08-28,5,Completed
6341,3181,2024-08-28,1,Completed
726,1608,2024-08-28,1,Completed
23542,2976,2024-08-28,11,Completed
3045,214,2024-08-28,9,Completed
8626,2596,2024-08-28,9,Completed
14474,4740,2024-08-28,7,Completed
13982,3069,2024-08-28,2,Completed
5748,4953,2024-08-28,7,Completed
3876,4065,2024-08-28,3,Completed
9822,4088,2024-08-28,11,Completed
20287,2400,2024-08-28,5,Cancelled
18304,4536,2024-08-28,7,Completed
18651,3909,2024-08-28,2,Cancelled
24297,2135,2024-08-28,5,Completed
10981,4397,2024-08-28,3,Completed
6915,2102,2024-08-28,11,Cancelled
17375,816,2024-08-28,1,Cancelled
23690,2985,2024-08-28,1,Completed
15626,1088,2024-08-29,8,Completed
11573,2010,2024-08-29,8,Cancelled
21260,1149,2024-08-29,11,Cancelled
7311,4585,2024-08-29,12,Completed
24795,1004,2024-08-29,1,Completed
4865,3344,2024-08-29,3,Completed
5004,4193,2024-08-29,2,Completed
10362,4115,2024-08-29,11,Completed
9598,1394,2024-08-29,8,Completed
13631,301,2024-08-29,1,Completed
19042,4027,2024-08-29,6,Completed
2191,4602,2024-08-29,11,Completed
1724,3431,2024-08-29,10,Completed
2077,4760,2024-08-29,12,Cancelled
6200,397,2024-08-29,6,Completed
16445,1975,2024-08-29,6,Cancelled
3926,2729,2024-08-29,1,Completed
23981,4371,2024-08-29,9,Completed
766,2885,2024-08-29,6,Completed
19716,3866,2024-08-29,11,Cancelled
19782,830,2024-08-29,12,Completed
7466,2600,2024-08-29,12,Cancelled
18981,2789,2024-08-29,4,Completed
17895,1754,2024-08-30,1,Cancelled
21790,2024,2024-08-30,12,Completed
780,4633,2024-08-30,6,Cancelled
13764,4763,2024-08-30,3,Completed
4364,1142,2024-08-30,7,Completed
6154,1632,2024-08-30,2,Cancelled
20501,735,2024-08-30,5,Completed
12355,679,2024-08-30,8,Completed
17476,2781,2024-08-30,10,Completed
5929,3590,2024-08-30,1,Completed
21767,1619,2024-08-30,4,Completed
12574,3567,2024-08-30,3,Completed
18098,2649,2024-08-30,3,Completed
19781,1484,2024-08-30,1,Completed
8341,2915,2024-08-30,4,Completed
23763,4593,2024-08-30,2,Cancelled
10455,3003,2024-08-30,8,Completed
18920,1765,2024-08-30,1,Completed
11913,15,2024-08-30,8,Cancelled
10687,1571,2024-08-30,11,Completed
24771,1870,2024-08-30,2,Completed
1458,887,2024-08-30,5,Completed
7552,1855,2024-08-31,3,Cancelled
559,3891,2024-08-31,10,Cancelled
11439,3521,2024-08-31,3,Completed
21248,1657,2024-08-31,5,Completed
12329,3907,2024-08-31,2,Cancelled
16144,3976,2024-08-31,4,Completed
16865,917,2024-08-31,9,Cancelled
23415,4752,2024-08-31,9,Completed
15463,1890,2024-08-31,10,Cancelled
22979,4519,2024-08-31,8,Completed
1568,4463,2024-08-31,12,Completed
21302,2280,2024-08-31,5,Completed
5515,4936,2024-08-31,4,Completed
19258,4376,2024-08-31,3,Completed
24300,1909,2024-08-31,10,Completed
5459,4467,2024-08-31,6,Completed
18922,4732,2024-08-31,9,Completed
6347,3259,2024-08-31,1,Completed
17517,2972,2024-08-31,12,Cancelled
23282,535,2024-08-31,11,Completed
4692,3477,2024-08-31,6,Completed
22900,2175,2024-08-31,7,Completed
14866,3601,2024-08-31,5,Completed
3269,4506,2024-08-31,2,Completed
16545,450,2024-08-31,2,Completed
3286,1021,2024-09-01,11,Completed
12126,824,2024-09-01,3,Completed
14674,1478,2024-09-01,11,Completed
18499,3831,2024-09-01,1,Completed
18910,3320,2024-09-01,10,Completed
4161,2893,2024-09-01,2,Completed
21949,2111,2024-09-01,4,Completed
18075,3347,2024-09-01,5,Completed
18906,3119,2024-09-01,1,Completed
18257,172,2024-09-01,3,Completed
16917,1855,2024-09-01,3,Completed
20172,3926,2024-09-01,3,Completed
8937,2009,2024-09-01,9,Completed
4626,4092,2024-09-01,11,Completed
759,3449,2024-09-01,1,Completed
8715,4628,2024-09-01,6,Completed
930,3638,2024-09-02,11,Completed
10685,4679,2024-09-02,3,Cancelled
5048,37,2024-09-02,6,Completed
19016,1693,2024-09-02,9,Completed
10347,2180,2024-09-02,4,Completed
11110,413,2024-09-02,2,Completed
16282,2665,2024-09-02,2,Completed
14389,2671,2024-09-02,12,Completed
19872,44,2024-09-02,7,Cancelled
5959,219,2024-09-02,10,Completed
20454,3463,2024-09-02,10,Completed
18972,4881,2024-09-02,6,Completed
1472,4966,2024-09-02,1,Cancelled
21859,844,2024-09-02,4,Completed
7500,2588,2024-09-02,4,Completed
8221,4472,2024-09-02,6,Completed
9042,3299,2024-09-02,7,Cancelled
21620,3343,2024-09-02,10,Completed
12685,2907,2024-09-03,6,Completed
6165,1359,2024-09-03,4,Completed
18020,3890,2024-09-03,4,Completed
8300,1975,2024-09-03,6,Completed
17567,3072,2024-09-03,1,Completed
4274,3766,2024-09-03,5,Completed
21434,4857,2024-09-03,12,Completed
13459,572,2024-09-03,5,Completed
14669,3983,2024-09-03,5,Cancelled
13846,1373,2024-09-03,3,Cancelled
4734,516,2024-09-03,2,Cancelled
12534,1711,2024-09-03,9,Cancelled
11140,1159,2024-09-03,4,Completed
11634,927,2024-09-03,3,Completed
16636,4564,2024-09-03,4,Completed
6959,1533,2024-09-03,5,Completed
21370,3703,2024-09-03,2,Completed
1078,3440,2024-09-04,1,Completed
24899,1189,2024-09-04,1,Completed
7695,3621,2024-09-04,1,Cancelled
20663,2056,2024-09-04,6,Cancelled
2493,1949,2024-09-04,5,Completed
5306,4212,2024-09-04,10,Completed
18158,3836,2024-09-04,9,Completed
21605,4223,2024-09-04,4,Completed
13952,2868,2024-09-04,6,Cancelled
3223,2551,2024-09-04,11,Cancelled
12123,3103,2024-09-04,11,Completed
2022,3309,2024-09-04,3,Completed
22224,399,2024-09-04,12,Completed
7012,447,2024-09-04,2,Completed
10158,4682,2024-09-04,3,Completed
7593,1739,2024-09-04,3,Completed
3808,1615,2024-09-04,5,Cancelled
8490,4167,2024-09-04,3,Completed
9839,1840,2024-09-04,9,Cancelled
16697,3352,2024-09-04,1,Cancelled
1411,1441,2024-09-05,4,Completed
19423,428,2024-09-05,4,Completed
12864,2768,2024-09-05,11,Cancelled
3060,2835,2024-09-05,12,Completed
17310,990,2024-09-05,7,Cancelled
9723,157,2024-09-05,8,Cancelled
6907,3440,2024-09-05,1,Completed
11946,2529,2024-09-05,3,Completed
5707,3938,2024-09-05,3,Cancelled
3972,98,2024-09-05,1,Cancelled
19972,5,2024-09-05,7,Completed
12023,849,2024-09-05,8,Completed
20560,1633,2024-09-05,12,Completed
4591,4271,2024-09-05,1,Completed
487,3522,2024-09-05,6,Completed
55,4142,2024-09-05,4,Completed
24337,304,2024-09-05,3,Completed
4960,1969,2024-09-05,2,Completed
19294,570,2024-09-05,1,Completed
23743,928,2024-09-05,2,Cancelled
988,1273,2024-09-05,5,Completed
9990,2774,2024-09-05,4,Completed
6239,4215,2024-09-05,1,Cancelled
3969,4817,2024-09-06,2,Completed
9885,821,2024-09-06,10,Completed
10129,1129,2024-09-06,4,Completed
19161,3124,2024-09-06,12,Completed
19267,3799,2024-09-06,1,Cancelled
18794,1282,2024-09-06,11,Completed
17776,1858,2024-09-06,5,Cancelled
8099,4120,2024-09-06,10,Completed
23886,4485,2024-09-06,9,Completed
12879,2424,2024-09-06,3,Completed
14348,4795,2024-09-06,10,Cancelled
769,4111,2024-09-06,5,Completed
17447,4098,2024-09-06,8,Completed
16836,1621,2024-09-06,4,Completed
16535,21,2024-09-07,1,Completed
19245,105,2024-09-07,2,Completed
12011,3656,2024-09-07,12,Completed
18447,2840,2024-09-07,6,Cancelled
14016,639,2024-09-07,12,Completed
16682,267,2024-09-07,5,Cancelled
12073,519,2024-09-07,2,Completed
13588,1766,2024-09-07,9,Cancelled
6397,2763,2024-09-07,7,Completed
2722,1982,2024-09-07,3,Completed
5125,2480,2024-09-07,2,Completed
22493,1067,2024-09-07,11,Completed
24158,4797,2024-09-07,5,Completed
20787,1473,2024-09-07,3,Cancelled
15719,804,2024-09-07,7,Completed
24689,4855,2024-09-08,4,Cancelled
16978,3893,2024-09-08,11,Completed
4837,4704,2024-09-08,7,Completed
21136,3067,2024-09-08,11,Completed
2684,4597,2024-09-08,8,Completed
24293,2601,2024-09-08,3,Completed
979,1834,2024-09-08,2,Completed
18673,4854,2024-09-08,7,Completed
22473,1486,2024-09-08,10,Completed
2523,97,2024-09-08,3,Completed
15431,4317,2024-09-08,10,Cancelled
20535,29,2024-09-08,2,Cancelled
22417,1228,2024-09-08,11,Cancelled
21882,2271,2024-09-08,11,Completed
9284,1728,2024-09-08,1,Completed
3068,3674,2024-09-08,6,Completed
1977,138,2024-09-08,3,Completed
11201,4028,2024-09-09,4,Completed
2627,1552,2024-09-09,8,Completed
12767,4644,2024-09-09,7,Completed
11365,1662,2024-09-09,6,Completed
3447,868,2024-09-09,7,Completed
15268,1908,2024-09-09,10,Completed
2673,4455,2024-09-09,1,Cancelled
20516,1397,2024-09-09,3,Cancelled
12900,3070,2024-09-09,4,Completed
207,90,2024-09-09,2,Completed
269,3714,2024-09-09,5,Completed
13049,4380,2024-09-09,1,Completed
11848,1610,2024-09-09,1,Completed
24462,1037,2024-09-09,6,Completed
2143,63,2024-09-09,9,Cancelled
9236,640,2024-09-09,4,Completed
3008,2484,2024-09-09,3,Completed
19893,1473,2024-09-09,3,Completed
24900,3147,2024-09-09,12,Completed
19665,142,2024-09-09,3,Completed
24568,385,2024-09-09,2,Completed
21516,2812,2024-09-09,6,Completed
1337,4874,2024-09-09,2,Cancelled
19006,1596,2024-09-09,7,Cancelled
11472,2181,2024-09-09,7,Completed
22566,2420,2024-09-09,4,Completed
15755,1257,2024-09-09,3,Completed
22633,4280,2024-09-10,6,Completed
4174,3375,2024-09-10,12,Completed
15461,2085,2024-09-10,1,Completed
15022,3503,2024-09-10,11,Completed
5046,654,2024-09-10,10,Cancelled
22272,1888,2024-09-10,4,Completed
1985,1560,2024-09-10,6,Completed
16983,4567,2024-09-10,2,Completed
6709,3269,2024-09-10,7,Completed
17245,2993,2024-09-10,10,Cancelled
22612,3766,2024-09-10,5,Completed
23353,4887,2024-09-10,6,Cancelled
20680,4695,2024-09-10,6,Completed
17294,1005,2024-09-10,11,Cancelled
13095,1157,2024-09-10,2,Completed
23253,2274,2024-09-10,3,Completed
3649,990,2024-09-10,7,Completed
16434,8,2024-09-10,3,Completed
13236,3624,2024-09-10,12,Completed
7240,3396,2024-09-10,3,Completed
16064,4109,2024-09-10,10,Completed
23099,1987,2024-09-10,7,Completed
5268,1610,2024-09-10,1,Completed
24814,4463,2024-09-10,12,Completed
10947,1650,2024-09-10,2,Cancelled
498,728,2024-09-11,4,Completed
11207,3344,2024-09-11,3,Completed
15887,3447,2024-09-11,1,Cancelled
20343,1198,2024-09-11,5,Cancelled
4327,2694,2024-09-11,3,Completed
16214,4847,2024-09-11,2,Cancelled
9428,151,2024-09-11,4,Completed
14401,1962,2024-09-11,2,Completed
9387,2525,2024-09-11,2,Cancelled
20269,16,2024-09-11,11,Completed
7883,372,2024-09-11,1,Completed
14740,1532,2024-09-11,1,Completed
10478,1092,2024-09-11,6,Completed
4182,1052,2024-09-11,5,Completed
4969,970,2024-09-11,2,Cancelled
16988,2790,2024-09-11,2,Completed
6147,1875,2024-09-11,9,Completed
2601,633,2024-09-11,1,Cancelled
20977,1285,2024-09-11,7,Completed
19642,2058,2024-09-11,7,Cancelled
18486,1507,2024-09-11,2,Completed
4540,4114,2024-09-11,4,Completed
4768,932,2024-09-11,12,Completed
15949,2956,2024-09-11,7,Completed
9402,2225,2024-09-12,5,Completed
8850,4484,2024-09-12,11,Cancelled
11456,3419,2024-09-12,12,Completed
16712,2364,2024-09-12,2,Completed
1825,1574,2024-09-12,1,Cancelled
7838,560,2024-09-12,12,Completed
14552,2168,2024-09-12,2,Completed
12698,654,2024-09-12,10,Completed
1256,1255,2024-09-12,11,Cancelled
4333,3644,2024-09-12,4,Completed
6043,3976,2024-09-12,4,Cancelled
18100,4263,2024-09-12,5,Cancelled
2259,4569,2024-09-12,2,Completed
6475,966,2024-09-12,1,Completed
11343,1456,2024-09-12,5,Completed
20245,2553,2024-09-12,10,Completed
20693,3024,2024-09-12,6,Completed
19740,800,2024-09-12,3,Completed
1575,4083,2024-09-12,1,Completed
7507,4041,2024-09-12,12,Cancelled
1812,1905,2024-09-12,5,Completed
16862,2661,2024-09-12,7,Cancelled
20721,4947,2024-09-12,5,Completed
10890,4041,2024-09-12,12,Cancelled
20746,2598,2024-09-12,3,Completed
21910,611,2024-09-12,4,Completed
19667,3087,2024-09-12,7,Completed
11111,805,2024-09-13,7,Cancelled
6223,2304,2024-09-13,8,Completed
6786,274,2024-09-13,10,Completed
1890,4892,2024-09-13,11,Completed
15539,4111,2024-09-13,5,Completed
18330,196,2024-09-13,6,Completed
9544,1146,2024-09-13,4,Cancelled
14687,4775,2024-09-13,3,Completed
19827,1304,2024-09-13,9,Completed
21825,3283,2024-09-13,3,Completed
2352,709,2024-09-13,8,Completed
18444,1403,2024-09-13,7,Completed
21301,2812,2024-09-13,6,Completed
17448,1448,2024-09-14,7,Completed
10071,4118,2024-09-14,3,Completed
16666,2990,2024-09-14,7,Completed
9028,2095,2024-09-14,4,Completed
21241,3429,2024-09-14,5,Completed
7448,2772,2024-09-14,8,Completed
12850,1963,2024-09-14,7,Completed
6462,2956,2024-09-14,7,Cancelled
1617,3118,2024-09-14,5,Completed
14218,3110,2024-09-14,1,Cancelled
23064,4425,2024-09-14,2,Completed
3159,1933,2024-09-14,3,Completed
10772,172,2024-09-14,3,Completed
3010,3522,2024-09-14,6,Completed
1456,4645,2024-09-14,3,Completed
15814,2037,2024-09-14,6,Completed
13485,4687,2024-09-14,12,Completed
17673,3739,2024-09-14,1,Completed
22528,523,2024-09-14,2,Completed
16604,4652,2024-09-14,12,Cancelled
18217,2733,2024-09-14,4,Completed
10738,56,2024-09-14,1,Cancelled
11461,637,2024-09-14,1,Completed
12131,1540,2024-09-15,8,Cancelled
17918,3297,2024-09-15,9,Completed
7795,2883,2024-09-15,6,Completed
24374,2066,2024-09-15,9,Cancelled
21889,4839,2024-09-15,7,Completed
16079,3950,2024-09-15,6,Completed
22181,983,2024-09-15,5,Completed
1600,1302,2024-09-15,6,Completed
17640,4900,2024-09-15,12,Completed
13673,2847,2024-09-15,12,Completed
3585,1838,2024-09-15,12,Completed
16954,3394,2024-09-15,12,Cancelled
21408,1818,2024-09-15,7,Completed
13923,773,2024-09-15,5,Completed
18491,3583,2024-09-15,5,Completed
22610,318,2024-09-15,1,Completed
13396,2246,2024-09-15,9,Completed
15392,3230,2024-09-15,5,Completed
20913,1883,2024-09-15,6,Completed
4935,1779,2024-09-15,11,Completed
711,1832,2024-09-15,1,Completed
15395,4857,2024-09-15,12,Completed
19848,1932,2024-09-15,12,Completed
16117,3587,2024-09-15,9,Cancelled
13430,4843,2024-09-15,5,Completed
4355,470,2024-09-15,4,Completed
13405,221,2024-09-15,5,Completed
10289,51,2024-09-16,1,Completed
16414,3223,2024-09-16,3,Completed
22221,3822,2024-09-16,3,Completed
11620,1272,2024-09-16,3,Cancelled
2354,3443,2024-09-16,10,Completed
5838,3147,2024-09-16,12,Completed
7545,1952,2024-09-16,7,Completed
21534,2435,2024-09-16,2,Completed
5290,1619,2024-09-16,4,Completed
15767,1860,2024-09-16,10,Completed
5054,922,2024-09-16,7,Completed
23788,1721,2024-09-16,3,Completed
10303,2795,2024-09-16,9,Completed
9215,2076,2024-09-16,1,Completed
14744,2196,2024-09-16,5,Completed
23994,2472,2024-09-16,12,Completed
6374,4251,2024-09-16,2,Completed
7880,4214,2024-09-16,11,Completed
2783,2530,2024-09-16,2,Completed
9736,1597,2024-09-16,8,Completed
23063,4046,2024-09-17,12,Completed
4027,2772,2024-09-17,8,Completed
14743,1897,2024-09-17,6,Cancelled
12856,3513,2024-09-17,5,Completed
12893,147,2024-09-17,1,Completed
21404,408,2024-09-17,4,Completed
4537,709,2024-09-17,8,Completed
4012,4969,2024-09-17,6,Completed
3957,4323,2024-09-17,11,Completed
23614,1278,2024-09-17,8,Completed
7763,1446,2024-09-17,10,Completed
13169,2057,2024-09-17,7,Completed
15233,4291,2024-09-17,1,Completed
23207,3119,2024-09-17,1,Completed
6715,739,2024-09-17,3,Completed
6104,4735,2024-09-17,1,Completed
5781,3360,2024-09-17,9,Completed
8077,960,2024-09-17,3,Completed
17853,2325,2024-09-17,12,Completed
5003,1846,2024-09-17,12,Completed
22999,2982,2024-09-17,7,Completed
14497,877,2024-09-18,1,Completed
4141,1272,2024-09-18,3,Cancelled
4635,3700,2024-09-18,8,Cancelled
4763,1977,2024-09-18,8,Completed
22599,2866,2024-09-18,6,Completed
6824,2803,2024-09-18,10,Completed
16422,4909,2024-09-18,11,Completed
23257,144,2024-09-18,2,Completed
20812,4898,2024-09-18,10,Completed
690,1238,2024-09-18,11,Completed
17211,4950,2024-09-18,8,Completed
11158,2605,2024-09-18,3,Completed
17953,1895,2024-09-18,2,Completed
2109,4111,2024-09-18,5,Completed
22696,2892,2024-09-18,12,Completed
11721,3725,2024-09-18,3,Completed
3483,1621,2024-09-18,4,Completed
515,3520,2024-09-19,3,Completed
16911,1206,2024-09-19,11,Cancelled
21837,2808,2024-09-19,1,Completed
23082,3035,2024-09-19,3,Completed
17046,3567,2024-09-19,3,Completed
12015,3092,2024-09-19,5,Completed
20304,801,2024-09-19,1,Completed
19747,835,2024-09-19,8,Completed
17429,4957,2024-09-19,5,Completed
2369,4310,2024-09-19,4,Completed
22098,2561,2024-09-19,2,Completed
19815,687,2024-09-19,3,Completed
20830,4045,2024-09-19,2,Cancelled
12510,1473,2024-09-19,3,Completed
15342,3075,2024-09-19,11,Completed
11163,195,2024-09-19,7,Completed
1261,2512,2024-09-19,8,Cancelled
12170,244,2024-09-19,1,Completed
15422,2836,2024-09-19,1,Completed
7892,907,2024-09-19,11,Completed
12324,3891,2024-09-19,10,Completed
19420,4452,2024-09-19,7,Cancelled
15830,1641,2024-09-19,9,Completed
3954,4706,2024-09-20,2,Completed
2726,32,2024-09-20,3,Completed
16181,2098,2024-09-20,4,Completed
8027,4516,2024-09-20,3,Completed
19341,3454,2024-09-20,3,Completed
19356,861,2024-09-20,12,Completed
2605,1063,2024-09-20,3,Cancelled
18514,4124,2024-09-20,2,Completed
16761,1343,2024-09-20,9,Completed
7093,4419,2024-09-20,1,Completed
16321,2866,2024-09-20,6,Cancelled
20649,93,2024-09-20,11,Cancelled
17491,4514,2024-09-20,3,Completed
8885,10,2024-09-20,10,Completed
11580,4096,2024-09-20,3,Completed
20030,2558,2024-09-20,12,Cancelled
8319,2460,2024-09-20,12,Completed
5362,3503,2024-09-21,11,Completed
6753,3550,2024-09-21,3,Completed
19040,1721,2024-09-21,3,Cancelled
15595,854,2024-09-21,11,Completed
22708,1504,2024-09-21,9,Completed
22690,1934,2024-09-21,4,Completed
8503,3582,2024-09-21,6,Completed
1780,894,2024-09-21,1,Cancelled
33,3315,2024-09-21,1,Completed
24683,334,2024-09-21,4,Completed
22515,3190,2024-09-21,12,Completed
13481,2379,2024-09-21,1,Completed
22216,305,2024-09-21,4,Completed
24651,2973,2024-09-21,1,Completed
19291,1851,2024-09-21,2,Completed
732,46,2024-09-21,6,Completed
7312,874,2024-09-21,4,Completed
13738,2023,2024-09-21,5,Completed
10217,2997,2024-09-21,1,Completed
1886,2159,2024-09-21,1,Completed
20690,3181,2024-09-21,1,Completed
18554,214,2024-09-21,9,Completed
23881,3482,2024-09-21,12,Completed
14220,1411,2024-09-21,5,Completed
2158,3518,2024-09-21,11,Completed
15785,4335,2024-09-22,5,Completed
19617,1870,2024-09-22,2,Completed
23284,1307,2024-09-22,8,Completed
8736,3247,2024-09-22,8,Cancelled
23513,4113,2024-09-22,4,Completed
3337,2353,2024-09-22,8,Completed
4492,2517,2024-09-22,10,Completed
15396,4314,2024-09-22,2,Cancelled
17462,1200,2024-09-22,8,Cancelled
17335,984,2024-09-22,12,Completed
10530,2733,2024-09-22,4,Completed
18707,1171,2024-09-22,9,Completed
3682,3656,2024-09-22,12,Completed
403,3873,2024-09-22,2,Completed
16153,2431,2024-09-22,10,Completed
19692,2980,2024-09-22,7,Cancelled
16613,670,2024-09-22,1,Completed
19620,68,2024-09-22,5,Cancelled
992,475,2024-09-22,4,Completed
6648,3880,2024-09-22,7,Completed
17802,3413,2024-09-22,2,Completed
4122,2912,2024-09-22,9,Completed
13380,1900,2024-09-23,12,Completed
8642,2268,2024-09-23,2,Completed
18921,4717,2024-09-23,3,Completed
6921,250,2024-09-23,1,Completed
16198,2772,2024-09-23,8,Completed
1390,3779,2024-09-23,9,Completed
8641,2230,2024-09-23,9,Completed
5122,118,2024-09-23,12,Completed
8273,3152,2024-09-23,11,Completed
19733,2954,2024-09-23,9,Cancelled
4511,2375,2024-09-23,2,Completed
693,4861,2024-09-23,12,Cancelled
16605,1620,2024-09-23,4,Completed
19870,153,2024-09-23,2,Completed
1888,4413,2024-09-23,2,Completed
24009,2673,2024-09-23,3,Cancelled
20762,544,2024-09-23,5,Completed
2200,2817,2024-09-23,6,Completed
3956,1397,2024-09-23,3,Completed
7106,4002,2024-09-24,11,Completed
6401,41,2024-09-24,2,Completed
12708,3995,2024-09-24,4,Completed
12017,2160,2024-09-24,10,Cancelled
19511,4306,2024-09-24,9,Completed
19614,4679,2024-09-24,3,Cancelled
17765,3543,2024-09-24,2,Completed
14027,4235,2024-09-24,2,Cancelled
17815,4832,2024-09-24,11,Completed
4123,2112,2024-09-24,7,Completed
16993,137,2024-09-24,11,Completed
5986,830,2024-09-24,12,Completed
11759,1671,2024-09-24,2,Completed
11614,4545,2024-09-24,9,Cancelled
12725,2821,2024-09-24,2,Completed
14891,2184,2024-09-24,5,Completed
22148,1860,2024-09-24,10,Cancelled
24585,4762,2024-09-24,6,Completed
6730,4206,2024-09-24,11,Completed
13786,3440,2024-09-24,1,Cancelled
17324,2033,2024-09-25,11,Completed
3679,3604,2024-09-25,2,Completed
10984,3354,2024-09-25,1,Cancelled
19326,4320,2024-09-25,8,Completed
12080,237,2024-09-25,7,Completed
13209,1937,2024-09-25,5,Cancelled
8418,3195,2024-09-25,11,Completed
17700,1410,2024-09-25,9,Completed
22096,1796,2024-09-25,3,Completed
15073,3437,2024-09-25,3,Completed
22427,5,2024-09-25,7,Completed
6003,2031,2024-09-25,10,Completed
1236,3111,2024-09-25,9,Completed
21703,4219,2024-09-25,12,Completed
19921,3031,2024-09-25,3,Completed
13777,873,2024-09-25,10,Completed
7078,2035,2024-09-25,5,Completed
4354,2364,2024-09-25,2,Completed
12111,2575,2024-09-25,12,Completed
12094,605,2024-09-25,6,Completed
6667,1136,2024-09-25,5,Completed
20687,4674,2024-09-25,10,Completed
20333,2247,2024-09-25,8,Completed
9852,3524,2024-09-25,4,Completed
19426,3771,2024-09-25,3,Completed
8719,1736,2024-09-25,8,Cancelled
17594,980,2024-09-25,2,Completed
6685,1188,2024-09-25,11,Completed
10408,544,2024-09-25,5,Completed
12214,1507,2024-09-26,2,Completed
18362,354,2024-09-26,9,Completed
24986,2832,2024-09-26,11,Completed
18993,2614,2024-09-26,11,Completed
10441,2031,2024-09-26,10,Completed
11050,1406,2024-09-26,11,Completed
3545,3396,2024-09-26,3,Cancelled
20664,1269,2024-09-26,4,Completed
4690,4145,2024-09-26,7,Completed
14033,4266,2024-09-26,4,Completed
14286,2532,2024-09-26,8,Completed
9006,4126,2024-09-26,9,Completed
3362,2925,2024-09-26,2,Completed
11367,4304,2024-09-26,7,Completed
23884,4909,2024-09-27,11,Completed
334,4359,2024-09-27,12,Cancelled
23816,2819,2024-09-27,6,Completed
8199,1578,2024-09-27,7,Completed
11245,2901,2024-09-27,6,Completed
22866,2998,2024-09-27,11,Completed
4654,3612,2024-09-27,1,Completed
3151,1205,2024-09-27,7,Cancelled
1632,4812,2024-09-27,8,Completed
20331,2501,2024-09-27,3,Completed
15869,1078,2024-09-27,1,Completed
8919,2723,2024-09-27,5,Cancelled
6186,1846,2024-09-27,12,Completed
5175,1483,2024-09-27,12,Cancelled
16383,2469,2024-09-27,3,Completed
10472,1273,2024-09-27,5,Completed
17907,4882,2024-09-27,11,Completed
21386,1436,2024-09-27,5,Completed
9905,2973,2024-09-27,1,Completed
17666,2075,2024-09-27,7,Cancelled
17008,208,2024-09-27,5,Completed
2144,4173,2024-09-28,12,Completed
10037,1413,2024-09-28,12,Completed
12208,3630,2024-09-28,8,Completed
24702,4303,2024-09-28,3,Completed
9067,3693,2024-09-28,8,Cancelled
20984,1657,2024-09-28,5,Completed
1401,3190,2024-09-28,12,Completed
10703,3156,2024-09-28,1,Cancelled
21489,4049,2024-09-28,2,Completed
13977,764,2024-09-28,6,Completed
1160,2274,2024-09-28,3,Completed
16452,3834,2024-09-28,3,Completed
2780,4905,2024-09-28,10,Completed
16831,1954,2024-09-28,2,Completed
15754,3028,2024-09-28,5,Completed
1170,1613,2024-09-28,10,Cancelled
10499,1415,2024-09-28,10,Cancelled
24860,927,2024-09-28,3,Completed
19143,4337,2024-09-28,2,Completed
3803,3465,2024-09-28,2,Completed
22243,3427,2024-09-28,1,Completed
15520,2256,2024-09-28,1,Cancelled
8104,3915,2024-09-28,4,Completed
7627,3344,2024-09-28,3,Completed
16776,1827,2024-09-28,1,Completed
7857,3506,2024-09-28,2,Cancelled
5408,4921,2024-09-28,2,Cancelled
24617,3093,2024-09-28,4,Completed
2570,3174,2024-09-28,1,Completed
4170,4186,2024-09-29,5,Completed
16361,4635,2024-09-29,11,Completed
15589,1583,2024-09-29,12,Completed
12639,702,2024-09-29,12,Completed
14444,558,2024-09-29,12,Cancelled
17434,4331,2024-09-29,2,Completed
6891,1927,2024-09-29,1,Completed
2126,2569,2024-09-29,6,Completed
18951,3634,2024-09-29,6,Completed
14995,176,2024-09-29,3,Completed
23594,2997,2024-09-29,1,Completed
6340,675,2024-09-29,2,Completed
7942,3255,2024-09-29,12,Cancelled
5444,1244,2024-09-29,2,Completed
4285,606,2024-09-29,3,Completed
6304,3354,2024-09-29,1,Cancelled
17917,2438,2024-09-29,9,Completed
12055,1308,2024-09-29,3,Cancelled
1728,2562,2024-09-29,12,Completed
11134,4678,2024-09-30,5,Completed
9748,4528,2024-09-30,12,Completed
3160,1948,2024-09-30,6,Completed
6145,2407,2024-09-30,1,Completed
23505,4626,2024-09-30,3,Completed
8911,248,2024-09-30,10,Completed
21384,4254,2024-09-30,11,Cancelled
8033,4831,2024-09-30,1,Completed
7180,4017,2024-09-30,7,Completed
17074,2721,2024-09-30,4,Completed
8932,1598,2024-09-30,11,Completed
10151,4173,2024-09-30,12,Cancelled
3033,3014,2024-09-30,2,Cancelled
20143,2666,2024-09-30,5,Completed
15613,4683,2024-09-30,3,Completed
22261,774,2024-09-30,1,Completed
5485,323,2024-09-30,7,Completed
9109,3975,2024-09-30,12,Completed
6483,81,2024-09-30,2,Completed
1757,2220,2024-09-30,10,Completed
20971,2184,2024-09-30,5,Completed
17017,3678,2024-09-30,10,Cancelled
19657,1949,2024-09-30,5,Completed
21966,4672,2024-09-30,1,Completed
9007,3410,2024-09-30,4,Completed
14391,3023,2024-09-30,8,Cancelled
23750,4216,2024-09-30,11,Cancelled
9919,815,2024-09-30,11,Completed
10081,2014,2024-09-30,4,Completed
19936,44,2024-09-30,7,Completed
13252,910,2024-10-01,9,Cancelled
4913,3065,2024-10-01,10,Completed
21246,2109,2024-10-01,3,Completed
24624,3607,2024-10-01,7,Completed
1598,1285,2024-10-01,7,Completed
11000,3026,2024-10-01,1,Cancelled
15113,74,2024-10-01,6,Completed
6811,541,2024-10-01,6,Completed
4496,498,2024-10-01,8,Completed
2241,3970,2024-10-01,11,Cancelled
13922,2373,2024-10-01,7,Completed
17842,2309,2024-10-01,2,Completed
19832,3567,2024-10-01,3,Completed
4799,4478,2024-10-01,8,Completed
17428,3344,2024-10-01,3,Completed
5709,1509,2024-10-01,2,Completed
6044,1201,2024-10-01,6,Completed
5632,1281,2024-10-01,10,Completed
19199,4748,2024-10-01,7,Completed
20033,997,2024-10-01,3,Completed
18317,1881,2024-10-01,11,Completed
3120,3451,2024-10-01,9,Completed
18144,1233,2024-10-01,4,Completed
7420,10,2024-10-01,10,Cancelled
22124,1242,2024-10-01,5,Completed
15267,336,2024-10-01,3,Completed
12038,4929,2024-10-01,11,Completed
17251,1925,2024-10-02,8,Completed
8486,2468,2024-10-02,3,Completed
16959,1336,2024-10-02,2,Completed
21473,2822,2024-10-02,6,Cancelled
13338,1448,2024-10-02,7,Completed
7021,781,2024-10-02,8,Cancelled
19529,1999,2024-10-02,7,Completed
5803,3510,2024-10-02,12,Completed
17783,2450,2024-10-02,1,Cancelled
167,350,2024-10-02,1,Completed
18301,1897,2024-10-02,6,Completed
4976,560,2024-10-02,12,Completed
15450,3999,2024-10-02,2,Cancelled
9227,4983,2024-10-02,2,Completed
7635,1376,2024-10-02,1,Completed
11981,3384,2024-10-02,11,Completed
14870,339,2024-10-02,12,Completed
22787,274,2024-10-02,10,Completed
15593,4173,2024-10-02,12,Completed
11882,2532,2024-10-03,8,Completed
5353,938,2024-10-03,12,Completed
5369,825,2024-10-03,3,Cancelled
22778,3959,2024-10-03,7,Cancelled
4103,4683,2024-10-03,3,Completed
22827,1900,2024-10-03,12,Completed
854,423,2024-10-03,2,Cancelled
1736,1891,2024-10-03,1,Completed
18345,4353,2024-10-03,10,Completed
12201,2839,2024-10-03,11,Completed
5657,3976,2024-10-03,4,Cancelled
24654,627,2024-10-03,11,Completed
2021,748,2024-10-03,1,Completed
13385,2251,2024-10-03,9,Cancelled
914,467,2024-10-03,12,Completed
21102,3944,2024-10-03,5,Completed
9754,3960,2024-10-03,4,Completed
1013,2457,2024-10-03,10,Completed
16471,2255,2024-10-03,7,Completed
5243,3266,2024-10-03,2,Completed
22147,4479,2024-10-03,2,Completed
11399,508,2024-10-03,8,Completed
2101,2076,2024-10-03,1,Completed
22487,1596,2024-10-03,7,Completed
6294,3352,2024-10-03,1,Completed
24962,2945,2024-10-03,3,Completed
6973,1949,2024-10-04,5,Completed
123,4440,2024-10-04,8,Completed
11251,1456,2024-10-04,5,Completed
23597,825,2024-10-04,3,Completed
1410,2107,2024-10-04,6,Cancelled
24000,2472,2024-10-04,12,Completed
14969,2562,2024-10-04,12,Completed
3518,261,2024-10-04,8,Cancelled
9302,1229,2024-10-04,10,Cancelled
24309,2880,2024-10-04,6,Completed
15856,1593,2024-10-04,8,Completed
23970,512,2024-10-04,1,Completed
8845,367,2024-10-04,8,Completed
24317,2243,2024-10-04,4,Completed
13499,327,2024-10-04,10,Cancelled
23006,4910,2024-10-04,12,Completed
24728,2756,2024-10-04,1,Cancelled
4805,2517,2024-10-04,10,Completed
10107,2530,2024-10-04,2,Completed
17373,2125,2024-10-04,2,Cancelled
21072,2163,2024-10-04,10,Cancelled
21506,1475,2024-10-04,7,Completed
382,3656,2024-10-04,12,Completed
21079,3211,2024-10-04,1,Completed
21741,2854,2024-10-05,7,Completed
2193,389,2024-10-05,1,Completed
9976,2763,2024-10-05,7,Completed
20681,247,2024-10-05,4,Completed
5015,4030,2024-10-05,7,Completed
23909,4329,2024-10-05,3,Completed
3999,3985,2024-10-05,6,Completed
24890,4675,2024-10-05,1,Completed
7863,3436,2024-10-05,2,Completed
8522,442,2024-10-05,2,Completed
19843,1210,2024-10-05,9,Completed
18340,3353,2024-10-05,4,Completed
10236,4626,2024-10-05,3,Completed
5765,4546,2024-10-05,1,Completed
17887,172,2024-10-05,3,Completed
17205,3,2024-10-05,8,Completed
20565,2148,2024-10-05,11,Completed
17729,1635,2024-10-05,5,Completed
21144,3277,2024-10-05,4,Completed
17433,3128,2024-10-05,10,Completed
22327,3885,2024-10-05,11,Completed
14198,3839,2024-10-05,6,Completed
3080,4470,2024-10-06,2,Completed
19444,1821,2024-10-06,6,Completed
22139,3243,2024-10-06,3,Completed
21863,3035,2024-10-06,3,Cancelled
3835,711,2024-10-06,5,Cancelled
24259,2357,2024-10-06,6,Completed
13946,2848,2024-10-06,3,Completed
17463,3071,2024-10-06,8,Completed
18129,4862,2024-10-06,11,Completed
11709,3123,2024-10-06,2,Completed
12106,4964,2024-10-06,10,Completed
1010,1762,2024-10-06,2,Completed
5358,3098,2024-10-06,6,Completed
17418,4556,2024-10-06,1,Cancelled
15550,714,2024-10-06,3,Completed
271,2409,2024-10-06,6,Completed
10099,498,2024-10-06,8,Completed
8567,3391,2024-10-06,4,Completed
22769,991,2024-10-06,2,Cancelled
860,506,2024-10-06,5,Completed
21528,1590,2024-10-06,12,Completed
19235,997,2024-10-06,3,Completed
7401,887,2024-10-06,5,Cancelled
14142,1506,2024-10-06,12,Completed
24599,538,2024-10-07,2,Completed
17168,2628,2024-10-07,11,Completed
5467,1678,2024-10-07,11,Completed
7213,4266,2024-10-07,4,Cancelled
8593,4125,2024-10-07,4,Completed
5546,4967,2024-10-07,1,Completed
13148,1697,2024-10-07,6,Cancelled
17120,2549,2024-10-07,8,Cancelled
5234,3056,2024-10-07,1,Completed
4173,875,2024-10-07,7,Completed
6900,2877,2024-10-07,2,Completed
6432,1380,2024-10-07,11,Completed
21873,551,2024-10-07,12,Completed
12325,3273,2024-10-07,4,Completed
10924,2371,2024-10-07,12,Completed
23777,1940,2024-10-07,1,Completed
3144,1718,2024-10-07,2,Completed
23631,2324,2024-10-07,8,Cancelled
19978,360,2024-10-07,5,Completed
6332,326,2024-10-07,2,Completed
5537,3162,2024-10-07,12,Completed
2862,4593,2024-10-07,2,Completed
24270,807,2024-10-07,1,Completed
13286,1118,2024-10-07,9,Completed
1950,550,2024-10-07,7,Completed
1490,1203,2024-10-07,3,Completed
19812,3771,2024-10-08,3,Completed
456,2790,2024-10-08,2,Completed
14048,2309,2024-10-08,2,Completed
20876,1804,2024-10-08,2,Completed
20060,644,2024-10-08,8,Completed
23223,4805,2024-10-08,4,Completed
19403,1332,2024-10-08,6,Completed
22894,3103,2024-10-08,11,Completed
14160,4731,2024-10-08,12,Cancelled
2589,1998,2024-10-08,9,Completed
6862,4117,2024-10-08,4,Cancelled
13126,1299,2024-10-08,4,Completed
5953,2436,2024-10-08,1,Completed
3870,1124,2024-10-08,11,Completed
6727,1084,2024-10-08,7,Completed
22854,4013,2024-10-08,12,Completed
21548,4246,2024-10-08,9,Completed
2414,503,2024-10-08,6,Completed
13227,4399,2024-10-08,12,Completed
15353,1801,2024-10-08,7,Completed
10608,606,2024-10-08,3,Completed
3477,448,2024-10-08,11,Completed
5762,1851,2024-10-09,2,Completed
11872,1653,2024-10-09,7,Cancelled
5497,4155,2024-10-09,7,Completed
12200,4563,2024-10-09,8,Completed
7911,1853,2024-10-09,1,Cancelled
16869,1976,2024-10-09,12,Completed
7637,1043,2024-10-09,4,Completed
1883,3365,2024-10-09,3,Completed
23261,588,2024-10-09,1,Completed
19923,2819,2024-10-09,6,Completed
3066,4714,2024-10-09,2,Completed
7836,1450,2024-10-09,2,Completed
8511,316,2024-10-09,12,Completed
18012,1726,2024-10-09,10,Completed
16368,4242,2024-10-09,4,Completed
10610,1443,2024-10-09,9,Completed
13993,4499,2024-10-09,3,Completed
5648,1282,2024-10-10,11,Completed
22622,2506,2024-10-10,8,Completed
9898,5,2024-10-10,7,Cancelled
6088,137,2024-10-10,11,Completed
12020,2724,2024-10-10,12,Completed
5778,1440,2024-10-10,1,Completed
8676,3293,2024-10-10,8,Cancelled
10435,4694,2024-10-10,1,Completed
14091,3649,2024-10-10,7,Completed
2929,1228,2024-10-10,11,Completed
5333,2795,2024-10-10,9,Cancelled
19819,2772,2024-10-10,8,Completed
13310,2302,2024-10-10,3,Completed
6262,4953,2024-10-10,7,Completed
17220,934,2024-10-10,7,Cancelled
7891,2781,2024-10-10,10,Completed
20722,2525,2024-10-10,2,Completed
9960,989,2024-10-10,4,Completed
2252,2530,2024-10-10,2,Completed
22967,906,2024-10-10,2,Completed
13038,1766,2024-10-10,9,Completed
12592,2538,2024-10-10,5,Completed
4046,3487,2024-10-10,6,Cancelled
3973,1389,2024-10-11,2,Completed
6714,2172,2024-10-11,1,Completed
16792,990,2024-10-11,7,Completed
5051,3482,2024-10-11,12,Completed
14469,1713,2024-10-11,8,Completed
19849,1034,2024-10-11,2,Completed
12373,2094,2024-10-11,6,Cancelled
19561,4338,2024-10-11,10,Completed
16292,3396,2024-10-11,3,Completed
16047,4472,2024-10-11,6,Completed
7270,665,2024-10-11,12,Completed
14704,687,2024-10-11,3,Cancelled
7755,1097,2024-10-11,11,Completed
20417,855,2024-10-11,3,Cancelled
7483,4931,2024-10-11,9,Completed
5223,2991,2024-10-11,3,Completed
19562,4419,2024-10-11,1,Completed
20225,3167,2024-10-11,7,Completed
10770,1406,2024-10-11,11,Completed
5155,1852,2024-10-11,7,Completed
1402,4773,2024-10-11,10,Cancelled
21454,3874,2024-10-11,11,Cancelled
7862,3870,2024-10-11,6,Completed
11947,2923,2024-10-11,10,Completed
14858,2349,2024-10-11,7,Completed
6635,1596,2024-10-11,7,Completed
16219,2851,2024-10-11,3,Completed
10813,3880,2024-10-11,7,Completed
6328,2095,2024-10-11,4,Completed
10420,138,2024-10-11,3,Completed
16127,3952,2024-10-12,10,Completed
9203,4966,2024-10-12,1,Completed
22310,1915,2024-10-12,11,Completed
5640,2323,2024-10-12,3,Cancelled
16158,2300,2024-10-12,10,Completed
964,1298,2024-10-12,8,Completed
14296,1539,2024-10-12,1,Completed
8684,4418,2024-10-12,6,Completed
17242,242,2024-10-12,7,Completed
3411,2864,2024-10-12,2,Completed
21249,3289,2024-10-12,2,Completed
12259,116,2024-10-12,6,Completed
2519,3384,2024-10-12,11,Completed
3309,1747,2024-10-12,1,Completed
9915,2885,2024-10-12,6,Completed
18942,373,2024-10-12,2,Completed
20709,4395,2024-10-12,10,Completed
19181,4948,2024-10-12,4,Cancelled
1381,1272,2024-10-12,3,Completed
21787,4035,2024-10-12,11,Completed
244,2027,2024-10-12,3,Cancelled
24149,4580,2024-10-13,11,Completed
15084,4524,2024-10-13,4,Cancelled
10110,4799,2024-10-13,5,Completed
17510,1719,2024-10-13,2,Completed
1161,365,2024-10-13,10,Completed
11353,4880,2024-10-13,1,Cancelled
20191,4704,2024-10-13,7,Completed
5617,4805,2024-10-13,4,Cancelled
8177,2795,2024-10-13,9,Completed
9786,4785,2024-10-13,1,Completed
18132,4256,2024-10-13,10,Completed
5592,494,2024-10-13,7,Completed
9768,3190,2024-10-13,12,Completed
2615,2050,2024-10-13,10,Completed
20446,4323,2024-10-13,11,Completed
20477,1874,2024-10-13,6,Completed
2423,4223,2024-10-13,4,Cancelled
1435,2596,2024-10-13,9,Completed
20588,4844,2024-10-13,2,Completed
18068,3340,2024-10-14,4,Completed
1750,1262,2024-10-14,1,Completed
2301,616,2024-10-14,1,Cancelled
4761,1200,2024-10-14,8,Cancelled
14823,947,2024-10-14,12,Completed
10017,1943,2024-10-14,10,Completed
5347,4284,2024-10-14,7,Completed
23024,662,2024-10-14,3,Cancelled
9558,867,2024-10-14,8,Completed
13214,1244,2024-10-14,2,Completed
18291,1181,2024-10-14,12,Completed
10639,1625,2024-10-14,11,Cancelled
16525,4440,2024-10-14,8,Completed
14566,3934,2024-10-14,7,Completed
7465,2849,2024-10-15,9,Completed
924,4710,2024-10-15,3,Completed
5130,3300,2024-10-15,12,Completed
17347,4179,2024-10-15,11,Completed
18082,3012,2024-10-15,4,Completed
8790,3618,2024-10-15,3,Completed
20692,4212,2024-10-15,10,Completed
20399,819,2024-10-15,3,Completed
5539,1357,2024-10-15,1,Completed
16304,4453,2024-10-15,9,Completed
20422,1307,2024-10-15,8,Completed
14311,488,2024-10-15,5,Completed
13798,345,2024-10-15,7,Cancelled
7788,3199,2024-10-15,7,Completed
17032,14,2024-10-15,4,Completed
7541,4720,2024-10-15,10,Completed
11419,4642,2024-10-15,11,Completed
19195,4506,2024-10-15,2,Completed
4675,4968,2024-10-16,12,Completed
20070,157,2024-10-16,8,Cancelled
23448,2588,2024-10-16,4,Completed
19996,2917,2024-10-16,4,Completed
5345,2466,2024-10-16,1,Completed
18943,1207,2024-10-16,6,Completed
4902,3374,2024-10-16,4,Completed
6909,4399,2024-10-16,12,Completed
16989,3885,2024-10-16,11,Cancelled
12480,3030,2024-10-16,5,Completed
22934,238,2024-10-16,10,Cancelled
20667,2606,2024-10-16,11,Completed
5321,2176,2024-10-16,10,Completed
3767,1047,2024-10-16,4,Completed
11549,4917,2024-10-16,12,Completed
507,3252,2024-10-16,5,Completed
106,1502,2024-10-16,1,Completed
11284,2038,2024-10-16,6,Completed
2694,2609,2024-10-16,6,Completed
23752,248,2024-10-16,10,Completed
16406,4344,2024-10-16,1,Cancelled
6874,4123,2024-10-16,1,Completed
24012,3607,2024-10-16,7,Completed
2511,7,2024-10-17,1,Completed
15788,2239,2024-10-17,12,Completed
19263,4924,2024-10-17,5,Cancelled
1721,202,2024-10-17,7,Cancelled
7172,3898,2024-10-17,8,Cancelled
11939,4248,2024-10-17,11,Completed
14980,1765,2024-10-17,1,Completed
19962,3759,2024-10-17,2,Completed
23175,916,2024-10-17,2,Completed
23435,4414,2024-10-17,7,Cancelled
8218,2475,2024-10-17,7,Cancelled
22286,1362,2024-10-17,1,Cancelled
7676,2785,2024-10-17,3,Cancelled
23876,4708,2024-10-17,2,Completed
5414,1152,2024-10-17,2,Completed
8970,3976,2024-10-17,4,Completed
14886,3566,2024-10-17,4,Completed
21849,2069,2024-10-17,11,Completed
12918,1855,2024-10-17,3,Cancelled
14961,4768,2024-10-17,9,Cancelled
10084,2456,2024-10-17,5,Completed
14121,4985,2024-10-17,9,Completed
17525,1741,2024-10-17,8,Completed
11862,882,2024-10-17,1,Completed
24028,3316,2024-10-17,12,Completed
110,639,2024-10-17,12,Cancelled
20683,1250,2024-10-17,2,Completed
6933,1553,2024-10-18,2,Completed
19244,991,2024-10-18,2,Cancelled
6061,4801,2024-10-18,4,Completed
1683,628,2024-10-18,9,Completed
4166,3973,2024-10-18,2,Completed
22651,2141,2024-10-18,2,Cancelled
2154,2489,2024-10-18,8,Completed
4836,4761,2024-10-18,1,Completed
3178,1204,2024-10-18,8,Completed
14539,4465,2024-10-18,2,Completed
14561,1998,2024-10-18,9,Completed
7018,3439,2024-10-18,2,Completed
10349,3265,2024-10-18,5,Completed
66,2124,2024-10-18,3,Cancelled
5694,3611,2024-10-18,3,Completed
12242,2896,2024-10-18,11,Cancelled
24788,2337,2024-10-18,12,Completed
1913,3986,2024-10-18,2,Cancelled
17229,563,2024-10-18,12,Completed
848,818,2024-10-18,2,Completed
5797,2777,2024-10-18,12,Completed
5927,4386,2024-10-18,6,Completed
5108,4477,2024-10-18,1,Completed
1492,4263,2024-10-18,5,Completed
10287,400,2024-10-18,12,Completed
13560,844,2024-10-18,4,Completed
15670,2759,2024-10-18,2,Cancelled
3241,1748,2024-10-18,2,Completed
11070,1788,2024-10-19,7,Completed
3222,538,2024-10-19,2,Completed
17509,1867,2024-10-19,12,Completed
19568,4567,2024-10-19,2,Completed
21569,3497,2024-10-19,6,Cancelled
22790,4147,2024-10-19,8,Completed
10753,74,2024-10-19,6,Completed
22367,1255,2024-10-19,11,Completed
15243,2512,2024-10-19,8,Cancelled
8066,1673,2024-10-19,2,Completed
20196,2239,2024-10-19,12,Completed
11231,1934,2024-10-19,4,Completed
8494,308,2024-10-19,1,Completed
2699,2700,2024-10-19,6,Cancelled
14719,3607,2024-10-19,7,Completed
23014,830,2024-10-19,12,Completed
2436,3867,2024-10-19,8,Completed
15406,578,2024-10-19,12,Completed
1107,4306,2024-10-19,9,Completed
10805,4527,2024-10-20,11,Completed
7612,1818,2024-10-20,7,Completed
13440,241,2024-10-20,9,Completed
256,2369,2024-10-20,10,Completed
4282,462,2024-10-20,2,Completed
12851,4773,2024-10-20,10,Completed
11091,4415,2024-10-20,2,Cancelled
12078,2424,2024-10-20,3,Completed
20993,1375,2024-10-20,6,Cancelled
24473,1254,2024-10-20,12,Completed
4840,1556,2024-10-20,5,Completed
15923,4484,2024-10-20,11,Cancelled
13146,1688,2024-10-20,1,Completed
21641,3577,2024-10-20,8,Completed
11174,2993,2024-10-20,10,Completed
6472,1697,2024-10-20,6,Completed
15071,3176,2024-10-20,2,Completed
17949,2060,2024-10-20,1,Completed
12225,1327,2024-10-20,10,Completed
9880,4464,2024-10-20,1,Completed
10427,3340,2024-10-20,4,Completed
5144,2946,2024-10-20,10,Cancelled
17747,4877,2024-10-21,3,Completed
5772,800,2024-10-21,3,Cancelled
17568,158,2024-10-21,3,Cancelled
1311,3392,2024-10-21,2,Completed
22772,378,2024-10-21,4,Completed
10647,3396,2024-10-21,3,Completed
10673,3142,2024-10-21,5,Completed
20140,1962,2024-10-21,2,Completed
13190,2749,2024-10-21,11,Completed
17078,2072,2024-10-21,5,Cancelled
19875,4145,2024-10-21,7,Completed
9704,3394,2024-10-21,12,Completed
7175,2431,2024-10-21,10,Completed
11974,2238,2024-10-21,1,Cancelled
21227,3626,2024-10-21,1,Completed
21547,4293,2024-10-21,5,Completed
9888,4921,2024-10-21,2,Completed
24305,2889,2024-10-21,1,Completed
13432,3298,2024-10-21,12,Completed
16549,2776,2024-10-21,7,Completed
21673,1029,2024-10-21,1,Completed
10130,4657,2024-10-21,5,Cancelled
10778,1202,2024-10-21,4,Completed
11004,4277,2024-10-22,2,Cancelled
17753,1701,2024-10-22,5,Cancelled
762,4492,2024-10-22,3,Completed
5205,4164,2024-10-22,1,Cancelled
1195,1247,2024-10-22,3,Cancelled
11630,1190,2024-10-22,12,Completed
23459,237,2024-10-22,7,Completed
20096,4963,2024-10-22,3,Completed
3888,2587,2024-10-22,11,Cancelled
22245,1068,2024-10-22,3,Completed
10439,4181,2024-10-22,2,Completed
13359,3507,2024-10-22,11,Cancelled
5179,3398,2024-10-22,1,Completed
4928,2224,2024-10-22,10,Completed
2593,2919,2024-10-22,1,Completed
13972,3864,2024-10-22,10,Completed
4088,3983,2024-10-22,5,Cancelled
10019,4075,2024-10-22,5,Completed
13413,2673,2024-10-22,3,Completed
13943,2724,2024-10-22,12,Completed
12973,4762,2024-10-22,6,Cancelled
8217,914,2024-10-22,11,Completed
11346,509,2024-10-23,8,Completed
24748,3245,2024-10-23,7,Completed
8898,590,2024-10-23,2,Completed
5160,676,2024-10-23,2,Completed
9887,2239,2024-10-23,12,Completed
6660,2645,2024-10-23,3,Completed
8384,464,2024-10-23,1,Cancelled
22639,2909,2024-10-23,11,Completed
17821,326,2024-10-23,2,Completed
8860,375,2024-10-23,4,Completed
14373,4002,2024-10-23,11,Cancelled
7935,498,2024-10-23,8,Completed
5877,1262,2024-10-23,1,Completed
15654,4110,2024-10-23,11,Completed
12600,2569,2024-10-23,6,Completed
11128,1211,2024-10-23,4,Cancelled
2121,98,2024-10-23,1,Completed
17348,92,2024-10-23,12,Completed
10688,3389,2024-10-23,12,Completed
24400,1513,2024-10-23,7,Completed
510,4508,2024-10-23,11,Cancelled
7492,3915,2024-10-23,4,Completed
2938,1590,2024-10-23,12,Completed
1588,3316,2024-10-23,12,Completed
16945,1879,2024-10-23,12,Completed
14405,1333,2024-10-24,4,Completed
17358,3251,2024-10-24,7,Completed
6352,4609,2024-10-24,11,Completed
5690,3053,2024-10-24,12,Cancelled
13584,3696,2024-10-24,12,Completed
1563,699,2024-10-24,6,Completed
7657,3007,2024-10-24,6,Completed
7470,3447,2024-10-24,1,Completed
2752,1092,2024-10-24,6,Completed
18841,4349,2024-10-24,3,Completed
23603,1328,2024-10-24,12,Completed
24279,2155,2024-10-24,9,Completed
11136,546,2024-10-24,3,Cancelled
21082,2219,2024-10-24,2,Cancelled
10262,3050,2024-10-24,5,Completed
15950,4265,2024-10-24,9,Completed
10327,2678,2024-10-24,2,Completed
19253,4442,2024-10-24,1,Completed
8140,2066,2024-10-24,9,Completed
15795,1307,2024-10-24,8,Completed
16494,2016,2024-10-24,7,Completed
7937,442,2024-10-24,2,Completed
5221,420,2024-10-24,4,Cancelled
4509,3725,2024-10-24,3,Completed
21346,1416,2024-10-24,6,Cancelled
22326,2843,2024-10-24,6,Cancelled
5374,563,2024-10-25,12,Cancelled
11253,321,2024-10-25,9,Completed
23718,2985,2024-10-25,1,Completed
9701,315,2024-10-25,12,Completed
8745,2641,2024-10-25,11,Completed
1147,4752,2024-10-25,9,Completed
19636,761,2024-10-25,11,Completed
18196,1409,2024-10-25,6,Completed
13232,2698,2024-10-25,6,Completed
11860,2661,2024-10-25,7,Completed
2963,3702,2024-10-25,3,Completed
23033,3196,2024-10-25,1,Cancelled
521,1323,2024-10-25,12,Completed
19455,3056,2024-10-25,1,Completed
11898,4974,2024-10-25,9,Completed
2857,23,2024-10-25,4,Completed
10200,2990,2024-10-25,7,Cancelled
22509,1167,2024-10-25,11,Completed
18879,525,2024-10-26,2,Completed
9103,3310,2024-10-26,3,Completed
21126,358,2024-10-26,3,Completed
4999,3852,2024-10-26,1,Completed
10766,4782,2024-10-26,7,Cancelled
15056,1672,2024-10-26,8,Completed
12795,4982,2024-10-26,6,Cancelled
23381,648,2024-10-26,1,Completed
13419,1855,2024-10-26,3,Completed
8546,4368,2024-10-26,8,Completed
3641,3396,2024-10-26,3,Completed
4138,652,2024-10-26,2,Completed
21959,2496,2024-10-26,2,Completed
22107,1846,2024-10-26,12,Completed
15262,3552,2024-10-26,2,Completed
15373,1377,2024-10-26,3,Completed
5992,1819,2024-10-26,11,Completed
19186,4400,2024-10-26,3,Completed
3366,4423,2024-10-26,4,Completed
10552,3407,2024-10-27,11,Cancelled
20737,3529,2024-10-27,1,Cancelled
17065,365,2024-10-27,10,Completed
22813,3466,2024-10-27,3,Completed
20914,4581,2024-10-27,11,Completed
24079,1728,2024-10-27,1,Completed
3213,617,2024-10-27,1,Completed
18550,76,2024-10-27,12,Completed
3225,4898,2024-10-27,10,Cancelled
8995,4310,2024-10-27,4,Completed
1931,566,2024-10-27,9,Completed
23163,3637,2024-10-27,3,Completed
20051,4048,2024-10-27,12,Completed
23279,4477,2024-10-27,1,Completed
6081,4167,2024-10-27,3,Completed
15703,2979,2024-10-27,10,Completed
3227,3830,2024-10-27,11,Completed
3531,1108,2024-10-27,5,Completed
6313,539,2024-10-27,3,Completed
3688,1957,2024-10-27,10,Completed
7168,541,2024-10-27,6,Completed
21544,1963,2024-10-27,7,Completed
4155,154,2024-10-27,8,Completed
13099,2435,2024-10-27,2,Completed
1802,1930,2024-10-27,1,Completed
14990,261,2024-10-27,8,Completed
7428,4868,2024-10-27,1,Completed
23118,4246,2024-10-27,9,Cancelled
16575,4952,2024-10-28,11,Completed
24719,1760,2024-10-28,6,Completed
13249,4928,2024-10-28,1,Completed
12554,303,2024-10-28,5,Cancelled
6445,1920,2024-10-28,2,Completed
4516,4774,2024-10-28,1,Completed
8589,1189,2024-10-28,1,Completed
6793,2979,2024-10-28,10,Completed
8926,1817,2024-10-28,12,Completed
21519,1175,2024-10-28,6,Cancelled
12623,2144,2024-10-28,6,Completed
13936,2585,2024-10-28,3,Completed
16985,1086,2024-10-28,1,Completed
3723,2061,2024-10-28,4,Completed
13714,3042,2024-10-28,1,Completed
6656,1779,2024-10-28,11,Completed
24759,2885,2024-10-28,6,Completed
16265,1487,2024-10-28,6,Completed
14533,2916,2024-10-28,1,Completed
9143,4825,2024-10-28,2,Completed
21452,2768,2024-10-28,11,Completed
6300,128,2024-10-28,2,Completed
12041,2070,2024-10-28,4,Completed
13879,1265,2024-10-28,2,Completed
232,94,2024-10-28,3,Completed
16359,3596,2024-10-28,10,Completed
7845,1029,2024-10-28,1,Completed
22865,96,2024-10-28,2,Completed
19710,3071,2024-10-28,8,Completed
8296,391,2024-10-28,10,Completed
20490,2285,2024-10-29,5,Completed
1232,4195,2024-10-29,1,Completed
5448,2237,2024-10-29,2,Completed
14745,3704,2024-10-29,2,Completed
3617,4977,2024-10-29,12,Completed
20723,1721,2024-10-29,3,Completed
16208,3901,2024-10-29,8,Completed
2167,3520,2024-10-29,3,Completed
16013,3251,2024-10-29,7,Cancelled
2045,3252,2024-10-29,5,Completed
14861,3977,2024-10-29,1,Completed
18814,3175,2024-10-29,5,Completed
6413,1762,2024-10-29,2,Cancelled
6087,452,2024-10-29,6,Completed
22805,755,2024-10-29,12,Completed
22072,4410,2024-10-29,3,Completed
10016,2126,2024-10-29,7,Completed
6904,4246,2024-10-29,9,Completed
12046,1975,2024-10-30,6,Completed
18580,467,2024-10-30,12,Completed
14807,4612,2024-10-30,12,Cancelled
6595,4640,2024-10-30,9,Completed
24046,144,2024-10-30,2,Cancelled
1306,3515,2024-10-30,12,Completed
1926,3758,2024-10-30,6,Completed
19154,284,2024-10-30,9,Completed
11372,3925,2024-10-30,12,Cancelled
19331,4572,2024-10-30,5,Completed
21066,2006,2024-10-30,9,Completed
14558,777,2024-10-30,3,Completed
6599,4981,2024-10-30,4,Completed
16217,1692,2024-10-30,11,Completed
785,4195,2024-10-30,1,Completed
23939,49,2024-10-30,1,Completed
7458,3295,2024-10-30,12,Completed
965,2835,2024-10-30,12,Cancelled
22845,3075,2024-10-30,11,Completed
19947,1315,2024-10-30,3,Completed
21687,229,2024-10-30,6,Completed
5965,2672,2024-10-30,10,Completed
11907,416,2024-10-30,8,Completed
5463,3180,2024-10-30,10,Cancelled
187,618,2024-10-30,1,Completed
9059,1891,2024-10-30,1,Completed
3478,1260,2024-10-30,12,Completed
15600,4442,2024-10-30,1,Completed
15350,2976,2024-10-30,11,Completed
2697,2762,2024-10-30,1,Cancelled
13135,1613,2024-10-30,10,Completed
14714,3135,2024-10-30,12,Completed
11056,1981,2024-10-30,1,Completed
1386,3400,2024-10-30,7,Cancelled
12575,1653,2024-10-30,7,Completed
9449,4797,2024-10-30,5,Completed
16515,3413,2024-10-30,2,Completed
2682,261,2024-10-31,8,Cancelled
739,1250,2024-10-31,2,Completed
16270,971,2024-10-31,3,Completed
22368,1102,2024-10-31,4,Completed
16072,255,2024-10-31,10,Completed
14118,1853,2024-10-31,1,Completed
18056,114,2024-10-31,6,Cancelled
16393,4424,2024-10-31,3,Completed
20544,4681,2024-10-31,7,Cancelled
12077,2338,2024-10-31,6,Completed
8024,3595,2024-10-31,3,Completed
17276,2230,2024-10-31,9,Cancelled
5967,2748,2024-10-31,8,Completed
11127,3134,2024-10-31,8,Cancelled
6097,3719,2024-10-31,10,Completed
17058,3432,2024-10-31,3,Completed
23022,3335,2024-10-31,5,Cancelled
1507,59,2024-10-31,6,Completed
948,3033,2024-10-31,1,Cancelled
19330,85,2024-10-31,3,Completed
2864,1397,2024-10-31,3,Completed
8211,3848,2024-10-31,8,Cancelled
9908,204,2024-10-31,1,Completed
8955,3092,2024-10-31,5,Cancelled
7592,650,2024-11-01,12,Cancelled
7811,316,2024-11-01,12,Completed
2517,4168,2024-11-01,4,Completed
2268,2777,2024-11-01,12,Completed
20619,1683,2024-11-01,7,Completed
23115,1018,2024-11-01,7,Completed
7006,4805,2024-11-01,4,Completed
2585,1013,2024-11-01,4,Completed
3910,503,2024-11-01,6,Completed
5240,4715,2024-11-01,11,Completed
9368,1839,2024-11-02,10,Completed
19486,2467,2024-11-02,3,Cancelled
17741,4922,2024-11-02,6,Completed
15095,2649,2024-11-02,3,Completed
1186,2990,2024-11-02,7,Completed
19459,2402,2024-11-02,11,Completed
1357,2777,2024-11-02,12,Completed
19228,372,2024-11-02,1,Completed
5980,1044,2024-11-02,3,Completed
20908,4321,2024-11-02,12,Completed
23269,1737,2024-11-02,7,Cancelled
22328,1630,2024-11-02,12,Completed
2213,955,2024-11-02,1,Completed
13130,4197,2024-11-02,8,Completed
23684,1776,2024-11-02,1,Completed
12034,3488,2024-11-02,2,Completed
17432,2010,2024-11-02,8,Completed
5079,3007,2024-11-02,6,Cancelled
22092,4465,2024-11-02,2,Cancelled
4642,1479,2024-11-02,9,Completed
20791,654,2024-11-02,10,Completed
4752,4343,2024-11-02,3,Completed
18468,1520,2024-11-02,3,Completed
3813,4277,2024-11-03,2,Completed
2509,4698,2024-11-03,3,Completed
8427,3566,2024-11-03,4,Completed
11680,1909,2024-11-03,10,Completed
22381,4627,2024-11-03,6,Completed
17737,4172,2024-11-03,10,Completed
10611,3206,2024-11-03,7,Completed
2735,2451,2024-11-03,11,Cancelled
23324,461,2024-11-03,3,Completed
5291,4720,2024-11-03,10,Completed
20067,192,2024-11-03,6,Completed
6105,1812,2024-11-03,4,Completed
20283,2144,2024-11-03,6,Cancelled
4442,4971,2024-11-03,11,Completed
23373,1671,2024-11-03,2,Cancelled
5730,1519,2024-11-03,3,Completed
20775,2003,2024-11-03,1,Completed
4550,3671,2024-11-03,3,Completed
21983,613,2024-11-03,11,Completed
3997,1731,2024-11-03,2,Completed
9863,1119,2024-11-03,7,Cancelled
636,4604,2024-11-03,1,Completed
21736,3319,2024-11-03,3,Completed
3345,3727,2024-11-04,9,Cancelled
4308,4870,2024-11-04,11,Completed
21230,577,2024-11-04,11,Completed
19473,1682,2024-11-04,3,Completed
628,1899,2024-11-04,9,Completed
15126,3495,2024-11-04,7,Completed
1564,4626,2024-11-04,3,Completed
19516,123,2024-11-04,10,Completed
22552,4711,2024-11-04,10,Completed
7203,3941,2024-11-04,1,Completed
22635,182,2024-11-04,9,Completed
20776,2913,2024-11-04,3,Cancelled
14508,1846,2024-11-04,12,Completed
10825,2155,2024-11-04,9,Completed
9050,4932,2024-11-04,7,Completed
23601,1573,2024-11-04,4,Completed
2251,3467,2024-11-04,1,Cancelled
4873,3408,2024-11-04,3,Completed
18371,4323,2024-11-04,11,Completed
23323,4780,2024-11-04,4,Completed
9011,2235,2024-11-04,3,Completed
9420,268,2024-11-04,4,Completed
7745,1577,2024-11-04,8,Completed
10748,370,2024-11-04,4,Completed
7512,2217,2024-11-04,11,Completed
15802,3619,2024-11-04,1,Cancelled
15609,335,2024-11-04,6,Completed
20727,615,2024-11-05,1,Completed
21158,1260,2024-11-05,12,Completed
21261,4188,2024-11-05,5,Cancelled
2358,2794,2024-11-05,2,Completed
18200,2047,2024-11-05,8,Completed
8959,3507,2024-11-05,11,Completed
8093,2460,2024-11-05,12,Completed
6487,2885,2024-11-05,6,Completed
21744,2124,2024-11-05,3,Completed
22503,1883,2024-11-05,6,Completed
10714,2379,2024-11-05,1,Completed
3754,4923,2024-11-05,3,Completed
11775,4512,2024-11-05,8,Completed
24629,2245,2024-11-05,12,Cancelled
21747,893,2024-11-05,12,Cancelled
20050,764,2024-11-05,6,Completed
1865,3743,2024-11-05,12,Completed
3471,3126,2024-11-05,4,Completed
2799,2470,2024-11-05,7,Completed
23447,2883,2024-11-05,6,Completed
12357,3024,2024-11-05,6,Cancelled
7074,3908,2024-11-05,1,Completed
7400,1441,2024-11-05,4,Cancelled
1664,4125,2024-11-05,4,Completed
9902,4116,2024-11-05,3,Completed
6338,4870,2024-11-05,11,Completed
9955,2413,2024-11-05,3,Cancelled
7820,4257,2024-11-05,2,Completed
14488,14,2024-11-05,4,Completed
12104,4652,2024-11-05,12,Completed
15516,4519,2024-11-06,8,Cancelled
6554,3719,2024-11-06,10,Completed
2230,2562,2024-11-06,12,Completed
16243,4672,2024-11-06,1,Completed
15971,2251,2024-11-06,9,Completed
7033,397,2024-11-06,6,Completed
21773,141,2024-11-06,11,Cancelled
21460,3732,2024-11-06,10,Completed
5474,3096,2024-11-06,9,Completed
6417,2623,2024-11-06,5,Completed
2876,4782,2024-11-06,7,Completed
3202,4258,2024-11-06,2,Completed
16454,3366,2024-11-06,3,Cancelled
6017,31,2024-11-06,10,Cancelled
23327,866,2024-11-06,1,Completed
24914,3700,2024-11-06,8,Completed
8238,543,2024-11-06,5,Completed
3175,4613,2024-11-06,7,Completed
21586,4165,2024-11-06,10,Completed
2110,2556,2024-11-06,10,Completed
4084,1093,2024-11-06,10,Completed
6207,2576,2024-11-07,2,Completed
6212,2024,2024-11-07,12,Completed
1854,2600,2024-11-07,12,Completed
4833,2033,2024-11-07,11,Completed
24294,3439,2024-11-07,2,Completed
1660,984,2024-11-07,12,Completed
959,1983,2024-11-07,4,Completed
19343,970,2024-11-07,2,Completed
6189,575,2024-11-07,8,Completed
14416,4754,2024-11-07,6,Completed
22489,2715,2024-11-07,7,Completed
14254,1762,2024-11-07,2,Cancelled
24282,1017,2024-11-07,7,Completed
3272,3898,2024-11-07,8,Cancelled
13222,1935,2024-11-07,3,Completed
14925,4458,2024-11-07,10,Completed
22289,798,2024-11-07,6,Completed
15508,75,2024-11-07,7,Completed
15509,1241,2024-11-07,12,Completed
3922,2510,2024-11-07,1,Completed
4022,1154,2024-11-07,10,Cancelled
3067,3255,2024-11-07,12,Completed
23394,4517,2024-11-07,7,Completed
400,1401,2024-11-07,12,Completed
12812,1862,2024-11-07,9,Cancelled
24458,2575,2024-11-08,12,Cancelled
24896,4800,2024-11-08,11,Completed
10667,3063,2024-11-08,3,Completed
6036,1081,2024-11-08,1,Cancelled
16856,2731,2024-11-08,12,Completed
18637,568,2024-11-08,8,Cancelled
12060,1519,2024-11-08,3,Completed
20755,3098,2024-11-08,6,Completed
6910,805,2024-11-08,7,Completed
13881,475,2024-11-08,4,Cancelled
4180,1167,2024-11-08,11,Cancelled
694,828,2024-11-08,1,Completed
3307,3578,2024-11-08,5,Completed
13461,4320,2024-11-08,8,Completed
2532,1112,2024-11-08,10,Completed
12931,3672,2024-11-08,4,Completed
24801,1755,2024-11-08,5,Completed
4111,448,2024-11-08,11,Completed
20021,3181,2024-11-09,1,Completed
7957,639,2024-11-09,12,Completed
22711,908,2024-11-09,12,Completed
20836,607,2024-11-09,5,Completed
21444,3960,2024-11-09,4,Completed
16819,170,2024-11-09,7,Completed
13726,3918,2024-11-09,5,Completed
20990,3441,2024-11-09,1,Completed
7088,1969,2024-11-09,2,Completed
5465,2355,2024-11-09,1,Completed
3280,3398,2024-11-09,1,Completed
18426,2377,2024-11-09,4,Cancelled
20969,1167,2024-11-09,11,Completed
20686,763,2024-11-09,2,Completed
8519,1081,2024-11-09,1,Cancelled
2182,4621,2024-11-09,3,Completed
63,2186,2024-11-09,3,Completed
13256,4538,2024-11-09,1,Completed
15391,2339,2024-11-09,2,Completed
12638,3167,2024-11-09,7,Completed
7107,136,2024-11-09,6,Completed
6386,4264,2024-11-09,6,Completed
12484,1930,2024-11-09,1,Completed
21955,4218,2024-11-09,2,Completed
3890,2179,2024-11-09,4,Completed
21277,3940,2024-11-09,8,Completed
21377,4484,2024-11-09,11,Cancelled
7008,2033,2024-11-09,11,Completed
17038,4810,2024-11-09,2,Completed
5115,3700,2024-11-09,8,Completed
18024,3899,2024-11-09,8,Completed
2872,2479,2024-11-10,10,Completed
13575,1843,2024-11-10,2,Completed
17860,2043,2024-11-10,5,Completed
17338,4223,2024-11-10,4,Cancelled
7452,4934,2024-11-10,3,Completed
10800,3354,2024-11-10,1,Completed
10027,2177,2024-11-10,4,Completed
7717,3727,2024-11-10,9,Completed
9209,164,2024-11-10,11,Completed
24553,4995,2024-11-10,4,Cancelled
1532,4276,2024-11-10,7,Cancelled
18204,989,2024-11-10,4,Completed
17333,4116,2024-11-10,3,Completed
4459,4745,2024-11-10,2,Cancelled
7249,4612,2024-11-10,12,Completed
8122,3354,2024-11-10,1,Completed
1109,130,2024-11-10,12,Completed
11766,4149,2024-11-10,12,Completed
2087,20,2024-11-10,11,Completed
8108,1351,2024-11-10,4,Completed
9301,837,2024-11-10,1,Cancelled
6979,3224,2024-11-10,3,Completed
5996,2624,2024-11-10,5,Completed
12962,1325,2024-11-10,1,Completed
15287,1663,2024-11-10,4,Completed
22944,1998,2024-11-10,9,Completed
23052,1711,2024-11-10,9,Completed
12739,805,2024-11-10,7,Completed
16827,233,2024-11-10,4,Completed
16050,1958,2024-11-11,12,Completed
20674,4617,2024-11-11,4,Completed
1440,1426,2024-11-11,3,Completed
18115,1499,2024-11-11,12,Completed
15000,4871,2024-11-11,4,Completed
14790,497,2024-11-11,8,Completed
23309,950,2024-11-11,6,Cancelled
956,2930,2024-11-11,1,Cancelled
9535,1027,2024-11-11,6,Completed
1483,274,2024-11-11,10,Completed
12088,815,2024-11-11,11,Completed
13757,2625,2024-11-11,3,Completed
16138,339,2024-11-11,12,Completed
7557,4763,2024-11-11,3,Cancelled
15966,1254,2024-11-11,12,Completed
19052,76,2024-11-11,12,Completed
21861,4517,2024-11-11,7,Cancelled
17604,1026,2024-11-11,7,Completed
3350,4648,2024-11-11,9,Completed
17662,2813,2024-11-11,1,Completed
19537,2737,2024-11-11,6,Cancelled
13986,4668,2024-11-11,6,Completed
22495,4114,2024-11-11,4,Completed
15602,4424,2024-11-12,3,Completed
7150,4797,2024-11-12,5,Completed
13102,778,2024-11-12,6,Cancelled
15688,1224,2024-11-12,12,Completed
8453,3996,2024-11-12,2,Completed
15479,1519,2024-11-12,3,Completed
2417,780,2024-11-12,2,Completed
21512,2880,2024-11-12,6,Completed
5578,1860,2024-11-12,10,Completed
11637,3012,2024-11-12,4,Completed
16231,1671,2024-11-12,2,Completed
22952,2869,2024-11-12,5,Completed
1778,4760,2024-11-12,12,Completed
2404,2083,2024-11-12,1,Cancelled
16438,2436,2024-11-12,1,Completed
7160,1372,2024-11-12,10,Completed
19248,4251,2024-11-12,2,Completed
9147,2998,2024-11-12,11,Completed
5676,4694,2024-11-12,1,Completed
1005,4584,2024-11-12,11,Cancelled
21134,167,2024-11-12,10,Completed
2606,3491,2024-11-12,8,Cancelled
12271,3578,2024-11-12,5,Completed
15173,1380,2024-11-12,11,Completed
18955,1414,2024-11-12,3,Completed
9507,2240,2024-11-12,6,Completed
10225,1535,2024-11-12,11,Cancelled
5383,3439,2024-11-12,2,Cancelled
16510,907,2024-11-12,11,Completed
19251,4444,2024-11-12,9,Completed
23871,1044,2024-11-12,3,Completed
11783,1806,2024-11-12,2,Completed
8705,4127,2024-11-12,6,Completed
2790,4569,2024-11-12,2,Completed
19983,831,2024-11-12,1,Completed
11373,4332,2024-11-12,10,Completed
10585,4479,2024-11-12,2,Completed
6409,388,2024-11-13,1,Completed
4179,1940,2024-11-13,1,Completed
11298,4793,2024-11-13,1,Completed
1553,752,2024-11-13,5,Completed
22372,68,2024-11-13,5,Cancelled
23642,74,2024-11-13,6,Completed
505,4071,2024-11-13,7,Completed
4918,1007,2024-11-13,5,Completed
18761,1097,2024-11-13,11,Completed
9928,1295,2024-11-13,10,Cancelled
10923,1021,2024-11-13,11,Cancelled
18742,864,2024-11-13,8,Completed
2215,1876,2024-11-13,9,Completed
2753,4807,2024-11-13,9,Completed
7698,500,2024-11-13,7,Completed
10316,1909,2024-11-13,10,Completed
12813,3983,2024-11-13,5,Cancelled
17805,3873,2024-11-14,2,Completed
20486,4775,2024-11-14,3,Completed
7748,4831,2024-11-14,1,Cancelled
13722,3218,2024-11-14,3,Completed
21016,3169,2024-11-14,8,Completed
15226,2416,2024-11-14,6,Completed
8784,1030,2024-11-14,3,Completed
4868,2019,2024-11-14,6,Completed
13597,2904,2024-11-14,9,Completed
12496,3721,2024-11-14,7,Completed
5935,2785,2024-11-14,3,Cancelled
20628,687,2024-11-14,3,Cancelled
2073,2120,2024-11-14,1,Cancelled
7166,2764,2024-11-14,4,Completed
19585,2108,2024-11-14,11,Completed
14985,4964,2024-11-14,10,Completed
11787,481,2024-11-14,5,Completed
11097,3564,2024-11-14,1,Cancelled
9250,136,2024-11-14,6,Completed
5688,780,2024-11-14,2,Completed
19269,196,2024-11-14,6,Completed
15850,689,2024-11-15,3,Completed
4007,2252,2024-11-15,4,Cancelled
5698,2907,2024-11-15,6,Completed
22940,4953,2024-11-15,7,Completed
11800,714,2024-11-15,3,Completed
1406,968,2024-11-15,1,Completed
9384,966,2024-11-15,1,Cancelled
15890,252,2024-11-15,8,Cancelled
21325,3653,2024-11-15,3,Completed
1418,1113,2024-11-15,4,Completed
16956,1924,2024-11-15,11,Completed
23925,210,2024-11-15,12,Completed
12475,3739,2024-11-15,1,Completed
8785,3929,2024-11-15,5,Completed
333,2159,2024-11-15,1,Completed
6059,790,2024-11-15,2,Completed
6183,1331,2024-11-15,1,Completed
274,4985,2024-11-15,9,Completed
15020,4477,2024-11-16,1,Completed
10938,3574,2024-11-16,2,Completed
4880,2361,2024-11-16,10,Completed
22873,3982,2024-11-16,3,Completed
2008,4450,2024-11-16,4,Completed
14688,3789,2024-11-16,9,Completed
10025,4668,2024-11-16,6,Completed
21293,3285,2024-11-16,8,Completed
21139,4181,2024-11-16,2,Completed
21467,3892,2024-11-16,7,Completed
9171,919,2024-11-16,2,Cancelled
15359,504,2024-11-16,2,Completed
14244,354,2024-11-16,9,Completed
8473,4392,2024-11-16,4,Completed
1748,282,2024-11-16,7,Completed
9654,2041,2024-11-16,10,Completed
16176,4555,2024-11-16,1,Cancelled
12529,195,2024-11-16,7,Completed
23,4571,2024-11-16,12,Completed
6504,1216,2024-11-16,9,Cancelled
24027,684,2024-11-16,1,Cancelled
14270,4067,2024-11-16,6,Completed
8974,2682,2024-11-16,3,Completed
22154,3738,2024-11-16,2,Completed
5055,3563,2024-11-16,6,Completed
18892,1965,2024-11-16,11,Cancelled
22006,3647,2024-11-16,7,Cancelled
15555,3054,2024-11-17,7,Completed
19250,2333,2024-11-17,10,Cancelled
24101,343,2024-11-17,10,Cancelled
14945,2865,2024-11-17,10,Completed
3228,1214,2024-11-17,8,Completed
9595,3383,2024-11-17,8,Cancelled
23297,3252,2024-11-17,5,Completed
19744,1593,2024-11-17,8,Completed
9831,1745,2024-11-17,12,Completed
13030,2596,2024-11-17,9,Completed
4302,2863,2024-11-17,3,Completed
10114,945,2024-11-17,8,Completed
14944,4002,2024-11-17,11,Completed
24906,3857,2024-11-17,11,Completed
18354,5,2024-11-17,7,Completed
23165,7,2024-11-17,1,Cancelled
10187,3107,2024-11-17,3,Completed
13799,3360,2024-11-17,9,Completed
17469,2475,2024-11-17,7,Cancelled
3845,4327,2024-11-17,3,Cancelled
20139,2131,2024-11-17,7,Cancelled
21075,4372,2024-11-17,3,Completed
3418,4259,2024-11-17,1,Completed
10042,3980,2024-11-17,4,Completed
7678,2817,2024-11-17,6,Completed
23483,4323,2024-11-17,11,Completed
19949,1481,2024-11-17,1,Completed
22049,4596,2024-11-17,1,Completed
12921,2777,2024-11-18,12,Completed
17036,2883,2024-11-18,6,Completed
8644,4764,2024-11-18,6,Completed
1979,349,2024-11-18,3,Cancelled
21563,3873,2024-11-18,2,Cancelled
19064,4473,2024-11-18,3,Cancelled
1894,3711,2024-11-18,8,Completed
23385,3989,2024-11-18,6,Completed
24652,633,2024-11-18,1,Completed
2169,4508,2024-11-18,11,Cancelled
1277,2670,2024-11-18,2,Cancelled
14536,490,2024-11-18,10,Completed
643,2913,2024-11-18,3,Completed
19410,4675,2024-11-18,1,Completed
5761,653,2024-11-18,9,Completed
3084,598,2024-11-18,9,Completed
1808,4419,2024-11-18,1,Cancelled
23921,2731,2024-11-18,12,Completed
23149,3516,2024-11-18,6,Cancelled
6711,4394,2024-11-18,12,Cancelled
8196,541,2024-11-18,6,Completed
7244,378,2024-11-18,4,Completed
17657,4756,2024-11-18,4,Completed
15741,2189,2024-11-18,4,Completed
12059,4466,2024-11-18,7,Cancelled
15643,3695,2024-11-18,2,Completed
14602,768,2024-11-19,10,Completed
4557,606,2024-11-19,3,Completed
4435,4740,2024-11-19,7,Completed
24530,3371,2024-11-19,3,Completed
6977,1519,2024-11-19,3,Completed
21835,2024,2024-11-19,12,Completed
11867,3756,2024-11-19,10,Completed
2415,2019,2024-11-19,6,Cancelled
14455,1530,2024-11-19,11,Completed
3304,2048,2024-11-19,5,Completed
17004,1027,2024-11-19,6,Completed
963,1342,2024-11-19,12,Completed
4897,2486,2024-11-19,9,Cancelled
2469,4579,2024-11-19,5,Completed
1330,4839,2024-11-19,7,Completed
6466,3509,2024-11-19,5,Completed
5273,2621,2024-11-19,12,Completed
18467,4545,2024-11-19,9,Completed
17512,2056,2024-11-19,6,Completed
5831,2995,2024-11-20,8,Completed
2384,4205,2024-11-20,2,Completed
10913,4986,2024-11-20,12,Cancelled
2742,951,2024-11-20,12,Completed
10586,2216,2024-11-20,6,Completed
13171,2496,2024-11-20,2,Cancelled
14111,1069,2024-11-20,7,Completed
22475,3784,2024-11-20,6,Completed
4872,4703,2024-11-20,1,Completed
15789,3002,2024-11-20,3,Completed
23492,4562,2024-11-20,6,Cancelled
9506,4006,2024-11-20,1,Completed
18946,3299,2024-11-20,7,Completed
15747,3408,2024-11-20,3,Cancelled
22157,615,2024-11-20,1,Completed
19759,1880,2024-11-20,11,Completed
20524,31,2024-11-20,10,Completed
2463,4350,2024-11-20,4,Completed
3380,2680,2024-11-20,6,Completed
10511,1724,2024-11-20,7,Completed
3620,1355,2024-11-20,7,Completed
8079,763,2024-11-20,2,Cancelled
8383,2752,2024-11-20,3,Completed
14977,172,2024-11-20,3,Completed
17151,3450,2024-11-20,11,Completed
416,3115,2024-11-20,8,Completed
7639,4177,2024-11-21,1,Completed
23241,2180,2024-11-21,4,Completed
1165,4096,2024-11-21,3,Completed
4156,1542,2024-11-21,10,Completed
8323,4618,2024-11-21,2,Completed
4948,912,2024-11-21,1,Completed
3321,3612,2024-11-21,1,Completed
4785,347,2024-11-21,2,Completed
17718,1089,2024-11-21,8,Completed
20911,800,2024-11-21,3,Completed
289,2771,2024-11-21,8,Completed
22996,3007,2024-11-21,6,Completed
4846,3973,2024-11-21,2,Completed
6898,3835,2024-11-21,1,Completed
11765,3104,2024-11-21,8,Completed
18729,1698,2024-11-21,4,Cancelled
22033,3444,2024-11-21,3,Completed
9045,1783,2024-11-21,1,Completed
13327,2439,2024-11-21,4,Completed
2889,4763,2024-11-21,3,Completed
12789,1850,2024-11-21,5,Completed
20338,3727,2024-11-21,9,Cancelled
11912,3235,2024-11-21,2,Completed
13548,1304,2024-11-21,9,Completed
11938,637,2024-11-22,1,Cancelled
20068,934,2024-11-22,7,Completed
19190,2726,2024-11-22,3,Completed
13679,3358,2024-11-22,8,Completed
8692,4946,2024-11-22,7,Completed
21203,447,2024-11-22,2,Completed
16962,802,2024-11-22,9,Completed
13941,1728,2024-11-22,1,Cancelled
4069,410,2024-11-22,1,Completed
22936,1957,2024-11-22,10,Completed
11170,684,2024-11-22,1,Completed
9190,1957,2024-11-22,10,Completed
6143,1465,2024-11-22,10,Completed
9188,2538,2024-11-22,5,Completed
19494,4647,2024-11-22,5,Cancelled
22563,3450,2024-11-22,11,Completed
23148,2781,2024-11-22,10,Cancelled
10473,404,2024-11-22,6,Completed
1111,56,2024-11-23,1,Completed
1375,4790,2024-11-23,7,Cancelled
15346,1673,2024-11-23,2,Completed
13683,4704,2024-11-23,7,Completed
12663,2459,2024-11-23,7,Completed
17272,1994,2024-11-23,1,Cancelled
19078,1599,2024-11-23,3,Completed
20947,1150,2024-11-23,6,Completed
8985,4504,2024-11-23,12,Completed
19031,2140,2024-11-23,2,Cancelled
15936,3894,2024-11-23,7,Completed
7139,1718,2024-11-23,2,Completed
17855,807,2024-11-23,1,Completed
24350,2329,2024-11-23,6,Completed
24948,4905,2024-11-23,10,Cancelled
1216,3700,2024-11-23,8,Completed
17140,84,2024-11-23,12,Cancelled
14031,1230,2024-11-23,12,Completed
1927,3880,2024-11-23,7,Completed
23196,3848,2024-11-23,8,Cancelled
698,4952,2024-11-23,11,Completed
24276,1379,2024-11-23,12,Completed
20546,873,2024-11-23,10,Completed
9159,1203,2024-11-23,3,Completed
23339,4354,2024-11-23,10,Completed
25,593,2024-11-23,3,Completed
19316,973,2024-11-23,4,Completed
1684,804,2024-11-23,7,Completed
1501,948,2024-11-23,2,Completed
13183,308,2024-11-23,1,Cancelled
7642,4319,2024-11-23,1,Completed
8334,4706,2024-11-24,2,Completed
17901,1088,2024-11-24,8,Cancelled
9148,76,2024-11-24,12,Completed
18594,3118,2024-11-24,5,Completed
15449,1926,2024-11-24,7,Completed
3584,3436,2024-11-24,2,Completed
8039,2402,2024-11-24,11,Completed
3970,3315,2024-11-24,1,Completed
12699,4248,2024-11-24,11,Completed
3353,687,2024-11-24,3,Cancelled
7357,1106,2024-11-24,3,Completed
20657,919,2024-11-24,2,Completed
21879,4621,2024-11-24,3,Completed
7750,4223,2024-11-24,4,Completed
18909,4668,2024-11-24,6,Completed
21679,1218,2024-11-24,8,Completed
9687,3571,2024-11-24,5,Cancelled
18379,728,2024-11-24,4,Cancelled
12769,2337,2024-11-24,12,Completed
14241,2965,2024-11-24,12,Completed
7195,2092,2024-11-24,9,Completed
2948,749,2024-11-25,2,Completed
20261,708,2024-11-25,4,Completed
15649,2984,2024-11-25,3,Completed
24357,963,2024-11-25,3,Completed
6206,2962,2024-11-25,12,Completed
2526,4921,2024-11-25,2,Completed
4454,701,2024-11-25,4,Completed
11489,4542,2024-11-25,1,Completed
10916,4159,2024-11-25,3,Completed
6415,3433,2024-11-25,11,Completed
14694,611,2024-11-25,4,Completed
21429,4706,2024-11-25,2,Completed
3655,1519,2024-11-25,3,Completed
12609,3238,2024-11-25,7,Completed
3303,4967,2024-11-25,1,Completed
16341,1076,2024-11-25,3,Completed
2977,468,2024-11-25,2,Completed
15324,2225,2024-11-25,5,Completed
12686,1999,2024-11-25,7,Completed
24536,4352,2024-11-25,1,Completed
14693,3084,2024-11-26,1,Completed
22669,4194,2024-11-26,1,Completed
17920,4780,2024-11-26,4,Cancelled
2700,4624,2024-11-26,2,Cancelled
8282,3887,2024-11-26,4,Cancelled
2172,4801,2024-11-26,4,Completed
18161,740,2024-11-26,8,Completed
13311,1408,2024-11-26,11,Completed
16524,2636,2024-11-26,11,Completed
23971,3890,2024-11-26,4,Cancelled
12012,4447,2024-11-26,8,Completed
23271,200,2024-11-26,12,Cancelled
24791,4417,2024-11-26,1,Completed
12983,2921,2024-11-26,2,Completed
21947,1533,2024-11-26,5,Cancelled
21245,4616,2024-11-26,6,Completed
23716,4088,2024-11-26,11,Completed
22945,1123,2024-11-26,2,Completed
16132,1654,2024-11-26,11,Completed
18040,4821,2024-11-26,2,Cancelled
6672,1654,2024-11-26,11,Completed
15757,2188,2024-11-26,7,Cancelled
22877,3739,2024-11-26,1,Completed
22091,3911,2024-11-26,4,Cancelled
329,3739,2024-11-26,1,Completed
6519,3154,2024-11-26,7,Completed
15376,4021,2024-11-27,7,Completed
24613,928,2024-11-27,2,Completed
20375,4466,2024-11-27,7,Completed
23647,1089,2024-11-27,8,Completed
12442,3179,2024-11-27,12,Completed
17460,1858,2024-11-27,5,Completed
12822,3903,2024-11-27,6,Completed
17116,4781,2024-11-27,7,Completed
15206,708,2024-11-27,4,Completed
7805,4340,2024-11-27,11,Completed
17521,203,2024-11-27,1,Completed
11436,1669,2024-11-27,11,Cancelled
16845,451,2024-11-27,1,Completed
5222,2234,2024-11-27,11,Completed
3786,2226,2024-11-27,9,Completed
8980,4017,2024-11-27,7,Cancelled
9644,3252,2024-11-27,5,Completed
22688,1210,2024-11-27,9,Completed
10790,1260,2024-11-27,12,Completed
814,3577,2024-11-27,8,Completed
7427,1832,2024-11-27,1,Completed
12176,3134,2024-11-27,8,Cancelled
22481,3154,2024-11-27,7,Completed
6351,4323,2024-11-27,11,Completed
4147,2189,2024-11-27,4,Completed
17771,2883,2024-11-27,6,Completed
11827,3524,2024-11-27,4,Completed
10902,1801,2024-11-27,7,Completed
7110,477,2024-11-27,1,Completed
2006,1081,2024-11-28,1,Completed
22947,4524,2024-11-28,4,Completed
19878,2740,2024-11-28,10,Completed
14085,3592,2024-11-28,8,Completed
2947,2118,2024-11-28,3,Completed
18520,345,2024-11-28,7,Cancelled
842,3023,2024-11-28,8,Completed
14668,514,2024-11-28,3,Cancelled
12911,315,2024-11-28,12,Completed
402,2619,2024-11-28,2,Completed
5611,2724,2024-11-28,12,Cancelled
7810,4752,2024-11-28,9,Completed
20607,2214,2024-11-28,9,Completed
16339,1649,2024-11-28,2,Completed
21411,2286,2024-11-28,2,Completed
20170,4679,2024-11-28,3,Completed
15535,3112,2024-11-28,2,Completed
17445,33,2024-11-28,3,Completed
24532,4274,2024-11-28,2,Completed
2883,302,2024-11-28,4,Completed
5620,1771,2024-11-29,7,Completed
9728,4550,2024-11-29,2,Completed
6912,304,2024-11-29,3,Completed
23602,4599,2024-11-29,1,Cancelled
13948,1543,2024-11-29,11,Completed
14906,1348,2024-11-29,5,Completed
15211,2019,2024-11-29,6,Completed
2940,1166,2024-11-29,11,Completed
3240,4,2024-11-29,5,Completed
1569,2492,2024-11-29,5,Completed
6559,1264,2024-11-29,10,Completed
1747,497,2024-11-29,8,Completed
19427,450,2024-11-29,2,Completed
12753,12,2024-11-29,3,Completed
5020,3512,2024-11-29,10,Completed
18971,2308,2024-11-29,2,Cancelled
9327,1034,2024-11-29,2,Completed
6473,151,2024-11-29,4,Completed
22248,4024,2024-11-29,7,Completed
2919,2869,2024-11-29,5,Completed
16137,493,2024-11-29,7,Cancelled
5312,4497,2024-11-29,3,Cancelled
7225,3517,2024-11-29,11,Completed
15647,1466,2024-11-29,1,Cancelled
23966,2578,2024-11-29,10,Completed
401,4523,2024-11-30,2,Completed
7423,4927,2024-11-30,9,Completed
14899,2052,2024-11-30,9,Completed
537,1997,2024-11-30,2,Completed
15566,3522,2024-11-30,6,Completed
12732,4024,2024-11-30,7,Completed
426,2508,2024-11-30,3,Completed
21108,4613,2024-11-30,7,Cancelled
15571,3700,2024-11-30,8,Completed
16844,2530,2024-11-30,2,Completed
8255,3668,2024-11-30,5,Completed
9585,3879,2024-11-30,1,Completed
19492,1657,2024-11-30,5,Completed
13629,2433,2024-11-30,4,Completed
21220,4725,2024-11-30,4,Completed
8738,3759,2024-11-30,2,Cancelled
12594,4416,2024-11-30,11,Completed
23461,1526,2024-11-30,9,Completed
951,1275,2024-11-30,5,Cancelled
15026,1026,2024-11-30,7,Completed
13324,2763,2024-11-30,7,Completed
15074,3269,2024-11-30,7,Completed
3889,391,2024-11-30,10,Cancelled
2052,4832,2024-11-30,11,Cancelled
21826,584,2024-11-30,2,Completed
17544,2705,2024-11-30,10,Completed
21147,3871,2024-11-30,4,Completed
11442,2329,2024-11-30,6,Completed
24747,4556,2024-11-30,1,Cancelled
21621,330,2024-11-30,3,Completed
19021,3881,2024-11-30,1,Completed
3912,3331,2024-11-30,12,Completed
2575,779,2024-12-01,3,Completed
21650,3125,2024-12-01,12,Cancelled
20326,4166,2024-12-01,2,Completed
10777,2394,2024-12-01,5,Completed
12110,317,2024-12-01,5,Cancelled
5038,4752,2024-12-01,9,Completed
1106,323,2024-12-01,7,Completed
6664,4680,2024-12-01,3,Cancelled
7554,1665,2024-12-01,1,Cancelled
2920,2718,2024-12-01,8,Completed
22300,3703,2024-12-01,2,Completed
3166,879,2024-12-01,2,Completed
18881,3228,2024-12-01,6,Completed
17882,700,2024-12-01,5,Cancelled
17171,3299,2024-12-01,7,Cancelled
10445,3892,2024-12-01,7,Cancelled
4383,1962,2024-12-01,2,Completed
19705,1426,2024-12-01,3,Completed
21322,3283,2024-12-01,3,Completed
22519,523,2024-12-01,2,Cancelled
21578,2785,2024-12-01,3,Completed
7521,838,2024-12-01,10,Cancelled
20441,4543,2024-12-02,3,Cancelled
6431,991,2024-12-02,2,Completed
19724,2216,2024-12-02,6,Completed
9160,690,2024-12-02,3,Completed
9152,1613,2024-12-02,10,Completed
17236,212,2024-12-02,3,Completed
12212,1619,2024-12-02,4,Completed
20713,3322,2024-12-02,5,Completed
15976,2842,2024-12-02,9,Completed
10448,4286,2024-12-02,1,Completed
7762,2155,2024-12-02,9,Cancelled
9184,1785,2024-12-02,12,Completed
17441,4464,2024-12-02,1,Completed
24108,4374,2024-12-02,11,Completed
23674,4618,2024-12-02,2,Cancelled
4613,1082,2024-12-02,1,Completed
10298,90,2024-12-02,2,Completed
19749,2543,2024-12-02,1,Completed
14887,1747,2024-12-02,1,Cancelled
13654,1341,2024-12-02,7,Completed
21886,908,2024-12-02,12,Cancelled
17832,3358,2024-12-02,8,Completed
6501,291,2024-12-02,2,Completed
680,136,2024-12-02,6,Completed
10095,1341,2024-12-02,7,Cancelled
22230,74,2024-12-03,6,Cancelled
19774,3163,2024-12-03,1,Completed
20951,1041,2024-12-03,7,Completed
20924,3310,2024-12-03,3,Completed
12717,3665,2024-12-03,5,Cancelled
17332,3595,2024-12-03,3,Cancelled
19627,195,2024-12-03,7,Completed
12870,307,2024-12-03,4,Cancelled
15460,2906,2024-12-03,7,Completed
14322,1721,2024-12-03,3,Completed
15351,4229,2024-12-03,11,Completed
5140,3396,2024-12-03,3,Completed
5359,2108,2024-12-03,11,Completed
277,448,2024-12-03,11,Completed
2344,4602,2024-12-03,11,Completed
6728,642,2024-12-03,4,Completed
19824,1251,2024-12-03,10,Completed
7850,3085,2024-12-03,2,Completed
15321,3412,2024-12-03,11,Completed
8162,2979,2024-12-03,10,Completed
10157,3312,2024-12-03,3,Completed
15808,15,2024-12-03,8,Completed
6447,1092,2024-12-03,6,Completed
19240,1486,2024-12-03,10,Completed
22779,4977,2024-12-04,12,Completed
22188,2960,2024-12-04,2,Completed
20968,3288,2024-12-04,8,Completed
19933,2331,2024-12-04,11,Completed
8352,2157,2024-12-04,9,Completed
1519,3969,2024-12-04,2,Completed
16709,637,2024-12-04,1,Completed
3342,90,2024-12-04,2,Completed
11164,2770,2024-12-04,3,Cancelled
14604,2753,2024-12-04,10,Completed
16446,252,2024-12-04,8,Cancelled
20875,4726,2024-12-04,3,Completed
2142,3391,2024-12-04,4,Completed
18547,2351,2024-12-04,7,Completed
22210,2415,2024-12-04,4,Completed
16785,1246,2024-12-04,10,Completed
9910,621,2024-12-04,11,Completed
21432,4400,2024-12-04,3,Completed
11793,1815,2024-12-04,9,Completed
16470,4150,2024-12-04,8,Completed
1275,2436,2024-12-04,1,Completed
16748,4797,2024-12-04,5,Completed
19205,2993,2024-12-04,10,Completed
23700,932,2024-12-04,12,Completed
16391,591,2024-12-04,3,Cancelled
19844,3087,2024-12-04,7,Completed
14856,3877,2024-12-05,3,Cancelled
11504,4957,2024-12-05,5,Completed
8877,1343,2024-12-05,9,Completed
24376,3983,2024-12-05,5,Completed
20221,1388,2024-12-05,5,Completed
21874,41,2024-12-05,2,Completed
4119,624,2024-12-05,7,Completed
7238,3040,2024-12-05,4,Completed
24440,35,2024-12-05,4,Completed
6124,3719,2024-12-05,10,Completed
23245,4767,2024-12-05,9,Completed
16645,2042,2024-12-05,1,Cancelled
6818,3586,2024-12-05,8,Cancelled
19122,64,2024-12-05,9,Completed
15753,1229,2024-12-05,10,Completed
4719,381,2024-12-05,9,Cancelled
13780,4817,2024-12-06,2,Completed
20862,3990,2024-12-06,1,Completed
6810,2973,2024-12-06,1,Completed
4008,194,2024-12-06,3,Completed
7769,385,2024-12-06,2,Completed
20052,1111,2024-12-06,10,Completed
5879,2080,2024-12-06,7,Completed
15916,1007,2024-12-06,5,Completed
3047,2737,2024-12-06,6,Cancelled
9927,296,2024-12-06,11,Completed
3023,4350,2024-12-06,4,Completed
20770,128,2024-12-06,2,Completed
16617,3669,2024-12-06,12,Cancelled
19406,4891,2024-12-06,8,Completed
16635,3340,2024-12-06,4,Completed
3234,1758,2024-12-06,11,Completed
22183,2066,2024-12-06,9,Completed
11689,3617,2024-12-06,8,Completed
23427,2255,2024-12-06,7,Completed
8862,3253,2024-12-06,11,Completed
24827,3837,2024-12-07,4,Completed
6157,633,2024-12-07,1,Completed
7385,498,2024-12-07,8,Completed
22470,3245,2024-12-07,7,Completed
24330,311,2024-12-07,8,Completed
5446,1206,2024-12-07,11,Cancelled
17742,431,2024-12-07,10,Cancelled
14842,3574,2024-12-07,2,Completed
12763,1610,2024-12-07,1,Completed
3413,38,2024-12-07,5,Completed
14167,3853,2024-12-07,1,Completed
16190,3503,2024-12-07,11,Completed
990,1758,2024-12-07,11,Completed
2793,4407,2024-12-07,2,Completed
22165,2623,2024-12-07,5,Completed
1777,878,2024-12-07,5,Cancelled
15106,3949,2024-12-07,4,Completed
6856,1606,2024-12-07,3,Completed
18083,1963,2024-12-08,7,Cancelled
15598,4930,2024-12-08,2,Cancelled
10930,249,2024-12-08,11,Cancelled
13422,3179,2024-12-08,12,Completed
19525,2930,2024-12-08,1,Completed
6697,1138,2024-12-08,5,Completed
5915,487,2024-12-08,4,Completed
4780,1238,2024-12-08,11,Cancelled
9224,783,2024-12-08,10,Completed
18802,348,2024-12-08,6,Completed
18300,3626,2024-12-08,1,Completed
4426,2822,2024-12-08,6,Completed
1679,3775,2024-12-08,3,Completed
10609,3995,2024-12-08,4,Cancelled
4019,4479,2024-12-08,2,Completed
11359,4761,2024-12-08,1,Completed
6663,4674,2024-12-09,10,Completed
24894,3339,2024-12-09,4,Completed
24186,300,2024-12-09,1,Cancelled
2769,4886,2024-12-09,1,Completed
9247,4552,2024-12-09,12,Completed
1033,3,2024-12-09,8,Completed
1503,4778,2024-12-09,1,Completed
23798,1486,2024-12-09,10,Completed
9392,627,2024-12-09,11,Completed
18332,1862,2024-12-09,9,Cancelled
7549,1547,2024-12-09,10,Completed
1352,2596,2024-12-09,9,Completed
22408,821,2024-12-09,10,Completed
12818,1202,2024-12-09,4,Completed
2705,358,2024-12-09,3,Completed
24883,3139,2024-12-09,12,Completed
13237,3062,2024-12-09,12,Completed
5871,4610,2024-12-09,1,Completed
15861,2906,2024-12-09,7,Completed
9989,3394,2024-12-09,12,Completed
14107,957,2024-12-09,2,Completed
869,4960,2024-12-09,7,Cancelled
19065,1219,2024-12-10,2,Completed
23586,2071,2024-12-10,7,Completed
24106,1540,2024-12-10,8,Completed
931,4497,2024-12-10,3,Completed
21049,2416,2024-12-10,6,Cancelled
14958,1639,2024-12-10,7,Completed
17668,998,2024-12-10,8,Completed
896,1108,2024-12-10,5,Cancelled
14132,532,2024-12-10,5,Completed
19364,4934,2024-12-10,3,Cancelled
22713,4821,2024-12-10,2,Cancelled
12351,3278,2024-12-10,2,Completed
6004,4765,2024-12-10,9,Cancelled
11805,123,2024-12-10,10,Completed
10906,3142,2024-12-10,5,Completed
12108,3095,2024-12-10,9,Completed
527,2079,2024-12-10,1,Completed
11085,3016,2024-12-10,6,Cancelled
24562,370,2024-12-10,4,Completed
14047,2178,2024-12-10,1,Completed
11443,118,2024-12-10,12,Completed
19036,3812,2024-12-10,4,Completed
19767,2838,2024-12-10,7,Cancelled
12998,3189,2024-12-10,7,Completed
2123,3309,2024-12-11,3,Completed
13526,1498,2024-12-11,11,Completed
6961,959,2024-12-11,9,Completed
6820,1658,2024-12-11,8,Cancelled
17026,2258,2024-12-11,12,Completed
10655,1519,2024-12-11,3,Completed
9578,4236,2024-12-11,11,Cancelled
24062,2614,2024-12-11,11,Completed
4086,4153,2024-12-11,1,Completed
4822,4986,2024-12-11,12,Completed
7332,1160,2024-12-11,6,Cancelled
7027,1790,2024-12-11,6,Completed
22824,3438,2024-12-11,7,Completed
7037,2074,2024-12-11,10,Completed
22525,2430,2024-12-11,7,Cancelled
2026,4762,2024-12-11,6,Completed
7569,4498,2024-12-11,3,Completed
13773,4263,2024-12-11,5,Completed
7071,3255,2024-12-11,12,Completed
4666,280,2024-12-11,5,Completed
23913,4111,2024-12-11,5,Completed
5237,4567,2024-12-11,2,Completed
23030,2410,2024-12-12,6,Cancelled
2529,4111,2024-12-12,5,Completed
12226,4731,2024-12-12,12,Cancelled
10522,1537,2024-12-12,7,Completed
1043,4175,2024-12-12,5,Completed
24774,1818,2024-12-12,7,Completed
15018,4070,2024-12-12,8,Completed
21085,3016,2024-12-12,6,Cancelled
13973,4584,2024-12-12,11,Completed
14974,3836,2024-12-12,9,Completed
15664,2619,2024-12-12,2,Completed
16997,341,2024-12-12,1,Completed
16481,298,2024-12-12,7,Completed
393,2939,2024-12-12,7,Completed
13305,2008,2024-12-12,2,Completed
18360,1539,2024-12-12,1,Completed
7299,4458,2024-12-12,10,Completed
1744,233,2024-12-12,4,Completed
12514,3957,2024-12-12,7,Completed
7694,1610,2024-12-12,1,Completed
23741,4278,2024-12-13,2,Completed
5962,4233,2024-12-13,5,Completed
21,3782,2024-12-13,3,Completed
2785,2512,2024-12-13,8,Completed
11444,3420,2024-12-13,8,Completed
22593,3424,2024-12-13,3,Completed
14480,939,2024-12-13,4,Cancelled
20589,2270,2024-12-13,9,Cancelled
19385,2585,2024-12-13,3,Cancelled
6238,1251,2024-12-13,10,Completed
20627,785,2024-12-13,10,Completed
6244,3251,2024-12-13,7,Completed
597,2647,2024-12-13,1,Cancelled
19975,1341,2024-12-13,7,Completed
5112,2521,2024-12-13,12,Completed
24333,4650,2024-12-13,5,Completed
24327,732,2024-12-13,2,Cancelled
11077,1045,2024-12-13,4,Completed
2622,4528,2024-12-13,12,Cancelled
10077,2480,2024-12-14,2,Completed
14803,3734,2024-12-14,11,Completed
21161,818,2024-12-14,2,Completed
3994,2508,2024-12-14,3,Completed
13996,708,2024-12-14,4,Completed
24267,4613,2024-12-14,7,Completed
19531,1881,2024-12-14,11,Completed
11901,237,2024-12-14,7,Completed
12507,1734,2024-12-14,7,Cancelled
612,922,2024-12-14,7,Completed
19837,4567,2024-12-14,2,Completed
324,2080,2024-12-14,7,Completed
9,52,2024-12-14,3,Completed
23572,3352,2024-12-14,1,Cancelled
9671,3775,2024-12-14,3,Completed
20655,4536,2024-12-14,7,Completed
4843,891,2024-12-14,2,Cancelled
13966,1247,2024-12-14,3,Cancelled
2036,3780,2024-12-14,5,Completed
3153,3630,2024-12-14,8,Completed
15543,2020,2024-12-14,12,Cancelled
24217,5,2024-12-14,7,Cancelled
2290,2269,2024-12-14,4,Cancelled
15079,4810,2024-12-14,2,Completed
19604,2476,2024-12-14,1,Completed
24884,2605,2024-12-15,3,Completed
7703,4262,2024-12-15,1,Cancelled
11967,4704,2024-12-15,7,Completed
24318,667,2024-12-15,11,Cancelled
9132,4314,2024-12-15,2,Cancelled
4844,278,2024-12-15,10,Completed
24507,15,2024-12-15,8,Completed
24329,2472,2024-12-15,12,Completed
41,1067,2024-12-15,11,Completed
16183,650,2024-12-15,12,Completed
24856,3938,2024-12-15,3,Completed
21866,433,2024-12-15,5,Completed
18963,1595,2024-12-15,6,Completed
16771,2545,2024-12-15,1,Completed
8856,3165,2024-12-15,1,Completed
9771,4098,2024-12-15,8,Cancelled
6809,1453,2024-12-15,10,Completed
15429,884,2024-12-15,4,Completed
20559,2458,2024-12-15,10,Completed
6156,3509,2024-12-15,5,Completed
15578,3925,2024-12-15,12,Completed
18641,1979,2024-12-15,1,Cancelled
23135,3382,2024-12-15,2,Completed
20377,3289,2024-12-16,2,Completed
20749,2235,2024-12-16,3,Completed
173,1708,2024-12-16,10,Cancelled
857,4341,2024-12-16,3,Completed
4476,2431,2024-12-16,10,Cancelled
18856,4771,2024-12-16,3,Cancelled
3482,1991,2024-12-16,1,Completed
6463,461,2024-12-16,3,Completed
23795,1521,2024-12-16,7,Completed
3695,2321,2024-12-16,11,Completed
8295,1509,2024-12-16,2,Completed
17070,2703,2024-12-16,9,Cancelled
6931,2091,2024-12-16,5,Completed
15496,1318,2024-12-16,9,Completed
2228,3865,2024-12-16,6,Completed
4423,4827,2024-12-16,2,Completed
23893,18,2024-12-16,2,Completed
12959,2357,2024-12-16,6,Completed
1094,3072,2024-12-17,1,Completed
19111,4038,2024-12-17,3,Completed
15878,1152,2024-12-17,2,Completed
11749,633,2024-12-17,1,Completed
11410,498,2024-12-17,8,Completed
16376,1795,2024-12-17,7,Completed
13801,4944,2024-12-17,6,Completed
23107,2159,2024-12-17,1,Completed
847,3406,2024-12-17,1,Completed
22482,4990,2024-12-17,7,Completed
24405,1703,2024-12-17,2,Completed
22270,4704,2024-12-17,7,Completed
13486,2218,2024-12-17,7,Completed
15050,3676,2024-12-17,11,Completed
16593,4740,2024-12-17,7,Completed
6309,3453,2024-12-17,8,Completed
11878,1448,2024-12-17,7,Cancelled
410,2685,2024-12-17,2,Completed
23386,432,2024-12-17,4,Completed
16090,63,2024-12-17,9,Completed
8858,477,2024-12-17,1,Completed
15975,2544,2024-12-17,1,Completed
543,2675,2024-12-18,3,Completed
18472,3540,2024-12-18,12,Completed
10997,195,2024-12-18,7,Completed
11040,1519,2024-12-18,3,Completed
9520,938,2024-12-18,12,Completed
13246,3615,2024-12-18,1,Completed
9777,3629,2024-12-18,11,Completed
12249,1189,2024-12-18,1,Completed
1218,3156,2024-12-18,1,Completed
18758,3902,2024-12-18,3,Completed
4920,1598,2024-12-18,11,Completed
17209,3995,2024-12-18,4,Cancelled
20562,1626,2024-12-18,1,Cancelled
19130,2606,2024-12-18,11,Completed
6358,2160,2024-12-18,10,Completed
2383,3476,2024-12-18,3,Completed
20002,2052,2024-12-18,9,Completed
14804,798,2024-12-18,6,Completed
1937,2424,2024-12-18,3,Cancelled
14768,4204,2024-12-18,2,Completed
2263,1229,2024-12-18,10,Cancelled
17646,3360,2024-12-18,9,Completed
9149,2583,2024-12-18,10,Completed
4712,204,2024-12-18,1,Completed
11173,2722,2024-12-19,6,Completed
2206,2061,2024-12-19,4,Completed
6837,2243,2024-12-19,4,Completed
10258,1192,2024-12-19,1,Completed
12295,3038,2024-12-19,4,Completed
9044,636,2024-12-19,2,Completed
12650,3190,2024-12-19,12,Completed
2839,1560,2024-12-19,6,Completed
2860,201,2024-12-19,1,Completed
7606,4212,2024-12-19,10,Completed
6393,2031,2024-12-19,10,Completed
15201,4790,2024-12-19,7,Completed
15481,4029,2024-12-19,8,Completed
18648,1840,2024-12-19,9,Completed
11416,470,2024-12-19,4,Completed
17049,2614,2024-12-19,11,Completed
3194,310,2024-12-19,1,Completed
1544,3772,2024-12-19,9,Completed
17190,83,2024-12-19,12,Completed
9379,4024,2024-12-19,7,Completed
22207,2496,2024-12-19,2,Completed
23497,3974,2024-12-19,10,Completed
16091,3118,2024-12-19,5,Completed
12836,757,2024-12-19,2,Completed
22144,4801,2024-12-20,4,Completed
21718,1080,2024-12-20,7,Completed
16918,3985,2024-12-20,6,Cancelled
19166,4797,2024-12-20,5,Cancelled
316,3681,2024-12-20,3,Completed
22536,4632,2024-12-20,7,Cancelled
10967,2136,2024-12-20,3,Completed
4614,4307,2024-12-20,1,Completed
8616,4698,2024-12-20,3,Completed
11103,1726,2024-12-20,10,Completed
5034,4535,2024-12-20,8,Completed
737,4536,2024-12-20,7,Completed
3037,1926,2024-12-20,7,Cancelled
20789,556,2024-12-20,3,Completed
2914,1025,2024-12-20,7,Completed
9114,4005,2024-12-20,10,Completed
11052,39,2024-12-20,8,Completed
6455,4481,2024-12-20,11,Completed
4231,1972,2024-12-20,2,Cancelled
21888,1732,2024-12-20,3,Completed
21368,3158,2024-12-20,3,Completed
18523,654,2024-12-20,10,Completed
1132,2284,2024-12-20,5,Completed
4905,1884,2024-12-21,9,Completed
3784,4810,2024-12-21,2,Completed
21977,2507,2024-12-21,11,Cancelled
14972,1224,2024-12-21,12,Cancelled
21998,4517,2024-12-21,7,Completed
10554,4226,2024-12-21,11,Completed
16829,4099,2024-12-21,11,Completed
5493,3524,2024-12-21,4,Completed
21145,601,2024-12-21,7,Cancelled
18150,1117,2024-12-21,7,Cancelled
14043,1412,2024-12-21,7,Completed
4045,2972,2024-12-21,12,Cancelled
16578,3668,2024-12-21,5,Completed
21453,1170,2024-12-21,2,Completed
6005,47,2024-12-21,3,Completed
17881,2104,2024-12-21,5,Completed
7952,4360,2024-12-21,11,Completed
16384,2119,2024-12-21,7,Completed
16672,2071,2024-12-21,7,Completed
4819,2044,2024-12-22,2,Completed
12924,1552,2024-12-22,8,Completed
15828,4197,2024-12-22,8,Cancelled
21994,1784,2024-12-22,7,Completed
11360,4303,2024-12-22,3,Completed
13514,3790,2024-12-22,2,Completed
16343,1692,2024-12-22,11,Cancelled
16990,3476,2024-12-22,3,Completed
22526,2767,2024-12-22,1,Completed
9612,3611,2024-12-22,3,Completed
9278,2216,2024-12-22,6,Cancelled
1822,97,2024-12-22,3,Completed
24177,4813,2024-12-22,2,Completed
20712,2346,2024-12-22,1,Completed
4425,2398,2024-12-22,2,Completed
4228,4996,2024-12-22,8,Completed
3323,714,2024-12-22,3,Completed
397,2456,2024-12-22,5,Completed
17563,2041,2024-12-23,10,Cancelled
20792,4332,2024-12-23,10,Completed
10213,4610,2024-12-23,1,Completed
5259,764,2024-12-23,6,Cancelled
17849,2894,2024-12-23,2,Completed
24435,1194,2024-12-23,3,Cancelled
10955,2752,2024-12-23,3,Completed
3668,1024,2024-12-23,2,Completed
15716,1641,2024-12-23,9,Completed
12330,231,2024-12-23,3,Cancelled
239,931,2024-12-23,2,Completed
2763,2031,2024-12-23,10,Completed
20973,3383,2024-12-23,8,Completed
16610,4789,2024-12-23,4,Completed
15445,4362,2024-12-23,5,Cancelled
6108,1754,2024-12-23,1,Cancelled
3738,4525,2024-12-23,10,Cancelled
18806,588,2024-12-23,1,Completed
1017,3299,2024-12-23,7,Completed
12910,3652,2024-12-23,2,Completed
22031,1380,2024-12-23,11,Completed
15877,1113,2024-12-23,4,Completed
20958,3247,2024-12-23,8,Cancelled
24971,720,2024-12-23,4,Completed
18586,1174,2024-12-23,4,Completed
3651,3004,2024-12-23,12,Completed
9076,4969,2024-12-23,6,Cancelled
150,4020,2024-12-23,1,Completed
15834,2413,2024-12-23,3,Completed
10059,3831,2024-12-24,1,Completed
16118,164,2024-12-24,11,Completed
12026,3362,2024-12-24,3,Completed
22119,3594,2024-12-24,4,Completed
23236,1671,2024-12-24,2,Completed
8454,3526,2024-12-24,2,Completed
14299,1073,2024-12-24,4,Completed
20359,1733,2024-12-24,3,Completed
20571,730,2024-12-24,2,Completed
112,174,2024-12-24,10,Completed
4882,4600,2024-12-24,3,Completed
18076,3206,2024-12-24,7,Completed
13427,2649,2024-12-24,3,Completed
2794,182,2024-12-24,9,Completed
7271,2533,2024-12-24,2,Completed
474,3297,2024-12-24,9,Cancelled
14174,1850,2024-12-24,5,Completed
3739,3664,2024-12-24,8,Cancelled
275,3625,2024-12-24,4,Completed
9971,4216,2024-12-24,11,Cancelled
20006,213,2024-12-24,3,Cancelled
765,1766,2024-12-24,9,Completed
20400,2066,2024-12-24,9,Completed
12235,3099,2024-12-24,7,Completed
7149,2283,2024-12-24,12,Completed
286,3440,2024-12-24,1,Completed
7673,4679,2024-12-24,3,Cancelled
8744,356,2024-12-25,5,Completed
4561,3941,2024-12-25,1,Completed
7010,3248,2024-12-25,8,Completed
16799,2962,2024-12-25,12,Completed
7899,2161,2024-12-25,8,Completed
2454,1726,2024-12-25,10,Completed
19622,930,2024-12-25,3,Completed
20865,653,2024-12-25,9,Cancelled
8474,1081,2024-12-25,1,Completed
3568,1117,2024-12-25,7,Completed
13372,97,2024-12-25,3,Completed
17740,1052,2024-12-25,5,Completed
748,230,2024-12-25,11,Cancelled
16842,1508,2024-12-25,10,Cancelled
6555,3400,2024-12-25,7,Completed
23201,2524,2024-12-25,7,Completed
16098,3044,2024-12-25,5,Completed
19992,3322,2024-12-25,5,Completed
12375,4809,2024-12-25,3,Completed
18160,208,2024-12-25,5,Completed
3676,1470,2024-12-25,11,Completed
15438,1777,2024-12-25,12,Completed
16824,4147,2024-12-26,8,Cancelled
11522,2989,2024-12-26,8,Completed
8476,4880,2024-12-26,1,Completed
5936,138,2024-12-26,3,Completed
1832,388,2024-12-26,1,Completed
16725,2881,2024-12-26,5,Completed
24132,4848,2024-12-26,7,Completed
21852,81,2024-12-26,2,Completed
16085,4075,2024-12-26,5,Completed
12400,2468,2024-12-26,3,Cancelled
15903,911,2024-12-26,2,Completed
10986,3396,2024-12-26,3,Completed
20329,1081,2024-12-26,1,Completed
24842,4769,2024-12-26,1,Completed
6159,1211,2024-12-26,4,Cancelled
5866,1266,2024-12-26,9,Cancelled
24266,3830,2024-12-26,11,Completed
9228,41,2024-12-26,2,Cancelled
22047,1986,2024-12-26,2,Completed
10816,1689,2024-12-26,9,Completed
14129,2325,2024-12-26,12,Completed
10616,4391,2024-12-26,10,Completed
3520,2948,2024-12-26,7,Completed
4455,1507,2024-12-26,2,Completed
22953,3788,2024-12-26,3,Cancelled
10392,2770,2024-12-26,3,Completed
14572,2286,2024-12-26,2,Completed
13496,1377,2024-12-26,3,Completed
19664,4977,2024-12-27,12,Cancelled
7586,3421,2024-12-27,2,Completed
19609,837,2024-12-27,1,Completed
1191,4828,2024-12-27,4,Completed
22807,3938,2024-12-27,3,Completed
6679,1969,2024-12-27,2,Completed
10018,669,2024-12-27,1,Completed
4199,2260,2024-12-27,11,Completed
9601,1983,2024-12-27,4,Cancelled
760,642,2024-12-27,4,Completed
15035,2954,2024-12-27,9,Completed
12374,1950,2024-12-27,12,Completed
21746,2707,2024-12-27,8,Completed
7871,2844,2024-12-27,4,Completed
14904,612,2024-12-27,1,Completed
14521,666,2024-12-27,10,Completed
10728,1957,2024-12-27,10,Completed
356,3928,2024-12-27,10,Cancelled
19727,3186,2024-12-27,12,Completed
15679,4677,2024-12-27,9,Completed
21806,4902,2024-12-27,4,Completed
22882,3602,2024-12-27,7,Completed
22256,4913,2024-12-27,2,Completed
20856,2672,2024-12-27,10,Completed
12260,4303,2024-12-27,3,Completed
18999,123,2024-12-27,10,Cancelled
7321,1238,2024-12-27,11,Completed
3438,1521,2024-12-28,7,Cancelled
18408,335,2024-12-28,6,Cancelled
1948,2954,2024-12-28,9,Completed
12802,908,2024-12-28,12,Completed
3398,4872,2024-12-28,1,Completed
21151,828,2024-12-28,1,Completed
12113,2246,2024-12-28,9,Completed
11191,4911,2024-12-28,8,Completed
6418,747,2024-12-28,9,Completed
13439,4258,2024-12-28,2,Completed
23686,4905,2024-12-28,10,Completed
17502,1801,2024-12-28,7,Completed
7760,2437,2024-12-28,3,Completed
7548,653,2024-12-28,9,Completed
5056,1472,2024-12-28,2,Completed
16160,3334,2024-12-28,9,Completed
17016,4831,2024-12-28,1,Completed
17871,3265,2024-12-28,5,Completed
6014,1698,2024-12-28,4,Completed
9816,4524,2024-12-28,4,Completed
11955,2624,2024-12-28,5,Completed
13421,552,2024-12-28,6,Completed
777,1253,2024-12-28,12,Cancelled
2496,3866,2024-12-28,11,Completed
897,420,2024-12-28,4,Completed
3838,4481,2024-12-28,11,Completed
19628,2450,2024-12-28,1,Completed
8178,3708,2024-12-28,10,Completed
17274,712,2024-12-28,3,Cancelled
23288,1415,2024-12-28,10,Completed
13739,4283,2024-12-28,5,Cancelled
24715,2671,2024-12-28,12,Completed
15532,40,2024-12-28,5,Cancelled
10466,3063,2024-12-29,3,Completed
5644,2894,2024-12-29,2,Completed
20838,3396,2024-12-29,3,Cancelled
3529,1758,2024-12-29,11,Completed
4701,592,2024-12-29,3,Cancelled
17391,3566,2024-12-29,4,Cancelled
6151,4593,2024-12-29,2,Completed
16602,2949,2024-12-29,6,Completed
17241,259,2024-12-29,7,Completed
8742,4250,2024-12-29,12,Completed
15523,332,2024-12-29,1,Completed
14456,780,2024-12-29,2,Cancelled
1133,4884,2024-12-29,8,Completed
11869,4884,2024-12-29,8,Completed
11312,2648,2024-12-29,12,Completed
11625,2781,2024-12-29,10,Completed
6448,990,2024-12-29,7,Completed
5189,335,2024-12-29,6,Completed
16141,3062,2024-12-29,12,Cancelled
18615,4346,2024-12-29,12,Cancelled
12707,3432,2024-12-29,3,Completed
2712,2436,2024-12-29,1,Cancelled
16728,2623,2024-12-29,5,Completed
19770,4675,2024-12-30,1,Completed
9699,3965,2024-12-30,9,Completed
23595,603,2024-12-30,3,Cancelled
4802,1439,2024-12-30,8,Completed
22694,4762,2024-12-30,6,Completed
2449,2227,2024-12-30,8,Completed
20689,3719,2024-12-30,10,Cancelled
13073,2254,2024-12-30,11,Completed
1623,2727,2024-12-30,8,Completed
21357,2429,2024-12-30,2,Completed
16298,2244,2024-12-30,10,Completed
20893,2687,2024-12-30,8,Completed
11491,301,2024-12-30,1,Cancelled
23937,4350,2024-12-30,4,Completed
8506,3676,2024-12-30,11,Completed
22926,4909,2024-12-30,11,Completed
14441,2582,2024-12-30,4,Completed
6652,4497,2024-12-30,3,Completed
455,4470,2024-12-30,2,Completed
10139,630,2024-12-30,10,Completed
11812,371,2024-12-30,6,Completed
20567,4303,2024-12-31,3,Completed
7968,3561,2024-12-31,8,Completed
4489,1798,2024-12-31,2,Completed
24233,4849,2024-12-31,10,Completed
23370,539,2024-12-31,3,Completed
15122,388,2024-12-31,1,Completed
3929,3950,2024-12-31,6,Cancelled
6336,195,2024-12-31,7,Completed
8992,3871,2024-12-31,4,Cancelled
4249,2827,2024-12-31,4,Completed
24992,1264,2024-12-31,10,Completed
5817,4260,2024-12-31,7,Completed
5227,583,2024-12-31,2,Cancelled
21115,4759,2024-12-31,7,Completed
2669,1141,2024-12-31,2,Cancelled
14642,909,2024-12-31,1,Completed
50,732,2024-12-31,2,Cancelled
20000,1707,2024-12-31,8,Completed
9980,2979,2024-12-31,10,Completed
13661,1669,2024-12-31,11,Completed
21098,1535,2024-12-31,11,Completed
10755,4351,2024-12-31,6,Completed
20642,378,2024-12-31,4,Cancelled
7830,2433,2025-01-01,4,Completed
24995,2113,2025-01-01,3,Completed
17132,1669,2025-01-01,11,Completed
5527,992,2025-01-01,7,Completed
20695,2943,2025-01-01,12,Cancelled
18478,2535,2025-01-01,2,Completed
11388,3196,2025-01-01,1,Cancelled
17424,650,2025-01-01,12,Cancelled
16473,4481,2025-01-01,11,Completed
6646,1589,2025-01-01,5,Completed
4048,2321,2025-01-01,11,Completed
7912,90,2025-01-01,2,Completed
21003,440,2025-01-01,3,Completed
195,3836,2025-01-01,9,Completed
16380,1593,2025-01-01,8,Cancelled
3450,4633,2025-01-01,6,Cancelled
2447,2316,2025-01-01,4,Completed
11778,1194,2025-01-01,3,Completed
11261,2106,2025-01-01,5,Completed
2277,1302,2025-01-01,6,Completed
8682,2253,2025-01-01,6,Completed
13730,5,2025-01-01,7,Cancelled
20915,3990,2025-01-02,1,Completed
4330,3410,2025-01-02,4,Completed
9015,430,2025-01-02,11,Completed
23850,4794,2025-01-02,4,Completed
30,1305,2025-01-02,9,Completed
14206,574,2025-01-02,6,Completed
14655,4071,2025-01-02,7,Completed
4597,1793,2025-01-02,1,Completed
2208,4125,2025-01-02,4,Completed
6835,1562,2025-01-02,6,Completed
13570,844,2025-01-02,4,Completed
24844,1610,2025-01-02,1,Completed
8643,4136,2025-01-02,10,Cancelled
1653,3659,2025-01-02,1,Completed
7915,4427,2025-01-02,1,Completed
7765,3483,2025-01-02,3,Completed
4300,2725,2025-01-02,3,Cancelled
9762,3706,2025-01-02,9,Completed
11198,3512,2025-01-02,10,Completed
11223,3727,2025-01-02,9,Completed
1517,2238,2025-01-02,1,Completed
10762,1214,2025-01-02,8,Cancelled
10252,214,2025-01-02,9,Completed
18254,8,2025-01-02,3,Completed
8663,1266,2025-01-02,9,Completed
18450,76,2025-01-02,12,Completed
10682,867,2025-01-02,8,Completed
4707,355,2025-01-02,12,Completed
22223,2239,2025-01-02,12,Completed
19690,2785,2025-01-03,3,Completed
14035,4720,2025-01-03,10,Cancelled
9023,3152,2025-01-03,11,Completed
19396,3353,2025-01-03,4,Completed
4443,3232,2025-01-03,8,Completed
20738,4571,2025-01-03,12,Completed
918,4068,2025-01-03,5,Completed
15072,2849,2025-01-03,9,Completed
12030,2689,2025-01-03,9,Cancelled
23509,2895,2025-01-03,3,Completed
13868,3193,2025-01-03,2,Completed
1479,1006,2025-01-03,7,Completed
2296,2326,2025-01-03,11,Completed
11182,2025,2025-01-03,11,Completed
16052,101,2025-01-03,10,Completed
9272,3099,2025-01-03,7,Completed
24693,1061,2025-01-03,8,Cancelled
821,2193,2025-01-03,3,Cancelled
1525,4908,2025-01-03,2,Completed
11708,4375,2025-01-03,12,Completed
11988,1334,2025-01-03,2,Cancelled
24098,3477,2025-01-03,6,Cancelled
17689,1425,2025-01-04,10,Cancelled
3785,3635,2025-01-04,12,Completed
9282,4436,2025-01-04,10,Cancelled
12721,3226,2025-01-04,6,Cancelled
3336,2464,2025-01-04,2,Completed
9463,1417,2025-01-04,2,Cancelled
24323,2588,2025-01-04,4,Cancelled
8029,199,2025-01-04,2,Completed
22065,1065,2025-01-04,7,Completed
297,4805,2025-01-04,4,Completed
6573,4092,2025-01-04,11,Completed
3097,2180,2025-01-04,4,Cancelled
7943,823,2025-01-04,3,Completed
18745,4706,2025-01-04,2,Completed
24959,3560,2025-01-04,9,Completed
22330,2700,2025-01-04,6,Cancelled
529,2583,2025-01-04,10,Completed
13254,1626,2025-01-04,1,Completed
3871,2211,2025-01-04,1,Completed
20557,519,2025-01-04,2,Completed
18681,3634,2025-01-04,6,Completed
12976,4789,2025-01-04,4,Completed
23589,4174,2025-01-04,12,Completed
10346,4824,2025-01-04,6,Completed
14702,1412,2025-01-04,7,Completed
5666,2486,2025-01-04,9,Completed
9744,2998,2025-01-04,11,Completed
17053,2829,2025-01-04,8,Completed
1464,1975,2025-01-04,6,Completed
23578,2727,2025-01-05,8,Completed
1391,4821,2025-01-05,2,Completed
17769,4073,2025-01-05,5,Cancelled
24805,68,2025-01-05,5,Completed
13983,533,2025-01-05,8,Completed
7440,2466,2025-01-05,1,Completed
9370,4165,2025-01-05,10,Completed
20905,3520,2025-01-05,3,Completed
21037,304,2025-01-05,3,Completed
21769,537,2025-01-05,2,Completed
17013,1633,2025-01-05,12,Completed
12888,1671,2025-01-05,2,Completed
8243,2775,2025-01-05,2,Cancelled
4688,200,2025-01-05,12,Cancelled
7481,3108,2025-01-05,12,Completed
14588,692,2025-01-05,11,Completed
15962,3628,2025-01-05,3,Cancelled
16779,1957,2025-01-05,10,Completed
19540,2460,2025-01-05,12,Cancelled
21284,4953,2025-01-06,7,Completed
12546,2588,2025-01-06,4,Completed
19802,573,2025-01-06,2,Completed
8847,2019,2025-01-06,6,Completed
20716,4720,2025-01-06,10,Completed
15563,2821,2025-01-06,2,Completed
2912,4626,2025-01-06,3,Completed
11321,1346,2025-01-06,8,Completed
21976,403,2025-01-06,7,Completed
10168,1552,2025-01-06,8,Completed
18657,3896,2025-01-06,8,Completed
1478,283,2025-01-06,5,Cancelled
5789,714,2025-01-06,3,Completed
19791,4727,2025-01-06,1,Completed
14489,3193,2025-01-06,2,Cancelled
14396,490,2025-01-06,10,Completed
21459,1949,2025-01-06,5,Completed
17407,2754,2025-01-06,1,Cancelled
23202,50,2025-01-06,5,Completed
23093,3352,2025-01-06,1,Completed
15230,4245,2025-01-06,6,Completed
12728,1509,2025-01-07,2,Cancelled
5163,4312,2025-01-07,12,Completed
15188,3380,2025-01-07,7,Cancelled
394,1927,2025-01-07,1,Completed
17430,3360,2025-01-07,9,Completed
17922,2847,2025-01-07,12,Completed
22058,238,2025-01-07,10,Completed
5981,764,2025-01-07,6,Completed
4778,2017,2025-01-07,6,Completed
21619,1756,2025-01-07,10,Completed
14822,1569,2025-01-07,11,Completed
17051,4506,2025-01-07,2,Completed
6344,541,2025-01-07,6,Completed
17371,1925,2025-01-07,8,Cancelled
281,47,2025-01-07,3,Cancelled
17060,903,2025-01-08,3,Completed
14831,4196,2025-01-08,2,Completed
7774,3029,2025-01-08,6,Cancelled
981,856,2025-01-08,4,Completed
219,4602,2025-01-08,11,Completed
16342,2825,2025-01-08,8,Completed
15575,3438,2025-01-08,7,Completed
20169,3096,2025-01-08,9,Cancelled
15650,3617,2025-01-08,8,Completed
17984,2131,2025-01-08,7,Completed
19647,1594,2025-01-08,7,Completed
22860,1197,2025-01-08,6,Completed
1346,1855,2025-01-08,3,Completed
23719,4061,2025-01-08,6,Completed
18203,2009,2025-01-08,9,Completed
11610,2990,2025-01-08,7,Completed
8413,564,2025-01-08,6,Completed
22689,807,2025-01-08,1,Completed
6007,2029,2025-01-08,11,Completed
10970,1912,2025-01-08,9,Cancelled
4677,208,2025-01-08,5,Completed
5477,1849,2025-01-08,2,Cancelled
21399,3779,2025-01-08,9,Completed
18752,2220,2025-01-09,10,Completed
21132,4810,2025-01-09,2,Completed
11541,2969,2025-01-09,10,Completed
16184,705,2025-01-09,12,Completed
23431,1987,2025-01-09,7,Completed
148,920,2025-01-09,3,Cancelled
23197,2330,2025-01-09,11,Completed
17546,2489,2025-01-09,8,Completed
23465,2694,2025-01-09,3,Completed
2828,3577,2025-01-09,8,Completed
15187,4215,2025-01-09,1,Completed
22949,1514,2025-01-09,7,Completed
7158,292,2025-01-09,8,Completed
3532,2836,2025-01-09,1,Completed
23162,3124,2025-01-09,12,Completed
11013,3309,2025-01-09,3,Completed
20059,1650,2025-01-09,2,Completed
10000,755,2025-01-09,12,Completed
14848,2736,2025-01-09,8,Completed
6139,1255,2025-01-09,11,Completed
7951,1468,2025-01-09,9,Completed
11714,887,2025-01-09,5,Completed
12676,2160,2025-01-09,10,Completed
20327,3450,2025-01-09,11,Completed
10799,1998,2025-01-09,9,Completed
14342,466,2025-01-10,3,Completed
21017,1083,2025-01-10,3,Completed
20572,1899,2025-01-10,9,Completed
5542,1653,2025-01-10,7,Completed
15728,2488,2025-01-10,7,Completed
18647,2230,2025-01-10,9,Completed
5869,3574,2025-01-10,2,Completed
20548,2967,2025-01-10,2,Cancelled
11220,193,2025-01-10,10,Completed
7909,1683,2025-01-10,7,Completed
11314,1190,2025-01-10,12,Completed
9316,681,2025-01-10,5,Completed
10094,824,2025-01-10,3,Cancelled
14492,709,2025-01-10,8,Cancelled
18325,3831,2025-01-10,1,Completed
6412,1907,2025-01-10,1,Completed
81,1920,2025-01-10,2,Completed
11715,3344,2025-01-11,3,Completed
9467,4283,2025-01-11,5,Completed
17825,2584,2025-01-11,7,Completed
1734,3836,2025-01-11,9,Completed
7266,3317,2025-01-11,5,Completed
12399,2912,2025-01-11,9,Completed
5275,2990,2025-01-11,7,Completed
270,1633,2025-01-11,12,Cancelled
9022,912,2025-01-11,1,Cancelled
2956,3599,2025-01-11,7,Completed
11683,868,2025-01-11,7,Completed
11540,4917,2025-01-11,12,Completed
12523,3734,2025-01-11,11,Cancelled
21801,2732,2025-01-11,9,Completed
20883,1963,2025-01-11,7,Completed
6215,864,2025-01-11,8,Completed
7397,4990,2025-01-11,7,Completed
24410,4045,2025-01-11,2,Completed
3232,3658,2025-01-11,11,Completed
21222,3750,2025-01-11,6,Completed
17536,1853,2025-01-12,1,Completed
12143,3339,2025-01-12,4,Completed
9959,945,2025-01-12,8,Completed
2029,742,2025-01-12,2,Cancelled
14183,1915,2025-01-12,11,Completed
18252,2696,2025-01-12,8,Completed
9815,2705,2025-01-12,10,Completed
10388,4904,2025-01-12,12,Cancelled
12692,2611,2025-01-12,1,Completed
23215,905,2025-01-12,5,Completed
15208,233,2025-01-12,4,Completed
1444,1214,2025-01-12,8,Completed
17148,2030,2025-01-12,12,Completed
7974,4733,2025-01-12,7,Completed
24289,4797,2025-01-12,5,Completed
16981,2545,2025-01-12,1,Completed
11697,2034,2025-01-12,1,Completed
20041,3581,2025-01-12,9,Cancelled
19548,358,2025-01-12,3,Completed
10369,398,2025-01-12,4,Completed
17801,3289,2025-01-12,2,Completed
12168,583,2025-01-12,2,Completed
7649,3069,2025-01-12,2,Completed
17630,388,2025-01-13,1,Completed
567,4552,2025-01-13,12,Completed
21692,4892,2025-01-13,11,Completed
24611,2706,2025-01-13,10,Completed
10370,4855,2025-01-13,4,Completed
15270,3002,2025-01-13,3,Completed
23889,4682,2025-01-13,3,Completed
12670,2897,2025-01-13,4,Completed
24569,2059,2025-01-13,10,Completed
9753,1177,2025-01-13,8,Cancelled
421,1932,2025-01-13,12,Completed
6771,2952,2025-01-13,10,Completed
22304,1467,2025-01-13,10,Completed
1983,2942,2025-01-13,8,Completed
15938,1916,2025-01-13,7,Completed
21523,4634,2025-01-13,7,Completed
13749,144,2025-01-13,2,Completed
15682,4667,2025-01-13,4,Completed
7329,860,2025-01-13,6,Completed
16451,2227,2025-01-13,8,Completed
7488,3497,2025-01-14,6,Completed
23010,4667,2025-01-14,4,Completed
23854,1472,2025-01-14,2,Completed
8096,4191,2025-01-14,5,Completed
14666,1994,2025-01-14,1,Completed
17302,3063,2025-01-14,3,Cancelled
2850,4245,2025-01-14,6,Completed
17031,98,2025-01-14,1,Completed
5241,2244,2025-01-14,10,Completed
2343,171,2025-01-14,7,Completed
13767,3795,2025-01-14,8,Completed
280,4317,2025-01-14,10,Completed
6325,3195,2025-01-14,11,Completed
9680,4831,2025-01-15,1,Completed
18546,3638,2025-01-15,11,Completed
21117,92,2025-01-15,12,Completed
21766,278,2025-01-15,10,Completed
14017,3515,2025-01-15,12,Cancelled
5260,1692,2025-01-15,11,Completed
96,3934,2025-01-15,7,Completed
11953,1077,2025-01-15,9,Completed
10250,3268,2025-01-15,1,Completed
19534,3309,2025-01-15,3,Completed
22621,466,2025-01-15,3,Completed
12406,3957,2025-01-15,7,Completed
10205,3304,2025-01-15,7,Cancelled
17629,2598,2025-01-15,3,Completed
1465,947,2025-01-15,12,Completed
20983,2114,2025-01-15,6,Completed
2867,4664,2025-01-15,7,Completed
11395,4266,2025-01-15,4,Completed
15096,877,2025-01-16,1,Cancelled
5712,1128,2025-01-16,3,Completed
19775,3716,2025-01-16,3,Completed
396,927,2025-01-16,3,Completed
3162,2159,2025-01-16,1,Completed
12839,1944,2025-01-16,1,Completed
6762,2775,2025-01-16,2,Completed
8566,1840,2025-01-16,9,Completed
5343,4481,2025-01-16,11,Completed
20515,304,2025-01-16,3,Completed
18706,1661,2025-01-16,7,Completed
13527,2443,2025-01-16,8,Completed
10570,3974,2025-01-16,10,Completed
15922,4849,2025-01-16,10,Completed
3381,1890,2025-01-16,10,Completed
10419,1884,2025-01-16,9,Completed
566,3300,2025-01-16,12,Completed
14329,1415,2025-01-16,10,Cancelled
14975,566,2025-01-16,9,Completed
15671,4563,2025-01-16,8,Completed
19103,3463,2025-01-17,10,Cancelled
19053,3076,2025-01-17,8,Cancelled
8825,1063,2025-01-17,3,Completed
6801,2993,2025-01-17,10,Completed
24459,2988,2025-01-17,5,Completed
16519,188,2025-01-17,3,Completed
16569,1466,2025-01-17,1,Completed
12172,1009,2025-01-17,9,Completed
29,2602,2025-01-17,3,Completed
6669,4153,2025-01-17,1,Cancelled
6655,2179,2025-01-17,4,Cancelled
22398,1354,2025-01-17,5,Completed
7066,604,2025-01-17,1,Completed
8098,1226,2025-01-17,11,Completed
15622,4145,2025-01-17,7,Completed
14735,2030,2025-01-17,12,Completed
829,4726,2025-01-17,3,Completed
13304,17,2025-01-17,2,Completed
6392,2310,2025-01-17,11,Cancelled
3125,355,2025-01-17,12,Cancelled
3231,3901,2025-01-17,8,Completed
868,15,2025-01-17,8,Completed
13328,4909,2025-01-17,11,Completed
13009,3075,2025-01-17,11,Cancelled
15344,201,2025-01-17,1,Completed
2951,3497,2025-01-17,6,Cancelled
18526,2171,2025-01-17,11,Completed
5606,884,2025-01-17,4,Completed
18817,498,2025-01-17,8,Completed
14927,2475,2025-01-18,7,Cancelled
22601,4427,2025-01-18,1,Completed
7223,4804,2025-01-18,5,Completed
7459,2868,2025-01-18,6,Completed
15621,3623,2025-01-18,10,Completed
4579,2413,2025-01-18,3,Completed
19236,2582,2025-01-18,4,Completed
395,1739,2025-01-18,3,Completed
13888,4839,2025-01-18,7,Completed
7761,594,2025-01-18,9,Completed
4041,1874,2025-01-18,6,Completed
8103,748,2025-01-18,1,Completed
11592,1419,2025-01-18,10,Completed
20411,1752,2025-01-18,5,Completed
6246,3698,2025-01-18,7,Completed
11530,1832,2025-01-18,1,Completed
3135,2781,2025-01-18,10,Cancelled
22071,3185,2025-01-18,5,Completed
6509,7,2025-01-18,1,Completed
19769,4380,2025-01-18,1,Completed
6553,4210,2025-01-18,7,Cancelled
12716,175,2025-01-18,4,Completed
5307,2238,2025-01-18,1,Completed
5928,144,2025-01-18,2,Completed
7834,2916,2025-01-19,1,Completed
9986,3948,2025-01-19,1,Completed
17784,2728,2025-01-19,11,Completed
16409,1825,2025-01-19,1,Cancelled
11531,1265,2025-01-19,2,Completed
5593,2413,2025-01-19,3,Completed
12211,4440,2025-01-19,8,Cancelled
21936,573,2025-01-19,2,Completed
20145,3974,2025-01-19,10,Cancelled
12175,1595,2025-01-19,6,Completed
22145,685,2025-01-19,2,Completed
4490,3937,2025-01-19,12,Completed
20510,3023,2025-01-19,8,Completed
2033,3588,2025-01-19,11,Cancelled
16974,3444,2025-01-19,3,Completed
21902,4932,2025-01-19,7,Cancelled
16505,2101,2025-01-19,9,Completed
8819,751,2025-01-19,7,Completed
14190,4623,2025-01-19,5,Completed
4373,313,2025-01-19,7,Completed
10433,617,2025-01-19,1,Completed
10656,588,2025-01-19,1,Completed
23756,2353,2025-01-19,8,Completed
3250,4880,2025-01-19,1,Completed
15098,401,2025-01-19,2,Completed
22997,335,2025-01-19,6,Completed
20600,4697,2025-01-19,7,Completed
8172,4437,2025-01-19,7,Cancelled
20653,2817,2025-01-19,6,Completed
18558,1761,2025-01-19,8,Completed
11934,2562,2025-01-19,12,Completed
20351,318,2025-01-20,1,Completed
17724,2525,2025-01-20,2,Completed
17029,3114,2025-01-20,12,Completed
13493,1251,2025-01-20,10,Completed
14993,1592,2025-01-20,7,Completed
181,1882,2025-01-20,2,Cancelled
3167,2994,2025-01-20,5,Completed
8667,4245,2025-01-20,6,Completed
10257,3075,2025-01-20,11,Completed
8780,3561,2025-01-20,8,Completed
20735,3795,2025-01-20,8,Completed
220,4666,2025-01-20,6,Completed
15865,3995,2025-01-20,4,Completed
8698,2329,2025-01-20,6,Completed
928,780,2025-01-20,2,Completed
23013,3111,2025-01-20,9,Completed
3552,1484,2025-01-20,1,Completed
917,2906,2025-01-20,7,Cancelled
15871,4927,2025-01-21,9,Completed
10050,4730,2025-01-21,3,Completed
19768,1779,2025-01-21,11,Completed
1762,3677,2025-01-21,3,Completed
4532,1985,2025-01-21,8,Completed
3203,3064,2025-01-21,5,Completed
6058,504,2025-01-21,2,Cancelled
22735,4562,2025-01-21,6,Completed
13664,2369,2025-01-21,10,Cancelled
21579,188,2025-01-21,3,Completed
1167,762,2025-01-21,4,Completed
6496,1784,2025-01-21,7,Cancelled
13261,779,2025-01-21,3,Completed
4445,156,2025-01-21,1,Completed
4257,3953,2025-01-21,4,Cancelled
4720,2952,2025-01-21,10,Completed
17591,3831,2025-01-21,1,Cancelled
11039,4397,2025-01-21,3,Completed
3354,144,2025-01-21,2,Completed
11036,4247,2025-01-21,12,Completed
1853,1613,2025-01-21,10,Cancelled
18264,220,2025-01-21,6,Completed
17572,3033,2025-01-22,1,Completed
19858,1104,2025-01-22,4,Completed
17203,1952,2025-01-22,7,Completed
19732,4732,2025-01-22,9,Completed
19680,3316,2025-01-22,12,Completed
2626,4431,2025-01-22,6,Cancelled
17592,1109,2025-01-22,11,Completed
2655,1963,2025-01-22,7,Cancelled
4169,4584,2025-01-22,11,Completed
23540,3435,2025-01-22,12,Completed
2531,2632,2025-01-22,1,Completed
23547,3877,2025-01-22,3,Completed
15661,1683,2025-01-22,7,Completed
20141,4514,2025-01-22,3,Completed
9439,1212,2025-01-22,11,Completed
3932,1153,2025-01-22,3,Completed
354,3688,2025-01-22,8,Completed
3402,4345,2025-01-22,2,Completed
763,3158,2025-01-23,3,Completed
13281,277,2025-01-23,8,Cancelled
7921,3693,2025-01-23,8,Completed
14374,1993,2025-01-23,9,Cancelled
1829,3846,2025-01-23,7,Completed
9168,4752,2025-01-23,9,Completed
23590,1946,2025-01-23,5,Completed
22283,1991,2025-01-23,1,Completed
23805,4524,2025-01-23,4,Completed
16825,3894,2025-01-23,7,Completed
10696,4270,2025-01-23,3,Cancelled
13436,1201,2025-01-23,6,Completed
15554,4706,2025-01-23,2,Cancelled
9438,4613,2025-01-23,7,Completed
1489,2358,2025-01-23,3,Completed
21654,2307,2025-01-23,5,Completed
16977,1466,2025-01-23,1,Completed
6878,170,2025-01-23,7,Completed
14515,2975,2025-01-23,1,Completed
21236,4401,2025-01-23,12,Cancelled
14849,2541,2025-01-23,1,Completed
236,4122,2025-01-23,3,Completed
15229,388,2025-01-23,1,Completed
21925,3379,2025-01-23,4,Completed
16107,4508,2025-01-23,11,Completed
20356,804,2025-01-23,7,Cancelled
9963,3597,2025-01-24,8,Completed
16585,4646,2025-01-24,5,Completed
21402,4557,2025-01-24,12,Cancelled
9797,1104,2025-01-24,4,Cancelled
59,2672,2025-01-24,10,Completed
6255,2946,2025-01-24,10,Cancelled
22937,3293,2025-01-24,8,Completed
670,3453,2025-01-24,8,Completed
3771,2049,2025-01-24,3,Completed
16566,1888,2025-01-24,4,Cancelled
23744,4028,2025-01-24,4,Completed
7151,3027,2025-01-24,10,Completed
1784,2784,2025-01-24,1,Completed
12294,3904,2025-01-24,1,Completed
17234,4484,2025-01-24,11,Cancelled
16020,4228,2025-01-24,12,Cancelled
11465,2834,2025-01-24,1,Completed
9889,3030,2025-01-24,5,Completed
7338,1879,2025-01-24,12,Completed
15040,1651,2025-01-24,5,Completed
3383,3770,2025-01-24,1,Completed
14231,1947,2025-01-25,2,Cancelled
13217,4848,2025-01-25,7,Completed
23660,2749,2025-01-25,11,Completed
3769,4946,2025-01-25,7,Completed
10544,2972,2025-01-25,12,Completed
20533,1701,2025-01-25,5,Completed
10519,137,2025-01-25,11,Completed
7179,500,2025-01-25,7,Completed
23262,464,2025-01-25,1,Cancelled
4598,3974,2025-01-25,10,Completed
22872,4675,2025-01-25,1,Completed
23041,3694,2025-01-25,5,Cancelled
141,2034,2025-01-25,1,Completed
1422,400,2025-01-25,12,Completed
9066,213,2025-01-25,3,Completed
594,468,2025-01-25,2,Completed
17059,2674,2025-01-25,12,Completed
16668,3429,2025-01-25,5,Completed
5395,4372,2025-01-25,3,Completed
20897,2333,2025-01-25,10,Completed
18250,3282,2025-01-25,10,Completed
15066,2928,2025-01-25,11,Completed
21272,4321,2025-01-25,12,Completed
5870,3293,2025-01-25,8,Completed
23856,2848,2025-01-25,3,Completed
2568,2772,2025-01-25,8,Completed
9456,39,2025-01-25,8,Cancelled
6096,3795,2025-01-26,8,Completed
18509,2366,2025-01-26,3,Completed
10218,4246,2025-01-26,9,Completed
18352,3522,2025-01-26,6,Completed
20262,1144,2025-01-26,2,Completed
3186,1990,2025-01-26,8,Completed
19397,4253,2025-01-26,9,Completed
5511,3151,2025-01-26,8,Completed
19123,4899,2025-01-26,8,Completed
15919,3953,2025-01-26,4,Completed
19986,278,2025-01-26,10,Cancelled
18905,4828,2025-01-26,4,Completed
7250,1524,2025-01-26,1,Completed
12337,4302,2025-01-26,11,Completed
11791,647,2025-01-26,6,Completed
17761,3352,2025-01-26,1,Completed
9157,1318,2025-01-26,9,Completed
14725,4777,2025-01-26,12,Cancelled
6773,4362,2025-01-26,5,Completed
6683,4289,2025-01-26,7,Completed
12441,2262,2025-01-26,11,Completed
16890,76,2025-01-26,12,Completed
12936,1685,2025-01-26,8,Completed
4760,1256,2025-01-26,7,Completed
2564,4343,2025-01-26,3,Cancelled
209,685,2025-01-27,2,Cancelled
12451,3636,2025-01-27,2,Completed
9369,4797,2025-01-27,5,Completed
9427,4470,2025-01-27,2,Completed
24909,2319,2025-01-27,6,Completed
13515,2121,2025-01-27,2,Completed
10093,4898,2025-01-27,10,Completed
13755,4643,2025-01-27,1,Cancelled
668,4399,2025-01-27,12,Cancelled
18120,3667,2025-01-27,11,Completed
1967,1309,2025-01-27,5,Cancelled
22246,477,2025-01-27,1,Completed
22411,3711,2025-01-27,8,Cancelled
4414,4817,2025-01-27,2,Completed
3456,3200,2025-01-27,7,Completed
20824,2343,2025-01-27,10,Completed
14643,4294,2025-01-27,8,Completed
19070,1977,2025-01-27,8,Completed
20782,2416,2025-01-27,6,Cancelled
15041,3086,2025-01-27,8,Completed
3544,3427,2025-01-27,1,Cancelled
20246,3891,2025-01-27,10,Cancelled
18440,2685,2025-01-27,2,Completed
14153,2439,2025-01-27,4,Completed
8759,176,2025-01-27,3,Completed
6247,4304,2025-01-27,7,Completed
20899,960,2025-01-27,3,Completed
17636,2278,2025-01-27,3,Completed
20499,3407,2025-01-27,11,Completed
11152,3273,2025-01-28,4,Completed
7091,3513,2025-01-28,5,Completed
6954,3036,2025-01-28,3,Cancelled
20658,524,2025-01-28,11,Cancelled
6422,2198,2025-01-28,4,Completed
12195,2511,2025-01-28,11,Cancelled
20219,3620,2025-01-28,7,Completed
21178,1210,2025-01-28,9,Completed
22966,2863,2025-01-28,3,Completed
3325,1351,2025-01-28,4,Completed
21557,719,2025-01-28,10,Completed
5431,1011,2025-01-28,10,Cancelled
3720,3364,2025-01-28,7,Completed
18877,4640,2025-01-28,9,Cancelled
21451,1793,2025-01-28,1,Completed
19104,3402,2025-01-28,11,Completed
12490,3453,2025-01-28,8,Completed
22607,2312,2025-01-28,11,Completed
17259,4445,2025-01-28,2,Completed
2426,2563,2025-01-28,2,Completed
3386,211,2025-01-28,3,Completed
14864,2452,2025-01-28,3,Cancelled
7565,2045,2025-01-28,3,Completed
8822,2812,2025-01-28,6,Cancelled
14000,2506,2025-01-28,8,Completed
3630,1095,2025-01-28,10,Completed
20593,2639,2025-01-28,11,Completed
10456,60,2025-01-28,7,Cancelled
20982,4921,2025-01-28,2,Completed
21729,1282,2025-01-28,11,Completed
8540,3523,2025-01-28,1,Completed
24960,4807,2025-01-28,9,Cancelled
22623,4114,2025-01-28,4,Completed
20761,1945,2025-01-29,2,Completed
2925,2186,2025-01-29,3,Completed
1235,2264,2025-01-29,5,Completed
3012,3814,2025-01-29,4,Completed
13851,2825,2025-01-29,8,Completed
11338,4771,2025-01-29,3,Cancelled
20182,3093,2025-01-29,4,Completed
19115,2356,2025-01-29,4,Cancelled
4087,1230,2025-01-29,12,Completed
6749,2952,2025-01-29,10,Cancelled
6597,3440,2025-01-29,1,Completed
19255,2992,2025-01-29,1,Completed
14060,4405,2025-01-29,1,Completed
22749,368,2025-01-29,5,Cancelled
12541,2280,2025-01-29,5,Cancelled
24381,4195,2025-01-29,1,Cancelled
3364,2177,2025-01-29,4,Completed
16795,4114,2025-01-29,4,Completed
8901,3029,2025-01-29,6,Completed
15495,3982,2025-01-29,3,Completed
5556,2740,2025-01-29,10,Completed
5580,3453,2025-01-29,8,Completed
8746,1204,2025-01-29,8,Cancelled
20673,18,2025-01-29,2,Completed
5403,1376,2025-01-29,1,Cancelled
733,3781,2025-01-29,10,Cancelled
4216,2598,2025-01-29,3,Cancelled
8136,1203,2025-01-29,3,Completed
24130,933,2025-01-30,5,Completed
1502,2216,2025-01-30,6,Completed
4889,2981,2025-01-30,1,Completed
9784,1711,2025-01-30,9,Completed
14681,527,2025-01-30,1,Completed
14526,4793,2025-01-30,1,Completed
228,2910,2025-01-30,9,Cancelled
11644,4482,2025-01-30,11,Completed
147,1336,2025-01-30,2,Completed
2114,1070,2025-01-30,3,Completed
16690,661,2025-01-30,5,Cancelled
6631,914,2025-01-30,11,Cancelled
12748,4194,2025-01-30,1,Completed
24643,84,2025-01-30,12,Completed
12205,2074,2025-01-30,10,Completed
11222,1971,2025-01-30,8,Completed
34,2526,2025-01-30,9,Completed
5543,2046,2025-01-30,3,Completed
2978,1561,2025-01-30,2,Completed
18583,3288,2025-01-30,8,Completed
23032,924,2025-01-30,1,Completed
3863,1219,2025-01-30,2,Completed
24407,1916,2025-01-30,7,Completed
15047,3410,2025-01-30,4,Completed
13275,2713,2025-01-30,6,Completed
20625,1511,2025-01-30,5,Completed
16464,618,2025-01-31,1,Completed
3778,4312,2025-01-31,12,Completed
22524,4844,2025-01-31,2,Completed
11408,4812,2025-01-31,8,Completed
14130,1515,2025-01-31,1,Cancelled
11668,1404,2025-01-31,11,Completed
2708,4682,2025-01-31,3,Completed
677,1223,2025-01-31,1,Completed
8892,4,2025-01-31,5,Completed
4208,1362,2025-01-31,1,Completed
1866,2991,2025-01-31,3,Completed
3822,3919,2025-01-31,8,Cancelled
9446,4831,2025-01-31,1,Completed
2009,1860,2025-01-31,10,Completed
15466,853,2025-01-31,12,Completed
2256,3167,2025-01-31,7,Completed
666,2817,2025-01-31,6,Completed
2927,727,2025-01-31,7,Completed
5257,430,2025-01-31,11,Cancelled
23173,905,2025-01-31,5,Completed
12823,1676,2025-01-31,2,Completed
5093,4604,2025-01-31,1,Completed
570,123,2025-01-31,10,Completed
6536,3002,2025-01-31,3,Completed
19085,3502,2025-01-31,12,Cancelled
11323,1979,2025-01-31,1,Completed
7307,1406,2025-01-31,11,Completed
9239,1701,2025-02-01,5,Completed
15522,3362,2025-02-01,3,Cancelled
16272,344,2025-02-01,1,Completed
10780,1393,2025-02-01,1,Completed
5723,4137,2025-02-01,11,Completed
23858,4599,2025-02-01,1,Completed
3146,3318,2025-02-01,2,Completed
2125,480,2025-02-01,4,Completed
18980,4589,2025-02-01,11,Completed
10557,2246,2025-02-01,9,Completed
12296,3499,2025-02-01,10,Completed
12556,1840,2025-02-01,9,Completed
14802,132,2025-02-01,1,Cancelled
21064,359,2025-02-01,7,Completed
22513,307,2025-02-01,4,Cancelled
12040,3948,2025-02-01,1,Cancelled
8276,1862,2025-02-01,9,Completed
16914,184,2025-02-01,3,Completed
15296,3427,2025-02-01,1,Completed
9122,3322,2025-02-01,5,Completed
4811,1119,2025-02-01,7,Completed
18431,2348,2025-02-01,2,Cancelled
16961,1356,2025-02-01,5,Completed
13139,4963,2025-02-01,3,Completed
23224,2409,2025-02-01,6,Completed
23218,3398,2025-02-01,1,Completed
7980,1638,2025-02-01,12,Completed
283,2402,2025-02-01,11,Cancelled
19925,3207,2025-02-01,5,Completed
4040,840,2025-02-01,8,Completed
13818,4693,2025-02-01,10,Cancelled
23671,3940,2025-02-01,8,Cancelled
23537,1945,2025-02-02,2,Cancelled
6794,4939,2025-02-02,9,Completed
13096,4244,2025-02-02,1,Cancelled
11448,4380,2025-02-02,1,Completed
23419,3590,2025-02-02,1,Completed
4242,2877,2025-02-02,2,Completed
4188,2451,2025-02-02,11,Completed
998,955,2025-02-02,1,Completed
12933,4410,2025-02-02,3,Completed
8761,343,2025-02-02,10,Completed
18395,61,2025-02-02,3,Completed
17561,977,2025-02-02,3,Completed
19188,3244,2025-02-02,1,Completed
1975,4335,2025-02-02,5,Completed
4437,4441,2025-02-02,8,Cancelled
9549,3668,2025-02-02,5,Completed
7064,539,2025-02-02,3,Cancelled
1204,1228,2025-02-02,11,Completed
11047,1830,2025-02-02,7,Completed
1140,4345,2025-02-02,2,Completed
24210,1602,2025-02-02,3,Completed
24443,231,2025-02-02,3,Cancelled
13113,1013,2025-02-02,4,Completed
16354,1653,2025-02-02,7,Completed
17133,1094,2025-02-02,3,Completed
10948,3813,2025-02-03,11,Completed
14581,1750,2025-02-03,4,Completed
1426,953,2025-02-03,3,Completed
22227,2007,2025-02-03,2,Completed
5845,3484,2025-02-03,7,Completed
21299,436,2025-02-03,1,Completed
23087,2730,2025-02-03,2,Completed
9150,4678,2025-02-03,5,Completed
459,4111,2025-02-03,5,Completed
13003,2987,2025-02-03,4,Cancelled
4681,4539,2025-02-03,7,Cancelled
17703,1233,2025-02-03,4,Completed
5740,3654,2025-02-03,1,Completed
24692,3096,2025-02-03,9,Cancelled
3615,1911,2025-02-03,7,Completed
13565,39,2025-02-03,8,Completed
14716,498,2025-02-03,8,Completed
9775,3929,2025-02-03,5,Completed
4149,3647,2025-02-03,7,Completed
6883,4523,2025-02-03,2,Completed
8624,3358,2025-02-03,8,Cancelled
10443,3535,2025-02-03,10,Completed
23023,4451,2025-02-03,4,Completed
10229,45,2025-02-03,2,Completed
23517,1174,2025-02-03,4,Cancelled
18280,364,2025-02-03,11,Completed
13075,456,2025-02-03,5,Cancelled
9572,2103,2025-02-03,1,Cancelled
6796,2058,2025-02-03,7,Completed
20203,3181,2025-02-03,1,Completed
21356,713,2025-02-03,3,Completed
7948,1978,2025-02-03,7,Completed
5128,1654,2025-02-03,11,Cancelled
12393,541,2025-02-03,6,Completed
10116,1448,2025-02-03,7,Cancelled
17670,908,2025-02-03,12,Completed
7505,3966,2025-02-04,2,Completed
3155,2139,2025-02-04,2,Completed
12190,1409,2025-02-04,6,Completed
20020,1,2025-02-04,2,Completed
8583,4550,2025-02-04,2,Cancelled
665,4085,2025-02-04,4,Cancelled
9187,787,2025-02-04,4,Completed
22109,2364,2025-02-04,2,Completed
1735,2360,2025-02-04,3,Completed
1861,2020,2025-02-04,12,Completed
16673,2942,2025-02-04,8,Completed
14783,1630,2025-02-04,12,Completed
19896,1738,2025-02-04,8,Completed
23845,876,2025-02-04,7,Cancelled
19575,1867,2025-02-04,12,Completed
19068,3319,2025-02-04,3,Completed
21154,3067,2025-02-04,11,Cancelled
17181,3880,2025-02-04,7,Cancelled
14514,1661,2025-02-04,7,Completed
18723,920,2025-02-04,3,Completed
16976,4840,2025-02-04,7,Completed
323,1644,2025-02-04,12,Completed
13270,696,2025-02-05,4,Completed
18747,957,2025-02-05,2,Cancelled
13591,4470,2025-02-05,2,Completed
4347,164,2025-02-05,11,Completed
13061,1846,2025-02-05,12,Cancelled
14755,1283,2025-02-05,12,Completed
7231,4776,2025-02-05,5,Completed
24520,2379,2025-02-05,1,Completed
15374,4060,2025-02-05,6,Completed
14393,3847,2025-02-05,9,Completed
7533,2451,2025-02-05,11,Completed
4430,588,2025-02-05,1,Completed
15727,4993,2025-02-05,6,Completed
7636,723,2025-02-05,2,Completed
20506,1129,2025-02-05,4,Completed
12965,1758,2025-02-05,11,Completed
8151,352,2025-02-05,5,Completed
9081,3561,2025-02-05,8,Cancelled
4952,2505,2025-02-05,9,Completed
24114,2599,2025-02-05,1,Completed
19860,3345,2025-02-05,1,Completed
20077,4335,2025-02-05,5,Completed
23862,3719,2025-02-05,10,Cancelled
19567,1244,2025-02-05,2,Completed
17921,2553,2025-02-05,10,Completed
20813,3658,2025-02-06,11,Completed
15358,4484,2025-02-06,11,Completed
12550,2087,2025-02-06,3,Completed
13287,4839,2025-02-06,7,Completed
1618,2468,2025-02-06,3,Completed
12000,4656,2025-02-06,11,Completed
11840,4829,2025-02-06,4,Cancelled
6758,611,2025-02-06,4,Completed
11980,4270,2025-02-06,3,Cancelled
22324,1768,2025-02-06,11,Completed
8680,1722,2025-02-06,8,Cancelled
15030,1917,2025-02-06,9,Completed
46,440,2025-02-06,3,Completed
8045,1342,2025-02-06,12,Cancelled
16716,2329,2025-02-06,6,Completed
14627,587,2025-02-06,8,Cancelled
17306,2606,2025-02-06,11,Completed
14280,3004,2025-02-06,12,Completed
4773,1956,2025-02-06,11,Completed
19157,3720,2025-02-06,2,Completed
17359,1441,2025-02-06,4,Completed
528,1511,2025-02-06,5,Completed
3211,1210,2025-02-06,9,Completed
5724,2772,2025-02-06,8,Completed
3200,1690,2025-02-06,1,Completed
4200,2275,2025-02-06,11,Completed
1755,541,2025-02-07,6,Completed
5904,3463,2025-02-07,10,Completed
8536,1609,2025-02-07,1,Completed
24354,1185,2025-02-07,4,Cancelled
4474,1757,2025-02-07,8,Cancelled
10458,1262,2025-02-07,1,Cancelled
16960,2638,2025-02-07,8,Cancelled
4961,4496,2025-02-07,9,Completed
17422,1112,2025-02-07,10,Completed
17023,1542,2025-02-07,10,Completed
9530,2503,2025-02-07,9,Completed
7843,4168,2025-02-07,4,Completed
17979,2148,2025-02-07,11,Completed
10087,4625,2025-02-07,1,Completed
5146,2541,2025-02-07,1,Completed
15484,2530,2025-02-07,2,Cancelled
7993,4380,2025-02-07,1,Cancelled
5820,3319,2025-02-07,3,Completed
1460,3453,2025-02-07,8,Completed
1694,1668,2025-02-07,5,Completed
23192,3447,2025-02-07,1,Completed
11755,4261,2025-02-07,5,Completed
24464,4599,2025-02-07,1,Completed
23357,371,2025-02-07,6,Cancelled
14795,2668,2025-02-07,11,Completed
10694,4831,2025-02-07,1,Completed
4336,887,2025-02-08,5,Completed
8827,63,2025-02-08,9,Completed
23926,2219,2025-02-08,2,Completed
22010,2670,2025-02-08,2,Completed
10376,3284,2025-02-08,6,Completed
17219,197,2025-02-08,12,Completed
9792,374,2025-02-08,10,Cancelled
16758,1306,2025-02-08,4,Cancelled
14690,2764,2025-02-08,4,Completed
503,151,2025-02-08,4,Completed
22255,2786,2025-02-08,1,Cancelled
19348,2581,2025-02-08,8,Completed
10583,2066,2025-02-08,9,Completed
313,155,2025-02-08,3,Cancelled
15990,1578,2025-02-08,7,Completed
1531,2724,2025-02-08,12,Completed
7590,4835,2025-02-08,7,Cancelled
5453,3987,2025-02-08,5,Cancelled
16723,224,2025-02-08,3,Completed
18396,2737,2025-02-08,6,Completed
5449,711,2025-02-08,5,Completed
24486,2620,2025-02-08,6,Cancelled
749,670,2025-02-08,1,Completed
3507,316,2025-02-08,12,Completed
14423,111,2025-02-08,2,Completed
24947,14,2025-02-09,4,Cancelled
5944,1166,2025-02-09,11,Completed
23217,3727,2025-02-09,9,Completed
14150,3444,2025-02-09,3,Cancelled
1415,2000,2025-02-09,2,Completed
2122,1557,2025-02-09,2,Completed
9580,4253,2025-02-09,9,Completed
20032,3462,2025-02-09,7,Completed
14789,1400,2025-02-09,7,Completed
7902,4414,2025-02-09,7,Completed
18225,4350,2025-02-09,4,Completed
8936,3967,2025-02-09,10,Completed
3224,4932,2025-02-10,7,Completed
6948,4471,2025-02-10,11,Completed
13035,2131,2025-02-10,7,Completed
24830,3016,2025-02-10,6,Completed
18985,140,2025-02-10,7,Completed
22789,805,2025-02-10,7,Completed
16480,2144,2025-02-10,6,Completed
14542,2945,2025-02-10,3,Completed
7049,4965,2025-02-10,3,Completed
21627,4464,2025-02-10,1,Completed
21595,1919,2025-02-10,9,Completed
22786,1774,2025-02-10,5,Completed
15127,1341,2025-02-10,7,Completed
11975,4692,2025-02-10,1,Completed
18833,1083,2025-02-10,3,Completed
23899,968,2025-02-10,1,Completed
13557,394,2025-02-10,6,Completed
24672,1014,2025-02-10,12,Completed
17524,789,2025-02-10,6,Completed
12423,230,2025-02-10,11,Completed
9395,1325,2025-02-10,1,Completed
13697,750,2025-02-11,5,Completed
5131,3554,2025-02-11,8,Completed
4320,4139,2025-02-11,1,Cancelled
24277,2218,2025-02-11,7,Completed
18064,1867,2025-02-11,12,Completed
17564,3247,2025-02-11,8,Completed
7148,1651,2025-02-11,5,Completed
2776,2414,2025-02-11,9,Completed
18290,3266,2025-02-11,2,Completed
4990,2032,2025-02-11,3,Completed
17725,2216,2025-02-11,6,Completed
3075,3473,2025-02-11,3,Completed
12667,3738,2025-02-11,2,Cancelled
5044,1471,2025-02-11,9,Completed
3113,4162,2025-02-11,8,Completed
12531,1292,2025-02-11,4,Completed
16418,4562,2025-02-11,6,Completed
8205,4157,2025-02-11,1,Cancelled
9884,2450,2025-02-11,1,Completed
4849,4348,2025-02-11,1,Completed
6441,4260,2025-02-11,7,Completed
8584,201,2025-02-11,1,Completed
23037,3139,2025-02-11,12,Completed
3877,1181,2025-02-12,12,Cancelled
969,2215,2025-02-12,2,Cancelled
18418,4850,2025-02-12,7,Completed
4130,2219,2025-02-12,2,Completed
15947,154,2025-02-12,8,Completed
2559,122,2025-02-12,5,Completed
17799,701,2025-02-12,4,Completed
609,1949,2025-02-12,5,Completed
19805,1253,2025-02-12,12,Completed
8983,3629,2025-02-12,11,Cancelled
15531,985,2025-02-12,2,Completed
20455,3921,2025-02-12,4,Completed
17951,1187,2025-02-12,1,Completed
14339,598,2025-02-12,9,Cancelled
8284,1925,2025-02-12,8,Completed
17282,3477,2025-02-12,6,Cancelled
12898,2729,2025-02-12,1,Cancelled
17466,1298,2025-02-13,8,Cancelled
16349,2798,2025-02-13,5,Completed
2222,1092,2025-02-13,6,Cancelled
12138,40,2025-02-13,5,Completed
23846,354,2025-02-13,9,Cancelled
22910,995,2025-02-13,1,Completed
8054,574,2025-02-13,6,Completed
4655,4295,2025-02-13,4,Completed
8302,3245,2025-02-13,7,Cancelled
1379,2878,2025-02-13,8,Completed
18609,2657,2025-02-13,3,Completed
10874,4125,2025-02-13,4,Completed
22463,4390,2025-02-13,3,Completed
16358,697,2025-02-13,10,Completed
14326,2890,2025-02-13,7,Cancelled
18502,780,2025-02-13,2,Completed
9583,1111,2025-02-14,10,Completed
23922,4042,2025-02-14,2,Completed
9640,721,2025-02-14,3,Completed
11945,1694,2025-02-14,4,Completed
18327,4640,2025-02-14,9,Completed
11584,4631,2025-02-14,12,Completed
4270,3409,2025-02-14,2,Completed
388,2818,2025-02-14,2,Completed
9700,4122,2025-02-14,3,Completed
13896,2906,2025-02-14,7,Completed
8902,3928,2025-02-14,10,Completed
10669,4181,2025-02-14,2,Completed
3677,4695,2025-02-14,6,Cancelled
6072,4824,2025-02-14,6,Completed
22577,2766,2025-02-14,8,Completed
9523,3611,2025-02-14,3,Completed
24928,377,2025-02-14,2,Completed
10434,2413,2025-02-14,3,Cancelled
1116,1843,2025-02-14,2,Completed
8760,1393,2025-02-15,1,Completed
1141,3529,2025-02-15,1,Cancelled
5683,4469,2025-02-15,3,Cancelled
5878,1300,2025-02-15,6,Completed
17541,3927,2025-02-15,10,Cancelled
2737,4177,2025-02-15,1,Completed
20413,4945,2025-02-15,8,Completed
22654,31,2025-02-15,10,Cancelled
9405,3667,2025-02-15,11,Completed
22752,1137,2025-02-15,10,Cancelled
22774,3161,2025-02-15,7,Cancelled
7742,4389,2025-02-15,10,Cancelled
20888,4147,2025-02-15,8,Completed
4015,3522,2025-02-15,6,Cancelled
10961,2648,2025-02-15,12,Completed
5075,3997,2025-02-15,8,Completed
22288,3026,2025-02-15,1,Cancelled
20861,2392,2025-02-15,1,Cancelled
11459,4771,2025-02-15,3,Completed
8967,521,2025-02-15,12,Completed
8202,4523,2025-02-15,2,Completed
19606,3586,2025-02-15,8,Completed
16394,2728,2025-02-15,11,Completed
4841,618,2025-02-15,1,Completed
5208,4352,2025-02-15,1,Completed
17095,4564,2025-02-15,4,Completed
16950,3517,2025-02-15,11,Completed
1226,2532,2025-02-15,8,Completed
17121,2604,2025-02-15,7,Completed
14770,4102,2025-02-15,8,Completed
2129,2492,2025-02-15,5,Completed
11505,4756,2025-02-15,4,Completed
11246,3563,2025-02-15,6,Completed
7901,1455,2025-02-15,1,Completed
12642,3656,2025-02-16,12,Completed
14992,1418,2025-02-16,7,Completed
20604,3660,2025-02-16,5,Cancelled
13072,96,2025-02-16,2,Completed
738,3641,2025-02-16,1,Completed
3986,4513,2025-02-16,6,Completed
828,4323,2025-02-16,11,Completed
8800,2732,2025-02-16,9,Cancelled
6132,1732,2025-02-16,3,Completed
227,1412,2025-02-16,7,Completed
2600,1208,2025-02-16,7,Completed
5840,2283,2025-02-16,12,Completed
14168,3032,2025-02-16,3,Cancelled
22939,1809,2025-02-16,3,Completed
16449,4559,2025-02-16,1,Completed
10142,3023,2025-02-16,8,Completed
21880,2078,2025-02-16,3,Completed
6690,98,2025-02-16,1,Completed
7285,2560,2025-02-16,2,Completed
22469,785,2025-02-16,10,Completed
11660,4626,2025-02-16,3,Completed
24931,4555,2025-02-16,1,Completed
12928,2873,2025-02-16,4,Completed
1879,409,2025-02-16,6,Completed
3261,394,2025-02-16,6,Completed
13321,4312,2025-02-16,12,Completed
736,1566,2025-02-16,11,Completed
485,4488,2025-02-17,6,Completed
1536,4597,2025-02-17,8,Completed
9110,3756,2025-02-17,10,Cancelled
17042,2742,2025-02-17,11,Completed
14125,2537,2025-02-17,12,Completed
19587,3664,2025-02-17,8,Completed
23326,4959,2025-02-17,11,Completed
10747,569,2025-02-17,2,Completed
19637,748,2025-02-17,1,Completed
3861,4266,2025-02-17,4,Completed
2989,2404,2025-02-17,2,Completed
2227,2941,2025-02-17,10,Completed
3726,4360,2025-02-17,11,Completed
5744,1560,2025-02-18,6,Completed
1878,687,2025-02-18,3,Completed
19915,624,2025-02-18,7,Completed
21957,4927,2025-02-18,9,Completed
574,4898,2025-02-18,10,Completed
6337,4447,2025-02-18,8,Cancelled
3208,3717,2025-02-18,11,Cancelled
4289,3099,2025-02-18,7,Cancelled
19136,4057,2025-02-18,11,Cancelled
13611,4880,2025-02-18,1,Completed
6561,3655,2025-02-18,4,Completed
8369,654,2025-02-18,10,Completed
9709,3186,2025-02-18,12,Completed
340,131,2025-02-18,7,Completed
14792,21,2025-02-18,1,Completed
17886,3407,2025-02-18,11,Completed
20003,3430,2025-02-18,5,Completed
2663,227,2025-02-18,2,Cancelled
2267,1967,2025-02-18,1,Completed
19476,924,2025-02-18,1,Completed
21590,498,2025-02-18,8,Completed
8596,4896,2025-02-18,1,Cancelled
1610,594,2025-02-18,9,Completed
20464,4241,2025-02-18,9,Cancelled
14328,2121,2025-02-19,2,Cancelled
8535,797,2025-02-19,10,Completed
1872,4537,2025-02-19,3,Completed
17739,425,2025-02-19,3,Completed
12339,4609,2025-02-19,11,Completed
4365,2176,2025-02-19,10,Completed
14569,3767,2025-02-19,1,Completed
11071,1826,2025-02-19,3,Completed
8376,2784,2025-02-19,1,Cancelled
14475,596,2025-02-19,2,Completed
4369,440,2025-02-19,3,Completed
13745,3894,2025-02-19,7,Completed
8504,1502,2025-02-19,1,Completed
7024,2211,2025-02-19,1,Completed
19280,695,2025-02-19,6,Completed
18712,1499,2025-02-19,12,Completed
20181,1808,2025-02-19,7,Cancelled
13480,4343,2025-02-19,3,Completed
3085,3171,2025-02-19,10,Completed
18848,2058,2025-02-19,7,Completed
7061,841,2025-02-19,9,Completed
11866,1200,2025-02-19,8,Completed
14881,76,2025-02-19,12,Cancelled
4055,764,2025-02-19,6,Completed
22951,4349,2025-02-19,3,Completed
17011,3130,2025-02-19,12,Completed
5201,3665,2025-02-19,5,Cancelled
24483,2202,2025-02-19,5,Completed
19226,112,2025-02-19,12,Completed
22766,8,2025-02-19,3,Completed
4377,3412,2025-02-20,11,Completed
6894,2605,2025-02-20,3,Completed
389,1591,2025-02-20,1,Completed
23731,1197,2025-02-20,6,Cancelled
13194,1607,2025-02-20,7,Completed
12222,4431,2025-02-20,6,Cancelled
6269,4668,2025-02-20,6,Cancelled
11031,702,2025-02-20,12,Completed
3703,1742,2025-02-20,2,Cancelled
3082,399,2025-02-20,12,Completed
21751,316,2025-02-20,12,Completed
21129,2987,2025-02-20,4,Completed
17113,3359,2025-02-20,11,Completed
8945,1009,2025-02-20,9,Completed
4919,3698,2025-02-20,7,Completed
24234,2952,2025-02-20,10,Completed
21689,3064,2025-02-20,5,Completed
13857,436,2025-02-20,1,Cancelled
22958,4347,2025-02-20,3,Completed
17413,1421,2025-02-20,10,Completed
23436,57,2025-02-20,9,Cancelled
21038,1471,2025-02-20,9,Completed
6356,989,2025-02-21,4,Completed
12883,1299,2025-02-21,4,Completed
19750,4162,2025-02-21,8,Completed
2071,3611,2025-02-21,3,Completed
10269,1000,2025-02-21,11,Completed
22043,539,2025-02-21,3,Cancelled
21337,4773,2025-02-21,10,Cancelled
21717,4516,2025-02-21,3,Completed
4190,3224,2025-02-21,3,Cancelled
17808,2527,2025-02-21,2,Completed
24426,3504,2025-02-21,3,Completed
10921,359,2025-02-21,7,Completed
9367,662,2025-02-21,3,Completed
11685,2691,2025-02-21,2,Completed
22452,3634,2025-02-22,6,Completed
17410,1771,2025-02-22,7,Completed
6369,2185,2025-02-22,7,Completed
2204,4243,2025-02-22,4,Completed
6612,4529,2025-02-22,2,Cancelled
7219,4042,2025-02-22,2,Completed
12757,3340,2025-02-22,4,Completed
7192,3476,2025-02-22,3,Completed
24197,237,2025-02-22,7,Completed
1150,3629,2025-02-22,11,Completed
8129,1081,2025-02-22,1,Completed
4324,3375,2025-02-22,12,Completed
2788,1190,2025-02-22,12,Cancelled
3573,2423,2025-02-22,12,Cancelled
7939,3688,2025-02-22,8,Completed
23005,1000,2025-02-22,11,Completed
5790,4389,2025-02-22,10,Completed
20074,3163,2025-02-22,1,Completed
3294,2704,2025-02-22,1,Completed
19264,1307,2025-02-22,8,Cancelled
8765,4362,2025-02-22,5,Completed
20864,1243,2025-02-22,8,Completed
12463,1484,2025-02-22,1,Completed
387,4842,2025-02-22,3,Completed
15049,184,2025-02-22,3,Completed
24397,2793,2025-02-22,6,Cancelled
10500,3084,2025-02-22,1,Completed
7910,3269,2025-02-22,7,Completed
21511,4021,2025-02-23,7,Completed
7905,729,2025-02-23,6,Completed
16097,4297,2025-02-23,1,Completed
8671,543,2025-02-23,5,Completed
3476,3088,2025-02-23,3,Completed
18057,2643,2025-02-23,6,Cancelled
6676,2740,2025-02-23,10,Completed
11873,3520,2025-02-23,3,Completed
1028,4317,2025-02-23,10,Cancelled
894,4741,2025-02-23,6,Cancelled
1113,74,2025-02-23,6,Completed
24887,624,2025-02-23,7,Cancelled
6286,371,2025-02-23,6,Cancelled
22127,3588,2025-02-23,11,Completed
51,3350,2025-02-23,8,Completed
16901,4037,2025-02-23,9,Cancelled
9804,1412,2025-02-23,7,Completed
9153,3880,2025-02-23,7,Completed
248,2835,2025-02-23,12,Completed
13257,2220,2025-02-23,10,Completed
17570,2699,2025-02-23,1,Completed
12478,4912,2025-02-23,2,Completed
22110,3300,2025-02-23,12,Cancelled
16276,4156,2025-02-23,2,Cancelled
20367,4162,2025-02-24,8,Cancelled
23164,64,2025-02-24,9,Cancelled
21122,3903,2025-02-24,6,Cancelled
13373,2848,2025-02-24,3,Cancelled
5417,93,2025-02-24,11,Completed
21065,604,2025-02-24,1,Completed
24066,553,2025-02-24,12,Cancelled
1362,1718,2025-02-24,2,Cancelled
23691,2627,2025-02-24,7,Completed
19696,773,2025-02-24,5,Completed
10964,2670,2025-02-24,2,Completed
16189,608,2025-02-24,5,Completed
24152,1681,2025-02-24,11,Completed
2034,2523,2025-02-24,3,Completed
1864,320,2025-02-24,12,Cancelled
10249,4212,2025-02-24,10,Completed
3115,3109,2025-02-24,7,Completed
7247,2957,2025-02-24,4,Completed
6927,2424,2025-02-24,3,Completed
22007,3586,2025-02-24,8,Completed
7650,2594,2025-02-24,5,Completed
22095,4421,2025-02-25,12,Completed
4547,2897,2025-02-25,4,Cancelled
7919,324,2025-02-25,12,Cancelled
16774,1352,2025-02-25,3,Completed
4606,2732,2025-02-25,9,Completed
5164,167,2025-02-25,10,Completed
23649,1453,2025-02-25,10,Completed
2291,2447,2025-02-25,8,Completed
5368,1720,2025-02-25,7,Completed
9718,1190,2025-02-25,12,Cancelled
15905,3667,2025-02-25,11,Completed
17750,3006,2025-02-25,4,Completed
9205,1957,2025-02-25,10,Completed
1860,3298,2025-02-25,12,Cancelled
12830,2763,2025-02-25,7,Completed
451,2954,2025-02-25,9,Completed
10802,4034,2025-02-25,5,Completed
24089,1849,2025-02-25,2,Completed
3490,1009,2025-02-25,9,Completed
18239,396,2025-02-25,2,Completed
9552,4145,2025-02-25,7,Cancelled
11431,708,2025-02-25,4,Cancelled
11437,1470,2025-02-25,11,Completed
9111,4312,2025-02-25,12,Completed
23693,808,2025-02-25,2,Completed
2442,2401,2025-02-25,6,Completed
6514,4970,2025-02-25,5,Cancelled
22173,1192,2025-02-26,1,Completed
7042,259,2025-02-26,7,Completed
17508,2916,2025-02-26,1,Completed
7782,2936,2025-02-26,12,Cancelled
23637,271,2025-02-26,4,Completed
8501,4674,2025-02-26,10,Cancelled
14408,641,2025-02-26,3,Completed
6367,4236,2025-02-26,11,Completed
13769,4950,2025-02-26,8,Cancelled
3177,2774,2025-02-26,4,Completed
24348,4034,2025-02-26,5,Completed
23639,494,2025-02-26,7,Completed
10177,2751,2025-02-26,6,Cancelled
4482,457,2025-02-26,12,Completed
17811,573,2025-02-26,2,Completed
24427,2793,2025-02-26,6,Completed
3884,3365,2025-02-26,3,Completed
5905,1771,2025-02-26,7,Completed
11123,2895,2025-02-27,3,Completed
6846,3375,2025-02-27,12,Cancelled
20978,371,2025-02-27,6,Completed
23786,967,2025-02-27,8,Completed
9747,1949,2025-02-27,5,Completed
4003,4690,2025-02-27,8,Cancelled
11165,3653,2025-02-27,3,Completed
19076,2897,2025-02-27,4,Completed
14920,2865,2025-02-27,10,Completed
15387,2220,2025-02-27,10,Completed
16955,546,2025-02-27,3,Completed
18143,4286,2025-02-27,1,Completed
11799,2177,2025-02-27,4,Completed
9974,2154,2025-02-27,1,Completed
5913,4627,2025-02-27,6,Completed
17547,3866,2025-02-27,11,Completed
19374,1560,2025-02-28,6,Completed
23883,586,2025-02-28,7,Completed
15711,4178,2025-02-28,6,Completed
24278,1336,2025-02-28,2,Completed
22305,804,2025-02-28,7,Cancelled
8528,1774,2025-02-28,5,Cancelled
20142,4710,2025-02-28,3,Completed
5602,1190,2025-02-28,12,Completed
20004,3124,2025-02-28,12,Cancelled
5309,3350,2025-02-28,8,Completed
13672,3574,2025-02-28,2,Completed
3168,4278,2025-02-28,2,Cancelled
24176,1862,2025-02-28,9,Completed
23206,192,2025-02-28,6,Completed
4795,3527,2025-02-28,8,Cancelled
19019,2296,2025-02-28,11,Cancelled
4723,138,2025-02-28,3,Completed
21244,4065,2025-02-28,3,Completed
6051,1754,2025-02-28,1,Completed
10468,2423,2025-02-28,12,Completed
4631,414,2025-02-28,3,Completed
20388,4150,2025-02-28,8,Completed
16745,55,2025-03-01,9,Completed
19118,2930,2025-03-01,1,Completed
16459,695,2025-03-01,6,Cancelled
11104,3503,2025-03-01,11,Completed
6537,3143,2025-03-01,1,Completed
9730,3348,2025-03-01,5,Cancelled
587,2649,2025-03-01,3,Completed
18432,3181,2025-03-01,1,Completed
21655,4875,2025-03-01,5,Completed
5336,4977,2025-03-01,12,Cancelled
320,2379,2025-03-01,1,Completed
7895,2958,2025-03-01,1,Completed
15627,1462,2025-03-01,3,Cancelled
21442,2492,2025-03-01,5,Completed
17562,4028,2025-03-01,4,Completed
13248,2524,2025-03-01,7,Cancelled
21310,2261,2025-03-01,10,Completed
967,1673,2025-03-01,2,Completed
37,4994,2025-03-02,2,Completed
21648,1693,2025-03-02,9,Completed
5957,2219,2025-03-02,2,Completed
15725,4160,2025-03-02,6,Completed
7725,2563,2025-03-02,2,Completed
21768,1332,2025-03-02,6,Completed
12905,1941,2025-03-02,5,Completed
17231,2706,2025-03-02,10,Completed
20028,1758,2025-03-02,11,Completed
3131,4178,2025-03-02,6,Completed
19296,2906,2025-03-02,7,Cancelled
16872,1874,2025-03-02,6,Completed
3264,3507,2025-03-02,11,Completed
3282,294,2025-03-02,4,Completed
14970,1498,2025-03-02,11,Completed
3083,4196,2025-03-02,2,Completed
18811,1506,2025-03-02,12,Completed
20038,1405,2025-03-02,3,Cancelled
9024,3524,2025-03-02,4,Completed
9295,4436,2025-03-02,10,Completed
21372,3714,2025-03-02,5,Completed
14260,4824,2025-03-02,6,Completed
2039,2972,2025-03-02,12,Completed
11380,3623,2025-03-02,10,Completed
19273,826,2025-03-03,2,Completed
604,461,2025-03-03,3,Completed
18156,2083,2025-03-03,1,Cancelled
17654,3727,2025-03-03,9,Completed
5598,2211,2025-03-03,1,Cancelled
6489,873,2025-03-03,10,Completed
20345,2069,2025-03-03,11,Cancelled
5613,4400,2025-03-03,3,Completed
200,4603,2025-03-03,6,Cancelled
20718,692,2025-03-03,11,Completed
22366,3766,2025-03-03,5,Completed
5211,2553,2025-03-03,10,Completed
21513,4286,2025-03-03,1,Completed
10368,936,2025-03-03,7,Cancelled
12538,320,2025-03-03,12,Completed
379,4075,2025-03-03,5,Cancelled
17200,1538,2025-03-03,2,Cancelled
18205,3402,2025-03-03,11,Completed
2479,4078,2025-03-03,2,Completed
8324,2082,2025-03-03,6,Completed
13347,3967,2025-03-03,10,Completed
9591,84,2025-03-03,12,Completed
14499,4681,2025-03-03,7,Completed
23664,2797,2025-03-03,7,Completed
7712,1746,2025-03-03,3,Completed
15969,344,2025-03-03,1,Completed
9382,3756,2025-03-03,10,Completed
14467,3502,2025-03-03,12,Completed
13725,2292,2025-03-03,4,Completed
2815,177,2025-03-04,9,Cancelled
1142,3563,2025-03-04,6,Completed
22842,3527,2025-03-04,8,Completed
21728,2499,2025-03-04,6,Completed
2732,2583,2025-03-04,10,Completed
11628,1725,2025-03-04,9,Completed
17655,3204,2025-03-04,4,Completed
15854,840,2025-03-04,8,Completed
12413,4192,2025-03-04,3,Completed
11020,252,2025-03-04,8,Completed
6225,3864,2025-03-04,10,Completed
84,4921,2025-03-04,2,Completed
11311,2955,2025-03-04,9,Cancelled
17126,4732,2025-03-04,9,Cancelled
16253,4599,2025-03-04,1,Completed
7455,824,2025-03-04,3,Completed
2928,1475,2025-03-04,7,Cancelled
653,3976,2025-03-04,4,Completed
18890,4374,2025-03-04,11,Completed
21148,2980,2025-03-04,7,Cancelled
23009,208,2025-03-04,5,Cancelled
9172,653,2025-03-04,9,Completed
9121,2126,2025-03-04,7,Completed
16468,1713,2025-03-04,8,Cancelled
8443,2076,2025-03-05,1,Completed
22336,3667,2025-03-05,11,Completed
22035,938,2025-03-05,12,Completed
17257,4661,2025-03-05,1,Completed
13703,2909,2025-03-05,11,Completed
18766,2196,2025-03-05,5,Completed
19311,2118,2025-03-05,3,Completed
11523,1139,2025-03-05,5,Completed
17889,4683,2025-03-05,3,Completed
17397,3099,2025-03-05,7,Completed
20007,1295,2025-03-05,10,Cancelled
1083,3607,2025-03-05,7,Completed
20306,835,2025-03-05,8,Completed
2913,4409,2025-03-05,1,Completed
23141,3911,2025-03-05,4,Completed
13174,1870,2025-03-05,2,Completed
9603,286,2025-03-05,5,Cancelled
4262,139,2025-03-05,2,Completed
5960,1538,2025-03-05,2,Cancelled
21428,2475,2025-03-05,7,Completed
20270,2329,2025-03-05,6,Completed
3925,714,2025-03-06,3,Completed
14766,3027,2025-03-06,10,Completed
13675,127,2025-03-06,12,Completed
7940,257,2025-03-06,1,Completed
13999,3158,2025-03-06,3,Completed
15490,3899,2025-03-06,8,Completed
24773,3036,2025-03-06,3,Completed
21708,2549,2025-03-06,8,Completed
13489,1487,2025-03-06,6,Completed
2373,2819,2025-03-06,6,Completed
14052,23,2025-03-06,4,Completed
15065,1078,2025-03-06,1,Completed
12439,3322,2025-03-06,5,Cancelled
24362,2466,2025-03-06,1,Completed
15094,3278,2025-03-06,2,Completed
21808,1958,2025-03-06,12,Cancelled
6331,1915,2025-03-06,11,Completed
21335,416,2025-03-06,8,Completed
21028,476,2025-03-06,10,Completed
9840,3401,2025-03-06,10,Completed
10312,1645,2025-03-06,11,Completed
18937,2792,2025-03-06,7,Completed
11203,2091,2025-03-06,5,Completed
7335,3240,2025-03-07,4,Completed
7386,355,2025-03-07,12,Completed
24877,3125,2025-03-07,12,Cancelled
4775,4424,2025-03-07,3,Completed
17459,224,2025-03-07,3,Completed
7961,490,2025-03-07,10,Completed
9638,654,2025-03-07,10,Completed
1060,977,2025-03-07,3,Completed
844,3561,2025-03-07,8,Completed
12233,4497,2025-03-07,3,Completed
24104,595,2025-03-07,1,Completed
7785,3858,2025-03-07,1,Completed
20989,920,2025-03-07,3,Completed
11621,2039,2025-03-07,2,Completed
13024,999,2025-03-07,9,Completed
4751,4682,2025-03-07,3,Completed
20005,2363,2025-03-07,9,Completed
23422,2216,2025-03-08,6,Completed
23113,3535,2025-03-08,10,Completed
20146,874,2025-03-08,4,Completed
9596,2401,2025-03-08,6,Cancelled
8723,3167,2025-03-08,7,Completed
22698,748,2025-03-08,1,Completed
20554,1431,2025-03-08,10,Completed
21497,1066,2025-03-08,5,Cancelled
21031,2923,2025-03-08,10,Cancelled
1188,3103,2025-03-08,11,Completed
8467,363,2025-03-08,2,Completed
16655,3071,2025-03-08,8,Completed
22802,3477,2025-03-08,6,Completed
3403,214,2025-03-08,9,Completed
17834,4519,2025-03-08,8,Completed
7472,3296,2025-03-08,2,Completed
18442,4855,2025-03-08,4,Completed
8551,4964,2025-03-08,10,Completed
23088,4326,2025-03-08,6,Completed
7273,4567,2025-03-09,2,Completed
3993,64,2025-03-09,9,Completed
16601,720,2025-03-09,4,Completed
3295,315,2025-03-09,12,Completed
1732,4136,2025-03-09,10,Cancelled
8438,2562,2025-03-09,12,Completed
12165,2154,2025-03-09,1,Completed
11319,3991,2025-03-09,2,Completed
15401,1881,2025-03-09,11,Completed
9806,138,2025-03-09,3,Completed
22549,2923,2025-03-09,10,Completed
16029,785,2025-03-09,10,Completed
2474,235,2025-03-09,11,Cancelled
8631,3520,2025-03-09,3,Completed
21819,659,2025-03-09,1,Completed
6213,2123,2025-03-09,5,Completed
4566,2951,2025-03-09,2,Completed
14381,2014,2025-03-09,4,Completed
1601,2548,2025-03-09,1,Completed
6429,1037,2025-03-09,6,Completed
15117,2752,2025-03-10,3,Completed
22479,4083,2025-03-10,1,Completed
3300,3272,2025-03-10,12,Cancelled
11959,3831,2025-03-10,1,Completed
7721,2216,2025-03-10,6,Completed
23443,3709,2025-03-10,11,Completed
21617,927,2025-03-10,3,Completed
7617,3649,2025-03-10,7,Completed
16014,2614,2025-03-10,11,Completed
130,4717,2025-03-10,3,Completed
23094,3799,2025-03-10,1,Cancelled
4192,1503,2025-03-10,3,Completed
6049,637,2025-03-10,1,Completed
17143,2594,2025-03-10,5,Completed
1917,3980,2025-03-10,4,Cancelled
9708,3800,2025-03-10,5,Completed
24202,1280,2025-03-10,1,Completed
14028,1397,2025-03-10,3,Cancelled
5019,3099,2025-03-11,7,Completed
19697,3370,2025-03-11,12,Completed
18234,4821,2025-03-11,2,Completed
12031,2656,2025-03-11,3,Cancelled
5725,4722,2025-03-11,4,Completed
4028,3158,2025-03-11,3,Completed
10594,3427,2025-03-11,1,Completed
9141,3018,2025-03-11,9,Cancelled
19243,650,2025-03-11,12,Completed
8556,3979,2025-03-11,8,Completed
18938,1671,2025-03-11,2,Completed
3390,2901,2025-03-11,6,Completed
3055,2659,2025-03-11,10,Completed
21758,1926,2025-03-11,7,Completed
3479,1352,2025-03-11,3,Completed
23338,4678,2025-03-11,5,Completed
13873,2207,2025-03-11,2,Completed
12309,373,2025-03-11,2,Completed
3028,4838,2025-03-11,11,Cancelled
5837,4158,2025-03-11,7,Completed
7789,3834,2025-03-11,3,Completed
22718,2598,2025-03-11,3,Completed
20211,1359,2025-03-11,4,Completed
14594,3213,2025-03-11,7,Cancelled
3795,1534,2025-03-12,4,Completed
23591,2011,2025-03-12,3,Completed
11306,4484,2025-03-12,11,Completed
22969,1923,2025-03-12,10,Cancelled
1663,4813,2025-03-12,2,Cancelled
22748,2910,2025-03-12,9,Completed
15733,2208,2025-03-12,10,Completed
12934,2309,2025-03-12,2,Cancelled
5943,2402,2025-03-12,11,Completed
7372,798,2025-03-12,6,Cancelled
5998,1446,2025-03-12,10,Completed
10465,4109,2025-03-12,10,Completed
3462,2066,2025-03-12,9,Completed
4100,1712,2025-03-12,2,Completed
6819,3598,2025-03-12,2,Completed
19897,1190,2025-03-12,12,Completed
12542,4888,2025-03-12,3,Completed
17286,4407,2025-03-12,2,Completed
6101,4419,2025-03-12,1,Cancelled
19914,1271,2025-03-12,3,Completed
23701,2056,2025-03-12,6,Completed
24727,4192,2025-03-12,3,Completed
2503,863,2025-03-12,10,Completed
264,2805,2025-03-12,3,Cancelled
7784,3413,2025-03-12,2,Completed
20946,476,2025-03-12,10,Completed
3774,3944,2025-03-12,5,Completed
2153,1871,2025-03-12,8,Cancelled
3834,4491,2025-03-12,6,Completed
6571,370,2025-03-12,4,Completed
2840,4807,2025-03-12,9,Completed
9717,4266,2025-03-12,4,Completed
16998,3510,2025-03-13,12,Completed
3637,2589,2025-03-13,9,Completed
9548,4203,2025-03-13,3,Cancelled
3902,1354,2025-03-13,5,Completed
5655,3016,2025-03-13,6,Completed
2648,3016,2025-03-13,6,Completed
11044,1473,2025-03-13,3,Completed
15318,375,2025-03-13,4,Cancelled
291,4307,2025-03-13,1,Completed
10091,3110,2025-03-13,1,Completed
22187,4546,2025-03-13,1,Completed
3117,63,2025-03-13,9,Cancelled
24244,2356,2025-03-13,4,Completed
16486,1212,2025-03-13,11,Completed
23501,774,2025-03-13,1,Completed
21448,3957,2025-03-13,7,Cancelled
4551,1281,2025-03-13,10,Cancelled
19298,1808,2025-03-13,7,Completed
1164,2406,2025-03-13,10,Completed
11546,4199,2025-03-13,9,Completed
22506,1966,2025-03-13,11,Completed
11797,373,2025-03-13,2,Completed
17869,2782,2025-03-13,12,Completed
14636,639,2025-03-13,12,Cancelled
6492,4345,2025-03-14,2,Completed
8340,21,2025-03-14,1,Completed
12256,117,2025-03-14,4,Cancelled
1021,748,2025-03-14,1,Completed
4225,2188,2025-03-14,7,Completed
5989,3727,2025-03-14,9,Completed
13012,3779,2025-03-14,9,Completed
4676,1416,2025-03-14,6,Completed
12547,2697,2025-03-14,2,Completed
6802,964,2025-03-14,4,Completed
9668,1979,2025-03-14,1,Completed
9533,2543,2025-03-14,1,Completed
4252,2613,2025-03-14,2,Cancelled
20374,2418,2025-03-14,1,Completed
2156,3440,2025-03-14,1,Cancelled
21183,648,2025-03-14,1,Completed
24704,4265,2025-03-14,9,Completed
8543,2873,2025-03-14,4,Cancelled
9893,4882,2025-03-14,11,Completed
12210,1946,2025-03-14,5,Completed
18138,1945,2025-03-14,2,Completed
18919,867,2025-03-14,8,Cancelled
10503,3760,2025-03-14,12,Completed
24302,1826,2025-03-14,3,Completed
8861,2413,2025-03-14,3,Cancelled
11887,2606,2025-03-14,11,Completed
5215,1610,2025-03-14,1,Cancelled
7722,2812,2025-03-14,6,Completed
22892,1081,2025-03-14,1,Completed
2064,3306,2025-03-15,11,Completed
16015,105,2025-03-15,2,Completed
24521,2357,2025-03-15,6,Completed
10965,4190,2025-03-15,9,Completed
90,136,2025-03-15,6,Cancelled
21923,3155,2025-03-15,10,Completed
17468,4814,2025-03-15,6,Completed
24903,2828,2025-03-15,7,Completed
7671,1862,2025-03-15,9,Completed
11428,3514,2025-03-15,1,Completed
19365,4865,2025-03-15,2,Completed
22211,1595,2025-03-15,6,Completed
19784,3903,2025-03-15,6,Completed
14750,358,2025-03-15,3,Completed
4378,402,2025-03-15,7,Completed
14376,2125,2025-03-15,2,Completed
3434,1766,2025-03-15,9,Completed
14450,3141,2025-03-15,1,Completed
5105,2031,2025-03-16,10,Completed
6658,676,2025-03-16,2,Completed
24820,4117,2025-03-16,4,Completed
13700,1093,2025-03-16,10,Completed
13140,857,2025-03-16,3,Completed
442,3688,2025-03-16,8,Completed
7896,481,2025-03-16,5,Completed
19438,3655,2025-03-16,4,Completed
7771,709,2025-03-16,8,Completed
8433,2207,2025-03-16,2,Cancelled
4421,986,2025-03-16,2,Completed
9450,3976,2025-03-16,4,Completed
21941,400,2025-03-16,12,Completed
818,4229,2025-03-16,11,Completed
24151,4662,2025-03-16,9,Completed
23511,1758,2025-03-16,11,Completed
12163,2014,2025-03-16,4,Completed
8143,1264,2025-03-16,10,Completed
8968,3424,2025-03-16,3,Cancelled
6410,3656,2025-03-16,12,Completed
14213,3560,2025-03-16,9,Cancelled
13627,2521,2025-03-16,12,Cancelled
11719,3787,2025-03-16,2,Completed
3499,96,2025-03-16,2,Cancelled
263,3932,2025-03-16,4,Completed
20739,493,2025-03-16,7,Completed
9836,4532,2025-03-16,5,Completed
12530,2259,2025-03-17,7,Completed
21599,550,2025-03-17,7,Completed
12410,2270,2025-03-17,9,Cancelled
22014,194,2025-03-17,3,Completed
15880,1606,2025-03-17,3,Completed
23238,875,2025-03-17,7,Cancelled
1640,3319,2025-03-17,3,Completed
17538,2072,2025-03-17,5,Cancelled
21855,3142,2025-03-17,5,Cancelled
7188,4173,2025-03-17,12,Completed
18137,2379,2025-03-17,1,Completed
1072,3540,2025-03-17,12,Completed
14113,2017,2025-03-17,6,Cancelled
21799,4630,2025-03-17,7,Cancelled
2059,1659,2025-03-17,1,Completed
12344,4660,2025-03-17,2,Completed
6686,3588,2025-03-17,11,Completed
5763,3255,2025-03-17,12,Cancelled
3743,1718,2025-03-17,2,Completed
2392,3775,2025-03-17,3,Cancelled
7377,657,2025-03-17,5,Cancelled
21900,2871,2025-03-17,1,Completed
2965,1595,2025-03-17,6,Completed
4682,2876,2025-03-17,3,Cancelled
19289,2897,2025-03-17,4,Completed
20086,3976,2025-03-18,4,Cancelled
18798,4348,2025-03-18,1,Completed
14981,913,2025-03-18,3,Completed
17182,2972,2025-03-18,12,Completed
744,4389,2025-03-18,10,Completed
1409,1035,2025-03-18,5,Completed
8481,4799,2025-03-18,5,Completed
16317,4513,2025-03-18,6,Completed
18381,4356,2025-03-18,10,Cancelled
13867,3340,2025-03-18,4,Completed
14335,4214,2025-03-18,11,Completed
10264,2232,2025-03-18,2,Cancelled
3432,3854,2025-03-18,5,Completed
23187,1862,2025-03-18,9,Completed
9713,3888,2025-03-18,1,Completed
21198,1770,2025-03-18,3,Cancelled
15025,2795,2025-03-18,9,Completed
21112,4650,2025-03-18,5,Completed
15841,68,2025-03-18,5,Completed
9299,4949,2025-03-18,3,Cancelled
5560,2562,2025-03-18,12,Cancelled
19911,4327,2025-03-18,3,Completed
8748,3506,2025-03-18,2,Completed
1274,114,2025-03-19,6,Completed
17912,1887,2025-03-19,3,Completed
4171,3265,2025-03-19,5,Completed
14194,2945,2025-03-19,3,Completed
19796,1989,2025-03-19,2,Completed
21053,3036,2025-03-19,3,Completed
17877,785,2025-03-19,10,Completed
5922,4662,2025-03-19,9,Cancelled
9522,116,2025-03-19,6,Cancelled
7589,4314,2025-03-19,2,Cancelled
18902,1592,2025-03-19,7,Completed
3442,2673,2025-03-19,3,Completed
3836,1102,2025-03-19,4,Completed
4233,3495,2025-03-19,7,Cancelled
21618,2076,2025-03-19,1,Cancelled
11078,1724,2025-03-19,7,Completed
4993,3846,2025-03-19,7,Completed
6133,4372,2025-03-19,3,Completed
18741,1152,2025-03-19,2,Completed
23442,3518,2025-03-19,11,Cancelled
23318,98,2025-03-19,1,Completed
7530,1329,2025-03-19,10,Completed
2711,1620,2025-03-19,4,Completed
14686,541,2025-03-19,6,Completed
11375,2506,2025-03-19,8,Cancelled
225,365,2025-03-19,10,Completed
6243,1741,2025-03-19,8,Completed
18165,998,2025-03-19,8,Completed
19419,1980,2025-03-20,2,Completed
2715,1049,2025-03-20,6,Completed
22924,3057,2025-03-20,7,Cancelled
1911,2641,2025-03-20,11,Cancelled
16547,4517,2025-03-20,7,Completed
5242,934,2025-03-20,7,Completed
9742,1832,2025-03-20,1,Completed
7925,2450,2025-03-20,1,Completed
8544,3294,2025-03-20,8,Cancelled
10812,2828,2025-03-20,7,Cancelled
23219,4512,2025-03-20,8,Cancelled
5011,2512,2025-03-20,8,Cancelled
5319,2489,2025-03-20,8,Completed
4649,605,2025-03-20,6,Cancelled
16970,1406,2025-03-20,11,Completed
24345,4871,2025-03-20,4,Completed
11678,2191,2025-03-20,2,Completed
17966,3877,2025-03-20,3,Completed
6741,4262,2025-03-20,1,Completed
20584,3490,2025-03-20,8,Completed
16710,4560,2025-03-20,11,Completed
10148,3458,2025-03-20,5,Completed
16781,4137,2025-03-20,11,Completed
24403,262,2025-03-20,11,Completed
12637,523,2025-03-20,2,Completed
8925,4125,2025-03-21,4,Completed
7135,3072,2025-03-21,1,Cancelled
12513,2155,2025-03-21,9,Completed
7674,3076,2025-03-21,8,Completed
15257,2656,2025-03-21,3,Cancelled
22693,2704,2025-03-21,1,Completed
23437,3139,2025-03-21,12,Completed
6579,561,2025-03-21,8,Completed
18197,1248,2025-03-21,1,Completed
10451,4153,2025-03-21,1,Completed
21042,827,2025-03-21,10,Completed
19549,2417,2025-03-21,12,Completed
11951,1161,2025-03-21,6,Completed
13323,1587,2025-03-21,2,Completed
903,3181,2025-03-21,1,Completed
15583,4391,2025-03-21,10,Cancelled
11405,3109,2025-03-21,7,Completed
23328,3297,2025-03-21,9,Completed
2510,2718,2025-03-21,8,Completed
5023,4369,2025-03-21,1,Completed
7340,369,2025-03-21,9,Completed
22333,4516,2025-03-21,3,Completed
9676,1809,2025-03-21,3,Completed
8432,3367,2025-03-21,12,Completed
22406,3089,2025-03-21,12,Completed
1738,248,2025-03-22,10,Completed
13715,3338,2025-03-22,7,Completed
8137,3620,2025-03-22,7,Completed
2723,4975,2025-03-22,5,Completed
23294,3504,2025-03-22,3,Cancelled
22938,490,2025-03-22,10,Cancelled
2091,1267,2025-03-22,1,Completed
19908,1050,2025-03-22,11,Cancelled
1996,3171,2025-03-22,10,Completed
24775,1851,2025-03-22,2,Cancelled
17681,3436,2025-03-22,2,Completed
21316,3433,2025-03-22,11,Completed
14110,4958,2025-03-22,5,Completed
12953,674,2025-03-22,7,Completed
22212,2506,2025-03-22,8,Cancelled
14312,1834,2025-03-22,2,Completed
3610,2925,2025-03-22,2,Cancelled
21385,2179,2025-03-22,4,Completed
21250,4380,2025-03-22,1,Completed
6622,1473,2025-03-22,3,Completed
17453,3914,2025-03-22,2,Completed
13313,500,2025-03-22,7,Completed
1813,4921,2025-03-23,2,Completed
9912,3707,2025-03-23,2,Cancelled
13258,4214,2025-03-23,11,Completed
22777,3108,2025-03-23,12,Cancelled
5963,2280,2025-03-23,5,Completed
4983,4779,2025-03-23,6,Completed
14530,976,2025-03-23,11,Cancelled
18561,1620,2025-03-23,4,Completed
12327,2415,2025-03-23,4,Completed
13721,3088,2025-03-23,3,Completed
11403,4535,2025-03-23,8,Completed
5148,4752,2025-03-23,9,Completed
2798,1211,2025-03-23,4,Completed
10960,729,2025-03-23,6,Completed
23506,4111,2025-03-23,5,Cancelled
3301,689,2025-03-23,3,Completed
7646,4498,2025-03-23,3,Completed
2131,541,2025-03-23,6,Completed
16577,3398,2025-03-23,1,Completed
15052,4571,2025-03-23,12,Completed
22297,2067,2025-03-24,9,Completed
23247,1612,2025-03-24,5,Completed
7073,4652,2025-03-24,12,Completed
16491,4644,2025-03-24,7,Completed
18782,1182,2025-03-24,4,Completed
11563,111,2025-03-24,2,Completed
19453,4405,2025-03-24,1,Completed
18416,1210,2025-03-24,9,Completed
16815,1858,2025-03-24,5,Cancelled
204,2469,2025-03-24,3,Completed
8422,3104,2025-03-24,8,Completed
12635,1662,2025-03-24,6,Completed
3040,2595,2025-03-24,1,Completed
9298,457,2025-03-24,12,Completed
9318,4539,2025-03-24,7,Completed
13251,4344,2025-03-24,1,Completed
9652,2740,2025-03-24,10,Completed
2061,2280,2025-03-24,5,Completed
16821,2491,2025-03-24,5,Completed
21306,724,2025-03-24,11,Completed
1558,2898,2025-03-24,3,Completed
1874,1712,2025-03-25,2,Cancelled
15410,510,2025-03-25,9,Completed
19539,4987,2025-03-25,5,Completed
11487,2371,2025-03-25,12,Cancelled
2825,4506,2025-03-25,2,Cancelled
9823,4170,2025-03-25,1,Completed
12722,578,2025-03-25,12,Completed
21135,481,2025-03-25,5,Completed
9665,972,2025-03-25,2,Completed
19595,2706,2025-03-25,10,Completed
4296,2009,2025-03-25,9,Completed
20197,1619,2025-03-25,4,Cancelled
22915,295,2025-03-25,2,Completed
4977,3837,2025-03-25,4,Cancelled
19810,353,2025-03-25,10,Cancelled
10709,2553,2025-03-25,10,Completed
19408,2011,2025-03-25,3,Cancelled
15464,3944,2025-03-25,5,Completed
6268,1367,2025-03-25,7,Completed
18736,1559,2025-03-25,8,Completed
11212,2402,2025-03-25,11,Completed
21280,1188,2025-03-25,11,Completed
20274,3398,2025-03-25,1,Cancelled
22442,37,2025-03-25,6,Completed
10683,2979,2025-03-25,10,Completed
8836,1246,2025-03-25,10,Completed
9985,4414,2025-03-25,7,Completed
23454,2277,2025-03-25,1,Completed
21522,1213,2025-03-26,3,Completed
22260,1701,2025-03-26,5,Completed
14816,4577,2025-03-26,4,Cancelled
6198,1111,2025-03-26,10,Completed
10726,4046,2025-03-26,12,Completed
6120,2059,2025-03-26,10,Completed
75,2444,2025-03-26,1,Completed
2991,4717,2025-03-26,3,Cancelled
5012,4752,2025-03-26,9,Completed
12927,3283,2025-03-26,3,Cancelled
761,927,2025-03-26,3,Cancelled
4131,41,2025-03-26,2,Completed
20134,2137,2025-03-26,8,Completed
17112,2843,2025-03-26,6,Cancelled
19430,4414,2025-03-26,7,Completed
22140,188,2025-03-26,3,Cancelled
21202,1777,2025-03-26,12,Completed
9176,3494,2025-03-26,7,Cancelled
5329,39,2025-03-26,8,Completed
10706,253,2025-03-26,5,Completed
20634,4258,2025-03-26,2,Cancelled
24783,3253,2025-03-26,11,Completed
24563,1773,2025-03-27,3,Completed
18862,4060,2025-03-27,6,Completed
5489,879,2025-03-27,2,Completed
4862,4385,2025-03-27,7,Completed
7098,2392,2025-03-27,1,Completed
1149,747,2025-03-27,9,Completed
19672,4378,2025-03-27,11,Completed
19369,1075,2025-03-27,7,Completed
18403,4668,2025-03-27,6,Cancelled
18243,6,2025-03-27,12,Completed
6609,2414,2025-03-27,9,Completed
10365,4612,2025-03-27,12,Cancelled
17768,4109,2025-03-27,10,Completed
24794,4966,2025-03-27,1,Completed
2976,3866,2025-03-27,11,Completed
9707,1000,2025-03-27,11,Completed
5826,597,2025-03-27,1,Completed
18570,466,2025-03-28,3,Completed
15160,4563,2025-03-28,8,Completed
10598,3273,2025-03-28,4,Completed
14727,951,2025-03-28,12,Completed
23070,3058,2025-03-28,5,Completed
12061,1302,2025-03-28,6,Completed
18457,1785,2025-03-28,12,Completed
19015,4927,2025-03-28,9,Completed
13350,837,2025-03-28,1,Completed
7036,449,2025-03-28,5,Cancelled
16405,3693,2025-03-28,8,Cancelled
19702,1517,2025-03-28,1,Cancelled
7486,2225,2025-03-28,5,Completed
9851,4896,2025-03-28,1,Completed
2335,2988,2025-03-28,5,Completed
12628,404,2025-03-28,6,Completed
4236,4383,2025-03-28,1,Cancelled
10260,2641,2025-03-28,11,Completed
12525,1249,2025-03-28,5,Completed
18333,3973,2025-03-29,2,Cancelled
9389,3314,2025-03-29,6,Cancelled
13177,1334,2025-03-29,2,Completed
4209,1570,2025-03-29,5,Completed
13813,3181,2025-03-29,1,Cancelled
10635,4019,2025-03-29,7,Completed
14653,3267,2025-03-29,12,Completed
24907,2444,2025-03-29,1,Completed
9599,2628,2025-03-29,11,Completed
2368,2957,2025-03-29,4,Completed
21167,2243,2025-03-29,4,Completed
13909,3824,2025-03-29,2,Completed
12982,2954,2025-03-29,9,Completed
22883,3615,2025-03-29,1,Completed
4402,3158,2025-03-29,3,Cancelled
8843,2659,2025-03-29,10,Completed
8457,3274,2025-03-29,9,Completed
14493,4213,2025-03-29,7,Cancelled
7198,2976,2025-03-30,11,Completed
8639,1820,2025-03-30,1,Cancelled
3063,3646,2025-03-30,4,Completed
15034,1945,2025-03-30,2,Completed
14262,2246,2025-03-30,9,Completed
23669,2320,2025-03-30,7,Completed
24425,4800,2025-03-30,11,Completed
2177,1224,2025-03-30,12,Completed
5595,2641,2025-03-30,11,Completed
2287,2189,2025-03-30,4,Completed
5337,3279,2025-03-30,1,Cancelled
9673,2716,2025-03-30,3,Completed
12331,1798,2025-03-30,2,Completed
20348,4967,2025-03-30,1,Completed
18223,3238,2025-03-30,7,Completed
21027,1998,2025-03-30,9,Completed
2048,4186,2025-03-30,5,Completed
11562,2039,2025-03-30,2,Completed
3689,3608,2025-03-30,12,Completed
24,4076,2025-03-30,5,Completed
7727,4776,2025-03-30,5,Completed
16899,908,2025-03-30,12,Cancelled
20201,2466,2025-03-30,1,Completed
20675,2955,2025-03-31,9,Completed
18620,1615,2025-03-31,5,Completed
11199,1886,2025-03-31,1,Completed
17617,4029,2025-03-31,8,Completed
10145,1789,2025-03-31,7,Completed
3911,739,2025-03-31,3,Cancelled
11599,1072,2025-03-31,1,Cancelled
21901,3656,2025-03-31,12,Completed
10041,1850,2025-03-31,5,Completed
3127,310,2025-03-31,1,Cancelled
4502,1182,2025-03-31,4,Completed
5027,3585,2025-03-31,12,Cancelled
2530,4362,2025-03-31,5,Completed
23717,4808,2025-03-31,2,Cancelled
7234,650,2025-03-31,12,Completed
494,3891,2025-03-31,10,Completed
18044,4031,2025-03-31,5,Cancelled
19739,736,2025-03-31,1,Completed
7174,3794,2025-03-31,5,Cancelled
16140,3468,2025-03-31,12,Completed
5798,1106,2025-03-31,3,Completed
17788,4060,2025-03-31,6,Completed
2962,3438,2025-04-01,7,Completed
24829,3149,2025-04-01,8,Completed
7936,590,2025-04-01,2,Completed
5596,3762,2025-04-01,7,Cancelled
1032,766,2025-04-01,2,Completed
15128,2367,2025-04-01,7,Completed
15932,1325,2025-04-01,1,Completed
2289,1295,2025-04-01,10,Cancelled
9841,385,2025-04-01,2,Completed
304,1747,2025-04-01,1,Cancelled
16488,3604,2025-04-01,2,Completed
23953,3075,2025-04-01,11,Completed
15920,4035,2025-04-01,11,Cancelled
18732,636,2025-04-01,2,Cancelled
17478,4754,2025-04-01,6,Completed
11590,202,2025-04-01,7,Completed
12231,2910,2025-04-01,9,Cancelled
15637,2421,2025-04-01,1,Cancelled
15685,692,2025-04-01,11,Completed
10191,2784,2025-04-01,1,Completed
12803,899,2025-04-02,12,Completed
21553,3866,2025-04-02,11,Completed
18931,2108,2025-04-02,11,Completed
12742,531,2025-04-02,1,Completed
23486,2118,2025-04-02,3,Completed
14979,1337,2025-04-02,2,Completed
12597,1200,2025-04-02,8,Cancelled
18216,653,2025-04-02,9,Completed
1131,1473,2025-04-02,3,Completed
20001,2449,2025-04-02,11,Completed
14038,1035,2025-04-02,5,Completed
14226,815,2025-04-02,11,Completed
5693,2865,2025-04-02,10,Cancelled
11556,558,2025-04-02,12,Completed
8946,3041,2025-04-02,3,Completed
14331,85,2025-04-02,3,Completed
10840,574,2025-04-02,6,Completed
2973,1335,2025-04-02,1,Cancelled
24252,4371,2025-04-02,9,Completed
439,2568,2025-04-02,9,Completed
5895,3305,2025-04-02,5,Completed
4500,3654,2025-04-02,1,Cancelled
8072,3067,2025-04-03,11,Completed
11046,919,2025-04-03,2,Cancelled
18776,4609,2025-04-03,11,Cancelled
3013,3563,2025-04-03,6,Cancelled
7632,364,2025-04-03,11,Completed
3535,662,2025-04-03,3,Completed
20912,3540,2025-04-03,12,Completed
172,3949,2025-04-03,4,Completed
13212,979,2025-04-03,6,Completed
14065,899,2025-04-03,12,Completed
20410,4034,2025-04-03,5,Completed
19626,4467,2025-04-03,6,Completed
18578,254,2025-04-03,2,Completed
22299,2812,2025-04-03,6,Completed
13944,4231,2025-04-03,2,Completed
17596,3322,2025-04-03,5,Cancelled
15191,1107,2025-04-03,1,Cancelled
6090,4584,2025-04-03,11,Completed
3886,4477,2025-04-04,1,Completed
20102,3964,2025-04-04,6,Completed
22009,1358,2025-04-04,3,Completed
5096,1238,2025-04-04,11,Completed
757,4686,2025-04-04,9,Cancelled
4010,45,2025-04-04,2,Completed
17691,3518,2025-04-04,11,Completed
13957,4464,2025-04-04,1,Completed
22794,1487,2025-04-04,6,Completed
3356,544,2025-04-04,5,Cancelled
4639,3006,2025-04-04,4,Completed
20549,4238,2025-04-04,3,Completed
7200,4266,2025-04-04,4,Cancelled
152,2582,2025-04-04,4,Completed
5198,1654,2025-04-04,11,Completed
21554,4018,2025-04-04,11,Cancelled
18572,4323,2025-04-04,11,Completed
1574,1701,2025-04-04,5,Completed
489,161,2025-04-04,11,Completed
13069,928,2025-04-04,2,Completed
2885,3273,2025-04-04,4,Completed
21149,4109,2025-04-04,10,Completed
1455,1594,2025-04-04,7,Completed
2388,4934,2025-04-04,3,Completed
4784,4366,2025-04-04,1,Cancelled
19350,3787,2025-04-04,2,Completed
13646,1574,2025-04-04,1,Completed
2337,2601,2025-04-04,3,Completed
18496,1668,2025-04-05,5,Completed
11138,64,2025-04-05,9,Completed
22450,3206,2025-04-05,7,Completed
17175,2987,2025-04-05,4,Completed
19955,3944,2025-04-05,5,Cancelled
7048,4683,2025-04-05,3,Completed
10789,2847,2025-04-05,12,Completed
10143,1287,2025-04-05,5,Completed
24431,1337,2025-04-05,2,Completed
9053,1436,2025-04-05,5,Completed
4564,2238,2025-04-05,1,Completed
13378,837,2025-04-05,1,Cancelled
6034,1896,2025-04-05,7,Cancelled
16010,2207,2025-04-05,2,Completed
12333,1092,2025-04-05,6,Completed
19737,737,2025-04-05,5,Cancelled
3981,4328,2025-04-05,8,Completed
6803,2043,2025-04-05,5,Completed
24927,4371,2025-04-05,9,Completed
14103,3269,2025-04-05,7,Completed
15161,4046,2025-04-05,12,Completed
4986,2698,2025-04-05,6,Completed
9756,359,2025-04-05,7,Completed
19284,2899,2025-04-05,9,Completed
15980,1273,2025-04-05,5,Completed
9737,674,2025-04-05,7,Cancelled
8549,1929,2025-04-05,7,Completed
17147,4002,2025-04-06,11,Completed
3909,1892,2025-04-06,4,Completed
1459,4953,2025-04-06,7,Completed
20729,4578,2025-04-06,6,Completed
23843,4936,2025-04-06,4,Completed
996,4792,2025-04-06,6,Completed
3557,2424,2025-04-06,3,Completed
23044,2467,2025-04-06,3,Completed
10832,1776,2025-04-06,1,Completed
3283,4810,2025-04-06,2,Completed
9805,2816,2025-04-06,4,Completed
11084,1723,2025-04-06,8,Completed
6978,1744,2025-04-06,3,Cancelled
1852,1034,2025-04-06,2,Cancelled
24848,1926,2025-04-06,7,Completed
12842,60,2025-04-06,7,Cancelled
6028,1855,2025-04-06,3,Completed
19252,3797,2025-04-06,2,Cancelled
21794,3037,2025-04-06,12,Completed
14617,748,2025-04-06,1,Cancelled
20370,4807,2025-04-06,9,Completed
58,3091,2025-04-07,9,Completed
16935,4742,2025-04-07,2,Completed
13746,448,2025-04-07,11,Cancelled
835,1007,2025-04-07,5,Completed
3660,2378,2025-04-07,9,Completed
2588,905,2025-04-07,5,Cancelled
14840,134,2025-04-07,10,Cancelled
1234,3945,2025-04-07,6,Completed
20566,2911,2025-04-07,12,Completed
12605,3382,2025-04-07,2,Completed
8669,4346,2025-04-07,12,Completed
21196,120,2025-04-07,2,Completed
8988,2742,2025-04-07,11,Completed
5082,4263,2025-04-07,5,Completed
17193,1000,2025-04-07,11,Completed
18775,2285,2025-04-07,5,Completed
24275,2121,2025-04-07,2,Cancelled
8326,2884,2025-04-07,2,Cancelled
8026,3182,2025-04-07,6,Completed
22201,226,2025-04-07,4,Completed
19030,2491,2025-04-07,5,Completed
5863,1412,2025-04-07,7,Completed
24272,2768,2025-04-07,11,Completed
1312,4717,2025-04-07,3,Completed
6649,335,2025-04-08,6,Completed
9492,4709,2025-04-08,3,Completed
21359,1658,2025-04-08,8,Completed
16873,3301,2025-04-08,12,Completed
22431,3512,2025-04-08,10,Completed
23494,2503,2025-04-08,9,Cancelled
1245,1110,2025-04-08,9,Completed
8225,211,2025-04-08,3,Completed
11804,611,2025-04-08,4,Completed
2820,4662,2025-04-08,9,Completed
15170,3559,2025-04-08,5,Completed
16447,481,2025-04-08,5,Cancelled
9746,3223,2025-04-08,3,Completed
5324,3291,2025-04-08,2,Completed
11984,4531,2025-04-08,5,Completed
10012,3696,2025-04-08,12,Completed
7976,1573,2025-04-08,4,Completed
20532,4585,2025-04-08,12,Completed
17088,1530,2025-04-08,11,Completed
6951,1340,2025-04-08,5,Completed
5500,4374,2025-04-08,11,Cancelled
5067,4446,2025-04-08,8,Completed
19182,4042,2025-04-08,2,Completed
13850,737,2025-04-08,5,Completed
16878,3065,2025-04-08,10,Completed
13686,4677,2025-04-08,9,Completed
7754,1359,2025-04-08,4,Cancelled
8592,3477,2025-04-08,6,Completed
11518,4248,2025-04-08,11,Completed
15328,1165,2025-04-08,2,Cancelled
20569,1675,2025-04-09,8,Completed
6318,3174,2025-04-09,1,Completed
11795,1077,2025-04-09,9,Cancelled
8730,2481,2025-04-09,8,Cancelled
24216,2260,2025-04-09,11,Completed
15770,3101,2025-04-09,7,Completed
7971,4518,2025-04-09,1,Completed
16299,1759,2025-04-09,3,Completed
17854,4999,2025-04-09,3,Completed
23103,1136,2025-04-09,5,Completed
22250,4682,2025-04-09,3,Cancelled
19051,3717,2025-04-09,11,Completed
24535,837,2025-04-09,1,Completed
14094,1916,2025-04-10,7,Completed
11553,3728,2025-04-10,2,Completed
11035,1266,2025-04-10,9,Completed
24994,3716,2025-04-10,3,Cancelled
14812,2047,2025-04-10,8,Completed
19214,1448,2025-04-10,7,Completed
24825,2022,2025-04-10,4,Completed
8569,1662,2025-04-10,6,Cancelled
20563,2563,2025-04-10,2,Completed
22108,4210,2025-04-10,7,Completed
17213,1262,2025-04-10,1,Cancelled
15010,2330,2025-04-10,11,Cancelled
9616,3053,2025-04-10,12,Cancelled
12427,2911,2025-04-10,12,Cancelled
21978,3748,2025-04-10,2,Completed
12896,2673,2025-04-10,3,Cancelled
7965,1905,2025-04-10,5,Cancelled
22099,4034,2025-04-10,5,Completed
10253,2780,2025-04-10,2,Completed
24551,594,2025-04-10,9,Completed
9738,3586,2025-04-10,8,Completed
6446,3447,2025-04-10,1,Completed
21304,4603,2025-04-10,6,Completed
20435,2545,2025-04-11,1,Completed
22819,1889,2025-04-11,3,Completed
21515,1839,2025-04-11,10,Completed
17539,2122,2025-04-11,2,Cancelled
10416,3397,2025-04-11,12,Completed
12545,4228,2025-04-11,12,Completed
8477,3118,2025-04-11,5,Cancelled
20826,150,2025-04-11,4,Completed
20728,3233,2025-04-11,8,Completed
23026,987,2025-04-11,7,Completed
13115,1405,2025-04-11,3,Completed
18464,71,2025-04-11,7,Completed
17290,3751,2025-04-11,10,Cancelled
13523,4256,2025-04-11,10,Cancelled
4739,498,2025-04-11,8,Cancelled
23371,64,2025-04-11,9,Completed
446,1693,2025-04-11,9,Completed
23071,732,2025-04-11,2,Completed
21531,2648,2025-04-11,12,Completed
14570,18,2025-04-11,2,Completed
12247,1983,2025-04-11,4,Completed
14201,251,2025-04-11,1,Completed
3764,1197,2025-04-11,6,Completed
11682,4374,2025-04-11,11,Completed
10814,2449,2025-04-11,11,Completed
8835,2535,2025-04-11,2,Completed
15382,3586,2025-04-11,8,Completed
20714,500,2025-04-11,7,Cancelled
20488,824,2025-04-11,3,Completed
18704,916,2025-04-11,2,Cancelled
2159,724,2025-04-11,11,Completed
243,4828,2025-04-11,4,Completed
3939,1912,2025-04-12,9,Completed
16849,4266,2025-04-12,4,Cancelled
10621,3391,2025-04-12,4,Completed
23304,3697,2025-04-12,9,Completed
20017,1000,2025-04-12,11,Cancelled
2025,4380,2025-04-12,1,Completed
24811,1804,2025-04-12,2,Completed
23821,597,2025-04-12,1,Completed
16769,44,2025-04-12,7,Completed
12215,1144,2025-04-12,2,Completed
3724,3848,2025-04-12,8,Completed
8792,4810,2025-04-12,2,Completed
2665,3876,2025-04-12,3,Completed
2818,1909,2025-04-12,10,Completed
14387,3987,2025-04-12,5,Completed
3119,701,2025-04-12,4,Completed
4094,4210,2025-04-13,7,Cancelled
4387,1487,2025-04-13,6,Completed
23485,1957,2025-04-13,10,Completed
7445,4520,2025-04-13,10,Completed
11278,800,2025-04-13,3,Completed
3527,4545,2025-04-13,9,Cancelled
9946,3254,2025-04-13,1,Completed
15778,697,2025-04-13,10,Completed
17615,3500,2025-04-13,5,Completed
3346,4625,2025-04-13,1,Completed
20988,4571,2025-04-13,12,Completed
19882,4082,2025-04-13,7,Cancelled
5391,594,2025-04-13,9,Completed
11997,4164,2025-04-13,1,Completed
23412,4293,2025-04-13,5,Completed
10356,2424,2025-04-13,3,Completed
23667,2890,2025-04-13,7,Completed
4574,4634,2025-04-13,7,Completed
4096,3648,2025-04-13,11,Completed
21956,1186,2025-04-13,8,Completed
5176,4588,2025-04-13,2,Completed
8285,3292,2025-04-13,1,Completed
16469,1644,2025-04-13,12,Completed
13002,3259,2025-04-13,1,Completed
2361,1342,2025-04-13,12,Completed
276,3608,2025-04-13,12,Completed
2303,2104,2025-04-13,5,Completed
13914,4433,2025-04-13,11,Cancelled
11336,3966,2025-04-14,2,Completed
7367,1784,2025-04-14,7,Completed
18549,653,2025-04-14,9,Cancelled
19757,1813,2025-04-14,12,Completed
10895,3730,2025-04-14,1,Completed
18445,208,2025-04-14,5,Completed
9780,3691,2025-04-14,8,Completed
2899,2802,2025-04-14,5,Completed
10719,3900,2025-04-14,1,Completed
23404,3849,2025-04-14,2,Completed
2168,2407,2025-04-14,1,Completed
3766,948,2025-04-14,2,Completed
24679,138,2025-04-14,3,Completed
6461,3638,2025-04-14,11,Completed
10776,4451,2025-04-14,4,Completed
4405,2214,2025-04-14,9,Completed
19349,868,2025-04-15,7,Completed
20828,1287,2025-04-15,5,Completed
1912,2530,2025-04-15,2,Completed
21948,4682,2025-04-15,3,Completed
11042,1520,2025-04-15,3,Completed
13414,4302,2025-04-15,11,Cancelled
8327,3879,2025-04-15,1,Completed
1884,249,2025-04-15,11,Completed
16033,593,2025-04-15,3,Completed
17269,211,2025-04-15,3,Completed
10806,3779,2025-04-15,9,Completed
11238,1908,2025-04-15,10,Cancelled
4413,1669,2025-04-15,11,Completed
1637,2444,2025-04-15,1,Completed
20745,3597,2025-04-15,8,Completed
7155,1349,2025-04-15,6,Completed
8674,4621,2025-04-16,3,Completed
8251,1150,2025-04-16,6,Completed
16195,3268,2025-04-16,1,Completed
15963,825,2025-04-16,3,Completed
6273,2320,2025-04-16,7,Completed
16268,2090,2025-04-16,1,Completed
17683,3196,2025-04-16,1,Completed
13580,3651,2025-04-16,10,Completed
12849,4726,2025-04-16,3,Completed
21264,4640,2025-04-16,9,Completed
11422,884,2025-04-16,4,Completed
689,2348,2025-04-16,2,Completed
6068,3925,2025-04-16,12,Completed
15512,3004,2025-04-16,12,Completed
15216,867,2025-04-16,8,Cancelled
13931,2942,2025-04-16,8,Completed
19687,837,2025-04-16,1,Completed
4727,2887,2025-04-16,4,Cancelled
11635,2378,2025-04-16,9,Completed
22087,520,2025-04-16,3,Completed
14365,4288,2025-04-16,12,Completed
24054,4743,2025-04-16,4,Cancelled
23059,1167,2025-04-16,11,Completed
3667,1846,2025-04-16,12,Completed
8978,3278,2025-04-17,2,Completed
4895,4659,2025-04-17,10,Completed
9657,4020,2025-04-17,1,Cancelled
19574,708,2025-04-17,4,Completed
24769,3566,2025-04-17,4,Completed
18154,412,2025-04-17,1,Completed
16293,4194,2025-04-17,1,Completed
4029,1694,2025-04-17,4,Completed
19577,1101,2025-04-17,8,Cancelled
4783,850,2025-04-17,6,Completed
2695,1411,2025-04-17,5,Cancelled
1905,64,2025-04-17,9,Completed
15313,4819,2025-04-17,4,Completed
4181,122,2025-04-17,5,Cancelled
14722,3514,2025-04-17,1,Completed
18807,2455,2025-04-17,2,Completed
5167,453,2025-04-17,4,Completed
9639,4459,2025-04-17,1,Cancelled
23703,824,2025-04-17,3,Completed
15771,3141,2025-04-18,1,Completed
391,2666,2025-04-18,5,Completed
2802,321,2025-04-18,9,Completed
7708,2510,2025-04-18,1,Completed
20518,1010,2025-04-18,10,Completed
1053,1473,2025-04-18,3,Completed
13551,761,2025-04-18,11,Completed
24967,482,2025-04-18,4,Completed
4904,3848,2025-04-18,8,Completed
23473,4487,2025-04-18,10,Completed
22298,931,2025-04-18,2,Completed
8664,2219,2025-04-18,2,Completed
9240,2611,2025-04-18,1,Completed
9812,1000,2025-04-18,11,Completed
11069,2282,2025-04-18,3,Cancelled
18644,1641,2025-04-18,9,Completed
22174,1093,2025-04-18,10,Completed
6665,3344,2025-04-18,3,Completed
22588,4993,2025-04-18,6,Cancelled
5168,441,2025-04-18,7,Completed
20034,3777,2025-04-18,2,Completed
655,4556,2025-04-18,1,Completed
14090,2954,2025-04-18,9,Completed
3466,120,2025-04-18,2,Completed
4982,3507,2025-04-18,11,Completed
5154,4560,2025-04-18,11,Completed
10730,4878,2025-04-18,2,Completed
724,2715,2025-04-18,7,Completed
23240,548,2025-04-18,11,Completed
6430,77,2025-04-18,8,Completed
7181,2848,2025-04-18,3,Completed
3539,3743,2025-04-19,12,Completed
24287,3156,2025-04-19,1,Completed
10787,1748,2025-04-19,2,Completed
11282,4836,2025-04-19,1,Completed
10794,2972,2025-04-19,12,Completed
13945,1318,2025-04-19,9,Completed
5743,226,2025-04-19,4,Completed
3855,811,2025-04-19,5,Completed
6914,1319,2025-04-19,11,Completed
8627,1808,2025-04-19,7,Completed
8776,4822,2025-04-19,2,Completed
6126,4404,2025-04-19,4,Completed
23683,2531,2025-04-19,1,Completed
23560,844,2025-04-19,4,Cancelled
1307,38,2025-04-19,5,Completed
19902,3436,2025-04-19,2,Completed
20846,3407,2025-04-19,11,Completed
11161,930,2025-04-19,3,Completed
16063,3345,2025-04-19,1,Completed
3984,1510,2025-04-19,2,Completed
287,3867,2025-04-19,8,Completed
23767,148,2025-04-19,1,Completed
21067,3440,2025-04-19,1,Cancelled
23779,3320,2025-04-19,10,Completed
1646,586,2025-04-19,7,Completed
4951,2885,2025-04-19,6,Completed
24678,2169,2025-04-19,11,Completed
14742,1256,2025-04-19,7,Completed
4943,2985,2025-04-19,1,Completed
3299,1662,2025-04-19,6,Completed
8247,2796,2025-04-19,1,Completed
15472,1234,2025-04-19,9,Cancelled
11574,2521,2025-04-19,12,Completed
15235,2559,2025-04-19,10,Completed
12092,4632,2025-04-19,7,Completed
10549,3520,2025-04-19,3,Cancelled
23242,879,2025-04-19,2,Completed
2095,3754,2025-04-20,9,Completed
4622,605,2025-04-20,6,Completed
12960,4929,2025-04-20,11,Completed
9886,1437,2025-04-20,7,Completed
5873,951,2025-04-20,12,Completed
6450,2751,2025-04-20,6,Cancelled
18751,941,2025-04-20,3,Completed
2435,1994,2025-04-20,1,Completed
3248,3404,2025-04-20,4,Completed
15918,2155,2025-04-20,9,Cancelled
14931,4436,2025-04-20,10,Completed
9286,2952,2025-04-20,10,Completed
17936,4774,2025-04-20,1,Completed
3633,2564,2025-04-20,9,Completed
23870,4932,2025-04-20,7,Completed
1791,4060,2025-04-20,6,Completed
16542,3608,2025-04-20,12,Completed
23820,4416,2025-04-20,11,Completed
14782,4303,2025-04-20,3,Cancelled
11808,318,2025-04-20,1,Completed
8411,3396,2025-04-20,3,Completed
20582,533,2025-04-20,8,Completed
4860,4642,2025-04-20,11,Completed
3318,351,2025-04-21,11,Completed
22090,2726,2025-04-21,3,Completed
15855,3997,2025-04-21,8,Completed
2993,4750,2025-04-21,5,Completed
14596,575,2025-04-21,8,Completed
13871,150,2025-04-21,4,Completed
3011,2235,2025-04-21,3,Completed
9968,2692,2025-04-21,5,Completed
2555,924,2025-04-21,1,Cancelled
20284,950,2025-04-21,6,Completed
1961,1190,2025-04-21,12,Completed
1901,2814,2025-04-21,7,Cancelled
6876,4810,2025-04-21,2,Cancelled
6817,3894,2025-04-21,7,Completed
12255,2803,2025-04-21,10,Completed
20452,2160,2025-04-21,10,Completed
307,647,2025-04-21,6,Completed
14928,2854,2025-04-21,7,Cancelled
23566,1301,2025-04-21,4,Cancelled
14987,3080,2025-04-21,9,Completed
18883,2940,2025-04-21,2,Completed
19176,2829,2025-04-21,8,Completed
6435,1614,2025-04-21,4,Completed
21133,4506,2025-04-21,2,Cancelled
9833,2954,2025-04-21,9,Completed
12576,1187,2025-04-22,1,Cancelled
24190,413,2025-04-22,2,Cancelled
20299,1452,2025-04-22,6,Cancelled
23248,3725,2025-04-22,3,Completed
954,4173,2025-04-22,12,Completed
22312,2234,2025-04-22,11,Cancelled
14267,612,2025-04-22,1,Completed
13488,122,2025-04-22,5,Completed
9587,2844,2025-04-22,4,Completed
16574,916,2025-04-22,2,Completed
24193,5,2025-04-22,7,Completed
1430,4908,2025-04-22,2,Completed
21632,1017,2025-04-22,7,Completed
4637,4600,2025-04-22,3,Completed
11479,327,2025-04-22,10,Completed
429,1046,2025-04-22,12,Completed
18173,3602,2025-04-22,7,Completed
5728,4643,2025-04-22,1,Completed
19725,4520,2025-04-22,10,Cancelled
21695,3498,2025-04-23,6,Completed
1999,764,2025-04-23,6,Completed
3308,557,2025-04-23,1,Completed
8809,1944,2025-04-23,1,Completed
17374,2967,2025-04-23,2,Completed
9677,2919,2025-04-23,1,Completed
21421,3226,2025-04-23,6,Completed
6717,1676,2025-04-23,2,Completed
6074,2987,2025-04-23,4,Cancelled
11445,3578,2025-04-23,5,Completed
10390,1890,2025-04-23,10,Completed
19589,3976,2025-04-23,4,Completed
18255,2562,2025-04-23,12,Cancelled
2057,4978,2025-04-23,2,Completed
337,3309,2025-04-23,3,Completed
18309,3438,2025-04-23,7,Completed
19965,4656,2025-04-23,11,Completed
21206,3720,2025-04-23,2,Completed
20392,2432,2025-04-23,3,Completed
24508,3522,2025-04-23,6,Cancelled
22812,882,2025-04-23,1,Cancelled
10212,2751,2025-04-23,6,Cancelled
24347,32,2025-04-23,3,Completed
22320,1202,2025-04-23,4,Cancelled
7313,3394,2025-04-23,12,Completed
184,2251,2025-04-23,9,Completed
6066,2064,2025-04-23,5,Completed
22064,128,2025-04-24,2,Completed
16302,556,2025-04-24,3,Cancelled
16768,1536,2025-04-24,6,Completed
17135,4619,2025-04-24,7,Cancelled
11037,2853,2025-04-24,1,Completed
22459,3362,2025-04-24,3,Completed
8943,2672,2025-04-24,10,Completed
21584,3190,2025-04-24,12,Completed
16416,4677,2025-04-24,9,Completed
10788,2532,2025-04-24,8,Cancelled
15590,4098,2025-04-24,8,Completed
21279,820,2025-04-24,1,Completed
15086,905,2025-04-24,5,Cancelled
23749,2152,2025-04-24,12,Completed
17558,2241,2025-04-24,9,Completed
2262,3651,2025-04-24,10,Completed
16620,2905,2025-04-24,3,Completed
21566,188,2025-04-24,3,Completed
10752,4449,2025-04-24,3,Completed
10164,1161,2025-04-24,6,Completed
5702,3999,2025-04-24,2,Cancelled
8144,96,2025-04-24,2,Completed
3426,3462,2025-04-24,7,Cancelled
8320,468,2025-04-24,2,Cancelled
325,2789,2025-04-24,4,Completed
10462,4332,2025-04-24,10,Cancelled
22373,1096,2025-04-24,12,Cancelled
9945,3617,2025-04-24,8,Completed
18912,4844,2025-04-24,2,Cancelled
8876,4164,2025-04-24,1,Completed
2446,4312,2025-04-25,12,Completed
8652,2218,2025-04-25,7,Completed
15527,4321,2025-04-25,12,Completed
10102,1839,2025-04-25,10,Completed
4756,2283,2025-04-25,12,Completed
20661,3276,2025-04-25,8,Completed
4390,1368,2025-04-25,12,Completed
11957,2047,2025-04-25,8,Cancelled
10560,526,2025-04-25,9,Completed
15892,2126,2025-04-25,7,Completed
12957,2049,2025-04-25,3,Completed
19060,1318,2025-04-25,9,Completed
12544,4213,2025-04-25,7,Completed
8152,1758,2025-04-25,11,Completed
1902,359,2025-04-25,7,Cancelled
10808,2990,2025-04-25,7,Completed
19867,2464,2025-04-25,2,Completed
17239,2174,2025-04-25,1,Completed
14185,4960,2025-04-25,7,Completed
15946,1307,2025-04-25,8,Completed
705,1406,2025-04-26,11,Completed
9260,4026,2025-04-26,2,Completed
12630,2497,2025-04-26,7,Completed
17055,3297,2025-04-26,9,Completed
11902,64,2025-04-26,9,Completed
9625,1987,2025-04-26,7,Completed
24248,2444,2025-04-26,1,Cancelled
18299,304,2025-04-26,3,Completed
14524,4514,2025-04-26,3,Completed
12776,138,2025-04-26,3,Completed
17288,816,2025-04-26,1,Cancelled
12280,2544,2025-04-26,1,Completed
24580,643,2025-04-26,3,Completed
6911,2082,2025-04-26,6,Completed
8559,1313,2025-04-26,3,Completed
21023,124,2025-04-26,1,Completed
12956,1785,2025-04-26,12,Completed
18350,3055,2025-04-26,4,Completed
24032,382,2025-04-26,11,Completed
12919,3096,2025-04-26,9,Cancelled
24215,2175,2025-04-26,7,Completed
18604,2161,2025-04-26,8,Completed
16399,3495,2025-04-26,7,Cancelled
10492,688,2025-04-26,9,Completed
11990,467,2025-04-26,12,Completed
1509,1318,2025-04-26,9,Completed
14868,3080,2025-04-27,9,Completed
11503,4720,2025-04-27,10,Completed
22293,2749,2025-04-27,11,Completed
14982,4425,2025-04-27,2,Completed
434,3566,2025-04-27,4,Cancelled
5069,3936,2025-04-27,1,Cancelled
12801,2805,2025-04-27,3,Completed
8795,4374,2025-04-27,11,Cancelled
15558,877,2025-04-27,1,Completed
12881,4346,2025-04-27,12,Completed
22254,960,2025-04-27,3,Completed
22193,454,2025-04-27,3,Cancelled
5559,1400,2025-04-27,7,Completed
12583,4813,2025-04-27,2,Completed
21391,1949,2025-04-27,5,Completed
9086,2353,2025-04-27,8,Completed
13682,2933,2025-04-27,10,Completed
15750,3705,2025-04-27,1,Completed
15150,2272,2025-04-27,7,Cancelled
183,2424,2025-04-27,3,Completed
17717,2330,2025-04-27,11,Completed
578,2467,2025-04-27,3,Completed
20991,29,2025-04-27,2,Completed
5323,4674,2025-04-27,10,Cancelled
15290,225,2025-04-27,11,Completed
21487,2609,2025-04-27,6,Completed
21831,2072,2025-04-27,5,Completed
19165,315,2025-04-28,12,Completed
5663,316,2025-04-28,12,Completed
24985,3728,2025-04-28,2,Completed
23482,2164,2025-04-28,11,Completed
3071,2866,2025-04-28,6,Cancelled
2471,2205,2025-04-28,4,Completed
20295,2505,2025-04-28,9,Cancelled
6650,4805,2025-04-28,4,Completed
24810,1728,2025-04-28,1,Completed
21463,4580,2025-04-28,11,Cancelled
22876,3916,2025-04-28,5,Completed
10622,1213,2025-04-28,3,Completed
12944,614,2025-04-28,8,Cancelled
845,2472,2025-04-28,12,Completed
7710,3156,2025-04-28,1,Completed
11080,3658,2025-04-28,11,Cancelled
3480,2147,2025-04-28,12,Completed
16711,1708,2025-04-28,10,Completed
7647,2598,2025-04-28,3,Completed
19913,2034,2025-04-28,1,Completed
19633,561,2025-04-28,8,Completed
19223,3014,2025-04-28,2,Completed
20795,1672,2025-04-28,8,Completed
18560,2529,2025-04-28,3,Cancelled
7894,2769,2025-04-28,4,Completed
7655,40,2025-04-29,5,Cancelled
353,2103,2025-04-29,1,Completed
20492,2743,2025-04-29,1,Completed
3489,2781,2025-04-29,10,Completed
6099,196,2025-04-29,6,Completed
13848,1127,2025-04-29,5,Completed
9796,2944,2025-04-29,3,Completed
6125,1339,2025-04-29,4,Completed
14443,4118,2025-04-29,3,Completed
7194,1191,2025-04-29,7,Completed
16798,1619,2025-04-29,4,Completed
6025,3923,2025-04-29,3,Cancelled
3947,4321,2025-04-29,12,Completed
12457,1701,2025-04-29,5,Completed
12112,4621,2025-04-29,3,Completed
234,2309,2025-04-29,2,Completed
6558,1102,2025-04-29,4,Completed
8378,3347,2025-04-29,5,Completed
16883,3338,2025-04-29,7,Completed
17831,7,2025-04-29,1,Completed
15943,2374,2025-04-29,10,Completed
6566,742,2025-04-29,2,Completed
5349,349,2025-04-29,3,Cancelled
20323,4312,2025-04-29,12,Cancelled
11889,2173,2025-04-29,1,Completed
16129,3863,2025-04-29,12,Completed
9471,2756,2025-04-29,1,Cancelled
17178,4722,2025-04-29,4,Cancelled
18665,696,2025-04-30,4,Completed
5401,1052,2025-04-30,5,Cancelled
24616,2979,2025-04-30,10,Completed
24174,952,2025-04-30,5,Completed
3467,1480,2025-04-30,11,Cancelled
19721,1228,2025-04-30,11,Cancelled
12369,1753,2025-04-30,10,Completed
20922,1618,2025-04-30,5,Cancelled
14011,4616,2025-04-30,6,Completed
7546,1127,2025-04-30,5,Completed
17356,1920,2025-04-30,2,Completed
15862,4110,2025-04-30,11,Cancelled
21574,1473,2025-04-30,3,Completed
8419,1978,2025-04-30,7,Completed
21130,2448,2025-04-30,4,Cancelled
16142,3591,2025-04-30,12,Completed
8757,907,2025-04-30,11,Completed
5784,4865,2025-04-30,2,Completed
879,4670,2025-04-30,7,Cancelled
13161,1799,2025-04-30,10,Completed
1350,2329,2025-04-30,6,Completed
18018,2059,2025-04-30,10,Completed
13995,98,2025-04-30,1,Completed
1731,4333,2025-04-30,12,Completed
16019,2041,2025-04-30,10,Completed
335,578,2025-04-30,12,Completed
3840,1048,2025-04-30,7,Completed
20489,313,2025-05-01,7,Completed
11125,3335,2025-05-01,5,Completed
19517,2463,2025-05-01,10,Completed
1990,3537,2025-05-01,11,Completed
24934,1711,2025-05-01,9,Completed
21817,2858,2025-05-01,8,Completed
24919,4838,2025-05-01,11,Completed
9062,18,2025-05-01,2,Cancelled
9274,2969,2025-05-01,10,Completed
23962,547,2025-05-01,7,Completed
14560,1100,2025-05-01,1,Completed
3848,4810,2025-05-01,2,Cancelled
5050,4765,2025-05-01,9,Completed
24720,3063,2025-05-01,3,Completed
12001,3006,2025-05-01,4,Completed
23861,1213,2025-05-01,3,Completed
19722,3958,2025-05-01,4,Completed
2082,4437,2025-05-01,7,Completed
9515,3069,2025-05-01,2,Cancelled
15264,2589,2025-05-01,9,Completed
16629,3757,2025-05-01,10,Cancelled
12990,41,2025-05-01,2,Completed
24260,1414,2025-05-02,3,Completed
11270,800,2025-05-02,3,Completed
19242,4390,2025-05-02,3,Cancelled
11538,4125,2025-05-02,4,Cancelled
15345,3045,2025-05-02,8,Completed
22396,3901,2025-05-02,8,Completed
18055,421,2025-05-02,1,Completed
13670,4506,2025-05-02,2,Completed
12781,1496,2025-05-02,5,Completed
20816,3428,2025-05-02,4,Completed
11379,3833,2025-05-02,6,Completed
16150,3846,2025-05-02,7,Completed
11262,1224,2025-05-02,12,Completed
25000,1682,2025-05-02,3,Completed
1966,4837,2025-05-02,10,Cancelled
6333,23,2025-05-02,4,Cancelled
3296,2824,2025-05-02,9,Cancelled
10092,4161,2025-05-02,3,Completed
6940,4479,2025-05-02,2,Completed
6642,3526,2025-05-02,2,Completed
5660,970,2025-05-02,2,Completed
3065,3329,2025-05-02,8,Completed
6797,1818,2025-05-02,7,Completed
14367,805,2025-05-03,7,Completed
4804,1291,2025-05-03,4,Completed
18032,36,2025-05-03,10,Completed
20173,4034,2025-05-03,5,Completed
23651,1957,2025-05-03,10,Cancelled
13066,4680,2025-05-03,3,Completed
18288,3251,2025-05-03,7,Completed
20116,2698,2025-05-03,6,Cancelled
24742,3396,2025-05-03,3,Completed
6050,4796,2025-05-03,5,Completed
21697,281,2025-05-03,7,Completed
15249,1134,2025-05-03,6,Cancelled
4293,245,2025-05-03,4,Completed
15254,4417,2025-05-03,1,Completed
15371,2621,2025-05-03,12,Completed
13079,2848,2025-05-03,3,Completed
7827,1473,2025-05-03,3,Completed
11933,3618,2025-05-03,3,Completed
14359,4319,2025-05-03,1,Cancelled
14276,507,2025-05-03,6,Cancelled
2086,3285,2025-05-03,8,Cancelled
14177,365,2025-05-03,10,Completed
9867,1608,2025-05-03,1,Completed
4826,2744,2025-05-03,2,Completed
2546,4417,2025-05-03,1,Completed
5025,4576,2025-05-03,3,Completed
16213,3893,2025-05-03,11,Completed
22318,112,2025-05-03,12,Completed
8882,398,2025-05-03,4,Completed
17616,2346,2025-05-03,1,Completed
20438,2858,2025-05-03,8,Completed
2984,2697,2025-05-04,2,Completed
16957,2299,2025-05-04,8,Completed
15375,2204,2025-05-04,5,Completed
4906,4554,2025-05-04,3,Completed
7591,1998,2025-05-04,9,Completed
7616,4341,2025-05-04,3,Completed
7607,4145,2025-05-04,7,Completed
11587,2911,2025-05-04,12,Completed
20529,3462,2025-05-04,7,Cancelled
22801,23,2025-05-04,4,Cancelled
22339,3241,2025-05-04,10,Completed
10692,1712,2025-05-04,2,Completed
22341,3139,2025-05-04,12,Completed
16287,4468,2025-05-04,3,Completed
11565,3154,2025-05-04,7,Completed
22820,2092,2025-05-04,9,Completed
4553,4197,2025-05-04,8,Cancelled
13698,111,2025-05-04,2,Completed
14025,4720,2025-05-04,10,Completed
20904,4638,2025-05-04,2,Completed
1081,278,2025-05-04,10,Completed
8496,426,2025-05-04,9,Completed
1570,4784,2025-05-04,10,Completed
24021,3782,2025-05-04,3,Completed
1804,2178,2025-05-05,1,Cancelled
15615,265,2025-05-05,2,Completed
4710,1537,2025-05-05,7,Completed
23174,1768,2025-05-05,11,Completed
2880,3932,2025-05-05,4,Cancelled
14837,872,2025-05-05,3,Cancelled
15337,4506,2025-05-05,2,Completed
16202,798,2025-05-05,6,Completed
2058,349,2025-05-05,3,Cancelled
13399,4468,2025-05-05,3,Completed
2791,2069,2025-05-05,11,Completed
14144,3374,2025-05-05,4,Completed
12878,480,2025-05-05,4,Completed
3965,1406,2025-05-05,11,Completed
16187,4632,2025-05-05,7,Completed
16608,1733,2025-05-05,3,Completed
4571,3909,2025-05-05,2,Completed
7969,729,2025-05-05,6,Completed
22948,2847,2025-05-05,12,Completed
11561,3986,2025-05-05,2,Completed
3129,4617,2025-05-05,4,Completed
17285,1496,2025-05-05,5,Completed
13208,3412,2025-05-05,11,Completed
5836,2657,2025-05-05,3,Completed
1304,1085,2025-05-06,12,Completed
9127,4567,2025-05-06,2,Completed
6999,4308,2025-05-06,6,Completed
13841,4961,2025-05-06,5,Completed
9691,3634,2025-05-06,6,Completed
138,1211,2025-05-06,4,Cancelled
21191,1167,2025-05-06,11,Completed
3451,4417,2025-05-06,1,Completed
11998,1198,2025-05-06,5,Completed
24990,1855,2025-05-06,3,Completed
7547,4968,2025-05-06,12,Completed
5033,2308,2025-05-06,2,Completed
20395,1063,2025-05-06,3,Completed
9793,4109,2025-05-06,10,Completed
19950,1850,2025-05-06,5,Cancelled
1898,631,2025-05-06,6,Cancelled
8931,2197,2025-05-06,9,Completed
21262,888,2025-05-06,7,Completed
1710,3050,2025-05-06,5,Completed
2456,2098,2025-05-06,4,Completed
5796,2530,2025-05-06,2,Cancelled
15628,210,2025-05-06,12,Completed
1066,1995,2025-05-07,3,Completed
22005,1372,2025-05-07,10,Completed
20478,1047,2025-05-07,4,Completed
5217,1342,2025-05-07,12,Completed
23336,2893,2025-05-07,2,Completed
2900,3063,2025-05-07,3,Cancelled
226,3708,2025-05-07,10,Completed
4514,1570,2025-05-07,5,Completed
15511,3769,2025-05-07,8,Completed
3104,4827,2025-05-07,2,Completed
2960,2413,2025-05-07,3,Completed
12385,1566,2025-05-07,11,Cancelled
4697,2487,2025-05-07,3,Completed
17487,31,2025-05-07,10,Completed
15794,3754,2025-05-07,9,Cancelled
5071,684,2025-05-07,1,Completed
13006,1595,2025-05-07,6,Completed
1484,2768,2025-05-07,11,Completed
20869,497,2025-05-07,8,Completed
17579,1536,2025-05-08,6,Completed
17758,4951,2025-05-08,3,Cancelled
18209,4714,2025-05-08,2,Completed
17940,683,2025-05-08,7,Completed
18633,3128,2025-05-08,10,Cancelled
10614,3040,2025-05-08,4,Completed
17484,1739,2025-05-08,3,Cancelled
13706,3007,2025-05-08,6,Cancelled
13713,877,2025-05-08,1,Completed
898,2154,2025-05-08,1,Completed
13787,327,2025-05-08,10,Completed
23349,3865,2025-05-08,6,Completed
9300,720,2025-05-08,4,Completed
14726,722,2025-05-08,12,Completed
8256,4241,2025-05-08,9,Cancelled
23376,1900,2025-05-08,12,Completed
17511,149,2025-05-08,9,Completed
24768,1131,2025-05-08,7,Cancelled
1318,1415,2025-05-08,10,Completed
15269,2028,2025-05-08,4,Completed
3130,1312,2025-05-08,11,Completed
4593,1409,2025-05-08,6,Completed
10684,637,2025-05-08,1,Completed
21336,1785,2025-05-08,12,Cancelled
12711,1199,2025-05-08,12,Completed
873,1233,2025-05-08,4,Completed
5302,4604,2025-05-08,1,Completed
3376,2989,2025-05-09,8,Completed
21495,3216,2025-05-09,4,Cancelled
11910,1645,2025-05-09,11,Completed
11107,4421,2025-05-09,12,Completed
14959,3550,2025-05-09,3,Completed
9992,4079,2025-05-09,9,Completed
15390,3154,2025-05-09,7,Completed
16239,1619,2025-05-09,4,Completed
11497,3836,2025-05-09,9,Completed
8947,3848,2025-05-09,8,Cancelled
16751,4824,2025-05-09,6,Completed
22980,3359,2025-05-09,11,Completed
6406,1739,2025-05-09,3,Completed
21496,3402,2025-05-10,11,Completed
3289,188,2025-05-10,3,Completed
24722,3696,2025-05-10,12,Completed
23800,3136,2025-05-10,4,Completed
8046,4689,2025-05-10,3,Completed
664,3277,2025-05-10,4,Completed
10276,7,2025-05-10,1,Completed
9371,3340,2025-05-10,4,Cancelled
20234,1718,2025-05-10,2,Completed
13446,704,2025-05-10,2,Completed
899,3121,2025-05-10,3,Cancelled
20799,4550,2025-05-10,2,Completed
1388,2802,2025-05-10,5,Completed
20542,1895,2025-05-10,2,Completed
11564,3754,2025-05-10,9,Completed
15505,3824,2025-05-10,2,Completed
1665,2715,2025-05-10,7,Completed
18927,2283,2025-05-10,12,Completed
11237,3053,2025-05-10,12,Completed
10875,3905,2025-05-10,1,Completed
5926,4645,2025-05-10,3,Completed
5889,1583,2025-05-10,12,Completed
22042,3611,2025-05-10,3,Cancelled
22344,3477,2025-05-10,6,Cancelled
1978,793,2025-05-10,1,Cancelled
2612,538,2025-05-10,2,Cancelled
5631,173,2025-05-10,7,Completed
11852,3030,2025-05-10,5,Completed
12438,1956,2025-05-10,11,Completed
1427,778,2025-05-11,6,Completed
21474,4619,2025-05-11,7,Completed
12632,935,2025-05-11,2,Completed
3437,3515,2025-05-11,12,Completed
9070,4824,2025-05-11,6,Completed
9393,1206,2025-05-11,11,Completed
1541,3340,2025-05-11,4,Completed
14915,1779,2025-05-11,11,Completed
1887,3725,2025-05-11,3,Completed
11027,3446,2025-05-11,10,Completed
11761,1520,2025-05-11,3,Completed
22932,1340,2025-05-11,5,Completed
11567,3739,2025-05-11,1,Completed
15961,1984,2025-05-11,6,Completed
12975,6,2025-05-11,12,Cancelled
7680,2440,2025-05-11,6,Completed
10211,1487,2025-05-11,6,Cancelled
7808,3344,2025-05-11,3,Cancelled
7775,68,2025-05-11,5,Completed
19746,2827,2025-05-11,4,Completed
23414,4079,2025-05-11,9,Completed
7815,3727,2025-05-11,9,Cancelled
10342,2887,2025-05-11,4,Completed
1461,650,2025-05-12,12,Completed
21327,3678,2025-05-12,10,Completed
21143,2508,2025-05-12,3,Completed
3212,4556,2025-05-12,1,Completed
3056,1408,2025-05-12,11,Completed
20909,284,2025-05-12,9,Cancelled
1040,1649,2025-05-12,2,Completed
11752,3258,2025-05-12,8,Completed
20601,4873,2025-05-12,12,Completed
11596,2740,2025-05-12,10,Completed
19128,990,2025-05-12,7,Completed
17417,4382,2025-05-12,11,Cancelled
5846,1950,2025-05-12,12,Cancelled
24603,4887,2025-05-12,6,Completed
7535,4260,2025-05-12,7,Completed
12193,2392,2025-05-12,1,Completed
19087,4235,2025-05-12,2,Completed
16378,1713,2025-05-12,8,Completed
24478,654,2025-05-12,10,Cancelled
8115,51,2025-05-12,1,Cancelled
892,4583,2025-05-12,12,Completed
11280,1979,2025-05-12,1,Completed
14884,4964,2025-05-12,10,Completed
9819,345,2025-05-12,7,Cancelled
24203,467,2025-05-12,12,Completed
5572,4687,2025-05-12,12,Completed
18021,3559,2025-05-12,5,Completed
9021,3289,2025-05-12,2,Completed
9102,4810,2025-05-12,2,Completed
20401,2405,2025-05-12,5,Completed
4281,440,2025-05-12,3,Cancelled
7858,4161,2025-05-13,3,Completed
2452,4952,2025-05-13,11,Completed
18272,4246,2025-05-13,9,Completed
9847,2213,2025-05-13,1,Completed
15827,1694,2025-05-13,4,Completed
21671,1818,2025-05-13,7,Completed
10185,580,2025-05-13,7,Completed
19643,4470,2025-05-13,2,Completed
1596,2906,2025-05-13,7,Completed
3654,3600,2025-05-13,2,Completed
20594,4855,2025-05-13,4,Completed
20597,3818,2025-05-13,4,Completed
24891,899,2025-05-13,12,Completed
13221,3085,2025-05-13,2,Completed
10925,1850,2025-05-13,5,Cancelled
3369,2490,2025-05-13,3,Cancelled
20783,2226,2025-05-13,9,Completed
15145,4179,2025-05-13,11,Completed
2520,714,2025-05-14,3,Cancelled
6302,1045,2025-05-14,4,Completed
23611,768,2025-05-14,10,Completed
8580,1883,2025-05-14,6,Completed
12436,1110,2025-05-14,9,Completed
16783,2635,2025-05-14,3,Completed
12166,2954,2025-05-14,9,Completed
21039,3885,2025-05-14,11,Completed
19854,2103,2025-05-14,1,Completed
7751,3876,2025-05-14,3,Completed
4154,4825,2025-05-14,2,Completed
20043,848,2025-05-14,12,Completed
1585,433,2025-05-14,5,Completed
22667,4793,2025-05-14,1,Completed
2702,4790,2025-05-14,7,Completed
19990,2029,2025-05-14,11,Completed
2080,3067,2025-05-14,11,Completed
2023,1911,2025-05-14,7,Completed
2067,1521,2025-05-15,7,Cancelled
9305,1595,2025-05-15,6,Cancelled
13084,2793,2025-05-15,6,Completed
21988,2031,2025-05-15,10,Completed
15605,4535,2025-05-15,8,Completed
14829,4948,2025-05-15,4,Completed
2351,3944,2025-05-15,5,Cancelled
11686,3134,2025-05-15,8,Cancelled
3714,4907,2025-05-15,10,Completed
19625,2656,2025-05-15,3,Completed
24006,3087,2025-05-15,7,Completed
12072,511,2025-05-15,2,Completed
10505,4904,2025-05-15,12,Completed
18424,1039,2025-05-15,3,Completed
18696,179,2025-05-15,12,Completed
721,1066,2025-05-15,5,Cancelled
12024,3427,2025-05-15,1,Completed
21030,393,2025-05-15,12,Completed
19518,872,2025-05-15,3,Completed
2632,997,2025-05-15,3,Completed
24519,3268,2025-05-16,1,Completed
12943,3516,2025-05-16,6,Completed
20371,3847,2025-05-16,9,Completed
7109,2136,2025-05-16,3,Completed
17698,2525,2025-05-16,2,Completed
21157,105,2025-05-16,2,Completed
24628,1779,2025-05-16,11,Completed
7596,3046,2025-05-16,12,Cancelled
13123,3551,2025-05-16,2,Cancelled
15399,304,2025-05-16,3,Completed
3102,3522,2025-05-16,6,Completed
21297,840,2025-05-16,8,Completed
4774,4622,2025-05-16,8,Completed
21877,4048,2025-05-16,12,Completed
18864,2126,2025-05-16,7,Completed
18186,2338,2025-05-16,6,Completed
2185,2366,2025-05-16,3,Cancelled
20606,2216,2025-05-17,6,Completed
1022,4787,2025-05-17,2,Completed
20539,204,2025-05-17,1,Cancelled
13142,1824,2025-05-17,1,Completed
24687,1888,2025-05-17,4,Completed
17376,2464,2025-05-17,2,Completed
21119,3962,2025-05-17,12,Completed
18629,3299,2025-05-17,7,Completed
22906,1219,2025-05-17,2,Completed
12447,4855,2025-05-17,4,Completed
1396,654,2025-05-17,10,Completed
1064,3599,2025-05-17,7,Completed
16786,4473,2025-05-17,3,Completed
20577,3532,2025-05-17,7,Cancelled
13023,153,2025-05-17,2,Completed
16599,1967,2025-05-17,1,Cancelled
11434,4854,2025-05-17,7,Completed
3233,504,2025-05-17,2,Completed
19039,2180,2025-05-17,4,Completed
3305,710,2025-05-17,10,Completed
15075,3976,2025-05-17,4,Completed
3904,2548,2025-05-18,1,Completed
20309,4473,2025-05-18,3,Completed
9245,1925,2025-05-18,8,Completed
8163,2412,2025-05-18,1,Completed
20496,2452,2025-05-18,3,Completed
12298,2256,2025-05-18,1,Completed
15614,2836,2025-05-18,1,Completed
4432,2843,2025-05-18,6,Cancelled
15634,480,2025-05-18,4,Completed
15806,1786,2025-05-18,12,Completed
15972,4147,2025-05-18,8,Completed
4709,3000,2025-05-18,12,Cancelled
18930,3754,2025-05-18,9,Cancelled
6922,1456,2025-05-18,5,Cancelled
2255,1710,2025-05-18,1,Completed
22217,3137,2025-05-18,11,Cancelled
22184,1762,2025-05-18,2,Completed
6493,710,2025-05-18,10,Completed
21600,2708,2025-05-18,12,Completed
15528,2125,2025-05-18,2,Cancelled
23298,4594,2025-05-18,4,Completed
9197,732,2025-05-18,2,Completed
1049,2888,2025-05-18,6,Completed
24456,3512,2025-05-18,10,Cancelled
1042,1448,2025-05-18,7,Completed
23803,4238,2025-05-19,3,Completed
12759,831,2025-05-19,1,Completed
11076,2785,2025-05-19,3,Completed
8484,941,2025-05-19,3,Completed
23681,3139,2025-05-19,12,Cancelled
15572,3951,2025-05-19,11,Completed
17081,1831,2025-05-19,8,Completed
12816,2041,2025-05-19,10,Completed
12145,3274,2025-05-19,9,Completed
11364,767,2025-05-19,9,Completed
13090,1612,2025-05-19,5,Cancelled
5876,4786,2025-05-19,10,Completed
710,3512,2025-05-19,10,Completed
17217,2752,2025-05-19,3,Cancelled
5499,2437,2025-05-19,3,Cancelled
19322,4917,2025-05-19,12,Cancelled
16084,1520,2025-05-19,3,Completed
14709,718,2025-05-19,4,Completed
24866,287,2025-05-19,7,Completed
11240,2223,2025-05-19,5,Completed
4981,4318,2025-05-19,2,Completed
17240,2239,2025-05-19,12,Completed
7689,4990,2025-05-19,7,Completed
18033,3504,2025-05-19,3,Completed
9846,2034,2025-05-19,1,Completed
10178,3789,2025-05-19,9,Completed
8388,4919,2025-05-19,11,Completed
4857,4609,2025-05-19,11,Cancelled
1112,424,2025-05-19,6,Completed
4963,3063,2025-05-19,3,Cancelled
16817,3026,2025-05-19,1,Completed
2349,1129,2025-05-19,4,Completed
14139,1085,2025-05-19,12,Completed
541,2785,2025-05-19,3,Completed
24913,1916,2025-05-19,7,Completed
17093,106,2025-05-19,4,Cancelled
16621,3663,2025-05-19,4,Cancelled
15974,797,2025-05-20,10,Completed
469,757,2025-05-20,2,Completed
1935,3989,2025-05-20,6,Completed
5642,3073,2025-05-20,8,Completed
9897,4294,2025-05-20,8,Cancelled
13192,96,2025-05-20,2,Completed
16893,1879,2025-05-20,12,Completed
14614,2863,2025-05-20,3,Completed
17089,2749,2025-05-20,11,Completed
10578,727,2025-05-20,7,Completed
18283,4830,2025-05-20,1,Completed
22710,2416,2025-05-20,6,Completed
11414,2772,2025-05-20,8,Completed
15588,2616,2025-05-20,2,Completed
15415,994,2025-05-20,7,Completed
4887,2985,2025-05-20,1,Completed
715,2215,2025-05-20,2,Completed
14108,2339,2025-05-20,2,Completed
8219,1524,2025-05-20,1,Completed
20788,2569,2025-05-20,6,Completed
10550,2339,2025-05-21,2,Completed
14122,423,2025-05-21,2,Completed
16199,667,2025-05-21,11,Completed
4646,1534,2025-05-21,4,Completed
20481,2297,2025-05-21,11,Completed
22392,4360,2025-05-21,11,Completed
5575,4342,2025-05-21,3,Completed
19315,1899,2025-05-21,9,Completed
13045,462,2025-05-21,2,Completed
14305,3618,2025-05-21,3,Completed
22918,1944,2025-05-21,1,Completed
15964,1167,2025-05-21,11,Completed
21307,579,2025-05-21,11,Cancelled
14903,1229,2025-05-21,10,Completed
15780,2050,2025-05-21,10,Completed
7831,594,2025-05-21,9,Completed
22665,456,2025-05-21,5,Completed
7622,397,2025-05-21,6,Completed
24043,2296,2025-05-21,11,Completed
13623,3477,2025-05-21,6,Completed
10278,3867,2025-05-21,8,Cancelled
1986,1092,2025-05-21,6,Completed
11463,1009,2025-05-21,9,Completed
23189,2072,2025-05-21,5,Completed
21393,755,2025-05-21,12,Completed
23516,1280,2025-05-21,1,Completed
9106,1100,2025-05-21,1,Completed
1727,3482,2025-05-21,12,Completed
14239,4024,2025-05-21,7,Completed
8000,4810,2025-05-21,2,Completed
18110,3914,2025-05-21,2,Completed
15968,909,2025-05-21,1,Cancelled
3528,1754,2025-05-21,1,Completed
8935,3875,2025-05-22,8,Completed
12756,2744,2025-05-22,2,Completed
5530,3526,2025-05-22,2,Completed
9465,4192,2025-05-22,3,Completed
16351,4732,2025-05-22,9,Completed
18263,4717,2025-05-22,3,Completed
17082,2890,2025-05-22,7,Completed
12136,3584,2025-05-22,12,Completed
11622,1405,2025-05-22,3,Completed
5442,867,2025-05-22,8,Completed
19592,2114,2025-05-22,6,Completed
20227,2294,2025-05-22,1,Completed
682,4244,2025-05-22,1,Completed
10122,4391,2025-05-22,10,Completed
18425,3218,2025-05-22,3,Completed
3190,3654,2025-05-22,1,Completed
19094,3594,2025-05-22,4,Completed
14964,169,2025-05-22,1,Completed
23775,4609,2025-05-22,11,Cancelled
16659,7,2025-05-22,1,Completed
7528,736,2025-05-22,1,Completed
23200,2907,2025-05-22,6,Completed
22609,3138,2025-05-22,4,Cancelled
12016,3291,2025-05-22,2,Completed
8266,3628,2025-05-22,3,Cancelled
3627,4291,2025-05-23,1,Completed
8714,408,2025-05-23,4,Completed
5923,872,2025-05-23,3,Completed
23638,716,2025-05-23,9,Completed
11581,1581,2025-05-23,5,Completed
10039,2468,2025-05-23,3,Completed
2444,896,2025-05-23,7,Completed
5281,1965,2025-05-23,11,Completed
16928,3657,2025-05-23,3,Completed
3448,1416,2025-05-23,6,Completed
606,83,2025-05-24,12,Completed
2275,2664,2025-05-24,7,Cancelled
6236,1335,2025-05-24,1,Completed
1933,157,2025-05-24,8,Completed
22081,1215,2025-05-24,11,Completed
10650,3554,2025-05-24,8,Completed
997,282,2025-05-24,7,Cancelled
14663,4250,2025-05-24,12,Completed
15680,1714,2025-05-24,4,Completed
13655,3404,2025-05-24,4,Completed
20773,3634,2025-05-24,6,Completed
24479,4789,2025-05-24,4,Completed
14621,1676,2025-05-24,2,Completed
24717,3003,2025-05-24,8,Completed
12251,3519,2025-05-24,1,Completed
411,3034,2025-05-24,8,Completed
11116,2155,2025-05-24,9,Completed
6860,3759,2025-05-24,2,Completed
24808,3315,2025-05-24,1,Cancelled
11398,2506,2025-05-24,8,Completed
4392,2742,2025-05-24,11,Completed
3334,3358,2025-05-25,8,Cancelled
22518,3026,2025-05-25,1,Completed
16086,4386,2025-05-25,6,Cancelled
4177,4236,2025-05-25,11,Completed
21073,3435,2025-05-25,12,Completed
206,2307,2025-05-25,5,Completed
17606,4346,2025-05-25,12,Completed
12189,303,2025-05-25,5,Completed
2313,4297,2025-05-25,1,Completed
5770,1735,2025-05-25,4,Completed
6408,3134,2025-05-25,8,Cancelled
20574,1844,2025-05-25,3,Completed
8179,1644,2025-05-25,12,Completed
21413,3607,2025-05-25,7,Cancelled
19605,4302,2025-05-25,11,Completed
13618,3433,2025-05-25,11,Completed
23227,3714,2025-05-25,5,Completed
1535,708,2025-05-25,4,Cancelled
8958,1788,2025-05-25,7,Cancelled
3205,3813,2025-05-25,11,Completed
13274,1601,2025-05-26,7,Completed
3709,733,2025-05-26,10,Completed
767,2496,2025-05-26,2,Completed
2286,3310,2025-05-26,3,Completed
19521,447,2025-05-26,2,Completed
6227,349,2025-05-26,3,Completed
18769,4663,2025-05-26,8,Completed
3444,1735,2025-05-26,4,Completed
15454,3844,2025-05-26,11,Completed
18058,236,2025-05-26,2,Completed
12729,1809,2025-05-26,3,Cancelled
23464,3540,2025-05-26,12,Cancelled
11167,1005,2025-05-26,11,Completed
2675,605,2025-05-26,6,Completed
2658,766,2025-05-26,2,Completed
14304,4797,2025-05-26,5,Completed
13502,4192,2025-05-26,3,Cancelled
24226,434,2025-05-26,11,Completed
10182,3867,2025-05-26,8,Completed
3237,1537,2025-05-26,7,Completed
15021,612,2025-05-26,1,Cancelled
5278,882,2025-05-26,1,Completed
1593,2188,2025-05-26,7,Completed
11757,1805,2025-05-26,2,Completed
8893,3869,2025-05-26,2,Completed
381,2328,2025-05-26,6,Completed
22744,658,2025-05-26,2,Completed
2985,168,2025-05-26,3,Completed
14660,233,2025-05-26,4,Cancelled
3095,3973,2025-05-27,2,Completed
17398,1065,2025-05-27,7,Completed
20832,2255,2025-05-27,7,Cancelled
20214,1196,2025-05-27,9,Cancelled
3267,4849,2025-05-27,10,Completed
14519,195,2025-05-27,7,Completed
12067,127,2025-05-27,12,Completed
24614,1932,2025-05-27,12,Completed
21958,2423,2025-05-27,12,Cancelled
22198,3317,2025-05-27,5,Cancelled
7099,3111,2025-05-27,9,Completed
1082,4300,2025-05-27,2,Completed
19137,637,2025-05-27,1,Cancelled
24157,4791,2025-05-27,3,Completed
16536,399,2025-05-27,12,Cancelled
23153,538,2025-05-27,2,Completed
6414,2847,2025-05-27,12,Completed
6970,2591,2025-05-27,6,Completed
9729,4964,2025-05-27,10,Cancelled
17067,607,2025-05-27,5,Completed
1863,4752,2025-05-27,9,Completed
17927,2216,2025-05-28,6,Completed
1498,2770,2025-05-28,3,Completed
4877,1672,2025-05-28,8,Completed
18738,4932,2025-05-28,7,Completed
20098,7,2025-05-28,1,Completed
10176,1801,2025-05-28,7,Cancelled
18241,3945,2025-05-28,6,Cancelled
24484,188,2025-05-28,3,Completed
6768,2526,2025-05-28,9,Completed
958,4020,2025-05-28,1,Completed
9642,3440,2025-05-28,1,Completed
15134,3439,2025-05-28,2,Cancelled
16796,658,2025-05-28,2,Completed
22434,2118,2025-05-28,3,Cancelled
16757,3707,2025-05-28,2,Completed
9137,4927,2025-05-28,9,Completed
20797,4040,2025-05-28,12,Completed
11002,1179,2025-05-28,6,Completed
21424,2957,2025-05-28,4,Completed
19454,2041,2025-05-28,10,Completed
11169,1872,2025-05-29,2,Completed
23692,360,2025-05-29,5,Completed
23672,886,2025-05-29,11,Completed
2856,3771,2025-05-29,3,Completed
2074,968,2025-05-29,1,Cancelled
3118,3431,2025-05-29,10,Completed
24770,2099,2025-05-29,11,Completed
15285,421,2025-05-29,1,Completed
18884,800,2025-05-29,3,Cancelled
19399,3509,2025-05-29,5,Completed
18875,4845,2025-05-29,8,Completed
10542,2411,2025-05-29,6,Cancelled
3326,464,2025-05-29,1,Completed
16969,1709,2025-05-29,11,Completed
5180,1592,2025-05-29,7,Completed
4854,2131,2025-05-29,7,Completed
6106,1621,2025-05-29,4,Completed
19963,2611,2025-05-29,1,Completed
10670,1508,2025-05-29,10,Completed
5682,917,2025-05-29,9,Completed
22972,1094,2025-05-29,3,Completed
11299,3257,2025-05-29,2,Cancelled
24493,2375,2025-05-29,2,Completed
15967,2515,2025-05-29,3,Completed
9422,2218,2025-05-30,7,Completed
16410,292,2025-05-30,8,Completed
11650,82,2025-05-30,12,Completed
3446,3513,2025-05-30,5,Completed
16694,2728,2025-05-30,11,Completed
18772,4526,2025-05-30,7,Completed
7349,4613,2025-05-30,7,Cancelled
15148,4030,2025-05-30,7,Completed
21701,3753,2025-05-30,5,Completed
23383,20,2025-05-30,11,Completed
3252,4381,2025-05-30,6,Completed
8542,3506,2025-05-30,2,Completed
18616,3892,2025-05-30,7,Cancelled
8824,1027,2025-05-30,6,Cancelled
12543,1100,2025-05-30,1,Completed
6289,1106,2025-05-30,3,Completed
9486,4403,2025-05-30,8,Completed
8844,583,2025-05-30,2,Completed
19433,4265,2025-05-30,9,Completed
12656,3537,2025-05-30,11,Cancelled
16397,154,2025-05-30,8,Completed
22454,1990,2025-05-30,8,Completed
4504,355,2025-05-30,12,Completed
13443,3439,2025-05-30,2,Completed
20353,2391,2025-05-31,6,Completed
14098,123,2025-05-31,10,Completed
5377,337,2025-05-31,12,Cancelled
6231,3478,2025-05-31,3,Completed
8573,857,2025-05-31,3,Completed
23720,626,2025-05-31,9,Cancelled
3288,2260,2025-05-31,11,Completed
22287,2508,2025-05-31,3,Completed
17891,4060,2025-05-31,6,Completed
8846,2404,2025-05-31,2,Cancelled
3780,1065,2025-05-31,7,Completed
24100,2517,2025-05-31,10,Completed
4256,4397,2025-05-31,3,Completed
13340,882,2025-05-31,1,Completed
16784,4324,2025-05-31,4,Cancelled
23493,3146,2025-05-31,3,Completed
712,2416,2025-05-31,6,Cancelled
20638,3629,2025-05-31,11,Completed
13272,667,2025-05-31,11,Completed
16048,1200,2025-05-31,8,Cancelled
17215,3242,2025-06-01,6,Cancelled
24378,3753,2025-06-01,5,Completed
14898,1189,2025-06-01,1,Completed
24892,1820,2025-06-01,1,Completed
24411,4646,2025-06-01,5,Completed
1634,1920,2025-06-01,2,Completed
7553,3158,2025-06-01,3,Completed
13681,742,2025-06-01,2,Cancelled
4652,3699,2025-06-01,5,Cancelled
2801,2211,2025-06-01,1,Completed
8913,984,2025-06-01,12,Completed
72,884,2025-06-01,4,Completed
8132,2766,2025-06-01,8,Completed
16003,3630,2025-06-01,8,Completed
23859,3899,2025-06-01,8,Completed
3841,3545,2025-06-01,11,Completed
5833,1769,2025-06-01,11,Cancelled
9099,3152,2025-06-01,11,Completed
10195,2979,2025-06-01,10,Completed
13335,2727,2025-06-01,8,Completed
12658,4621,2025-06-01,3,Completed
4456,3795,2025-06-01,8,Completed
20281,2191,2025-06-02,2,Completed
11171,919,2025-06-02,2,Completed
15236,385,2025-06-02,2,Cancelled
24487,4283,2025-06-02,5,Completed
21731,4068,2025-06-02,5,Cancelled
12521,93,2025-06-02,11,Cancelled
654,587,2025-06-02,8,Completed
2822,214,2025-06-02,9,Completed
8428,3999,2025-06-02,2,Completed
18378,4648,2025-06-02,9,Cancelled
3048,3868,2025-06-02,3,Completed
9489,1594,2025-06-02,7,Completed
23144,1318,2025-06-02,9,Completed
11672,4828,2025-06-02,4,Cancelled
16233,1473,2025-06-02,3,Cancelled
9545,4697,2025-06-02,7,Completed
250,4764,2025-06-02,6,Completed
18356,417,2025-06-02,1,Completed
18932,1940,2025-06-02,1,Completed
8135,3118,2025-06-02,5,Completed
17685,4437,2025-06-02,7,Cancelled
6383,4430,2025-06-02,12,Cancelled
12062,1746,2025-06-02,3,Completed
24056,4857,2025-06-02,12,Completed
8044,1276,2025-06-02,7,Completed
12102,598,2025-06-02,9,Completed
14908,286,2025-06-03,5,Completed
21153,3241,2025-06-03,10,Completed
24088,3289,2025-06-03,2,Completed
2085,1305,2025-06-03,9,Completed
4694,2015,2025-06-03,10,Cancelled
12276,588,2025-06-03,1,Completed
3549,1216,2025-06-03,9,Completed
756,1686,2025-06-03,4,Completed
4132,3006,2025-06-03,4,Completed
16639,4159,2025-06-03,3,Cancelled
13872,743,2025-06-03,9,Completed
16681,2468,2025-06-03,3,Completed
9674,247,2025-06-03,4,Cancelled
19139,2499,2025-06-03,6,Completed
21653,1799,2025-06-03,10,Completed
23395,4577,2025-06-03,4,Completed
9199,3672,2025-06-03,4,Cancelled
8602,1238,2025-06-03,11,Completed
13705,805,2025-06-03,7,Completed
16586,3158,2025-06-03,3,Completed
16111,4001,2025-06-03,5,Cancelled
8306,938,2025-06-03,12,Cancelled
3953,3201,2025-06-03,11,Completed
23293,793,2025-06-03,1,Completed
21683,1229,2025-06-03,10,Completed
13804,2538,2025-06-03,5,Completed
13401,4614,2025-06-03,7,Completed
19579,4602,2025-06-03,11,Completed
10179,3504,2025-06-03,3,Cancelled
2186,138,2025-06-04,3,Completed
11175,342,2025-06-04,10,Completed
4245,4726,2025-06-04,3,Completed
15434,2564,2025-06-04,9,Completed
24017,4262,2025-06-04,1,Cancelled
22890,229,2025-06-04,6,Cancelled
20265,913,2025-06-04,3,Cancelled
6075,775,2025-06-04,8,Completed
18281,1965,2025-06-04,11,Completed
3302,1073,2025-06-04,4,Completed
21188,3517,2025-06-04,11,Completed
21215,1881,2025-06-04,11,Completed
15937,887,2025-06-04,5,Completed
1892,3615,2025-06-04,1,Completed
9550,2463,2025-06-04,10,Completed
1105,3063,2025-06-04,3,Completed
23120,2816,2025-06-04,4,Completed
9036,3903,2025-06-04,6,Completed
16720,4799,2025-06-04,5,Completed
13929,412,2025-06-04,1,Completed
22067,4351,2025-06-04,6,Completed
18017,3062,2025-06-04,12,Cancelled
1255,4329,2025-06-04,3,Completed
24474,64,2025-06-05,9,Completed
23356,4931,2025-06-05,9,Completed
23345,2284,2025-06-05,5,Completed
14717,4964,2025-06-05,10,Completed
4717,3366,2025-06-05,3,Cancelled
3663,1625,2025-06-05,11,Completed
18567,3044,2025-06-05,5,Completed
1606,524,2025-06-05,11,Completed
10801,27,2025-06-05,2,Completed
18353,4989,2025-06-05,6,Completed
19603,390,2025-06-05,1,Completed
24125,1222,2025-06-05,10,Completed
861,3968,2025-06-05,7,Cancelled
20131,779,2025-06-05,3,Cancelled
22303,1441,2025-06-05,4,Completed
15901,3278,2025-06-05,2,Completed
4543,743,2025-06-05,9,Completed
7381,825,2025-06-05,3,Completed
6439,1680,2025-06-05,12,Completed
13000,1031,2025-06-05,11,Completed
13172,4363,2025-06-05,3,Cancelled
9336,3425,2025-06-05,1,Cancelled
22817,2641,2025-06-05,11,Completed
413,546,2025-06-05,3,Completed
24322,1862,2025-06-06,9,Completed
7384,4892,2025-06-06,11,Completed
23008,4678,2025-06-06,5,Completed
9664,3663,2025-06-06,4,Completed
13473,2318,2025-06-06,1,Completed
15673,1521,2025-06-06,7,Completed
21055,934,2025-06-06,7,Completed
5567,3051,2025-06-06,11,Cancelled
17394,867,2025-06-06,8,Completed
14193,4742,2025-06-06,2,Completed
1959,4866,2025-06-06,8,Completed
17114,556,2025-06-06,3,Completed
24005,583,2025-06-06,2,Cancelled
20462,304,2025-06-06,3,Completed
12528,4571,2025-06-06,12,Completed
4240,2700,2025-06-06,6,Cancelled
23621,4824,2025-06-06,6,Completed
11257,2246,2025-06-07,9,Completed
12198,1577,2025-06-07,8,Completed
13303,89,2025-06-07,3,Cancelled
17720,188,2025-06-07,3,Cancelled
15260,1307,2025-06-07,8,Completed
1260,3985,2025-06-07,6,Completed
14785,1351,2025-06-07,4,Completed
8915,107,2025-06-07,6,Completed
14172,337,2025-06-07,12,Completed
8041,2275,2025-06-07,11,Completed
8100,2000,2025-06-07,2,Completed
3892,1280,2025-06-07,1,Completed
1788,4054,2025-06-07,6,Completed
16136,1068,2025-06-07,3,Cancelled
10469,3700,2025-06-07,8,Cancelled
10606,2123,2025-06-07,5,Cancelled
925,151,2025-06-07,4,Completed
2232,4657,2025-06-07,5,Completed
9000,331,2025-06-07,3,Completed
22383,2966,2025-06-07,1,Completed
3938,336,2025-06-07,3,Completed
6354,749,2025-06-08,2,Completed
14230,4423,2025-06-08,4,Completed
9084,2785,2025-06-08,3,Cancelled
9461,3082,2025-06-08,10,Completed
17022,1061,2025-06-08,8,Completed
9799,3036,2025-06-08,3,Completed
13603,4715,2025-06-08,11,Completed
4309,357,2025-06-08,5,Completed
6792,2014,2025-06-08,4,Completed
10004,2313,2025-06-08,1,Completed
21443,1867,2025-06-08,12,Completed
20621,701,2025-06-08,4,Completed
15648,555,2025-06-08,6,Completed
5951,2369,2025-06-08,10,Completed
23423,2710,2025-06-08,2,Completed
15144,309,2025-06-08,2,Completed
4917,1175,2025-06-08,6,Completed
10108,215,2025-06-08,4,Completed
7931,4840,2025-06-08,7,Completed
19741,1134,2025-06-08,6,Completed
11618,3568,2025-06-08,3,Completed
11509,4733,2025-06-08,7,Completed
336,1045,2025-06-08,4,Completed
22138,4011,2025-06-08,12,Cancelled
18521,3888,2025-06-08,1,Completed
9741,303,2025-06-08,5,Completed
10600,3789,2025-06-09,9,Completed
12848,2545,2025-06-09,1,Completed
15278,382,2025-06-09,11,Completed
12841,2795,2025-06-09,9,Completed
8894,3128,2025-06-09,10,Completed
10950,1204,2025-06-09,8,Completed
12671,2524,2025-06-09,7,Completed
7092,4028,2025-06-09,4,Completed
8190,3266,2025-06-09,2,Completed
6229,4970,2025-06-09,5,Completed
22879,3534,2025-06-09,10,Completed
13175,3796,2025-06-09,11,Completed
15908,3254,2025-06-09,1,Completed
21090,2675,2025-06-09,3,Completed
1628,3760,2025-06-09,12,Completed
19203,2622,2025-06-09,5,Cancelled
7729,1581,2025-06-09,5,Completed
17110,1949,2025-06-09,5,Completed
5504,1799,2025-06-09,10,Cancelled
16767,2309,2025-06-09,2,Completed
3133,4300,2025-06-09,2,Cancelled
2083,3997,2025-06-10,8,Completed
7599,4216,2025-06-10,11,Completed
9628,2360,2025-06-10,3,Completed
23056,138,2025-06-10,3,Completed
4893,4407,2025-06-10,2,Completed
17246,654,2025-06-10,10,Completed
3246,566,2025-06-10,9,Completed
18843,1266,2025-06-10,9,Cancelled
22353,1788,2025-06-10,7,Cancelled
11764,1979,2025-06-10,1,Completed
14943,3453,2025-06-10,8,Completed
15952,1300,2025-06-10,6,Completed
21881,908,2025-06-10,12,Cancelled
10438,4346,2025-06-10,12,Completed
14221,687,2025-06-10,3,Cancelled
11277,2914,2025-06-10,5,Completed
13925,3184,2025-06-10,4,Cancelled
16335,4605,2025-06-10,2,Completed
19780,3352,2025-06-10,1,Cancelled
18756,4604,2025-06-10,1,Completed
8057,4266,2025-06-10,4,Completed
1700,38,2025-06-11,5,Completed
21146,300,2025-06-11,1,Cancelled
21376,4695,2025-06-11,6,Completed
443,1899,2025-06-11,9,Cancelled
20040,132,2025-06-11,1,Completed
3180,1678,2025-06-11,11,Completed
1075,1398,2025-06-11,4,Completed
14473,4977,2025-06-11,12,Completed
19384,1631,2025-06-11,9,Completed
23596,922,2025-06-11,7,Completed
14576,1077,2025-06-11,9,Completed
12601,3042,2025-06-11,1,Completed
23440,111,2025-06-11,2,Completed
13429,3908,2025-06-11,1,Completed
17279,1770,2025-06-11,3,Completed
15737,3182,2025-06-11,6,Completed
8632,2967,2025-06-11,2,Completed
1624,1871,2025-06-11,8,Completed
24567,867,2025-06-11,8,Completed
8891,1318,2025-06-11,9,Cancelled
3736,3362,2025-06-11,3,Completed
8250,4789,2025-06-11,4,Cancelled
19765,2030,2025-06-11,12,Completed
11030,1610,2025-06-12,1,Completed
7804,9,2025-06-12,11,Completed
20732,3948,2025-06-12,1,Completed
18832,1206,2025-06-12,11,Completed
10699,3251,2025-06-12,7,Cancelled
14179,2548,2025-06-12,1,Completed
24767,4801,2025-06-12,4,Cancelled
7210,2740,2025-06-12,10,Completed
13961,4153,2025-06-12,1,Cancelled
23729,4628,2025-06-12,6,Completed
8628,4024,2025-06-12,7,Completed
22483,2985,2025-06-12,1,Completed
11148,4960,2025-06-12,7,Completed
4830,2006,2025-06-12,9,Cancelled
3310,1625,2025-06-12,11,Cancelled
11989,4030,2025-06-12,7,Completed
18417,3734,2025-06-12,11,Completed
7487,4046,2025-06-12,12,Cancelled
20648,2079,2025-06-12,1,Completed
5518,2913,2025-06-12,3,Cancelled
16462,3096,2025-06-12,9,Completed
9685,4399,2025-06-12,12,Completed
15587,4729,2025-06-12,1,Cancelled
12397,46,2025-06-12,6,Completed
18062,1102,2025-06-12,4,Completed
18080,1679,2025-06-12,9,Cancelled
7067,2334,2025-06-12,11,Cancelled
4647,2573,2025-06-13,2,Completed
20949,3720,2025-06-13,2,Cancelled
21412,2724,2025-06-13,12,Completed
12461,2019,2025-06-13,6,Completed
1752,713,2025-06-13,3,Completed
16933,3926,2025-06-13,3,Completed
7587,679,2025-06-13,8,Completed
11283,551,2025-06-13,12,Completed
7302,2909,2025-06-13,11,Completed
23952,3535,2025-06-13,10,Completed
14291,4824,2025-06-13,6,Completed
6919,2888,2025-06-13,6,Completed
10281,2709,2025-06-13,10,Cancelled
8532,942,2025-06-13,7,Completed
3163,558,2025-06-13,12,Cancelled
23139,2475,2025-06-13,7,Completed
24721,1708,2025-06-14,10,Completed
19352,4902,2025-06-14,4,Completed
14910,1496,2025-06-14,5,Completed
24691,671,2025-06-14,11,Cancelled
11332,4108,2025-06-14,2,Cancelled
19968,958,2025-06-14,1,Completed
13259,1138,2025-06-14,5,Completed
2831,729,2025-06-14,6,Completed
3673,4844,2025-06-14,2,Completed
14083,4666,2025-06-14,6,Completed
16188,4752,2025-06-14,9,Completed
2334,1574,2025-06-14,1,Cancelled
2336,2022,2025-06-14,4,Completed
1154,2889,2025-06-14,1,Completed
22059,505,2025-06-14,9,Cancelled
13034,486,2025-06-14,9,Cancelled
8466,144,2025-06-14,2,Completed
9364,1487,2025-06-14,6,Completed
3352,4732,2025-06-14,9,Completed
7575,3258,2025-06-14,8,Completed
6256,2500,2025-06-14,6,Completed
24138,3322,2025-06-14,5,Completed
14832,4998,2025-06-14,8,Completed
4937,3162,2025-06-14,12,Completed
13418,4305,2025-06-15,10,Completed
10186,4142,2025-06-15,4,Completed
20224,4024,2025-06-15,7,Completed
21691,3925,2025-06-15,12,Completed
18121,2720,2025-06-15,11,Completed
6994,4505,2025-06-15,10,Cancelled
24367,1243,2025-06-15,8,Completed
14431,3898,2025-06-15,8,Completed
12974,777,2025-06-15,3,Completed
22671,970,2025-06-15,2,Completed
23897,421,2025-06-15,1,Completed
13150,4312,2025-06-15,12,Cancelled
10765,3624,2025-06-15,12,Completed
14976,3203,2025-06-15,8,Completed
9026,643,2025-06-15,3,Completed
19718,4706,2025-06-15,2,Completed
13291,1267,2025-06-15,1,Completed
1446,2625,2025-06-15,3,Completed
16457,4400,2025-06-15,3,Completed
23801,364,2025-06-15,11,Cancelled
8879,2785,2025-06-15,3,Cancelled
7787,4945,2025-06-15,8,Completed
10161,4192,2025-06-15,3,Completed
3772,2061,2025-06-15,4,Cancelled
9724,3118,2025-06-15,5,Cancelled
12994,3624,2025-06-16,12,Cancelled
17902,2451,2025-06-16,11,Completed
12068,4263,2025-06-16,5,Completed
5022,4500,2025-06-16,8,Completed
15361,1662,2025-06-16,6,Completed
20137,686,2025-06-16,10,Completed
22761,4690,2025-06-16,8,Completed
6513,4280,2025-06-16,6,Completed
21865,2667,2025-06-16,3,Cancelled
5633,2648,2025-06-16,12,Completed
3487,1804,2025-06-16,2,Completed
1858,4801,2025-06-16,4,Completed
17857,1013,2025-06-16,4,Completed
13844,2772,2025-06-16,8,Completed
10935,2497,2025-06-16,7,Completed
14649,1000,2025-06-16,11,Cancelled
14578,2028,2025-06-16,4,Completed
23377,1041,2025-06-16,7,Completed
15329,2975,2025-06-16,1,Completed
8245,3371,2025-06-16,3,Cancelled
10615,1832,2025-06-16,1,Completed
11512,532,2025-06-16,5,Cancelled
8403,2759,2025-06-16,2,Cancelled
20448,4713,2025-06-16,5,Cancelled
6568,2375,2025-06-16,2,Cancelled
1282,3007,2025-06-16,6,Completed
24705,4975,2025-06-16,5,Completed
13568,960,2025-06-17,3,Completed
7039,1583,2025-06-17,12,Completed
2069,1887,2025-06-17,3,Completed
16503,183,2025-06-17,8,Completed
24371,4477,2025-06-17,1,Completed
22530,566,2025-06-17,9,Cancelled
12682,1261,2025-06-17,4,Completed
2677,3360,2025-06-17,9,Completed
17061,3174,2025-06-17,1,Completed
14800,3186,2025-06-17,12,Completed
9540,3440,2025-06-17,1,Completed
18874,1266,2025-06-17,9,Cancelled
19212,2819,2025-06-17,6,Completed
4311,2339,2025-06-17,2,Completed
11065,4877,2025-06-17,3,Completed
14952,1579,2025-06-17,3,Completed
2403,860,2025-06-17,6,Completed
14983,1502,2025-06-17,1,Cancelled
9996,82,2025-06-17,12,Completed
22433,2941,2025-06-17,10,Completed
24243,1751,2025-06-17,10,Completed
24922,1139,2025-06-17,5,Completed
12254,2375,2025-06-17,2,Cancelled
14255,1190,2025-06-17,12,Completed
473,2873,2025-06-17,4,Completed
12889,847,2025-06-18,1,Completed
12217,4613,2025-06-18,7,Completed
1580,2398,2025-06-18,2,Completed
11524,1646,2025-06-18,7,Completed
24929,87,2025-06-18,8,Completed
1395,357,2025-06-18,5,Completed
22983,4125,2025-06-18,4,Completed
19659,3535,2025-06-18,10,Completed
18664,481,2025-06-18,5,Completed
10897,4609,2025-06-18,11,Completed
2076,869,2025-06-18,2,Cancelled
882,3632,2025-06-18,9,Completed
5503,1758,2025-06-18,11,Completed
24268,4601,2025-06-18,6,Completed
3873,2547,2025-06-18,9,Completed
11796,671,2025-06-18,11,Completed
18584,3453,2025-06-18,8,Completed
15743,4810,2025-06-18,2,Completed
18714,998,2025-06-18,8,Completed
7447,3113,2025-06-18,11,Completed
6016,1076,2025-06-18,3,Completed
8023,1174,2025-06-18,4,Completed
9854,2362,2025-06-18,2,Cancelled
7228,1006,2025-06-18,7,Completed
20808,148,2025-06-19,1,Completed
18635,4682,2025-06-19,3,Completed
23853,2162,2025-06-19,6,Cancelled
15561,2417,2025-06-19,12,Completed
11286,2925,2025-06-19,2,Completed
21233,3216,2025-06-19,4,Completed
16453,1104,2025-06-19,4,Completed
18939,3648,2025-06-19,11,Cancelled
3656,3977,2025-06-19,1,Cancelled
9075,1792,2025-06-19,7,Completed
16527,1817,2025-06-19,12,Completed
12709,1896,2025-06-19,7,Completed
24240,2031,2025-06-19,10,Completed
4255,3595,2025-06-19,3,Completed
6181,490,2025-06-19,10,Completed
11433,1569,2025-06-19,11,Completed
17402,1636,2025-06-19,2,Completed
23976,3340,2025-06-19,4,Completed
16296,200,2025-06-19,12,Completed
465,329,2025-06-19,4,Completed
4044,4550,2025-06-19,2,Completed
19898,1963,2025-06-19,7,Completed
16355,1377,2025-06-19,3,Completed
15815,2564,2025-06-19,9,Completed
2450,81,2025-06-19,2,Completed
2380,882,2025-06-19,1,Cancelled
7392,2424,2025-06-20,3,Completed
17820,1390,2025-06-20,4,Completed
6956,3267,2025-06-20,12,Completed
10215,1307,2025-06-20,8,Completed
7463,4370,2025-06-20,11,Completed
7282,556,2025-06-20,3,Completed
19375,2910,2025-06-20,9,Completed
16937,4658,2025-06-20,12,Completed
18339,2239,2025-06-20,12,Cancelled
20871,873,2025-06-20,10,Completed
21788,2822,2025-06-20,6,Completed
8665,4207,2025-06-20,1,Completed
22182,743,2025-06-20,9,Completed
975,4505,2025-06-20,10,Completed
20595,2576,2025-06-20,2,Completed
14152,2468,2025-06-20,3,Completed
11657,3990,2025-06-20,1,Completed
3559,16,2025-06-20,11,Completed
20155,3811,2025-06-20,2,Cancelled
11569,3648,2025-06-20,11,Completed
1674,3866,2025-06-20,11,Completed
3934,3122,2025-06-20,3,Completed
7884,4864,2025-06-20,6,Completed
16718,3451,2025-06-21,9,Cancelled
21437,1728,2025-06-21,1,Completed
12115,3482,2025-06-21,12,Completed
17471,4450,2025-06-21,4,Cancelled
1730,3678,2025-06-21,10,Completed
24070,4392,2025-06-21,4,Completed
19306,3636,2025-06-21,2,Completed
21341,2946,2025-06-21,10,Completed
11593,2562,2025-06-21,12,Completed
11666,4687,2025-06-21,12,Completed
19442,1282,2025-06-21,11,Cancelled
7453,2139,2025-06-21,2,Completed
18071,2298,2025-06-21,9,Completed
1278,1850,2025-06-21,5,Completed
8918,4915,2025-06-21,11,Completed
9655,347,2025-06-21,2,Cancelled
16967,1228,2025-06-21,11,Cancelled
23286,4650,2025-06-21,5,Completed
20346,3354,2025-06-21,1,Completed
8314,1894,2025-06-21,4,Completed
3713,4491,2025-06-21,6,Completed
4769,3435,2025-06-21,12,Cancelled
7807,4351,2025-06-21,6,Completed
14257,4896,2025-06-21,1,Completed
16081,2883,2025-06-21,6,Completed
8712,4812,2025-06-21,8,Completed
16592,718,2025-06-21,4,Cancelled
24646,861,2025-06-21,12,Completed
16508,3976,2025-06-22,4,Completed
21369,1043,2025-06-22,4,Completed
21991,3795,2025-06-22,8,Completed
6795,4952,2025-06-22,11,Completed
20884,2153,2025-06-22,5,Completed
2573,1599,2025-06-22,3,Completed
18014,2930,2025-06-22,1,Completed
11820,988,2025-06-22,12,Cancelled
13965,2912,2025-06-22,9,Completed
4858,346,2025-06-22,8,Cancelled
8400,1096,2025-06-22,12,Completed
5564,4521,2025-06-22,3,Cancelled
1729,2372,2025-06-22,8,Cancelled
19886,914,2025-06-22,11,Completed
22998,2252,2025-06-22,4,Completed
258,3909,2025-06-22,2,Completed
5068,1153,2025-06-22,3,Completed
9256,643,2025-06-22,3,Completed
1787,3877,2025-06-22,3,Completed
1775,2957,2025-06-22,4,Completed
9255,454,2025-06-23,3,Completed
2238,3478,2025-06-23,3,Cancelled
4704,2623,2025-06-23,5,Completed
19480,4858,2025-06-23,4,Completed
13889,826,2025-06-23,2,Completed
4124,3890,2025-06-23,4,Completed
5814,4846,2025-06-23,5,Cancelled
3312,2362,2025-06-23,2,Completed
13357,302,2025-06-23,4,Completed
755,1219,2025-06-23,2,Completed
11287,17,2025-06-23,2,Completed
4393,2762,2025-06-23,1,Completed
24690,921,2025-06-23,10,Completed
4964,144,2025-06-23,2,Completed
20257,1746,2025-06-23,3,Completed
3500,3066,2025-06-23,8,Completed
4988,451,2025-06-23,1,Completed
3193,20,2025-06-23,11,Completed
23239,773,2025-06-23,5,Completed
22798,3460,2025-06-23,1,Completed
17172,3363,2025-06-23,1,Completed
8437,233,2025-06-23,4,Completed
15987,3095,2025-06-24,9,Completed
13756,4324,2025-06-24,4,Completed
22440,644,2025-06-24,8,Completed
16264,2129,2025-06-24,3,Completed
22168,727,2025-06-24,7,Cancelled
7611,3132,2025-06-24,9,Completed
19436,4121,2025-06-24,2,Completed
17893,1768,2025-06-24,11,Cancelled
2487,393,2025-06-24,12,Cancelled
11611,4807,2025-06-24,9,Completed
18052,1773,2025-06-24,3,Cancelled
5065,1814,2025-06-24,12,Completed
4777,592,2025-06-25,3,Completed
3721,504,2025-06-25,2,Completed
15848,4244,2025-06-25,1,Cancelled
8612,3156,2025-06-25,1,Completed
16517,714,2025-06-25,3,Cancelled
14037,1377,2025-06-25,3,Completed
13501,4921,2025-06-25,2,Completed
22302,4150,2025-06-25,8,Completed
9546,657,2025-06-25,5,Completed
22345,2003,2025-06-25,1,Completed
12765,4245,2025-06-25,6,Completed
22867,4473,2025-06-25,3,Completed
14163,4598,2025-06-25,12,Completed
21084,4670,2025-06-25,7,Completed
20334,4104,2025-06-25,9,Completed
2921,4257,2025-06-25,2,Completed
14097,3497,2025-06-25,6,Completed
5028,359,2025-06-25,7,Completed
24204,2955,2025-06-26,9,Completed
4212,2369,2025-06-26,10,Completed
9731,2123,2025-06-26,5,Completed
6747,4086,2025-06-26,12,Cancelled
23776,4631,2025-06-26,12,Completed
19414,3440,2025-06-26,1,Completed
216,142,2025-06-26,3,Completed
16103,2749,2025-06-26,11,Completed
9320,2304,2025-06-26,8,Completed
16024,1069,2025-06-26,7,Completed
18933,992,2025-06-26,7,Completed
23958,4776,2025-06-26,5,Cancelled
14678,4986,2025-06-26,12,Completed
11449,2998,2025-06-26,11,Completed
16288,1969,2025-06-26,2,Completed
11351,283,2025-06-26,5,Completed
20719,4736,2025-06-27,10,Completed
18363,1542,2025-06-27,10,Completed
24148,4403,2025-06-27,8,Completed
10363,575,2025-06-27,8,Completed
4958,702,2025-06-27,12,Completed
2988,1043,2025-06-27,4,Completed
18671,1162,2025-06-27,12,Completed
19670,2948,2025-06-27,7,Completed
16421,4750,2025-06-27,5,Completed
24955,2788,2025-06-27,12,Completed
15093,4290,2025-06-27,10,Completed
10708,4401,2025-06-27,12,Completed
6460,2658,2025-06-27,11,Completed
23927,1243,2025-06-27,8,Completed
17077,2363,2025-06-27,9,Cancelled
16678,2873,2025-06-27,4,Completed
6142,490,2025-06-27,10,Completed
22199,893,2025-06-28,12,Completed
16130,3728,2025-06-28,2,Completed
7399,367,2025-06-28,8,Completed
22376,4266,2025-06-28,4,Cancelled
18687,4940,2025-06-28,2,Completed
19346,2200,2025-06-28,1,Completed
14158,4859,2025-06-28,3,Completed
660,698,2025-06-28,12,Cancelled
8713,3297,2025-06-28,9,Completed
3421,2977,2025-06-28,12,Completed
13900,17,2025-06-28,2,Completed
19456,684,2025-06-28,1,Completed
9593,4265,2025-06-28,9,Cancelled
20482,206,2025-06-28,6,Completed
21581,68,2025-06-28,5,Completed
6659,4347,2025-06-28,3,Completed
4848,1619,2025-06-28,4,Completed
1007,2547,2025-06-28,9,Completed
4985,4431,2025-06-28,6,Cancelled
2017,4680,2025-06-28,3,Completed
15730,2323,2025-06-29,3,Completed
3251,151,2025-06-29,4,Cancelled
6997,2380,2025-06-29,5,Completed
20228,2727,2025-06-29,8,Completed
16868,3431,2025-06-29,10,Completed
13239,537,2025-06-29,2,Completed
2084,2943,2025-06-29,12,Completed
5574,4125,2025-06-29,4,Completed
14384,2121,2025-06-29,2,Cancelled
18127,1508,2025-06-29,10,Completed
3733,4552,2025-06-29,12,Cancelled
10827,2200,2025-06-29,1,Cancelled
21551,2229,2025-06-29,3,Completed
21645,1744,2025-06-29,3,Completed
9615,2257,2025-06-29,9,Completed
14933,3071,2025-06-29,8,Completed
11883,173,2025-06-29,7,Completed
14481,2071,2025-06-29,7,Completed
4947,556,2025-06-29,3,Completed
12895,537,2025-06-29,2,Completed
8703,3120,2025-06-29,12,Completed
6616,3592,2025-06-29,8,Cancelled
9385,496,2025-06-30,6,Cancelled
16612,857,2025-06-30,3,Completed
14370,1010,2025-06-30,10,Completed
491,974,2025-06-30,3,Completed
21187,4834,2025-06-30,1,Completed
22567,541,2025-06-30,6,Completed
7410,4505,2025-06-30,10,Cancelled
9292,707,2025-06-30,5,Cancelled
7167,804,2025-06-30,7,Completed
24301,3030,2025-06-30,5,Completed
18123,4631,2025-06-30,12,Completed
15632,3181,2025-06-30,1,Completed
22535,2413,2025-06-30,3,Completed
4049,3654,2025-06-30,1,Completed
4335,2848,2025-06-30,3,Cancelled
23951,1218,2025-06-30,8,Cancelled
15403,1213,2025-06-30,3,Completed
20837,2621,2025-06-30,12,Completed
20256,1547,2025-06-30,10,Completed
20676,798,2025-06-30,6,Completed
12056,651,2025-06-30,11,Completed
12057,2898,2025-06-30,3,Cancelled
18810,279,2025-06-30,5,Completed
20266,4756,2025-06-30,4,Completed
14806,2076,2025-06-30,1,Completed
18785,4295,2025-06-30,4,Completed
2596,2998,2025-07-01,11,Completed
11423,985,2025-07-01,2,Cancelled
2216,358,2025-07-01,3,Completed
14404,2589,2025-07-01,9,Cancelled
18266,2604,2025-07-01,7,Completed
14587,3096,2025-07-01,9,Cancelled
20741,420,2025-07-01,4,Completed
1836,489,2025-07-01,4,Cancelled
20232,1881,2025-07-01,11,Cancelled
80,3115,2025-07-01,8,Completed
18214,4431,2025-07-01,6,Cancelled
18148,4571,2025-07-01,12,Completed
24059,955,2025-07-01,1,Completed
6781,2317,2025-07-01,10,Completed
6887,2189,2025-07-01,4,Completed
901,2220,2025-07-01,10,Completed
2485,3836,2025-07-01,9,Completed
745,1884,2025-07-01,9,Completed
20833,640,2025-07-01,4,Completed
8645,3524,2025-07-02,4,Completed
15579,3107,2025-07-02,3,Completed
11784,3015,2025-07-02,5,Completed
1372,4164,2025-07-02,1,Completed
4737,2524,2025-07-02,7,Cancelled
4970,182,2025-07-02,9,Completed
16211,421,2025-07-02,1,Completed
14014,915,2025-07-02,2,Completed
5053,2549,2025-07-02,8,Cancelled
21269,355,2025-07-02,12,Completed
9212,786,2025-07-02,4,Completed
12701,2096,2025-07-02,1,Completed
3191,3863,2025-07-02,12,Completed
929,1558,2025-07-02,9,Completed
15553,1832,2025-07-03,1,Completed
19324,418,2025-07-03,2,Completed
10279,643,2025-07-03,3,Completed
24850,350,2025-07-03,1,Completed
24522,4321,2025-07-03,12,Completed
4563,2879,2025-07-03,1,Cancelled
2305,3053,2025-07-03,12,Completed
16884,430,2025-07-03,11,Completed
2283,2948,2025-07-03,7,Completed
12968,793,2025-07-03,1,Cancelled
5994,3564,2025-07-03,1,Cancelled
19869,2444,2025-07-03,1,Completed
6932,3591,2025-07-03,12,Completed
3638,3119,2025-07-03,1,Completed
10861,3426,2025-07-03,2,Completed
21583,4365,2025-07-03,8,Completed
4135,142,2025-07-03,3,Completed
11516,3125,2025-07-03,12,Completed
7570,4481,2025-07-04,11,Cancelled
5470,2851,2025-07-04,3,Completed
20297,2661,2025-07-04,7,Completed
7391,4212,2025-07-04,10,Completed
13424,174,2025-07-04,10,Completed
21896,1466,2025-07-04,1,Completed
5764,4167,2025-07-04,3,Completed
22063,4252,2025-07-04,1,Completed
5716,755,2025-07-04,12,Completed
8508,3441,2025-07-04,1,Completed
18746,3004,2025-07-04,12,Completed
23832,1913,2025-07-04,6,Cancelled
16483,1006,2025-07-04,7,Cancelled
3979,4428,2025-07-04,7,Completed
24915,4811,2025-07-04,9,Completed
6505,2812,2025-07-04,6,Completed
16987,1765,2025-07-04,1,Completed
4527,3551,2025-07-04,2,Completed
20979,4680,2025-07-04,3,Cancelled
5344,3629,2025-07-04,11,Completed
18606,2101,2025-07-04,9,Completed
1000,2109,2025-07-04,3,Completed
5411,990,2025-07-05,7,Cancelled
10620,3045,2025-07-05,8,Completed
9074,4977,2025-07-05,12,Completed
735,2924,2025-07-05,7,Cancelled
12066,920,2025-07-05,3,Cancelled
10246,4438,2025-07-05,5,Completed
13086,836,2025-07-05,1,Cancelled
20389,2972,2025-07-05,12,Cancelled
20434,531,2025-07-05,1,Completed
23346,3483,2025-07-05,3,Completed
18708,122,2025-07-05,5,Cancelled
9183,4427,2025-07-05,1,Completed
3875,2392,2025-07-05,1,Completed
16887,1620,2025-07-05,4,Completed
877,3716,2025-07-05,3,Cancelled
14623,2598,2025-07-05,3,Completed
1945,3900,2025-07-05,1,Cancelled
6411,661,2025-07-05,5,Cancelled
20705,4485,2025-07-05,9,Cancelled
7786,3045,2025-07-05,8,Completed
6266,671,2025-07-05,11,Completed
17001,285,2025-07-05,4,Completed
1781,3344,2025-07-05,3,Completed
3270,2676,2025-07-06,3,Completed
10949,4675,2025-07-06,1,Completed
22762,644,2025-07-06,8,Cancelled
20646,3010,2025-07-06,10,Completed
5142,4552,2025-07-06,12,Completed
16531,1251,2025-07-06,10,Completed
21779,3495,2025-07-06,7,Cancelled
3073,535,2025-07-06,11,Completed
21887,3476,2025-07-06,3,Completed
8128,1600,2025-07-06,5,Completed
13921,1993,2025-07-06,9,Completed
24533,1389,2025-07-06,2,Completed
16408,775,2025-07-06,8,Completed
6895,780,2025-07-06,2,Completed
22275,4187,2025-07-06,4,Cancelled
14698,4121,2025-07-06,2,Completed
23168,1690,2025-07-06,1,Completed
12824,3508,2025-07-06,2,Completed
1530,150,2025-07-06,4,Completed
2917,127,2025-07-06,12,Completed
19939,1175,2025-07-06,6,Completed
18130,1126,2025-07-06,5,Cancelled
4696,739,2025-07-06,3,Completed
12278,335,2025-07-06,6,Completed
14738,462,2025-07-06,2,Cancelled
10634,144,2025-07-06,2,Completed
16401,1412,2025-07-07,7,Completed
12954,4740,2025-07-07,7,Cancelled
9128,1746,2025-07-07,3,Completed
10547,2244,2025-07-07,10,Cancelled
22194,4609,2025-07-07,11,Completed
13620,1657,2025-07-07,5,Completed
22177,1307,2025-07-07,8,Completed
11850,3444,2025-07-07,3,Completed
18743,282,2025-07-07,7,Completed
180,2063,2025-07-07,11,Completed
15731,3526,2025-07-07,2,Completed
8483,1599,2025-07-07,3,Completed
3468,857,2025-07-07,3,Completed
279,1713,2025-07-08,8,Completed
15480,3909,2025-07-08,2,Completed
16377,3626,2025-07-08,1,Cancelled
12616,2564,2025-07-08,9,Cancelled
7374,3123,2025-07-08,2,Completed
2127,740,2025-07-08,8,Cancelled
12777,3715,2025-07-08,4,Completed
22319,3857,2025-07-08,11,Completed
804,2977,2025-07-08,12,Completed
14691,1946,2025-07-08,5,Completed
10842,1694,2025-07-08,4,Completed
16159,3771,2025-07-08,3,Completed
16826,456,2025-07-08,5,Cancelled
3488,4829,2025-07-08,4,Completed
17550,1687,2025-07-08,1,Completed
23058,2806,2025-07-08,12,Cancelled
14363,535,2025-07-08,11,Completed
17369,2998,2025-07-08,11,Completed
23908,4854,2025-07-08,7,Completed
7747,228,2025-07-08,3,Completed
20620,4043,2025-07-08,8,Completed
14504,2272,2025-07-08,7,Completed
21379,4229,2025-07-08,11,Completed
23343,3866,2025-07-08,11,Cancelled
4987,2545,2025-07-08,1,Cancelled
8482,4726,2025-07-08,3,Completed
20834,2553,2025-07-08,10,Completed
3036,656,2025-07-08,3,Completed
17923,3467,2025-07-08,1,Cancelled
9925,2424,2025-07-08,3,Cancelled
17959,2246,2025-07-09,9,Completed
7556,2757,2025-07-09,2,Completed
8153,2478,2025-07-09,7,Completed
1605,3103,2025-07-09,11,Completed
4881,436,2025-07-09,1,Completed
20504,4274,2025-07-09,2,Cancelled
13637,1611,2025-07-09,2,Completed
18359,1535,2025-07-09,11,Completed
13743,246,2025-07-09,1,Completed
15435,2952,2025-07-09,10,Completed
23152,1088,2025-07-09,8,Cancelled
12422,609,2025-07-09,3,Completed
6377,2676,2025-07-09,3,Completed
20342,3358,2025-07-09,8,Completed
11029,1335,2025-07-09,1,Completed
19101,4304,2025-07-09,7,Completed
7610,1306,2025-07-09,4,Completed
6006,3433,2025-07-09,11,Completed
4625,4659,2025-07-10,10,Completed
12178,2416,2025-07-10,6,Completed
11728,783,2025-07-10,10,Cancelled
10623,3798,2025-07-10,10,Completed
17458,924,2025-07-10,1,Completed
9343,2944,2025-07-10,3,Completed
15048,3652,2025-07-10,2,Completed
1225,3075,2025-07-10,11,Completed
5610,4604,2025-07-10,1,Completed
18093,2433,2025-07-10,4,Completed
22741,1387,2025-07-10,5,Completed
22118,4698,2025-07-10,3,Completed
23108,4284,2025-07-10,7,Cancelled
12578,1726,2025-07-10,10,Completed
7702,144,2025-07-10,2,Completed
24280,2939,2025-07-10,7,Completed
16679,4975,2025-07-10,5,Completed
6673,1932,2025-07-10,12,Completed
8598,1589,2025-07-10,5,Completed
427,1417,2025-07-11,2,Completed
20964,680,2025-07-11,1,Completed
17767,4835,2025-07-11,7,Completed
5505,2229,2025-07-11,3,Completed
10030,415,2025-07-11,10,Completed
16156,3703,2025-07-11,2,Completed
11409,246,2025-07-11,1,Completed
8168,2200,2025-07-11,1,Completed
14323,4835,2025-07-11,7,Completed
18448,3173,2025-07-11,2,Completed
19110,2727,2025-07-11,8,Completed
10588,4662,2025-07-11,9,Cancelled
11786,93,2025-07-11,11,Cancelled
8575,976,2025-07-11,11,Cancelled
13918,1499,2025-07-11,12,Completed
146,725,2025-07-11,1,Completed
13417,4098,2025-07-11,8,Completed
22678,1092,2025-07-11,6,Completed
12820,254,2025-07-11,2,Completed
23629,2282,2025-07-11,3,Completed
7878,132,2025-07-12,1,Completed
4879,2578,2025-07-12,10,Completed
16372,1937,2025-07-12,5,Completed
23761,3947,2025-07-12,11,Completed
23475,1285,2025-07-12,7,Completed
5890,598,2025-07-12,9,Completed
22378,4763,2025-07-12,3,Completed
24983,2468,2025-07-12,3,Cancelled
15618,2638,2025-07-12,8,Completed
9123,2243,2025-07-12,4,Completed
3600,4441,2025-07-12,8,Completed
241,4520,2025-07-12,10,Completed
4616,364,2025-07-12,11,Completed
1074,282,2025-07-12,7,Completed
3685,3804,2025-07-12,1,Completed
24781,4484,2025-07-12,11,Completed
22097,4045,2025-07-12,2,Completed
1295,3181,2025-07-12,1,Completed
3506,4482,2025-07-12,11,Completed
3687,1066,2025-07-12,5,Cancelled
23396,3950,2025-07-12,6,Completed
4722,954,2025-07-12,6,Completed
1939,3664,2025-07-12,8,Completed
7792,1928,2025-07-12,5,Completed
19468,4950,2025-07-12,8,Completed
11325,3866,2025-07-13,11,Completed
425,4353,2025-07-13,10,Completed
16323,3394,2025-07-13,12,Completed
12372,849,2025-07-13,8,Completed
7818,3197,2025-07-13,9,Completed
15068,237,2025-07-13,7,Completed
23306,3736,2025-07-13,3,Completed
9604,3527,2025-07-13,8,Completed
8067,4669,2025-07-13,1,Cancelled
2863,2673,2025-07-13,3,Completed
5842,686,2025-07-13,10,Cancelled
11317,993,2025-07-13,3,Completed
13362,2533,2025-07-13,2,Completed
3263,1644,2025-07-13,12,Completed
17336,2765,2025-07-13,11,Completed
15839,1561,2025-07-13,2,Completed
18215,2108,2025-07-13,11,Completed
8242,1591,2025-07-13,1,Cancelled
9773,653,2025-07-13,9,Cancelled
11962,2679,2025-07-13,8,Completed
14080,3478,2025-07-13,3,Completed
2350,1736,2025-07-13,8,Completed
15167,3727,2025-07-13,9,Completed
1916,2047,2025-07-14,8,Cancelled
303,3592,2025-07-14,8,Completed
16866,3599,2025-07-14,7,Cancelled
18096,741,2025-07-14,1,Cancelled
23110,2825,2025-07-14,8,Completed
22106,960,2025-07-14,3,Completed
22989,2444,2025-07-14,1,Completed
10291,3948,2025-07-14,1,Completed
282,4673,2025-07-14,11,Completed
6464,1254,2025-07-14,12,Completed
12950,779,2025-07-14,3,Completed
2757,1713,2025-07-14,8,Completed
15560,801,2025-07-14,1,Completed
12361,590,2025-07-14,2,Completed
15432,2851,2025-07-14,3,Completed
1442,1257,2025-07-14,3,Completed
10644,1520,2025-07-14,3,Completed
10173,3134,2025-07-14,8,Completed
16558,3612,2025-07-15,1,Completed
11073,138,2025-07-15,3,Cancelled
11054,1332,2025-07-15,6,Completed
3485,1895,2025-07-15,2,Completed
11477,857,2025-07-15,3,Completed
4515,652,2025-07-15,2,Cancelled
1015,2923,2025-07-15,10,Completed
24751,2926,2025-07-15,7,Completed
13145,378,2025-07-15,4,Completed
7157,4828,2025-07-15,4,Completed
24295,2939,2025-07-15,7,Completed
5685,4399,2025-07-15,12,Cancelled
20612,4241,2025-07-15,9,Cancelled
20249,1426,2025-07-15,3,Completed
15898,4797,2025-07-15,5,Completed
6085,4898,2025-07-15,10,Completed
24871,2287,2025-07-15,3,Completed
12527,1354,2025-07-15,5,Completed
15388,4167,2025-07-15,3,Completed
1661,948,2025-07-16,2,Completed
21940,2315,2025-07-16,10,Completed
12485,4726,2025-07-16,3,Completed
2260,3573,2025-07-16,12,Completed
16161,2685,2025-07-16,2,Cancelled
15326,3435,2025-07-16,12,Completed
14934,2612,2025-07-16,7,Completed
19558,2519,2025-07-16,12,Cancelled
18073,4865,2025-07-16,2,Completed
11760,4244,2025-07-16,1,Completed
20939,593,2025-07-16,3,Completed
19308,142,2025-07-16,3,Completed
4461,3518,2025-07-16,11,Completed
11302,3980,2025-07-16,4,Completed
11406,2275,2025-07-16,11,Cancelled
16266,2186,2025-07-16,3,Completed
18335,3419,2025-07-16,12,Completed
17174,2065,2025-07-16,6,Completed
17981,2532,2025-07-16,8,Completed
3431,3829,2025-07-16,12,Completed
21355,1474,2025-07-17,12,Completed
8263,968,2025-07-17,1,Cancelled
15163,4790,2025-07-17,7,Completed
20421,261,2025-07-17,8,Completed
4436,1189,2025-07-17,1,Completed
18415,3252,2025-07-17,5,Completed
3883,3647,2025-07-17,7,Cancelled
8080,4564,2025-07-17,4,Completed
1998,4152,2025-07-17,8,Completed
5722,4964,2025-07-17,10,Completed
19507,3114,2025-07-17,12,Completed
249,4372,2025-07-17,3,Completed
16951,180,2025-07-17,2,Completed
3662,1907,2025-07-17,1,Cancelled
5495,4673,2025-07-17,11,Completed
1397,2274,2025-07-17,3,Completed
17976,1115,2025-07-17,6,Completed
12992,3896,2025-07-17,8,Completed
16573,3381,2025-07-17,3,Cancelled
3693,4648,2025-07-18,9,Cancelled
5984,3081,2025-07-18,10,Completed
7705,2941,2025-07-18,10,Completed
16115,421,2025-07-18,1,Completed
17933,983,2025-07-18,5,Completed
24969,1196,2025-07-18,9,Completed
366,237,2025-07-18,7,Cancelled
9938,2107,2025-07-18,6,Completed
13410,3136,2025-07-18,4,Completed
4808,1275,2025-07-18,5,Cancelled
24004,3561,2025-07-18,8,Completed
19709,1010,2025-07-18,10,Completed
170,3634,2025-07-18,6,Completed
11616,1825,2025-07-18,1,Completed
19224,2186,2025-07-18,3,Completed
14544,4407,2025-07-18,2,Completed
18184,2155,2025-07-18,9,Completed
2269,1486,2025-07-18,10,Completed
10259,2079,2025-07-18,1,Completed
2272,1202,2025-07-18,4,Completed
17392,2299,2025-07-18,8,Completed
16922,4467,2025-07-18,6,Completed
9231,272,2025-07-18,11,Cancelled
24447,2430,2025-07-18,7,Completed
16812,4681,2025-07-18,7,Completed
12964,653,2025-07-18,9,Completed
15004,3733,2025-07-18,11,Completed
9408,1879,2025-07-18,12,Completed
5496,814,2025-07-18,3,Cancelled
6522,3062,2025-07-18,12,Completed
12180,580,2025-07-18,7,Completed
14320,724,2025-07-19,11,Completed
9277,4508,2025-07-19,11,Completed
1363,551,2025-07-19,12,Completed
7051,1758,2025-07-19,11,Cancelled
13450,1105,2025-07-19,1,Cancelled
23484,1997,2025-07-19,2,Completed
11632,3023,2025-07-19,8,Completed
23885,1537,2025-07-19,7,Cancelled
4379,4291,2025-07-19,1,Cancelled
7419,4552,2025-07-19,12,Completed
14019,1486,2025-07-19,10,Completed
14074,687,2025-07-19,3,Cancelled
12615,2150,2025-07-19,4,Completed
13088,21,2025-07-19,1,Completed
16444,4537,2025-07-19,3,Completed
13368,4029,2025-07-19,8,Cancelled
21526,1975,2025-07-19,6,Completed
20444,991,2025-07-19,2,Completed
15499,498,2025-07-19,8,Completed
15696,4250,2025-07-19,12,Cancelled
13366,760,2025-07-20,4,Completed
7216,4626,2025-07-20,3,Completed
15370,4162,2025-07-20,8,Completed
12988,3482,2025-07-20,12,Completed
7613,3923,2025-07-20,3,Cancelled
7573,4223,2025-07-20,4,Completed
13652,4223,2025-07-20,4,Cancelled
9333,2972,2025-07-20,12,Cancelled
6943,3139,2025-07-20,12,Completed
16466,780,2025-07-20,2,Completed
9434,2007,2025-07-20,2,Completed
8228,4684,2025-07-20,12,Completed
9326,1592,2025-07-20,7,Completed
23314,831,2025-07-20,1,Completed
18181,4450,2025-07-20,4,Cancelled
11366,4793,2025-07-20,1,Completed
23018,4824,2025-07-20,6,Completed
18655,3297,2025-07-20,9,Completed
10056,326,2025-07-20,2,Completed
1259,4730,2025-07-20,3,Completed
5704,1943,2025-07-20,10,Completed
21885,2179,2025-07-20,4,Completed
6277,626,2025-07-20,9,Completed
19071,4632,2025-07-20,7,Completed
18564,818,2025-07-20,2,Completed
17548,4828,2025-07-20,4,Completed
11216,1190,2025-07-21,12,Completed
16841,4114,2025-07-21,4,Completed
22399,169,2025-07-21,1,Completed
7276,4304,2025-07-21,7,Completed
14953,2530,2025-07-21,2,Cancelled
16381,1579,2025-07-21,3,Cancelled
18853,1608,2025-07-21,1,Completed
1284,4579,2025-07-21,5,Completed
2724,3733,2025-07-21,11,Completed
5111,4468,2025-07-21,3,Completed
18791,860,2025-07-21,6,Completed
21854,464,2025-07-21,1,Completed
4085,4538,2025-07-21,1,Completed
21699,2477,2025-07-21,4,Completed
18465,1309,2025-07-21,5,Completed
16564,976,2025-07-21,11,Completed
7999,2832,2025-07-21,11,Completed
18422,2715,2025-07-21,7,Completed
5469,259,2025-07-21,7,Completed
14236,1296,2025-07-21,8,Completed
4871,4927,2025-07-21,9,Completed
15734,1323,2025-07-21,12,Cancelled
17641,4263,2025-07-21,5,Cancelled
16614,2869,2025-07-21,5,Cancelled
1230,3478,2025-07-21,3,Completed
16674,4746,2025-07-21,12,Completed
15261,4861,2025-07-22,12,Completed
1947,2297,2025-07-22,11,Completed
10449,1679,2025-07-22,9,Completed
21981,1744,2025-07-22,3,Completed
19566,4794,2025-07-22,4,Completed
1175,4831,2025-07-22,1,Completed
4401,472,2025-07-22,11,Completed
18097,2101,2025-07-22,9,Completed
1751,2780,2025-07-22,2,Completed
18623,3643,2025-07-22,6,Completed
22497,875,2025-07-22,7,Completed
22837,347,2025-07-22,2,Completed
22721,851,2025-07-22,10,Completed
17415,927,2025-07-22,3,Completed
9969,3491,2025-07-22,8,Cancelled
12503,1235,2025-07-22,2,Completed
6867,4898,2025-07-22,10,Completed
870,2055,2025-07-22,1,Completed
6872,3677,2025-07-22,3,Completed
1387,2283,2025-07-22,12,Completed
1469,1335,2025-07-22,1,Completed
15573,1460,2025-07-22,12,Completed
18092,1788,2025-07-22,7,Cancelled
1450,4721,2025-07-22,4,Cancelled
18850,3462,2025-07-22,7,Cancelled
13536,4683,2025-07-22,3,Completed
9139,3939,2025-07-22,6,Completed
15629,2694,2025-07-23,3,Cancelled
12443,857,2025-07-23,3,Completed
17353,1405,2025-07-23,3,Completed
4636,359,2025-07-23,7,Completed
24754,4932,2025-07-23,7,Completed
20242,3543,2025-07-23,2,Completed
9521,594,2025-07-23,9,Completed
973,2937,2025-07-23,7,Cancelled
10223,1351,2025-07-23,4,Completed
23579,3611,2025-07-23,3,Cancelled
24026,1111,2025-07-23,10,Completed
15088,4727,2025-07-23,1,Completed
5226,4844,2025-07-23,2,Completed
11983,3078,2025-07-23,5,Completed
17127,578,2025-07-23,12,Completed
13525,2944,2025-07-23,3,Completed
825,3206,2025-07-23,7,Completed
21668,1839,2025-07-23,10,Completed
17785,656,2025-07-23,3,Completed
2234,173,2025-07-23,7,Cancelled
7707,4537,2025-07-23,3,Completed
4473,3447,2025-07-23,1,Completed
7726,4394,2025-07-24,12,Cancelled
11156,1383,2025-07-24,2,Completed
10824,4571,2025-07-24,12,Completed
1302,4055,2025-07-24,1,Completed
19046,2887,2025-07-24,4,Completed
7860,1962,2025-07-24,2,Cancelled
4389,4909,2025-07-24,11,Completed
15123,3736,2025-07-24,3,Completed
22352,3356,2025-07-24,2,Completed
7484,3847,2025-07-24,9,Completed
14532,1499,2025-07-24,12,Completed
21555,3494,2025-07-24,7,Completed
10882,4343,2025-07-24,3,Cancelled
2770,4313,2025-07-24,2,Completed
9117,1728,2025-07-24,1,Completed
5398,524,2025-07-24,11,Completed
23764,979,2025-07-24,6,Completed
24232,4259,2025-07-24,1,Completed
12013,3987,2025-07-24,5,Completed
24249,755,2025-07-24,12,Completed
902,3406,2025-07-24,1,Completed
22206,2154,2025-07-24,1,Completed
16404,1889,2025-07-24,3,Completed
4424,4596,2025-07-24,1,Completed
2877,1654,2025-07-24,11,Cancelled
12191,2789,2025-07-25,4,Cancelled
11202,4859,2025-07-25,3,Completed
5594,4290,2025-07-25,10,Cancelled
17932,1530,2025-07-25,11,Cancelled
17928,4342,2025-07-25,3,Cancelled
11551,1944,2025-07-25,1,Completed
3597,4144,2025-07-25,1,Completed
8240,1981,2025-07-25,1,Cancelled
1398,2274,2025-07-25,3,Completed
16271,3366,2025-07-25,3,Completed
6288,3592,2025-07-25,8,Completed
11010,81,2025-07-25,2,Completed
7643,1473,2025-07-25,3,Completed
14297,3238,2025-07-25,7,Completed
13600,179,2025-07-25,12,Completed
12237,4431,2025-07-25,6,Completed
4058,980,2025-07-25,2,Completed
17098,3087,2025-07-25,7,Cancelled
19135,4310,2025-07-26,4,Completed
20811,861,2025-07-26,12,Completed
6838,1722,2025-07-26,8,Completed
420,327,2025-07-26,10,Cancelled
18967,2987,2025-07-26,4,Completed
12417,4715,2025-07-26,11,Completed
8799,3192,2025-07-26,10,Completed
3816,3133,2025-07-26,1,Completed
8754,4414,2025-07-26,7,Completed
23898,1212,2025-07-26,11,Completed
22155,3948,2025-07-26,1,Completed
23781,3812,2025-07-26,4,Completed
3433,30,2025-07-26,12,Completed
1143,1393,2025-07-26,1,Completed
12604,341,2025-07-26,1,Completed
15655,3766,2025-07-26,5,Completed
13717,4618,2025-07-26,2,Completed
20296,2332,2025-07-26,10,Completed
10844,2216,2025-07-26,6,Cancelled
23490,1308,2025-07-26,3,Completed
20008,1549,2025-07-26,12,Completed
21920,758,2025-07-26,3,Completed
1134,1046,2025-07-26,12,Completed
5419,3234,2025-07-27,3,Completed
357,2672,2025-07-27,10,Completed
14356,3659,2025-07-27,1,Cancelled
23709,3349,2025-07-27,3,Completed
8585,289,2025-07-27,3,Completed
23698,3265,2025-07-27,5,Completed
24596,1919,2025-07-27,9,Completed
9560,4263,2025-07-27,5,Completed
15412,3685,2025-07-27,5,Completed
20376,2803,2025-07-27,10,Completed
1475,4726,2025-07-27,3,Completed
12774,3495,2025-07-27,7,Completed
983,2862,2025-07-27,1,Completed
1827,523,2025-07-27,2,Completed
14941,3597,2025-07-27,8,Completed
16078,953,2025-07-27,3,Completed
12743,2438,2025-07-27,9,Completed
22580,2324,2025-07-27,8,Completed
562,298,2025-07-27,7,Cancelled
430,284,2025-07-27,9,Completed
13902,1787,2025-07-27,12,Completed
22364,98,2025-07-27,1,Completed
23277,4024,2025-07-27,7,Completed
11583,539,2025-07-27,3,Cancelled
14879,1072,2025-07-27,1,Cancelled
11074,2424,2025-07-27,3,Completed
23983,4106,2025-07-27,3,Completed
1219,2972,2025-07-27,12,Completed
1786,2126,2025-07-28,7,Completed
1039,4921,2025-07-28,2,Completed
536,544,2025-07-28,5,Completed
19551,1426,2025-07-28,3,Completed
1139,4893,2025-07-28,3,Completed
16307,2457,2025-07-28,10,Completed
17134,1986,2025-07-28,2,Completed
14772,1944,2025-07-28,1,Completed
18627,3147,2025-07-28,12,Cancelled
7122,3007,2025-07-28,6,Cancelled
2385,1436,2025-07-28,5,Completed
8993,3878,2025-07-28,2,Completed
6905,2749,2025-07-28,11,Completed
912,2638,2025-07-28,8,Completed
4663,3568,2025-07-28,3,Completed
1100,4059,2025-07-28,2,Completed
16807,815,2025-07-28,11,Completed
10662,1243,2025-07-28,8,Completed
4835,4164,2025-07-28,1,Completed
3338,4804,2025-07-28,5,Cancelled
22645,454,2025-07-28,3,Completed
24635,1537,2025-07-28,7,Completed
5988,796,2025-07-28,7,Completed
7094,1072,2025-07-28,1,Completed
24824,7,2025-07-28,1,Cancelled
21530,3644,2025-07-28,4,Completed
24450,3611,2025-07-29,3,Completed
12858,1270,2025-07-29,4,Cancelled
17006,2235,2025-07-29,3,Completed
16425,1076,2025-07-29,3,Completed
17099,4794,2025-07-29,4,Completed
18777,4450,2025-07-29,4,Completed
14900,3494,2025-07-29,7,Completed
3868,3770,2025-07-29,1,Cancelled
8325,2172,2025-07-29,1,Cancelled
8097,188,2025-07-29,3,Completed
6190,1096,2025-07-29,12,Cancelled
23545,190,2025-07-29,2,Completed
21058,4491,2025-07-29,6,Completed
554,1449,2025-07-29,6,Completed
5652,3788,2025-07-29,3,Cancelled
24228,4948,2025-07-29,4,Cancelled
5316,4563,2025-07-29,8,Completed
10899,1674,2025-07-29,2,Cancelled
15037,831,2025-07-29,1,Completed
7461,200,2025-07-29,12,Completed
14846,2977,2025-07-29,12,Cancelled
22025,2239,2025-07-29,12,Completed
19467,2922,2025-07-30,6,Completed
1771,4854,2025-07-30,7,Completed
23268,1000,2025-07-30,11,Completed
14454,3730,2025-07-30,1,Cancelled
11674,1444,2025-07-30,6,Completed
19026,3689,2025-07-30,12,Completed
5692,2294,2025-07-30,1,Cancelled
19172,3235,2025-07-30,2,Completed
19168,499,2025-07-30,2,Cancelled
1452,2678,2025-07-30,2,Completed
4979,3382,2025-07-30,2,Completed
21401,1200,2025-07-30,8,Completed
17244,3623,2025-07-30,10,Cancelled
678,2238,2025-07-30,1,Completed
17012,4898,2025-07-30,10,Completed
17349,1126,2025-07-30,5,Completed
13292,811,2025-07-30,5,Completed
13771,3130,2025-07-30,12,Completed
22923,409,2025-07-30,6,Completed
9633,2902,2025-07-30,5,Completed
6958,4986,2025-07-30,12,Completed
12937,1773,2025-07-31,3,Completed
23868,3238,2025-07-31,7,Completed
8353,3381,2025-07-31,3,Cancelled
13004,2283,2025-07-31,12,Completed
9825,4556,2025-07-31,1,Completed
10058,2237,2025-07-31,2,Completed
16803,447,2025-07-31,2,Cancelled
5116,3607,2025-07-31,7,Completed
9195,1932,2025-07-31,12,Completed
15105,2175,2025-07-31,7,Completed
16049,1164,2025-07-31,8,Completed
9617,2785,2025-07-31,3,Cancelled
3179,4247,2025-07-31,12,Cancelled
20291,1540,2025-07-31,8,Completed
13822,4609,2025-07-31,11,Completed
21352,2225,2025-07-31,5,Cancelled
2803,1069,2025-07-31,7,Cancelled
13301,1884,2025-08-01,9,Completed
23923,4310,2025-08-01,4,Completed
20009,3616,2025-08-01,6,Cancelled
10364,548,2025-08-01,11,Completed
3991,3027,2025-08-01,10,Completed
957,872,2025-08-01,3,Cancelled
19501,2873,2025-08-01,4,Completed
15141,1887,2025-08-01,3,Cancelled
13949,2155,2025-08-01,9,Completed
21844,1388,2025-08-01,5,Completed
13454,4381,2025-08-01,6,Completed
17138,2606,2025-08-01,11,Completed
2135,1172,2025-08-01,4,Completed
17021,3297,2025-08-01,9,Completed
9313,1906,2025-08-01,2,Completed
2859,4425,2025-08-01,2,Completed
11776,2879,2025-08-01,1,Cancelled
19946,800,2025-08-02,3,Completed
22650,1286,2025-08-02,11,Cancelled
24547,1888,2025-08-02,4,Completed
22468,1096,2025-08-02,12,Completed
12626,177,2025-08-02,9,Completed
1210,2078,2025-08-02,3,Completed
19752,779,2025-08-02,3,Completed
14650,2990,2025-08-02,7,Completed
14204,4241,2025-08-02,9,Completed
2995,700,2025-08-02,5,Completed
2173,1435,2025-08-02,12,Completed
12306,3216,2025-08-02,4,Completed
20279,2787,2025-08-02,7,Completed
24634,4879,2025-08-02,1,Completed
20209,2672,2025-08-02,10,Completed
4807,2244,2025-08-02,10,Completed
13152,430,2025-08-02,11,Completed
19100,3073,2025-08-02,8,Cancelled
3508,3991,2025-08-02,2,Completed
13789,908,2025-08-02,12,Completed
910,4291,2025-08-02,1,Completed
1675,1847,2025-08-02,3,Completed
14708,573,2025-08-03,2,Completed
10996,4376,2025-08-03,3,Completed
15169,4804,2025-08-03,5,Completed
13582,4041,2025-08-03,12,Cancelled
15906,2395,2025-08-03,4,Completed
10933,1134,2025-08-03,6,Cancelled
3409,1884,2025-08-03,9,Cancelled
23042,3446,2025-08-03,10,Completed
5780,15,2025-08-03,8,Completed
9610,237,2025-08-03,7,Cancelled
8963,4838,2025-08-03,11,Completed
23831,687,2025-08-03,3,Completed
15060,815,2025-08-03,11,Completed
9445,2076,2025-08-03,1,Completed
7316,541,2025-08-03,6,Completed
21107,889,2025-08-03,8,Completed
20618,4456,2025-08-03,9,Completed
4416,882,2025-08-03,1,Cancelled
23609,2456,2025-08-03,5,Cancelled
13051,422,2025-08-03,12,Completed
9586,4162,2025-08-03,8,Completed
4899,1233,2025-08-03,4,Completed
4586,2985,2025-08-03,1,Completed
16092,2042,2025-08-04,1,Cancelled
14288,2020,2025-08-04,12,Completed
19559,4479,2025-08-04,2,Completed
16034,4876,2025-08-04,6,Cancelled
6640,3453,2025-08-04,8,Completed
23467,3396,2025-08-04,3,Completed
20193,4740,2025-08-04,7,Completed
2764,4085,2025-08-04,4,Completed
10889,4244,2025-08-04,1,Completed
16162,405,2025-08-04,2,Completed
2834,3727,2025-08-04,9,Cancelled
24571,3635,2025-08-04,12,Completed
23724,95,2025-08-04,6,Completed
18174,2777,2025-08-04,12,Completed
19823,1655,2025-08-04,5,Completed
14227,4044,2025-08-04,5,Completed
3608,4109,2025-08-04,10,Cancelled
10412,1758,2025-08-04,11,Completed
24239,2321,2025-08-04,11,Cancelled
6744,3916,2025-08-04,5,Completed
14622,3551,2025-08-04,2,Cancelled
13151,3340,2025-08-05,4,Completed
12316,644,2025-08-05,8,Cancelled
24358,242,2025-08-05,7,Completed
23302,2535,2025-08-05,2,Completed
9758,462,2025-08-05,2,Completed
24876,4774,2025-08-05,1,Completed
11099,1749,2025-08-05,1,Cancelled
3453,2849,2025-08-05,9,Cancelled
17443,3599,2025-08-05,7,Completed
1671,3325,2025-08-05,9,Completed
1516,1042,2025-08-05,8,Cancelled
2750,1144,2025-08-05,2,Completed
23865,1263,2025-08-05,12,Completed
19225,612,2025-08-05,1,Completed
3821,3503,2025-08-05,11,Completed
10857,4634,2025-08-05,7,Completed
490,727,2025-08-05,7,Cancelled
23226,1231,2025-08-05,7,Completed
14877,4,2025-08-05,5,Completed
21856,2551,2025-08-05,11,Completed
7972,3477,2025-08-05,6,Completed
19164,4186,2025-08-05,5,Completed
12489,481,2025-08-05,5,Completed
3818,4638,2025-08-06,2,Cancelled
24457,3725,2025-08-06,3,Completed
305,4391,2025-08-06,10,Completed
1476,3962,2025-08-06,12,Completed
4786,4931,2025-08-06,9,Cancelled
20268,3115,2025-08-06,8,Completed
18324,574,2025-08-06,6,Cancelled
7433,2566,2025-08-06,9,Completed
5366,557,2025-08-06,1,Completed
19133,2812,2025-08-06,6,Cancelled
91,1206,2025-08-06,11,Completed
11915,261,2025-08-06,8,Completed
2513,642,2025-08-06,4,Completed
12181,1890,2025-08-06,10,Completed
2659,1840,2025-08-06,9,Completed
1725,4173,2025-08-06,12,Cancelled
10270,3285,2025-08-06,8,Completed
13108,2895,2025-08-06,3,Cancelled
14351,4472,2025-08-06,6,Completed
8456,1132,2025-08-06,11,Cancelled
5901,2067,2025-08-06,9,Completed
22700,3181,2025-08-06,1,Cancelled
4932,603,2025-08-06,3,Completed
15347,2563,2025-08-06,2,Completed
8874,1174,2025-08-06,4,Completed
11507,2982,2025-08-07,7,Completed
13383,2541,2025-08-07,1,Cancelled
22611,2122,2025-08-07,2,Cancelled
20874,1959,2025-08-07,9,Completed
2362,4894,2025-08-07,12,Completed
14135,481,2025-08-07,5,Completed
2240,2494,2025-08-07,1,Completed
6847,1431,2025-08-07,10,Cancelled
5860,430,2025-08-07,11,Completed
19948,3497,2025-08-07,6,Completed
16385,261,2025-08-07,8,Completed
7053,2136,2025-08-07,3,Cancelled
13118,4482,2025-08-07,11,Completed
20136,2524,2025-08-07,7,Completed
5819,3611,2025-08-07,3,Completed
20317,26,2025-08-07,11,Completed
12566,39,2025-08-07,8,Completed
12703,1911,2025-08-07,7,Completed
10061,3904,2025-08-07,1,Cancelled
18715,1255,2025-08-07,11,Completed
24328,1783,2025-08-08,1,Completed
20976,1010,2025-08-08,10,Completed
24841,1522,2025-08-08,7,Cancelled
5597,1175,2025-08-08,6,Completed
18344,2508,2025-08-08,3,Completed
12183,4047,2025-08-08,12,Completed
17503,1461,2025-08-08,2,Completed
1276,2019,2025-08-08,6,Completed
114,1189,2025-08-08,1,Completed
17194,739,2025-08-08,3,Completed
13309,4626,2025-08-08,3,Completed
12392,2025,2025-08-08,11,Cancelled
16653,2982,2025-08-08,7,Completed
8582,317,2025-08-08,5,Cancelled
12669,2819,2025-08-08,6,Completed
7258,3075,2025-08-09,11,Completed
4264,3181,2025-08-09,1,Completed
16232,188,2025-08-09,3,Completed
9056,1241,2025-08-09,12,Completed
17291,761,2025-08-09,11,Completed
17679,3495,2025-08-09,7,Completed
17326,4556,2025-08-09,1,Completed
6339,4214,2025-08-09,11,Completed
7016,4703,2025-08-09,1,Cancelled
17675,3532,2025-08-09,7,Completed
6380,2325,2025-08-09,12,Completed
11025,2488,2025-08-09,7,Completed
18979,2095,2025-08-09,4,Completed
3458,3296,2025-08-09,2,Completed
3880,2780,2025-08-09,2,Completed
19200,970,2025-08-09,2,Completed
11844,923,2025-08-09,9,Completed
15722,35,2025-08-09,4,Completed
201,4935,2025-08-09,1,Completed
3491,1471,2025-08-09,9,Completed
24418,3700,2025-08-09,8,Completed
20369,1221,2025-08-09,10,Completed
22682,2463,2025-08-09,10,Completed
9410,3685,2025-08-09,5,Completed
6778,1299,2025-08-09,4,Cancelled
135,4616,2025-08-10,6,Cancelled
18966,1334,2025-08-10,2,Completed
1923,4077,2025-08-10,5,Cancelled
5276,1678,2025-08-10,11,Completed
23543,1602,2025-08-10,3,Completed
17817,3995,2025-08-10,4,Completed
14062,2309,2025-08-10,2,Completed
10024,4752,2025-08-10,9,Completed
2824,1767,2025-08-10,8,Completed
15791,2466,2025-08-10,1,Completed
10883,2224,2025-08-10,10,Completed
21635,650,2025-08-10,12,Completed
4706,1147,2025-08-10,5,Completed
13853,2993,2025-08-10,10,Completed
13578,760,2025-08-10,4,Cancelled
4016,233,2025-08-10,4,Completed
6987,3609,2025-08-10,9,Completed
6544,3308,2025-08-10,1,Cancelled
13608,930,2025-08-10,3,Cancelled
16205,354,2025-08-10,9,Completed
24388,4824,2025-08-10,6,Completed
9242,2252,2025-08-10,4,Completed
14672,246,2025-08-10,1,Completed
7904,866,2025-08-10,1,Completed
18982,2304,2025-08-11,8,Completed
14978,194,2025-08-11,3,Completed
9726,4054,2025-08-11,6,Completed
4428,3777,2025-08-11,2,Completed
20122,3893,2025-08-11,11,Completed
5272,2772,2025-08-11,8,Completed
9406,3991,2025-08-11,2,Completed
6805,2771,2025-08-11,8,Completed
20751,2598,2025-08-11,3,Completed
22011,4297,2025-08-11,1,Completed
24206,4892,2025-08-11,11,Completed
3577,3394,2025-08-11,12,Completed
3623,2374,2025-08-11,10,Completed
9787,3194,2025-08-11,2,Completed
15506,3171,2025-08-11,10,Completed
8606,4724,2025-08-11,6,Completed
296,1317,2025-08-11,10,Cancelled
12501,1495,2025-08-11,1,Completed
4099,2131,2025-08-11,7,Cancelled
16537,3990,2025-08-11,1,Cancelled
16185,2160,2025-08-11,10,Cancelled
1324,1692,2025-08-11,11,Completed
8922,971,2025-08-11,3,Cancelled
8371,2402,2025-08-11,11,Completed
11905,1916,2025-08-11,7,Completed
7790,3187,2025-08-11,7,Cancelled
350,1353,2025-08-12,4,Completed
16571,3976,2025-08-12,4,Completed
15660,1979,2025-08-12,1,Completed
7544,2263,2025-08-12,4,Cancelled
1462,3976,2025-08-12,4,Cancelled
24334,1994,2025-08-12,1,Completed
24879,3794,2025-08-12,5,Cancelled
9808,1287,2025-08-12,5,Completed
6662,1275,2025-08-12,5,Completed
9803,3641,2025-08-12,1,Cancelled
13677,1272,2025-08-12,3,Completed
6552,2138,2025-08-12,3,Cancelled
10744,4061,2025-08-12,6,Completed
10754,2541,2025-08-12,1,Completed
23857,300,2025-08-12,1,Completed
8261,2125,2025-08-12,2,Completed
15473,3958,2025-08-12,4,Cancelled
13339,747,2025-08-12,9,Completed
19833,1490,2025-08-12,3,Completed
7802,4010,2025-08-12,4,Completed
23225,400,2025-08-13,12,Cancelled
9396,921,2025-08-13,10,Cancelled
21493,4428,2025-08-13,7,Completed
7353,702,2025-08-13,12,Cancelled
12308,3618,2025-08-13,3,Completed
21409,2459,2025-08-13,7,Completed
22959,1523,2025-08-13,4,Completed
22348,815,2025-08-13,11,Cancelled
22094,4546,2025-08-13,1,Completed
24281,1779,2025-08-13,11,Cancelled
21109,4842,2025-08-13,3,Cancelled
17195,2417,2025-08-13,12,Completed
2592,1958,2025-08-13,12,Completed
22757,4600,2025-08-13,3,Completed
23747,1853,2025-08-13,1,Completed
11670,4905,2025-08-13,10,Completed
5812,1793,2025-08-13,1,Completed
24016,739,2025-08-13,3,Completed
21811,4808,2025-08-13,2,Completed
10873,4508,2025-08-13,11,Completed
12116,3873,2025-08-13,2,Completed
6638,3435,2025-08-13,12,Completed
23523,2047,2025-08-14,8,Completed
11927,3674,2025-08-14,6,Cancelled
12930,1753,2025-08-14,10,Completed
13219,4572,2025-08-14,5,Completed
16430,2411,2025-08-14,6,Completed
5888,98,2025-08-14,1,Completed
24200,1497,2025-08-14,3,Completed
3865,4030,2025-08-14,7,Completed
22416,92,2025-08-14,12,Completed
16392,916,2025-08-14,2,Completed
22175,151,2025-08-14,4,Completed
1280,198,2025-08-14,2,Completed
9569,557,2025-08-14,1,Cancelled
13552,3942,2025-08-14,9,Completed
5607,2410,2025-08-14,6,Completed
15873,3177,2025-08-14,3,Cancelled
647,1629,2025-08-15,1,Cancelled
4581,764,2025-08-15,6,Completed
15706,2444,2025-08-15,1,Cancelled
6564,182,2025-08-15,9,Cancelled
4520,2102,2025-08-15,11,Completed
20430,2295,2025-08-15,4,Completed
22715,1849,2025-08-15,2,Cancelled
24627,3726,2025-08-15,9,Completed
17390,4466,2025-08-15,7,Completed
24413,85,2025-08-15,3,Cancelled
16071,2782,2025-08-15,12,Cancelled
21846,3625,2025-08-15,4,Cancelled
47,3075,2025-08-15,11,Completed
7460,4904,2025-08-15,12,Completed
19008,3222,2025-08-15,1,Completed
6630,2922,2025-08-15,6,Completed
16991,3795,2025-08-15,8,Completed
10008,100,2025-08-15,8,Completed
4063,3921,2025-08-15,4,Cancelled
2274,1383,2025-08-15,2,Completed
23558,1703,2025-08-15,2,Cancelled
18527,190,2025-08-15,2,Completed
4162,4391,2025-08-15,10,Completed
18169,4550,2025-08-15,2,Completed
11160,4839,2025-08-16,7,Completed
12445,3598,2025-08-16,2,Completed
14557,1273,2025-08-16,5,Completed
23725,2320,2025-08-16,7,Completed
12287,2916,2025-08-16,1,Completed
11737,2620,2025-08-16,6,Completed
11307,3468,2025-08-16,12,Cancelled
9466,621,2025-08-16,11,Completed
2647,4896,2025-08-16,1,Completed
10045,3551,2025-08-16,2,Completed
5839,2188,2025-08-16,7,Completed
11654,2300,2025-08-16,10,Completed
9401,1534,2025-08-16,4,Completed
21080,3770,2025-08-16,1,Completed
1676,4810,2025-08-16,2,Completed
14433,3934,2025-08-16,7,Completed
4957,1832,2025-08-16,1,Cancelled
7202,4142,2025-08-16,4,Completed
3316,4838,2025-08-16,11,Completed
14597,3364,2025-08-17,7,Completed
24531,96,2025-08-17,2,Completed
23830,1190,2025-08-17,12,Completed
3329,1748,2025-08-17,2,Completed
1329,4866,2025-08-17,8,Completed
14734,1272,2025-08-17,3,Completed
8350,4720,2025-08-17,10,Completed
20823,1065,2025-08-17,7,Completed
10737,4602,2025-08-17,11,Completed
20164,2998,2025-08-17,11,Completed
7476,14,2025-08-17,4,Cancelled
10138,1448,2025-08-17,7,Completed
18669,2682,2025-08-17,3,Completed
12584,868,2025-08-17,7,Completed
15513,254,2025-08-17,2,Completed
5406,3812,2025-08-18,4,Completed
10251,3439,2025-08-18,2,Cancelled
18391,3934,2025-08-18,7,Completed
6991,132,2025-08-18,1,Cancelled
648,3893,2025-08-18,11,Completed
8708,621,2025-08-18,11,Completed
4901,1871,2025-08-18,8,Completed
4237,1983,2025-08-18,4,Completed
23267,4891,2025-08-18,8,Cancelled
10576,4850,2025-08-18,7,Completed
9460,2893,2025-08-18,2,Cancelled
5035,2361,2025-08-18,10,Cancelled
7583,2598,2025-08-18,3,Completed
9475,2279,2025-08-18,10,Completed
18658,4348,2025-08-18,1,Completed
5162,1751,2025-08-18,10,Completed
7086,4517,2025-08-18,7,Cancelled
21722,72,2025-08-18,11,Completed
11578,3514,2025-08-18,1,Cancelled
17597,2131,2025-08-18,7,Completed
19504,1425,2025-08-18,10,Completed
19834,785,2025-08-18,10,Completed
15653,3278,2025-08-19,2,Cancelled
1420,3063,2025-08-19,3,Completed
10920,3739,2025-08-19,1,Completed
3522,4126,2025-08-19,9,Completed
15781,3279,2025-08-19,1,Completed
22257,2331,2025-08-19,11,Completed
2478,1771,2025-08-19,7,Completed
7525,1958,2025-08-19,12,Completed
12673,1147,2025-08-19,5,Cancelled
8309,3223,2025-08-19,3,Completed
4518,3249,2025-08-19,5,Cancelled
1046,4401,2025-08-19,12,Completed
21160,4742,2025-08-19,2,Completed
4286,566,2025-08-19,9,Completed
22725,3682,2025-08-19,3,Completed
440,3099,2025-08-19,7,Cancelled
24432,4307,2025-08-19,1,Completed
9048,658,2025-08-19,2,Completed
15199,3354,2025-08-19,1,Completed
8423,3789,2025-08-19,9,Completed
17934,3234,2025-08-19,3,Completed
22420,195,2025-08-19,7,Completed
21483,5000,2025-08-19,3,Completed
6359,3407,2025-08-20,11,Completed
7229,1507,2025-08-20,2,Completed
22504,863,2025-08-20,10,Completed
624,34,2025-08-20,4,Completed
21984,438,2025-08-20,10,Completed
3038,969,2025-08-20,2,Completed
19535,792,2025-08-20,4,Completed
15876,1514,2025-08-20,7,Completed
19092,2673,2025-08-20,3,Completed
7826,2405,2025-08-20,5,Completed
5777,470,2025-08-20,4,Cancelled
18183,1957,2025-08-20,10,Cancelled
12500,4193,2025-08-20,2,Completed
12854,2885,2025-08-20,6,Cancelled
9669,4988,2025-08-20,12,Completed
11995,2525,2025-08-20,2,Completed
12564,1208,2025-08-20,7,Completed
3452,622,2025-08-21,10,Completed
2065,442,2025-08-21,2,Completed
2974,1100,2025-08-21,1,Completed
9218,1898,2025-08-21,12,Completed
10676,659,2025-08-21,1,Completed
4468,3181,2025-08-21,1,Completed
7781,87,2025-08-21,8,Completed
6371,3497,2025-08-21,6,Completed
18346,823,2025-08-21,3,Cancelled
18990,4580,2025-08-21,11,Cancelled
22156,3653,2025-08-21,3,Completed
21614,4376,2025-08-21,3,Cancelled
12555,1472,2025-08-21,2,Completed
7383,3969,2025-08-21,2,Completed
2772,1897,2025-08-21,6,Completed
24387,2334,2025-08-21,11,Completed
3596,3016,2025-08-21,6,Completed
5958,4986,2025-08-21,12,Completed
16877,3517,2025-08-21,11,Completed
6550,3162,2025-08-21,12,Cancelled
15213,3374,2025-08-21,4,Completed
20442,511,2025-08-21,2,Cancelled
7603,1804,2025-08-22,2,Completed
6613,2246,2025-08-22,9,Completed
19676,1518,2025-08-22,10,Completed
619,1301,2025-08-22,4,Completed
13064,2781,2025-08-22,10,Completed
24312,200,2025-08-22,12,Completed
3441,1092,2025-08-22,6,Cancelled
16658,191,2025-08-22,12,Completed
13467,737,2025-08-22,5,Completed
16228,2487,2025-08-22,3,Cancelled
23555,1872,2025-08-22,2,Cancelled
12884,580,2025-08-22,7,Completed
16823,1958,2025-08-22,12,Completed
10053,3586,2025-08-22,8,Completed
24424,1009,2025-08-22,9,Completed
8372,2281,2025-08-22,2,Cancelled
6146,4756,2025-08-22,4,Completed
6164,665,2025-08-22,12,Completed
21822,3250,2025-08-22,6,Completed
2875,1688,2025-08-22,1,Cancelled
19514,255,2025-08-22,10,Completed
922,3998,2025-08-22,4,Completed
9705,4203,2025-08-22,3,Completed
11326,3372,2025-08-22,4,Completed
22088,2104,2025-08-22,5,Completed
2257,2204,2025-08-22,5,Cancelled
6754,2832,2025-08-23,11,Cancelled
14436,4010,2025-08-23,4,Completed
20408,2520,2025-08-23,11,Completed
1837,4892,2025-08-23,11,Completed
17367,4892,2025-08-23,11,Completed
5332,3688,2025-08-23,8,Completed
10596,4084,2025-08-23,8,Completed
730,3909,2025-08-23,2,Completed
1656,667,2025-08-23,11,Completed
4665,2600,2025-08-23,12,Completed
17543,4682,2025-08-23,3,Completed
8386,874,2025-08-23,4,Completed
2443,468,2025-08-23,2,Completed
23737,1099,2025-08-23,11,Completed
14947,3775,2025-08-23,3,Cancelled
23730,2853,2025-08-23,1,Completed
15299,4110,2025-08-23,11,Completed
5566,3590,2025-08-23,1,Completed
18367,3026,2025-08-23,1,Completed
14199,998,2025-08-23,8,Cancelled
24938,2032,2025-08-23,3,Completed
19404,206,2025-08-23,6,Completed
10373,1246,2025-08-23,10,Completed
12444,2872,2025-08-23,1,Completed
18734,4401,2025-08-23,12,Completed
13500,2965,2025-08-23,12,Completed
1203,4582,2025-08-24,3,Completed
16576,416,2025-08-24,8,Completed
5983,2703,2025-08-24,9,Completed
16853,2937,2025-08-24,7,Completed
19753,440,2025-08-24,3,Completed
6038,1853,2025-08-24,1,Completed
2410,1447,2025-08-24,3,Cancelled
1168,6,2025-08-24,12,Cancelled
9553,4162,2025-08-24,8,Completed
13483,761,2025-08-24,11,Completed
2755,3693,2025-08-24,8,Completed
22137,1952,2025-08-24,7,Completed
1076,2168,2025-08-24,2,Cancelled
15663,2673,2025-08-24,3,Cancelled
19445,3543,2025-08-24,2,Completed
14912,1902,2025-08-24,9,Completed
7962,5000,2025-08-25,3,Completed
2904,183,2025-08-25,8,Completed
15168,3152,2025-08-25,11,Completed
6387,4741,2025-08-25,6,Completed
22573,2772,2025-08-25,8,Completed
18285,3714,2025-08-25,5,Completed
13792,3518,2025-08-25,11,Completed
9932,2421,2025-08-25,1,Completed
10529,1267,2025-08-25,1,Completed
13107,3574,2025-08-25,2,Cancelled
23515,4431,2025-08-25,6,Cancelled
13779,364,2025-08-25,11,Cancelled
19134,2619,2025-08-25,2,Completed
15684,818,2025-08-25,2,Completed
17520,2919,2025-08-25,1,Cancelled
19745,4513,2025-08-25,6,Completed
6821,2596,2025-08-25,9,Cancelled
802,397,2025-08-25,6,Completed
16283,77,2025-08-25,8,Completed
20633,2697,2025-08-25,2,Cancelled
7497,860,2025-08-25,6,Completed
4313,444,2025-08-25,5,Cancelled
5755,3742,2025-08-25,8,Completed
21727,3836,2025-08-25,9,Completed
13833,2086,2025-08-25,12,Completed
11780,523,2025-08-25,2,Completed
245,3475,2025-08-25,3,Completed
24199,3250,2025-08-25,6,Completed
2898,966,2025-08-26,1,Cancelled
4821,1883,2025-08-26,6,Completed
18338,2464,2025-08-26,2,Completed
2608,763,2025-08-26,2,Completed
24065,3667,2025-08-26,11,Completed
15398,3811,2025-08-26,2,Completed
8003,2262,2025-08-26,11,Cancelled
11218,1988,2025-08-26,11,Completed
24475,3586,2025-08-26,8,Cancelled
7735,3857,2025-08-26,11,Cancelled
23420,1884,2025-08-26,9,Completed
23426,3880,2025-08-26,7,Completed
18529,2383,2025-08-26,3,Completed
16126,4321,2025-08-26,12,Completed
22849,2331,2025-08-26,11,Completed
5303,3153,2025-08-26,12,Cancelled
11473,4401,2025-08-26,12,Completed
13689,2160,2025-08-26,10,Completed
14327,3154,2025-08-26,7,Completed
22225,2672,2025-08-26,10,Completed
10689,11,2025-08-27,12,Completed
10877,2612,2025-08-27,7,Completed
10197,541,2025-08-27,6,Completed
2365,4174,2025-08-27,12,Completed
18926,4351,2025-08-27,6,Completed
20974,3007,2025-08-27,6,Completed
23837,777,2025-08-27,3,Completed
3809,721,2025-08-27,3,Completed
13709,4365,2025-08-27,8,Completed
23768,610,2025-08-27,5,Completed
5856,2478,2025-08-27,7,Completed
20677,607,2025-08-27,5,Cancelled
830,3195,2025-08-27,11,Completed
19218,1615,2025-08-27,5,Cancelled
22591,3563,2025-08-27,6,Completed
19336,3819,2025-08-27,11,Completed
10568,1167,2025-08-27,11,Completed
19894,2126,2025-08-27,7,Completed
13475,2588,2025-08-27,4,Completed
15468,4236,2025-08-27,11,Cancelled
22045,868,2025-08-27,7,Completed
13662,3948,2025-08-27,1,Completed
9233,3884,2025-08-28,1,Completed
15732,301,2025-08-28,1,Completed
20553,2364,2025-08-28,2,Completed
4410,868,2025-08-28,7,Cancelled
18260,2600,2025-08-28,12,Completed
16749,3501,2025-08-28,5,Cancelled
14425,2012,2025-08-28,9,Completed
8145,1480,2025-08-28,11,Completed
19393,3919,2025-08-28,8,Completed
12367,1168,2025-08-28,11,Completed
6560,1466,2025-08-28,1,Cancelled
1991,3406,2025-08-28,1,Completed
13991,2079,2025-08-28,1,Cancelled
20192,4300,2025-08-28,2,Cancelled
2595,2518,2025-08-28,1,Completed
14274,1731,2025-08-28,2,Completed
9858,4517,2025-08-28,7,Completed
12411,1208,2025-08-28,7,Completed
11322,2659,2025-08-28,10,Completed
20916,4914,2025-08-29,12,Completed
11950,147,2025-08-29,1,Cancelled
14994,2043,2025-08-29,5,Completed
2437,137,2025-08-29,11,Completed
10837,4299,2025-08-29,10,Completed
7879,4488,2025-08-29,6,Completed
7865,1685,2025-08-29,8,Completed
22630,1052,2025-08-29,5,Completed
23942,4071,2025-08-29,7,Completed
18400,4607,2025-08-29,3,Completed
3899,4218,2025-08-29,2,Cancelled
12241,1793,2025-08-29,1,Cancelled
11295,2249,2025-08-29,11,Cancelled
14893,2799,2025-08-29,2,Completed
8393,4715,2025-08-29,11,Completed
11595,86,2025-08-29,8,Completed
8658,1167,2025-08-29,11,Completed
4812,930,2025-08-29,3,Completed
18302,1486,2025-08-29,10,Completed
24637,1817,2025-08-29,12,Completed
17944,3093,2025-08-30,4,Completed
6490,2213,2025-08-30,1,Completed
7102,2526,2025-08-30,9,Completed
3941,1909,2025-08-30,10,Cancelled
16910,650,2025-08-30,12,Cancelled
21778,2866,2025-08-30,6,Completed
21210,2562,2025-08-30,12,Completed
11734,3204,2025-08-30,4,Completed
13897,464,2025-08-30,1,Completed
8387,523,2025-08-30,2,Completed
4703,317,2025-08-30,5,Cancelled
19437,742,2025-08-30,2,Completed
4277,1081,2025-08-30,1,Cancelled
13669,244,2025-08-30,1,Completed
10237,2118,2025-08-30,3,Completed
22229,3637,2025-08-30,3,Completed
10481,3513,2025-08-30,5,Completed
3561,1691,2025-08-30,7,Completed
21484,172,2025-08-30,3,Cancelled
3562,710,2025-08-30,10,Cancelled
12429,130,2025-08-30,12,Cancelled
18537,895,2025-08-30,8,Completed
16838,713,2025-08-30,3,Completed
2209,3086,2025-08-30,8,Completed
23290,2422,2025-08-31,12,Cancelled
23444,3153,2025-08-31,12,Cancelled
7684,3200,2025-08-31,7,Cancelled
20817,1429,2025-08-31,1,Cancelled
18519,1898,2025-08-31,12,Completed
571,2306,2025-08-31,11,Cancelled
5749,2030,2025-08-31,12,Cancelled
19621,2693,2025-08-31,10,Cancelled
19656,810,2025-08-31,7,Completed
7028,4811,2025-08-31,9,Cancelled
14008,3353,2025-08-31,4,Completed
4599,6,2025-08-31,12,Cancelled
10209,574,2025-08-31,6,Completed
5549,1232,2025-08-31,2,Completed
6192,4936,2025-08-31,4,Cancelled
10520,157,2025-08-31,8,Cancelled
6027,2378,2025-08-31,9,Completed
15428,3383,2025-08-31,8,Completed
2066,1262,2025-08-31,1,Completed
10471,3032,2025-08-31,3,Completed
12894,2285,2025-08-31,5,Completed
2329,3995,2025-08-31,4,Cancelled
3124,4418,2025-09-01,6,Completed
7418,417,2025-09-01,1,Completed
21629,2765,2025-09-01,11,Completed
9169,1613,2025-09-01,10,Completed
14429,461,2025-09-01,3,Completed
15301,2483,2025-09-01,11,Completed
7439,3660,2025-09-01,5,Cancelled
14825,2977,2025-09-01,12,Completed
14003,458,2025-09-01,2,Completed
266,2357,2025-09-01,6,Cancelled
3578,1943,2025-09-01,10,Completed
16095,939,2025-09-01,4,Cancelled
19987,209,2025-09-01,9,Completed
19482,2285,2025-09-01,5,Completed
6307,887,2025-09-01,5,Completed
1831,780,2025-09-01,2,Completed
13364,1849,2025-09-01,2,Completed
3987,4897,2025-09-01,2,Completed
15125,1662,2025-09-01,6,Completed
4534,1544,2025-09-01,7,Completed
7973,3451,2025-09-01,9,Completed
8810,4908,2025-09-01,2,Completed
16497,3890,2025-09-01,4,Cancelled
1699,1214,2025-09-01,8,Completed
19728,618,2025-09-01,1,Completed
19144,992,2025-09-01,7,Completed
11090,194,2025-09-02,3,Completed
19599,3790,2025-09-02,2,Completed
22914,1521,2025-09-02,7,Completed
13926,4269,2025-09-02,8,Cancelled
20765,289,2025-09-02,3,Completed
21714,1343,2025-09-02,9,Completed
12301,3640,2025-09-02,3,Completed
7095,3381,2025-09-02,3,Completed
21828,837,2025-09-02,1,Completed
6086,719,2025-09-02,10,Completed
8165,2529,2025-09-02,3,Completed
10410,3761,2025-09-02,12,Completed
21954,3488,2025-09-02,2,Completed
11469,4348,2025-09-02,1,Cancelled
10637,2103,2025-09-02,1,Cancelled
11956,504,2025-09-02,2,Completed
14986,1238,2025-09-02,11,Completed
8868,138,2025-09-02,3,Completed
5861,4659,2025-09-03,10,Completed
18511,114,2025-09-03,6,Completed
10885,3154,2025-09-03,7,Completed
88,1987,2025-09-03,7,Completed
19723,1649,2025-09-03,2,Completed
21177,4919,2025-09-03,11,Completed
20402,761,2025-09-03,11,Completed
19241,589,2025-09-03,9,Cancelled
105,2809,2025-09-03,12,Completed
16624,1405,2025-09-03,3,Completed
2448,2441,2025-09-03,2,Cancelled
8116,2865,2025-09-03,10,Completed
17553,3254,2025-09-03,1,Completed
21441,2079,2025-09-03,1,Completed
10243,2581,2025-09-03,8,Completed
19155,2894,2025-09-03,2,Completed
5985,3238,2025-09-03,7,Completed
2603,2002,2025-09-03,6,Completed
24675,3218,2025-09-03,3,Cancelled
560,223,2025-09-03,6,Completed
10990,2593,2025-09-03,1,Completed
553,4948,2025-09-04,4,Completed
2621,2595,2025-09-04,1,Completed
16356,4220,2025-09-04,12,Completed
23630,1958,2025-09-04,12,Completed
16379,2268,2025-09-04,2,Cancelled
21295,2789,2025-09-04,4,Completed
24179,4399,2025-09-04,12,Completed
19694,4562,2025-09-04,6,Completed
22516,3904,2025-09-04,1,Completed
20647,823,2025-09-04,3,Completed
11527,2329,2025-09-04,6,Completed
3278,2255,2025-09-04,7,Completed
14730,2179,2025-09-04,4,Completed
7734,21,2025-09-04,1,Completed
3199,4678,2025-09-04,5,Completed
20758,4327,2025-09-04,3,Cancelled
18538,4365,2025-09-04,8,Completed
5058,4505,2025-09-04,10,Cancelled
2994,1145,2025-09-04,11,Completed
18781,986,2025-09-04,2,Cancelled
7291,3854,2025-09-04,5,Completed
11576,4603,2025-09-04,6,Completed
4082,1175,2025-09-04,6,Completed
16551,642,2025-09-04,4,Completed
5824,4176,2025-09-04,2,Completed
17645,4302,2025-09-04,11,Completed
2367,3866,2025-09-04,11,Cancelled
5914,1197,2025-09-04,6,Cancelled
23943,4726,2025-09-04,3,Completed
24304,3180,2025-09-05,10,Cancelled
20598,710,2025-09-05,10,Cancelled
20840,255,2025-09-05,10,Completed
12008,4150,2025-09-05,8,Completed
24341,3334,2025-09-05,9,Completed
7132,56,2025-09-05,1,Completed
11244,3069,2025-09-05,2,Completed
18630,1734,2025-09-05,7,Cancelled
1954,4683,2025-09-05,3,Completed
17752,4631,2025-09-05,12,Completed
268,4070,2025-09-05,8,Completed
24325,4777,2025-09-05,12,Completed
20066,1304,2025-09-05,9,Completed
9782,1725,2025-09-05,9,Completed
2918,3626,2025-09-05,1,Completed
24080,4953,2025-09-05,7,Completed
2119,3559,2025-09-05,5,Completed
15001,3291,2025-09-05,2,Completed
17094,1453,2025-09-05,10,Cancelled
13748,825,2025-09-05,3,Completed
24053,1048,2025-09-05,7,Completed
5117,890,2025-09-05,11,Completed
4903,3608,2025-09-05,12,Completed
19808,2350,2025-09-05,7,Cancelled
20650,4092,2025-09-06,11,Completed
6317,4811,2025-09-06,9,Completed
15549,4212,2025-09-06,10,Completed
22751,85,2025-09-06,3,Completed
13955,3760,2025-09-06,12,Completed
3810,4764,2025-09-06,6,Completed
12837,573,2025-09-06,2,Cancelled
13612,1389,2025-09-06,2,Cancelled
20970,99,2025-09-06,7,Completed
21709,2023,2025-09-06,5,Cancelled
18046,3230,2025-09-06,5,Cancelled
20031,3847,2025-09-06,9,Completed
19458,2093,2025-09-06,12,Cancelled
8434,643,2025-09-06,3,Cancelled
14615,2259,2025-09-06,7,Completed
18733,927,2025-09-06,3,Cancelled
8342,4061,2025-09-06,6,Completed
20733,2558,2025-09-06,12,Cancelled
22730,1354,2025-09-06,5,Completed
11088,3063,2025-09-06,3,Completed
8553,4483,2025-09-06,1,Completed
9658,1566,2025-09-06,11,Completed
16240,683,2025-09-06,7,Completed
20526,1766,2025-09-06,9,Completed
17438,953,2025-09-06,3,Completed
22008,1199,2025-09-06,12,Completed
11150,4730,2025-09-06,3,Completed
11924,2764,2025-09-07,4,Cancelled
5150,2270,2025-09-07,9,Completed
23410,1031,2025-09-07,11,Completed
15999,1466,2025-09-07,1,Completed
3249,2980,2025-09-07,7,Completed
9619,550,2025-09-07,7,Completed
10580,3911,2025-09-07,4,Cancelled
10163,2409,2025-09-07,6,Cancelled
9627,1767,2025-09-07,8,Completed
3030,2079,2025-09-07,1,Completed
8870,4122,2025-09-07,3,Completed
6348,1697,2025-09-07,6,Completed
2972,3153,2025-09-07,12,Completed
1025,3053,2025-09-07,12,Completed
16493,3804,2025-09-07,1,Completed
19742,3521,2025-09-07,3,Completed
8159,538,2025-09-07,2,Completed
18213,2112,2025-09-07,7,Completed
10629,1925,2025-09-07,8,Cancelled
20640,3948,2025-09-08,1,Completed
6733,2623,2025-09-08,5,Cancelled
9464,2740,2025-09-08,10,Completed
3427,4517,2025-09-08,7,Completed
15694,1007,2025-09-08,5,Cancelled
8887,1801,2025-09-08,7,Completed
23007,4164,2025-09-08,1,Completed
16016,3336,2025-09-08,6,Cancelled
4214,3285,2025-09-08,8,Completed
10437,283,2025-09-08,5,Completed
6957,2952,2025-09-08,10,Cancelled
18441,343,2025-09-08,10,Cancelled
24657,1648,2025-09-08,12,Completed
12752,2622,2025-09-08,5,Completed
131,3151,2025-09-08,8,Cancelled
23502,4124,2025-09-08,2,Completed
16305,3662,2025-09-08,2,Cancelled
7294,353,2025-09-08,10,Cancelled
3587,2598,2025-09-08,3,Completed
14390,1846,2025-09-08,12,Completed
22292,4476,2025-09-08,11,Completed
10035,4085,2025-09-09,4,Completed
23208,1487,2025-09-09,6,Completed
7532,3885,2025-09-09,11,Completed
15640,609,2025-09-09,3,Completed
21690,1971,2025-09-09,8,Completed
11131,4117,2025-09-09,4,Completed
5350,4255,2025-09-09,12,Completed
7869,285,2025-09-09,4,Completed
3609,4384,2025-09-09,5,Completed
12269,3952,2025-09-09,10,Cancelled
18361,4468,2025-09-09,3,Completed
11129,4714,2025-09-09,2,Completed
853,4192,2025-09-09,3,Completed
10853,3158,2025-09-09,3,Completed
17727,880,2025-09-09,2,Completed
1264,3669,2025-09-09,12,Completed
9811,4927,2025-09-09,9,Completed
16114,4850,2025-09-09,7,Completed
14665,523,2025-09-09,2,Completed
14378,4927,2025-09-09,9,Completed
8798,124,2025-09-09,1,Completed
2810,4726,2025-09-09,3,Completed
15691,1130,2025-09-09,2,Completed
21238,3112,2025-09-09,2,Completed
24471,2826,2025-09-09,8,Cancelled
7264,2965,2025-09-09,12,Completed
13476,2933,2025-09-09,10,Completed
15200,4009,2025-09-10,5,Completed
977,4150,2025-09-10,8,Completed
19028,3891,2025-09-10,10,Completed
16369,1368,2025-09-10,12,Completed
23653,1144,2025-09-10,2,Completed
19342,1013,2025-09-10,4,Cancelled
10756,4467,2025-09-10,6,Completed
11544,193,2025-09-10,10,Completed
2273,2948,2025-09-10,7,Completed
23184,4079,2025-09-10,9,Cancelled
24593,4371,2025-09-10,9,Completed
22625,744,2025-09-10,2,Completed
1263,1076,2025-09-10,3,Cancelled
11952,171,2025-09-10,7,Completed
13962,1847,2025-09-10,3,Completed
2679,4616,2025-09-10,6,Completed
8914,415,2025-09-10,10,Cancelled
16172,2444,2025-09-10,1,Cancelled
2727,2623,2025-09-10,5,Cancelled
11996,1878,2025-09-10,6,Completed
16753,1873,2025-09-10,3,Completed
13990,1992,2025-09-10,6,Cancelled
23050,956,2025-09-10,2,Completed
4531,646,2025-09-10,1,Completed
23496,2882,2025-09-11,3,Completed
17063,4102,2025-09-11,8,Completed
16004,1760,2025-09-11,6,Cancelled
7524,3810,2025-09-11,3,Completed
3111,3441,2025-09-11,1,Completed
18320,798,2025-09-11,6,Completed
22569,1713,2025-09-11,8,Completed
19641,1238,2025-09-11,11,Completed
12250,438,2025-09-11,10,Completed
23852,1873,2025-09-11,3,Completed
24250,785,2025-09-11,10,Completed
4073,2770,2025-09-11,3,Cancelled
1207,915,2025-09-11,2,Completed
3503,4642,2025-09-11,11,Completed
18170,3427,2025-09-11,1,Completed
13887,329,2025-09-11,4,Completed
18041,2709,2025-09-11,10,Completed
3716,3956,2025-09-11,3,Completed
10663,1712,2025-09-11,2,Completed
20103,4780,2025-09-11,4,Completed
21382,4652,2025-09-11,12,Completed
14793,3885,2025-09-11,11,Completed
18368,3979,2025-09-11,8,Completed
6674,1826,2025-09-11,3,Completed
21521,4698,2025-09-11,3,Cancelled
22240,2902,2025-09-11,5,Completed
17406,1606,2025-09-11,3,Completed
2582,2605,2025-09-11,3,Completed
5713,3720,2025-09-11,2,Completed
1578,4741,2025-09-12,6,Completed
17826,1211,2025-09-12,4,Completed
24048,4003,2025-09-12,2,Cancelled
23325,3162,2025-09-12,12,Completed
523,4898,2025-09-12,10,Completed
19862,3830,2025-09-12,11,Completed
6454,4223,2025-09-12,4,Cancelled
4962,2369,2025-09-12,10,Completed
3052,2327,2025-09-12,11,Completed
1326,47,2025-09-12,3,Cancelled
11818,4714,2025-09-12,2,Completed
12868,3003,2025-09-12,8,Completed
2190,1758,2025-09-12,11,Completed
23256,1537,2025-09-12,7,Completed
21969,3354,2025-09-12,1,Completed
20300,758,2025-09-12,3,Completed
10333,3810,2025-09-12,3,Completed
12135,976,2025-09-12,11,Completed
8635,3943,2025-09-12,7,Completed
14377,1342,2025-09-12,12,Completed
17883,2444,2025-09-12,1,Completed
12071,1951,2025-09-12,1,Completed
10088,3353,2025-09-12,4,Completed
5400,1634,2025-09-12,2,Cancelled
8389,2780,2025-09-12,2,Completed
1471,4831,2025-09-12,1,Completed
15518,1393,2025-09-12,1,Completed
22266,4683,2025-09-12,3,Completed
12873,2728,2025-09-13,11,Completed
22374,4144,2025-09-13,1,Completed
10442,3149,2025-09-13,8,Completed
8701,4804,2025-09-13,5,Completed
4299,4382,2025-09-13,11,Cancelled
28,3604,2025-09-13,2,Cancelled
18515,2749,2025-09-13,11,Completed
10859,1069,2025-09-13,7,Completed
93,4638,2025-09-13,2,Completed
10514,2909,2025-09-13,11,Completed
16996,3163,2025-09-13,1,Completed
17003,1695,2025-09-13,2,Completed
23391,335,2025-09-13,6,Completed
692,2224,2025-09-13,10,Completed
19416,4,2025-09-13,5,Completed
6319,1092,2025-09-13,6,Completed
24605,780,2025-09-13,2,Completed
18069,3681,2025-09-13,3,Completed
22560,4816,2025-09-13,12,Completed
7069,1506,2025-09-13,12,Completed
21678,2749,2025-09-13,11,Completed
20845,867,2025-09-13,8,Completed
18618,588,2025-09-14,1,Completed
15720,339,2025-09-14,12,Completed
8407,2406,2025-09-14,10,Completed
19967,2179,2025-09-14,4,Cancelled
20322,4111,2025-09-14,5,Cancelled
10910,3931,2025-09-14,10,Cancelled
12799,524,2025-09-14,11,Completed
15710,2945,2025-09-14,3,Completed
3740,1958,2025-09-14,12,Completed
14237,4680,2025-09-14,3,Completed
12790,436,2025-09-14,1,Cancelled
14592,2902,2025-09-14,5,Completed
7128,3553,2025-09-14,12,Cancelled
718,3715,2025-09-14,4,Completed
22942,4996,2025-09-14,8,Completed
16530,2503,2025-09-14,9,Completed
21113,3689,2025-09-14,12,Completed
8649,3297,2025-09-14,9,Completed
531,3439,2025-09-14,2,Completed
5662,4047,2025-09-14,12,Completed
5239,3637,2025-09-14,3,Cancelled
12598,3900,2025-09-14,1,Completed
4671,454,2025-09-15,3,Completed
5872,4780,2025-09-15,4,Cancelled
8817,4463,2025-09-15,12,Completed
14165,2665,2025-09-15,2,Completed
16135,708,2025-09-15,4,Completed
3392,4850,2025-09-15,7,Completed
21669,4552,2025-09-15,12,Completed
17146,1001,2025-09-15,12,Completed
14186,3012,2025-09-15,4,Completed
13243,382,2025-09-15,11,Cancelled
20579,3697,2025-09-15,9,Cancelled
20896,2978,2025-09-15,3,Completed
14824,2599,2025-09-15,1,Completed
24663,714,2025-09-15,3,Cancelled
20150,4645,2025-09-15,3,Completed
20183,2851,2025-09-15,3,Completed
676,1254,2025-09-15,12,Cancelled
5218,692,2025-09-15,11,Completed
1573,854,2025-09-15,11,Completed
20777,424,2025-09-15,6,Completed
5689,1858,2025-09-15,5,Completed
16000,3615,2025-09-15,1,Completed
19475,3867,2025-09-15,8,Completed
1377,3191,2025-09-15,1,Completed
12593,3829,2025-09-15,12,Completed
16310,4111,2025-09-15,5,Cancelled
19276,1768,2025-09-15,11,Cancelled
22551,1342,2025-09-15,12,Completed
18382,2056,2025-09-16,6,Completed
10238,2244,2025-09-16,10,Completed
16671,196,2025-09-16,6,Completed
12505,1667,2025-09-16,5,Cancelled
24942,872,2025-09-16,3,Completed
953,2601,2025-09-16,3,Completed
9503,1508,2025-09-16,10,Cancelled
21899,3890,2025-09-16,4,Completed
5971,174,2025-09-16,10,Cancelled
14973,1850,2025-09-16,5,Completed
7669,2305,2025-09-16,7,Completed
3996,1367,2025-09-16,7,Completed
22539,4213,2025-09-16,7,Completed
4006,68,2025-09-16,5,Cancelled
4011,1514,2025-09-16,7,Completed
5671,2924,2025-09-16,7,Completed
17513,4341,2025-09-16,3,Completed
454,3325,2025-09-16,9,Completed
5060,1420,2025-09-16,6,Completed
7059,1484,2025-09-16,1,Cancelled
17204,2154,2025-09-16,1,Completed
16328,4516,2025-09-17,3,Cancelled
17364,1037,2025-09-17,6,Completed
2508,632,2025-09-17,2,Completed
12177,2126,2025-09-17,7,Completed
11115,4144,2025-09-17,1,Completed
10367,1887,2025-09-17,3,Completed
2242,4372,2025-09-17,3,Completed
18576,3200,2025-09-17,7,Completed
5083,4571,2025-09-17,12,Completed
19061,2443,2025-09-17,8,Cancelled
22349,3832,2025-09-17,2,Completed
5114,4447,2025-09-17,8,Completed
21270,3628,2025-09-17,3,Cancelled
24802,4704,2025-09-17,7,Completed
4478,4037,2025-09-17,9,Completed
326,1856,2025-09-17,9,Completed
14426,2898,2025-09-17,3,Completed
22714,4999,2025-09-17,3,Completed
16303,214,2025-09-17,9,Completed
9477,1486,2025-09-17,10,Completed
13166,4536,2025-09-17,7,Completed
17867,1295,2025-09-17,10,Completed
11313,3638,2025-09-17,11,Cancelled
23320,1956,2025-09-18,11,Completed
12275,1415,2025-09-18,10,Completed
19097,592,2025-09-18,3,Completed
4825,3354,2025-09-18,1,Completed
21660,3096,2025-09-18,9,Completed
21989,4904,2025-09-18,12,Completed
12322,849,2025-09-18,8,Completed
10286,1683,2025-09-18,7,Cancelled
13441,4028,2025-09-18,4,Completed
17149,221,2025-09-18,5,Completed
12618,2126,2025-09-18,7,Completed
19610,4651,2025-09-18,9,Cancelled
13571,4151,2025-09-18,1,Completed
8134,3596,2025-09-18,10,Cancelled
1298,804,2025-09-18,7,Completed
10425,1754,2025-09-18,1,Completed
13852,100,2025-09-18,8,Completed
4672,10,2025-09-18,10,Completed
1534,4178,2025-09-18,6,Completed
5735,323,2025-09-18,7,Completed
13987,3514,2025-09-18,1,Completed
10052,4839,2025-09-18,7,Completed
5534,941,2025-09-19,3,Completed
11055,2724,2025-09-19,12,Completed
5036,3476,2025-09-19,3,Completed
20177,2677,2025-09-19,4,Cancelled
15713,1996,2025-09-19,11,Cancelled
16908,10,2025-09-19,10,Completed
1432,1115,2025-09-19,6,Completed
22153,4422,2025-09-19,10,Completed
154,3024,2025-09-19,6,Completed
1266,4144,2025-09-19,1,Completed
22362,4500,2025-09-19,8,Completed
16791,2764,2025-09-19,4,Completed
22935,1123,2025-09-19,2,Completed
18437,4499,2025-09-19,3,Completed
18015,3669,2025-09-19,12,Completed
11068,2076,2025-09-19,1,Completed
16364,2535,2025-09-19,2,Completed
6879,969,2025-09-19,2,Completed
12892,1764,2025-09-19,3,Completed
1184,4589,2025-09-19,11,Completed
3715,2956,2025-09-19,7,Completed
822,872,2025-09-19,3,Cancelled
18433,546,2025-09-20,3,Completed
657,1726,2025-09-20,10,Completed
14261,3395,2025-09-20,10,Completed
5703,4964,2025-09-20,10,Cancelled
2429,3756,2025-09-20,10,Completed
9931,905,2025-09-20,5,Completed
10763,2589,2025-09-20,9,Cancelled
17199,2021,2025-09-20,10,Cancelled
13660,871,2025-09-20,5,Cancelled
19401,192,2025-09-20,6,Completed
11854,4726,2025-09-20,3,Completed
13529,4068,2025-09-20,5,Completed
20045,208,2025-09-20,5,Completed
19719,4297,2025-09-21,1,Completed
5471,2458,2025-09-21,10,Completed
18863,1109,2025-09-21,11,Completed
5472,2076,2025-09-21,1,Completed
2696,2034,2025-09-21,1,Completed
17713,1862,2025-09-21,9,Completed
12996,461,2025-09-21,3,Completed
16587,2468,2025-09-21,3,Completed
6888,2553,2025-09-21,10,Completed
5231,2543,2025-09-21,1,Completed
9994,1249,2025-09-21,5,Completed
11652,4108,2025-09-21,2,Cancelled
3517,828,2025-09-21,1,Completed
9444,1618,2025-09-21,5,Completed
22620,4270,2025-09-21,3,Completed
9308,1285,2025-09-21,7,Completed
15181,366,2025-09-21,4,Cancelled
5697,2255,2025-09-21,7,Completed
7967,2064,2025-09-21,5,Completed
23382,4848,2025-09-21,7,Completed
11026,4059,2025-09-21,2,Completed
24706,2456,2025-09-21,5,Cancelled
11187,192,2025-09-21,6,Completed
15868,2715,2025-09-21,7,Completed
5937,4505,2025-09-21,10,Completed
11205,4505,2025-09-22,10,Completed
16285,2328,2025-09-22,6,Completed
10194,3338,2025-09-22,7,Completed
1454,2323,2025-09-22,3,Cancelled
24550,3940,2025-09-22,8,Completed
14413,1126,2025-09-22,5,Completed
8517,3845,2025-09-22,1,Cancelled
1451,1434,2025-09-22,9,Completed
17292,2468,2025-09-22,3,Completed
3330,184,2025-09-22,3,Completed
6601,4696,2025-09-22,6,Completed
16797,3711,2025-09-22,8,Completed
17399,1820,2025-09-22,1,Completed
19220,4103,2025-09-22,1,Completed
3443,2855,2025-09-22,5,Completed
21738,3497,2025-09-22,6,Completed
14862,3514,2025-09-22,1,Completed
7364,3318,2025-09-22,2,Completed
4356,1876,2025-09-23,9,Completed
24159,4590,2025-09-23,6,Completed
17256,3600,2025-09-23,2,Completed
13959,699,2025-09-23,6,Cancelled
19520,2398,2025-09-23,2,Cancelled
15215,1909,2025-09-23,10,Cancelled
2046,3775,2025-09-23,3,Completed
13880,148,2025-09-23,1,Completed
4838,1849,2025-09-23,2,Completed
800,3804,2025-09-23,1,Cancelled
11318,1649,2025-09-23,2,Completed
18682,4780,2025-09-23,4,Completed
4238,3525,2025-09-23,10,Completed
16419,4602,2025-09-23,11,Cancelled
3327,1711,2025-09-23,9,Completed
20540,516,2025-09-23,2,Completed
14427,2369,2025-09-23,10,Completed
20208,1162,2025-09-23,12,Completed
20894,4582,2025-09-23,3,Completed
21610,2525,2025-09-23,2,Cancelled
9810,863,2025-09-23,10,Completed
20508,3103,2025-09-23,11,Completed
12114,2338,2025-09-24,6,Completed
9096,4020,2025-09-24,1,Completed
10978,204,2025-09-24,1,Cancelled
11482,4007,2025-09-24,6,Completed
10782,528,2025-09-24,4,Completed
12182,2645,2025-09-24,3,Cancelled
16521,1081,2025-09-24,1,Completed
921,3794,2025-09-24,5,Completed
19629,637,2025-09-24,1,Completed
11937,3578,2025-09-24,5,Completed
8359,2200,2025-09-24,1,Cancelled
6098,2154,2025-09-24,1,Cancelled
3340,1887,2025-09-24,3,Completed
11340,3435,2025-09-24,12,Completed
13449,116,2025-09-24,6,Completed
18125,729,2025-09-24,6,Completed
2500,3908,2025-09-24,1,Completed
6478,3873,2025-09-24,2,Completed
10111,3646,2025-09-24,4,Cancelled
15232,1733,2025-09-24,3,Completed
9170,2687,2025-09-25,8,Completed
12508,3574,2025-09-25,2,Completed
22036,2215,2025-09-25,2,Completed
12995,4902,2025-09-25,4,Completed
5599,3522,2025-09-25,6,Cancelled
3100,2578,2025-09-25,10,Completed
2868,2717,2025-09-25,12,Completed
9263,590,2025-09-25,2,Completed
2804,4051,2025-09-25,11,Completed
4458,4290,2025-09-25,10,Completed
11144,3660,2025-09-25,5,Completed
24468,857,2025-09-25,3,Completed
15817,454,2025-09-25,3,Completed
3982,2009,2025-09-25,9,Completed
5804,2333,2025-09-25,10,Completed
23266,4853,2025-09-25,1,Completed
18294,2299,2025-09-25,8,Completed
1638,4505,2025-09-25,10,Cancelled
4288,2775,2025-09-25,2,Completed
7104,2990,2025-09-25,7,Cancelled
9764,542,2025-09-25,7,Completed
23450,2195,2025-09-26,5,Completed
16533,4675,2025-09-26,1,Completed
24851,152,2025-09-26,10,Completed
14685,3495,2025-09-26,7,Completed
7656,2377,2025-09-26,4,Cancelled
22189,1099,2025-09-26,11,Completed
21993,1334,2025-09-26,2,Completed
21971,1007,2025-09-26,5,Completed
17914,2346,2025-09-26,1,Cancelled
16544,4032,2025-09-26,3,Completed
8930,4984,2025-09-26,11,Completed
16943,3309,2025-09-26,3,Completed
9118,511,2025-09-26,2,Completed
15735,3940,2025-09-26,8,Completed
19257,2589,2025-09-26,9,Completed
2937,930,2025-09-26,3,Completed
19943,4440,2025-09-26,8,Completed
4105,598,2025-09-26,9,Completed
11382,1401,2025-09-26,12,Completed
6546,195,2025-09-26,7,Completed
13947,4866,2025-09-26,8,Completed
1953,3943,2025-09-26,7,Cancelled
18677,3908,2025-09-26,1,Completed
9051,2545,2025-09-26,1,Cancelled
5634,4548,2025-09-26,5,Completed
1115,201,2025-09-26,1,Completed
7823,573,2025-09-26,2,Cancelled
8807,4600,2025-09-26,3,Completed
18429,142,2025-09-26,3,Completed
6316,609,2025-09-27,3,Completed
20386,499,2025-09-27,2,Completed
8107,3901,2025-09-27,8,Cancelled
11710,1306,2025-09-27,4,Cancelled
13182,2268,2025-09-27,2,Completed
8487,4622,2025-09-27,8,Completed
11329,1544,2025-09-27,7,Completed
20671,4263,2025-09-27,5,Cancelled
118,3611,2025-09-27,3,Cancelled
14577,2777,2025-09-27,12,Completed
23125,846,2025-09-27,3,Completed
5577,4279,2025-09-27,12,Completed
19332,3466,2025-09-27,3,Completed
19666,3354,2025-09-27,1,Completed
6420,2371,2025-09-27,12,Completed
16684,1013,2025-09-27,4,Completed
8530,3586,2025-09-27,8,Cancelled
17266,3362,2025-09-27,3,Completed
12129,3410,2025-09-27,4,Completed
672,4680,2025-09-27,3,Completed
12665,3512,2025-09-27,10,Completed
8028,3925,2025-09-27,12,Completed
1368,1406,2025-09-27,11,Completed
8375,4654,2025-09-27,9,Completed
22745,3522,2025-09-28,6,Completed
2120,2275,2025-09-28,11,Completed
3831,382,2025-09-28,11,Completed
185,494,2025-09-28,7,Completed
2427,1037,2025-09-28,6,Completed
11958,3813,2025-09-28,11,Completed
9108,1845,2025-09-28,12,Completed
10903,1238,2025-09-28,11,Cancelled
10645,1897,2025-09-28,6,Completed
14088,1778,2025-09-28,5,Completed
20186,3394,2025-09-28,12,Cancelled
17283,4513,2025-09-28,6,Completed
3007,4324,2025-09-28,4,Completed
7817,17,2025-09-28,2,Completed
13133,1619,2025-09-28,4,Completed
23680,3642,2025-09-28,4,Completed
14809,3969,2025-09-28,2,Completed
12779,4470,2025-09-28,2,Completed
3197,1946,2025-09-28,5,Completed
15762,1733,2025-09-28,3,Cancelled
7773,4138,2025-09-28,1,Completed
11383,4270,2025-09-29,3,Completed
3554,624,2025-09-29,7,Completed
14491,3795,2025-09-29,8,Completed
19892,2952,2025-09-29,10,Completed
17284,221,2025-09-29,5,Completed
673,2200,2025-09-29,1,Completed
3235,200,2025-09-29,12,Cancelled
14954,4397,2025-09-29,3,Completed
6736,4746,2025-09-29,12,Completed
15596,2932,2025-09-29,2,Completed
17954,643,2025-09-29,3,Completed
23249,4352,2025-09-29,1,Completed
13371,3026,2025-09-29,1,Completed
11648,438,2025-09-29,10,Completed
11964,2844,2025-09-29,4,Completed
18487,3448,2025-09-29,4,Cancelled
5555,1900,2025-09-29,12,Completed
6986,2570,2025-09-29,11,Completed
23384,1494,2025-09-29,9,Completed
22899,177,2025-09-29,9,Completed
22340,3552,2025-09-29,2,Completed
20217,3522,2025-09-29,6,Completed
13790,1276,2025-09-29,7,Completed
13163,1917,2025-09-29,9,Cancelled
136,2911,2025-09-30,12,Completed
5573,2235,2025-09-30,3,Completed
10175,2367,2025-09-30,7,Completed
19792,313,2025-09-30,7,Completed
4025,96,2025-09-30,2,Cancelled
19449,2294,2025-09-30,1,Completed
18193,4674,2025-09-30,10,Cancelled
20575,1332,2025-09-30,6,Cancelled
21950,4074,2025-09-30,5,Completed
3169,4673,2025-09-30,11,Completed
20558,1860,2025-09-30,10,Completed
21287,882,2025-09-30,1,Completed
6902,3803,2025-09-30,1,Completed
9502,3077,2025-09-30,6,Completed
18019,4047,2025-09-30,12,Completed
19544,1595,2025-09-30,6,Completed
16484,174,2025-10-01,10,Completed
17322,990,2025-10-01,7,Completed
10339,4989,2025-10-01,6,Cancelled
7888,3340,2025-10-01,4,Completed
9098,4961,2025-10-01,5,Cancelled
18869,2623,2025-10-01,5,Completed
10851,1507,2025-10-01,2,Completed
19378,3932,2025-10-01,4,Cancelled
383,1839,2025-10-01,10,Completed
17492,4418,2025-10-01,6,Cancelled
23049,2768,2025-10-01,11,Completed
11471,1116,2025-10-01,1,Completed
21256,3172,2025-10-01,2,Completed
20058,1671,2025-10-01,2,Completed
13894,3306,2025-10-01,11,Completed
4909,2097,2025-10-01,7,Completed
1946,643,2025-10-01,3,Completed
21077,2697,2025-10-01,2,Cancelled
4427,2739,2025-10-01,1,Completed
13027,3404,2025-10-01,4,Completed
14012,285,2025-10-01,4,Completed
23658,3765,2025-10-01,4,Completed
19974,764,2025-10-02,6,Completed
2247,3836,2025-10-02,9,Completed
18941,4024,2025-10-02,7,Completed
8541,1760,2025-10-02,6,Completed
19246,2574,2025-10-02,1,Cancelled
7145,1483,2025-10-02,12,Completed
5326,849,2025-10-02,8,Completed
16642,598,2025-10-02,9,Completed
5627,4219,2025-10-02,12,Completed
18122,4720,2025-10-02,10,Completed
14652,2437,2025-10-02,3,Completed
21520,785,2025-10-02,10,Completed
2346,4289,2025-10-02,7,Completed
9414,2793,2025-10-02,6,Completed
20580,3177,2025-10-02,3,Cancelled
23337,4768,2025-10-02,9,Cancelled
5177,1077,2025-10-02,9,Completed
10668,2655,2025-10-02,11,Completed
7809,122,2025-10-02,5,Completed
23449,4276,2025-10-02,7,Completed
23785,2491,2025-10-02,5,Cancelled
8661,4029,2025-10-03,8,Completed
15624,718,2025-10-03,4,Cancelled
4483,534,2025-10-03,1,Completed
6739,926,2025-10-03,10,Completed
20404,2405,2025-10-03,5,Completed
21606,3570,2025-10-03,5,Completed
17499,1171,2025-10-03,9,Completed
7504,1860,2025-10-03,10,Completed
13616,1916,2025-10-03,7,Cancelled
1620,2469,2025-10-03,3,Completed
22995,1368,2025-10-03,12,Completed
17350,3369,2025-10-03,1,Cancelled
3003,3306,2025-10-03,11,Cancelled
12027,4380,2025-10-03,1,Completed
3096,414,2025-10-03,3,Completed
936,2010,2025-10-03,8,Completed
9790,3488,2025-10-03,2,Completed
4793,3600,2025-10-03,2,Cancelled
21775,3246,2025-10-03,3,Completed
18133,56,2025-10-03,1,Completed
1468,3995,2025-10-03,4,Completed
14932,819,2025-10-03,3,Completed
17748,2763,2025-10-03,7,Completed
20198,1733,2025-10-03,3,Completed
4789,3710,2025-10-03,2,Completed
20095,4266,2025-10-03,4,Completed
17423,2981,2025-10-04,1,Completed
49,2458,2025-10-04,10,Completed
8521,3442,2025-10-04,7,Cancelled
20590,2418,2025-10-04,1,Cancelled
8146,2310,2025-10-04,11,Completed
17659,2784,2025-10-04,1,Completed
8855,2240,2025-10-04,6,Cancelled
13794,21,2025-10-04,1,Completed
14422,388,2025-10-04,1,Completed
18731,2460,2025-10-04,12,Cancelled
8200,284,2025-10-04,9,Completed
8460,1104,2025-10-04,4,Cancelled
9125,1186,2025-10-04,8,Completed
17366,4458,2025-10-04,10,Completed
20910,1162,2025-10-04,12,Completed
4201,3869,2025-10-04,2,Completed
2118,4015,2025-10-04,10,Cancelled
20933,2457,2025-10-04,10,Completed
4024,1433,2025-10-04,11,Cancelled
2012,3074,2025-10-04,1,Completed
21549,2408,2025-10-04,10,Completed
18634,2835,2025-10-04,12,Completed
3572,1957,2025-10-04,10,Completed
11922,4682,2025-10-04,3,Cancelled
21033,513,2025-10-04,8,Completed
16522,2845,2025-10-04,1,Completed
12204,1945,2025-10-04,2,Cancelled
17828,3334,2025-10-05,9,Completed
12063,1200,2025-10-05,8,Completed
22648,1890,2025-10-05,10,Completed
13144,106,2025-10-05,4,Completed
19297,2954,2025-10-05,9,Completed
6538,1925,2025-10-05,8,Completed
4673,3048,2025-10-05,8,Cancelled
5113,2694,2025-10-05,3,Completed
18461,4175,2025-10-05,5,Cancelled
8514,2737,2025-10-05,6,Cancelled
17252,1154,2025-10-05,10,Completed
13048,3598,2025-10-05,2,Completed
17062,120,2025-10-05,2,Completed
1292,987,2025-10-05,7,Completed
5535,2691,2025-10-05,2,Cancelled
23914,586,2025-10-05,7,Completed
21348,21,2025-10-05,1,Cancelled
12050,104,2025-10-05,9,Completed
4206,1569,2025-10-05,11,Completed
18711,284,2025-10-05,9,Cancelled
18702,3877,2025-10-05,3,Completed
20852,1456,2025-10-05,5,Completed
8743,4472,2025-10-05,6,Cancelled
720,4727,2025-10-05,1,Completed
6633,1976,2025-10-06,12,Completed
14235,789,2025-10-06,6,Completed
16686,3403,2025-10-06,3,Completed
2865,2817,2025-10-06,6,Cancelled
14102,1524,2025-10-06,1,Completed
13569,374,2025-10-06,10,Completed
11603,2985,2025-10-06,1,Completed
11345,2141,2025-10-06,2,Completed
21455,1116,2025-10-06,1,Completed
20403,1189,2025-10-06,1,Completed
17221,3319,2025-10-06,3,Completed
15054,4412,2025-10-06,8,Completed
5991,2083,2025-10-06,1,Completed
19623,1983,2025-10-06,4,Cancelled
24055,3921,2025-10-06,4,Completed
6495,3025,2025-10-06,4,Completed
2536,2032,2025-10-06,3,Completed
3142,3976,2025-10-06,4,Completed
19754,2385,2025-10-06,11,Completed
20960,1447,2025-10-06,3,Completed
16345,4310,2025-10-06,4,Completed
2226,2394,2025-10-06,5,Completed
20708,1214,2025-10-06,8,Completed
7295,3695,2025-10-06,2,Completed
21420,1341,2025-10-06,7,Completed
23584,984,2025-10-06,12,Cancelled
15135,429,2025-10-06,8,Completed
4898,101,2025-10-06,10,Completed
20561,3295,2025-10-07,12,Completed
6694,964,2025-10-07,4,Completed
15551,4203,2025-10-07,3,Completed
15567,747,2025-10-07,9,Cancelled
1576,4907,2025-10-07,10,Completed
13119,2941,2025-10-07,10,Cancelled
19689,4260,2025-10-07,7,Completed
22558,1253,2025-10-07,12,Completed
9857,1671,2025-10-07,2,Cancelled
21200,256,2025-10-07,2,Completed
6267,1412,2025-10-07,7,Cancelled
21036,202,2025-10-07,7,Completed
386,3181,2025-10-07,1,Completed
5757,433,2025-10-07,5,Completed
17323,2225,2025-10-07,5,Completed
1560,2865,2025-10-07,10,Completed
5138,2673,2025-10-07,3,Cancelled
19920,1208,2025-10-07,7,Completed
23124,1410,2025-10-07,9,Cancelled
22384,1701,2025-10-07,5,Completed
1554,644,2025-10-07,8,Completed
20700,3242,2025-10-07,6,Completed
21194,2325,2025-10-07,12,Cancelled
4998,2202,2025-10-08,5,Completed
19885,1279,2025-10-08,3,Cancelled
5933,4136,2025-10-08,10,Completed
11430,4508,2025-10-08,11,Cancelled
15530,4222,2025-10-08,11,Cancelled
14084,4469,2025-10-08,3,Cancelled
21824,764,2025-10-08,6,Completed
3347,3401,2025-10-08,10,Completed
18199,296,2025-10-08,11,Completed
1090,4797,2025-10-08,5,Cancelled
17264,1572,2025-10-08,2,Completed
18237,1834,2025-10-08,2,Completed
6946,3640,2025-10-08,3,Cancelled
8581,879,2025-10-08,2,Completed
21308,276,2025-10-08,4,Completed
11486,1826,2025-10-08,3,Completed
2422,3999,2025-10-08,2,Completed
14478,2749,2025-10-08,11,Completed
11664,1666,2025-10-09,8,Completed
1228,4467,2025-10-09,6,Completed
11315,2537,2025-10-09,12,Completed
3777,2713,2025-10-09,6,Completed
18458,1854,2025-10-09,1,Cancelled
14810,1318,2025-10-09,9,Completed
16787,921,2025-10-09,10,Completed
9469,2424,2025-10-09,3,Completed
10979,4386,2025-10-09,6,Completed
5609,506,2025-10-09,5,Completed
23998,4562,2025-10-09,6,Completed
8417,2498,2025-10-09,8,Cancelled
12039,1514,2025-10-09,7,Completed
4226,3948,2025-10-09,1,Completed
8252,1015,2025-10-09,7,Completed
15335,872,2025-10-09,3,Completed
11368,2177,2025-10-09,4,Completed
5252,4083,2025-10-09,1,Completed
17930,766,2025-10-09,2,Completed
24865,472,2025-10-09,11,Completed
584,255,2025-10-09,10,Completed
14045,3076,2025-10-09,8,Completed
8777,2757,2025-10-09,2,Completed
21681,4270,2025-10-09,3,Completed
22158,3609,2025-10-09,9,Cancelled
12923,3153,2025-10-09,12,Completed
8169,644,2025-10-09,8,Completed
14143,3139,2025-10-09,12,Cancelled
17559,1562,2025-10-10,6,Completed
20412,3423,2025-10-10,2,Completed
20094,4258,2025-10-10,2,Completed
1859,4021,2025-10-10,7,Completed
13885,3089,2025-10-10,12,Cancelled
8343,1404,2025-10-10,11,Cancelled
16424,3126,2025-10-10,4,Completed
3921,4799,2025-10-10,5,Completed
22030,1845,2025-10-10,12,Completed
15151,1843,2025-10-10,2,Completed
4922,2098,2025-10-10,4,Completed
14838,2912,2025-10-10,9,Completed
12054,3518,2025-10-10,11,Completed
18803,4265,2025-10-10,9,Completed
1095,4320,2025-10-10,8,Cancelled
8133,1831,2025-10-10,8,Completed
14120,3482,2025-10-10,12,Completed
2786,3369,2025-10-10,1,Completed
1163,1380,2025-10-10,11,Completed
10677,192,2025-10-10,6,Completed
3122,3324,2025-10-10,11,Completed
8405,2417,2025-10-10,12,Completed
16291,3294,2025-10-11,8,Cancelled
995,3226,2025-10-11,6,Cancelled
3705,573,2025-10-11,2,Cancelled
19470,2041,2025-10-11,10,Completed
10746,3739,2025-10-11,1,Completed
3915,4606,2025-10-11,4,Cancelled
6707,4011,2025-10-11,12,Completed
20207,1647,2025-10-11,4,Completed
5074,4930,2025-10-11,2,Completed
18960,2315,2025-10-11,10,Completed
2522,775,2025-10-11,8,Completed
21796,3117,2025-10-11,7,Completed
22792,3779,2025-10-11,9,Cancelled
20851,970,2025-10-11,2,Cancelled
18800,2409,2025-10-11,6,Completed
20447,3210,2025-10-11,3,Completed
14506,4122,2025-10-11,3,Completed
74,1092,2025-10-11,6,Completed
17315,734,2025-10-11,7,Completed
16852,4162,2025-10-11,8,Completed
24793,3691,2025-10-11,8,Completed
15279,4632,2025-10-12,7,Completed
20335,3442,2025-10-12,7,Completed
926,4212,2025-10-12,10,Completed
20610,2687,2025-10-12,8,Completed
19198,2843,2025-10-12,6,Cancelled
4927,1776,2025-10-12,1,Cancelled
6469,701,2025-10-12,4,Cancelled
19927,453,2025-10-12,4,Completed
15556,174,2025-10-12,10,Completed
9189,4304,2025-10-12,7,Completed
1104,4152,2025-10-12,8,Cancelled
16965,627,2025-10-12,11,Completed
16685,67,2025-10-12,2,Completed
15379,497,2025-10-12,8,Completed
12563,942,2025-10-12,7,Completed
12932,707,2025-10-13,5,Completed
19772,1759,2025-10-13,3,Completed
17319,2826,2025-10-13,8,Cancelled
808,1872,2025-10-13,2,Completed
6245,4130,2025-10-13,10,Completed
52,4642,2025-10-13,11,Completed
20839,258,2025-10-13,9,Completed
10518,4444,2025-10-13,9,Completed
9979,3435,2025-10-13,12,Completed
6141,4535,2025-10-13,8,Completed
18749,359,2025-10-13,7,Cancelled
7183,4388,2025-10-13,1,Completed
20223,1281,2025-10-13,10,Cancelled
17722,1723,2025-10-14,8,Completed
57,4615,2025-10-14,2,Completed
13812,2822,2025-10-14,6,Completed
2506,16,2025-10-14,11,Completed
7866,3574,2025-10-14,2,Cancelled
11012,3976,2025-10-14,4,Cancelled
7035,4574,2025-10-14,3,Cancelled
8290,1808,2025-10-14,7,Completed
9722,4647,2025-10-14,5,Completed
589,74,2025-10-14,6,Completed
5296,1050,2025-10-14,11,Completed
24010,3439,2025-10-14,2,Cancelled
22532,1267,2025-10-14,1,Completed
22574,4076,2025-10-14,5,Completed
17309,1760,2025-10-14,6,Cancelled
432,2039,2025-10-14,2,Completed
23166,811,2025-10-14,5,Cancelled
14175,1965,2025-10-14,11,Completed
2563,4769,2025-10-14,1,Completed
14609,575,2025-10-14,8,Completed
6882,2173,2025-10-14,1,Cancelled
11385,858,2025-10-14,8,Completed
12118,2238,2025-10-14,1,Completed
9913,1401,2025-10-14,12,Completed
19519,3358,2025-10-14,8,Completed
495,17,2025-10-15,2,Completed
13409,696,2025-10-15,4,Completed
22661,3882,2025-10-15,12,Completed
18608,3763,2025-10-15,12,Completed
8973,2387,2025-10-15,4,Completed
20037,2565,2025-10-15,4,Completed
7232,2856,2025-10-15,1,Cancelled
13492,2846,2025-10-15,3,Cancelled
22093,1030,2025-10-15,3,Completed
19126,3893,2025-10-15,11,Completed
14930,2506,2025-10-15,8,Completed
6696,2155,2025-10-15,9,Cancelled
22541,1793,2025-10-15,1,Completed
19013,191,2025-10-15,12,Completed
4929,188,2025-10-15,3,Completed
16256,2922,2025-10-15,6,Cancelled
3494,4498,2025-10-15,3,Completed
6062,4852,2025-10-15,11,Completed
21802,4489,2025-10-15,12,Completed
18716,1461,2025-10-15,2,Completed
18820,2394,2025-10-15,5,Completed
12311,1705,2025-10-15,8,Completed
5977,3497,2025-10-15,6,Completed
7422,37,2025-10-16,6,Completed
18597,3909,2025-10-16,2,Completed
9930,3190,2025-10-16,12,Cancelled
8764,535,2025-10-16,11,Completed
1213,3435,2025-10-16,12,Completed
19929,3446,2025-10-16,10,Completed
10665,4109,2025-10-16,10,Cancelled
7113,7,2025-10-16,1,Completed
8288,1608,2025-10-16,1,Completed
21267,4617,2025-10-16,4,Completed
24700,1419,2025-10-16,10,Completed
6365,2581,2025-10-16,8,Completed
17142,76,2025-10-16,12,Completed
6637,1204,2025-10-16,8,Completed
12109,2864,2025-10-16,2,Cancelled
18779,21,2025-10-16,1,Cancelled
538,1949,2025-10-16,5,Completed
8101,1152,2025-10-16,2,Completed
21253,4177,2025-10-16,1,Cancelled
8623,4572,2025-10-16,5,Cancelled
11333,4927,2025-10-16,9,Completed
8999,4372,2025-10-16,3,Cancelled
3874,316,2025-10-16,12,Cancelled
8863,21,2025-10-16,1,Completed
11062,4176,2025-10-16,2,Completed
1962,1210,2025-10-17,9,Cancelled
19292,1065,2025-10-17,7,Cancelled
24412,397,2025-10-17,6,Cancelled
22332,148,2025-10-17,1,Completed
13247,2985,2025-10-17,1,Completed
9661,1144,2025-10-17,2,Cancelled
13884,4801,2025-10-17,4,Cancelled
24889,1444,2025-10-17,6,Completed
21026,1122,2025-10-17,9,Completed
7336,716,2025-10-17,9,Completed
14092,2454,2025-10-17,6,Completed
22397,2566,2025-10-17,9,Completed
6067,4912,2025-10-17,2,Cancelled
23617,214,2025-10-17,9,Completed
16971,4834,2025-10-17,1,Cancelled
4292,4832,2025-10-17,11,Completed
21651,3273,2025-10-17,4,Completed
9999,3158,2025-10-17,3,Completed
20790,205,2025-10-18,7,Completed
8813,1123,2025-10-18,2,Completed
20591,1233,2025-10-18,4,Completed
8382,3062,2025-10-18,12,Cancelled
12903,714,2025-10-18,3,Completed
15152,445,2025-10-18,2,Completed
1419,3543,2025-10-18,2,Completed
15760,4623,2025-10-18,5,Cancelled
8203,612,2025-10-18,1,Completed
21577,1559,2025-10-18,8,Cancelled
18074,4195,2025-10-18,1,Completed
7413,926,2025-10-18,10,Completed
12744,3643,2025-10-18,6,Completed
23222,4386,2025-10-18,6,Cancelled
15837,4771,2025-10-18,3,Cancelled
10075,2024,2025-10-18,12,Cancelled
24395,1831,2025-10-18,8,Completed
4798,3289,2025-10-18,2,Completed
18387,174,2025-10-18,10,Completed
7753,1418,2025-10-19,7,Completed
12599,85,2025-10-19,3,Completed
4801,627,2025-10-19,11,Cancelled
11121,4907,2025-10-19,10,Completed
19871,3340,2025-10-19,4,Completed
7079,2727,2025-10-19,8,Completed
10743,3439,2025-10-19,2,Cancelled
18369,4213,2025-10-19,7,Completed
20631,4722,2025-10-19,4,Completed
10402,4571,2025-10-19,12,Completed
23289,413,2025-10-19,2,Completed
11545,1760,2025-10-19,6,Completed
19099,1553,2025-10-19,2,Completed
6274,2854,2025-10-19,7,Completed
17714,3279,2025-10-19,1,Completed
7977,4550,2025-10-19,2,Completed
18656,3832,2025-10-19,2,Cancelled
12262,4810,2025-10-19,2,Cancelled
22273,602,2025-10-19,11,Completed
4792,516,2025-10-19,2,Completed
6259,2626,2025-10-19,2,Cancelled
1159,2539,2025-10-19,3,Completed
6585,1150,2025-10-19,6,Completed
149,4875,2025-10-19,5,Completed
24647,3128,2025-10-20,10,Completed
10849,805,2025-10-20,7,Completed
10480,1713,2025-10-20,8,Completed
13625,4391,2025-10-20,10,Completed
24940,747,2025-10-20,9,Completed
23524,46,2025-10-20,6,Completed
23551,4797,2025-10-20,5,Completed
2949,300,2025-10-20,1,Cancelled
1973,4204,2025-10-20,2,Completed
21469,2014,2025-10-20,4,Completed
5388,3604,2025-10-20,2,Cancelled
24389,2306,2025-10-20,11,Completed
18545,2225,2025-10-20,5,Completed
16059,3512,2025-10-20,10,Completed
15796,56,2025-10-20,1,Completed
6691,3318,2025-10-20,2,Cancelled
17298,800,2025-10-20,3,Completed
15568,3908,2025-10-20,1,Completed
13691,1295,2025-10-20,10,Completed
8053,1136,2025-10-20,5,Completed
5718,523,2025-10-20,2,Completed
24840,63,2025-10-20,9,Completed
11462,2366,2025-10-20,3,Cancelled
4191,2565,2025-10-20,4,Completed
24051,1736,2025-10-21,8,Completed
8867,3991,2025-10-21,2,Completed
5533,4182,2025-10-21,5,Completed
3745,3119,2025-10-21,1,Completed
17454,2877,2025-10-21,2,Completed
21457,3152,2025-10-21,11,Completed
9459,1592,2025-10-21,7,Completed
8751,4790,2025-10-21,7,Completed
18341,2658,2025-10-21,11,Completed
8271,4910,2025-10-21,12,Cancelled
24853,3396,2025-10-21,3,Cancelled
19431,931,2025-10-21,2,Completed
15306,1333,2025-10-21,4,Cancelled
7382,4839,2025-10-21,7,Completed
23441,2416,2025-10-21,6,Completed
15548,87,2025-10-21,8,Completed
1705,1190,2025-10-21,12,Cancelled
23177,2059,2025-10-21,10,Cancelled
14692,528,2025-10-22,4,Completed
18552,614,2025-10-22,8,Completed
17449,3829,2025-10-22,12,Completed
10169,2420,2025-10-22,4,Completed
3725,4947,2025-10-22,5,Cancelled
6839,4469,2025-10-22,3,Completed
9835,740,2025-10-22,8,Completed
20725,2464,2025-10-22,2,Completed
6171,1349,2025-10-22,6,Cancelled
13970,2119,2025-10-22,7,Cancelled
10038,3740,2025-10-22,3,Completed
11623,3894,2025-10-22,7,Completed
22403,3387,2025-10-22,6,Cancelled
6378,2357,2025-10-22,6,Completed
9984,1134,2025-10-22,6,Completed
3913,3245,2025-10-22,7,Cancelled
20218,2593,2025-10-22,1,Completed
9956,2873,2025-10-22,4,Completed
7513,4277,2025-10-23,2,Cancelled
24897,282,2025-10-23,7,Completed
21479,4950,2025-10-23,8,Cancelled
10820,970,2025-10-23,2,Completed
2847,214,2025-10-23,9,Cancelled
17862,3728,2025-10-23,2,Completed
23773,3115,2025-10-23,8,Completed
955,2541,2025-10-23,1,Completed
20016,3773,2025-10-23,10,Completed
9555,213,2025-10-23,3,Completed
6791,2808,2025-10-23,1,Completed
23147,4760,2025-10-23,12,Completed
20450,2024,2025-10-23,12,Cancelled
12134,400,2025-10-23,12,Completed
261,4782,2025-10-23,7,Completed
5583,837,2025-10-23,1,Completed
15482,2542,2025-10-23,4,Cancelled
16058,4853,2025-10-23,1,Completed
23844,1566,2025-10-23,11,Completed
20362,178,2025-10-23,10,Completed
3317,3011,2025-10-23,10,Completed
8014,3982,2025-10-23,3,Cancelled
22822,861,2025-10-23,12,Cancelled
17185,421,2025-10-23,1,Completed
18599,3117,2025-10-23,7,Completed
6541,148,2025-10-23,1,Completed
13426,932,2025-10-23,12,Cancelled
16952,4011,2025-10-23,12,Cancelled
4431,1608,2025-10-24,1,Completed
19080,2952,2025-10-24,10,Completed
13509,3253,2025-10-24,11,Completed
4503,383,2025-10-24,4,Completed
1474,3974,2025-10-24,10,Completed
17027,3889,2025-10-24,8,Completed
3989,3425,2025-10-24,1,Cancelled
20204,1406,2025-10-24,11,Completed
3575,1601,2025-10-24,7,Cancelled
10188,4199,2025-10-24,9,Completed
17772,190,2025-10-24,2,Cancelled
9259,1925,2025-10-24,8,Completed
7115,1676,2025-10-24,2,Cancelled
8394,1247,2025-10-24,3,Completed
11446,868,2025-10-24,7,Completed
3148,2153,2025-10-24,5,Completed
20906,1389,2025-10-24,2,Completed
21812,1508,2025-10-24,10,Cancelled
13981,4150,2025-10-24,8,Cancelled
2157,2779,2025-10-24,12,Completed
15271,2048,2025-10-24,5,Completed
16348,3979,2025-10-25,8,Completed
18176,3909,2025-10-25,2,Completed
15895,164,2025-10-25,11,Cancelled
18855,4609,2025-10-25,11,Cancelled
10272,242,2025-10-25,7,Completed
22692,4111,2025-10-25,5,Completed
9914,2664,2025-10-25,7,Completed
24834,2331,2025-10-25,11,Completed
23606,809,2025-10-25,11,Completed
23406,1291,2025-10-25,4,Completed
1001,578,2025-10-25,12,Cancelled
9089,772,2025-10-25,3,Cancelled
15939,1621,2025-10-26,4,Completed
6196,3197,2025-10-26,9,Cancelled
2280,3388,2025-10-26,10,Completed
15259,598,2025-10-26,9,Completed
8796,823,2025-10-26,3,Completed
1308,689,2025-10-26,3,Completed
18202,2514,2025-10-26,9,Completed
14630,3917,2025-10-26,4,Cancelled
13684,3299,2025-10-26,7,Cancelled
13046,2825,2025-10-26,8,Completed
16255,1092,2025-10-26,6,Cancelled
5832,4345,2025-10-26,2,Completed
15132,3508,2025-10-26,2,Completed
6575,1379,2025-10-26,12,Completed
2235,3849,2025-10-26,2,Completed
5315,2553,2025-10-26,10,Cancelled
14774,1400,2025-10-26,7,Completed
5815,4618,2025-10-27,2,Cancelled
24546,644,2025-10-27,8,Completed
15773,2454,2025-10-27,6,Completed
6969,4524,2025-10-27,4,Completed
9376,3180,2025-10-27,10,Cancelled
7437,660,2025-10-27,8,Completed
1059,318,2025-10-27,1,Completed
2736,1218,2025-10-27,8,Completed
12646,2244,2025-10-27,10,Cancelled
14268,4321,2025-10-27,12,Completed
16801,3668,2025-10-27,5,Completed
15058,1471,2025-10-27,9,Completed
15220,1850,2025-10-27,5,Cancelled
5288,1845,2025-10-27,12,Completed
20706,130,2025-10-27,12,Completed
18310,3630,2025-10-27,8,Completed
15352,1247,2025-10-27,3,Completed
19509,3060,2025-10-27,5,Completed
2642,1238,2025-10-27,11,Completed
18452,235,2025-10-27,11,Completed
19493,2416,2025-10-27,6,Completed
24645,3518,2025-10-27,11,Cancelled
21647,1766,2025-10-27,9,Cancelled
5955,497,2025-10-27,8,Completed
6482,4873,2025-10-28,12,Completed
23796,1645,2025-10-28,11,Completed
14548,885,2025-10-28,3,Completed
22540,4205,2025-10-28,2,Completed
24320,1106,2025-10-28,3,Completed
12488,3383,2025-10-28,8,Completed
15793,2185,2025-10-28,7,Completed
20439,4034,2025-10-28,5,Completed
24528,747,2025-10-28,9,Completed
6182,3247,2025-10-28,8,Completed
5979,4825,2025-10-28,2,Cancelled
1648,85,2025-10-28,3,Completed
16336,1496,2025-10-28,5,Completed
4590,594,2025-10-28,9,Cancelled
1594,2570,2025-10-28,11,Completed
1591,3696,2025-10-28,12,Completed
17612,953,2025-10-29,3,Completed
9727,497,2025-10-29,8,Cancelled
13665,3526,2025-10-29,2,Cancelled
19638,787,2025-10-29,4,Completed
5438,1824,2025-10-29,1,Completed
12482,50,2025-10-29,5,Completed
24292,2324,2025-10-29,8,Completed
16032,709,2025-10-29,8,Completed
19748,4291,2025-10-29,1,Completed
3853,498,2025-10-29,8,Completed
7941,4744,2025-10-29,10,Cancelled
17474,221,2025-10-29,5,Completed
17846,1590,2025-10-29,12,Completed
4359,2594,2025-10-29,5,Completed
18231,3076,2025-10-29,8,Completed
9666,4879,2025-10-29,1,Completed
708,1281,2025-10-29,10,Completed
16968,3069,2025-10-29,2,Completed
108,4181,2025-10-29,2,Completed
10540,4715,2025-10-29,11,Completed
4450,2268,2025-10-29,2,Completed
15416,3739,2025-10-29,1,Cancelled
20194,3082,2025-10-29,10,Completed
1439,604,2025-10-29,1,Completed
16540,1998,2025-10-29,9,Completed
13542,336,2025-10-29,3,Completed
23592,46,2025-10-29,6,Completed
117,1977,2025-10-29,8,Completed
12747,1663,2025-10-30,4,Cancelled
2379,1243,2025-10-30,8,Completed
15804,4951,2025-10-30,3,Completed
5340,437,2025-10-30,2,Cancelled
22736,4810,2025-10-30,2,Completed
7852,1231,2025-10-30,7,Completed
23066,2057,2025-10-30,7,Completed
9351,824,2025-10-30,3,Completed
23860,4662,2025-10-30,9,Completed
21921,739,2025-10-30,3,Cancelled
1715,3614,2025-10-30,6,Completed
5558,2088,2025-10-30,11,Completed
18575,575,2025-10-30,8,Cancelled
22089,3273,2025-10-30,4,Completed
18349,1529,2025-10-30,1,Completed
4575,3911,2025-10-30,4,Cancelled
4273,409,2025-10-30,6,Completed
16777,783,2025-10-30,10,Completed
17076,3847,2025-10-30,9,Cancelled
13341,3559,2025-10-30,5,Cancelled
23782,3465,2025-10-30,2,Completed
10887,4524,2025-10-30,4,Completed
348,779,2025-10-30,3,Cancelled
19801,997,2025-10-30,3,Completed
9365,1613,2025-10-30,10,Completed
11717,1304,2025-10-30,9,Completed
10918,1226,2025-10-31,11,Completed
20085,1426,2025-10-31,3,Completed
7131,1999,2025-10-31,7,Completed
2930,805,2025-10-31,7,Cancelled
5451,4800,2025-10-31,11,Completed
8391,472,2025-10-31,11,Completed
805,1483,2025-10-31,12,Cancelled
10196,1189,2025-10-31,1,Cancelled
20344,1516,2025-10-31,1,Completed
10156,300,2025-10-31,1,Completed
3857,3950,2025-10-31,6,Completed
13810,4756,2025-10-31,4,Completed
4351,1917,2025-10-31,9,Completed
21924,4304,2025-10-31,7,Completed
20994,177,2025-10-31,9,Completed
18039,300,2025-10-31,1,Completed
13087,1478,2025-10-31,11,Cancelled
23409,3358,2025-10-31,8,Completed
11554,4625,2025-11-01,1,Completed
522,2350,2025-11-01,7,Completed
17946,3220,2025-11-01,3,Cancelled
3256,2032,2025-11-01,3,Completed
23797,1380,2025-11-01,11,Completed
21931,3267,2025-11-01,12,Completed
12151,3816,2025-11-01,12,Cancelled
22441,4543,2025-11-01,3,Cancelled
19353,3141,2025-11-01,1,Cancelled
22829,2756,2025-11-01,1,Completed
376,3254,2025-11-01,1,Completed
16822,3852,2025-11-01,1,Cancelled
14998,4350,2025-11-01,4,Completed
231,3340,2025-11-01,4,Completed
6390,4720,2025-11-01,10,Completed
2650,4438,2025-11-01,5,Completed
18872,849,2025-11-01,8,Cancelled
16979,1620,2025-11-01,4,Completed
22925,1394,2025-11-01,8,Completed
24880,345,2025-11-01,7,Completed
14739,3998,2025-11-01,4,Completed
7509,2394,2025-11-01,5,Completed
1367,4266,2025-11-02,4,Completed
19731,351,2025-11-02,11,Completed
4529,1207,2025-11-02,6,Completed
19538,1856,2025-11-02,9,Completed
19095,1320,2025-11-02,10,Completed
12794,558,2025-11-02,12,Completed
24211,2526,2025-11-02,9,Completed
5245,2435,2025-11-02,2,Completed
15576,4832,2025-11-02,11,Completed
24993,689,2025-11-02,3,Completed
23610,4362,2025-11-02,5,Cancelled
8275,4122,2025-11-02,3,Cancelled
20665,4509,2025-11-02,9,Completed
4771,4908,2025-11-02,2,Cancelled
12955,3503,2025-11-02,11,Completed
19367,2623,2025-11-02,5,Cancelled
2604,3781,2025-11-02,10,Cancelled
16467,2711,2025-11-02,4,Cancelled
13695,4369,2025-11-02,1,Completed
16280,3297,2025-11-02,9,Completed
6111,2124,2025-11-03,3,Cancelled
3397,3277,2025-11-03,4,Completed
4065,3678,2025-11-03,10,Completed
19906,2280,2025-11-03,5,Completed
17100,259,2025-11-03,7,Completed
24127,2002,2025-11-03,6,Completed
11843,2193,2025-11-03,3,Cancelled
12006,3636,2025-11-03,2,Completed
11061,242,2025-11-03,7,Completed
17674,2887,2025-11-03,4,Completed
23488,744,2025-11-03,2,Completed
11132,38,2025-11-03,5,Completed
5026,1347,2025-11-03,8,Completed
160,3592,2025-11-03,8,Completed
3349,140,2025-11-03,7,Completed
19183,4012,2025-11-03,8,Cancelled
4645,1355,2025-11-03,7,Completed
3277,2868,2025-11-03,6,Cancelled
7482,4455,2025-11-03,1,Completed
12270,453,2025-11-03,4,Completed
14875,4912,2025-11-03,2,Completed
17360,2884,2025-11-03,2,Completed
17162,4036,2025-11-03,11,Cancelled
16879,4584,2025-11-03,11,Completed
17411,2985,2025-11-03,1,Completed
20715,4887,2025-11-03,6,Completed
24338,2040,2025-11-03,2,Completed
9480,1190,2025-11-04,12,Completed
10345,947,2025-11-04,12,Completed
4530,2154,2025-11-04,1,Completed
10718,3534,2025-11-04,10,Completed
24870,4625,2025-11-04,1,Completed
3512,478,2025-11-04,6,Completed
5389,3353,2025-11-04,4,Completed
16715,4740,2025-11-04,7,Completed
10055,2575,2025-11-04,12,Completed
20827,1693,2025-11-04,9,Completed
14683,2367,2025-11-04,7,Completed
11347,888,2025-11-04,7,Completed
4800,3719,2025-11-04,10,Completed
8109,4908,2025-11-04,2,Completed
9097,539,2025-11-04,3,Completed
64,3668,2025-11-04,5,Completed
441,2472,2025-11-04,12,Completed
12778,1241,2025-11-04,12,Completed
6892,1134,2025-11-04,6,Completed
20054,454,2025-11-04,3,Completed
21685,1471,2025-11-04,9,Completed
20668,2092,2025-11-04,9,Cancelled
10565,450,2025-11-04,2,Completed
2016,1174,2025-11-04,4,Completed
6918,8,2025-11-05,3,Completed
120,438,2025-11-05,10,Cancelled
6703,503,2025-11-05,6,Cancelled
24037,2066,2025-11-05,9,Completed
2762,4850,2025-11-05,7,Completed
1689,3593,2025-11-05,7,Completed
4014,3744,2025-11-05,4,Cancelled
466,875,2025-11-05,7,Completed
7076,2159,2025-11-05,1,Completed
5479,1871,2025-11-05,8,Completed
11271,3719,2025-11-05,10,Completed
8888,2126,2025-11-05,7,Completed
19320,4934,2025-11-05,3,Completed
13216,4106,2025-11-05,3,Completed
7275,2238,2025-11-05,1,Completed
11864,3748,2025-11-05,2,Completed
19389,4369,2025-11-05,1,Cancelled
7996,3604,2025-11-05,2,Completed
4419,4627,2025-11-05,6,Cancelled
5099,2457,2025-11-05,10,Completed
20099,2832,2025-11-06,11,Completed
4023,2744,2025-11-06,2,Completed
2652,1282,2025-11-06,11,Cancelled
18964,2216,2025-11-06,6,Cancelled
15833,4857,2025-11-06,12,Cancelled
20415,4571,2025-11-06,12,Completed
11349,300,2025-11-06,1,Completed
4361,2121,2025-11-06,2,Completed
22863,977,2025-11-06,3,Completed
9694,3317,2025-11-06,5,Completed
5264,4125,2025-11-06,4,Completed
3645,2238,2025-11-06,1,Completed
5759,4204,2025-11-06,2,Cancelled
14919,4886,2025-11-06,1,Cancelled
3964,3201,2025-11-06,11,Completed
24806,882,2025-11-06,1,Completed
6567,4060,2025-11-06,6,Completed
10210,3242,2025-11-06,6,Completed
8741,4804,2025-11-06,5,Completed
9268,31,2025-11-06,10,Completed
19151,2687,2025-11-06,8,Completed
43,4791,2025-11-06,3,Completed
6037,3082,2025-11-06,10,Completed
15,3125,2025-11-06,12,Completed
11892,4403,2025-11-06,8,Cancelled
23159,3685,2025-11-06,5,Cancelled
16958,2321,2025-11-06,11,Completed
20349,3432,2025-11-06,3,Completed
3502,52,2025-11-06,3,Cancelled
21060,4404,2025-11-07,4,Completed
15517,3663,2025-11-07,4,Cancelled
24121,3394,2025-11-07,12,Cancelled
17605,890,2025-11-07,11,Completed
13586,3845,2025-11-07,1,Completed
13604,3731,2025-11-07,8,Completed
22804,2729,2025-11-07,1,Completed
21862,2076,2025-11-07,1,Completed
302,3246,2025-11-07,3,Completed
21677,714,2025-11-07,3,Completed
6586,3190,2025-11-07,12,Completed
17408,4540,2025-11-07,9,Completed
6984,1232,2025-11-07,2,Completed
5920,3062,2025-11-07,12,Completed
22038,2584,2025-11-07,7,Completed
24469,139,2025-11-07,2,Completed
15183,23,2025-11-07,4,Completed
644,2019,2025-11-07,6,Completed
14321,350,2025-11-07,1,Completed
2561,2656,2025-11-07,3,Completed
12515,1884,2025-11-07,9,Completed
10044,3758,2025-11-07,6,Completed
17212,2954,2025-11-08,9,Completed
9646,3294,2025-11-08,8,Completed
10284,1281,2025-11-08,10,Cancelled
23646,721,2025-11-08,3,Completed
20484,4061,2025-11-08,6,Completed
8599,194,2025-11-08,3,Completed
11977,3669,2025-11-08,12,Completed
22151,3296,2025-11-08,2,Completed
4630,3678,2025-11-08,10,Completed
2740,3866,2025-11-08,11,Completed
13939,1768,2025-11-08,11,Completed
15305,1679,2025-11-08,9,Completed
18479,2976,2025-11-08,11,Completed
2090,2900,2025-11-08,1,Completed
10,2357,2025-11-08,6,Completed
14457,1076,2025-11-08,3,Completed
5151,3929,2025-11-08,5,Completed
8794,3982,2025-11-08,3,Cancelled
17790,684,2025-11-08,1,Completed
12877,4456,2025-11-08,9,Completed
13112,39,2025-11-08,8,Cancelled
385,3249,2025-11-08,5,Completed
22887,4470,2025-11-09,2,Cancelled
13765,2648,2025-11-09,12,Cancelled
6114,4294,2025-11-09,8,Completed
5014,1868,2025-11-09,9,Completed
13843,798,2025-11-09,6,Completed
11266,1881,2025-11-09,11,Completed
2812,189,2025-11-09,12,Completed
23634,4877,2025-11-09,3,Completed
1035,684,2025-11-09,1,Completed
6173,3027,2025-11-09,10,Completed
2943,970,2025-11-09,2,Completed
7197,2754,2025-11-09,1,Completed
10584,3949,2025-11-09,4,Completed
4391,2213,2025-11-09,1,Completed
8459,3908,2025-11-09,1,Completed
22429,1795,2025-11-09,7,Completed
13842,184,2025-11-09,3,Cancelled
16722,2879,2025-11-09,1,Completed
17152,2816,2025-11-09,4,Completed
12387,1409,2025-11-09,6,Completed
9472,1746,2025-11-09,3,Completed
8061,1842,2025-11-10,8,Cancelled
16365,892,2025-11-10,1,Completed
6767,100,2025-11-10,8,Completed
16375,2010,2025-11-10,8,Completed
558,2108,2025-11-10,11,Completed
3791,2774,2025-11-10,4,Cancelled
16077,4419,2025-11-10,1,Completed
20701,4073,2025-11-10,5,Completed
24306,684,2025-11-10,1,Completed
21904,1367,2025-11-10,7,Cancelled
6893,2871,2025-11-10,1,Cancelled
11310,2979,2025-11-10,10,Completed
10309,566,2025-11-10,9,Completed
21644,3615,2025-11-10,1,Completed
19698,4177,2025-11-10,1,Completed
21225,2497,2025-11-10,7,Completed
7861,4431,2025-11-10,6,Completed
6725,144,2025-11-10,2,Completed
13744,2285,2025-11-10,5,Completed
24644,1478,2025-11-10,11,Completed
23997,3784,2025-11-11,6,Completed
23211,3878,2025-11-11,2,Completed
19729,2691,2025-11-11,2,Completed
16402,4012,2025-11-11,8,Completed
14249,2874,2025-11-11,8,Cancelled
8416,560,2025-11-11,12,Cancelled
6967,4002,2025-11-11,11,Cancelled
2970,2849,2025-11-11,9,Cancelled
5085,521,2025-11-11,12,Completed
7153,3857,2025-11-11,11,Completed
21550,1130,2025-11-11,2,Cancelled
14989,1324,2025-11-11,5,Cancelled
6713,622,2025-11-11,10,Completed
2293,3566,2025-11-11,4,Completed
16262,2421,2025-11-11,1,Cancelled
14146,2179,2025-11-11,4,Completed
1701,3720,2025-11-11,2,Cancelled
4323,4465,2025-11-11,2,Completed
8621,32,2025-11-11,3,Completed
2116,2218,2025-11-11,7,Completed
1857,1077,2025-11-11,9,Cancelled
21332,2440,2025-11-12,6,Completed
23034,4376,2025-11-12,3,Completed
16133,2024,2025-11-12,12,Completed
22629,2805,2025-11-12,3,Cancelled
4095,357,2025-11-12,5,Completed
7920,4329,2025-11-12,3,Completed
12456,2571,2025-11-12,2,Completed
2981,4621,2025-11-12,3,Completed
19688,1422,2025-11-12,4,Completed
2457,4902,2025-11-12,4,Completed
11753,1136,2025-11-12,5,Completed
2760,3097,2025-11-12,3,Completed
1846,1821,2025-11-12,6,Completed
17488,874,2025-11-12,4,Completed
12203,4053,2025-11-12,5,Completed
12737,4769,2025-11-12,1,Completed
19743,916,2025-11-12,2,Completed
14787,4370,2025-11-12,11,Completed
10932,1093,2025-11-12,10,Completed
7279,2624,2025-11-12,5,Completed
1770,611,2025-11-12,4,Completed
17702,2789,2025-11-12,4,Cancelled
8348,4523,2025-11-12,2,Completed
20352,2955,2025-11-12,9,Completed
20615,4742,2025-11-12,2,Completed
161,4608,2025-11-13,2,Completed
4034,4586,2025-11-13,8,Completed
24780,1793,2025-11-13,1,Completed
16192,138,2025-11-13,3,Completed
77,4539,2025-11-13,7,Completed
12495,3617,2025-11-13,8,Completed
7260,157,2025-11-13,8,Cancelled
23740,3725,2025-11-13,3,Completed
11811,2409,2025-11-13,6,Completed
14585,3021,2025-11-13,2,Completed
18952,3353,2025-11-13,4,Completed
5614,4994,2025-11-13,2,Completed
24375,4746,2025-11-13,12,Completed
9783,3136,2025-11-13,4,Completed
23570,660,2025-11-13,8,Completed
2635,709,2025-11-13,8,Completed
970,2307,2025-11-13,5,Completed
13223,4319,2025-11-13,1,Completed
32,2261,2025-11-14,10,Completed
23920,4057,2025-11-14,11,Completed
16366,1028,2025-11-14,11,Completed
11619,1295,2025-11-14,10,Completed
16562,4407,2025-11-14,2,Completed
3284,1659,2025-11-14,1,Cancelled
12610,1693,2025-11-14,9,Completed
22162,2090,2025-11-14,1,Completed
22163,2711,2025-11-14,4,Completed
9702,339,2025-11-14,12,Completed
7077,282,2025-11-14,7,Cancelled
16496,3306,2025-11-14,11,Completed
21012,2320,2025-11-14,7,Completed
8923,1795,2025-11-14,7,Completed
11861,4344,2025-11-14,1,Completed
10491,38,2025-11-14,5,Completed
7716,706,2025-11-14,12,Completed
10515,3544,2025-11-14,10,Completed
19119,3402,2025-11-14,11,Completed
7289,1092,2025-11-15,6,Cancelled
13723,2119,2025-11-15,7,Completed
19113,3618,2025-11-15,3,Completed
22323,4410,2025-11-15,3,Completed
12381,353,2025-11-15,10,Completed
4938,805,2025-11-15,7,Completed
23794,4583,2025-11-15,12,Completed
20358,2881,2025-11-15,5,Completed
24093,3458,2025-11-15,5,Completed
9483,763,2025-11-15,2,Cancelled
17131,3848,2025-11-15,8,Completed
13930,3676,2025-11-15,11,Cancelled
13531,2525,2025-11-15,2,Cancelled
22809,730,2025-11-15,2,Cancelled
17819,1431,2025-11-15,10,Completed
8948,237,2025-11-15,7,Completed
9692,1633,2025-11-15,12,Completed
5193,2665,2025-11-15,2,Completed
3589,3491,2025-11-15,8,Completed
4724,4214,2025-11-15,11,Completed
14453,3412,2025-11-15,11,Completed
4831,557,2025-11-16,1,Completed
13528,83,2025-11-16,12,Completed
4896,3567,2025-11-16,3,Cancelled
4104,1583,2025-11-16,12,Completed
21057,1101,2025-11-16,8,Completed
24353,3623,2025-11-16,10,Cancelled
2324,2413,2025-11-16,3,Completed
20806,1612,2025-11-16,5,Completed
2470,3362,2025-11-16,3,Completed
4867,1,2025-11-16,2,Completed
6140,2555,2025-11-16,12,Cancelled
20810,2019,2025-11-16,6,Completed
10697,278,2025-11-16,10,Completed
13158,1871,2025-11-16,8,Completed
9564,3181,2025-11-16,1,Completed
16476,4307,2025-11-16,1,Completed
17523,425,2025-11-16,3,Completed
24750,692,2025-11-16,11,Completed
15154,3432,2025-11-16,3,Completed
19513,488,2025-11-16,5,Completed
19999,4626,2025-11-16,3,Completed
23134,1203,2025-11-16,3,Completed
6299,1858,2025-11-16,5,Cancelled
5601,3200,2025-11-17,7,Completed
6706,3581,2025-11-17,9,Completed
14345,4177,2025-11-17,1,Completed
12432,3573,2025-11-17,12,Completed
10350,576,2025-11-17,8,Completed
24103,2941,2025-11-17,10,Completed
13740,4989,2025-11-17,6,Completed
13791,3612,2025-11-17,1,Completed
5827,2972,2025-11-17,12,Cancelled
7715,3082,2025-11-17,10,Completed
23546,3007,2025-11-17,6,Completed
4344,3254,2025-11-17,1,Completed
10001,3551,2025-11-17,2,Completed
6476,1060,2025-11-17,10,Cancelled
6474,1458,2025-11-17,7,Completed
23378,1168,2025-11-17,11,Completed
21024,2207,2025-11-17,2,Completed
3076,438,2025-11-17,10,Completed
17155,2826,2025-11-17,8,Completed
14937,327,2025-11-17,10,Completed
16025,3540,2025-11-17,12,Completed
6276,1244,2025-11-17,2,Completed
4991,2987,2025-11-17,4,Cancelled
6666,1589,2025-11-17,5,Completed
11919,2708,2025-11-18,12,Cancelled
17401,3250,2025-11-18,6,Completed
4526,1855,2025-11-18,3,Completed
7322,467,2025-11-18,12,Cancelled
1335,3220,2025-11-18,3,Completed
23742,4111,2025-11-18,5,Completed
23348,3104,2025-11-18,8,Cancelled
10307,4514,2025-11-18,3,Cancelled
24049,2185,2025-11-18,7,Completed
5526,3976,2025-11-18,4,Completed
2738,2096,2025-11-18,1,Cancelled
20877,3495,2025-11-18,7,Cancelled
18279,687,2025-11-18,3,Completed
21932,1886,2025-11-18,1,Completed
358,8,2025-11-18,3,Cancelled
11594,4514,2025-11-18,3,Completed
23678,2719,2025-11-18,3,Cancelled
14620,220,2025-11-18,6,Completed
7022,1052,2025-11-18,5,Completed
20046,386,2025-11-18,4,Cancelled
11982,2985,2025-11-18,1,Completed
12764,2107,2025-11-19,6,Cancelled
6305,3830,2025-11-19,11,Completed
3583,31,2025-11-19,10,Completed
22858,1484,2025-11-19,1,Completed
13315,3344,2025-11-19,3,Completed
20784,1830,2025-11-19,7,Completed
1662,2363,2025-11-19,9,Completed
14349,4564,2025-11-19,4,Cancelled
1880,863,2025-11-19,10,Completed
9283,788,2025-11-19,9,Completed
20171,1318,2025-11-19,9,Completed
9849,2396,2025-11-19,3,Cancelled
17409,536,2025-11-19,4,Completed
478,4983,2025-11-19,2,Cancelled
20078,653,2025-11-19,9,Completed
12666,4502,2025-11-19,4,Completed
1897,188,2025-11-19,3,Completed
300,872,2025-11-19,3,Completed
3946,714,2025-11-19,3,Completed
24290,3917,2025-11-19,4,Cancelled
18232,1559,2025-11-19,8,Completed
22565,2448,2025-11-19,4,Completed
15825,1752,2025-11-19,5,Completed
7600,3890,2025-11-19,4,Completed
7030,3580,2025-11-19,11,Completed
22252,4969,2025-11-19,6,Cancelled
3315,142,2025-11-19,3,Completed
7672,3153,2025-11-19,12,Completed
18605,2851,2025-11-20,3,Completed
18958,2380,2025-11-20,5,Completed
15656,4726,2025-11-20,3,Completed
3150,3866,2025-11-20,11,Completed
20312,2771,2025-11-20,8,Cancelled
13320,1981,2025-11-20,1,Completed
16984,541,2025-11-20,6,Completed
384,2121,2025-11-20,2,Completed
14243,377,2025-11-20,2,Completed
4218,3191,2025-11-20,1,Completed
12847,16,2025-11-20,11,Cancelled
4266,1514,2025-11-20,7,Completed
23532,3500,2025-11-20,5,Cancelled
10504,3149,2025-11-20,8,Completed
1297,1496,2025-11-20,5,Completed
10226,2041,2025-11-20,10,Completed
2176,2864,2025-11-20,2,Completed
22564,2538,2025-11-20,5,Completed
16325,2893,2025-11-20,2,Completed
5124,2264,2025-11-20,5,Completed
23620,4017,2025-11-20,7,Completed
15544,2768,2025-11-20,11,Completed
8938,2692,2025-11-20,5,Completed
5507,3069,2025-11-20,2,Completed
7682,1929,2025-11-20,7,Completed
13967,4675,2025-11-21,1,Completed
14580,3867,2025-11-21,8,Cancelled
15314,2309,2025-11-21,2,Cancelled
68,633,2025-11-21,1,Completed
22120,2126,2025-11-21,7,Cancelled
3406,3851,2025-11-21,3,Completed
22105,4612,2025-11-21,12,Cancelled
18407,1134,2025-11-21,6,Completed
14369,4152,2025-11-21,8,Completed
4770,2225,2025-11-21,5,Completed
17971,3063,2025-11-21,3,Completed
17590,840,2025-11-21,8,Completed
2504,2682,2025-11-21,3,Completed
11802,84,2025-11-21,12,Cancelled
10927,1137,2025-11-21,10,Cancelled
2747,3434,2025-11-21,11,Cancelled
18153,2480,2025-11-21,2,Completed
7257,1716,2025-11-21,2,Completed
14640,2984,2025-11-21,3,Completed
22755,984,2025-11-21,12,Completed
7034,2131,2025-11-21,7,Cancelled
18823,1902,2025-11-21,9,Completed
1463,2787,2025-11-21,7,Completed
1655,910,2025-11-21,9,Completed
7457,2944,2025-11-21,3,Completed
23734,783,2025-11-21,10,Cancelled
11575,4814,2025-11-21,6,Completed
19761,2847,2025-11-21,12,Completed
19357,364,2025-11-21,11,Completed
21576,4756,2025-11-21,4,Cancelled
5665,1061,2025-11-22,8,Completed
23791,2535,2025-11-22,2,Completed
9372,2752,2025-11-22,3,Completed
6614,727,2025-11-22,7,Cancelled
4592,3668,2025-11-22,5,Completed
7417,2521,2025-11-22,12,Completed
10617,389,2025-11-22,1,Completed
16007,1376,2025-11-22,1,Completed
15202,12,2025-11-22,3,Completed
13567,3678,2025-11-22,10,Cancelled
21165,3089,2025-11-22,12,Completed
3819,4024,2025-11-22,7,Completed
9254,4516,2025-11-22,3,Cancelled
18087,4045,2025-11-22,2,Completed
22191,4526,2025-11-22,7,Completed
19260,3851,2025-11-22,3,Completed
5450,413,2025-11-22,2,Cancelled
8470,396,2025-11-22,2,Cancelled
16529,1200,2025-11-22,8,Completed
24165,3124,2025-11-22,12,Completed
21700,1515,2025-11-22,1,Completed
19074,3586,2025-11-22,8,Completed
9629,3991,2025-11-23,2,Completed
21239,4840,2025-11-23,7,Completed
15357,3285,2025-11-23,8,Completed
10490,4313,2025-11-23,2,Completed
22859,219,2025-11-23,10,Completed
24833,4116,2025-11-23,3,Completed
504,3353,2025-11-23,4,Completed
1500,348,2025-11-23,6,Completed
6163,62,2025-11-23,8,Completed
20509,196,2025-11-23,6,Completed
14182,2450,2025-11-23,1,Completed
9262,4950,2025-11-23,8,Completed
20639,1343,2025-11-23,9,Cancelled
6526,1211,2025-11-23,4,Completed
19156,4014,2025-11-23,11,Completed
2653,2337,2025-11-23,12,Cancelled
22113,4219,2025-11-23,12,Completed
20384,1134,2025-11-23,6,Completed
10009,2039,2025-11-23,2,Completed
12338,1280,2025-11-23,1,Completed
24117,1177,2025-11-23,8,Completed
16244,3031,2025-11-24,3,Cancelled
11582,2331,2025-11-24,11,Completed
1930,1636,2025-11-24,2,Completed
1838,1312,2025-11-24,11,Cancelled
3646,4297,2025-11-24,1,Cancelled
4620,3163,2025-11-24,1,Cancelled
6562,2132,2025-11-24,7,Completed
13890,1320,2025-11-24,10,Cancelled
8436,4945,2025-11-24,8,Cancelled
21181,3279,2025-11-24,1,Cancelled
1355,3957,2025-11-24,7,Completed
6857,2825,2025-11-24,8,Cancelled
5024,3398,2025-11-24,1,Cancelled
8806,2636,2025-11-24,11,Completed
4314,4504,2025-11-24,12,Completed
8458,400,2025-11-24,12,Completed
11394,3776,2025-11-24,11,Completed
13218,3671,2025-11-24,3,Completed
18617,2957,2025-11-24,4,Cancelled
23390,1070,2025-11-24,3,Completed
12107,1601,2025-11-24,7,Completed
16863,701,2025-11-24,4,Cancelled
12948,699,2025-11-24,6,Completed
19077,1791,2025-11-24,7,Completed
15826,1704,2025-11-24,4,Completed
10170,2987,2025-11-24,4,Cancelled
13785,4652,2025-11-24,12,Completed
13610,4730,2025-11-24,3,Completed
4165,2319,2025-11-24,6,Completed
15758,2924,2025-11-24,7,Completed
13230,3616,2025-11-24,6,Completed
15153,3030,2025-11-25,5,Cancelled
20039,3763,2025-11-25,12,Completed
23834,1979,2025-11-25,1,Cancelled
22889,4654,2025-11-25,9,Completed
21436,2175,2025-11-25,7,Completed
11560,3770,2025-11-25,1,Completed
8462,1494,2025-11-25,9,Cancelled
4375,2009,2025-11-25,9,Completed
17721,3526,2025-11-25,2,Completed
18700,3406,2025-11-25,1,Completed
11597,4779,2025-11-25,6,Completed
10974,4847,2025-11-25,2,Completed
5325,787,2025-11-25,4,Completed
20165,2931,2025-11-25,7,Completed
17030,3015,2025-11-25,5,Cancelled
20669,1779,2025-11-25,11,Completed
362,1787,2025-11-25,12,Completed
10406,4352,2025-11-25,1,Completed
9481,2520,2025-11-25,11,Completed
6720,1395,2025-11-25,3,Completed
1504,846,2025-11-25,3,Completed
6095,1664,2025-11-25,3,Completed
23213,2028,2025-11-25,4,Completed
8670,3506,2025-11-25,2,Completed
21615,4722,2025-11-25,4,Completed
21300,1031,2025-11-25,11,Completed
18812,788,2025-11-25,9,Cancelled
24660,4932,2025-11-26,7,Cancelled
17381,4117,2025-11-26,4,Completed
17743,3226,2025-11-26,6,Completed
11226,4280,2025-11-26,6,Completed
3849,3615,2025-11-26,1,Cancelled
21179,1007,2025-11-26,5,Completed
11870,4265,2025-11-26,9,Completed
22414,2324,2025-11-26,8,Completed
4054,4807,2025-11-26,9,Completed
10078,1473,2025-11-26,3,Completed
8051,1199,2025-11-26,12,Completed
14332,4848,2025-11-26,7,Cancelled
3885,1539,2025-11-26,1,Completed
9719,4243,2025-11-26,4,Completed
19811,3087,2025-11-26,7,Completed
2952,2282,2025-11-26,3,Completed
3804,3520,2025-11-26,3,Completed
10720,2975,2025-11-26,1,Completed
8510,76,2025-11-26,12,Completed
19868,4034,2025-11-26,5,Cancelled
6621,1531,2025-11-26,12,Completed
15893,1005,2025-11-26,11,Completed
12206,4253,2025-11-26,9,Cancelled
9258,2317,2025-11-26,10,Completed
5548,1342,2025-11-27,12,Completed
19169,586,2025-11-27,7,Completed
13453,43,2025-11-27,3,Completed
14330,21,2025-11-27,1,Cancelled
8167,4934,2025-11-27,3,Cancelled
3293,4970,2025-11-27,5,Completed
13375,2186,2025-11-27,3,Cancelled
17719,398,2025-11-27,4,Completed
24423,1999,2025-11-27,7,Completed
13633,399,2025-11-27,12,Completed
8062,2152,2025-11-27,12,Completed
5322,1965,2025-11-27,11,Cancelled
240,4279,2025-11-27,12,Completed
5098,2476,2025-11-27,1,Completed
15752,1343,2025-11-27,9,Cancelled
12620,1134,2025-11-27,6,Completed
10040,865,2025-11-27,6,Completed
20391,3061,2025-11-27,1,Completed
18493,7,2025-11-27,1,Completed
42,4371,2025-11-27,9,Completed
12003,2186,2025-11-27,3,Completed
5396,2709,2025-11-27,10,Completed
6456,542,2025-11-27,7,Completed
15291,1262,2025-11-27,1,Completed
9995,3306,2025-11-27,11,Completed
2032,3158,2025-11-28,3,Completed
11716,3747,2025-11-28,10,Completed
13828,1179,2025-11-28,6,Completed
12343,2524,2025-11-28,7,Completed
12897,3335,2025-11-28,5,Cancelled
3706,1266,2025-11-28,9,Completed
16811,2543,2025-11-28,1,Completed
13814,4254,2025-11-28,11,Cancelled
11335,2042,2025-11-28,1,Cancelled
20779,4501,2025-11-28,3,Completed
5308,768,2025-11-28,10,Completed
11126,3848,2025-11-28,8,Completed
6889,701,2025-11-28,4,Cancelled
1969,4544,2025-11-28,9,Completed
19982,210,2025-11-28,12,Completed
23361,4294,2025-11-28,8,Cancelled
17404,3456,2025-11-28,12,Completed
3195,1339,2025-11-28,4,Completed
14364,339,2025-11-28,12,Completed
21155,2102,2025-11-28,11,Cancelled
5629,237,2025-11-28,7,Completed
9060,4849,2025-11-28,10,Completed
5793,1238,2025-11-28,11,Completed
9145,369,2025-11-28,9,Completed
18600,4791,2025-11-28,3,Completed
9916,3317,2025-11-28,5,Completed
18265,169,2025-11-28,1,Completed
4394,751,2025-11-28,7,Cancelled
23119,4797,2025-11-28,5,Completed
116,3077,2025-11-28,6,Cancelled
19063,736,2025-11-28,1,Cancelled
18645,2254,2025-11-28,11,Cancelled
23476,3489,2025-11-29,1,Cancelled
8360,3506,2025-11-29,2,Completed
23413,1189,2025-11-29,1,Cancelled
22313,3792,2025-11-29,7,Completed
16105,712,2025-11-29,3,Completed
7588,1343,2025-11-29,9,Completed
4850,1964,2025-11-29,9,Completed
24185,3465,2025-11-29,2,Completed
22391,3998,2025-11-29,4,Completed
347,3909,2025-11-29,2,Cancelled
968,1149,2025-11-29,11,Cancelled
11555,3656,2025-11-29,12,Completed
3322,1802,2025-11-29,12,Completed
4202,1634,2025-11-29,2,Completed
12187,2645,2025-11-29,3,Cancelled
23628,4244,2025-11-29,1,Completed
15196,4631,2025-11-29,12,Completed
22079,1395,2025-11-29,3,Cancelled
20467,707,2025-11-29,5,Cancelled
21500,2073,2025-11-29,1,Completed
17346,3032,2025-11-30,3,Cancelled
13985,3401,2025-11-30,10,Completed
2308,4481,2025-11-30,11,Cancelled
1084,317,2025-11-30,5,Completed
22797,3900,2025-11-30,1,Completed
24207,1102,2025-11-30,4,Cancelled
2855,1177,2025-11-30,8,Completed
11124,1884,2025-11-30,9,Cancelled
7209,533,2025-11-30,8,Completed
16514,4913,2025-11-30,2,Completed
24129,3178,2025-11-30,11,Completed
23704,3691,2025-11-30,8,Completed
2051,1048,2025-11-30,7,Cancelled
16332,1991,2025-11-30,1,Completed
19301,2056,2025-12-01,6,Completed
16390,47,2025-12-01,3,Cancelled
21710,4403,2025-12-01,8,Completed
23027,3435,2025-12-01,12,Completed
5097,3093,2025-12-01,4,Cancelled
13105,4969,2025-12-01,6,Completed
17368,3994,2025-12-01,7,Completed
6693,650,2025-12-01,12,Completed
16260,2180,2025-12-01,4,Completed
18229,3898,2025-12-01,8,Completed
24393,3507,2025-12-01,11,Completed
23081,2286,2025-12-01,2,Cancelled
8408,2489,2025-12-01,8,Completed
89,2230,2025-12-01,9,Cancelled
23812,21,2025-12-01,1,Completed
2512,4726,2025-12-01,3,Completed
3123,2954,2025-12-01,9,Completed
13268,2520,2025-12-01,11,Completed
11863,4441,2025-12-01,8,Completed
14210,1202,2025-12-01,4,Cancelled
14310,1451,2025-12-01,5,Completed
4001,4184,2025-12-01,5,Completed
19573,3732,2025-12-01,10,Completed
13753,1595,2025-12-01,6,Completed
483,4320,2025-12-01,8,Completed
3916,4362,2025-12-01,5,Completed
4691,4865,2025-12-01,2,Completed
22204,2839,2025-12-01,11,Completed
21562,4228,2025-12-01,12,Completed
15124,2458,2025-12-01,10,Completed
17863,1466,2025-12-01,1,Completed
7720,880,2025-12-02,2,Cancelled
6222,3058,2025-12-02,5,Completed
1102,3727,2025-12-02,9,Completed
20720,4480,2025-12-02,2,Completed
9647,39,2025-12-02,8,Completed
8572,2122,2025-12-02,2,Cancelled
21633,1888,2025-12-02,4,Completed
7245,1998,2025-12-02,9,Completed
20605,2958,2025-12-02,1,Cancelled
4030,1544,2025-12-02,7,Completed
22895,1979,2025-12-02,1,Completed
1807,863,2025-12-02,10,Cancelled
17073,3180,2025-12-02,10,Completed
5571,1927,2025-12-02,1,Completed
23585,891,2025-12-02,2,Completed
3239,2892,2025-12-02,12,Completed
9594,1613,2025-12-02,10,Completed
17706,1443,2025-12-02,9,Completed
16400,1899,2025-12-02,9,Completed
19463,3877,2025-12-03,3,Completed
5850,254,2025-12-03,2,Cancelled
5126,481,2025-12-03,5,Completed
16207,3758,2025-12-03,6,Cancelled
12648,2038,2025-12-03,6,Completed
4460,353,2025-12-03,10,Completed
18454,1288,2025-12-03,10,Cancelled
11702,2714,2025-12-03,12,Completed
4687,1126,2025-12-03,5,Cancelled
24526,4884,2025-12-03,8,Completed
20117,4844,2025-12-03,2,Completed
22716,3621,2025-12-03,1,Completed
15866,74,2025-12-03,6,Completed
5284,1779,2025-12-03,11,Completed
11917,4870,2025-12-03,11,Completed
14895,2646,2025-12-03,11,Completed
19312,206,2025-12-03,6,Completed
15475,1247,2025-12-03,3,Completed
4480,4912,2025-12-03,2,Completed
21410,1756,2025-12-03,10,Completed
18102,2799,2025-12-03,2,Completed
24640,1134,2025-12-03,6,Completed
6303,3434,2025-12-03,11,Cancelled
21628,2883,2025-12-03,6,Completed
10003,3656,2025-12-03,12,Completed
12164,3169,2025-12-03,8,Completed
3343,93,2025-12-03,11,Completed
11017,2996,2025-12-03,11,Cancelled
7055,87,2025-12-03,8,Completed
2347,2747,2025-12-04,4,Completed
11426,1157,2025-12-04,2,Completed
17943,1694,2025-12-04,4,Cancelled
5851,1704,2025-12-04,4,Cancelled
2886,1777,2025-12-04,12,Completed
3374,4371,2025-12-04,9,Cancelled
15601,4159,2025-12-04,3,Completed
9034,4899,2025-12-04,8,Completed
6503,2620,2025-12-04,6,Completed
6731,3625,2025-12-04,4,Cancelled
16907,1937,2025-12-04,5,Completed
7325,3248,2025-12-04,8,Completed
10331,3432,2025-12-04,3,Completed
1299,2219,2025-12-04,2,Completed
556,875,2025-12-04,7,Cancelled
2873,4392,2025-12-04,4,Completed
13860,3578,2025-12-04,5,Completed
18023,2564,2025-12-04,9,Completed
5579,114,2025-12-04,6,Completed
19187,2976,2025-12-04,11,Completed
17762,377,2025-12-05,2,Completed
19412,2715,2025-12-05,7,Completed
20570,1262,2025-12-05,1,Completed
20513,1171,2025-12-05,9,Completed
4744,3934,2025-12-05,7,Completed
17684,3009,2025-12-05,8,Completed
9751,498,2025-12-05,8,Completed
14645,1979,2025-12-05,1,Completed
20937,2836,2025-12-05,1,Cancelled
14971,932,2025-12-05,12,Completed
10521,4950,2025-12-05,8,Cancelled
13849,4828,2025-12-05,4,Completed
15639,1484,2025-12-05,1,Completed
1695,2611,2025-12-05,1,Completed
6645,708,2025-12-05,4,Cancelled
24187,2673,2025-12-05,3,Completed
2405,3247,2025-12-05,8,Completed
23967,2424,2025-12-05,3,Completed
16513,4601,2025-12-05,6,Completed
12805,4990,2025-12-05,7,Completed
1156,184,2025-12-06,3,Completed
15718,3851,2025-12-06,3,Completed
5418,2225,2025-12-06,5,Completed
4115,2424,2025-12-06,3,Completed
19602,3185,2025-12-06,5,Completed
10919,2568,2025-12-06,9,Completed
12785,4631,2025-12-06,12,Completed
776,4880,2025-12-06,1,Completed
1994,211,2025-12-06,3,Completed
21096,3444,2025-12-06,3,Completed
22361,4303,2025-12-06,3,Completed
1018,4875,2025-12-06,5,Completed
5165,1281,2025-12-06,10,Completed
10679,378,2025-12-06,4,Completed
1293,4125,2025-12-06,4,Completed
4304,1855,2025-12-06,3,Completed
5939,1151,2025-12-06,3,Completed
904,3138,2025-12-06,4,Completed
238,4632,2025-12-06,7,Completed
24441,4430,2025-12-06,12,Completed
2853,493,2025-12-06,7,Completed
23745,3185,2025-12-06,5,Completed
11842,3832,2025-12-06,2,Completed
16411,155,2025-12-06,3,Cancelled
7009,1190,2025-12-06,12,Completed
14696,2696,2025-12-06,8,Completed
13919,2200,2025-12-06,1,Completed
9809,2249,2025-12-07,11,Completed
19337,612,2025-12-07,1,Completed
21890,1977,2025-12-07,8,Completed
21843,2014,2025-12-07,4,Cancelled
12506,653,2025-12-07,9,Cancelled
24901,1392,2025-12-07,11,Completed
7230,807,2025-12-07,1,Completed
14496,4098,2025-12-07,8,Completed
12446,3779,2025-12-07,9,Cancelled
12861,3208,2025-12-07,1,Completed
13147,4931,2025-12-07,9,Cancelled
11435,2911,2025-12-07,12,Completed
5335,1659,2025-12-07,1,Cancelled
24025,709,2025-12-07,8,Completed
12236,1957,2025-12-07,10,Completed
15408,4649,2025-12-07,5,Completed
11696,878,2025-12-07,5,Cancelled
14154,1435,2025-12-07,12,Completed
13690,2435,2025-12-07,2,Completed
16237,1952,2025-12-08,7,Cancelled
4714,4407,2025-12-08,2,Cancelled
15462,237,2025-12-08,7,Cancelled
10201,2728,2025-12-08,11,Completed
12157,4879,2025-12-08,1,Completed
2341,420,2025-12-08,4,Completed
4000,4720,2025-12-08,10,Completed
10288,3943,2025-12-08,7,Cancelled
1714,3976,2025-12-08,4,Completed
588,1446,2025-12-08,10,Completed
24003,2131,2025-12-08,7,Completed
8110,549,2025-12-08,2,Completed
12668,3288,2025-12-08,8,Completed
5339,3638,2025-12-08,11,Completed
3824,1351,2025-12-08,4,Completed
7320,3767,2025-12-08,1,Completed
15623,4140,2025-12-08,11,Cancelled
17709,4205,2025-12-08,2,Completed
12978,1305,2025-12-08,9,Completed
1070,2897,2025-12-08,4,Completed
8500,2931,2025-12-08,7,Cancelled
6952,4037,2025-12-09,9,Cancelled
17461,2565,2025-12-09,4,Completed
20332,1281,2025-12-09,10,Cancelled
4885,1638,2025-12-09,12,Completed
1821,3999,2025-12-09,2,Completed
19880,2724,2025-12-09,12,Completed
7043,3069,2025-12-09,2,Completed
1441,3259,2025-12-09,1,Completed
21458,3467,2025-12-09,1,Completed
16953,1243,2025-12-09,8,Completed
8197,3759,2025-12-09,2,Completed
22462,3197,2025-12-09,9,Cancelled
16289,4663,2025-12-09,8,Completed
12144,2456,2025-12-09,5,Cancelled
16275,979,2025-12-09,6,Completed
7824,3710,2025-12-09,2,Completed
18489,2868,2025-12-09,6,Cancelled
18471,3259,2025-12-09,1,Completed
295,3732,2025-12-09,10,Completed
13238,408,2025-12-09,4,Completed
5800,3980,2025-12-09,4,Cancelled
17607,4941,2025-12-09,2,Completed
24391,81,2025-12-09,2,Completed
4764,2669,2025-12-09,6,Completed
12044,424,2025-12-10,6,Completed
8562,3807,2025-12-10,2,Completed
17064,4534,2025-12-10,4,Completed
8233,3939,2025-12-10,6,Completed
5900,3718,2025-12-10,2,Completed
20608,2243,2025-12-10,4,Cancelled
17595,2623,2025-12-10,5,Completed
9682,3873,2025-12-10,2,Completed
24578,4752,2025-12-10,9,Cancelled
24999,3615,2025-12-10,1,Completed
3044,3453,2025-12-10,8,Completed
6035,2261,2025-12-10,10,Cancelled
8537,129,2025-12-10,3,Completed
16442,3851,2025-12-10,3,Completed
24155,4879,2025-12-10,1,Completed
20418,2202,2025-12-10,5,Completed
16693,3343,2025-12-10,10,Cancelled
21797,3406,2025-12-10,1,Completed
24342,798,2025-12-10,6,Completed
111,2211,2025-12-10,1,Completed
7518,4279,2025-12-10,12,Cancelled
16591,2911,2025-12-11,12,Completed
24085,2091,2025-12-11,5,Cancelled
17726,3135,2025-12-11,12,Completed
21011,3161,2025-12-11,7,Completed
18248,3739,2025-12-11,1,Completed
9829,3677,2025-12-11,3,Completed
801,4538,2025-12-11,1,Completed
3704,687,2025-12-11,3,Completed
1206,3142,2025-12-11,5,Cancelled
18636,3862,2025-12-11,9,Completed
10793,10,2025-12-11,10,Completed
16765,948,2025-12-11,2,Cancelled
4250,3588,2025-12-11,11,Completed
10845,2381,2025-12-11,8,Completed
5746,2114,2025-12-11,6,Completed
4506,1732,2025-12-11,3,Completed
8257,46,2025-12-11,6,Completed
17911,1279,2025-12-11,3,Completed
14911,815,2025-12-11,11,Cancelled
15131,3925,2025-12-11,12,Completed
11339,1814,2025-12-11,12,Completed
3747,4683,2025-12-11,3,Completed
9733,248,2025-12-11,10,Completed
2651,2962,2025-12-12,12,Completed
14109,1432,2025-12-12,9,Completed
19865,2102,2025-12-12,11,Completed
20470,1380,2025-12-12,11,Completed
21829,1473,2025-12-12,3,Completed
20873,3689,2025-12-12,12,Completed
15244,1175,2025-12-12,6,Completed
6498,1888,2025-12-12,4,Completed
22538,300,2025-12-12,1,Completed
2089,4279,2025-12-12,12,Completed
10171,1013,2025-12-12,4,Completed
2166,2262,2025-12-12,11,Completed
10603,3943,2025-12-12,7,Completed
10531,1890,2025-12-12,10,Completed
3259,1414,2025-12-12,3,Completed
17667,190,2025-12-12,2,Completed
19029,4470,2025-12-12,2,Completed
17961,422,2025-12-12,12,Cancelled
2381,2548,2025-12-12,1,Completed
15761,4816,2025-12-12,12,Cancelled
1934,3710,2025-12-12,2,Completed
8141,761,2025-12-12,11,Completed
18113,2554,2025-12-12,11,Completed
10577,415,2025-12-12,10,Cancelled
23299,137,2025-12-12,11,Completed
15348,1795,2025-12-12,7,Completed
10489,1107,2025-12-12,1,Completed
20128,2573,2025-12-12,2,Completed
8821,2216,2025-12-13,6,Completed
7930,1024,2025-12-13,2,Completed
20536,147,2025-12-13,1,Completed
6228,489,2025-12-13,4,Cancelled
22808,1419,2025-12-13,10,Cancelled
21014,4263,2025-12-13,5,Completed
8561,3103,2025-12-13,11,Completed
10572,2976,2025-12-13,11,Completed
23260,49,2025-12-13,1,Cancelled
13008,2967,2025-12-13,2,Completed
6678,1084,2025-12-13,7,Completed
7326,1649,2025-12-13,2,Completed
23895,1255,2025-12-13,11,Completed
617,244,2025-12-13,1,Completed
15137,2987,2025-12-13,4,Completed
1014,4138,2025-12-13,1,Completed
19238,588,2025-12-13,1,Completed
8865,345,2025-12-13,7,Completed
6628,1747,2025-12-13,1,Completed
9061,1728,2025-12-13,1,Completed
7597,34,2025-12-13,4,Completed
24501,3750,2025-12-13,6,Completed
3669,4457,2025-12-13,3,Completed
17995,3514,2025-12-13,1,Cancelled
15580,4938,2025-12-14,2,Completed
18826,4563,2025-12-14,8,Completed
24366,1175,2025-12-14,6,Completed
1820,51,2025-12-14,1,Completed
22884,4508,2025-12-14,11,Completed
11186,3291,2025-12-14,2,Completed
2610,2326,2025-12-14,11,Completed
13802,3969,2025-12-14,2,Completed
7152,23,2025-12-14,4,Cancelled
618,4111,2025-12-14,5,Cancelled
11109,2911,2025-12-14,12,Completed
12522,3477,2025-12-14,6,Completed
6863,3781,2025-12-14,10,Completed
10261,4040,2025-12-14,12,Completed
18913,4513,2025-12-14,6,Completed
12223,167,2025-12-14,10,Completed
13415,3581,2025-12-14,9,Completed
7281,2840,2025-12-14,6,Cancelled
16499,1915,2025-12-15,11,Cancelled
24796,325,2025-12-15,1,Completed
17196,2679,2025-12-15,8,Completed
10992,4853,2025-12-15,1,Completed
21508,3120,2025-12-15,12,Completed
14984,2321,2025-12-15,11,Completed
12396,4892,2025-12-15,11,Completed
729,2973,2025-12-15,1,Cancelled
18893,578,2025-12-15,12,Cancelled
24316,2254,2025-12-15,11,Cancelled
14818,77,2025-12-15,8,Completed
21213,321,2025-12-15,9,Cancelled
19106,4835,2025-12-15,7,Completed
2152,1470,2025-12-15,11,Completed
2535,4151,2025-12-15,1,Completed
6295,363,2025-12-15,2,Completed
17701,4085,2025-12-15,4,Completed
13561,661,2025-12-15,5,Completed
1505,2691,2025-12-16,2,Completed
7342,3447,2025-12-16,1,Completed
10734,4790,2025-12-16,7,Completed
22143,2656,2025-12-16,3,Completed
17139,2020,2025-12-16,12,Completed
14712,3245,2025-12-16,7,Cancelled
16995,2236,2025-12-16,3,Completed
4544,3063,2025-12-16,3,Completed
9997,3559,2025-12-16,5,Completed
8499,3988,2025-12-16,5,Cancelled
21938,2262,2025-12-16,11,Completed
22760,531,2025-12-16,1,Cancelled
7625,2456,2025-12-16,5,Completed
7543,339,2025-12-16,12,Completed
23932,3097,2025-12-16,3,Cancelled
23335,1691,2025-12-16,7,Completed
3457,2114,2025-12-16,6,Completed
6955,1694,2025-12-17,4,Completed
1262,4953,2025-12-17,7,Cancelled
19593,1711,2025-12-17,9,Completed
24124,3574,2025-12-17,2,Completed
8449,4464,2025-12-17,1,Cancelled
16318,4456,2025-12-17,9,Completed
14446,2933,2025-12-17,10,Completed
10144,4931,2025-12-17,9,Completed
22800,3739,2025-12-17,1,Completed
14162,2083,2025-12-17,1,Completed
10119,4399,2025-12-17,12,Cancelled
5120,3045,2025-12-17,8,Completed
3603,1621,2025-12-17,4,Completed
12674,4578,2025-12-18,6,Completed
18977,866,2025-12-18,1,Completed
786,2941,2025-12-18,10,Cancelled
9575,3710,2025-12-18,2,Completed
14247,1326,2025-12-18,3,Completed
3801,464,2025-12-18,1,Completed
14737,4616,2025-12-18,6,Completed
5225,440,2025-12-18,3,Completed
11081,4730,2025-12-18,3,Completed
6724,2663,2025-12-18,2,Completed
16744,2411,2025-12-18,6,Completed
398,170,2025-12-18,7,Completed
18221,4727,2025-12-18,1,Completed
22912,3340,2025-12-18,4,Completed
919,1946,2025-12-18,5,Completed
3320,3634,2025-12-18,6,Cancelled
17486,353,2025-12-18,10,Completed
13173,2842,2025-12-18,9,Completed
22222,4849,2025-12-18,10,Cancelled
1691,390,2025-12-18,1,Completed
7112,2597,2025-12-18,7,Completed
9130,4662,2025-12-18,9,Completed
10707,4902,2025-12-18,4,Completed
13160,2341,2025-12-18,7,Completed
23819,2506,2025-12-18,8,Completed
23935,3465,2025-12-18,2,Completed
17694,3512,2025-12-18,10,Cancelled
4371,2910,2025-12-18,9,Completed
13479,898,2025-12-19,10,Completed
12420,2641,2025-12-19,11,Completed
9207,3371,2025-12-19,3,Completed
14700,2158,2025-12-19,1,Completed
3967,1961,2025-12-19,12,Completed
18469,4246,2025-12-19,9,Completed
9772,397,2025-12-19,6,Completed
16017,166,2025-12-19,8,Completed
13387,1359,2025-12-19,4,Cancelled
22075,2891,2025-12-19,9,Completed
24839,3520,2025-12-19,3,Completed
24648,3785,2025-12-19,1,Completed
11418,2995,2025-12-19,8,Completed
862,1381,2025-12-19,3,Completed
17812,1187,2025-12-19,1,Completed
23839,2641,2025-12-19,11,Completed
19465,512,2025-12-19,1,Completed
17873,2155,2025-12-19,9,Completed
23393,1853,2025-12-19,1,Completed
9870,2251,2025-12-19,9,Cancelled
4409,1537,2025-12-19,7,Cancelled
20311,3986,2025-12-19,2,Completed
20731,2611,2025-12-19,1,Cancelled
13663,3664,2025-12-19,8,Completed
10759,3477,2025-12-19,6,Completed
19783,535,2025-12-19,11,Completed
1542,617,2025-12-19,1,Completed
18311,2649,2025-12-20,3,Completed
8691,595,2025-12-20,1,Completed
12383,1573,2025-12-20,4,Completed
13085,4038,2025-12-20,3,Completed
1099,2369,2025-12-20,10,Cancelled
21326,4874,2025-12-20,2,Completed
21383,1000,2025-12-20,11,Completed
4284,1049,2025-12-20,6,Completed
1023,2728,2025-12-20,11,Completed
19208,1603,2025-12-20,2,Completed
10792,4697,2025-12-20,7,Completed
4609,2457,2025-12-20,10,Completed
21192,2847,2025-12-20,12,Completed
7327,4975,2025-12-20,5,Completed
5197,320,2025-12-20,12,Completed
4089,921,2025-12-20,10,Cancelled
12890,2148,2025-12-20,11,Completed
18512,739,2025-12-20,3,Completed
13820,537,2025-12-21,2,Completed
22586,4817,2025-12-21,2,Completed
2599,2055,2025-12-21,1,Completed
18172,2225,2025-12-21,5,Completed
731,3948,2025-12-21,1,Cancelled
21813,3724,2025-12-21,2,Completed
19209,1327,2025-12-21,10,Completed
17906,2606,2025-12-21,11,Completed
13866,1791,2025-12-21,7,Completed
2019,3244,2025-12-21,1,Completed
23121,4130,2025-12-21,10,Completed
14106,3646,2025-12-21,4,Completed
12224,638,2025-12-21,3,Completed
1237,4279,2025-12-21,12,Cancelled
6784,1569,2025-12-21,11,Completed
13864,477,2025-12-21,1,Completed
21504,2173,2025-12-21,1,Completed
15085,3354,2025-12-21,1,Completed
23999,665,2025-12-21,12,Completed
5646,3495,2025-12-21,7,Completed
14004,2965,2025-12-21,12,Completed
6592,100,2025-12-21,8,Completed
11615,617,2025-12-21,1,Cancelled
17437,3007,2025-12-21,6,Completed
19275,2009,2025-12-21,9,Cancelled
19045,2560,2025-12-21,2,Cancelled
14775,2367,2025-12-21,7,Completed
10599,978,2025-12-22,1,Completed
8940,3081,2025-12-22,10,Cancelled
14859,2107,2025-12-22,6,Completed
11712,4842,2025-12-22,3,Completed
22575,4210,2025-12-22,7,Completed
18914,1055,2025-12-22,7,Completed
8801,3862,2025-12-22,9,Completed
15996,1925,2025-12-22,8,Completed
15849,446,2025-12-22,12,Completed
20948,4390,2025-12-22,3,Completed
23025,3223,2025-12-22,3,Completed
299,440,2025-12-22,3,Completed
22309,31,2025-12-22,10,Completed
11948,2894,2025-12-22,2,Cancelled
19041,122,2025-12-22,5,Completed
22902,498,2025-12-22,8,Completed
408,1492,2025-12-22,11,Completed
11886,2979,2025-12-22,10,Completed
21944,4668,2025-12-22,6,Completed
11746,2614,2025-12-22,11,Completed
13433,4491,2025-12-22,6,Completed
23598,2009,2025-12-22,9,Completed
15289,2337,2025-12-22,12,Completed
7666,2956,2025-12-23,7,Cancelled
18621,127,2025-12-23,12,Completed
11718,3635,2025-12-23,12,Completed
2306,518,2025-12-23,12,Completed
6391,2922,2025-12-23,6,Cancelled
24895,138,2025-12-23,3,Completed
24162,987,2025-12-23,7,Completed
2835,1202,2025-12-23,4,Completed
8223,920,2025-12-23,3,Cancelled
3719,2754,2025-12-23,1,Completed
7653,3188,2025-12-23,3,Completed
7063,138,2025-12-23,3,Completed
12384,1447,2025-12-23,3,Completed
8442,827,2025-12-23,10,Completed
19304,3012,2025-12-23,4,Cancelled
3348,3505,2025-12-24,11,Completed
19358,4266,2025-12-24,4,Completed
6701,1269,2025-12-24,4,Completed
6060,1425,2025-12-24,10,Completed
1690,4730,2025-12-24,3,Completed
12653,3615,2025-12-24,1,Completed
12499,2039,2025-12-24,2,Completed
13638,3840,2025-12-24,12,Cancelled
21752,1391,2025-12-24,1,Completed
23285,1927,2025-12-24,1,Completed
15281,4015,2025-12-24,10,Completed
1004,787,2025-12-24,4,Completed
3268,3410,2025-12-24,4,Completed
3181,4310,2025-12-24,4,Completed
1231,3913,2025-12-24,10,Cancelled
14451,316,2025-12-24,12,Completed
7126,3959,2025-12-24,7,Completed
15909,4842,2025-12-24,3,Cancelled
24859,3067,2025-12-24,11,Cancelled
15319,928,2025-12-24,2,Completed
9855,96,2025-12-24,2,Completed
23549,4061,2025-12-24,6,Completed
13042,4713,2025-12-25,5,Cancelled
24421,1610,2025-12-25,1,Completed
18685,674,2025-12-25,7,Cancelled
11960,2814,2025-12-25,7,Completed
11973,4638,2025-12-25,2,Cancelled
23116,85,2025-12-25,3,Completed
795,1693,2025-12-25,9,Completed
8617,2583,2025-12-25,10,Completed
10567,3514,2025-12-25,1,Completed
48,120,2025-12-25,2,Completed
10353,4409,2025-12-25,1,Completed
5030,1100,2025-12-25,1,Cancelled
18451,1300,2025-12-25,6,Completed
5942,4824,2025-12-25,6,Cancelled
4341,4707,2025-12-25,2,Completed
5386,622,2025-12-25,10,Completed
20113,2060,2025-12-25,1,Cancelled
3526,3245,2025-12-25,7,Completed
3918,1304,2025-12-25,9,Completed
14527,17,2025-12-25,2,Completed
24738,950,2025-12-25,6,Cancelled
6881,3923,2025-12-25,3,Completed
7889,189,2025-12-26,12,Completed
747,3410,2025-12-26,4,Completed
1443,4410,2025-12-26,3,Completed
15644,3475,2025-12-26,3,Completed
8681,2179,2025-12-26,4,Cancelled
7947,436,2025-12-26,1,Completed
21156,652,2025-12-26,2,Completed
267,4798,2025-12-26,7,Cancelled
15883,1029,2025-12-26,1,Completed
22705,2059,2025-12-26,10,Completed
24212,3512,2025-12-26,10,Cancelled
16568,2226,2025-12-26,9,Completed
7737,4390,2025-12-26,3,Completed
20130,524,2025-12-26,11,Completed
3079,3153,2025-12-26,12,Completed
4942,2875,2025-12-26,8,Completed
7982,535,2025-12-26,11,Completed
3091,868,2025-12-26,7,Cancelled
3271,2286,2025-12-26,2,Completed
13408,1429,2025-12-26,1,Completed
23826,4739,2025-12-26,3,Completed
21903,3518,2025-12-26,11,Completed
6012,4267,2025-12-26,3,Completed
18256,3812,2025-12-26,4,Completed
2198,2031,2025-12-27,10,Completed
10900,2956,2025-12-27,7,Completed
12735,2590,2025-12-27,4,Completed
12169,3467,2025-12-27,1,Completed
11381,1202,2025-12-27,4,Completed
12084,1047,2025-12-27,4,Completed
16759,2795,2025-12-27,9,Completed
2495,285,2025-12-27,4,Completed
12938,4826,2025-12-27,4,Completed
17506,3518,2025-12-27,11,Completed
370,1957,2025-12-27,10,Completed
2243,553,2025-12-27,12,Cancelled
12935,3927,2025-12-27,10,Completed
23979,2272,2025-12-27,7,Completed
12377,3465,2025-12-27,2,Completed
16164,2046,2025-12-27,3,Completed
24180,2529,2025-12-27,3,Completed
13836,551,2025-12-27,12,Completed
23402,2451,2025-12-27,11,Completed
5062,3484,2025-12-27,7,Completed
17745,2131,2025-12-27,7,Completed
20206,3604,2025-12-27,2,Completed
4102,1433,2025-12-27,11,Completed
21951,1307,2025-12-27,8,Completed
19700,4350,2025-12-27,4,Completed
19523,164,2025-12-27,11,Completed
15436,4981,2025-12-27,4,Completed
21138,2587,2025-12-27,11,Completed
22670,1351,2025-12-27,4,Completed
16909,261,2025-12-27,8,Completed
8739,466,2025-12-27,3,Completed
17048,3417,2025-12-27,4,Cancelled
4847,4628,2025-12-27,6,Completed
12815,951,2025-12-27,12,Completed
13832,2168,2025-12-28,2,Cancelled
10710,3873,2025-12-28,2,Completed
17774,2224,2025-12-28,10,Completed
13471,339,2025-12-28,12,Completed
7254,397,2025-12-28,6,Completed
6853,121,2025-12-28,6,Completed
2248,38,2025-12-28,5,Completed
13104,2671,2025-12-28,12,Completed
15914,3857,2025-12-28,11,Cancelled
511,1086,2025-12-28,1,Completed
15275,2575,2025-12-28,12,Completed
7778,1397,2025-12-28,3,Completed
19466,2141,2025-12-28,2,Completed
17464,1508,2025-12-28,10,Completed
15675,1612,2025-12-28,5,Completed
10411,3322,2025-12-28,5,Completed
14999,877,2025-12-28,1,Completed
13089,3567,2025-12-28,3,Completed
5867,1891,2025-12-28,1,Completed
21292,4126,2025-12-28,9,Completed
24505,4720,2025-12-28,10,Completed
13742,290,2025-12-28,3,Completed
10484,4293,2025-12-28,5,Completed
3361,2662,2025-12-28,2,Completed
5394,3825,2025-12-28,5,Completed
21365,4984,2025-12-28,11,Completed
3825,1146,2025-12-29,4,Completed
872,1408,2025-12-29,11,Completed
15748,2799,2025-12-29,2,Completed
1622,1957,2025-12-29,10,Completed
24822,3146,2025-12-29,3,Completed
11890,2989,2025-12-29,8,Completed
5230,4417,2025-12-29,1,Completed
24869,2203,2025-12-29,10,Completed
22296,2171,2025-12-29,11,Completed
23828,837,2025-12-29,1,Completed
10795,1587,2025-12-29,2,Completed
1608,3053,2025-12-29,12,Completed
23091,3663,2025-12-29,4,Completed
16246,1657,2025-12-29,5,Cancelled
16209,336,2025-12-29,3,Completed
9695,144,2025-12-29,2,Cancelled
719,1948,2025-12-29,6,Completed
13277,650,2025-12-29,12,Completed
18238,2530,2025-12-29,2,Completed
19201,246,2025-12-29,1,Completed
14141,462,2025-12-29,2,Completed
1343,1890,2025-12-29,10,Completed
15559,4618,2025-12-29,2,Completed
1222,2131,2025-12-30,7,Completed
23001,1065,2025-12-30,7,Cancelled
20105,4730,2025-12-30,3,Completed
9119,3066,2025-12-30,8,Completed
20251,433,2025-12-30,5,Completed
7854,808,2025-12-30,2,Completed
20859,2940,2025-12-30,2,Completed
8653,507,2025-12-30,6,Completed
13420,719,2025-12-30,10,Cancelled
19503,2039,2025-12-30,2,Completed
15418,1083,2025-12-30,3,Completed
16319,2319,2025-12-30,6,Cancelled
3905,31,2025-12-30,10,Completed
22377,706,2025-12-30,12,Completed
19681,3065,2025-12-30,10,Cancelled
8412,138,2025-12-30,3,Completed
10283,4875,2025-12-30,5,Completed
11496,4391,2025-12-30,10,Cancelled
8823,2091,2025-12-30,5,Completed
12629,805,2025-12-30,7,Completed
9630,1036,2025-12-30,5,Completed
11106,749,2025-12-31,2,Completed
12906,2256,2025-12-31,1,Completed
16940,400,2025-12-31,12,Completed
20698,3210,2025-12-31,3,Completed
8329,3495,2025-12-31,7,Cancelled
7251,3473,2025-12-31,3,Completed
18507,2408,2025-12-31,10,Completed
17384,2742,2025-12-31,11,Completed
9314,861,2025-12-31,12,Cancelled
9275,317,2025-12-31,5,Completed
24741,796,2025-12-31,7,Completed
22976,2841,2025-12-31,10,Completed
2598,2468,2025-12-31,3,Completed
22421,1194,2025-12-31,3,Completed
9934,2844,2025-12-31,4,Completed
21765,525,2025-12-31,2,Completed
13920,3414,2025-12-31,2,Completed
734,3550,2025-12-31,3,Cancelled
3710,316,2025-12-31,12,Completed
12382,3034,2025-12-31,8,Completed
5010,4676,2025-12-31,11,Cancelled
11092,4346,2025-12-31,12,Completed
20793,1250,2026-01-01,2,Cancelled
22231,3272,2026-01-01,12,Completed
15845,1820,2026-01-01,1,Completed
875,3748,2026-01-01,2,Cancelled
19652,3804,2026-01-01,1,Completed
10432,4938,2026-01-01,2,Completed
11440,2752,2026-01-01,3,Completed
18051,4306,2026-01-01,9,Cancelled
11823,4056,2026-01-01,7,Completed
22578,2836,2026-01-01,1,Completed
15214,46,2026-01-01,6,Completed
15008,33,2026-01-01,3,Cancelled
2178,1838,2026-01-01,12,Completed
17608,772,2026-01-01,3,Completed
8689,2645,2026-01-01,3,Completed
3341,3252,2026-01-01,5,Completed
6203,2570,2026-01-01,11,Completed
12305,252,2026-01-01,8,Completed
21186,3288,2026-01-01,8,Completed
1332,3041,2026-01-01,3,Completed
5286,4167,2026-01-01,3,Completed
16069,1673,2026-01-01,2,Completed
15911,1210,2026-01-01,9,Completed
8127,3862,2026-01-01,9,Completed
7190,3734,2026-01-01,11,Completed
12958,4240,2026-01-01,7,Completed
8269,3388,2026-01-01,10,Completed
14078,2107,2026-01-01,6,Completed
24454,654,2026-01-02,10,Completed
22891,1036,2026-01-02,5,Completed
8750,4950,2026-01-02,8,Completed
9285,3483,2026-01-02,3,Completed
20340,912,2026-01-02,1,Cancelled
6452,953,2026-01-02,3,Completed
12307,4642,2026-01-02,11,Cancelled
3546,2196,2026-01-02,5,Completed
3631,4626,2026-01-02,3,Completed
24577,4265,2026-01-02,9,Completed
7177,3041,2026-01-02,3,Completed
21171,4136,2026-01-02,10,Completed
24988,3193,2026-01-02,2,Completed
17507,4034,2026-01-02,5,Completed
663,4800,2026-01-02,11,Completed
11972,45,2026-01-02,2,Completed
17695,455,2026-01-02,12,Completed
3712,2933,2026-01-02,10,Completed
11743,4828,2026-01-02,4,Cancelled
12612,497,2026-01-02,8,Completed
12022,2508,2026-01-02,3,Cancelled
3170,4473,2026-01-02,3,Completed
9978,1832,2026-01-03,1,Completed
21468,3398,2026-01-03,1,Cancelled
7199,4855,2026-01-03,4,Cancelled
18053,3512,2026-01-03,10,Completed
12651,1473,2026-01-03,3,Completed
24139,4875,2026-01-03,5,Completed
3574,877,2026-01-03,1,Completed
10654,1463,2026-01-03,5,Completed
2220,4034,2026-01-03,5,Completed
20451,1372,2026-01-03,10,Completed
11208,4722,2026-01-03,4,Completed
2440,2883,2026-01-03,6,Cancelled
23905,2321,2026-01-03,11,Cancelled
7685,3957,2026-01-03,7,Completed
2201,4212,2026-01-03,10,Completed
4137,4366,2026-01-03,1,Completed
20672,2079,2026-01-03,1,Completed
23607,4223,2026-01-03,4,Completed
7412,860,2026-01-03,6,Cancelled
22921,2799,2026-01-04,2,Completed
18059,2954,2026-01-04,9,Completed
16174,1517,2026-01-04,1,Completed
13969,748,2026-01-04,1,Completed
20160,4586,2026-01-04,8,Cancelled
3684,3201,2026-01-04,11,Completed
13978,365,2026-01-04,10,Completed
6936,2825,2026-01-04,8,Completed
4582,3990,2026-01-04,1,Completed
10604,4177,2026-01-04,1,Cancelled
14776,607,2026-01-04,5,Completed
16440,3236,2026-01-04,9,Completed
7997,1860,2026-01-04,10,Completed
13331,573,2026-01-04,2,Completed
19818,3082,2026-01-04,10,Completed
21961,2009,2026-01-04,9,Completed
11402,144,2026-01-04,2,Completed
524,3315,2026-01-04,1,Completed
12843,2102,2026-01-04,11,Cancelled
18201,3524,2026-01-05,4,Completed
24560,831,2026-01-05,1,Completed
10160,3424,2026-01-05,3,Cancelled
19580,3896,2026-01-05,8,Completed
20216,2630,2026-01-05,1,Completed
19794,1838,2026-01-05,12,Cancelled
18224,2,2026-01-05,11,Completed
8095,2019,2026-01-05,6,Completed
16329,147,2026-01-05,1,Completed
18789,3098,2026-01-05,6,Completed
8942,1847,2026-01-05,3,Completed
13585,2394,2026-01-05,5,Completed
122,2911,2026-01-05,12,Cancelled
9487,3256,2026-01-05,1,Cancelled
10306,4118,2026-01-05,3,Completed
24460,4859,2026-01-05,3,Completed
11700,822,2026-01-05,12,Completed
742,4592,2026-01-05,9,Completed
2106,3184,2026-01-05,4,Cancelled
19120,556,2026-01-05,3,Completed
15692,4608,2026-01-05,2,Completed
7196,2781,2026-01-05,10,Cancelled
6041,2802,2026-01-05,5,Cancelled
12758,233,2026-01-05,4,Completed
9433,3085,2026-01-05,2,Completed
18365,2031,2026-01-05,10,Completed
4651,4974,2026-01-05,9,Completed
24950,3727,2026-01-05,9,Completed
9055,4833,2026-01-06,11,Completed
3108,761,2026-01-06,11,Completed
5506,2975,2026-01-06,1,Completed
4834,889,2026-01-06,8,Completed
23316,3672,2026-01-06,4,Completed
13015,2710,2026-01-06,2,Completed
11641,2605,2026-01-06,3,Completed
19418,1858,2026-01-06,5,Completed
4894,768,2026-01-06,10,Completed
13512,808,2026-01-06,2,Completed
6388,1785,2026-01-06,12,Cancelled
5348,940,2026-01-06,10,Cancelled
21875,59,2026-01-06,6,Cancelled
20071,456,2026-01-06,5,Completed
2320,127,2026-01-06,12,Cancelled
7897,2725,2026-01-06,3,Completed
4716,2320,2026-01-07,7,Completed
11467,4880,2026-01-07,1,Completed
2165,934,2026-01-07,7,Completed
7874,927,2026-01-07,3,Completed
11777,2010,2026-01-07,8,Completed
18061,30,2026-01-07,12,Completed
18710,4178,2026-01-07,6,Completed
22875,2107,2026-01-07,6,Completed
3498,969,2026-01-07,2,Completed
4698,1619,2026-01-07,4,Cancelled
23138,2732,2026-01-07,9,Completed
3591,2423,2026-01-07,12,Completed
4829,4824,2026-01-07,6,Completed
895,490,2026-01-07,10,Completed
10358,4560,2026-01-07,11,Cancelled
14463,4026,2026-01-07,2,Completed
24113,3291,2026-01-07,2,Completed
17905,4046,2026-01-07,12,Completed
4806,4764,2026-01-07,6,Completed
20573,4545,2026-01-07,9,Completed
14196,769,2026-01-07,4,Completed
11197,3697,2026-01-08,9,Completed
3469,4848,2026-01-08,7,Completed
6355,4440,2026-01-08,8,Completed
16727,1479,2026-01-08,9,Completed
20138,1275,2026-01-08,5,Cancelled
8614,4048,2026-01-08,12,Completed
24583,3398,2026-01-08,1,Completed
13963,1246,2026-01-08,10,Completed
24020,758,2026-01-08,3,Cancelled
5170,3458,2026-01-08,5,Completed
2455,3437,2026-01-08,3,Completed
16864,3723,2026-01-08,1,Completed
24653,12,2026-01-08,3,Cancelled
23140,2009,2026-01-08,9,Completed
20190,1438,2026-01-08,11,Completed
20107,2356,2026-01-08,4,Completed
15707,4288,2026-01-08,12,Completed
17696,3022,2026-01-08,6,Completed
11096,1712,2026-01-08,2,Completed
10803,1663,2026-01-08,4,Completed
6995,1051,2026-01-08,4,Completed
18652,1793,2026-01-08,1,Completed
5587,1756,2026-01-08,10,Completed
621,4366,2026-01-08,1,Completed
7146,4310,2026-01-08,4,Completed
14706,2009,2026-01-08,9,Completed
19658,2031,2026-01-08,10,Completed
9031,2476,2026-01-08,1,Cancelled
126,170,2026-01-09,7,Completed
2657,527,2026-01-09,1,Cancelled
3217,4002,2026-01-09,11,Completed
7534,1486,2026-01-09,10,Completed
9085,4166,2026-01-09,2,Completed
16173,1928,2026-01-09,5,Completed
3793,1226,2026-01-09,11,Completed
24097,151,2026-01-09,4,Completed
11023,1539,2026-01-09,1,Cancelled
6282,2030,2026-01-09,12,Completed
13933,4618,2026-01-09,2,Completed
18436,4552,2026-01-09,12,Completed
2617,1839,2026-01-09,10,Cancelled
2340,2338,2026-01-09,6,Cancelled
21973,2420,2026-01-09,4,Completed
12551,4595,2026-01-09,12,Cancelled
164,1662,2026-01-09,6,Completed
18973,743,2026-01-10,9,Completed
8448,3158,2026-01-10,3,Cancelled
21783,1409,2026-01-10,6,Cancelled
16509,3574,2026-01-10,2,Completed
15529,3295,2026-01-10,12,Completed
12132,3893,2026-01-10,11,Completed
444,1031,2026-01-10,11,Completed
10332,578,2026-01-10,12,Cancelled
13047,1744,2026-01-10,3,Cancelled
15959,2933,2026-01-10,10,Completed
17988,1987,2026-01-10,7,Completed
15242,3697,2026-01-10,9,Completed
13507,1466,2026-01-10,1,Completed
19545,4673,2026-01-10,11,Completed
22116,3559,2026-01-10,5,Completed
7585,3615,2026-01-10,1,Completed
2717,640,2026-01-10,4,Completed
10396,4884,2026-01-10,8,Completed
21893,1007,2026-01-10,5,Cancelled
13210,4012,2026-01-10,8,Completed
9206,388,2026-01-10,1,Cancelled
3358,3322,2026-01-10,5,Completed
19261,1567,2026-01-10,4,Cancelled
10014,1746,2026-01-10,3,Completed
8509,34,2026-01-10,4,Cancelled
24194,2235,2026-01-10,3,Completed
6540,1202,2026-01-10,4,Completed
2779,1225,2026-01-10,5,Completed
24943,1444,2026-01-11,6,Completed
17957,2460,2026-01-11,12,Completed
5072,2117,2026-01-11,4,Completed
15672,557,2026-01-11,1,Completed
8222,2416,2026-01-11,6,Completed
6848,2296,2026-01-11,11,Completed
17518,869,2026-01-11,2,Cancelled
19314,3608,2026-01-11,12,Cancelled
21914,2317,2026-01-11,10,Completed
11810,4212,2026-01-11,10,Completed
2741,3029,2026-01-11,6,Completed
17661,3508,2026-01-11,2,Completed
7998,3248,2026-01-11,8,Completed
22911,1309,2026-01-11,5,Completed
5086,4405,2026-01-11,1,Completed
13937,2656,2026-01-11,3,Completed
1347,1109,2026-01-11,11,Completed
14155,362,2026-01-11,4,Completed
3314,2258,2026-01-11,12,Completed
22763,1469,2026-01-11,11,Completed
4667,1507,2026-01-11,2,Completed
125,3757,2026-01-11,10,Completed
5039,152,2026-01-11,10,Cancelled
19981,4621,2026-01-11,3,Completed
23790,1219,2026-01-11,2,Completed
9721,3828,2026-01-11,9,Completed
18319,3291,2026-01-11,2,Completed
6210,2882,2026-01-11,3,Completed
8335,564,2026-01-11,6,Completed
16677,76,2026-01-11,12,Completed
2397,3551,2026-01-11,2,Completed
22359,1466,2026-01-12,1,Completed
4776,2404,2026-01-12,2,Completed
627,3761,2026-01-12,12,Completed
3046,1950,2026-01-12,12,Completed
19901,687,2026-01-12,3,Completed
20328,3757,2026-01-12,10,Completed
2718,2503,2026-01-12,9,Completed
13298,612,2026-01-12,1,Cancelled
12989,4944,2026-01-12,6,Completed
17919,4765,2026-01-12,9,Cancelled
5760,4520,2026-01-12,10,Cancelled
3399,3459,2026-01-12,1,Completed
20818,2571,2026-01-12,2,Completed
1673,4157,2026-01-12,1,Completed
22448,1335,2026-01-12,1,Completed
6399,2711,2026-01-12,4,Completed
4185,2152,2026-01-12,12,Completed
20771,732,2026-01-12,2,Completed
14511,3693,2026-01-12,8,Cancelled
4291,252,2026-01-12,8,Cancelled
7833,4481,2026-01-12,11,Completed
3094,2703,2026-01-12,9,Completed
12293,4756,2026-01-12,4,Completed
16860,397,2026-01-13,6,Completed
21850,4657,2026-01-13,5,Completed
2105,1926,2026-01-13,7,Cancelled
16082,4240,2026-01-13,7,Completed
2842,4630,2026-01-13,7,Cancelled
3114,1219,2026-01-13,2,Completed
8337,4678,2026-01-13,5,Completed
18688,403,2026-01-13,7,Completed
19359,4891,2026-01-13,8,Completed
22738,695,2026-01-13,6,Completed
2836,576,2026-01-13,8,Cancelled
4381,1925,2026-01-13,8,Completed
23712,170,2026-01-13,7,Completed
19192,3273,2026-01-13,4,Completed
20943,3779,2026-01-13,9,Completed
15083,2387,2026-01-13,4,Completed
1982,1354,2026-01-13,5,Completed
9752,1238,2026-01-13,11,Completed
13078,3142,2026-01-13,5,Completed
24854,3277,2026-01-13,4,Completed
9131,2475,2026-01-14,7,Completed
11834,809,2026-01-14,11,Completed
12239,916,2026-01-14,2,Cancelled
11290,4244,2026-01-14,1,Completed
17388,4002,2026-01-14,11,Completed
19736,1408,2026-01-14,11,Completed
24095,1309,2026-01-14,5,Completed
5880,873,2026-01-14,10,Completed
2330,3773,2026-01-14,10,Completed
19307,1527,2026-01-14,3,Completed
16667,4978,2026-01-14,2,Completed
17297,3281,2026-01-14,12,Completed
8186,3976,2026-01-14,4,Completed
8328,324,2026-01-14,12,Completed
18131,966,2026-01-14,1,Completed
6442,4443,2026-01-14,3,Completed
3864,2952,2026-01-14,10,Completed
14117,1171,2026-01-14,9,Completed
10198,1714,2026-01-14,4,Completed
2957,3825,2026-01-14,5,Completed
12274,1168,2026-01-15,11,Completed
9324,1233,2026-01-15,4,Completed
1958,4022,2026-01-15,1,Cancelled
6518,4808,2026-01-15,2,Completed
24419,3495,2026-01-15,7,Completed
21719,3900,2026-01-15,1,Completed
11772,4537,2026-01-15,3,Completed
3541,2145,2026-01-15,3,Completed
14372,4538,2026-01-15,1,Completed
20867,1027,2026-01-15,6,Completed
18370,1972,2026-01-15,2,Completed
18590,1910,2026-01-15,2,Completed
15594,1603,2026-01-15,2,Completed
22080,3410,2026-01-15,4,Cancelled
16506,2401,2026-01-15,6,Cancelled
12476,3568,2026-01-15,3,Completed
9309,4071,2026-01-15,7,Completed
21481,179,2026-01-16,12,Cancelled
24144,3927,2026-01-16,10,Completed
17295,1961,2026-01-16,12,Completed
23627,1205,2026-01-16,7,Cancelled
9388,1204,2026-01-16,8,Cancelled
21838,2523,2026-01-16,3,Cancelled
20057,710,2026-01-16,10,Completed
23131,3497,2026-01-16,6,Cancelled
2093,65,2026-01-16,3,Completed
15882,1034,2026-01-16,2,Completed
18136,3642,2026-01-16,4,Completed
5532,2692,2026-01-16,5,Completed
9391,199,2026-01-16,2,Cancelled
1642,1274,2026-01-16,3,Completed
22640,4950,2026-01-16,8,Completed
13692,4062,2026-01-16,4,Completed
5181,3880,2026-01-16,7,Completed
20753,1272,2026-01-16,3,Completed
10006,2752,2026-01-16,3,Completed
10907,4485,2026-01-16,9,Completed
22263,3506,2026-01-16,2,Completed
13693,1398,2026-01-16,4,Completed
7503,2887,2026-01-16,4,Completed
17749,1215,2026-01-16,11,Completed
17565,4616,2026-01-16,6,Completed
21795,3643,2026-01-17,6,Completed
17101,3676,2026-01-17,11,Completed
9349,3513,2026-01-17,5,Completed
5184,4266,2026-01-17,4,Cancelled
19490,3656,2026-01-17,12,Cancelled
18601,1862,2026-01-17,9,Completed
20956,4732,2026-01-17,9,Cancelled
18042,3831,2026-01-17,1,Completed
11493,2711,2026-01-17,4,Cancelled
8498,1527,2026-01-17,3,Completed
8555,2903,2026-01-17,7,Completed
12303,2687,2026-01-17,8,Completed
19928,1364,2026-01-17,5,Completed
11229,3775,2026-01-17,3,Completed
339,4582,2026-01-17,3,Cancelled
22886,2757,2026-01-17,2,Completed
2465,1445,2026-01-17,9,Completed
784,4135,2026-01-17,10,Cancelled
16580,361,2026-01-17,9,Completed
13903,4524,2026-01-17,4,Completed
15038,2937,2026-01-17,7,Completed
23330,354,2026-01-17,9,Completed
22785,3615,2026-01-17,1,Completed
1830,2260,2026-01-17,11,Completed
20240,1076,2026-01-17,3,Completed
3850,138,2026-01-17,3,Completed
15087,4176,2026-01-17,2,Completed
9417,1200,2026-01-18,8,Completed
7456,4793,2026-01-18,1,Cancelled
11316,1520,2026-01-18,3,Cancelled
10033,3976,2026-01-18,4,Cancelled
6102,2933,2026-01-18,10,Completed
457,3518,2026-01-18,11,Completed
13781,2973,2026-01-18,1,Completed
21836,4678,2026-01-18,5,Completed
12081,3321,2026-01-18,7,Completed
24045,4781,2026-01-18,7,Completed
6278,4538,2026-01-18,1,Completed
21623,2310,2026-01-18,11,Completed
16350,2277,2026-01-18,1,Completed
18518,1925,2026-01-18,8,Completed
21527,1954,2026-01-18,2,Completed
10862,3969,2026-01-18,2,Cancelled
4331,2031,2026-01-18,10,Cancelled
17277,4664,2026-01-18,7,Completed
17839,2543,2026-01-18,1,Completed
21204,2039,2026-01-18,2,Completed
1686,232,2026-01-18,3,Completed
21418,2822,2026-01-18,6,Completed
16701,3986,2026-01-18,2,Cancelled
18784,2226,2026-01-18,9,Completed
14821,16,2026-01-19,11,Completed
5973,4835,2026-01-19,7,Completed
6426,4333,2026-01-19,12,Completed
10768,4752,2026-01-19,9,Completed
14273,1851,2026-01-19,2,Completed
9232,3126,2026-01-19,4,Completed
7119,416,2026-01-19,8,Cancelled
13120,1619,2026-01-19,4,Cancelled
11213,1409,2026-01-19,6,Cancelled
292,4907,2026-01-19,10,Completed
4440,624,2026-01-19,7,Completed
12786,75,2026-01-19,7,Completed
13282,436,2026-01-19,1,Completed
23880,1826,2026-01-19,3,Completed
8183,1900,2026-01-19,12,Completed
31,1125,2026-01-19,3,Completed
8944,3847,2026-01-19,9,Cancelled
6836,3854,2026-01-19,5,Completed
15764,3940,2026-01-19,8,Cancelled
17382,1726,2026-01-19,10,Completed
9179,3796,2026-01-19,11,Completed
18322,529,2026-01-19,3,Completed
2892,4564,2026-01-19,4,Completed
8321,2748,2026-01-19,8,Completed
9703,1473,2026-01-19,3,Cancelled
2155,2926,2026-01-19,7,Completed
496,3996,2026-01-19,2,Completed
12097,4371,2026-01-19,9,Completed
7631,3868,2026-01-19,3,Completed
14860,2411,2026-01-19,6,Completed
21712,1883,2026-01-20,6,Completed
13606,1013,2026-01-20,4,Cancelled
20253,4297,2026-01-20,1,Completed
9859,2445,2026-01-20,8,Completed
5200,3605,2026-01-20,1,Cancelled
9861,2916,2026-01-20,1,Cancelled
14215,3624,2026-01-20,12,Completed
17477,3446,2026-01-20,10,Completed
21693,2551,2026-01-20,11,Cancelled
21052,1620,2026-01-20,4,Completed
14573,3754,2026-01-20,9,Cancelled
24598,3880,2026-01-20,7,Completed
17262,4516,2026-01-20,3,Completed
18470,3294,2026-01-20,8,Completed
24465,31,2026-01-20,10,Completed
15816,3056,2026-01-20,1,Completed
10618,3109,2026-01-20,7,Cancelled
2906,702,2026-01-21,12,Cancelled
18835,2977,2026-01-21,12,Completed
19421,1367,2026-01-21,7,Completed
21423,2457,2026-01-21,10,Completed
18048,4626,2026-01-21,3,Completed
4693,4627,2026-01-21,6,Completed
1848,2729,2026-01-21,1,Completed
15766,2817,2026-01-21,6,Completed
11819,4000,2026-01-21,10,Completed
11393,4866,2026-01-21,8,Completed
24111,4717,2026-01-21,3,Completed
23433,3600,2026-01-21,2,Completed
10879,1808,2026-01-21,7,Completed
10539,295,2026-01-21,2,Completed
20238,4848,2026-01-21,7,Completed
8934,4985,2026-01-21,9,Completed
18703,295,2026-01-21,2,Completed
8928,2488,2026-01-22,7,Completed
22903,3950,2026-01-22,6,Cancelled
18760,1958,2026-01-22,12,Completed
24064,3508,2026-01-22,2,Cancelled
8344,835,2026-01-22,8,Completed
11228,3857,2026-01-22,11,Completed
2413,754,2026-01-22,9,Completed
24976,1728,2026-01-22,1,Completed
1271,4283,2026-01-22,5,Completed
10605,241,2026-01-22,9,Completed
13434,3467,2026-01-22,1,Cancelled
24989,1671,2026-01-22,2,Cancelled
19265,413,2026-01-22,2,Completed
13825,888,2026-01-22,7,Completed
18886,222,2026-01-22,3,Completed
20583,2697,2026-01-22,2,Completed
15111,1179,2026-01-22,6,Cancelled
1123,3559,2026-01-22,5,Completed
22136,1861,2026-01-22,3,Cancelled
3265,4882,2026-01-22,11,Completed
6732,1147,2026-01-22,5,Cancelled
18969,2412,2026-01-22,1,Completed
10969,1492,2026-01-22,11,Completed
15136,2122,2026-01-22,2,Completed
13953,1832,2026-01-22,1,Completed
13138,2006,2026-01-23,9,Completed
9991,1411,2026-01-23,5,Completed
20537,4263,2026-01-23,5,Completed
20829,642,2026-01-23,4,Completed
15652,3589,2026-01-23,12,Completed
8633,1342,2026-01-23,12,Cancelled
22616,3727,2026-01-23,9,Completed
20785,4083,2026-01-23,1,Completed
12636,1979,2026-01-23,1,Completed
5969,2648,2026-01-23,12,Completed
7814,2282,2026-01-23,3,Completed
20112,837,2026-01-23,1,Completed
22728,3430,2026-01-23,5,Cancelled
20324,3980,2026-01-23,4,Cancelled
10686,2944,2026-01-23,3,Completed
15339,1281,2026-01-23,10,Completed
24231,578,2026-01-23,12,Completed
9294,1844,2026-01-23,3,Completed
20023,472,2026-01-23,11,Completed
5156,8,2026-01-23,3,Completed
21266,3153,2026-01-23,12,Completed
17197,2172,2026-01-23,1,Completed
3459,140,2026-01-23,7,Completed
16168,3056,2026-01-23,1,Completed
7402,4622,2026-01-23,8,Completed
14392,4402,2026-01-23,3,Completed
876,3201,2026-01-23,11,Completed
13279,2785,2026-01-23,3,Completed
1445,3407,2026-01-23,11,Completed
16638,3055,2026-01-23,4,Completed
10135,4808,2026-01-24,2,Completed
8600,3635,2026-01-24,12,Completed
11773,809,2026-01-24,11,Completed
21639,1805,2026-01-24,2,Completed
3017,4191,2026-01-24,5,Completed
18915,3269,2026-01-24,7,Completed
16641,4494,2026-01-24,1,Cancelled
15723,4651,2026-01-24,9,Completed
2774,335,2026-01-24,6,Cancelled
9501,2598,2026-01-24,3,Cancelled
17130,229,2026-01-24,6,Completed
11151,4110,2026-01-24,11,Completed
15182,2727,2026-01-24,8,Completed
20144,1299,2026-01-24,4,Cancelled
17334,435,2026-01-24,1,Completed
2462,2632,2026-01-24,1,Completed
19478,12,2026-01-24,3,Completed
12647,3149,2026-01-24,8,Completed
1993,3611,2026-01-25,3,Completed
6357,242,2026-01-25,7,Completed
21756,994,2026-01-25,7,Completed
8336,59,2026-01-25,6,Completed
633,2781,2026-01-25,10,Completed
6636,1398,2026-01-25,4,Cancelled
9041,3145,2026-01-25,11,Completed
13566,882,2026-01-25,1,Cancelled
10446,1336,2026-01-25,2,Cancelled
1609,400,2026-01-25,12,Cancelled
16108,1400,2026-01-25,7,Completed
14781,3751,2026-01-25,10,Completed
22642,1202,2026-01-25,4,Cancelled
2147,3854,2026-01-25,5,Completed
2399,4798,2026-01-25,7,Completed
7531,4158,2026-01-25,7,Cancelled
5380,3398,2026-01-25,1,Completed
11232,1970,2026-01-25,9,Cancelled
1300,3727,2026-01-25,9,Cancelled
645,2416,2026-01-25,6,Completed
10483,948,2026-01-25,2,Cancelled
8660,2401,2026-01-25,6,Completed
10896,3636,2026-01-25,2,Completed
16664,1801,2026-01-26,7,Cancelled
6777,4257,2026-01-26,2,Completed
18795,2437,2026-01-26,3,Completed
1130,3522,2026-01-26,6,Completed
18428,429,2026-01-26,8,Completed
14366,3857,2026-01-26,11,Cancelled
24453,506,2026-01-26,5,Completed
11693,3964,2026-01-26,6,Completed
2476,3269,2026-01-26,7,Completed
9214,1949,2026-01-26,5,Cancelled
2816,167,2026-01-26,10,Completed
4583,1704,2026-01-26,4,Completed
20101,1156,2026-01-26,8,Completed
17452,4898,2026-01-26,10,Completed
16523,33,2026-01-26,3,Completed
17964,3322,2026-01-26,5,Completed
23534,3337,2026-01-26,2,Completed
14250,3757,2026-01-26,10,Cancelled
16089,3851,2026-01-26,3,Completed
12421,3649,2026-01-26,7,Completed
24058,1746,2026-01-26,3,Completed
12749,884,2026-01-26,4,Completed
13968,224,2026-01-26,3,Completed
18740,3440,2026-01-26,1,Cancelled
8735,149,2026-01-26,9,Cancelled
20614,1929,2026-01-26,7,Completed
7298,1247,2026-01-26,3,Completed
11206,3433,2026-01-26,11,Completed
20717,2972,2026-01-26,12,Completed
5705,607,2026-01-26,5,Completed
14905,2984,2026-01-27,3,Cancelled
5328,2313,2026-01-27,1,Completed
17482,334,2026-01-27,4,Cancelled
21892,4291,2026-01-27,1,Completed
4485,3147,2026-01-27,12,Completed
611,2210,2026-01-27,11,Cancelled
4259,3884,2026-01-27,1,Completed
10581,1962,2026-01-27,2,Completed
2858,3534,2026-01-27,10,Completed
21004,2220,2026-01-27,10,Completed
5365,2225,2026-01-27,5,Completed
5736,230,2026-01-27,11,Completed
12902,1774,2026-01-27,5,Completed
15591,295,2026-01-27,2,Completed
8749,3684,2026-01-27,9,Cancelled
11859,4783,2026-01-27,3,Completed
20185,2059,2026-01-27,10,Completed
1258,92,2026-01-27,12,Completed
6042,3023,2026-01-27,8,Completed
13741,238,2026-01-27,10,Completed
8986,4817,2026-01-28,2,Completed
23186,1489,2026-01-28,3,Completed
1604,2881,2026-01-28,5,Completed
15116,3245,2026-01-28,7,Completed
6971,3394,2026-01-28,12,Completed
18410,2749,2026-01-28,11,Completed
17233,1822,2026-01-28,6,Completed
19079,1117,2026-01-28,7,Completed
15799,1228,2026-01-28,11,Completed
4817,2848,2026-01-28,3,Completed
8883,2248,2026-01-28,5,Completed
11906,52,2026-01-28,3,Completed
11225,1986,2026-01-28,2,Completed
11923,103,2026-01-28,2,Completed
20636,4604,2026-01-28,1,Completed
10823,4303,2026-01-28,3,Completed
12162,2489,2026-01-28,8,Cancelled
9621,4817,2026-01-28,2,Cancelled
21987,2059,2026-01-28,10,Completed
23878,2297,2026-01-28,11,Completed
11525,4682,2026-01-28,3,Completed
2319,2401,2026-01-28,6,Completed
8630,3007,2026-01-28,6,Completed
9891,1257,2026-01-28,3,Completed
19807,4839,2026-01-28,7,Completed
5269,2168,2026-01-28,2,Completed
4057,662,2026-01-28,3,Completed
12793,3934,2026-01-28,7,Completed
6237,4197,2026-01-29,8,Cancelled
18393,4061,2026-01-29,6,Completed
9944,1619,2026-01-29,4,Completed
14833,2705,2026-01-29,10,Completed
24970,2496,2026-01-29,2,Completed
12788,1304,2026-01-29,9,Cancelled
18085,4263,2026-01-29,5,Completed
24756,1487,2026-01-29,6,Completed
13001,3242,2026-01-29,6,Completed
1428,3642,2026-01-29,4,Completed
1339,1144,2026-01-29,2,Completed
17634,2126,2026-01-29,7,Completed
5538,514,2026-01-29,3,Cancelled
3919,860,2026-01-29,6,Completed
8841,1058,2026-01-29,9,Completed
22342,2030,2026-01-29,12,Cancelled
17122,4276,2026-01-29,7,Completed
22835,4111,2026-01-29,5,Completed
13225,3676,2026-01-29,11,Completed
23430,3753,2026-01-29,5,Completed
5782,1562,2026-01-29,6,Completed
20955,1398,2026-01-30,4,Completed
21317,1322,2026-01-30,12,Completed
13322,4945,2026-01-30,8,Cancelled
24105,2002,2026-01-30,6,Completed
8082,2874,2026-01-30,8,Completed
13068,1669,2026-01-30,11,Completed
18308,1229,2026-01-30,10,Cancelled
21209,214,2026-01-30,9,Cancelled
13054,136,2026-01-30,6,Completed
24091,3433,2026-01-30,11,Cancelled
14180,4836,2026-01-30,1,Completed
4230,3396,2026-01-30,3,Cancelled
12526,794,2026-01-30,4,Cancelled
19536,1311,2026-01-30,8,Completed
11978,4593,2026-01-30,2,Completed
4573,1998,2026-01-30,9,Cancelled
20616,3851,2026-01-30,3,Completed
10082,2952,2026-01-30,10,Completed
22015,3025,2026-01-30,4,Completed
1835,2281,2026-01-30,2,Cancelled
1767,2401,2026-01-30,6,Completed
10551,81,2026-01-31,2,Cancelled
16555,2842,2026-01-31,9,Completed
21912,2198,2026-01-31,4,Completed
19093,3999,2026-01-31,2,Completed
1631,945,2026-01-31,8,Completed
14549,1381,2026-01-31,3,Completed
17337,1619,2026-01-31,4,Completed
21834,4212,2026-01-31,10,Completed
3775,1670,2026-01-31,9,Completed
4736,3600,2026-01-31,2,Completed
17300,2588,2026-01-31,4,Completed
1327,711,2026-01-31,5,Completed
12723,410,2026-01-31,1,Completed
21097,3824,2026-01-31,2,Completed
8102,4746,2026-01-31,12,Cancelled
10548,2354,2026-01-31,7,Completed
10740,867,2026-01-31,8,Completed
15809,17,2026-01-31,2,Completed
11884,2820,2026-01-31,10,Completed
20152,2284,2026-01-31,5,Cancelled
7746,3599,2026-01-31,7,Completed
4075,1589,2026-01-31,5,Cancelled
17167,2555,2026-01-31,12,Completed
1741,827,2026-01-31,10,Completed
21876,2306,2026-01-31,11,Completed
17386,4543,2026-01-31,3,Completed
7084,3727,2026-01-31,9,Completed
22556,4791,2026-01-31,3,Completed
19293,1926,2026-01-31,7,Completed
8857,1711,2026-01-31,9,Completed
19639,714,2026-01-31,3,Completed
20424,609,2026-02-01,3,Completed
1805,4546,2026-02-01,1,Completed
20998,1411,2026-02-01,5,Cancelled
8363,1265,2026-02-01,2,Completed
21572,104,2026-02-01,9,Cancelled
6166,4238,2026-02-01,3,Completed
437,3515,2026-02-01,12,Cancelled
19108,654,2026-02-01,10,Completed
15354,3908,2026-02-01,1,Completed
23896,644,2026-02-01,8,Completed
6525,1675,2026-02-01,8,Completed
10032,2782,2026-02-01,12,Cancelled
24308,840,2026-02-01,8,Completed
7679,2851,2026-02-01,3,Cancelled
942,4704,2026-02-01,7,Completed
2357,284,2026-02-01,9,Completed
1314,2518,2026-02-01,1,Completed
9346,4827,2026-02-01,2,Completed
4403,3115,2026-02-01,8,Completed
24996,1104,2026-02-01,4,Completed
24477,3620,2026-02-01,7,Completed
12645,3503,2026-02-02,11,Completed
7648,3043,2026-02-02,11,Completed
13572,1713,2026-02-02,8,Cancelled
9261,4476,2026-02-02,11,Completed
15689,3107,2026-02-02,3,Completed
22596,1656,2026-02-02,6,Completed
12477,335,2026-02-02,6,Completed
3773,1495,2026-02-02,1,Completed
7360,2247,2026-02-02,8,Completed
6121,3648,2026-02-02,11,Completed
15119,3986,2026-02-02,2,Completed
17052,504,2026-02-02,2,Completed
22444,3383,2026-02-02,8,Completed
23936,16,2026-02-02,11,Completed
9107,2827,2026-02-02,4,Completed
5295,4380,2026-02-02,1,Cancelled
9151,4912,2026-02-02,2,Completed
15171,1263,2026-02-03,12,Completed
20696,3563,2026-02-03,6,Completed
7898,2131,2026-02-03,7,Completed
18763,2092,2026-02-03,9,Completed
19596,4260,2026-02-03,7,Completed
9821,2996,2026-02-03,11,Completed
1467,805,2026-02-03,7,Completed
23182,3918,2026-02-03,5,Completed
2104,2457,2026-02-03,10,Completed
21259,2034,2026-02-03,1,Completed
905,3015,2026-02-03,5,Completed
23514,29,2026-02-03,2,Completed
16124,2492,2026-02-03,5,Completed
14624,2066,2026-02-03,9,Completed
16656,3865,2026-02-03,6,Completed
9779,2200,2026-02-03,1,Cancelled
5183,154,2026-02-03,8,Completed
21723,142,2026-02-03,3,Cancelled
4624,2392,2026-02-03,1,Completed
8198,3590,2026-02-03,1,Completed
4031,1393,2026-02-03,1,Cancelled
7334,2641,2026-02-03,11,Completed
3206,4519,2026-02-03,8,Completed
18571,3314,2026-02-04,6,Completed
12691,3435,2026-02-04,12,Completed
2197,3142,2026-02-04,5,Cancelled
18106,2363,2026-02-04,9,Completed
4316,1207,2026-02-04,6,Completed
15521,1849,2026-02-04,2,Completed
23474,2627,2026-02-04,7,Completed
22598,2009,2026-02-04,9,Completed
17263,4060,2026-02-04,6,Completed
11626,779,2026-02-04,3,Completed
23046,148,2026-02-04,1,Completed
24664,1317,2026-02-04,10,Completed
6438,3893,2026-02-04,11,Completed
4615,3092,2026-02-04,5,Completed
8297,4768,2026-02-04,9,Completed
7870,3108,2026-02-04,12,Completed
7480,4294,2026-02-04,8,Completed
8078,2555,2026-02-04,12,Cancelled
18764,3673,2026-02-04,7,Completed
17341,887,2026-02-04,5,Completed
12537,2590,2026-02-04,4,Completed
17160,1723,2026-02-04,8,Cancelled
13901,2796,2026-02-04,1,Completed
18730,4474,2026-02-04,4,Completed
8303,3082,2026-02-04,10,Completed
2698,3766,2026-02-04,5,Cancelled
345,1515,2026-02-04,1,Cancelled
14145,1389,2026-02-04,2,Completed
1726,4810,2026-02-04,2,Completed
21705,3945,2026-02-04,6,Completed
12289,303,2026-02-05,5,Completed
21670,3980,2026-02-05,4,Completed
22571,2180,2026-02-05,4,Completed
24835,2908,2026-02-05,2,Cancelled
21721,1746,2026-02-05,3,Completed
6324,1252,2026-02-05,3,Cancelled
14606,3202,2026-02-05,10,Cancelled
16752,1451,2026-02-05,5,Cancelled
23676,1620,2026-02-05,4,Completed
976,2541,2026-02-05,1,Completed
1672,969,2026-02-05,2,Completed
17091,1961,2026-02-05,12,Completed
11699,922,2026-02-05,7,Completed
4634,4615,2026-02-05,2,Completed
21381,2440,2026-02-05,6,Completed
16367,4481,2026-02-05,11,Completed
8618,3504,2026-02-05,3,Completed
19717,1568,2026-02-05,7,Completed
18949,3952,2026-02-05,10,Completed
18262,690,2026-02-05,3,Completed
24398,3796,2026-02-05,11,Completed
7719,3474,2026-02-05,2,Completed
22013,1490,2026-02-05,3,Completed
9009,807,2026-02-05,1,Completed
6873,2322,2026-02-06,1,Completed
16942,1092,2026-02-06,6,Completed
22375,2996,2026-02-06,11,Completed
3002,4748,2026-02-06,7,Completed
15979,1283,2026-02-06,12,Completed
13562,3695,2026-02-06,2,Completed
190,3347,2026-02-06,5,Completed
16109,1886,2026-02-06,1,Completed
9972,2051,2026-02-06,1,Completed
12684,4707,2026-02-06,2,Cancelled
19300,4205,2026-02-06,2,Completed
11354,2121,2026-02-06,2,Completed
23723,2021,2026-02-06,10,Completed
5886,3024,2026-02-06,6,Completed
8059,4243,2026-02-06,4,Completed
3415,2035,2026-02-06,5,Completed
12474,3353,2026-02-06,4,Completed
8447,3805,2026-02-06,1,Completed
16628,2323,2026-02-06,3,Cancelled
702,2243,2026-02-06,4,Completed
21858,2758,2026-02-06,7,Completed
16230,2933,2026-02-06,10,Cancelled
13452,325,2026-02-06,1,Cancelled
1823,1397,2026-02-06,3,Completed
188,2996,2026-02-06,11,Cancelled
6982,4570,2026-02-06,1,Cancelled
9977,4610,2026-02-07,1,Completed
1867,4832,2026-02-07,11,Cancelled
13658,3571,2026-02-07,5,Cancelled
9518,1943,2026-02-07,10,Completed
6875,1409,2026-02-07,6,Completed
23977,77,2026-02-07,8,Completed
817,4344,2026-02-07,1,Completed
26,1690,2026-02-07,1,Cancelled
2049,1757,2026-02-07,8,Completed
17230,2263,2026-02-07,4,Completed
16648,3443,2026-02-07,10,Completed
10154,3616,2026-02-07,6,Completed
14605,608,2026-02-07,5,Cancelled
18947,3486,2026-02-07,9,Cancelled
18753,1114,2026-02-07,6,Completed
8966,2032,2026-02-07,3,Cancelled
23825,1147,2026-02-07,5,Cancelled
20743,1933,2026-02-07,3,Completed
10020,4779,2026-02-07,6,Completed
2055,3578,2026-02-07,5,Completed
10355,2683,2026-02-07,2,Completed
1333,3331,2026-02-07,12,Cancelled
6169,2980,2026-02-07,7,Completed
10785,1385,2026-02-08,8,Completed
24143,2794,2026-02-08,2,Completed
3164,4167,2026-02-08,3,Completed
3759,481,2026-02-08,5,Cancelled
22686,3739,2026-02-08,1,Completed
12045,2057,2026-02-08,7,Completed
24339,1380,2026-02-08,11,Completed
3335,2858,2026-02-08,8,Completed
6437,2159,2026-02-08,1,Cancelled
3741,3154,2026-02-08,7,Completed
17515,2955,2026-02-08,9,Completed
740,1507,2026-02-08,2,Completed
18054,1215,2026-02-08,11,Completed
6704,551,2026-02-08,12,Completed
6930,3839,2026-02-08,6,Completed
7117,866,2026-02-08,1,Completed
19522,23,2026-02-08,4,Cancelled
1817,1776,2026-02-08,1,Completed
22806,2452,2026-02-08,3,Completed
18145,4730,2026-02-08,3,Completed
16099,2363,2026-02-08,9,Completed
20303,1706,2026-02-08,3,Cancelled
24912,345,2026-02-08,7,Cancelled
8259,1298,2026-02-08,8,Completed
3313,529,2026-02-08,3,Cancelled
18612,3813,2026-02-08,11,Completed
20397,539,2026-02-08,3,Completed
21684,4723,2026-02-08,3,Completed
13317,3753,2026-02-08,5,Completed
9632,3940,2026-02-08,8,Completed
21575,3609,2026-02-08,9,Completed
19409,1304,2026-02-08,9,Completed
11822,1949,2026-02-08,5,Completed
12142,2976,2026-02-09,11,Completed
22073,2334,2026-02-09,11,Completed
20,4661,2026-02-09,1,Completed
7540,1724,2026-02-09,7,Completed
11429,3870,2026-02-09,6,Completed
6689,957,2026-02-09,2,Completed
12840,716,2026-02-09,9,Cancelled
12516,2722,2026-02-09,6,Cancelled
4702,3649,2026-02-09,7,Completed
11021,3286,2026-02-09,4,Completed
24867,4935,2026-02-09,1,Completed
2236,4463,2026-02-09,12,Completed
11060,4025,2026-02-09,6,Cancelled
22511,476,2026-02-09,10,Cancelled
20091,228,2026-02-09,3,Cancelled
12852,4810,2026-02-09,2,Completed
4042,611,2026-02-09,4,Completed
6091,4192,2026-02-09,3,Cancelled
6092,4698,2026-02-09,3,Completed
3837,2684,2026-02-10,4,Completed
22474,533,2026-02-10,8,Completed
18049,685,2026-02-10,2,Completed
24606,425,2026-02-10,3,Completed
11909,2775,2026-02-10,2,Cancelled
15941,3949,2026-02-10,4,Completed
16426,1946,2026-02-10,5,Completed
9667,3423,2026-02-10,2,Completed
15821,399,2026-02-10,12,Completed
12904,4964,2026-02-10,10,Cancelled
17754,4410,2026-02-10,3,Completed
1249,47,2026-02-10,3,Completed
23000,1102,2026-02-10,4,Completed
23955,4898,2026-02-10,10,Completed
15017,1264,2026-02-10,10,Completed
10079,3066,2026-02-10,8,Completed
7959,4304,2026-02-10,7,Completed
6618,1649,2026-02-10,2,Completed
12582,3504,2026-02-10,3,Completed
4163,4134,2026-02-10,1,Completed
13602,2246,2026-02-10,9,Completed
22542,330,2026-02-10,3,Completed
10704,4500,2026-02-10,8,Cancelled
3475,3305,2026-02-10,5,Completed
19779,2369,2026-02-10,10,Completed
8235,4763,2026-02-10,3,Cancelled
697,1046,2026-02-10,12,Cancelled
12825,393,2026-02-10,12,Completed
21435,4634,2026-02-10,7,Completed
16625,2019,2026-02-10,6,Completed
9921,449,2026-02-10,5,Completed
18917,1077,2026-02-10,9,Completed
6774,382,2026-02-10,11,Completed
4232,37,2026-02-10,6,Completed
4418,2378,2026-02-11,9,Completed
8424,4780,2026-02-11,4,Cancelled
5972,3278,2026-02-11,2,Completed
5999,3112,2026-02-11,2,Completed
21320,3141,2026-02-11,1,Completed
5619,4380,2026-02-11,1,Completed
5680,3709,2026-02-11,11,Completed
2778,541,2026-02-11,6,Completed
13732,2744,2026-02-11,2,Completed
2979,1376,2026-02-11,1,Completed
22125,872,2026-02-11,3,Completed
15739,559,2026-02-11,3,Completed
18793,4465,2026-02-11,2,Completed
20373,3223,2026-02-11,3,Completed
24283,1957,2026-02-11,10,Cancelled
14315,1839,2026-02-11,10,Completed
10513,2850,2026-02-11,6,Completed
3465,2704,2026-02-11,1,Completed
18124,4072,2026-02-11,6,Completed
4101,4466,2026-02-11,7,Completed
4221,4125,2026-02-12,4,Cancelled
16721,1534,2026-02-12,4,Completed
22963,3870,2026-02-12,6,Cancelled
1466,1359,2026-02-12,4,Completed
17480,1326,2026-02-12,3,Completed
20929,683,2026-02-12,7,Completed
23411,3147,2026-02-12,12,Completed
16651,1839,2026-02-12,10,Completed
10733,4849,2026-02-12,10,Completed
5224,3026,2026-02-12,1,Completed
22269,4552,2026-02-12,12,Completed
5143,2835,2026-02-12,12,Completed
14485,3160,2026-02-12,8,Completed
16346,3360,2026-02-12,9,Completed
23342,1999,2026-02-12,7,Cancelled
16746,1681,2026-02-12,11,Completed
22492,3467,2026-02-12,1,Completed
1353,1615,2026-02-12,5,Completed
18762,397,2026-02-12,6,Completed
12258,2436,2026-02-12,1,Cancelled
1529,3699,2026-02-12,5,Completed
9534,2847,2026-02-12,12,Cancelled
15457,4516,2026-02-12,3,Completed
20552,2987,2026-02-12,4,Completed
8731,182,2026-02-12,9,Completed
22021,3313,2026-02-12,3,Completed
12589,4425,2026-02-13,2,Cancelled
332,974,2026-02-13,3,Cancelled
9525,4697,2026-02-13,7,Cancelled
12487,4996,2026-02-13,8,Completed
12257,3927,2026-02-13,10,Completed
15223,1635,2026-02-13,5,Completed
7887,3857,2026-02-13,11,Completed
9468,3032,2026-02-13,3,Completed
1056,861,2026-02-13,12,Cancelled
19310,3216,2026-02-13,4,Cancelled
14076,1922,2026-02-13,3,Completed
20124,1185,2026-02-13,4,Completed
10839,4852,2026-02-13,11,Completed
14187,4197,2026-02-13,8,Completed
7989,1758,2026-02-13,11,Completed
19171,2717,2026-02-13,12,Completed
13037,432,2026-02-13,4,Completed
15383,834,2026-02-13,11,Cancelled
2843,1478,2026-02-13,11,Completed
8042,3909,2026-02-14,2,Completed
6002,3021,2026-02-14,2,Completed
2887,1325,2026-02-14,1,Completed
4217,1635,2026-02-14,5,Completed
343,3848,2026-02-14,8,Completed
1006,4561,2026-02-14,2,Completed
21159,13,2026-02-14,12,Completed
22562,1081,2026-02-14,1,Completed
14263,4583,2026-02-14,12,Completed
11297,754,2026-02-14,9,Completed
2374,4327,2026-02-14,3,Completed
22282,1287,2026-02-14,5,Completed
10245,4773,2026-02-14,10,Completed
23055,3038,2026-02-14,4,Completed
9311,2379,2026-02-14,1,Completed
1889,307,2026-02-14,4,Completed
1514,709,2026-02-14,8,Completed
8637,1304,2026-02-14,9,Completed
886,167,2026-02-14,10,Completed
4741,910,2026-02-14,9,Completed
6748,3697,2026-02-14,9,Completed
24861,4280,2026-02-15,6,Completed
5821,4904,2026-02-15,12,Completed
23810,476,2026-02-15,10,Completed
22666,3089,2026-02-15,12,Cancelled
4726,285,2026-02-15,4,Completed
3828,2575,2026-02-15,12,Completed
11550,3187,2026-02-15,7,Cancelled
15247,3276,2026-02-15,8,Cancelled
20925,909,2026-02-15,1,Completed
24658,4598,2026-02-15,12,Completed
8047,2095,2026-02-15,4,Cancelled
5248,871,2026-02-15,5,Completed
3730,2687,2026-02-15,8,Completed
15657,23,2026-02-15,4,Completed
12859,4596,2026-02-15,1,Completed
15812,3757,2026-02-15,10,Cancelled
14541,3838,2026-02-15,1,Completed
19678,617,2026-02-15,1,Completed
3064,1713,2026-02-15,8,Completed
21999,947,2026-02-15,12,Completed
24823,778,2026-02-15,6,Completed
22740,748,2026-02-15,1,Completed
23311,3600,2026-02-15,2,Cancelled
8207,3890,2026-02-16,4,Completed
16212,898,2026-02-16,10,Completed
8700,2275,2026-02-16,11,Completed
19601,751,2026-02-16,7,Completed
7924,2261,2026-02-16,10,Completed
21228,4157,2026-02-16,1,Completed
21735,1349,2026-02-16,6,Cancelled
15524,4618,2026-02-16,2,Cancelled
6343,3826,2026-02-16,2,Cancelled
7370,120,2026-02-16,2,Completed
22531,660,2026-02-16,8,Completed
8728,2035,2026-02-16,5,Completed
7308,4599,2026-02-16,1,Completed
6993,2543,2026-02-16,1,Completed
12997,3359,2026-02-16,11,Completed
18194,1704,2026-02-16,4,Completed
5285,3736,2026-02-16,3,Completed
22675,2076,2026-02-16,1,Cancelled
17108,2796,2026-02-16,1,Completed
17105,3483,2026-02-16,3,Cancelled
7123,64,2026-02-16,9,Completed
8781,2126,2026-02-16,7,Cancelled
832,3274,2026-02-16,9,Completed
13288,2535,2026-02-16,2,Completed
14916,4857,2026-02-16,12,Completed
21919,4964,2026-02-16,10,Cancelled
13392,2524,2026-02-16,7,Completed
16054,4310,2026-02-16,4,Cancelled
5158,144,2026-02-16,2,Completed
22308,719,2026-02-16,10,Cancelled
4683,1975,2026-02-16,6,Completed
7918,588,2026-02-17,1,Cancelled
9981,4991,2026-02-17,8,Cancelled
2787,4310,2026-02-17,4,Completed
16463,2530,2026-02-17,2,Completed
8121,2664,2026-02-17,7,Completed
7129,3147,2026-02-17,12,Cancelled
9734,3719,2026-02-17,10,Completed
13984,3867,2026-02-17,8,Completed
9789,4535,2026-02-17,8,Completed
10150,2681,2026-02-17,11,Completed
5092,17,2026-02-17,2,Cancelled
10207,1543,2026-02-17,11,Completed
22861,4054,2026-02-17,6,Completed
13010,4041,2026-02-17,12,Completed
3137,78,2026-02-17,1,Completed
11798,3387,2026-02-17,6,Completed
14079,780,2026-02-17,2,Completed
22550,195,2026-02-17,7,Completed
19158,4705,2026-02-17,3,Completed
5110,432,2026-02-17,4,Completed
3016,2527,2026-02-17,2,Completed
3324,2674,2026-02-17,12,Completed
23234,3345,2026-02-17,1,Completed
20426,3782,2026-02-17,3,Completed
15032,74,2026-02-17,6,Completed
23673,2817,2026-02-18,6,Completed
19662,4644,2026-02-18,7,Cancelled
19991,4484,2026-02-18,11,Completed
21878,1536,2026-02-18,6,Completed
3006,490,2026-02-18,10,Completed
19000,3770,2026-02-18,1,Completed
14419,1113,2026-02-18,4,Completed
9767,4456,2026-02-18,9,Completed
24495,2058,2026-02-18,7,Completed
9312,4849,2026-02-18,10,Completed
2833,208,2026-02-18,5,Completed
23453,1029,2026-02-18,1,Cancelled
23387,2938,2026-02-18,11,Completed
20624,3453,2026-02-18,8,Completed
11470,1182,2026-02-18,4,Completed
11832,2347,2026-02-18,11,Completed
17582,2977,2026-02-18,12,Completed
8208,179,2026-02-18,12,Cancelled
17680,3430,2026-02-18,5,Completed
18780,2835,2026-02-18,12,Completed
13220,1754,2026-02-18,1,Completed
23615,2008,2026-02-19,2,Completed
24311,1203,2026-02-19,3,Completed
1371,2258,2026-02-19,12,Completed
8409,2444,2026-02-19,1,Cancelled
8050,3071,2026-02-19,8,Completed
16309,1285,2026-02-19,7,Cancelled
2,2285,2026-02-19,5,Cancelled
8737,2484,2026-02-19,3,Completed
17794,3514,2026-02-19,1,Completed
14662,4259,2026-02-19,1,Completed
13556,3543,2026-02-19,2,Completed
5247,3111,2026-02-19,9,Completed
1928,4162,2026-02-19,8,Completed
2139,662,2026-02-19,3,Completed
21417,2351,2026-02-19,7,Completed
7609,3274,2026-02-19,9,Completed
15057,1883,2026-02-19,6,Completed
13211,2980,2026-02-19,7,Completed
19479,1280,2026-02-19,1,Completed
11647,4212,2026-02-19,10,Completed
15835,339,2026-02-19,12,Cancelled
6416,3980,2026-02-19,4,Completed
11392,1355,2026-02-20,7,Completed
4973,1164,2026-02-20,8,Completed
1209,1679,2026-02-20,9,Completed
23806,1247,2026-02-20,3,Completed
1597,3701,2026-02-20,2,Completed
8619,1986,2026-02-20,2,Completed
18639,3580,2026-02-20,11,Completed
2631,20,2026-02-20,11,Cancelled
626,1261,2026-02-20,4,Completed
21916,3739,2026-02-20,1,Cancelled
21761,4176,2026-02-20,2,Completed
213,1088,2026-02-20,8,Completed
23956,2059,2026-02-20,10,Completed
5279,4798,2026-02-20,7,Completed
1533,1923,2026-02-20,10,Completed
23616,3669,2026-02-20,12,Completed
2543,3521,2026-02-20,3,Completed
3430,3158,2026-02-20,3,Completed
19159,2498,2026-02-20,8,Completed
11552,364,2026-02-20,11,Completed
6248,4907,2026-02-20,10,Completed
18128,2851,2026-02-20,3,Completed
9757,4253,2026-02-21,9,Completed
24476,4212,2026-02-21,10,Cancelled
6751,4395,2026-02-21,10,Cancelled
20178,535,2026-02-21,11,Completed
11094,78,2026-02-21,1,Completed
7578,4730,2026-02-21,3,Completed
6964,1021,2026-02-21,11,Completed
17455,1808,2026-02-21,7,Completed
19984,4168,2026-02-21,4,Completed
16729,81,2026-02-21,2,Completed
21397,3765,2026-02-21,4,Completed
9958,3925,2026-02-21,12,Completed
17712,2954,2026-02-21,9,Completed
13776,2079,2026-02-21,1,Completed
13784,1891,2026-02-21,1,Completed
18151,367,2026-02-21,8,Cancelled
21816,2940,2026-02-21,2,Completed
17556,2338,2026-02-21,6,Cancelled
11407,4126,2026-02-21,9,Completed
5997,1979,2026-02-21,1,Completed
171,526,2026-02-21,9,Cancelled
9304,710,2026-02-21,10,Completed
21197,3030,2026-02-21,5,Completed
640,2724,2026-02-21,12,Completed
12808,1683,2026-02-22,7,Completed
13596,2450,2026-02-22,1,Completed
8425,3179,2026-02-22,12,Completed
12736,3275,2026-02-22,5,Completed
984,500,2026-02-22,7,Cancelled
10769,1983,2026-02-22,4,Completed
9543,832,2026-02-22,6,Completed
989,4621,2026-02-22,3,Completed
22933,531,2026-02-22,1,Completed
15227,2080,2026-02-22,7,Completed
3711,4176,2026-02-22,2,Completed
5106,2979,2026-02-22,10,Completed
4580,559,2026-02-22,3,Cancelled
3567,4580,2026-02-22,11,Completed
22982,1314,2026-02-22,11,Completed
22656,440,2026-02-22,3,Completed
15487,3527,2026-02-22,8,Completed
19512,3595,2026-02-22,3,Cancelled
15709,2079,2026-02-22,1,Completed
21682,556,2026-02-22,3,Completed
993,3082,2026-02-22,10,Completed
22534,3459,2026-02-23,1,Completed
9940,3873,2026-02-23,2,Completed
6018,2213,2026-02-23,1,Completed
2524,747,2026-02-23,9,Completed
17993,283,2026-02-23,5,Completed
10121,1789,2026-02-23,7,Completed
21425,3053,2026-02-23,12,Completed
14817,4741,2026-02-23,6,Completed
9926,121,2026-02-23,6,Cancelled
851,3582,2026-02-23,6,Cancelled
831,2785,2026-02-23,3,Completed
19578,3488,2026-02-23,2,Completed
5265,2575,2026-02-23,12,Completed
22213,4615,2026-02-23,2,Cancelled
4396,3577,2026-02-23,8,Completed
8981,1474,2026-02-23,12,Completed
6168,2829,2026-02-23,8,Completed
15157,481,2026-02-23,5,Completed
11034,4149,2026-02-23,12,Completed
12558,928,2026-02-23,2,Completed
13724,4738,2026-02-23,12,Completed
20710,4877,2026-02-24,3,Completed
8248,3158,2026-02-24,3,Completed
24344,1927,2026-02-24,1,Completed
16229,4512,2026-02-24,8,Completed
5696,4329,2026-02-24,3,Completed
6549,1038,2026-02-24,3,Cancelled
16680,1838,2026-02-24,12,Completed
15642,182,2026-02-24,9,Completed
10929,1299,2026-02-24,4,Completed
24804,2010,2026-02-24,8,Completed
6603,4739,2026-02-24,3,Completed
2946,3374,2026-02-24,4,Completed
13893,1104,2026-02-24,4,Completed
8533,404,2026-02-24,6,Completed
6080,2885,2026-02-24,6,Completed
23251,3982,2026-02-24,3,Cancelled
13207,1865,2026-02-24,5,Completed
16828,718,2026-02-24,4,Completed
13859,4167,2026-02-24,3,Completed
13294,2209,2026-02-24,1,Completed
14625,2350,2026-02-24,7,Cancelled
8030,402,2026-02-24,7,Completed
659,506,2026-02-24,5,Completed
17173,843,2026-02-24,2,Completed
13343,2324,2026-02-24,8,Completed
18037,4195,2026-02-24,1,Completed
14269,3387,2026-02-25,6,Completed
3962,1073,2026-02-25,4,Completed
14595,4228,2026-02-25,12,Cancelled
18166,2066,2026-02-25,9,Completed
12261,2923,2026-02-25,10,Completed
539,1737,2026-02-25,7,Completed
6624,1072,2026-02-25,1,Completed
13376,7,2026-02-25,1,Cancelled
2713,4246,2026-02-25,9,Cancelled
1915,1825,2026-02-25,1,Completed
17378,1813,2026-02-25,12,Completed
14791,1965,2026-02-25,11,Cancelled
8770,1577,2026-02-25,8,Completed
4815,1900,2026-02-25,12,Completed
17481,2785,2026-02-25,3,Completed
24574,2162,2026-02-25,6,Completed
1920,353,2026-02-25,10,Completed
17841,2853,2026-02-25,1,Completed
16018,2059,2026-02-25,10,Completed
21019,165,2026-02-25,5,Completed
22369,152,2026-02-25,10,Completed
10080,527,2026-02-25,1,Completed
19058,1971,2026-02-25,8,Completed
5741,2846,2026-02-25,3,Cancelled
10865,2141,2026-02-25,2,Completed
13229,2392,2026-02-25,1,Completed
22499,3251,2026-02-26,7,Completed
14482,2469,2026-02-26,3,Completed
5882,595,2026-02-26,1,Completed
17560,4950,2026-02-26,8,Completed
13783,839,2026-02-26,4,Completed
21223,4988,2026-02-26,12,Completed
20556,4007,2026-02-26,6,Completed
10653,3807,2026-02-26,2,Completed
18624,4155,2026-02-26,7,Completed
2148,3147,2026-02-26,12,Completed
13428,4271,2026-02-26,1,Completed
6480,4131,2026-02-26,4,Completed
14960,175,2026-02-26,4,Completed
14808,3551,2026-02-26,2,Completed
18663,1393,2026-02-26,1,Cancelled
3665,3071,2026-02-26,8,Completed
18453,153,2026-02-26,2,Completed
23727,1228,2026-02-26,11,Completed
750,3598,2026-02-26,2,Completed
4980,464,2026-02-27,1,Completed
10149,1492,2026-02-27,11,Completed
6497,1466,2026-02-27,1,Completed
1577,4381,2026-02-27,6,Completed
2667,2379,2026-02-27,1,Completed
15662,3678,2026-02-27,10,Completed
12724,1297,2026-02-27,3,Completed
17180,4861,2026-02-27,12,Cancelled
19360,1045,2026-02-27,4,Completed
11241,1264,2026-02-27,10,Completed
9029,734,2026-02-27,7,Cancelled
14869,1873,2026-02-27,3,Completed
24488,1756,2026-02-27,10,Completed
19530,2121,2026-02-27,2,Cancelled
312,3518,2026-02-27,11,Completed
22277,1669,2026-02-27,11,Completed
12689,4792,2026-02-27,6,Completed
2196,4618,2026-02-27,2,Completed
706,3172,2026-02-27,2,Completed
14341,2781,2026-02-27,10,Completed
13613,661,2026-02-27,5,Completed
565,4617,2026-02-27,4,Completed
6162,4799,2026-02-27,5,Completed
13469,1011,2026-02-27,10,Completed
24621,3831,2026-02-27,1,Completed
1549,1339,2026-02-27,4,Completed
3185,1730,2026-02-28,9,Cancelled
19650,1381,2026-02-28,3,Cancelled
15646,3075,2026-02-28,11,Completed
196,630,2026-02-28,10,Completed
17733,2475,2026-02-28,7,Completed
13400,2835,2026-02-28,12,Completed
12288,2922,2026-02-28,6,Cancelled
1720,310,2026-02-28,1,Completed
23053,2922,2026-02-28,6,Completed
8043,4742,2026-02-28,2,Completed
4021,1262,2026-02-28,1,Cancelled
16088,1894,2026-02-28,4,Completed
1011,2812,2026-02-28,6,Completed
19487,4778,2026-02-28,1,Cancelled
15740,3390,2026-02-28,1,Completed
12760,2287,2026-02-28,3,Completed
24749,323,2026-02-28,7,Completed
22507,4111,2026-02-28,5,Completed
9335,3229,2026-02-28,2,Completed
20531,3266,2026-02-28,2,Completed
17414,2131,2026-02-28,7,Completed
10141,2770,2026-02-28,3,Cancelled
19207,4514,2026-02-28,3,Completed
10015,4,2026-02-28,5,Cancelled
6511,2565,2026-02-28,4,Completed
5875,515,2026-02-28,1,Completed
14354,1793,2026-02-28,1,Completed
12185,1946,2026-02-28,5,Completed
19055,4419,2026-02-28,1,Cancelled
10602,841,2026-02-28,9,Completed
12009,364,2026-02-28,11,Completed
8895,2629,2026-02-28,9,Completed
14948,1598,2026-03-01,11,Completed
1488,1354,2026-03-01,5,Completed
128,3254,2026-03-01,1,Completed
10117,4672,2026-03-01,1,Completed
5061,138,2026-03-01,3,Completed
24002,3698,2026-03-01,7,Completed
6382,4474,2026-03-01,4,Cancelled
14695,2945,2026-03-01,3,Completed
15478,3691,2026-03-01,8,Completed
7407,4319,2026-03-01,1,Cancelled
11568,718,2026-03-01,4,Cancelled
3244,2851,2026-03-01,3,Cancelled
1508,211,2026-03-01,3,Completed
4870,1441,2026-03-01,4,Completed
10418,1731,2026-03-01,2,Completed
17551,2564,2026-03-01,9,Cancelled
701,3196,2026-03-01,1,Completed
21607,4716,2026-03-01,1,Completed
4488,1101,2026-03-01,8,Completed
5754,3038,2026-03-01,4,Completed
7945,4109,2026-03-01,10,Completed
22753,2230,2026-03-01,9,Cancelled
12502,3612,2026-03-01,1,Completed
23836,1620,2026-03-01,4,Completed
15926,4771,2026-03-01,3,Completed
6047,4241,2026-03-01,9,Completed
20468,651,2026-03-01,11,Cancelled
11155,3762,2026-03-02,7,Completed
9374,4731,2026-03-02,12,Completed
10227,1187,2026-03-02,1,Completed
8620,3244,2026-03-02,1,Completed
12963,2574,2026-03-02,1,Completed
2210,2126,2026-03-02,7,Completed
13464,2058,2026-03-02,7,Completed
2662,2457,2026-03-02,10,Completed
17527,1307,2026-03-02,8,Completed
9091,2001,2026-03-02,9,Completed
20220,4313,2026-03-02,2,Completed
10385,4125,2026-03-02,4,Completed
14814,2849,2026-03-02,9,Completed
8056,2665,2026-03-02,2,Completed
21048,3396,2026-03-02,3,Completed
23203,4835,2026-03-02,7,Completed
19612,805,2026-03-02,7,Completed
18140,3733,2026-03-02,11,Completed
1765,603,2026-03-02,3,Completed
14195,1946,2026-03-02,5,Completed
19450,4921,2026-03-02,2,Completed
15822,1377,2026-03-02,3,Cancelled
21757,123,2026-03-02,10,Completed
7835,3725,2026-03-02,3,Completed
7928,1014,2026-03-03,12,Cancelled
18908,2757,2026-03-03,2,Completed
10901,3461,2026-03-03,2,Cancelled
19082,3890,2026-03-03,4,Cancelled
8431,729,2026-03-03,6,Completed
11162,734,2026-03-03,7,Cancelled
17557,1692,2026-03-03,11,Completed
4352,2031,2026-03-03,10,Completed
13231,3012,2026-03-03,4,Completed
19175,2712,2026-03-03,4,Completed
24372,1897,2026-03-03,6,Completed
12712,1167,2026-03-03,11,Completed
5776,3770,2026-03-03,1,Completed
15886,2513,2026-03-03,7,Completed
8120,4650,2026-03-03,5,Completed
1749,2624,2026-03-03,5,Completed
8267,4712,2026-03-03,5,Completed
22355,606,2026-03-03,3,Completed
7551,639,2026-03-03,12,Completed
4782,2649,2026-03-03,3,Completed
22765,1310,2026-03-03,7,Completed
24379,2564,2026-03-03,9,Completed
21748,4638,2026-03-03,2,Cancelled
20282,494,2026-03-03,7,Completed
23185,1598,2026-03-03,11,Completed
11288,3027,2026-03-03,10,Completed
22284,4036,2026-03-03,11,Cancelled
17033,813,2026-03-03,11,Completed
21472,2866,2026-03-04,6,Completed
9423,4406,2026-03-04,12,Completed
11876,451,2026-03-04,1,Cancelled
22334,3186,2026-03-04,12,Completed
4050,633,2026-03-04,1,Cancelled
3959,2110,2026-03-04,11,Completed
10951,3192,2026-03-04,10,Completed
14138,2341,2026-03-04,7,Completed
823,1847,2026-03-04,3,Completed
9567,1528,2026-03-04,8,Completed
10065,3265,2026-03-04,5,Completed
16120,4214,2026-03-04,11,Completed
5220,559,2026-03-04,3,Completed
1449,4774,2026-03-04,1,Completed
20360,850,2026-03-04,6,Completed
15819,4798,2026-03-04,7,Completed
23180,941,2026-03-04,3,Completed
20511,2656,2026-03-04,3,Completed
16731,802,2026-03-04,9,Completed
12787,2980,2026-03-04,7,Completed
18036,2103,2026-03-04,1,Completed
20744,2297,2026-03-04,11,Cancelled
8890,2516,2026-03-04,7,Completed
24745,2416,2026-03-04,6,Cancelled
7218,3608,2026-03-04,12,Completed
5806,3440,2026-03-04,1,Completed
17924,4167,2026-03-04,3,Completed
9435,2777,2026-03-05,12,Completed
8283,4760,2026-03-05,12,Completed
17777,2255,2026-03-05,7,Completed
4578,2954,2026-03-05,9,Completed
13581,4102,2026-03-05,8,Completed
13103,4321,2026-03-05,12,Completed
3593,1144,2026-03-05,2,Cancelled
14039,4873,2026-03-05,12,Completed
19075,3424,2026-03-05,3,Completed
20110,335,2026-03-05,6,Cancelled
13423,4680,2026-03-05,3,Completed
23011,4180,2026-03-05,3,Completed
20179,369,2026-03-05,9,Completed
14234,3939,2026-03-05,6,Completed
9094,399,2026-03-05,12,Cancelled
16315,1871,2026-03-05,8,Completed
827,1107,2026-03-05,1,Completed
3670,1166,2026-03-05,11,Completed
19147,4898,2026-03-05,10,Completed
24694,106,2026-03-05,4,Cancelled
4497,2406,2026-03-05,10,Completed
15501,13,2026-03-05,12,Cancelled
19584,2993,2026-03-05,10,Cancelled
17736,2153,2026-03-05,5,Completed
4090,111,2026-03-05,2,Completed
6718,3289,2026-03-06,2,Completed
2199,2157,2026-03-06,9,Completed
22697,3247,2026-03-06,8,Completed
21380,3012,2026-03-06,4,Cancelled
5410,4034,2026-03-06,5,Cancelled
8587,4470,2026-03-06,2,Completed
4384,3898,2026-03-06,8,Completed
16626,1758,2026-03-06,11,Completed
13913,2770,2026-03-06,3,Completed
9078,3555,2026-03-06,1,Completed
1645,4016,2026-03-06,9,Completed
9500,1318,2026-03-06,9,Completed
20425,2106,2026-03-06,5,Completed
7317,3734,2026-03-06,11,Cancelled
6485,2021,2026-03-06,10,Completed
17600,755,2026-03-06,12,Completed
7732,1228,2026-03-06,11,Completed
13344,4875,2026-03-06,5,Completed
2767,4099,2026-03-06,11,Completed
22739,367,2026-03-06,8,Completed
8379,4083,2026-03-06,1,Completed
9684,4059,2026-03-06,2,Completed
15302,1619,2026-03-06,4,Completed
4721,3125,2026-03-06,12,Completed
12882,3447,2026-03-06,1,Completed
11048,1735,2026-03-06,4,Completed
15355,1146,2026-03-07,4,Completed
4915,593,2026-03-07,3,Completed
14830,306,2026-03-07,1,Completed
9641,2218,2026-03-07,7,Completed
2424,2596,2026-03-07,9,Cancelled
22897,3595,2026-03-07,3,Completed
8678,3484,2026-03-07,7,Completed
16041,1092,2026-03-07,6,Cancelled
24303,2394,2026-03-07,5,Completed
24945,687,2026-03-07,3,Completed
1273,2730,2026-03-07,2,Completed
7235,4368,2026-03-07,8,Cancelled
10987,3976,2026-03-07,4,Cancelled
10817,2095,2026-03-07,4,Completed
14137,1441,2026-03-07,4,Completed
449,976,2026-03-07,11,Completed
10199,283,2026-03-07,5,Completed
9714,1519,2026-03-07,3,Completed
9843,2042,2026-03-07,1,Completed
18660,2411,2026-03-07,6,Completed
9133,4704,2026-03-07,7,Cancelled
12184,1385,2026-03-07,8,Completed
10440,3870,2026-03-07,6,Completed
17519,1685,2026-03-07,8,Completed
19851,3507,2026-03-07,11,Completed
8797,2489,2026-03-07,8,Completed
2498,4045,2026-03-07,2,Completed
22826,3009,2026-03-07,8,Completed
24253,3453,2026-03-07,8,Cancelled
17545,2415,2026-03-07,4,Cancelled
19859,2954,2026-03-08,9,Completed
2768,780,2026-03-08,2,Completed
10379,637,2026-03-08,1,Completed
7577,1766,2026-03-08,9,Cancelled
23739,1952,2026-03-08,7,Cancelled
16458,934,2026-03-08,7,Cancelled
5370,3862,2026-03-08,9,Completed
15070,2896,2026-03-08,11,Completed
2725,1295,2026-03-08,10,Cancelled
24686,1594,2026-03-08,7,Completed
15380,441,2026-03-08,7,Completed
5064,3181,2026-03-08,1,Completed
1779,132,2026-03-08,1,Completed
23689,1752,2026-03-08,5,Completed
13245,46,2026-03-08,6,Completed
20551,3553,2026-03-08,12,Completed
8982,873,2026-03-08,10,Completed
15080,1764,2026-03-08,3,Completed
15341,2261,2026-03-08,10,Completed
15503,2413,2026-03-08,3,Completed
13319,3710,2026-03-08,2,Completed
8349,3028,2026-03-08,5,Completed
12119,2200,2026-03-08,1,Completed
17395,796,2026-03-08,7,Cancelled
20298,1927,2026-03-08,1,Completed
5686,2806,2026-03-08,12,Completed
1506,4988,2026-03-08,12,Completed
8347,2219,2026-03-08,2,Cancelled
4965,302,2026-03-08,4,Completed
5090,1978,2026-03-09,7,Completed
17888,3204,2026-03-09,4,Completed
16436,604,2026-03-09,1,Completed
19543,2782,2026-03-09,12,Completed
21780,1762,2026-03-09,2,Completed
1746,1085,2026-03-09,12,Completed
14104,4506,2026-03-09,2,Completed
9770,3178,2026-03-09,11,Cancelled
23123,4263,2026-03-09,5,Completed
20995,1948,2026-03-09,6,Completed
7922,3126,2026-03-09,4,Cancelled
683,4407,2026-03-09,2,Completed
14398,1097,2026-03-09,11,Cancelled
17425,1573,2026-03-09,4,Completed
7793,2147,2026-03-09,12,Completed
16450,2562,2026-03-10,12,Completed
5457,2031,2026-03-10,10,Completed
4295,3309,2026-03-10,3,Completed
2869,3974,2026-03-10,10,Completed
15619,4915,2026-03-10,11,Completed
2366,4961,2026-03-10,5,Completed
13657,809,2026-03-10,11,Completed
17806,224,2026-03-10,3,Completed
7154,1785,2026-03-10,12,Completed
19679,1281,2026-03-10,10,Completed
189,2087,2026-03-10,3,Cancelled
7864,2008,2026-03-10,2,Completed
6897,3207,2026-03-10,5,Cancelled
18277,1795,2026-03-10,7,Cancelled
11920,3814,2026-03-10,4,Completed
974,1819,2026-03-10,11,Completed
21170,3514,2026-03-10,1,Completed
22208,4968,2026-03-10,12,Completed
20073,4621,2026-03-10,3,Completed
17361,3570,2026-03-10,5,Completed
20100,3003,2026-03-10,8,Completed
4020,1731,2026-03-10,2,Completed
1037,1536,2026-03-10,6,Completed
19821,2326,2026-03-11,11,Completed
14767,4902,2026-03-11,4,Completed
22022,4797,2026-03-11,5,Completed
7868,2715,2026-03-11,7,Completed
21344,4470,2026-03-11,2,Completed
12755,2092,2026-03-11,9,Completed
5897,1981,2026-03-11,1,Cancelled
13956,960,2026-03-11,3,Completed
13462,3322,2026-03-11,5,Completed
1002,2022,2026-03-11,4,Cancelled
6077,2703,2026-03-11,9,Cancelled
12096,412,2026-03-11,1,Completed
838,3503,2026-03-11,11,Cancelled
19934,2663,2026-03-11,2,Cancelled
13762,4474,2026-03-11,4,Completed
6726,3997,2026-03-11,8,Completed
2654,2364,2026-03-11,2,Cancelled
21360,2598,2026-03-11,3,Completed
1537,3929,2026-03-11,5,Completed
14537,4614,2026-03-11,7,Completed
14383,1412,2026-03-11,7,Completed
19661,1522,2026-03-11,7,Completed
7387,2674,2026-03-11,12,Completed
10815,3145,2026-03-11,11,Completed
481,132,2026-03-11,1,Completed
22706,3570,2026-03-11,5,Completed
24655,1304,2026-03-12,9,Cancelled
23961,2987,2026-03-12,4,Completed
21763,64,2026-03-12,9,Completed
2888,2907,2026-03-12,6,Completed
8260,4835,2026-03-12,7,Cancelled
22438,1728,2026-03-12,1,Completed
199,1441,2026-03-12,4,Cancelled
1124,1636,2026-03-12,2,Completed
21510,798,2026-03-12,6,Completed
5899,638,2026-03-12,3,Completed
19502,3014,2026-03-12,2,Completed
12761,828,2026-03-12,1,Cancelled
22726,4174,2026-03-12,12,Cancelled
24607,4616,2026-03-12,6,Completed
3495,2888,2026-03-12,6,Completed
17829,592,2026-03-12,3,Completed
22750,3136,2026-03-12,4,Cancelled
24264,4708,2026-03-12,2,Cancelled
23472,2600,2026-03-12,12,Completed
4108,631,2026-03-12,6,Cancelled
6677,4457,2026-03-13,3,Cancelled
4762,3911,2026-03-13,4,Completed
19371,4123,2026-03-13,1,Completed
1650,3359,2026-03-13,11,Completed
13817,4625,2026-03-13,1,Completed
9613,4661,2026-03-13,1,Completed
9750,493,2026-03-13,7,Completed
9345,62,2026-03-13,8,Completed
13014,2103,2026-03-13,1,Completed
14773,2574,2026-03-13,1,Completed
20044,106,2026-03-13,4,Completed
12625,1732,2026-03-13,3,Cancelled
1754,122,2026-03-13,5,Completed
16030,1247,2026-03-13,3,Completed
7581,358,2026-03-13,3,Completed
12263,1380,2026-03-13,11,Completed
22608,2527,2026-03-13,2,Completed
16267,1514,2026-03-13,7,Completed
4269,1393,2026-03-13,1,Completed
2453,190,2026-03-14,2,Completed
4328,1213,2026-03-14,3,Completed
7304,2764,2026-03-14,4,Completed
22759,1333,2026-03-14,4,Cancelled
23930,2545,2026-03-14,1,Completed
6523,3441,2026-03-14,1,Cancelled
1477,2233,2026-03-14,3,Completed
13131,3171,2026-03-14,10,Completed
13796,1705,2026-03-14,8,Completed
6981,3112,2026-03-14,2,Completed
13022,751,2026-03-14,7,Completed
4934,4964,2026-03-14,10,Cancelled
4585,912,2026-03-14,1,Completed
16557,3664,2026-03-14,8,Completed
1044,948,2026-03-14,2,Completed
17588,2414,2026-03-14,9,Completed
6759,3282,2026-03-14,10,Completed
375,4933,2026-03-14,4,Completed
12238,2418,2026-03-14,1,Completed
14667,4802,2026-03-14,12,Completed
20748,4248,2026-03-14,11,Completed
13141,359,2026-03-15,7,Completed
1951,4109,2026-03-15,10,Completed
14070,2696,2026-03-15,8,Cancelled
13176,228,2026-03-15,3,Completed
11214,1226,2026-03-15,11,Completed
938,3866,2026-03-15,11,Completed
8908,2501,2026-03-15,3,Completed
4167,486,2026-03-15,9,Completed
10717,4797,2026-03-15,5,Completed
23728,4023,2026-03-15,12,Completed
24181,4651,2026-03-15,9,Completed
19841,3340,2026-03-15,4,Cancelled
3937,1351,2026-03-15,4,Completed
24408,3135,2026-03-15,12,Completed
10828,491,2026-03-15,2,Completed
3580,2758,2026-03-15,7,Completed
10773,1380,2026-03-15,11,Completed
13031,1201,2026-03-15,6,Completed
3019,821,2026-03-15,10,Completed
779,3566,2026-03-15,4,Completed
24258,4126,2026-03-15,9,Completed
10022,1126,2026-03-15,5,Completed
11234,936,2026-03-15,7,Completed
1351,3868,2026-03-15,3,Completed
1145,2695,2026-03-15,1,Completed
3893,3201,2026-03-15,11,Completed
17255,3794,2026-03-16,5,Completed
21720,3599,2026-03-16,7,Completed
15423,2047,2026-03-16,8,Completed
23911,2280,2026-03-16,5,Completed
21591,112,2026-03-16,12,Cancelled
21597,2371,2026-03-16,12,Cancelled
20798,1092,2026-03-16,6,Completed
24011,2488,2026-03-16,7,Completed
193,868,2026-03-16,7,Completed
7529,2758,2026-03-16,7,Completed
310,2956,2026-03-16,7,Completed
13330,1334,2026-03-16,2,Completed
7501,523,2026-03-16,2,Completed
15046,2031,2026-03-16,10,Completed
11294,3390,2026-03-16,1,Cancelled
4528,3465,2026-03-16,2,Completed
4219,1998,2026-03-16,9,Completed
11724,2817,2026-03-16,6,Completed
23083,3242,2026-03-16,6,Cancelled
4160,1752,2026-03-16,5,Completed
5455,2282,2026-03-16,3,Completed
7978,4922,2026-03-16,6,Completed
19363,3906,2026-03-16,1,Completed
7832,2301,2026-03-17,8,Completed
23626,1026,2026-03-17,7,Completed
12029,2160,2026-03-17,10,Completed
19634,528,2026-03-17,4,Completed
22457,4977,2026-03-17,12,Completed
17900,1433,2026-03-17,11,Completed
21486,2985,2026-03-17,1,Cancelled
806,3586,2026-03-17,8,Completed
21257,2728,2026-03-17,11,Cancelled
2637,2005,2026-03-17,5,Completed
8880,2416,2026-03-17,6,Completed
5731,4036,2026-03-17,11,Completed
16218,3894,2026-03-17,7,Completed
6651,4270,2026-03-17,3,Completed
18998,4982,2026-03-17,6,Completed
19683,2433,2026-03-17,4,Completed
4092,3764,2026-03-17,6,Completed
7740,2525,2026-03-18,2,Completed
20766,1793,2026-03-18,1,Completed
10026,4654,2026-03-18,9,Completed
24145,890,2026-03-18,11,Completed
9264,3363,2026-03-18,1,Completed
17289,815,2026-03-18,11,Completed
16006,2925,2026-03-18,2,Completed
12234,4424,2026-03-18,3,Completed
8924,990,2026-03-18,7,Completed
19179,3430,2026-03-18,5,Completed
7430,1748,2026-03-18,2,Cancelled
1613,4480,2026-03-18,2,Completed
12571,1622,2026-03-18,1,Completed
22585,4879,2026-03-18,1,Cancelled
1567,1130,2026-03-18,2,Cancelled
21841,4168,2026-03-18,4,Completed
9257,2880,2026-03-18,6,Completed
7201,4125,2026-03-18,4,Completed
23841,4136,2026-03-18,10,Completed
2031,718,2026-03-18,4,Completed
10321,2226,2026-03-19,9,Completed
18171,958,2026-03-19,1,Cancelled
18443,12,2026-03-19,3,Completed
13587,4799,2026-03-19,5,Completed
15607,4981,2026-03-19,4,Completed
13391,4932,2026-03-19,7,Cancelled
3262,426,2026-03-19,9,Completed
3680,91,2026-03-19,4,Completed
4869,175,2026-03-19,4,Completed
6479,3674,2026-03-19,6,Completed
12565,1576,2026-03-19,12,Completed
1680,2989,2026-03-19,8,Cancelled
9936,4481,2026-03-19,11,Completed
509,994,2026-03-19,7,Completed
2579,4999,2026-03-19,3,Completed
5952,2599,2026-03-19,1,Completed
17103,652,2026-03-19,2,Completed
7255,3073,2026-03-19,8,Completed
14251,1297,2026-03-20,3,Cancelled
13605,2981,2026-03-20,1,Completed
24182,1856,2026-03-20,9,Cancelled
5865,1976,2026-03-20,12,Completed
17699,1616,2026-03-20,7,Completed
4715,825,2026-03-20,3,Completed
7305,2226,2026-03-20,9,Completed
10338,3586,2026-03-20,8,Completed
24255,3290,2026-03-20,6,Cancelled
6859,580,2026-03-20,7,Completed
24225,4371,2026-03-20,9,Completed
8154,3693,2026-03-20,8,Completed
24543,2778,2026-03-20,4,Completed
833,614,2026-03-20,8,Completed
17321,2082,2026-03-20,6,Completed
9005,3394,2026-03-20,12,Completed
1963,3956,2026-03-20,3,Completed
10573,1076,2026-03-20,3,Completed
13935,111,2026-03-20,2,Completed
2739,984,2026-03-20,12,Completed
18374,2301,2026-03-20,8,Completed
3908,574,2026-03-20,6,Completed
19035,3608,2026-03-20,12,Completed
1641,1059,2026-03-20,1,Completed
346,63,2026-03-20,9,Completed
15471,4854,2026-03-21,7,Completed
9337,2903,2026-03-21,7,Completed
19804,3388,2026-03-21,10,Completed
8513,3835,2026-03-21,1,Completed
153,2661,2026-03-21,7,Completed
8720,3068,2026-03-21,12,Completed
21358,77,2026-03-21,8,Completed
932,3318,2026-03-21,2,Cancelled
14703,378,2026-03-21,4,Completed
13284,1680,2026-03-21,12,Completed
7766,781,2026-03-21,8,Completed
10649,386,2026-03-21,4,Cancelled
15007,2922,2026-03-21,6,Cancelled
3493,85,2026-03-21,3,Completed
2893,2703,2026-03-21,9,Completed
10702,2615,2026-03-21,7,Completed
12539,3711,2026-03-21,8,Completed
22523,3208,2026-03-21,1,Completed
162,1522,2026-03-21,7,Completed
16915,64,2026-03-21,9,Completed
8515,2512,2026-03-22,8,Completed
3524,2533,2026-03-22,2,Completed
21422,2457,2026-03-22,10,Completed
20645,4886,2026-03-22,1,Completed
16314,4195,2026-03-22,1,Cancelled
3678,1386,2026-03-22,12,Cancelled
9965,695,2026-03-22,6,Completed
5149,358,2026-03-22,3,Cancelled
15138,1946,2026-03-22,5,Cancelled
6314,2606,2026-03-22,11,Completed
18978,2589,2026-03-22,9,Cancelled
24549,1766,2026-03-22,9,Completed
23978,3944,2026-03-22,5,Completed
16102,397,2026-03-22,6,Cancelled
16110,3394,2026-03-22,12,Completed
12567,4065,2026-03-22,3,Completed
19570,1773,2026-03-22,3,Completed
7446,3513,2026-03-22,5,Cancelled
24349,810,2026-03-22,7,Completed
24263,4622,2026-03-22,8,Completed
4731,1618,2026-03-22,5,Completed
20230,2469,2026-03-22,3,Completed
15931,1834,2026-03-22,2,Completed
6112,1596,2026-03-22,7,Completed
20250,2454,2026-03-22,6,Completed
20796,2021,2026-03-22,10,Cancelled
24809,302,2026-03-22,4,Completed
3944,2113,2026-03-23,3,Completed
14749,3273,2026-03-23,4,Completed
662,497,2026-03-23,8,Completed
19966,1097,2026-03-23,11,Cancelled
7162,4332,2026-03-23,10,Completed
14579,2656,2026-03-23,3,Completed
6216,3294,2026-03-23,8,Cancelled
12314,182,2026-03-23,9,Completed
21041,311,2026-03-23,8,Completed
9725,3283,2026-03-23,3,Completed
5769,4288,2026-03-23,12,Cancelled
19916,3538,2026-03-23,12,Completed
5080,480,2026-03-23,4,Completed
16855,1611,2026-03-23,2,Completed
15491,3871,2026-03-23,4,Completed
12465,3751,2026-03-23,10,Completed
15705,1785,2026-03-23,12,Completed
809,3126,2026-03-23,4,Completed
23308,953,2026-03-23,3,Completed
6826,4369,2026-03-23,1,Completed
1317,317,2026-03-23,5,Cancelled
2676,4060,2026-03-23,6,Cancelled
1233,4191,2026-03-23,5,Cancelled
21603,4655,2026-03-23,5,Cancelled
2881,3066,2026-03-23,8,Completed
14765,1256,2026-03-23,7,Completed
10132,2044,2026-03-24,2,Completed
22249,4780,2026-03-24,4,Completed
5481,1932,2026-03-24,12,Completed
18038,890,2026-03-24,11,Completed
428,2508,2026-03-24,3,Completed
19140,2308,2026-03-24,2,Completed
23618,2858,2026-03-24,8,Cancelled
14424,709,2026-03-24,8,Completed
21281,1722,2026-03-24,8,Completed
11066,2456,2026-03-24,5,Completed
8286,2238,2026-03-24,1,Completed
7699,1266,2026-03-24,9,Cancelled
24798,651,2026-03-24,11,Completed
24449,3172,2026-03-24,2,Completed
19127,4214,2026-03-24,11,Completed
17307,501,2026-03-24,4,Completed
23754,3908,2026-03-24,1,Completed
13255,4947,2026-03-24,5,Completed
1644,4591,2026-03-24,11,Cancelled
10322,3617,2026-03-24,8,Completed
13289,776,2026-03-25,10,Completed
22179,2759,2026-03-25,2,Completed
24269,547,2026-03-25,7,Completed
13411,2418,2026-03-25,1,Completed
803,4048,2026-03-25,12,Completed
9415,1818,2026-03-25,7,Cancelled
2499,75,2026-03-25,7,Completed
18206,1231,2026-03-25,7,Completed
23924,3491,2026-03-25,8,Completed
11363,1773,2026-03-25,3,Completed
6842,3158,2026-03-25,3,Completed
2550,3359,2026-03-25,11,Cancelled
9606,3221,2026-03-25,2,Completed
463,4767,2026-03-25,9,Completed
3226,2866,2026-03-25,6,Completed
22683,4728,2026-03-25,12,Cancelled
16730,3822,2026-03-25,3,Completed
1668,2234,2026-03-25,11,Completed
18351,4205,2026-03-25,2,Completed
11745,4225,2026-03-25,2,Completed
12807,899,2026-03-25,12,Completed
19023,588,2026-03-25,1,Completed
11817,2480,2026-03-25,2,Cancelled
10371,800,2026-03-25,3,Completed
5129,2424,2026-03-25,3,Completed
22101,4807,2026-03-25,9,Completed
18331,3024,2026-03-25,6,Completed
16353,2725,2026-03-25,3,Cancelled
7052,1224,2026-03-25,12,Completed
535,3813,2026-03-26,11,Completed
1092,3704,2026-03-26,2,Cancelled
10190,4293,2026-03-26,5,Cancelled
20843,736,2026-03-26,1,Completed
24285,303,2026-03-26,5,Completed
17529,1967,2026-03-26,1,Completed
21818,1382,2026-03-26,9,Completed
7628,814,2026-03-26,3,Completed
15717,1980,2026-03-26,2,Completed
2249,3779,2026-03-26,9,Completed
15016,3082,2026-03-26,10,Cancelled
813,140,2026-03-26,7,Completed
12419,1235,2026-03-26,2,Completed
14292,630,2026-03-26,10,Completed
7514,3248,2026-03-26,8,Completed
7520,3337,2026-03-26,2,Completed
17087,3734,2026-03-26,11,Completed
16021,4306,2026-03-26,9,Completed
16502,1690,2026-03-26,1,Completed
4612,4835,2026-03-26,7,Cancelled
24119,3331,2026-03-26,12,Completed
17861,4122,2026-03-26,3,Completed
12867,2219,2026-03-26,2,Completed
9200,4257,2026-03-26,2,Completed
5569,3297,2026-03-26,9,Completed
686,4675,2026-03-27,1,Completed
8071,28,2026-03-27,7,Completed
6962,2294,2026-03-27,1,Completed
9494,1486,2026-03-27,10,Cancelled
548,3647,2026-03-27,7,Completed
8688,49,2026-03-27,1,Cancelled
13156,3986,2026-03-27,2,Cancelled
8916,4883,2026-03-27,2,Completed
20699,4441,2026-03-27,8,Completed
19524,2661,2026-03-27,7,Completed
22350,1874,2026-03-27,6,Completed
18222,1443,2026-03-27,9,Completed
5964,1431,2026-03-27,10,Completed
445,2413,2026-03-27,3,Cancelled
22215,1708,2026-03-27,10,Cancelled
12872,2360,2026-03-27,3,Cancelled
14834,3390,2026-03-27,1,Completed
21093,2229,2026-03-27,3,Completed
7118,6,2026-03-28,12,Completed
14217,2175,2026-03-28,7,Completed
177,3266,2026-03-28,2,Completed
23813,2885,2026-03-28,6,Completed
1305,3073,2026-03-28,8,Completed
8410,4271,2026-03-28,1,Cancelled
20061,1857,2026-03-28,3,Completed
1633,1691,2026-03-28,7,Completed
5008,1353,2026-03-28,4,Completed
24921,2772,2026-03-28,8,Completed
10219,3944,2026-03-28,5,Completed
17403,3810,2026-03-28,3,Completed
22928,728,2026-03-28,4,Completed
8568,4257,2026-03-28,2,Cancelled
4013,3950,2026-03-28,6,Completed
20891,3252,2026-03-28,5,Completed
4261,2362,2026-03-28,2,Cancelled
4345,1758,2026-03-28,11,Completed
2586,4266,2026-03-28,4,Completed
23941,748,2026-03-28,1,Completed
1407,4931,2026-03-28,9,Completed
616,203,2026-03-28,1,Completed
461,4513,2026-03-29,6,Cancelled
11966,2982,2026-03-29,7,Cancelled
24494,979,2026-03-29,6,Cancelled
18086,3899,2026-03-29,8,Completed
1177,2641,2026-03-29,11,Completed
21050,3328,2026-03-29,12,Completed
19952,3504,2026-03-29,3,Completed
1212,4419,2026-03-29,1,Completed
7474,1334,2026-03-29,2,Completed
20850,2773,2026-03-29,3,Cancelled
13250,2392,2026-03-29,1,Completed
14209,2545,2026-03-29,1,Completed
5766,3470,2026-03-29,5,Completed
15894,2395,2026-03-29,4,Completed
12019,4922,2026-03-29,6,Completed
10330,2839,2026-03-29,11,Completed
6040,1194,2026-03-29,3,Completed
10893,780,2026-03-29,2,Completed
1794,615,2026-03-29,1,Completed
1183,2954,2026-03-30,9,Completed
24018,4868,2026-03-30,1,Completed
10488,3492,2026-03-30,8,Completed
17624,3848,2026-03-30,8,Completed
10892,4349,2026-03-30,3,Completed
18230,258,2026-03-30,9,Completed
12005,4704,2026-03-30,7,Completed
20176,4142,2026-03-30,4,Completed
12518,1679,2026-03-30,9,Completed
10716,101,2026-03-30,10,Completed
11113,2291,2026-03-30,11,Completed
12942,1850,2026-03-30,5,Cancelled
18336,1307,2026-03-30,8,Completed
7038,3944,2026-03-30,5,Completed
9899,4529,2026-03-30,2,Completed
6983,448,2026-03-30,11,Cancelled
18043,4774,2026-03-30,1,Completed
12533,1654,2026-03-30,11,Completed
2811,2703,2026-03-30,9,Completed
21128,4893,2026-03-30,3,Completed
13036,2821,2026-03-30,2,Completed
9221,3004,2026-03-30,12,Cancelled
13149,3372,2026-03-31,4,Cancelled
5473,1607,2026-03-31,7,Completed
22102,1080,2026-03-31,7,Cancelled
311,1896,2026-03-31,7,Completed
5282,1777,2026-03-31,12,Completed
13854,1940,2026-03-31,1,Completed
21127,2895,2026-03-31,3,Completed
5280,3249,2026-03-31,5,Cancelled
15120,1785,2026-03-31,12,Completed
2214,1940,2026-03-31,1,Completed
11658,3792,2026-03-31,7,Cancelled
18654,1076,2026-03-31,3,Completed
5412,3418,2026-03-31,2,Completed
6675,3322,2026-03-31,5,Completed
16619,1550,2026-03-31,4,Completed
23491,1913,2026-03-31,6,Completed
5635,507,2026-03-31,6,Cancelled
4207,4525,2026-03-31,10,Completed
5196,3251,2026-03-31,7,Completed
19557,498,2026-03-31,8,Cancelled
6547,768,2026-03-31,10,Completed
1436,3678,2026-03-31,10,Completed
5779,2910,2026-04-01,9,Cancelled
10994,3761,2026-04-01,12,Completed
19167,4212,2026-04-01,10,Completed
6608,3074,2026-04-01,1,Completed
24352,1411,2026-04-01,5,Completed
17534,3057,2026-04-01,7,Cancelled
8281,4612,2026-04-01,12,Cancelled
2521,3541,2026-04-01,3,Completed
18591,3483,2026-04-01,3,Completed
17991,3920,2026-04-01,7,Completed
7988,2916,2026-04-01,1,Cancelled
20863,4395,2026-04-01,10,Completed
18282,4663,2026-04-01,8,Completed
14041,4604,2026-04-01,1,Completed
12150,3966,2026-04-01,2,Completed
10848,4562,2026-04-01,6,Completed
6402,2287,2026-04-01,3,Completed
9281,532,2026-04-01,5,Completed
18553,863,2026-04-01,10,Cancelled
19145,133,2026-04-01,1,Cancelled
6670,4826,2026-04-01,4,Cancelled
2099,314,2026-04-02,1,Completed
21777,2012,2026-04-02,9,Completed
18065,3586,2026-04-02,8,Completed
5941,3378,2026-04-02,3,Completed
23544,3161,2026-04-02,7,Cancelled
22044,2216,2026-04-02,6,Completed
18928,4898,2026-04-02,10,Completed
6211,2091,2026-04-02,5,Cancelled
17331,3948,2026-04-02,1,Completed
6235,911,2026-04-02,2,Completed
11188,1662,2026-04-02,6,Cancelled
24417,2126,2026-04-02,7,Completed
13438,715,2026-04-02,1,Completed
11511,976,2026-04-02,11,Completed
20527,934,2026-04-02,7,Completed
3702,1569,2026-04-02,11,Completed
23468,4807,2026-04-02,9,Completed
10962,230,2026-04-02,11,Completed
24195,1522,2026-04-02,7,Completed
15984,1448,2026-04-02,7,Completed
5238,4645,2026-04-02,3,Completed
18861,1583,2026-04-02,12,Completed
10993,526,2026-04-02,9,Cancelled
9698,3668,2026-04-02,5,Completed
14460,904,2026-04-02,11,Completed
3018,4026,2026-04-03,2,Cancelled
14852,2287,2026-04-03,3,Cancelled
9386,1181,2026-04-03,12,Completed
16428,169,2026-04-03,1,Cancelled
24090,3073,2026-04-03,8,Completed
24910,2697,2026-04-03,2,Completed
18900,3531,2026-04-03,2,Completed
10255,4632,2026-04-03,7,Completed
5434,1994,2026-04-03,1,Completed
1800,2851,2026-04-03,3,Completed
13702,1695,2026-04-03,2,Completed
12415,1092,2026-04-03,6,Completed
5216,778,2026-04-03,6,Cancelled
3445,3007,2026-04-03,6,Completed
14278,2469,2026-04-03,3,Completed
19217,1371,2026-04-03,4,Completed
17759,4003,2026-04-03,2,Completed
23900,4858,2026-04-03,4,Completed
24974,4092,2026-04-03,11,Completed
2709,3737,2026-04-03,11,Completed
10430,4362,2026-04-03,5,Completed
12425,3966,2026-04-03,2,Completed
15165,3958,2026-04-03,4,Completed
3078,1867,2026-04-03,12,Completed
14664,3166,2026-04-04,4,Completed
18434,2933,2026-04-04,10,Completed
21608,1412,2026-04-04,7,Completed
22121,2469,2026-04-04,3,Completed
11303,1620,2026-04-04,4,Completed
14965,2805,2026-04-04,3,Completed
21657,739,2026-04-04,3,Completed
352,1413,2026-04-04,12,Completed
9269,650,2026-04-04,12,Completed
13951,698,2026-04-04,12,Cancelled
19682,827,2026-04-04,10,Completed
9581,659,2026-04-04,1,Completed
12133,3280,2026-04-04,1,Completed
6798,3396,2026-04-04,3,Completed
9763,1237,2026-04-05,2,Completed
6657,1107,2026-04-05,1,Completed
12149,1502,2026-04-05,1,Cancelled
6699,239,2026-04-05,9,Cancelled
5372,2000,2026-04-05,2,Completed
18895,701,2026-04-05,4,Completed
7510,751,2026-04-05,7,Completed
7526,4704,2026-04-05,7,Completed
121,419,2026-04-05,9,Completed
13360,3293,2026-04-05,8,Cancelled
21860,4471,2026-04-05,11,Completed
8534,566,2026-04-05,9,Completed
7015,1884,2026-04-05,9,Completed
20596,870,2026-04-05,10,Completed
11447,3238,2026-04-05,7,Completed
9539,4821,2026-04-05,2,Completed
8811,884,2026-04-05,4,Completed
11180,3062,2026-04-05,12,Completed
17280,3344,2026-04-06,3,Completed
5460,2576,2026-04-06,2,Completed
5844,3115,2026-04-06,8,Completed
17856,1615,2026-04-06,5,Completed
4129,4790,2026-04-06,7,Completed
15081,1562,2026-04-06,6,Completed
17040,467,2026-04-06,12,Completed
3093,1966,2026-04-06,11,Completed
11001,313,2026-04-06,7,Completed
2629,3358,2026-04-06,8,Completed
3344,1574,2026-04-06,1,Completed
7319,2413,2026-04-06,3,Cancelled
7124,2952,2026-04-06,10,Completed
11296,3583,2026-04-06,5,Completed
21884,2516,2026-04-06,7,Completed
6833,3974,2026-04-06,10,Cancelled
237,1908,2026-04-06,10,Completed
6583,3538,2026-04-06,12,Completed
24619,99,2026-04-06,7,Completed
6315,2778,2026-04-06,4,Completed
14087,3115,2026-04-07,8,Cancelled
22276,3528,2026-04-07,5,Completed
22279,3491,2026-04-07,8,Completed
13442,2295,2026-04-07,4,Completed
9648,1283,2026-04-07,12,Cancelled
11038,3521,2026-04-07,3,Completed
3601,644,2026-04-07,8,Cancelled
787,3490,2026-04-07,8,Completed
3274,4486,2026-04-07,9,Completed
21083,890,2026-04-07,11,Completed
19279,4621,2026-04-07,3,Completed
16552,2715,2026-04-07,7,Cancelled
3245,4877,2026-04-07,3,Completed
16948,712,2026-04-07,3,Completed
4623,1743,2026-04-07,2,Completed
20047,2418,2026-04-07,1,Completed
20895,2046,2026-04-07,3,Completed
17467,3991,2026-04-07,2,Completed
4596,2084,2026-04-07,7,Completed
14988,3681,2026-04-07,3,Completed
3388,345,2026-04-07,7,Completed
5811,3697,2026-04-07,9,Completed
23604,1811,2026-04-07,7,Cancelled
23608,727,2026-04-07,7,Completed
11374,3763,2026-04-07,12,Cancelled
14878,3134,2026-04-07,8,Completed
1366,3411,2026-04-08,8,Completed
19193,1872,2026-04-08,2,Cancelled
7361,470,2026-04-08,4,Completed
7212,3497,2026-04-08,6,Cancelled
4796,4290,2026-04-08,10,Completed
8722,2623,2026-04-08,5,Completed
17968,4335,2026-04-08,5,Completed
19581,4740,2026-04-08,7,Completed
18694,2498,2026-04-08,8,Completed
8873,2321,2026-04-08,11,Completed
17352,1448,2026-04-08,7,Completed
9850,2497,2026-04-08,7,Cancelled
433,140,2026-04-08,7,Cancelled
13666,2000,2026-04-08,2,Cancelled
6122,2747,2026-04-08,4,Completed
10911,1751,2026-04-08,10,Completed
18968,130,2026-04-08,12,Completed
1587,1537,2026-04-09,7,Completed
20747,2987,2026-04-09,4,Completed
4176,1631,2026-04-09,9,Completed
6924,1267,2026-04-09,1,Completed
16,2681,2026-04-09,11,Completed
3737,2944,2026-04-09,3,Completed
70,1126,2026-04-09,5,Completed
12414,3071,2026-04-09,8,Completed
1556,3497,2026-04-09,6,Completed
23814,649,2026-04-09,8,Completed
24033,2666,2026-04-09,5,Completed
10796,4304,2026-04-09,7,Completed
2325,4921,2026-04-09,2,Cancelled
22205,2082,2026-04-09,6,Completed
3806,2282,2026-04-09,3,Completed
9498,516,2026-04-09,2,Completed
2007,1291,2026-04-09,4,Completed
14430,3364,2026-04-09,7,Completed
10498,369,2026-04-09,9,Completed
15207,3514,2026-04-09,1,Completed
8089,3589,2026-04-09,12,Completed
9454,578,2026-04-09,12,Completed
21622,3257,2026-04-09,2,Cancelled
17191,2707,2026-04-10,8,Completed
18659,3727,2026-04-10,9,Completed
2134,4664,2026-04-10,7,Completed
16489,4566,2026-04-10,7,Completed
16560,116,2026-04-10,6,Completed
14465,790,2026-04-10,2,Completed
24422,4805,2026-04-10,4,Completed
13719,958,2026-04-10,1,Completed
24918,4002,2026-04-10,11,Cancelled
3043,192,2026-04-10,6,Completed
20035,2521,2026-04-10,12,Completed
19009,1987,2026-04-10,7,Cancelled
1047,881,2026-04-10,8,Cancelled
4234,4669,2026-04-10,1,Completed
3138,3431,2026-04-10,10,Cancelled
8244,3155,2026-04-10,10,Completed
1065,1744,2026-04-10,3,Completed
1579,3191,2026-04-10,1,Completed
2628,2365,2026-04-10,6,Completed
4399,3003,2026-04-10,8,Cancelled
5675,884,2026-04-10,4,Completed
9536,1325,2026-04-10,1,Completed
3923,2749,2026-04-11,11,Completed
3204,538,2026-04-11,2,Completed
20336,729,2026-04-11,6,Cancelled
5188,3686,2026-04-11,2,Cancelled
22673,3630,2026-04-11,8,Completed
15774,2329,2026-04-11,6,Completed
9678,4633,2026-04-11,6,Completed
14894,2799,2026-04-11,2,Completed
5416,3501,2026-04-11,5,Completed
13766,4563,2026-04-11,8,Cancelled
7623,3521,2026-04-11,3,Completed
19822,2384,2026-04-11,5,Completed
7303,4015,2026-04-11,10,Completed
16622,221,2026-04-11,5,Cancelled
8092,300,2026-04-12,1,Completed
8204,4238,2026-04-12,3,Completed
5399,16,2026-04-12,11,Completed
22054,79,2026-04-12,2,Cancelled
17226,605,2026-04-12,6,Completed
8224,4988,2026-04-12,12,Completed
18757,2445,2026-04-12,8,Completed
24360,3401,2026-04-12,10,Completed
9781,960,2026-04-12,3,Completed
7337,3259,2026-04-12,1,Completed
18867,3974,2026-04-12,10,Completed
20528,4517,2026-04-12,7,Completed
9527,1196,2026-04-12,9,Completed
13111,2598,2026-04-12,3,Completed
6831,4318,2026-04-12,2,Completed
5338,1351,2026-04-12,4,Completed
547,4253,2026-04-12,9,Cancelled
9735,327,2026-04-12,10,Completed
15500,2646,2026-04-12,11,Completed
8884,1373,2026-04-12,3,Completed
6698,3015,2026-04-13,5,Completed
6949,1393,2026-04-13,1,Completed
22905,3551,2026-04-13,2,Cancelled
16278,3317,2026-04-13,5,Cancelled
1971,2839,2026-04-13,11,Completed
9093,3757,2026-04-13,10,Completed
11769,211,2026-04-13,3,Completed
6542,4167,2026-04-13,3,Cancelled
11572,3846,2026-04-13,7,Completed
12025,4512,2026-04-13,8,Completed
15043,869,2026-04-13,2,Completed
4183,885,2026-04-13,3,Completed
21804,1736,2026-04-13,8,Completed
5318,1825,2026-04-13,1,Completed
13619,1645,2026-04-13,11,Completed
9202,4781,2026-04-13,7,Cancelled
3851,3520,2026-04-13,3,Completed
9954,3618,2026-04-13,3,Completed
9404,4864,2026-04-13,6,Completed
14435,2200,2026-04-13,1,Completed
21942,1204,2026-04-13,8,Completed
11914,4236,2026-04-13,11,Completed
4549,2662,2026-04-13,2,Completed
22295,221,2026-04-13,5,Completed
5157,4626,2026-04-13,3,Completed
17164,3579,2026-04-13,4,Completed
5584,3066,2026-04-13,8,Completed
5918,1119,2026-04-13,7,Cancelled
17786,3469,2026-04-14,10,Completed
1279,353,2026-04-14,10,Completed
9566,4055,2026-04-14,1,Completed
21439,1819,2026-04-14,11,Completed
14764,4022,2026-04-14,1,Completed
1320,3551,2026-04-14,2,Completed
13954,208,2026-04-14,5,Completed
6788,559,2026-04-14,3,Completed
20180,104,2026-04-14,9,Completed
2491,1716,2026-04-14,2,Completed
9817,786,2026-04-14,4,Completed
4856,1738,2026-04-14,8,Completed
14029,811,2026-04-14,5,Completed
23792,2697,2026-04-14,2,Cancelled
12402,4477,2026-04-14,1,Cancelled
13710,367,2026-04-14,8,Completed
19178,3825,2026-04-14,5,Cancelled
24351,4040,2026-04-14,12,Completed
2425,138,2026-04-14,3,Completed
7686,3869,2026-04-14,2,Completed
12209,4523,2026-04-14,2,Completed
19400,575,2026-04-14,8,Completed
21354,2923,2026-04-14,10,Completed
21568,1250,2026-04-15,2,Completed
22830,1099,2026-04-15,11,Completed
3412,2751,2026-04-15,6,Completed
19554,2810,2026-04-15,9,Completed
3089,2,2026-04-15,11,Completed
20487,3836,2026-04-15,9,Completed
20205,38,2026-04-15,5,Completed
19829,2508,2026-04-15,3,Completed
23060,1605,2026-04-15,2,Completed
1960,3171,2026-04-15,10,Cancelled
5589,2752,2026-04-15,3,Completed
14786,4243,2026-04-15,4,Completed
4955,943,2026-04-15,12,Completed
9623,1537,2026-04-15,7,Completed
6123,3167,2026-04-15,7,Completed
7485,3121,2026-04-15,3,Completed
17396,3766,2026-04-15,5,Completed
5590,929,2026-04-15,4,Completed
5409,3824,2026-04-15,2,Completed
17092,296,2026-04-15,11,Completed
13312,2402,2026-04-15,11,Cancelled
17639,1166,2026-04-15,11,Cancelled
5192,3337,2026-04-15,2,Completed
16766,4322,2026-04-15,1,Completed
9155,1963,2026-04-15,7,Completed
13520,989,2026-04-15,4,Completed
12252,2006,2026-04-16,9,Completed
19660,3417,2026-04-16,4,Completed
3613,1979,2026-04-16,1,Completed
8996,4401,2026-04-16,12,Cancelled
5570,46,2026-04-16,6,Completed
2245,1847,2026-04-16,3,Completed
1589,3062,2026-04-16,12,Completed
24220,76,2026-04-16,12,Completed
5390,3174,2026-04-16,1,Completed
8772,1688,2026-04-16,1,Completed
3757,3665,2026-04-16,5,Completed
2056,2418,2026-04-16,1,Completed
10470,1009,2026-04-16,9,Completed
16999,491,2026-04-16,2,Completed
13998,3407,2026-04-16,11,Completed
14907,2017,2026-04-16,6,Completed
2897,3929,2026-04-16,5,Completed
3439,3969,2026-04-17,2,Cancelled
23710,1276,2026-04-17,7,Completed
5346,2011,2026-04-17,3,Completed
7515,821,2026-04-17,10,Completed
15502,1181,2026-04-17,12,Completed
7651,3812,2026-04-17,4,Completed
21760,1595,2026-04-17,6,Completed
19415,4490,2026-04-17,2,Completed
21392,3496,2026-04-17,3,Cancelled
24733,2310,2026-04-17,11,Completed
12450,4294,2026-04-17,8,Completed
22170,2230,2026-04-17,9,Completed
11735,1950,2026-04-17,12,Completed
772,643,2026-04-17,3,Completed
13942,2998,2026-04-17,11,Completed
10563,2975,2026-04-17,1,Completed
10612,16,2026-04-17,11,Completed
22862,598,2026-04-17,9,Completed
3550,4632,2026-04-17,7,Completed
12052,1961,2026-04-17,12,Cancelled
14208,4723,2026-04-17,3,Cancelled
10724,2977,2026-04-17,12,Completed
2837,2944,2026-04-18,3,Completed
22356,775,2026-04-18,8,Completed
18389,2555,2026-04-18,12,Completed
18187,3871,2026-04-18,4,Completed
3866,4168,2026-04-18,4,Completed
10486,1739,2026-04-18,3,Completed
9973,4122,2026-04-18,3,Completed
21118,945,2026-04-18,8,Completed
17083,3353,2026-04-18,4,Completed
15452,224,2026-04-18,3,Completed
1199,1966,2026-04-18,11,Completed
15036,2380,2026-04-18,5,Completed
21935,1125,2026-04-18,3,Cancelled
16241,2981,2026-04-18,1,Completed
11698,4698,2026-04-18,3,Completed
23333,258,2026-04-18,9,Completed
20881,1962,2026-04-18,2,Completed
12454,4876,2026-04-18,6,Completed
4505,341,2026-04-18,1,Cancelled
18678,2952,2026-04-18,10,Completed
20959,4542,2026-04-18,1,Completed
11184,4850,2026-04-18,7,Cancelled
8399,1069,2026-04-18,7,Completed
7105,3545,2026-04-18,11,Completed
7539,1401,2026-04-18,12,Completed
18028,4202,2026-04-18,12,Cancelled
22502,112,2026-04-18,12,Completed
9083,1415,2026-04-18,10,Completed
24548,4830,2026-04-19,1,Completed
20301,4577,2026-04-19,4,Cancelled
14067,3147,2026-04-19,12,Completed
15133,2580,2026-04-19,2,Completed
23495,618,2026-04-19,1,Completed
3895,706,2026-04-19,12,Completed
20341,3665,2026-04-19,5,Cancelled
15958,2083,2026-04-19,1,Completed
2389,959,2026-04-19,9,Completed
21833,960,2026-04-19,3,Completed
9611,2533,2026-04-19,2,Completed
17456,3630,2026-04-19,8,Completed
6136,1875,2026-04-19,9,Completed
5681,2627,2026-04-19,7,Completed
24154,2257,2026-04-19,9,Completed
7083,4889,2026-04-19,7,Completed
3718,3469,2026-04-19,10,Completed
10271,2722,2026-04-19,6,Completed
22104,60,2026-04-19,7,Completed
15362,4840,2026-04-19,7,Completed
24445,2869,2026-04-19,5,Cancelled
9600,3582,2026-04-19,6,Completed
19439,2649,2026-04-19,3,Completed
10786,3121,2026-04-19,3,Cancelled
14119,3675,2026-04-19,6,Completed
1172,3435,2026-04-19,12,Cancelled
11289,3592,2026-04-19,8,Completed
4411,521,2026-04-19,12,Completed
10074,3497,2026-04-19,6,Cancelled
12365,136,2026-04-19,6,Cancelled
20670,1968,2026-04-20,9,Completed
18090,2866,2026-04-20,6,Completed
15574,4244,2026-04-20,1,Completed
10202,4593,2026-04-20,2,Completed
21051,17,2026-04-20,2,Completed
20666,3538,2026-04-20,12,Completed
21331,388,2026-04-20,1,Cancelled
21025,574,2026-04-20,6,Completed
11502,2216,2026-04-20,6,Completed
22681,2258,2026-04-20,12,Completed
4954,4881,2026-04-20,6,Completed
6249,3435,2026-04-20,12,Completed
8124,4988,2026-04-20,12,Completed
1055,3785,2026-04-20,1,Completed
5906,1839,2026-04-20,10,Completed
11391,4963,2026-04-20,3,Cancelled
17345,1325,2026-04-20,1,Completed
24096,749,2026-04-20,2,Cancelled
4002,2957,2026-04-20,4,Completed
24467,3628,2026-04-20,3,Completed
4446,1590,2026-04-20,12,Completed
21724,3082,2026-04-20,10,Completed
2882,576,2026-04-20,8,Completed
14689,3634,2026-04-20,6,Completed
2553,1063,2026-04-20,3,Cancelled
2162,1058,2026-04-20,9,Completed
18226,1568,2026-04-20,7,Completed
1334,2989,2026-04-20,8,Completed
14632,2146,2026-04-20,6,Completed
24245,1047,2026-04-20,4,Completed
15459,4142,2026-04-21,4,Completed
557,4911,2026-04-21,8,Completed
13445,2095,2026-04-21,4,Completed
20471,4891,2026-04-21,8,Completed
22512,4549,2026-04-21,8,Completed
23657,4643,2026-04-21,1,Completed
8516,409,2026-04-21,6,Cancelled
12874,413,2026-04-21,2,Cancelled
17904,4439,2026-04-21,1,Completed
23319,4964,2026-04-21,10,Cancelled
16669,1300,2026-04-21,6,Completed
21319,4546,2026-04-21,1,Cancelled
16986,2924,2026-04-21,7,Completed
10884,4238,2026-04-21,3,Completed
1949,3804,2026-04-21,1,Cancelled
24676,1736,2026-04-21,8,Completed
2541,4752,2026-04-21,9,Completed
3820,623,2026-04-21,10,Cancelled
23556,2749,2026-04-21,11,Completed
21821,1118,2026-04-21,9,Completed
22880,3938,2026-04-21,3,Completed
8253,3403,2026-04-21,3,Completed
15142,2047,2026-04-22,8,Completed
24725,2537,2026-04-22,12,Completed
21465,2223,2026-04-22,5,Completed
24513,894,2026-04-22,1,Completed
9688,4990,2026-04-22,7,Completed
15062,2899,2026-04-22,9,Completed
11985,4642,2026-04-22,11,Cancelled
14811,4166,2026-04-22,2,Completed
6545,2159,2026-04-22,1,Completed
17770,3502,2026-04-22,12,Cancelled
4883,1389,2026-04-22,2,Completed
13018,3571,2026-04-22,5,Completed
3474,4263,2026-04-22,5,Completed
17897,3444,2026-04-22,3,Completed
20545,3733,2026-04-22,11,Completed
10826,4463,2026-04-22,12,Completed
9068,1076,2026-04-22,3,Completed
8398,2682,2026-04-22,3,Completed
4584,3974,2026-04-22,10,Completed
24661,3310,2026-04-22,3,Cancelled
9813,2058,2026-04-22,7,Completed
7917,1693,2026-04-22,9,Cancelled
10324,4133,2026-04-22,9,Completed
14347,980,2026-04-23,2,Completed
17005,4912,2026-04-23,2,Completed
11377,4074,2026-04-23,5,Cancelled
15166,945,2026-04-23,8,Completed
10501,2957,2026-04-23,4,Completed
17125,984,2026-04-23,12,Completed
17383,3623,2026-04-23,10,Completed
10128,4335,2026-04-23,5,Completed
10424,1765,2026-04-23,1,Completed
12434,4121,2026-04-23,2,Cancelled
10048,2894,2026-04-23,2,Completed
15807,2691,2026-04-23,2,Completed
7300,2669,2026-04-23,6,Completed
19351,1578,2026-04-23,7,Cancelled
5647,1397,2026-04-23,3,Cancelled
5993,1820,2026-04-23,1,Completed
7634,4672,2026-04-23,1,Completed
17652,1771,2026-04-23,7,Cancelled
17644,1073,2026-04-23,4,Completed
14131,2224,2026-04-23,10,Completed
19546,2763,2026-04-23,7,Completed
8138,1534,2026-04-23,4,Cancelled
20259,2659,2026-04-23,10,Completed
14754,798,2026-04-23,6,Completed
867,2760,2026-04-23,1,Completed
2954,1181,2026-04-23,12,Completed
12899,706,2026-04-24,12,Cancelled
2128,1510,2026-04-24,2,Completed
18269,2758,2026-04-24,7,Completed
16789,1945,2026-04-24,2,Cancelled
15414,3297,2026-04-24,9,Completed
19483,3612,2026-04-24,1,Completed
20644,4400,2026-04-24,3,Cancelled
15090,2957,2026-04-24,4,Completed
11510,2253,2026-04-24,6,Completed
5990,1344,2026-04-24,7,Completed
4143,3693,2026-04-24,8,Completed
23471,2795,2026-04-24,9,Completed
14207,138,2026-04-24,3,Completed
10939,206,2026-04-24,6,Cancelled
3015,3513,2026-04-24,5,Completed
17019,1735,2026-04-24,4,Completed
8502,3638,2026-04-24,11,Completed
10113,3426,2026-04-24,2,Completed
16594,3363,2026-04-24,1,Completed
9602,892,2026-04-24,1,Completed
5622,142,2026-04-24,3,Cancelled
17150,4635,2026-04-24,11,Completed
18619,4800,2026-04-24,11,Completed
23948,415,2026-04-24,10,Cancelled
17738,2478,2026-04-24,7,Cancelled
462,2338,2026-04-24,6,Completed
1988,3363,2026-04-24,1,Completed
24110,1915,2026-04-24,11,Completed
3752,17,2026-04-24,2,Completed
21915,2908,2026-04-24,2,Completed
21688,1912,2026-04-25,9,Completed
18329,2126,2026-04-25,7,Cancelled
8839,709,2026-04-25,8,Cancelled
8875,4347,2026-04-25,3,Completed
22584,941,2026-04-25,3,Completed
9177,3344,2026-04-25,3,Completed
10329,2635,2026-04-25,3,Completed
5894,1332,2026-04-25,6,Completed
471,3111,2026-04-25,9,Completed
14888,337,2026-04-25,12,Completed
12277,1336,2026-04-25,2,Completed
13576,448,2026-04-25,11,Completed
14922,4609,2026-04-25,11,Cancelled
12720,3526,2026-04-25,2,Completed
19648,586,2026-04-25,7,Cancelled
19900,945,2026-04-25,8,Cancelled
5016,523,2026-04-25,2,Cancelled
764,4026,2026-04-25,2,Completed
19594,3451,2026-04-25,9,Cancelled
12070,1111,2026-04-25,10,Completed
20759,1411,2026-04-25,5,Completed
4621,12,2026-04-26,3,Cancelled
6296,2703,2026-04-26,9,Cancelled
21960,4283,2026-04-26,5,Completed
3763,2586,2026-04-26,7,Completed
12657,3148,2026-04-26,1,Completed
7462,2027,2026-04-26,3,Completed
13513,722,2026-04-26,12,Cancelled
10234,3453,2026-04-26,8,Completed
16330,3076,2026-04-26,8,Completed
14505,2024,2026-04-26,12,Completed
468,63,2026-04-26,9,Completed
16773,2496,2026-04-26,2,Completed
22943,371,2026-04-26,6,Completed
13260,2954,2026-04-26,9,Cancelled
22461,884,2026-04-26,4,Cancelled
3492,2854,2026-04-26,7,Completed
3009,3986,2026-04-26,2,Completed
10477,3242,2026-04-26,6,Completed
21268,2423,2026-04-26,12,Completed
19917,4389,2026-04-26,10,Completed
7020,4366,2026-04-26,1,Completed
5424,4284,2026-04-26,7,Completed
16331,1862,2026-04-26,9,Completed
24335,2778,2026-04-26,4,Cancelled
431,2476,2026-04-26,1,Completed
2878,4290,2026-04-26,10,Completed
10208,2047,2026-04-26,8,Completed
10538,2913,2026-04-27,3,Completed
18953,2226,2026-04-27,9,Cancelled
18907,1682,2026-04-27,3,Completed
2704,1937,2026-04-27,5,Completed
23015,2061,2026-04-27,4,Completed
18366,3424,2026-04-27,3,Cancelled
22864,3047,2026-04-27,1,Completed
5464,2328,2026-04-27,6,Completed
7624,1084,2026-04-27,7,Completed
4,2795,2026-04-27,9,Completed
83,3902,2026-04-27,3,Cancelled
17778,2284,2026-04-27,5,Completed
6334,4865,2026-04-27,2,Completed
15303,2254,2026-04-27,11,Cancelled
11450,3328,2026-04-27,12,Cancelled
20902,208,2026-04-27,5,Completed
11236,4477,2026-04-27,1,Completed
18026,1261,2026-04-27,4,Cancelled
24063,928,2026-04-27,2,Completed
18506,87,2026-04-27,8,Completed
18139,4599,2026-04-27,1,Completed
15338,3655,2026-04-28,4,Completed
23520,426,2026-04-28,9,Completed
12284,2453,2026-04-28,1,Cancelled
4600,3413,2026-04-28,2,Cancelled
16258,4852,2026-04-28,11,Completed
22975,3646,2026-04-28,4,Completed
5715,2648,2026-04-28,12,Completed
1085,396,2026-04-28,2,Cancelled
13100,4980,2026-04-28,10,Cancelled
12458,537,2026-04-28,2,Completed
24480,4806,2026-04-28,8,Cancelled
1540,2584,2026-04-28,7,Completed
13271,2483,2026-04-28,11,Completed
6375,2235,2026-04-28,3,Completed
9038,3719,2026-04-28,10,Completed
5298,4228,2026-04-28,12,Completed
21485,2976,2026-04-28,11,Completed
21371,4240,2026-04-28,7,Completed
20757,2733,2026-04-28,4,Completed
21593,84,2026-04-28,12,Completed
8380,1048,2026-04-28,7,Completed
1760,1029,2026-04-28,1,Cancelled
8450,3630,2026-04-28,8,Completed
16247,3727,2026-04-28,9,Completed
23220,2792,2026-04-28,7,Completed
2537,1303,2026-04-28,9,Cancelled
8036,4149,2026-04-28,12,Completed
23273,4263,2026-04-28,5,Completed
7142,4609,2026-04-29,11,Completed
1809,927,2026-04-29,3,Completed
18249,4644,2026-04-29,7,Completed
12643,790,2026-04-29,2,Completed
15309,2988,2026-04-29,5,Completed
3612,1987,2026-04-29,7,Completed
16880,4,2026-04-29,5,Completed
7056,296,2026-04-29,11,Completed
15541,3976,2026-04-29,4,Completed
593,68,2026-04-29,5,Completed
24235,4733,2026-04-29,7,Completed
11334,3637,2026-04-29,3,Completed
20379,1215,2026-04-29,11,Completed
16649,1445,2026-04-29,9,Completed
13020,2041,2026-04-29,10,Completed
8724,244,2026-04-29,1,Completed
7560,2848,2026-04-29,3,Completed
1080,1736,2026-04-29,8,Completed
15397,4546,2026-04-29,1,Completed
8788,30,2026-04-30,12,Completed
17228,686,2026-04-30,10,Completed
6093,2744,2026-04-30,2,Completed
18975,1436,2026-04-30,5,Completed
9010,2176,2026-04-30,10,Completed
20189,3530,2026-04-30,2,Completed
10318,338,2026-04-30,7,Completed
24789,3518,2026-04-30,11,Completed
16949,2274,2026-04-30,3,Completed
22335,3059,2026-04-30,2,Completed
16251,4582,2026-04-30,3,Completed
9663,1487,2026-04-30,6,Completed
19469,4321,2026-04-30,12,Completed
22590,1104,2026-04-30,4,Completed
14758,3614,2026-05-01,6,Completed
14697,2973,2026-05-01,1,Cancelled
23104,3234,2026-05-01,3,Completed
23663,2944,2026-05-01,3,Completed
22587,1369,2026-05-01,8,Cancelled
3564,2951,2026-05-01,2,Completed
21120,612,2026-05-01,1,Completed
21800,3634,2026-05-01,6,Completed
1321,3191,2026-05-01,1,Completed
24659,3662,2026-05-01,2,Completed
1572,3727,2026-05-01,9,Completed
8545,421,2026-05-01,1,Completed
4187,4381,2026-05-01,6,Completed
13634,123,2026-05-01,10,Completed
21851,2344,2026-05-01,1,Completed
18399,2279,2026-05-01,10,Completed
18689,1572,2026-05-02,2,Cancelled
9828,1713,2026-05-02,8,Completed
3136,908,2026-05-02,12,Completed
10735,956,2026-05-02,2,Completed
10300,1619,2026-05-02,4,Completed
16843,861,2026-05-02,12,Completed
15251,3877,2026-05-02,3,Completed
20053,4125,2026-05-02,4,Completed
11252,2684,2026-05-02,4,Completed
7395,182,2026-05-02,9,Completed
3149,875,2026-05-02,7,Completed
8170,1613,2026-05-02,10,Completed
15597,1241,2026-05-02,12,Completed
8726,390,2026-05-02,1,Completed
20339,3451,2026-05-02,9,Completed
19586,3400,2026-05-02,7,Completed
23150,2092,2026-05-02,9,Completed
24979,4371,2026-05-02,9,Completed
24776,2377,2026-05-02,4,Cancelled
24047,844,2026-05-02,4,Completed
19372,527,2026-05-02,1,Completed
1561,3118,2026-05-02,5,Completed
19388,4792,2026-05-02,6,Completed
19447,1876,2026-05-02,9,Cancelled
6963,4176,2026-05-02,2,Completed
17177,1498,2026-05-02,11,Completed
20980,2248,2026-05-02,5,Completed
10959,3336,2026-05-02,6,Completed
24707,4641,2026-05-02,1,Cancelled
22978,3060,2026-05-02,5,Completed
6844,3158,2026-05-03,3,Completed
20119,4980,2026-05-03,10,Completed
21035,1708,2026-05-03,10,Cancelled
16733,3339,2026-05-03,4,Completed
5378,1729,2026-05-03,7,Completed
14147,3132,2026-05-03,9,Completed
19735,2323,2026-05-03,3,Completed
6606,1654,2026-05-03,11,Completed
17925,3675,2026-05-03,6,Completed
10214,3401,2026-05-03,10,Completed
23954,4796,2026-05-03,5,Completed
20135,3118,2026-05-03,5,Cancelled
2221,4777,2026-05-03,12,Completed
5600,4437,2026-05-03,7,Completed
2748,3421,2026-05-03,2,Completed
6644,4773,2026-05-03,10,Cancelled
475,3779,2026-05-03,9,Completed
24241,3559,2026-05-03,5,Completed
12860,1152,2026-05-03,2,Completed
11304,643,2026-05-03,3,Completed
10131,1555,2026-05-03,5,Completed
23636,2542,2026-05-03,4,Completed
12318,4344,2026-05-03,1,Cancelled
568,2017,2026-05-03,6,Completed
9087,2835,2026-05-03,12,Completed
24024,3926,2026-05-03,3,Completed
11499,848,2026-05-03,12,Completed
9653,871,2026-05-04,5,Completed
16327,2219,2026-05-04,2,Cancelled
1678,87,2026-05-04,8,Completed
23588,2715,2026-05-04,7,Completed
5492,2041,2026-05-04,10,Completed
4535,3153,2026-05-04,12,Completed
4145,1361,2026-05-04,3,Cancelled
19693,1924,2026-05-04,11,Completed
7442,4197,2026-05-04,8,Completed
19206,2554,2026-05-04,11,Cancelled
8339,2277,2026-05-04,1,Completed
10700,3377,2026-05-04,5,Completed
12321,1135,2026-05-04,11,Completed
18719,204,2026-05-04,1,Completed
14553,497,2026-05-04,8,Completed
1713,2533,2026-05-04,2,Cancelled
15751,637,2026-05-04,1,Completed
8365,4195,2026-05-04,1,Completed
6150,2261,2026-05-04,10,Completed
17377,1688,2026-05-04,1,Completed
2534,687,2026-05-04,3,Completed
16554,3723,2026-05-04,1,Completed
14546,3591,2026-05-04,12,Completed
14418,4999,2026-05-04,3,Completed
1491,3390,2026-05-04,1,Completed
24812,3927,2026-05-04,10,Completed
13592,1238,2026-05-04,11,Completed
18887,1318,2026-05-05,9,Completed
8570,1908,2026-05-05,10,Completed
14013,4547,2026-05-05,5,Completed
6953,1312,2026-05-05,11,Completed
15547,4352,2026-05-05,1,Completed
22178,3911,2026-05-05,4,Completed
18142,1682,2026-05-05,3,Completed
2231,4405,2026-05-05,1,Completed
14487,3779,2026-05-05,9,Completed
6947,535,2026-05-05,11,Completed
2997,2596,2026-05-05,9,Completed
15118,4161,2026-05-05,3,Completed
18610,4673,2026-05-05,11,Completed
22428,4114,2026-05-05,4,Cancelled
17833,2600,2026-05-05,12,Completed
18101,1134,2026-05-05,6,Completed
5137,3006,2026-05-05,4,Completed
10783,4263,2026-05-05,5,Cancelled
18414,2073,2026-05-05,1,Completed
3812,1160,2026-05-05,6,Cancelled
17531,3862,2026-05-05,9,Completed
3628,2380,2026-05-05,5,Cancelled
10389,251,2026-05-05,1,Completed
5678,1384,2026-05-05,4,Completed
8262,4258,2026-05-06,2,Completed
10775,909,2026-05-06,1,Cancelled
20233,1883,2026-05-06,6,Completed
5554,1965,2026-05-06,11,Completed
4272,2582,2026-05-06,4,Completed
9338,3173,2026-05-06,2,Completed
22490,3630,2026-05-06,8,Completed
3862,1112,2026-05-06,10,Completed
23400,113,2026-05-06,3,Completed
8648,912,2026-05-06,1,Completed
23392,3062,2026-05-06,12,Completed
13477,4399,2026-05-06,12,Completed
11570,3525,2026-05-06,10,Completed
900,970,2026-05-06,2,Completed
14082,889,2026-05-06,8,Completed
24170,2555,2026-05-06,12,Completed
1511,2469,2026-05-06,3,Completed
24369,2181,2026-05-06,7,Completed
7426,568,2026-05-06,8,Completed
10361,2343,2026-05-06,10,Completed
21221,848,2026-05-06,12,Completed
1370,4820,2026-05-06,7,Completed
17085,1353,2026-05-07,4,Completed
8962,2570,2026-05-07,11,Completed
4827,176,2026-05-07,3,Completed
6830,1050,2026-05-07,11,Completed
24336,3401,2026-05-07,10,Completed
10497,519,2026-05-07,2,Completed
18385,2398,2026-05-07,2,Cancelled
19532,278,2026-05-07,10,Cancelled
8366,4083,2026-05-07,1,Completed
17648,117,2026-05-07,4,Completed
19014,4085,2026-05-07,4,Completed
17504,2925,2026-05-07,2,Completed
9778,805,2026-05-07,7,Completed
8472,3467,2026-05-07,1,Completed
15476,1668,2026-05-07,5,Completed
22371,3026,2026-05-07,1,Completed
15612,4369,2026-05-07,1,Completed
15489,4056,2026-05-07,7,Completed
8313,4471,2026-05-07,11,Completed
8954,1888,2026-05-08,4,Completed
4348,3582,2026-05-08,6,Cancelled
10401,1257,2026-05-08,3,Completed
17879,1596,2026-05-08,7,Completed
24787,1560,2026-05-08,6,Completed
688,2285,2026-05-08,5,Completed
16222,3461,2026-05-08,2,Cancelled
10705,598,2026-05-08,9,Completed
1877,49,2026-05-08,1,Completed
8838,4381,2026-05-08,6,Completed
10334,1754,2026-05-08,1,Completed
18419,1273,2026-05-08,5,Completed
6548,486,2026-05-08,9,Completed
2284,4797,2026-05-08,5,Completed
16926,1831,2026-05-08,8,Completed
13712,838,2026-05-08,10,Completed
10007,1137,2026-05-08,10,Completed
5089,884,2026-05-08,4,Cancelled
3020,97,2026-05-08,3,Completed
16433,4714,2026-05-09,2,Cancelled
22467,4014,2026-05-09,11,Completed
22242,3678,2026-05-09,10,Completed
18959,1095,2026-05-09,10,Completed
5987,3247,2026-05-09,8,Completed
11441,3109,2026-05-09,7,Cancelled
3534,4165,2026-05-09,10,Completed
8990,1654,2026-05-09,11,Cancelled
18258,4103,2026-05-09,1,Cancelled
11256,1841,2026-05-09,6,Completed
14242,2213,2026-05-09,1,Completed
14223,2909,2026-05-09,11,Completed
15698,3293,2026-05-09,8,Completed
16520,2691,2026-05-09,2,Completed
20957,4166,2026-05-09,2,Completed
14075,3823,2026-05-09,5,Completed
8213,3109,2026-05-09,7,Completed
17542,1976,2026-05-09,12,Completed
865,1736,2026-05-09,8,Completed
23062,4680,2026-05-09,3,Completed
14757,4767,2026-05-09,9,Completed
11247,3012,2026-05-09,4,Completed
17475,1721,2026-05-09,3,Completed
18674,1721,2026-05-09,3,Completed
22418,516,2026-05-09,2,Completed
3858,3482,2026-05-09,12,Completed
16897,4580,2026-05-09,11,Cancelled
16053,4572,2026-05-09,5,Completed
6423,2055,2026-05-09,1,Completed
5191,4479,2026-05-09,2,Completed
22543,4399,2026-05-09,12,Completed
23702,3214,2026-05-10,9,Cancelled
7097,4297,2026-05-10,1,Completed
12946,4797,2026-05-10,5,Completed
16096,1722,2026-05-10,8,Completed
1845,4203,2026-05-10,3,Completed
582,2844,2026-05-10,4,Completed
16083,4528,2026-05-10,12,Completed
1759,4369,2026-05-10,1,Completed
13332,3084,2026-05-10,1,Completed
22034,3150,2026-05-10,12,Completed
13824,382,2026-05-10,11,Completed
344,1867,2026-05-10,12,Completed
2594,3543,2026-05-10,2,Completed
3891,1633,2026-05-10,12,Completed
19491,2246,2026-05-10,9,Completed
12681,15,2026-05-10,8,Completed
21338,32,2026-05-10,3,Completed
18535,607,2026-05-10,5,Completed
12323,2889,2026-05-11,1,Completed
10922,4009,2026-05-11,5,Completed
13351,701,2026-05-11,4,Completed
9252,908,2026-05-11,12,Completed
7138,360,2026-05-11,5,Completed
21567,714,2026-05-11,3,Completed
11785,748,2026-05-11,1,Completed
24451,4275,2026-05-11,6,Completed
2053,2672,2026-05-11,10,Completed
8525,3004,2026-05-11,12,Cancelled
8920,924,2026-05-11,1,Completed
2844,2766,2026-05-11,8,Completed
4052,1093,2026-05-11,10,Completed
13358,1950,2026-05-11,12,Completed
14133,3406,2026-05-11,1,Completed
6119,1793,2026-05-11,1,Completed
7207,1372,2026-05-11,10,Cancelled
7495,537,2026-05-12,2,Completed
23732,3501,2026-05-12,5,Completed
17086,2723,2026-05-12,5,Cancelled
10414,4127,2026-05-12,6,Completed
15162,4214,2026-05-12,11,Completed
24523,2797,2026-05-12,7,Completed
7144,3383,2026-05-12,8,Completed
2112,2875,2026-05-12,8,Completed
5045,2238,2026-05-12,1,Completed
1291,2198,2026-05-12,4,Completed
24564,395,2026-05-12,7,Completed
1364,2547,2026-05-12,9,Completed
14388,47,2026-05-12,3,Completed
15832,602,2026-05-12,11,Cancelled
24555,3309,2026-05-12,3,Cancelled
4357,302,2026-05-12,4,Cancelled
17472,1986,2026-05-12,2,Completed
2891,3207,2026-05-12,5,Completed
1389,3470,2026-05-12,5,Cancelled
1868,2793,2026-05-12,6,Cancelled
8232,4716,2026-05-12,1,Completed
21659,1315,2026-05-12,3,Completed
20857,3214,2026-05-12,9,Completed
9204,394,2026-05-12,6,Completed
20866,4034,2026-05-12,5,Completed
18765,3673,2026-05-13,7,Completed
17535,3607,2026-05-13,7,Completed
17658,105,2026-05-13,2,Completed
14287,2183,2026-05-13,1,Completed
5267,3397,2026-05-13,12,Cancelled
5785,2056,2026-05-13,6,Completed
14516,1000,2026-05-13,11,Completed
21529,3602,2026-05-13,7,Completed
4220,4895,2026-05-13,2,Cancelled
3555,4621,2026-05-13,3,Completed
17343,1711,2026-05-13,9,Completed
16180,877,2026-05-13,1,Cancelled
21732,2347,2026-05-13,11,Completed
5452,2357,2026-05-13,6,Completed
24039,3859,2026-05-13,10,Completed
24452,3021,2026-05-13,2,Completed
19632,680,2026-05-13,1,Completed
21001,2136,2026-05-13,3,Completed
7267,4966,2026-05-13,1,Cancelled
4855,3899,2026-05-13,8,Completed
20271,4024,2026-05-14,7,Completed
24557,3763,2026-05-14,12,Completed
17756,894,2026-05-14,1,Completed
19998,2863,2026-05-14,3,Completed
20514,3804,2026-05-14,1,Cancelled
1171,3339,2026-05-14,4,Cancelled
1693,672,2026-05-14,2,Completed
23313,2058,2026-05-14,7,Completed
8933,4856,2026-05-14,2,Completed
14385,3128,2026-05-14,10,Completed
22402,1799,2026-05-14,10,Completed
19105,3739,2026-05-14,1,Completed
17620,516,2026-05-14,2,Completed
22494,2091,2026-05-14,5,Cancelled
9672,1323,2026-05-14,12,Completed
19328,1119,2026-05-14,7,Cancelled
23191,4986,2026-05-14,12,Completed
16805,1962,2026-05-14,2,Cancelled
1359,33,2026-05-14,3,Completed
540,3467,2026-05-14,1,Cancelled
3373,286,2026-05-14,5,Completed
24845,2988,2026-05-14,5,Cancelled
1719,2837,2026-05-14,11,Completed
22307,711,2026-05-14,5,Completed
3273,2763,2026-05-14,7,Completed
10204,3603,2026-05-15,7,Completed
17751,336,2026-05-15,3,Completed
24813,1343,2026-05-15,9,Completed
5001,2566,2026-05-15,9,Completed
20502,2155,2026-05-15,9,Cancelled
24591,3804,2026-05-15,1,Completed
1129,175,2026-05-15,4,Completed
8279,2876,2026-05-15,3,Cancelled
18008,3824,2026-05-15,2,Cancelled
18622,7,2026-05-15,1,Completed
12804,4766,2026-05-15,9,Cancelled
9339,780,2026-05-15,2,Completed
22746,1251,2026-05-15,10,Completed
13180,4162,2026-05-15,8,Cancelled
7421,666,2026-05-15,10,Completed
3756,1892,2026-05-15,4,Completed
11331,490,2026-05-15,10,Completed
2710,275,2026-05-15,6,Completed
17850,2836,2026-05-15,1,Completed
4790,732,2026-05-15,2,Cancelled
815,702,2026-05-15,12,Cancelled
9273,174,2026-05-15,10,Completed
12244,4074,2026-05-16,5,Cancelled
24001,593,2026-05-16,3,Completed
13329,4429,2026-05-16,4,Completed
17835,4734,2026-05-16,8,Completed
5522,1619,2026-05-16,4,Completed
5674,1470,2026-05-16,11,Completed
22904,3069,2026-05-16,2,Completed
19383,2092,2026-05-16,9,Completed
6453,2280,2026-05-16,5,Completed
5638,3652,2026-05-16,2,Completed
2630,2715,2026-05-16,7,Completed
2254,2159,2026-05-16,1,Completed
13278,1368,2026-05-16,12,Completed
19671,3038,2026-05-16,4,Completed
24595,3008,2026-05-16,2,Completed
5745,4824,2026-05-16,6,Completed
16703,4045,2026-05-16,2,Completed
4513,3469,2026-05-16,10,Completed
22486,2672,2026-05-16,10,Cancelled
9440,976,2026-05-16,11,Completed
3209,3732,2026-05-16,10,Cancelled
2821,1932,2026-05-16,12,Completed
3691,3148,2026-05-16,1,Completed
15899,4375,2026-05-16,12,Completed
9322,2837,2026-05-16,11,Completed
186,1425,2026-05-16,10,Completed
13539,2635,2026-05-16,3,Completed
14379,2728,2026-05-17,11,Completed
8987,4329,2026-05-17,3,Completed
15888,3169,2026-05-17,8,Completed
18314,4031,2026-05-17,5,Completed
16724,4945,2026-05-17,8,Completed
20880,4466,2026-05-17,7,Completed
23280,1448,2026-05-17,7,Completed
24743,659,2026-05-17,1,Cancelled
5066,3909,2026-05-17,2,Completed
5719,3836,2026-05-17,9,Completed
6373,184,2026-05-17,3,Completed
19398,493,2026-05-17,7,Completed
5825,3698,2026-05-17,7,Completed
2671,3144,2026-05-17,4,Completed
23772,3503,2026-05-17,11,Completed
5352,1190,2026-05-18,12,Completed
8277,1928,2026-05-18,5,Completed
5153,2828,2026-05-18,7,Completed
56,852,2026-05-18,4,Completed
1910,3608,2026-05-18,12,Completed
9838,1409,2026-05-18,6,Completed
5576,1648,2026-05-18,12,Completed
7828,3908,2026-05-18,1,Cancelled
513,3486,2026-05-18,9,Completed
23216,1884,2026-05-18,9,Completed
3881,3482,2026-05-18,12,Completed
2551,3499,2026-05-18,10,Completed
13482,2894,2026-05-18,2,Completed
4367,559,2026-05-18,3,Cancelled
2982,4383,2026-05-18,1,Completed
17985,3078,2026-05-18,5,Completed
2961,3647,2026-05-18,7,Completed
9856,2538,2026-05-18,5,Completed
3571,63,2026-05-18,9,Completed
7396,1044,2026-05-18,3,Completed
20613,4484,2026-05-18,11,Cancelled
14382,2486,2026-05-18,9,Completed
14616,4197,2026-05-18,8,Completed
18402,1693,2026-05-18,9,Completed
18735,602,2026-05-19,11,Completed
24902,4070,2026-05-19,8,Completed
17571,1834,2026-05-19,2,Completed
20849,2287,2026-05-19,3,Completed
23975,1937,2026-05-19,5,Completed
22445,4106,2026-05-19,3,Completed
12464,3063,2026-05-19,3,Completed
19333,849,2026-05-19,8,Completed
20962,1521,2026-05-19,7,Completed
17947,4371,2026-05-19,9,Completed
1376,1609,2026-05-19,1,Cancelled
8019,838,2026-05-19,10,Completed
2001,2563,2026-05-19,2,Completed
11631,4800,2026-05-19,11,Completed
6916,4425,2026-05-19,2,Completed
16704,2755,2026-05-19,3,Completed
23499,4515,2026-05-19,1,Completed
24128,3675,2026-05-19,6,Completed
23221,998,2026-05-19,8,Completed
752,844,2026-05-19,4,Completed
11992,1968,2026-05-19,9,Completed
15451,257,2026-05-19,1,Cancelled
13950,4964,2026-05-19,10,Completed
9961,1162,2026-05-19,12,Completed
14502,2919,2026-05-19,1,Completed
9243,749,2026-05-19,2,Completed
17024,1785,2026-05-19,12,Completed
1828,14,2026-05-20,4,Completed
10351,426,2026-05-20,9,Completed
807,4941,2026-05-20,2,Completed
12171,3623,2026-05-20,10,Completed
12624,337,2026-05-20,12,Completed
11513,4168,2026-05-20,4,Cancelled
11024,2321,2026-05-20,11,Completed
18475,3940,2026-05-20,8,Cancelled
17795,3134,2026-05-20,8,Completed
257,2412,2026-05-20,1,Cancelled
17363,1233,2026-05-20,4,Completed
3385,3478,2026-05-20,3,Cancelled
12346,4241,2026-05-20,9,Completed
17760,2236,2026-05-20,3,Cancelled
5341,1834,2026-05-20,2,Completed
14554,2878,2026-05-21,8,Cancelled
1583,742,2026-05-21,2,Completed
3887,3872,2026-05-21,3,Completed
10945,4768,2026-05-21,9,Completed
6308,2646,2026-05-21,11,Completed
11837,214,2026-05-21,9,Completed
15582,1372,2026-05-21,10,Completed
21564,761,2026-05-21,11,Completed
2819,2901,2026-05-21,6,Cancelled
1607,3475,2026-05-21,3,Completed
8377,4305,2026-05-21,10,Completed
6188,2781,2026-05-21,10,Completed
10831,905,2026-05-21,5,Completed
19864,353,2026-05-21,10,Completed
22888,3147,2026-05-21,12,Completed
14005,4021,2026-05-21,7,Completed
3805,2226,2026-05-21,9,Completed
5405,4727,2026-05-21,1,Completed
16871,2813,2026-05-21,1,Completed
1635,3297,2026-05-22,9,Completed
6291,4175,2026-05-22,5,Completed
20083,3647,2026-05-22,7,Completed
16487,493,2026-05-22,7,Completed
14064,4767,2026-05-22,9,Completed
23984,2076,2026-05-22,1,Cancelled
16634,2883,2026-05-22,6,Completed
2789,4753,2026-05-22,7,Completed
11492,3441,2026-05-22,1,Completed
5430,1089,2026-05-22,8,Cancelled
11865,1968,2026-05-22,9,Completed
11488,2483,2026-05-22,11,Completed
7355,2377,2026-05-22,4,Completed
21450,1238,2026-05-22,11,Completed
18839,4022,2026-05-22,1,Completed
2092,4464,2026-05-22,1,Completed
13674,4029,2026-05-22,8,Completed
15053,254,2026-05-22,2,Cancelled
21546,1029,2026-05-22,1,Completed
11258,3391,2026-05-22,4,Completed
9146,4872,2026-05-22,1,Completed
12358,580,2026-05-22,7,Completed
4263,82,2026-05-22,12,Completed
23479,2941,2026-05-22,10,Completed
15485,805,2026-05-22,7,Completed
11856,1436,2026-05-23,5,Completed
20252,2612,2026-05-23,7,Cancelled
22954,3425,2026-05-23,1,Completed
19210,3997,2026-05-23,8,Completed
224,4562,2026-05-23,6,Cancelled
10553,325,2026-05-23,1,Completed
17992,251,2026-05-23,1,Completed
3081,2148,2026-05-23,11,Completed
24390,317,2026-05-23,5,Cancelled
16763,4302,2026-05-23,11,Completed
7389,3161,2026-05-23,7,Completed
19184,921,2026-05-23,10,Completed
15992,1620,2026-05-23,4,Completed
2328,1256,2026-05-23,7,Completed
20278,1267,2026-05-23,1,Cancelled
5528,3541,2026-05-23,3,Completed
1548,1178,2026-05-23,7,Completed
11412,481,2026-05-23,5,Completed
13735,4263,2026-05-23,5,Completed
24500,3319,2026-05-23,3,Completed
16528,317,2026-05-23,5,Completed
24515,341,2026-05-23,1,Completed
11803,2126,2026-05-23,7,Cancelled
7261,3860,2026-05-23,12,Completed
13154,1259,2026-05-23,8,Cancelled
3276,2645,2026-05-23,3,Cancelled
15488,4244,2026-05-23,1,Completed
20226,2844,2026-05-24,4,Completed
16146,3518,2026-05-24,11,Completed
1380,2703,2026-05-24,9,Completed
12472,1746,2026-05-24,3,Completed
3332,2973,2026-05-24,1,Completed
3429,3483,2026-05-24,3,Cancelled
18103,2059,2026-05-24,10,Cancelled
2996,3658,2026-05-24,11,Completed
5664,4639,2026-05-24,1,Completed
5679,238,2026-05-24,10,Completed
3355,2821,2026-05-24,2,Cancelled
2060,4710,2026-05-24,3,Completed
4318,90,2026-05-24,2,Cancelled
16738,3012,2026-05-24,4,Cancelled
21974,1860,2026-05-24,10,Completed
38,854,2026-05-24,11,Completed
4017,1415,2026-05-24,10,Completed
16534,852,2026-05-24,4,Completed
9296,4595,2026-05-24,12,Completed
17184,2822,2026-05-24,6,Completed
13342,2320,2026-05-24,7,Completed
7886,1760,2026-05-24,6,Cancelled
218,1041,2026-05-24,7,Completed
21046,1081,2026-05-24,1,Completed
638,3435,2026-05-24,12,Cancelled
24442,4258,2026-05-25,2,Completed
19032,702,2026-05-25,12,Completed
7001,1979,2026-05-25,1,Completed
23771,2067,2026-05-25,9,Cancelled
15525,3630,2026-05-25,8,Cancelled
13093,1226,2026-05-25,11,Completed
8610,3075,2026-05-25,11,Completed
1543,4664,2026-05-25,7,Cancelled
14159,1993,2026-05-25,9,Completed
9962,3920,2026-05-25,7,Cancelled
1626,1470,2026-05-25,11,Completed
1855,4799,2026-05-25,5,Completed
3158,37,2026-05-25,6,Cancelled
6870,3086,2026-05-25,8,Completed
6849,1053,2026-05-25,11,Cancelled
10126,1406,2026-05-25,11,Completed
8852,84,2026-05-25,12,Cancelled
19576,4704,2026-05-25,7,Completed
21997,364,2026-05-25,11,Completed
8805,233,2026-05-25,4,Completed
17496,2321,2026-05-25,11,Cancelled
6419,3461,2026-05-25,2,Cancelled
8651,4902,2026-05-25,4,Completed
3058,2621,2026-05-25,12,Completed
12704,4212,2026-05-25,10,Completed
11828,2832,2026-05-25,11,Completed
5077,653,2026-05-26,9,Completed
7464,805,2026-05-26,7,Completed
8673,4680,2026-05-26,3,Completed
11279,3150,2026-05-26,12,Completed
6029,2306,2026-05-26,11,Completed
6757,2611,2026-05-26,1,Completed
17814,2803,2026-05-26,10,Completed
9626,2391,2026-05-26,6,Completed
10394,1785,2026-05-26,12,Completed
10625,3912,2026-05-26,12,Cancelled
14346,1603,2026-05-26,2,Completed
6076,4811,2026-05-26,9,Completed
21407,2273,2026-05-26,1,Completed
3449,3477,2026-05-26,6,Completed
19598,4336,2026-05-26,12,Completed
23498,1783,2026-05-26,1,Cancelled
10487,1554,2026-05-26,7,Completed
7434,2094,2026-05-26,6,Cancelled
13382,3786,2026-05-26,3,Completed
20318,2211,2026-05-26,1,Completed
9871,4344,2026-05-26,1,Completed
7876,4567,2026-05-26,2,Completed
3983,2932,2026-05-26,2,Completed
15874,2173,2026-05-26,1,Cancelled
15310,4608,2026-05-26,2,Completed
10834,1186,2026-05-26,8,Cancelled
12028,3595,2026-05-26,3,Completed
10421,4720,2026-05-26,10,Cancelled
10657,1102,2026-05-27,4,Completed
7984,108,2026-05-27,1,Completed
2309,3795,2026-05-27,8,Cancelled
15013,3719,2026-05-27,10,Completed
4548,246,2026-05-27,1,Completed
7178,3976,2026-05-27,4,Completed
14022,4818,2026-05-27,3,Completed
21637,4167,2026-05-27,3,Completed
6877,1530,2026-05-27,11,Completed
22488,2564,2026-05-27,9,Completed
5919,2524,2026-05-27,7,Completed
11141,1228,2026-05-27,11,Completed
18672,2945,2026-05-27,3,Completed
11894,882,2026-05-27,1,Completed
21475,2259,2026-05-27,7,Completed
12426,1466,2026-05-27,1,Cancelled
7226,1352,2026-05-27,3,Completed
11881,1619,2026-05-27,4,Completed
3917,3438,2026-05-27,7,Completed
1051,328,2026-05-27,2,Cancelled
13181,2772,2026-05-27,8,Completed
19471,4831,2026-05-27,1,Completed
691,3061,2026-05-27,1,Cancelled
15824,4339,2026-05-27,6,Completed
23522,3427,2026-05-28,1,Completed
18067,3964,2026-05-28,6,Completed
4067,1506,2026-05-28,12,Completed
18011,4464,2026-05-28,1,Completed
24112,1344,2026-05-28,7,Cancelled
23619,3585,2026-05-28,12,Completed
7221,140,2026-05-28,7,Cancelled
18295,4140,2026-05-28,11,Completed
11137,3515,2026-05-28,12,Completed
6030,438,2026-05-28,10,Completed
20114,3427,2026-05-28,1,Completed
24261,3870,2026-05-28,6,Completed
15981,1358,2026-05-28,3,Completed
1331,3803,2026-05-28,1,Completed
18318,2444,2026-05-28,1,Completed
20015,3339,2026-05-28,4,Cancelled
6279,3186,2026-05-28,12,Cancelled
11779,541,2026-05-28,6,Completed
20432,2887,2026-05-28,4,Cancelled
3086,2038,2026-05-28,6,Completed
19067,3720,2026-05-28,2,Completed
18242,1705,2026-05-28,8,Completed
19979,4286,2026-05-28,1,Completed
13758,4810,2026-05-28,2,Completed
3595,2981,2026-05-28,1,Completed
12371,2330,2026-05-28,11,Completed
21541,2655,2026-05-29,11,Completed
14518,4891,2026-05-29,8,Completed
8063,3985,2026-05-29,6,Completed
12987,540,2026-05-29,2,Completed
17119,476,2026-05-29,10,Completed
6134,3308,2026-05-29,1,Completed
20458,1161,2026-05-29,6,Completed
8330,4556,2026-05-29,1,Completed
13490,2438,2026-05-29,9,Completed
24761,2624,2026-05-29,5,Completed
24965,3587,2026-05-29,9,Completed
2987,1850,2026-05-29,5,Completed
24437,643,2026-05-29,3,Completed
17766,3983,2026-05-29,5,Completed
11224,252,2026-05-29,8,Completed
11043,4515,2026-05-29,1,Completed
24472,1123,2026-05-29,2,Completed
15155,914,2026-05-29,11,Completed
15867,3488,2026-05-29,2,Cancelled
6433,566,2026-05-29,9,Completed
10764,927,2026-05-29,3,Completed
9077,4497,2026-05-29,3,Cancelled
5858,7,2026-05-29,1,Completed
15175,3250,2026-05-29,6,Completed
23946,1436,2026-05-29,5,Completed
15581,2193,2026-05-29,3,Completed
9495,2441,2026-05-29,2,Cancelled
623,3068,2026-05-29,12,Completed
11858,4675,2026-05-30,1,Completed
20029,1658,2026-05-30,8,Completed
7314,4102,2026-05-30,8,Completed
19852,1058,2026-05-30,9,Cancelled
24688,3831,2026-05-30,1,Completed
4280,2854,2026-05-30,7,Completed
2140,4219,2026-05-30,12,Completed
14282,2255,2026-05-30,7,Completed
4204,4229,2026-05-30,11,Completed
11098,4039,2026-05-30,1,Completed
13667,1015,2026-05-30,7,Completed
19377,4638,2026-05-30,2,Completed
5720,1803,2026-05-30,11,Completed
7116,3590,2026-05-30,1,Completed
573,486,2026-05-30,9,Completed
5,4522,2026-05-30,1,Completed
11900,4174,2026-05-30,12,Completed
923,539,2026-05-30,3,Completed
3297,2990,2026-05-30,7,Cancelled
18016,2366,2026-05-30,3,Completed
18009,2038,2026-05-30,6,Completed
8310,924,2026-05-30,1,Completed
5385,4555,2026-05-30,1,Completed
22754,3144,2026-05-30,4,Cancelled
9348,3530,2026-05-30,2,Completed
2826,2129,2026-05-30,3,Cancelled
13811,2398,2026-05-30,2,Completed
13621,3041,2026-05-31,3,Completed
3732,3252,2026-05-31,5,Completed
11200,1300,2026-05-31,6,Completed
19285,2248,2026-05-31,5,Completed
1438,1047,2026-05-31,4,Completed
3844,74,2026-05-31,6,Completed
5141,301,2026-05-31,1,Cancelled
3109,1051,2026-05-31,4,Completed
15082,1115,2026-05-31,6,Cancelled
8234,3656,2026-05-31,12,Cancelled
8495,2510,2026-05-31,1,Completed
4729,374,2026-05-31,10,Cancelled
4648,4219,2026-05-31,12,Cancelled
6008,580,2026-05-31,7,Completed
542,1900,2026-05-31,12,Completed
4223,2562,2026-05-31,12,Completed
20543,3841,2026-05-31,8,Completed
14279,549,2026-05-31,2,Completed
1666,382,2026-05-31,11,Completed
5862,3181,2026-05-31,1,Cancelled
1869,1377,2026-05-31,3,Completed
1110,4161,2026-05-31,3,Completed
472,798,2026-06-01,6,Completed
7615,1425,2026-06-01,10,Cancelled
3292,840,2026-06-01,8,Completed
22641,1879,2026-06-01,12,Completed
7842,1946,2026-06-01,5,Completed
16550,3187,2026-06-01,7,Completed
235,2648,2026-06-01,12,Completed
9328,3224,2026-06-01,3,Completed
21022,4441,2026-06-01,8,Completed
2597,4291,2026-06-01,1,Completed
23463,466,2026-06-01,3,Completed
15872,1713,2026-06-01,8,Completed
12798,3365,2026-06-01,3,Completed
24022,4947,2026-06-01,5,Cancelled
2616,1518,2026-06-01,10,Completed
15470,457,2026-06-01,12,Completed
6082,4708,2026-06-01,2,Completed
16598,2200,2026-06-01,1,Completed
2271,1214,2026-06-01,8,Completed
22637,3255,2026-06-02,12,Completed
19738,4076,2026-06-02,5,Completed
19229,4455,2026-06-02,1,Completed
20498,2014,2026-06-02,4,Completed
7125,2394,2026-06-02,5,Completed
17097,298,2026-06-02,7,Completed
15836,4533,2026-06-02,3,Completed
13805,4580,2026-06-02,11,Completed
6668,2966,2026-06-02,1,Cancelled
21263,3676,2026-06-02,11,Cancelled
6507,1446,2026-06-02,10,Completed
927,134,2026-06-02,10,Completed
14486,491,2026-06-02,2,Completed
3800,3908,2026-06-02,1,Completed
15158,3846,2026-06-02,7,Completed
435,3206,2026-06-02,7,Cancelled
8683,4715,2026-06-02,11,Cancelled
15312,3273,2026-06-02,4,Cancelled
782,2453,2026-06-02,1,Completed
13025,4374,2026-06-02,11,Completed
6868,3520,2026-06-02,3,Cancelled
10536,493,2026-06-02,7,Completed
12196,4606,2026-06-02,4,Completed
1603,3640,2026-06-02,3,Completed
10858,59,2026-06-02,6,Completed
3565,821,2026-06-02,10,Cancelled
7502,664,2026-06-03,5,Completed
24837,3278,2026-06-03,2,Completed
8782,4908,2026-06-03,2,Completed
15526,4840,2026-06-03,7,Completed
5700,807,2026-06-03,1,Completed
22219,3148,2026-06-03,1,Completed
20872,50,2026-06-03,5,Completed
7393,1824,2026-06-03,1,Completed
6127,2244,2026-06-03,10,Completed
12827,3252,2026-06-03,5,Completed
9881,2813,2026-06-03,1,Completed
19062,1746,2026-06-03,3,Completed
21630,77,2026-06-03,8,Completed
21624,1272,2026-06-03,3,Cancelled
20926,2247,2026-06-03,8,Completed
10256,2812,2026-06-03,6,Completed
14188,4914,2026-06-03,12,Completed
5608,605,2026-06-03,6,Completed
19547,3255,2026-06-03,12,Completed
3306,1058,2026-06-03,9,Completed
18490,2117,2026-06-03,4,Cancelled
7508,2000,2026-06-03,2,Completed
19668,2922,2026-06-04,6,Completed
134,1348,2026-06-04,5,Completed
18427,4176,2026-06-04,2,Completed
24819,1311,2026-06-04,8,Cancelled
23668,1731,2026-06-04,2,Completed
4939,1915,2026-06-04,11,Completed
6787,974,2026-06-04,3,Completed
16363,1722,2026-06-04,8,Completed
13273,2111,2026-06-04,4,Completed
12714,3759,2026-06-04,2,Completed
22464,2780,2026-06-04,2,Completed
24744,1342,2026-06-04,12,Completed
2390,2282,2026-06-04,3,Completed
21883,3123,2026-06-04,2,Completed
7262,416,2026-06-04,8,Cancelled
5966,1461,2026-06-04,2,Completed
15889,969,2026-06-04,2,Completed
24911,4281,2026-06-04,2,Completed
17223,2356,2026-06-04,4,Completed
13071,894,2026-06-04,1,Completed
1885,3025,2026-06-04,4,Completed
674,4271,2026-06-04,1,Completed
4886,1627,2026-06-04,9,Completed
3792,619,2026-06-04,1,Completed
6925,3920,2026-06-04,7,Completed
23793,4119,2026-06-05,8,Completed
16938,537,2026-06-05,2,Completed
4700,4657,2026-06-05,5,Completed
22085,2173,2026-06-05,1,Completed
24256,2410,2026-06-05,6,Completed
24573,327,2026-06-05,10,Completed
11813,1499,2026-06-05,12,Completed
17444,1632,2026-06-05,2,Completed
15930,3179,2026-06-05,12,Completed
23438,1381,2026-06-05,3,Completed
24175,3848,2026-06-05,8,Cancelled
1360,4646,2026-06-05,5,Completed
2890,584,2026-06-05,2,Completed
14942,4370,2026-06-05,11,Completed
17201,1214,2026-06-05,8,Completed
12887,1458,2026-06-05,7,Completed
15864,2114,2026-06-05,6,Completed
15190,1110,2026-06-05,9,Completed
14753,1809,2026-06-05,3,Completed
24019,1175,2026-06-05,6,Completed
1899,285,2026-06-05,4,Completed
23527,4578,2026-06-05,6,Cancelled
723,2993,2026-06-05,10,Completed
17973,1615,2026-06-05,5,Completed
8446,2971,2026-06-05,9,Completed
12158,1867,2026-06-06,12,Completed
23195,2108,2026-06-06,11,Completed
8842,2207,2026-06-06,2,Cancelled
20512,1421,2026-06-06,10,Completed
8815,4283,2026-06-06,5,Cancelled
13029,2432,2026-06-06,3,Completed
9590,2758,2026-06-06,7,Completed
22791,3563,2026-06-06,6,Completed
1103,1026,2026-06-06,7,Completed
5320,4952,2026-06-06,11,Completed
11763,1038,2026-06-06,3,Completed
2751,3217,2026-06-06,7,Cancelled
6372,3855,2026-06-06,1,Completed
14034,3145,2026-06-06,11,Completed
17041,3092,2026-06-06,5,Completed
12065,151,2026-06-06,4,Cancelled
23675,1252,2026-06-06,3,Completed
20289,59,2026-06-07,6,Completed
2743,2657,2026-06-07,3,Completed
1403,834,2026-06-07,11,Completed
18824,2163,2026-06-07,10,Completed
14851,2670,2026-06-07,2,Cancelled
10068,4071,2026-06-07,7,Completed
6605,4388,2026-06-07,1,Completed
15870,3171,2026-06-07,10,Completed
16764,1569,2026-06-07,11,Cancelled
19644,1739,2026-06-07,3,Completed
3032,586,2026-06-07,7,Completed
19345,4675,2026-06-07,1,Completed
10415,3100,2026-06-07,4,Cancelled
20161,3522,2026-06-07,6,Cancelled
4487,4523,2026-06-07,2,Completed
16646,3212,2026-06-07,11,Completed
4112,3063,2026-06-07,3,Completed
24509,1497,2026-06-07,3,Completed
14639,4938,2026-06-07,2,Cancelled
10512,2646,2026-06-07,11,Cancelled
6345,1929,2026-06-07,7,Completed
8693,3764,2026-06-07,6,Completed
9873,1433,2026-06-07,11,Completed
24857,4193,2026-06-07,2,Completed
6015,3286,2026-06-08,4,Completed
946,1635,2026-06-08,5,Completed
6032,1445,2026-06-08,9,Completed
7309,4544,2026-06-08,9,Completed
24735,2576,2026-06-08,2,Completed
17104,4678,2026-06-08,5,Cancelled
6389,1029,2026-06-08,1,Completed
23264,3334,2026-06-08,9,Completed
8961,4073,2026-06-08,5,Completed
5552,4304,2026-06-08,7,Completed
7697,313,2026-06-08,7,Completed
23169,3115,2026-06-08,8,Completed
15616,1713,2026-06-08,8,Cancelled
6641,3665,2026-06-08,5,Completed
4224,2951,2026-06-08,2,Completed
6779,679,2026-06-08,8,Completed
13806,312,2026-06-08,12,Cancelled
791,3254,2026-06-08,1,Cancelled
6688,1400,2026-06-08,7,Completed
24666,3211,2026-06-08,1,Cancelled
16963,643,2026-06-08,3,Completed
17303,2010,2026-06-09,8,Completed
7408,2316,2026-06-09,4,Completed
19699,1024,2026-06-09,2,Completed
3501,771,2026-06-09,5,Completed
9827,3223,2026-06-09,3,Completed
2693,3664,2026-06-09,8,Completed
23685,1732,2026-06-09,3,Completed
21503,879,2026-06-09,2,Completed
1303,526,2026-06-09,9,Completed
21492,802,2026-06-09,9,Cancelled
22111,1785,2026-06-09,12,Cancelled
16395,1533,2026-06-09,5,Completed
4657,55,2026-06-09,9,Completed
10524,1527,2026-06-09,3,Completed
17948,3580,2026-06-09,11,Completed
15798,1784,2026-06-09,7,Completed
9452,3253,2026-06-10,11,Completed
8421,1694,2026-06-10,4,Completed
11235,2792,2026-06-10,7,Completed
1768,3304,2026-06-10,7,Completed
14325,3153,2026-06-10,12,Completed
14563,4704,2026-06-10,7,Completed
19484,2153,2026-06-10,5,Completed
17365,3499,2026-06-10,10,Completed
23160,1307,2026-06-10,8,Completed
9248,4535,2026-06-10,8,Completed
18840,2627,2026-06-10,7,Completed
13829,3976,2026-06-10,4,Completed
4469,2876,2026-06-10,3,Completed
20855,4041,2026-06-11,12,Cancelled
9244,4216,2026-06-11,11,Completed
18104,3418,2026-06-11,2,Completed
11308,2255,2026-06-11,7,Completed
19847,1865,2026-06-11,5,Completed
4315,204,2026-06-11,1,Completed
22000,1034,2026-06-11,2,Cancelled
2796,3507,2026-06-11,11,Cancelled
1283,3201,2026-06-11,11,Cancelled
8969,878,2026-06-11,5,Cancelled
3236,3901,2026-06-11,8,Completed
24935,2099,2026-06-11,11,Completed
17744,1021,2026-06-11,11,Cancelled
2188,3109,2026-06-11,7,Completed
4128,3515,2026-06-11,12,Completed
2557,780,2026-06-11,2,Completed
22055,3008,2026-06-11,2,Completed
19098,3212,2026-06-11,11,Completed
4397,4720,2026-06-11,10,Completed
3666,2343,2026-06-11,10,Completed
16477,3458,2026-06-11,5,Cancelled
11192,4109,2026-06-11,10,Completed
21535,4109,2026-06-11,10,Completed
13976,3979,2026-06-11,8,Completed
986,3522,2026-06-11,6,Completed
24916,734,2026-06-11,7,Completed
9907,1406,2026-06-11,11,Completed
21043,1676,2026-06-11,2,Completed
18568,4945,2026-06-11,8,Completed
1323,2578,2026-06-11,10,Completed
23748,1708,2026-06-11,10,Completed
11533,4038,2026-06-11,3,Completed
19853,4279,2026-06-11,12,Completed
6654,2487,2026-06-11,3,Completed
9429,2415,2026-06-11,4,Completed
5581,4083,2026-06-12,1,Completed
1987,454,2026-06-12,3,Completed
20202,1995,2026-06-12,3,Completed
4091,4802,2026-06-12,12,Completed
16688,490,2026-06-12,10,Completed
11404,4588,2026-06-12,2,Completed
3001,996,2026-06-12,6,Completed
6756,991,2026-06-12,2,Completed
15427,3663,2026-06-12,4,Cancelled
8195,4805,2026-06-12,4,Completed
4984,2497,2026-06-12,7,Completed
17080,1311,2026-06-12,8,Completed
9014,1106,2026-06-12,3,Completed
14874,2547,2026-06-12,9,Cancelled
13558,3655,2026-06-12,4,Completed
5896,3640,2026-06-12,3,Completed
3717,768,2026-06-12,10,Cancelled
13412,1878,2026-06-12,6,Completed
24324,2239,2026-06-12,12,Completed
17941,4857,2026-06-12,12,Completed
1943,4263,2026-06-12,5,Completed
6107,3819,2026-06-12,11,Completed
5422,4335,2026-06-12,5,Completed
16119,1394,2026-06-13,8,Completed
19899,2985,2026-06-13,1,Cancelled
11675,2929,2026-06-13,3,Cancelled
20934,174,2026-06-13,10,Completed
5480,2658,2026-06-13,11,Cancelled
4554,307,2026-06-13,4,Completed
18792,1354,2026-06-13,5,Completed
14713,3689,2026-06-13,12,Completed
19390,59,2026-06-13,6,Completed
10098,3542,2026-06-13,8,Completed
21349,2246,2026-06-13,9,Completed
6807,3514,2026-06-13,1,Completed
21275,497,2026-06-13,8,Completed
12817,2679,2026-06-13,8,Completed
2758,3002,2026-06-13,3,Completed
19025,1157,2026-06-13,2,Completed
6851,4032,2026-06-13,3,Cancelled
2813,1355,2026-06-13,7,Completed
21839,2255,2026-06-13,7,Completed
15991,1490,2026-06-13,3,Completed
3664,64,2026-06-13,9,Cancelled
12253,594,2026-06-13,9,Cancelled
7538,3545,2026-06-13,11,Completed
11049,3702,2026-06-13,3,Completed
18699,3333,2026-06-13,9,Cancelled
649,3025,2026-06-14,4,Completed
21823,4260,2026-06-14,7,Completed
13129,4805,2026-06-14,4,Completed
8529,2941,2026-06-14,10,Completed
1896,1002,2026-06-14,5,Completed
3370,3506,2026-06-14,2,Cancelled
22395,332,2026-06-14,1,Cancelled
19152,2532,2026-06-14,8,Completed
2395,1156,2026-06-14,8,Completed
15842,1608,2026-06-14,1,Completed
15738,1238,2026-06-14,11,Completed
7536,4248,2026-06-14,11,Cancelled
6436,137,2026-06-14,11,Completed
15330,393,2026-06-14,12,Completed
11589,748,2026-06-14,1,Completed
12719,4631,2026-06-14,12,Completed
4452,1380,2026-06-14,11,Cancelled
18497,1811,2026-06-14,7,Completed
11272,4490,2026-06-14,2,Cancelled
11704,3071,2026-06-14,8,Completed
17,2455,2026-06-14,2,Completed
11602,372,2026-06-14,1,Completed
5101,4706,2026-06-15,2,Cancelled
12390,687,2026-06-15,3,Completed
6908,2121,2026-06-15,2,Completed
20654,3468,2026-06-15,12,Completed
15552,2706,2026-06-15,10,Completed
20307,2255,2026-06-15,7,Completed
23652,1087,2026-06-15,8,Completed
22247,778,2026-06-15,6,Cancelled
17909,4998,2026-06-15,8,Cancelled
21345,781,2026-06-15,8,Completed
17633,4562,2026-06-15,6,Completed
15421,1076,2026-06-15,3,Completed
6116,4252,2026-06-15,1,Completed
22370,4095,2026-06-15,8,Completed
8783,2486,2026-06-15,9,Completed
10457,9,2026-06-15,11,Completed
920,4748,2026-06-16,7,Completed
13178,1406,2026-06-16,11,Completed
9163,2066,2026-06-16,9,Completed
22695,1416,2026-06-16,6,Cancelled
20679,3053,2026-06-16,12,Cancelled
19196,524,2026-06-16,11,Completed
20026,1001,2026-06-16,12,Cancelled
5317,821,2026-06-16,10,Completed
9095,1574,2026-06-16,1,Completed
9290,1102,2026-06-16,4,Cancelled
21111,2819,2026-06-16,6,Completed
1128,3201,2026-06-16,11,Completed
3927,874,2026-06-16,4,Completed
20081,2030,2026-06-16,12,Completed
11341,83,2026-06-16,12,Completed
8280,1219,2026-06-16,2,Completed
980,3643,2026-06-16,6,Completed
21361,2793,2026-06-16,6,Completed
9280,1548,2026-06-16,11,Cancelled
21868,1095,2026-06-17,10,Completed
5615,4415,2026-06-17,2,Completed
19022,4164,2026-06-17,1,Completed
380,2787,2026-06-17,7,Completed
9529,248,2026-06-17,10,Cancelled
15159,3483,2026-06-17,3,Completed
17635,202,2026-06-17,7,Completed
994,2792,2026-06-17,7,Completed
6180,4304,2026-06-17,7,Completed
9845,538,2026-06-17,2,Completed
22617,3966,2026-06-17,2,Completed
1647,4074,2026-06-17,5,Cancelled
10571,2753,2026-06-17,10,Completed
6942,2879,2026-06-17,1,Cancelled
12972,285,2026-06-17,4,Completed
12782,1153,2026-06-18,3,Completed
3640,995,2026-06-18,1,Completed
19703,4911,2026-06-18,8,Completed
18460,3293,2026-06-18,8,Completed
7469,1259,2026-06-18,8,Completed
22529,838,2026-06-18,10,Completed
17275,4831,2026-06-18,1,Completed
5005,4585,2026-06-18,12,Completed
23694,3813,2026-06-18,11,Completed
2297,747,2026-06-18,9,Cancelled
17583,4615,2026-06-18,2,Completed
4512,611,2026-06-18,4,Completed
16148,1130,2026-06-18,2,Completed
17730,3812,2026-06-18,4,Cancelled
2270,351,2026-06-18,11,Completed
15241,2463,2026-06-18,10,Completed
11401,279,2026-06-18,5,Completed
526,1934,2026-06-18,4,Completed
10265,1453,2026-06-18,10,Completed
438,393,2026-06-18,12,Completed
23931,286,2026-06-19,5,Completed
12702,1799,2026-06-19,10,Cancelled
2171,2499,2026-06-19,6,Completed
14670,2062,2026-06-19,11,Completed
5649,4727,2026-06-19,1,Completed
18227,1184,2026-06-19,5,Completed
16905,3338,2026-06-19,7,Completed
6440,4513,2026-06-19,6,Completed
8149,1619,2026-06-19,4,Completed
23401,953,2026-06-19,3,Completed
1527,2427,2026-06-19,12,Completed
11219,3155,2026-06-19,10,Completed
13877,992,2026-06-19,7,Completed
5898,2676,2026-06-19,3,Cancelled
8010,3867,2026-06-19,8,Completed
20635,2922,2026-06-19,6,Completed
4254,123,2026-06-19,10,Completed
22908,839,2026-06-19,4,Cancelled
17325,3109,2026-06-19,7,Completed
9017,1160,2026-06-19,6,Cancelled
14575,4375,2026-06-19,12,Completed
6031,670,2026-06-19,1,Completed
9531,592,2026-06-19,3,Completed
17305,1521,2026-06-19,7,Completed
11547,229,2026-06-19,6,Completed
4560,2923,2026-06-19,10,Completed
17075,2505,2026-06-19,9,Completed
8381,511,2026-06-20,2,Completed
5301,507,2026-06-20,6,Cancelled
18481,21,2026-06-20,1,Completed
18984,3520,2026-06-20,3,Completed
12655,171,2026-06-20,7,Completed
11932,472,2026-06-20,11,Cancelled
6306,1658,2026-06-20,8,Completed
10395,1027,2026-06-20,6,Completed
16816,3026,2026-06-20,1,Completed
18698,3606,2026-06-20,3,Completed
6572,3890,2026-06-20,4,Completed
20064,980,2026-06-20,2,Completed
14752,3552,2026-06-20,2,Completed
11305,1747,2026-06-20,1,Cancelled
20931,904,2026-06-20,11,Completed
9906,1240,2026-06-20,11,Completed
9637,226,2026-06-20,4,Cancelled
22919,1201,2026-06-20,6,Completed
4116,4375,2026-06-20,12,Completed
18409,1523,2026-06-20,4,Cancelled
5073,1609,2026-06-20,1,Cancelled
22672,802,2026-06-20,9,Completed
23758,98,2026-06-20,1,Completed
23480,661,2026-06-20,5,Completed
16800,2670,2026-06-20,2,Completed
2895,2979,2026-06-20,10,Cancelled
3748,808,2026-06-20,2,Completed
22652,2560,2026-06-20,2,Completed
21021,2035,2026-06-20,5,Completed
21298,4347,2026-06-20,3,Completed
14936,1029,2026-06-20,1,Completed
4227,4544,2026-06-20,9,Completed
20407,101,2026-06-20,10,Completed
13353,2793,2026-06-20,6,Cancelled
1717,923,2026-06-20,9,Completed
5630,3611,2026-06-20,3,Completed
2042,106,2026-06-20,4,Completed
1614,1349,2026-06-21,6,Cancelled
3560,523,2026-06-21,2,Completed
17320,3959,2026-06-21,7,Completed
11750,4430,2026-06-21,12,Completed
21832,523,2026-06-21,2,Completed
2638,312,2026-06-21,12,Completed
17555,4319,2026-06-21,1,Completed
3674,2072,2026-06-21,5,Completed
9424,4759,2026-06-21,7,Completed
19888,4223,2026-06-21,4,Completed
14863,191,2026-06-21,12,Completed
15875,1940,2026-06-21,1,Completed
4060,953,2026-06-21,3,Completed
13550,3015,2026-06-21,5,Cancelled
18849,3642,2026-06-21,4,Completed
18858,3458,2026-06-21,5,Cancelled
1697,3441,2026-06-21,1,Cancelled
21975,3398,2026-06-21,1,Completed
3878,3160,2026-06-21,8,Cancelled
10460,2988,2026-06-21,5,Cancelled
21898,2234,2026-06-21,11,Completed
9167,3113,2026-06-21,11,Completed
18342,2453,2026-06-21,1,Cancelled
7602,3149,2026-06-21,8,Completed
8523,345,2026-06-21,7,Completed
6761,3109,2026-06-21,7,Completed
16548,790,2026-06-21,2,Completed
7979,90,2026-06-21,2,Completed
6812,2977,2026-06-21,12,Cancelled
12161,3686,2026-06-21,2,Completed
14086,2880,2026-06-21,6,Completed
19037,4048,2026-06-21,12,Completed
8351,498,2026-06-21,8,Completed
18505,4047,2026-06-22,12,Cancelled
24636,4555,2026-06-22,1,Completed
15240,878,2026-06-22,5,Completed
4139,2469,2026-06-22,3,Completed
8773,1230,2026-06-22,12,Completed
21330,2976,2026-06-22,11,Completed
20885,248,2026-06-22,10,Completed
24030,3293,2026-06-22,8,Completed
14550,754,2026-06-22,9,Completed
13898,4395,2026-06-22,10,Cancelled
18105,4363,2026-06-22,3,Cancelled
14077,3214,2026-06-22,9,Completed
3761,4441,2026-06-22,8,Completed
1244,1856,2026-06-22,9,Completed
8471,2035,2026-06-22,5,Cancelled
6421,2942,2026-06-22,8,Completed
15222,3089,2026-06-22,12,Completed
12915,149,2026-06-22,9,Completed
9765,3908,2026-06-22,1,Completed
20981,1980,2026-06-22,2,Cancelled
2945,1303,2026-06-23,9,Cancelled
17243,285,2026-06-23,4,Completed
24807,1785,2026-06-23,12,Completed
7286,318,2026-06-23,1,Completed
22358,3266,2026-06-23,2,Cancelled
8,3074,2026-06-23,1,Completed
17071,1915,2026-06-23,11,Completed
19382,591,2026-06-23,3,Cancelled
11969,1309,2026-06-23,5,Completed
18829,3201,2026-06-23,11,Completed
24863,3987,2026-06-23,5,Completed
14471,2362,2026-06-23,2,Completed
17577,4831,2026-06-23,1,Completed
22970,1638,2026-06-23,12,Completed
8021,1916,2026-06-23,7,Completed
11480,44,2026-06-23,7,Completed
20814,3942,2026-06-23,9,Completed
7608,1127,2026-06-23,5,Completed
3513,4540,2026-06-23,9,Cancelled
17990,2710,2026-06-23,2,Cancelled
880,2248,2026-06-24,5,Completed
5903,2616,2026-06-24,2,Completed
7923,2463,2026-06-24,10,Completed
23972,1427,2026-06-24,5,Completed
11293,4722,2026-06-24,4,Cancelled
7161,4489,2026-06-24,12,Completed
3536,840,2026-06-24,8,Completed
7559,538,2026-06-24,2,Completed
15674,265,2026-06-24,2,Completed
3027,2521,2026-06-24,12,Completed
4725,2177,2026-06-24,4,Completed
19555,1783,2026-06-24,1,Completed
1417,4353,2026-06-24,10,Completed
10502,546,2026-06-24,3,Completed
2430,247,2026-06-24,4,Completed
24671,1532,2026-06-24,1,Cancelled
5109,805,2026-06-24,7,Completed
10067,4950,2026-06-24,8,Completed
13543,2723,2026-06-25,5,Completed
23434,3580,2026-06-25,11,Completed
5364,4974,2026-06-25,9,Completed
13435,4812,2026-06-25,8,Completed
21907,2126,2026-06-25,7,Completed
20290,3103,2026-06-25,11,Completed
19434,886,2026-06-25,11,Completed
19354,3050,2026-06-25,5,Cancelled
24461,1721,2026-06-25,3,Completed
1494,4081,2026-06-25,11,Completed
7211,1576,2026-06-25,12,Completed
9455,517,2026-06-25,3,Completed
7208,3582,2026-06-25,6,Completed
8571,3440,2026-06-25,1,Completed
20592,4046,2026-06-25,12,Completed
4781,920,2026-06-25,3,Completed
10049,2958,2026-06-25,1,Completed
24307,1152,2026-06-25,2,Completed
19477,3664,2026-06-25,8,Completed
22413,840,2026-06-25,8,Completed
10275,722,2026-06-25,12,Completed
17498,373,2026-06-25,2,Cancelled
22631,4238,2026-06-25,3,Completed
23456,171,2026-06-25,7,Cancelled
18876,283,2026-06-25,5,Completed
23016,2998,2026-06-25,11,Cancelled
23176,1372,2026-06-25,10,Completed
16630,1554,2026-06-26,7,Completed
7877,1552,2026-06-26,8,Completed
23291,2947,2026-06-26,1,Completed
16876,2103,2026-06-26,1,Completed
1875,3727,2026-06-26,9,Cancelled
871,3139,2026-06-26,12,Completed
9164,3402,2026-06-26,11,Completed
11732,426,2026-06-26,9,Cancelled
19541,4405,2026-06-26,1,Completed
16370,1877,2026-06-26,11,Completed
22961,1401,2026-06-26,12,Completed
1932,1876,2026-06-26,9,Completed
12491,3190,2026-06-26,12,Completed
10721,1313,2026-06-26,3,Cancelled
5100,2117,2026-06-26,4,Completed
4495,4934,2026-06-26,3,Completed
23478,397,2026-06-26,6,Completed
14410,3760,2026-06-27,12,Completed
16670,1733,2026-06-27,3,Completed
20999,807,2026-06-27,1,Cancelled
10968,3279,2026-06-27,1,Completed
23940,1950,2026-06-27,12,Completed
15193,1656,2026-06-27,6,Completed
3389,3620,2026-06-27,7,Cancelled
9511,3586,2026-06-27,8,Completed
12738,3360,2026-06-27,9,Completed
3943,1250,2026-06-27,2,Completed
23995,4257,2026-06-27,2,Completed
9983,2980,2026-06-27,7,Completed
9400,3511,2026-06-27,1,Completed
11649,587,2026-06-27,8,Completed
479,4437,2026-06-27,7,Completed
2043,2013,2026-06-27,6,Completed
17931,2980,2026-06-27,7,Cancelled
8906,3296,2026-06-27,2,Completed
20019,1456,2026-06-27,5,Completed
16665,2245,2026-06-27,12,Completed
15957,2066,2026-06-27,9,Cancelled
6532,94,2026-06-28,3,Completed
7496,4950,2026-06-28,8,Cancelled
22885,933,2026-06-28,5,Completed
17840,2325,2026-06-28,12,Completed
4243,1468,2026-06-28,9,Cancelled
1799,739,2026-06-28,3,Completed
3797,369,2026-06-28,9,Completed
20079,1159,2026-06-28,4,Completed
21524,2952,2026-06-28,10,Completed
8696,1683,2026-06-28,7,Cancelled
24932,2663,2026-06-28,2,Completed
18970,3235,2026-06-29,2,Completed
20049,644,2026-06-29,8,Cancelled
13554,3952,2026-06-29,10,Completed
10641,4644,2026-06-29,7,Completed
422,1839,2026-06-29,10,Cancelled
8595,3852,2026-06-29,1,Completed
10715,1735,2026-06-29,4,Completed
5656,1235,2026-06-29,2,Completed
16312,502,2026-06-29,7,Completed
8088,886,2026-06-29,11,Completed
4674,3092,2026-06-29,5,Completed
8833,3810,2026-06-29,3,Completed
12128,2042,2026-06-29,1,Completed
5271,3840,2026-06-29,12,Cancelled
15130,1318,2026-06-29,9,Completed
6398,2564,2026-06-29,9,Completed
3196,4769,2026-06-29,1,Completed
20443,359,2026-06-29,7,Completed
8070,1282,2026-06-29,11,Cancelled
3782,3938,2026-06-29,3,Completed
22770,3779,2026-06-29,9,Completed
10463,4798,2026-06-29,7,Completed
10628,1952,2026-06-29,7,Completed
10784,714,2026-06-30,3,Completed
11028,1335,2026-06-30,1,Cancelled
14677,3052,2026-06-30,1,Completed
18500,4092,2026-06-30,11,Completed
99,4800,2026-06-30,11,Completed
17818,172,2026-06-30,3,Completed
23901,98,2026-06-30,1,Cancelled
16939,1750,2026-06-30,4,Completed
3022,3655,2026-06-30,4,Completed
12319,4963,2026-06-30,3,Completed
15282,3869,2026-06-30,2,Completed
9462,878,2026-06-30,5,Completed
6808,2394,2026-06-30,5,Cancelled
11806,2760,2026-06-30,1,Completed
255,536,2026-06-30,4,Completed
3681,2795,2026-06-30,9,Completed
15704,4526,2026-06-30,7,Cancelled
10461,644,2026-06-30,8,Completed
17796,3595,2026-06-30,3,Completed
19980,2044,2026-06-30,2,Completed
13869,4571,2026-06-30,12,Completed
20750,4369,2026-06-30,1,Completed
23550,4523,2026-07-01,2,Cancelled
11532,3777,2026-07-01,2,Completed
22717,4801,2026-07-01,4,Completed
5229,4438,2026-07-01,5,Completed
20887,4741,2026-07-01,6,Completed
12232,471,2026-07-01,6,Completed
13011,2052,2026-07-01,9,Completed
22389,4609,2026-07-01,11,Cancelled
17649,653,2026-07-01,9,Completed
9002,2710,2026-07-01,2,Completed
5982,204,2026-07-01,1,Completed
5802,3860,2026-07-01,12,Completed
24446,1542,2026-07-01,10,Completed
8480,350,2026-07-01,1,Cancelled
23633,420,2026-07-01,4,Completed
15746,283,2026-07-01,5,Completed
2040,1651,2026-07-01,5,Completed
15714,304,2026-07-01,3,Completed
6052,4773,2026-07-01,10,Completed
4923,2848,2026-07-01,3,Completed
11490,4371,2026-07-01,9,Completed
19846,810,2026-07-01,7,Completed
1702,3816,2026-07-01,12,Completed
16261,3998,2026-07-01,4,Completed
5171,1534,2026-07-01,4,Completed
11476,4111,2026-07-01,5,Completed
2846,2037,2026-07-01,6,Completed
3594,910,2026-07-01,9,Completed
14654,1186,2026-07-01,8,Completed
9306,98,2026-07-01,1,Completed
8111,4291,2026-07-01,1,Completed
10337,3062,2026-07-02,12,Completed
4743,3424,2026-07-02,3,Completed
17327,1161,2026-07-02,6,Completed
22758,2379,2026-07-02,1,Completed
5367,877,2026-07-02,1,Cancelled
20428,4244,2026-07-02,1,Completed
15763,4571,2026-07-02,12,Cancelled
17308,3615,2026-07-02,1,Cancelled
8594,2216,2026-07-02,6,Completed
22032,3023,2026-07-02,8,Completed
23759,2916,2026-07-02,1,Completed
4353,2243,2026-07-02,4,Cancelled
8157,4540,2026-07-02,9,Completed
15320,1451,2026-07-02,5,Completed
6272,1581,2026-07-02,5,Completed
3896,3656,2026-07-02,12,Completed
14319,3453,2026-07-02,8,Cancelled
18126,4472,2026-07-02,6,Cancelled
5752,3267,2026-07-02,12,Completed
11986,856,2026-07-02,4,Completed
7816,3153,2026-07-02,12,Completed
23670,181,2026-07-02,11,Cancelled
6639,1508,2026-07-02,10,Completed
22365,3973,2026-07-02,2,Cancelled
10917,4553,2026-07-02,4,Completed
10751,3655,2026-07-02,4,Completed
13293,4884,2026-07-02,8,Completed
4107,2580,2026-07-02,2,Cancelled
8953,3479,2026-07-02,9,Completed
14997,4310,2026-07-03,4,Completed
19500,2900,2026-07-03,1,Completed
6782,1254,2026-07-03,12,Completed
19160,3090,2026-07-03,1,Completed
2459,4367,2026-07-03,11,Cancelled
5123,1698,2026-07-03,4,Cancelled
22251,56,2026-07-03,1,Cancelled
24153,2565,2026-07-03,4,Completed
14101,2775,2026-07-03,2,Completed
17746,1764,2026-07-03,3,Cancelled
14285,3409,2026-07-03,2,Cancelled
17153,182,2026-07-03,9,Cancelled
20036,4931,2026-07-03,9,Completed
10352,104,2026-07-03,9,Completed
9659,3504,2026-07-03,3,Completed
7004,1112,2026-07-03,10,Cancelled
16139,2835,2026-07-03,12,Completed
14272,4516,2026-07-03,3,Completed
575,18,2026-07-03,2,Completed
16930,177,2026-07-03,9,Completed
21255,3685,2026-07-03,5,Completed
9609,1701,2026-07-03,5,Completed
13005,3421,2026-07-03,2,Completed
2683,856,2026-07-03,4,Completed
12929,612,2026-07-04,1,Completed
23084,3247,2026-07-04,8,Completed
17589,4986,2026-07-04,12,Cancelled
20087,787,2026-07-04,4,Completed
20398,4026,2026-07-04,2,Completed
20163,4801,2026-07-04,4,Completed
11971,366,2026-07-04,4,Completed
6175,3515,2026-07-04,12,Completed
13737,1856,2026-07-04,9,Cancelled
21872,3634,2026-07-04,6,Completed
10268,98,2026-07-04,1,Completed
16389,4535,2026-07-04,8,Completed
5314,2118,2026-07-04,3,Completed
2999,2710,2026-07-04,2,Completed
1856,1708,2026-07-04,10,Completed
13080,4887,2026-07-04,6,Completed
1938,3347,2026-07-04,5,Completed
16178,248,2026-07-05,10,Completed
16903,1705,2026-07-05,8,Completed
19890,2308,2026-07-05,2,Completed
9924,3075,2026-07-05,11,Completed
2278,3656,2026-07-05,12,Cancelled
4824,2460,2026-07-05,12,Cancelled
17312,403,2026-07-05,7,Completed
8291,2468,2026-07-05,3,Cancelled
14290,3824,2026-07-05,2,Completed
1630,130,2026-07-05,12,Completed
13823,468,2026-07-05,2,Completed
11371,4683,2026-07-05,3,Completed
18948,2037,2026-07-05,6,Completed
21675,2943,2026-07-05,12,Completed
17136,1966,2026-07-05,11,Completed
16916,2925,2026-07-05,2,Completed
911,455,2026-07-05,12,Completed
18534,3024,2026-07-05,6,Completed
6128,3290,2026-07-05,6,Completed
13847,1818,2026-07-05,7,Completed
16708,3597,2026-07-05,8,Cancelled
24439,3618,2026-07-05,3,Completed
16075,1829,2026-07-05,10,Completed
14010,2418,2026-07-05,1,Completed
23587,3109,2026-07-05,7,Cancelled
7929,563,2026-07-06,12,Cancelled
10393,3398,2026-07-06,1,Completed
7075,3024,2026-07-06,6,Completed
17389,1029,2026-07-06,1,Cancelled
17495,1693,2026-07-06,9,Completed
17987,1029,2026-07-06,1,Cancelled
17942,1954,2026-07-06,2,Completed
9032,2625,2026-07-06,3,Completed
2639,389,2026-07-06,1,Completed
12137,559,2026-07-06,3,Cancelled
7926,1796,2026-07-06,3,Completed
5081,3943,2026-07-06,7,Completed
10630,614,2026-07-06,8,Completed
20272,2523,2026-07-06,3,Completed
16250,3290,2026-07-06,6,Completed
8338,4308,2026-07-06,6,Completed
4184,2510,2026-07-06,1,Completed
11485,3599,2026-07-06,7,Completed
1652,2374,2026-07-06,10,Completed
18860,3228,2026-07-06,6,Completed
22548,1861,2026-07-06,3,Completed
6202,1668,2026-07-06,5,Cancelled
19287,695,2026-07-07,6,Completed
2312,4563,2026-07-07,8,Completed
18991,2832,2026-07-07,11,Completed
6556,2982,2026-07-07,7,Completed
22579,1944,2026-07-07,1,Cancelled
10162,2973,2026-07-07,1,Completed
19809,3248,2026-07-07,8,Completed
16294,2333,2026-07-07,10,Completed
2827,1595,2026-07-07,6,Cancelled
2132,1013,2026-07-07,4,Completed
20380,120,2026-07-07,2,Cancelled
7134,4213,2026-07-07,7,Completed
338,2873,2026-07-07,4,Completed
22016,2357,2026-07-07,6,Completed
16039,117,2026-07-07,4,Completed
21166,1234,2026-07-07,9,Completed
10241,1540,2026-07-07,8,Completed
3942,1579,2026-07-07,3,Completed
16924,2058,2026-07-07,7,Completed
12266,4571,2026-07-07,12,Completed
2777,1881,2026-07-07,11,Completed
470,1847,2026-07-07,3,Cancelled
8406,4660,2026-07-07,2,Completed
9008,3172,2026-07-07,2,Completed
20106,502,2026-07-07,7,Completed
13728,3909,2026-07-07,2,Completed
8035,1159,2026-07-07,4,Completed
11748,3115,2026-07-07,8,Completed
13830,1195,2026-07-08,12,Completed
18050,3459,2026-07-08,1,Completed
16661,1094,2026-07-08,3,Completed
16734,388,2026-07-08,1,Completed
13626,3725,2026-07-08,3,Completed
13577,1247,2026-07-08,3,Completed
21099,4821,2026-07-08,2,Completed
21918,3406,2026-07-08,1,Cancelled
13964,1212,2026-07-08,11,Cancelled
11741,4487,2026-07-08,10,Completed
21328,1522,2026-07-08,7,Completed
24455,3062,2026-07-08,12,Completed
10294,4223,2026-07-08,4,Completed
22347,369,2026-07-09,9,Completed
16337,3753,2026-07-09,5,Completed
19651,2583,2026-07-09,10,Cancelled
6682,4104,2026-07-09,9,Completed
19425,3675,2026-07-09,6,Completed
24489,3795,2026-07-09,8,Completed
24886,4749,2026-07-09,7,Cancelled
17157,3224,2026-07-09,3,Completed
15441,2611,2026-07-09,1,Completed
9807,3095,2026-07-09,9,Completed
1194,4983,2026-07-09,2,Completed
10508,573,2026-07-09,2,Completed
4239,3177,2026-07-09,3,Completed
10136,1200,2026-07-09,8,Completed
15831,856,2026-07-09,4,Completed
17351,3506,2026-07-09,2,Completed
9196,1949,2026-07-09,5,Completed
24189,315,2026-07-09,12,Completed
12971,943,2026-07-09,12,Completed
17625,2524,2026-07-09,7,Completed
6217,2553,2026-07-09,10,Completed
1243,3287,2026-07-10,5,Completed
18358,2108,2026-07-10,11,Completed
12370,1094,2026-07-10,3,Completed
8949,1237,2026-07-10,2,Completed
6700,72,2026-07-10,11,Completed
12404,2452,2026-07-10,3,Completed
18897,4729,2026-07-10,1,Completed
1180,3866,2026-07-10,11,Completed
1285,2760,2026-07-10,1,Completed
497,4625,2026-07-10,1,Cancelled
19904,1741,2026-07-10,8,Completed
1981,251,2026-07-10,1,Cancelled
11781,3354,2026-07-10,1,Completed
44,1731,2026-07-10,2,Completed
24633,500,2026-07-10,7,Completed
10172,3656,2026-07-10,12,Cancelled
15838,1160,2026-07-10,6,Cancelled
5508,1361,2026-07-10,3,Completed
5823,2122,2026-07-10,2,Completed
14955,4868,2026-07-10,1,Cancelled
14056,4947,2026-07-10,5,Completed
6033,1337,2026-07-10,2,Cancelled
10244,2074,2026-07-10,10,Cancelled
19663,1348,2026-07-10,5,Completed
3901,2894,2026-07-10,2,Completed
14582,2363,2026-07-10,9,Completed
7659,773,2026-07-10,5,Completed
12562,2580,2026-07-10,2,Completed
2438,1734,2026-07-10,7,Completed
19831,3855,2026-07-11,1,Cancelled
24626,1282,2026-07-11,11,Completed
15858,863,2026-07-11,10,Completed
18135,1619,2026-07-11,4,Cancelled
17864,2897,2026-07-11,4,Completed
12240,1708,2026-07-11,10,Completed
15860,2980,2026-07-11,7,Cancelled
14626,1539,2026-07-11,1,Completed
8401,3002,2026-07-11,3,Completed
22202,1501,2026-07-11,12,Completed
9411,578,2026-07-11,12,Completed
12398,302,2026-07-11,4,Cancelled
8142,1611,2026-07-11,2,Completed
4350,2232,2026-07-11,2,Cancelled
1114,4395,2026-07-11,10,Completed
22436,1509,2026-07-11,2,Completed
12595,3520,2026-07-11,3,Cancelled
9399,3559,2026-07-11,5,Completed
24632,2832,2026-07-11,11,Completed
16362,3319,2026-07-11,3,Completed
419,1000,2026-07-11,11,Completed
6187,3366,2026-07-11,3,Completed
1148,2521,2026-07-11,12,Completed
18380,2424,2026-07-11,3,Completed
13899,2967,2026-07-11,2,Completed
9354,4371,2026-07-11,9,Cancelled
10028,4922,2026-07-11,6,Cancelled
23593,3758,2026-07-11,6,Completed
1322,3166,2026-07-11,4,Cancelled
3031,1360,2026-07-11,8,Completed
15915,2409,2026-07-11,6,Completed
4486,3734,2026-07-11,11,Completed
14741,3592,2026-07-11,8,Cancelled
11935,1537,2026-07-11,7,Cancelled
18822,258,2026-07-11,9,Completed
6776,3099,2026-07-12,7,Completed
20097,472,2026-07-12,11,Completed
6825,1196,2026-07-12,9,Completed
544,3497,2026-07-12,6,Completed
8087,2711,2026-07-12,4,Completed
17115,3750,2026-07-12,6,Completed
5254,2483,2026-07-12,11,Completed
5107,3278,2026-07-12,2,Completed
12845,2829,2026-07-12,8,Cancelled
3616,2413,2026-07-12,3,Completed
13863,2157,2026-07-12,9,Completed
8215,1082,2026-07-12,1,Completed
4072,31,2026-07-12,10,Completed
14598,2024,2026-07-12,12,Completed
3039,4484,2026-07-12,11,Completed
11275,1846,2026-07-12,12,Completed
13704,2765,2026-07-12,11,Completed
16042,4187,2026-07-12,4,Completed
2852,78,2026-07-12,1,Completed
1374,872,2026-07-12,3,Cancelled
15686,4494,2026-07-12,1,Completed
5432,3867,2026-07-12,8,Completed
18292,1285,2026-07-12,7,Completed
23695,31,2026-07-12,10,Completed
10404,4732,2026-07-13,9,Completed
21930,3439,2026-07-13,2,Completed
3787,1441,2026-07-13,4,Completed
11217,4652,2026-07-13,12,Cancelled
21092,1668,2026-07-13,5,Completed
13729,1952,2026-07-13,7,Completed
11788,509,2026-07-13,8,Completed
9071,202,2026-07-13,7,Completed
3551,189,2026-07-13,12,Completed
13632,3513,2026-07-13,5,Completed
17764,1081,2026-07-13,1,Completed
15184,3354,2026-07-13,1,Completed
202,2085,2026-07-13,1,Cancelled
13143,4898,2026-07-13,10,Cancelled
7184,3515,2026-07-13,12,Completed
1795,1081,2026-07-13,1,Completed
4803,2673,2026-07-13,3,Completed
11624,2620,2026-07-13,6,Completed
11526,848,2026-07-13,12,Completed
4196,2796,2026-07-13,1,Cancelled
23656,2183,2026-07-13,1,Completed
4992,3244,2026-07-13,1,Completed
23351,3516,2026-07-13,6,Completed
5443,143,2026-07-13,8,Completed
13397,3564,2026-07-14,1,Completed
11520,828,2026-07-14,1,Completed
3182,4638,2026-07-14,2,Cancelled
6053,1400,2026-07-14,7,Cancelled
23017,530,2026-07-14,8,Cancelled
16858,880,2026-07-14,2,Completed
22840,890,2026-07-14,11,Completed
1753,107,2026-07-14,6,Completed
16326,95,2026-07-14,6,Completed
4126,3142,2026-07-14,5,Cancelled
20651,498,2026-07-14,8,Completed
17844,4744,2026-07-14,10,Completed
359,761,2026-07-14,11,Cancelled
21909,2430,2026-07-14,7,Completed
10691,1144,2026-07-14,2,Cancelled
933,3595,2026-07-14,3,Completed
13809,3036,2026-07-15,3,Completed
22756,4389,2026-07-15,10,Completed
9826,4135,2026-07-15,10,Completed
1819,4129,2026-07-15,7,Completed
18739,4858,2026-07-15,4,Completed
8316,815,2026-07-15,11,Completed
9679,137,2026-07-15,11,Completed
22991,2453,2026-07-15,1,Completed
1068,1680,2026-07-15,12,Completed
11999,2715,2026-07-15,7,Completed
11285,3273,2026-07-15,4,Completed
5956,2141,2026-07-15,2,Completed
3414,1214,2026-07-15,8,Completed
19448,4041,2026-07-15,12,Cancelled
24953,3241,2026-07-15,10,Completed
9413,3642,2026-07-15,4,Completed
11337,1334,2026-07-15,2,Cancelled
3515,4709,2026-07-15,3,Completed
16009,4431,2026-07-15,6,Completed
960,2895,2026-07-15,3,Cancelled
3958,2516,2026-07-16,7,Cancelled
14897,1112,2026-07-16,10,Completed
15787,3551,2026-07-16,2,Completed
8897,1605,2026-07-16,2,Completed
15205,728,2026-07-16,4,Cancelled
14610,3500,2026-07-16,5,Completed
15180,1805,2026-07-16,2,Cancelled
18081,3943,2026-07-16,7,Cancelled
24958,2627,2026-07-16,7,Completed
15284,3883,2026-07-16,3,Cancelled
21396,870,2026-07-16,10,Completed
4079,4239,2026-07-16,11,Completed
3581,1859,2026-07-16,8,Completed
22209,3354,2026-07-16,1,Cancelled
5476,488,2026-07-16,5,Completed
7057,3299,2026-07-16,7,Completed
3936,4995,2026-07-16,4,Completed
4325,2601,2026-07-16,3,Completed
4447,2418,2026-07-17,1,Completed
7060,3364,2026-07-17,7,Completed
15368,4010,2026-07-17,4,Completed
4602,3453,2026-07-17,8,Completed
1870,3868,2026-07-17,3,Cancelled
18804,955,2026-07-17,1,Cancelled
20013,2131,2026-07-17,7,Completed
3367,2066,2026-07-17,9,Completed
947,2691,2026-07-17,2,Completed
5783,3695,2026-07-17,2,Cancelled
9862,1957,2026-07-17,10,Completed
21953,2462,2026-07-17,1,Cancelled
7519,1733,2026-07-17,3,Completed
10308,4012,2026-07-17,8,Completed
14417,737,2026-07-17,5,Completed
24511,1388,2026-07-17,5,Completed
7441,3923,2026-07-17,3,Completed
4541,3379,2026-07-17,4,Completed
15577,87,2026-07-17,8,Completed
3460,1540,2026-07-17,8,Cancelled
5568,4129,2026-07-17,7,Completed
21000,4898,2026-07-17,10,Cancelled
22069,3999,2026-07-17,2,Completed
5934,2112,2026-07-17,7,Completed
792,3335,2026-07-17,5,Cancelled
4310,994,2026-07-17,7,Cancelled
2745,2220,2026-07-17,10,Completed
18405,844,2026-07-17,4,Completed
14761,1839,2026-07-18,10,Completed
12466,4468,2026-07-18,3,Completed
15246,4352,2026-07-18,1,Completed
21175,2531,2026-07-18,1,Cancelled
18477,177,2026-07-18,9,Cancelled
17427,991,2026-07-18,2,Completed
13711,2628,2026-07-18,11,Completed
17222,4964,2026-07-18,10,Cancelled
20027,4024,2026-07-18,7,Completed
972,2955,2026-07-18,9,Completed
12572,121,2026-07-18,6,Completed
8230,4792,2026-07-18,6,Completed
11087,466,2026-07-18,3,Completed
3461,1515,2026-07-18,1,Cancelled
11824,3073,2026-07-18,8,Completed
883,1404,2026-07-18,11,Completed
24703,2279,2026-07-18,10,Completed
24803,1734,2026-07-18,7,Completed
13345,4594,2026-07-18,4,Completed
23699,1201,2026-07-18,6,Completed
20801,292,2026-07-18,8,Completed
14394,1638,2026-07-18,12,Completed
16235,618,2026-07-18,1,Completed
22602,2749,2026-07-18,11,Completed
1425,3421,2026-07-18,2,Completed
16713,92,2026-07-18,12,Completed
10660,4252,2026-07-19,1,Completed
13992,3153,2026-07-19,12,Cancelled
17357,252,2026-07-19,8,Completed
21911,3600,2026-07-19,2,Completed
9547,4392,2026-07-19,4,Cancelled
7757,4122,2026-07-19,3,Completed
448,2331,2026-07-19,11,Cancelled
7668,755,2026-07-19,12,Completed
18788,3149,2026-07-19,8,Completed
3229,1092,2026-07-19,6,Completed
18421,3786,2026-07-19,3,Completed
19081,4975,2026-07-19,5,Completed
9352,3477,2026-07-19,6,Completed
8767,1957,2026-07-19,10,Completed
1098,1204,2026-07-19,8,Completed
9166,4321,2026-07-19,12,Completed
4268,535,2026-07-19,11,Completed
16583,4820,2026-07-19,7,Completed
6975,524,2026-07-19,11,Completed
13197,210,2026-07-19,12,Completed
10643,138,2026-07-19,3,Completed
9341,4454,2026-07-19,11,Cancelled
21247,4150,2026-07-19,8,Completed
18175,814,2026-07-19,3,Completed
18923,103,2026-07-20,2,Completed
22164,869,2026-07-20,2,Completed
10155,2041,2026-07-20,10,Completed
23510,2691,2026-07-20,2,Completed
23255,1818,2026-07-20,7,Completed
17916,1758,2026-07-20,11,Completed
13891,4201,2026-07-20,12,Cancelled
7779,2902,2026-07-20,5,Completed
17208,998,2026-07-20,8,Completed
6252,4854,2026-07-20,7,Cancelled
17015,4820,2026-07-20,7,Completed
5954,2641,2026-07-20,11,Completed
2560,1486,2026-07-20,10,Completed
6484,4932,2026-07-20,7,Completed
9490,1733,2026-07-20,3,Completed
3823,2703,2026-07-20,9,Completed
12188,4267,2026-07-20,3,Completed
9755,3570,2026-07-20,5,Cancelled
15700,3867,2026-07-20,8,Completed
6935,2126,2026-07-20,7,Completed
7821,757,2026-07-20,2,Completed
21952,653,2026-07-20,9,Completed
9900,797,2026-07-20,10,Cancelled
20115,1653,2026-07-21,7,Completed
9173,2923,2026-07-21,10,Completed
10240,989,2026-07-21,4,Completed
21542,1076,2026-07-21,3,Completed
6349,2527,2026-07-21,2,Completed
1790,2887,2026-07-21,4,Completed
22268,1846,2026-07-21,12,Cancelled
8539,4243,2026-07-21,4,Cancelled
11601,3770,2026-07-21,1,Completed
7711,1806,2026-07-21,2,Completed
13819,1887,2026-07-21,3,Completed
10914,4768,2026-07-21,9,Completed
15823,2744,2026-07-21,2,Completed
9082,3410,2026-07-21,4,Completed
12634,196,2026-07-21,6,Completed
12791,3694,2026-07-21,5,Completed
22435,2009,2026-07-21,9,Completed
2581,400,2026-07-21,12,Completed
9592,3181,2026-07-21,1,Cancelled
12037,2246,2026-07-21,9,Completed
7058,92,2026-07-21,12,Completed
19202,3092,2026-07-21,5,Completed
6193,3451,2026-07-21,9,Completed
3570,47,2026-07-21,3,Cancelled
23403,2234,2026-07-21,11,Completed
13838,2931,2026-07-21,7,Completed
7803,3169,2026-07-21,8,Completed
14386,4040,2026-07-22,12,Cancelled
7017,2463,2026-07-22,10,Cancelled
10569,2468,2026-07-22,3,Completed
4753,3770,2026-07-22,1,Completed
11963,1230,2026-07-22,12,Completed
5553,3181,2026-07-22,1,Completed
13974,2987,2026-07-22,4,Completed
22409,3073,2026-07-22,8,Completed
19272,2998,2026-07-22,11,Cancelled
2316,1331,2026-07-22,1,Completed
21217,4844,2026-07-22,2,Completed
2719,431,2026-07-22,10,Completed
9794,1343,2026-07-22,9,Cancelled
908,4538,2026-07-22,1,Completed
13839,2525,2026-07-22,2,Completed
20997,1136,2026-07-22,5,Completed
19044,1694,2026-07-22,4,Completed
19379,382,2026-07-22,11,Completed
15210,3717,2026-07-22,11,Completed
12649,3349,2026-07-22,3,Completed
2338,682,2026-07-22,2,Cancelled
11617,873,2026-07-23,10,Completed
17735,1723,2026-07-23,8,Completed
19318,95,2026-07-23,6,Completed
3034,1283,2026-07-23,12,Completed
19317,2778,2026-07-23,4,Completed
17637,4430,2026-07-23,12,Completed
7296,302,2026-07-23,4,Completed
203,974,2026-07-23,3,Cancelled
3472,1981,2026-07-23,1,Completed
5767,709,2026-07-23,8,Completed
21592,858,2026-07-23,8,Completed
18838,1381,2026-07-23,3,Completed
4968,2424,2026-07-23,3,Completed
7724,3927,2026-07-23,10,Completed
492,287,2026-07-23,7,Completed
6974,3822,2026-07-23,3,Completed
3275,4468,2026-07-23,3,Completed
95,4891,2026-07-23,8,Cancelled
11189,4931,2026-07-23,9,Completed
985,2079,2026-07-23,1,Cancelled
10523,2249,2026-07-23,11,Completed
6428,2358,2026-07-23,3,Completed
13916,2954,2026-07-23,9,Completed
3005,3923,2026-07-24,3,Completed
3976,4361,2026-07-24,4,Completed
13021,4313,2026-07-24,2,Cancelled
13979,3135,2026-07-24,12,Completed
3106,247,2026-07-24,4,Completed
9001,1134,2026-07-24,6,Cancelled
20815,2487,2026-07-24,3,Completed
21848,2014,2026-07-24,4,Completed
7970,74,2026-07-24,6,Cancelled
6500,958,2026-07-24,1,Cancelled
24497,3435,2026-07-24,12,Completed
18625,3991,2026-07-24,2,Completed
19635,472,2026-07-24,11,Completed
2539,535,2026-07-24,11,Completed
5078,3525,2026-07-24,10,Completed
4641,1587,2026-07-24,2,Cancelled
11706,4266,2026-07-24,4,Completed
13241,603,2026-07-24,3,Completed
19861,4425,2026-07-24,2,Completed
12819,1981,2026-07-25,1,Completed
16850,2017,2026-07-25,6,Completed
21864,2770,2026-07-25,3,Completed
1698,4786,2026-07-25,10,Completed
11342,3142,2026-07-25,5,Completed
23350,4824,2026-07-25,6,Completed
23237,828,2026-07-25,1,Completed
22734,335,2026-07-25,6,Completed
12715,2243,2026-07-25,4,Cancelled
12459,251,2026-07-25,1,Cancelled
22764,1627,2026-07-25,9,Completed
19973,3929,2026-07-25,5,Completed
9795,333,2026-07-25,6,Completed
3749,1849,2026-07-25,2,Completed
16778,4727,2026-07-25,1,Cancelled
11529,1720,2026-07-25,7,Completed
9479,4695,2026-07-25,6,Completed
5436,2910,2026-07-25,9,Completed
8997,1590,2026-07-25,12,Completed
15195,1092,2026-07-25,6,Cancelled
9950,2825,2026-07-26,8,Completed
8939,1738,2026-07-26,8,Completed
12272,2890,2026-07-26,7,Completed
2416,4312,2026-07-26,12,Completed
19141,780,2026-07-26,2,Cancelled
14718,4289,2026-07-26,7,Completed
14371,697,2026-07-26,10,Completed
9397,732,2026-07-26,2,Completed
13352,4695,2026-07-26,6,Completed
23439,4861,2026-07-26,12,Completed
9394,3998,2026-07-26,4,Completed
23525,1566,2026-07-26,11,Cancelled
14434,1216,2026-07-26,9,Completed
7227,4984,2026-07-26,11,Completed
12079,3829,2026-07-26,12,Completed
19392,688,2026-07-26,9,Completed
17102,523,2026-07-26,2,Completed
21742,2747,2026-07-26,4,Cancelled
14679,1715,2026-07-26,8,Completed
1764,4348,2026-07-26,1,Completed
13579,4551,2026-07-26,7,Completed
7425,944,2026-07-26,7,Completed
2317,3277,2026-07-26,4,Completed
17651,3234,2026-07-27,3,Completed
3604,1360,2026-07-27,8,Completed
7825,3126,2026-07-27,4,Completed
19129,188,2026-07-27,3,Completed
7621,984,2026-07-27,12,Completed
13136,4305,2026-07-27,10,Cancelled
5490,4618,2026-07-27,2,Completed
7601,1492,2026-07-27,11,Completed
24565,2012,2026-07-27,9,Completed
15715,1027,2026-07-27,6,Completed
18195,4144,2026-07-27,1,Completed
11390,3297,2026-07-27,9,Completed
7713,2014,2026-07-27,4,Completed
1711,2909,2026-07-27,11,Completed
2975,1045,2026-07-28,4,Completed
13348,1210,2026-07-28,9,Completed
16037,38,2026-07-28,5,Completed
13253,1295,2026-07-28,10,Completed
18261,4127,2026-07-28,6,Completed
272,4307,2026-07-28,1,Completed
21180,529,2026-07-28,3,Completed
2288,4661,2026-07-28,1,Completed
21871,82,2026-07-28,12,Completed
7070,3574,2026-07-28,2,Cancelled
4525,3013,2026-07-28,12,Cancelled
9662,1493,2026-07-28,8,Completed
19830,3664,2026-07-28,8,Completed
8333,1207,2026-07-28,6,Completed
16429,3218,2026-07-28,3,Cancelled
6593,349,2026-07-28,3,Completed
8921,701,2026-07-28,4,Completed
2391,3184,2026-07-28,4,Completed
631,4915,2026-07-28,11,Completed
4457,2037,2026-07-28,6,Completed
62,114,2026-07-29,6,Cancelled
18852,3969,2026-07-29,2,Completed
11506,3644,2026-07-29,4,Completed
21809,2047,2026-07-29,8,Completed
6078,173,2026-07-29,7,Completed
18889,1990,2026-07-29,8,Cancelled
6396,1434,2026-07-29,9,Completed
9124,4402,2026-07-29,3,Completed
9180,2957,2026-07-29,4,Completed
20972,3337,2026-07-29,2,Completed
18768,3000,2026-07-29,12,Completed
17803,1448,2026-07-29,7,Completed
19221,4421,2026-07-29,12,Completed
7806,4554,2026-07-29,3,Completed
1211,3398,2026-07-29,1,Completed
6533,2944,2026-07-29,3,Cancelled
9064,1160,2026-07-29,6,Completed
14637,4656,2026-07-29,11,Completed
18563,2237,2026-07-29,2,Cancelled
10798,284,2026-07-30,9,Completed
6594,7,2026-07-30,1,Completed
14026,3594,2026-07-30,4,Completed
12,722,2026-07-30,12,Completed
9223,1391,2026-07-30,1,Cancelled
11455,1132,2026-07-30,11,Completed
24987,4371,2026-07-30,9,Completed
5519,2421,2026-07-30,1,Completed
16495,2424,2026-07-30,3,Completed
19007,1111,2026-07-30,10,Completed
23538,658,2026-07-30,2,Completed
4611,3242,2026-07-30,6,Completed
13033,1275,2026-07-30,5,Completed
9330,1619,2026-07-30,4,Completed
10680,4645,2026-07-30,3,Completed
961,4224,2026-07-31,2,Completed
9080,2682,2026-07-31,3,Cancelled
24084,2865,2026-07-31,10,Completed
2577,2228,2026-07-31,5,Completed
6543,284,2026-07-31,9,Completed
9360,1950,2026-07-31,12,Completed
8899,1762,2026-07-31,2,Completed
3405,4529,2026-07-31,2,Completed
17304,390,2026-07-31,1,Completed
6457,292,2026-07-31,8,Completed
2386,4568,2026-07-31,12,Completed
8881,3030,2026-07-31,5,Completed
8979,2923,2026-07-31,10,Completed
2377,4553,2026-07-31,4,Completed
4832,95,2026-07-31,6,Completed
9355,2661,2026-07-31,7,Completed
11011,1174,2026-07-31,4,Cancelled
7758,2687,2026-07-31,8,Completed
1048,4279,2026-07-31,12,Completed
20936,2961,2026-07-31,3,Completed
14794,2128,2026-07-31,8,Completed
11830,2739,2026-07-31,1,Completed
4178,91,2026-07-31,4,Completed
7173,296,2026-07-31,11,Completed
24544,2248,2026-07-31,5,Completed
14219,1029,2026-07-31,1,Completed
16121,3396,2026-07-31,3,Cancelled
2133,2952,2026-07-31,10,Cancelled
21389,877,2026-07-31,1,Completed
19124,2844,2026-08-01,4,Completed
17618,464,2026-08-01,1,Completed
15011,2794,2026-08-01,2,Completed
20523,738,2026-08-01,6,Completed
9457,4882,2026-08-01,11,Cancelled
16597,1662,2026-08-01,6,Completed
1162,1200,2026-08-01,8,Completed
5711,2188,2026-08-01,7,Completed
4632,438,2026-08-01,10,Completed
3618,1749,2026-08-01,1,Cancelled
16040,694,2026-08-01,3,Completed
14115,2602,2026-08-01,3,Completed
21251,3410,2026-08-01,4,Completed
23679,1123,2026-08-01,2,Completed
19712,3996,2026-08-01,2,Cancelled
21288,2537,2026-08-01,12,Cancelled
5330,2220,2026-08-01,10,Completed
10767,2700,2026-08-01,6,Completed
13468,4028,2026-08-01,4,Completed
21449,2530,2026-08-01,2,Completed
13314,4720,2026-08-01,10,Cancelled
6022,3313,2026-08-01,3,Cancelled
10739,3727,2026-08-01,9,Completed
20381,2940,2026-08-02,2,Cancelled
8468,349,2026-08-02,3,Completed
16839,4446,2026-08-02,8,Cancelled
14918,4265,2026-08-02,9,Completed
20080,484,2026-08-02,6,Completed
2870,3038,2026-08-02,4,Cancelled
12213,4645,2026-08-02,3,Completed
79,563,2026-08-02,12,Completed
5491,2854,2026-08-02,7,Completed
14522,2910,2026-08-02,9,Completed
4032,3107,2026-08-02,3,Cancelled
21540,1930,2026-08-02,1,Completed
3473,1411,2026-08-02,5,Cancelled
19309,3489,2026-08-02,1,Completed
6370,2885,2026-08-02,6,Completed
15366,4252,2026-08-02,1,Completed
15327,1270,2026-08-02,4,Cancelled
7916,4950,2026-08-02,8,Completed
2411,2004,2026-08-02,12,Cancelled
9715,3901,2026-08-02,8,Completed
14871,1648,2026-08-02,12,Completed
8634,3940,2026-08-02,8,Completed
3401,1010,2026-08-02,10,Completed
16080,815,2026-08-02,11,Cancelled
8181,1295,2026-08-02,10,Completed
7080,4949,2026-08-02,3,Cancelled
9058,4487,2026-08-03,10,Completed
12652,4402,2026-08-03,3,Completed
2292,3599,2026-08-03,7,Completed
23275,2405,2026-08-03,5,Completed
71,4559,2026-08-03,1,Completed
10384,4196,2026-08-03,2,Completed
6858,2413,2026-08-03,3,Completed
11018,4673,2026-08-03,11,Completed
1369,1552,2026-08-03,8,Completed
16485,1968,2026-08-03,9,Cancelled
11738,3703,2026-08-03,2,Completed
16616,421,2026-08-03,1,Completed
9697,1273,2026-08-03,5,Completed
12561,2593,2026-08-03,1,Completed
16932,148,2026-08-03,1,Completed
14885,4168,2026-08-03,4,Completed
22424,1744,2026-08-03,3,Completed
4493,2196,2026-08-03,5,Completed
5625,4484,2026-08-03,11,Completed
9903,1900,2026-08-03,12,Completed
15293,4461,2026-08-03,6,Completed
2489,4491,2026-08-03,6,Completed
22496,3715,2026-08-03,4,Cancelled
17974,4759,2026-08-03,7,Completed
14368,872,2026-08-04,3,Cancelled
6735,2366,2026-08-04,3,Completed
13595,488,2026-08-04,5,Completed
19734,23,2026-08-04,4,Completed
11928,1635,2026-08-04,5,Completed
14161,3491,2026-08-04,8,Completed
22838,905,2026-08-04,5,Completed
3762,798,2026-08-04,6,Completed
21532,2224,2026-08-04,10,Cancelled
1692,153,2026-08-04,2,Completed
9342,659,2026-08-04,1,Cancelled
11464,4810,2026-08-04,2,Completed
19857,4363,2026-08-04,3,Completed
620,884,2026-08-04,4,Cancelled
5037,1595,2026-08-04,6,Completed
14600,4369,2026-08-04,1,Cancelled
14116,1188,2026-08-04,11,Cancelled
23863,3156,2026-08-04,1,Cancelled
24615,156,2026-08-04,1,Completed
24178,4888,2026-08-04,3,Completed
22913,1652,2026-08-04,3,Completed
8591,4803,2026-08-04,11,Cancelled
20800,3252,2026-08-04,5,Cancelled
24077,2423,2026-08-04,12,Completed
13299,1266,2026-08-04,9,Completed
700,1776,2026-08-04,1,Completed
15742,2058,2026-08-04,7,Completed
7143,340,2026-08-05,4,Completed
13128,1481,2026-08-05,1,Completed
5645,1544,2026-08-05,7,Completed
3435,4335,2026-08-05,5,Cancelled
24052,4866,2026-08-05,8,Cancelled
23228,3,2026-08-05,8,Completed
24952,4976,2026-08-05,9,Completed
23815,447,2026-08-05,2,Completed
6517,2825,2026-08-05,8,Completed
15424,4589,2026-08-05,11,Completed
14784,3142,2026-08-05,5,Completed
9868,2452,2026-08-05,3,Cancelled
6280,700,2026-08-05,5,Completed
2279,3322,2026-08-05,5,Completed
20126,2182,2026-08-05,8,Completed
10976,612,2026-08-05,1,Completed
6937,1728,2026-08-05,1,Completed
12140,3063,2026-08-05,3,Completed
467,2793,2026-08-05,6,Completed
8611,3269,2026-08-05,7,Cancelled
2486,4103,2026-08-05,1,Cancelled
5187,3469,2026-08-05,10,Completed
5283,4535,2026-08-05,8,Completed
21395,779,2026-08-06,3,Cancelled
2782,4180,2026-08-06,3,Completed
12099,4707,2026-08-06,2,Completed
21726,3147,2026-08-06,12,Completed
8910,345,2026-08-06,7,Completed
22604,1850,2026-08-06,5,Completed
3935,2902,2026-08-06,5,Cancelled
943,3350,2026-08-06,8,Completed
22061,1189,2026-08-06,1,Completed
7670,1127,2026-08-06,5,Completed
21980,2426,2026-08-06,1,Completed
24821,4855,2026-08-06,4,Completed
22478,2039,2026-08-06,2,Completed
23980,1292,2026-08-06,4,Completed
10532,3099,2026-08-06,7,Completed
16739,449,2026-08-06,5,Cancelled
17866,3046,2026-08-06,12,Completed
22203,3886,2026-08-06,4,Completed
1224,97,2026-08-06,3,Cancelled
14036,1752,2026-08-06,5,Completed
82,3379,2026-08-06,4,Completed
22993,2649,2026-08-06,3,Completed
8977,3305,2026-08-06,5,Completed
22784,2069,2026-08-07,11,Completed
20952,2345,2026-08-07,5,Completed
21939,1467,2026-08-07,10,Completed
18929,3693,2026-08-07,8,Completed
3952,433,2026-08-07,5,Completed
22235,629,2026-08-07,9,Completed
6271,3021,2026-08-07,2,Completed
14275,1159,2026-08-07,4,Completed
4279,1485,2026-08-07,2,Completed
10066,1287,2026-08-07,5,Completed
5186,461,2026-08-07,3,Completed
1063,2788,2026-08-07,12,Cancelled
4733,1990,2026-08-07,8,Cancelled
11344,494,2026-08-07,7,Completed
23068,1949,2026-08-07,5,Completed
16498,281,2026-08-07,7,Completed
22823,1199,2026-08-07,12,Completed
14099,1747,2026-08-07,1,Completed
7764,4464,2026-08-07,1,Completed
15659,2895,2026-08-07,3,Completed
13124,9,2026-08-07,11,Completed
10002,3573,2026-08-08,12,Completed
9760,536,2026-08-08,4,Completed
9892,320,2026-08-08,12,Cancelled
22354,3822,2026-08-08,3,Cancelled
17537,3245,2026-08-08,7,Completed
4484,3998,2026-08-08,4,Completed
18013,397,2026-08-08,6,Cancelled
18642,37,2026-08-08,6,Completed
7618,2834,2026-08-08,1,Completed
23808,1971,2026-08-08,8,Completed
364,2032,2026-08-08,3,Completed
5261,2271,2026-08-08,11,Completed
8194,2079,2026-08-08,1,Completed
751,1189,2026-08-08,1,Completed
13701,176,2026-08-08,3,Completed
16308,548,2026-08-08,11,Completed
7,4238,2026-08-08,3,Completed
14747,1713,2026-08-08,8,Completed
6322,4199,2026-08-08,9,Cancelled
11976,4312,2026-08-08,12,Completed
12871,96,2026-08-08,2,Completed
214,3824,2026-08-08,2,Completed
14547,4381,2026-08-08,6,Completed
11356,3190,2026-08-08,12,Completed
21323,2952,2026-08-08,10,Completed
2298,4347,2026-08-09,3,Completed
11119,2887,2026-08-09,4,Completed
13980,4902,2026-08-09,4,Completed
2302,2452,2026-08-09,3,Cancelled
18653,1064,2026-08-09,2,Cancelled
16875,1758,2026-08-09,11,Completed
3470,624,2026-08-09,7,Completed
14732,2327,2026-08-09,11,Cancelled
15978,537,2026-08-09,2,Completed
679,1254,2026-08-09,12,Completed
23074,602,2026-08-09,11,Completed
20724,1858,2026-08-09,5,Cancelled
1045,611,2026-08-09,4,Completed
18574,2775,2026-08-09,2,Completed
4026,1929,2026-08-09,7,Cancelled
19550,2894,2026-08-09,2,Completed
4080,3526,2026-08-09,2,Completed
13242,714,2026-08-09,3,Completed
19278,4289,2026-08-09,7,Cancelled
24008,1746,2026-08-09,3,Cancelled
863,2958,2026-08-09,1,Completed
20702,4948,2026-08-10,4,Cancelled
372,4678,2026-08-10,5,Completed
4491,1262,2026-08-10,1,Completed
9909,2694,2026-08-10,3,Completed
11101,1094,2026-08-10,3,Completed
19552,3630,2026-08-10,8,Completed
18178,1701,2026-08-10,5,Completed
9431,3719,2026-08-10,10,Cancelled
19270,3308,2026-08-10,1,Cancelled
21561,353,2026-08-10,10,Cancelled
613,2470,2026-08-10,7,Completed
9584,4425,2026-08-10,2,Completed
5454,823,2026-08-10,3,Completed
5379,171,2026-08-10,7,Cancelled
3371,3916,2026-08-10,5,Cancelled
10590,2824,2026-08-10,9,Completed
8574,4263,2026-08-10,5,Cancelled
13074,1630,2026-08-10,12,Completed
2643,2871,2026-08-10,1,Completed
652,2683,2026-08-11,2,Cancelled
1956,3804,2026-08-11,1,Cancelled
18420,3181,2026-08-11,1,Cancelled
10147,153,2026-08-11,2,Completed
15386,2981,2026-08-11,1,Completed
4158,2369,2026-08-11,10,Completed
18267,3629,2026-08-11,11,Completed
15840,4801,2026-08-11,4,Cancelled
14127,4679,2026-08-11,3,Completed
713,1771,2026-08-11,7,Completed
10106,780,2026-08-11,2,Completed
7681,3913,2026-08-11,10,Completed
16941,4099,2026-08-11,11,Completed
790,227,2026-08-11,2,Completed
4921,317,2026-08-11,5,Cancelled
14648,3602,2026-08-11,7,Completed
2239,1758,2026-08-11,11,Cancelled
6695,3294,2026-08-11,8,Completed
19997,819,2026-08-11,3,Cancelled
14759,3964,2026-08-11,6,Completed
816,3364,2026-08-11,7,Completed
4433,1734,2026-08-11,7,Completed
6840,2245,2026-08-11,12,Completed
15896,2363,2026-08-12,9,Cancelled
15483,2525,2026-08-12,2,Completed
18328,3274,2026-08-12,9,Cancelled
19777,233,2026-08-12,4,Cancelled
14705,2107,2026-08-12,6,Completed
10934,210,2026-08-12,12,Completed
3454,3977,2026-08-12,1,Completed
1437,1531,2026-08-12,12,Completed
284,612,2026-08-12,1,Completed
22592,214,2026-08-12,9,Completed
4735,3162,2026-08-12,12,Completed
40,1852,2026-08-12,7,Completed
17610,1108,2026-08-12,5,Completed
13165,2584,2026-08-12,7,Completed
1431,2248,2026-08-12,5,Cancelled
19528,4673,2026-08-12,11,Completed
18579,1026,2026-08-12,7,Completed
15708,4886,2026-08-12,1,Cancelled
17526,3445,2026-08-12,12,Completed
3629,2520,2026-08-12,11,Completed
2666,2010,2026-08-12,8,Completed
8022,2686,2026-08-12,12,Completed
1079,4854,2026-08-12,7,Completed
21318,4321,2026-08-12,12,Completed
1166,1068,2026-08-12,3,Completed
20368,863,2026-08-12,10,Completed
1182,1104,2026-08-12,4,Completed
16123,3053,2026-08-12,12,Cancelled
18813,3410,2026-08-12,4,Cancelled
12733,3887,2026-08-13,4,Cancelled
1252,2844,2026-08-13,4,Completed
11548,1229,2026-08-13,10,Cancelled
6054,2323,2026-08-13,3,Completed
20063,3606,2026-08-13,3,Completed
18513,2771,2026-08-13,8,Completed
13162,4953,2026-08-13,7,Completed
24936,1475,2026-08-13,7,Cancelled
18603,2694,2026-08-13,3,Completed
10732,189,2026-08-13,12,Completed
9650,2251,2026-08-13,9,Completed
11768,373,2026-08-13,2,Completed
24031,811,2026-08-13,5,Completed
6680,2703,2026-08-13,9,Completed
18598,934,2026-08-13,7,Completed
24223,2186,2026-08-13,3,Cancelled
5118,3095,2026-08-13,9,Completed
22557,4703,2026-08-13,1,Completed
7344,1809,2026-08-13,3,Completed
14680,4246,2026-08-13,9,Cancelled
12292,2350,2026-08-13,7,Completed
1050,4105,2026-08-14,8,Completed
23872,3354,2026-08-14,1,Completed
10971,365,2026-08-14,10,Cancelled
17598,4822,2026-08-14,2,Completed
820,594,2026-08-14,9,Completed
17216,4924,2026-08-14,5,Completed
10953,1993,2026-08-14,9,Cancelled
23968,4147,2026-08-14,8,Completed
16511,905,2026-08-14,5,Completed
5488,3166,2026-08-14,4,Completed
11166,2928,2026-08-14,11,Completed
21711,3917,2026-08-14,4,Cancelled
424,3344,2026-08-14,3,Completed
21538,2606,2026-08-14,11,Completed
8307,3698,2026-08-14,7,Completed
1268,916,2026-08-14,2,Completed
1400,2353,2026-08-14,8,Completed
10101,2323,2026-08-14,3,Completed
24662,96,2026-08-14,2,Completed
19096,3601,2026-08-14,5,Completed
10464,572,2026-08-14,5,Completed
18880,4532,2026-08-14,5,Cancelled
11154,4279,2026-08-15,12,Cancelled
20942,556,2026-08-15,3,Cancelled
725,4732,2026-08-15,9,Cancelled
8034,15,2026-08-15,8,Completed
8604,3644,2026-08-15,4,Completed
19597,3901,2026-08-15,8,Completed
20685,3935,2026-08-15,5,Completed
19146,3033,2026-08-15,1,Completed
3072,2126,2026-08-15,7,Completed
18724,807,2026-08-15,1,Completed
1197,3388,2026-08-15,10,Completed
10982,1790,2026-08-15,6,Completed
15092,3632,2026-08-15,9,Completed
5456,431,2026-08-15,10,Completed
11458,36,2026-08-15,10,Completed
8445,2398,2026-08-15,2,Cancelled
9896,335,2026-08-15,6,Completed
19034,4953,2026-08-15,7,Completed
15197,2755,2026-08-15,3,Completed
24882,3371,2026-08-15,3,Completed
841,2118,2026-08-15,3,Completed
23677,2001,2026-08-15,9,Cancelled
23043,4049,2026-08-15,2,Completed
5392,4048,2026-08-15,12,Cancelled
5334,938,2026-08-15,12,Completed
19069,524,2026-08-15,11,Cancelled
24061,1309,2026-08-15,5,Completed
12512,2562,2026-08-15,12,Completed
17385,1722,2026-08-15,8,Completed
8672,399,2026-08-16,12,Completed
4066,854,2026-08-16,11,Completed
5653,4899,2026-08-16,8,Cancelled
846,2524,2026-08-16,7,Cancelled
3061,4682,2026-08-16,3,Completed
16134,2445,2026-08-16,8,Completed
24007,541,2026-08-16,6,Completed
16563,1958,2026-08-16,12,Completed
15063,3062,2026-08-16,12,Completed
6617,202,2026-08-16,7,Completed
10029,1801,2026-08-16,7,Completed
21329,2483,2026-08-16,11,Completed
15393,1426,2026-08-16,3,Completed
21013,2019,2026-08-16,6,Completed
16896,1316,2026-08-17,6,Cancelled
9576,1743,2026-08-17,2,Completed
3621,112,2026-08-17,12,Completed
18079,1580,2026-08-17,12,Completed
4926,2245,2026-08-17,12,Completed
23300,4517,2026-08-17,7,Completed
11274,1406,2026-08-17,11,Completed
22432,2776,2026-08-17,7,Completed
9649,592,2026-08-17,3,Completed
10742,93,2026-08-17,11,Completed
11007,2086,2026-08-17,12,Completed
15042,3111,2026-08-17,9,Completed
8747,2725,2026-08-17,3,Completed
4864,63,2026-08-17,9,Completed
7780,292,2026-08-17,8,Completed
6790,375,2026-08-17,4,Completed
14909,2299,2026-08-17,8,Completed
11612,3242,2026-08-17,6,Completed
22818,4742,2026-08-17,2,Completed
15099,3599,2026-08-17,7,Cancelled
13688,3618,2026-08-18,3,Completed
1980,1190,2026-08-18,12,Completed
24764,3614,2026-08-18,6,Completed
4569,367,2026-08-18,8,Completed
9967,3403,2026-08-18,3,Cancelled
5801,4442,2026-08-18,1,Completed
19017,4931,2026-08-18,9,Completed
22271,3990,2026-08-18,1,Completed
2096,706,2026-08-18,12,Completed
18532,1549,2026-08-18,12,Completed
17903,3267,2026-08-18,12,Completed
17945,259,2026-08-18,7,Completed
8771,3522,2026-08-18,6,Completed
4312,172,2026-08-18,3,Completed
20611,161,2026-08-18,11,Completed
16526,3586,2026-08-18,8,Cancelled
11260,4088,2026-08-18,11,Completed
23040,1603,2026-08-18,2,Cancelled
11327,1386,2026-08-18,12,Completed
14591,3216,2026-08-18,4,Completed
991,766,2026-08-18,2,Completed
20684,2079,2026-08-18,1,Completed
76,1724,2026-08-18,7,Cancelled
24361,3390,2026-08-19,1,Cancelled
15775,2819,2026-08-19,6,Completed
6233,404,2026-08-19,6,Cancelled
18868,2333,2026-08-19,10,Completed
6989,1822,2026-08-19,6,Completed
8397,535,2026-08-19,11,Completed
1851,4479,2026-08-19,2,Completed
13394,4801,2026-08-19,4,Cancelled
4577,1224,2026-08-19,12,Completed
1429,3226,2026-08-19,6,Completed
5478,359,2026-08-19,7,Completed
477,1217,2026-08-19,4,Completed
9430,1311,2026-08-19,8,Cancelled
20406,899,2026-08-19,12,Completed
18845,1986,2026-08-19,2,Completed
549,867,2026-08-19,8,Cancelled
124,1085,2026-08-19,12,Cancelled
20213,4858,2026-08-19,4,Completed
15101,461,2026-08-19,3,Completed
675,2507,2026-08-19,11,Cancelled
11517,1391,2026-08-19,1,Completed
4077,1937,2026-08-19,5,Completed
18494,3401,2026-08-19,10,Cancelled
19489,241,2026-08-19,9,Completed
24975,1892,2026-08-19,4,Cancelled
2401,4128,2026-08-19,1,Completed
11853,1672,2026-08-19,8,Completed
4916,3421,2026-08-19,2,Completed
21652,1392,2026-08-19,11,Completed
22439,2285,2026-08-20,5,Completed
4276,3030,2026-08-20,5,Completed
10073,2525,2026-08-20,2,Completed
19964,4661,2026-08-20,1,Completed
9249,3912,2026-08-20,12,Completed
23051,3069,2026-08-20,2,Completed
17489,4114,2026-08-20,4,Completed
12662,2656,2026-08-20,3,Completed
4193,4516,2026-08-20,3,Completed
20069,1693,2026-08-20,9,Cancelled
19673,894,2026-08-20,1,Cancelled
205,2457,2026-08-20,10,Completed
5810,1801,2026-08-20,7,Completed
14914,3779,2026-08-20,9,Cancelled
16274,1137,2026-08-20,10,Cancelled
7252,3522,2026-08-20,6,Completed
13057,1553,2026-08-20,2,Cancelled
4787,2687,2026-08-20,8,Completed
9325,2897,2026-08-20,4,Completed
24168,2161,2026-08-20,8,Completed
13388,1920,2026-08-20,2,Completed
18611,38,2026-08-20,5,Completed
13503,1493,2026-08-20,8,Completed
2149,4076,2026-08-20,5,Completed
13760,491,2026-08-20,2,Completed
24937,4703,2026-08-20,1,Completed
19941,2749,2026-08-21,11,Cancelled
2097,297,2026-08-21,5,Completed
13017,1475,2026-08-21,7,Completed
2265,1063,2026-08-21,3,Completed
6065,1026,2026-08-21,7,Cancelled
9185,4034,2026-08-21,5,Completed
11771,4030,2026-08-21,7,Completed
9519,2314,2026-08-21,4,Completed
24205,3611,2026-08-21,3,Completed
14222,3520,2026-08-21,3,Completed
15308,2887,2026-08-21,4,Completed
7315,1187,2026-08-21,1,Completed
5588,1824,2026-08-21,1,Completed
1287,2598,2026-08-21,3,Completed
18047,3149,2026-08-21,8,Completed
5214,4241,2026-08-21,9,Completed
22126,2239,2026-08-21,12,Completed
12679,2916,2026-08-21,1,Cancelled
11534,2695,2026-08-21,1,Cancelled
4439,2930,2026-08-21,1,Cancelled
14855,1996,2026-08-21,11,Completed
19083,3261,2026-08-21,2,Cancelled
1101,3435,2026-08-22,12,Completed
6535,4797,2026-08-22,5,Completed
3945,3432,2026-08-22,3,Completed
6224,2321,2026-08-22,11,Cancelled
8126,4744,2026-08-22,10,Completed
17329,3531,2026-08-22,2,Completed
9129,2338,2026-08-22,6,Completed
5521,4938,2026-08-22,2,Completed
11514,1622,2026-08-22,1,Completed
12435,2749,2026-08-22,11,Completed
15253,1498,2026-08-22,11,Completed
10326,4038,2026-08-22,3,Cancelled
8563,1705,2026-08-22,8,Cancelled
18293,3358,2026-08-22,8,Completed
7478,779,2026-08-22,3,Completed
15924,601,2026-08-22,7,Completed
23757,3830,2026-08-22,11,Cancelled
16755,2962,2026-08-22,12,Completed
6364,3512,2026-08-22,10,Completed
13912,2315,2026-08-22,10,Cancelled
5691,1102,2026-08-22,4,Cancelled
2800,2694,2026-08-22,3,Cancelled
4070,2169,2026-08-22,11,Cancelled
1412,2727,2026-08-23,8,Completed
22570,887,2026-08-23,5,Cancelled
15440,1453,2026-08-23,10,Completed
6023,4223,2026-08-23,4,Completed
12468,1475,2026-08-23,7,Completed
22719,1654,2026-08-23,11,Completed
24981,242,2026-08-23,7,Completed
10973,4075,2026-08-23,5,Completed
2398,639,2026-08-23,12,Completed
22385,3648,2026-08-23,11,Completed
18245,3338,2026-08-23,7,Completed
13649,2310,2026-08-23,11,Completed
552,3315,2026-08-23,1,Completed
4376,1735,2026-08-23,4,Completed
6770,2508,2026-08-23,3,Completed
1723,4610,2026-08-23,1,Completed
5621,140,2026-08-23,7,Completed
9739,2962,2026-08-23,12,Completed
6721,4283,2026-08-23,5,Completed
17669,4833,2026-08-23,11,Completed
13504,457,2026-08-23,12,Completed
6850,3060,2026-08-23,5,Completed
16925,3497,2026-08-23,6,Completed
2830,2777,2026-08-23,12,Completed
14676,3383,2026-08-23,8,Completed
21291,1606,2026-08-23,3,Completed
563,4056,2026-08-23,7,Completed
18866,830,2026-08-24,12,Completed
19624,2277,2026-08-24,1,Completed
4859,3561,2026-08-24,8,Cancelled
5791,1134,2026-08-24,6,Cancelled
19460,886,2026-08-24,11,Completed
9035,179,2026-08-24,12,Completed
13694,3497,2026-08-24,6,Completed
17697,1856,2026-08-24,9,Completed
5523,1968,2026-08-24,9,Completed
18364,2478,2026-08-24,7,Completed
19024,3870,2026-08-24,6,Completed
9359,4179,2026-08-24,11,Completed
223,1014,2026-08-24,12,Completed
15569,169,2026-08-24,1,Completed
6477,2861,2026-08-24,7,Cancelled
15651,4034,2026-08-24,5,Completed
15681,2695,2026-08-24,1,Completed
2028,3406,2026-08-24,1,Cancelled
2179,1137,2026-08-24,10,Completed
1776,710,2026-08-24,10,Completed
14307,3007,2026-08-24,6,Cancelled
16719,1461,2026-08-24,2,Cancelled
3396,2611,2026-08-24,1,Cancelled
24074,4014,2026-08-24,11,Completed
1712,4425,2026-08-24,2,Completed
20803,1411,2026-08-24,5,Completed
2584,4380,2026-08-24,1,Completed
7054,867,2026-08-24,8,Completed
16182,4552,2026-08-24,12,Completed
7800,2525,2026-08-24,2,Completed
23989,3689,2026-08-24,12,Cancelled
19762,4343,2026-08-25,3,Cancelled
21211,3235,2026-08-25,2,Completed
20308,2795,2026-08-25,9,Completed
10013,3181,2026-08-25,1,Completed
11918,4517,2026-08-25,7,Completed
15744,566,2026-08-25,9,Completed
20889,4395,2026-08-25,10,Completed
7341,4856,2026-08-25,2,Completed
13782,4947,2026-08-25,5,Completed
15465,2707,2026-08-25,8,Completed
16618,3940,2026-08-25,8,Completed
2670,2978,2026-08-25,3,Completed
6580,4554,2026-08-25,3,Cancelled
20025,3018,2026-08-25,9,Completed
8312,542,2026-08-25,7,Cancelled
19891,4036,2026-08-25,11,Completed
4978,1645,2026-08-25,11,Completed
19845,4988,2026-08-25,12,Completed
3,2046,2026-08-25,3,Cancelled
9860,4245,2026-08-25,6,Cancelled
7284,4253,2026-08-26,9,Completed
20247,2088,2026-08-26,11,Completed
10086,4939,2026-08-26,9,Cancelled
24164,1211,2026-08-26,4,Completed
19995,3458,2026-08-26,5,Completed
1834,1750,2026-08-26,4,Completed
24067,3410,2026-08-26,4,Cancelled
18924,4324,2026-08-26,4,Completed
783,2038,2026-08-26,6,Completed
12909,1388,2026-08-26,5,Cancelled
61,1414,2026-08-26,3,Cancelled
4875,1957,2026-08-26,10,Cancelled
24115,2161,2026-08-26,8,Completed
20760,3606,2026-08-26,3,Cancelled
86,1816,2026-08-26,10,Cancelled
22281,672,2026-08-26,2,Completed
11195,350,2026-08-26,1,Completed
13354,1728,2026-08-26,1,Completed
21937,651,2026-08-26,11,Completed
15402,1654,2026-08-26,11,Cancelled
23347,4970,2026-08-26,5,Completed
16194,3465,2026-08-26,2,Completed
3257,865,2026-08-26,6,Cancelled
499,96,2026-08-26,2,Cancelled
3216,3354,2026-08-26,1,Completed
12504,1627,2026-08-26,9,Completed
12745,909,2026-08-26,1,Completed
7840,815,2026-08-26,11,Cancelled
15565,2172,2026-08-26,1,Completed
21387,2518,2026-08-26,1,Cancelled
5739,2325,2026-08-26,12,Completed
13594,4433,2026-08-26,11,Completed
15315,3866,2026-08-27,11,Completed
2756,4989,2026-08-27,6,Completed
12952,3101,2026-08-27,7,Completed
15276,1487,2026-08-27,6,Completed
23143,3181,2026-08-27,1,Completed
2124,1638,2026-08-27,12,Completed
1499,329,2026-08-27,4,Completed
13522,3542,2026-08-27,8,Completed
447,726,2026-08-27,4,Cancelled
21339,1342,2026-08-27,12,Completed
1925,4801,2026-08-27,4,Completed
21005,2348,2026-08-27,2,Completed
18592,4021,2026-08-27,7,Completed
18911,716,2026-08-27,9,Completed
4109,1874,2026-08-27,6,Completed
17301,1713,2026-08-27,8,Completed
826,1067,2026-08-27,11,Completed
12581,961,2026-08-27,2,Cancelled
17281,4945,2026-08-27,8,Completed
17123,1825,2026-08-27,1,Completed
12265,3297,2026-08-27,9,Completed
16854,4385,2026-08-27,7,Completed
23097,2560,2026-08-27,2,Completed
23705,190,2026-08-27,2,Completed
23903,4016,2026-08-27,9,Completed
19086,2492,2026-08-28,5,Completed
22833,3272,2026-08-28,12,Completed
13205,3111,2026-08-28,9,Completed
22853,2816,2026-08-28,4,Completed
19402,3177,2026-08-28,3,Cancelled
12086,4656,2026-08-28,11,Completed
22057,2125,2026-08-28,2,Completed
20382,2816,2026-08-28,4,Completed
5002,706,2026-08-28,12,Completed
24711,1167,2026-08-28,11,Completed
15902,4847,2026-08-28,2,Completed
16644,1626,2026-08-28,1,Completed
5805,2916,2026-08-28,1,Completed
3672,1061,2026-08-28,8,Completed
10954,3337,2026-08-28,2,Completed
15960,1771,2026-08-28,7,Completed
3860,2992,2026-08-28,1,Completed
24482,4905,2026-08-28,10,Completed
7136,2888,2026-08-28,6,Completed
23799,3598,2026-08-28,2,Completed
11871,3925,2026-08-28,12,Completed
15292,4213,2026-08-28,7,Completed
15534,2160,2026-08-28,10,Completed
3298,2743,2026-08-28,1,Completed
16788,4264,2026-08-28,6,Completed
5103,4230,2026-08-29,7,Completed
13518,1785,2026-08-29,12,Completed
17859,4874,2026-08-29,2,Cancelled
15174,2377,2026-08-29,4,Completed
19162,1875,2026-08-29,9,Completed
7516,2030,2026-08-29,12,Completed
21378,3171,2026-08-29,10,Completed
11102,3596,2026-08-29,10,Completed
12313,123,2026-08-29,10,Completed
11673,3075,2026-08-29,11,Completed
18899,1671,2026-08-29,2,Cancelled
6048,3604,2026-08-29,2,Completed
7829,3929,2026-08-29,5,Completed
11417,3599,2026-08-29,7,Cancelled
14140,633,2026-08-29,1,Cancelled
7111,3711,2026-08-29,8,Completed
12941,4790,2026-08-29,7,Completed
13134,1657,2026-08-30,5,Completed
21226,3751,2026-08-30,10,Completed
20255,3036,2026-08-30,3,Completed
9220,2377,2026-08-30,4,Completed
21934,4720,2026-08-30,10,Completed
6684,2576,2026-08-30,2,Completed
22426,1750,2026-08-30,4,Completed
6661,2990,2026-08-30,7,Completed
23045,2447,2026-08-30,8,Completed
21587,3787,2026-08-30,2,Completed
11857,4210,2026-08-30,7,Cancelled
19472,1641,2026-08-30,9,Completed
19912,4464,2026-08-30,1,Completed
16051,519,2026-08-30,2,Completed
10174,2952,2026-08-30,10,Completed
21979,4138,2026-08-30,1,Completed
20940,3311,2026-08-30,11,Completed
1220,1872,2026-08-30,2,Cancelled
482,2635,2026-08-30,3,Completed
3753,498,2026-08-30,8,Completed
23766,3114,2026-08-31,12,Completed
22337,68,2026-08-31,5,Cancelled
23038,2764,2026-08-31,4,Cancelled
9140,1708,2026-08-31,10,Completed
17688,2990,2026-08-31,7,Cancelled
13167,1829,2026-08-31,10,Completed
6551,2852,2026-08-31,12,Completed
1413,4947,2026-08-31,5,Cancelled
13997,1793,2026-08-31,1,Completed
7451,3866,2026-08-31,11,Completed
20879,1610,2026-08-31,1,Completed
23643,2260,2026-08-31,11,Cancelled
5381,2061,2026-08-31,4,Completed
13815,1406,2026-08-31,11,Completed
7562,1613,2026-08-31,10,Cancelled
1223,251,2026-08-31,1,Cancelled
7728,4870,2026-08-31,11,Completed
7605,3513,2026-08-31,5,Completed
4464,1349,2026-09-01,6,Completed
12536,4555,2026-09-01,1,Completed
4056,506,2026-09-01,5,Cancelled
15104,136,2026-09-01,6,Completed
9563,3691,2026-09-01,8,Completed
21296,2511,2026-09-01,11,Cancelled
19956,4567,2026-09-01,2,Completed
6320,231,2026-09-01,3,Completed
14921,282,2026-09-01,7,Completed
1152,904,2026-09-01,11,Completed
11645,4225,2026-09-01,2,Completed
3099,2131,2026-09-01,7,Completed
16196,1047,2026-09-01,4,Completed
1974,4324,2026-09-01,4,Completed
14171,4987,2026-09-01,5,Completed
3632,4572,2026-09-01,5,Completed
11008,4585,2026-09-01,12,Completed
3920,4746,2026-09-01,12,Completed
10871,3144,2026-09-01,4,Completed
10166,1957,2026-09-01,10,Completed
4168,2574,2026-09-02,1,Completed
630,4657,2026-09-02,5,Completed
16387,1724,2026-09-02,7,Completed
7159,1927,2026-09-02,1,Completed
11484,1801,2026-09-02,7,Completed
11838,659,2026-09-02,1,Completed
23780,4600,2026-09-02,3,Completed
9237,4742,2026-09-02,2,Completed
9378,3848,2026-09-02,8,Completed
2163,695,2026-09-02,6,Cancelled
2339,1957,2026-09-02,10,Completed
16814,123,2026-09-02,10,Cancelled
22159,2985,2026-09-02,1,Cancelled
24414,3498,2026-09-02,6,Cancelled
21234,2343,2026-09-02,10,Completed
10413,939,2026-09-02,4,Cancelled
176,3606,2026-09-02,3,Completed
2688,3041,2026-09-02,3,Completed
17014,4020,2026-09-02,1,Completed
23179,947,2026-09-03,12,Completed
11032,648,2026-09-03,1,Completed
23503,2831,2026-09-03,7,Completed
11605,4188,2026-09-03,5,Completed
11663,3056,2026-09-03,1,Completed
10701,4012,2026-09-03,8,Completed
23106,2873,2026-09-03,4,Cancelled
23212,701,2026-09-03,4,Completed
22443,1092,2026-09-03,6,Completed
23986,3340,2026-09-03,4,Completed
10846,4922,2026-09-03,6,Completed
642,3463,2026-09-03,10,Completed
308,3801,2026-09-03,6,Completed
23278,4319,2026-09-03,1,Completed
4678,3866,2026-09-03,11,Completed
10152,3582,2026-09-03,6,Completed
9390,4813,2026-09-03,2,Completed
14684,4798,2026-09-03,7,Completed
13906,3783,2026-09-03,2,Cancelled
12925,938,2026-09-03,12,Completed
17528,87,2026-09-03,8,Completed
3379,2412,2026-09-03,1,Completed
19839,1785,2026-09-03,12,Completed
18180,4835,2026-09-03,7,Completed
20517,3483,2026-09-03,3,Completed
9154,2270,2026-09-03,9,Cancelled
18376,3274,2026-09-03,9,Completed
21602,3699,2026-09-03,5,Completed
3975,747,2026-09-03,9,Cancelled
3770,541,2026-09-03,6,Completed
6063,2424,2026-09-04,3,Completed
6013,1533,2026-09-04,5,Completed
12267,3927,2026-09-04,10,Completed
2372,3383,2026-09-04,8,Completed
8074,3866,2026-09-04,11,Completed
16627,3551,2026-09-04,2,Completed
3708,2533,2026-09-04,2,Completed
2420,3149,2026-09-04,8,Cancelled
16894,1134,2026-09-04,6,Cancelled
19286,2236,2026-09-04,3,Completed
10453,3987,2026-09-04,5,Completed
16565,1825,2026-09-04,1,Cancelled
16732,2102,2026-09-04,11,Completed
16512,4318,2026-09-04,2,Cancelled
13070,2131,2026-09-04,7,Cancelled
9568,4638,2026-09-04,2,Completed
8479,2400,2026-09-04,5,Cancelled
21625,301,2026-09-04,1,Completed
24697,2765,2026-09-04,11,Completed
5512,493,2026-09-04,7,Completed
18177,948,2026-09-04,2,Completed
1621,3479,2026-09-04,9,Completed
11384,2009,2026-09-04,9,Cancelled
5717,2279,2026-09-04,10,Completed
21294,2228,2026-09-04,5,Completed
15149,1849,2026-09-04,2,Completed
3634,1065,2026-09-04,7,Completed
10423,2400,2026-09-04,5,Cancelled
21946,215,2026-09-05,4,Completed
2507,3584,2026-09-05,12,Completed
13377,4715,2026-09-05,11,Completed
19059,4685,2026-09-05,9,Completed
18088,1952,2026-09-05,7,Completed
21927,3352,2026-09-05,1,Completed
6716,957,2026-09-05,2,Completed
20703,749,2026-09-05,2,Completed
7776,1569,2026-09-05,11,Cancelled
15147,642,2026-09-05,4,Cancelled
8989,3725,2026-09-05,3,Completed
24036,3401,2026-09-05,10,Completed
15076,779,2026-09-05,3,Completed
24023,2066,2026-09-05,9,Cancelled
10220,1557,2026-09-05,2,Cancelled
7280,1147,2026-09-05,5,Completed
5371,62,2026-09-05,8,Completed
2792,4875,2026-09-05,5,Completed
14839,4711,2026-09-05,10,Completed
9651,702,2026-09-05,12,Completed
5641,4197,2026-09-06,8,Cancelled
7265,3109,2026-09-06,7,Completed
16087,835,2026-09-06,8,Completed
7170,3514,2026-09-06,1,Completed
11665,3631,2026-09-06,4,Completed
21054,3245,2026-09-06,7,Cancelled
17876,2025,2026-09-06,11,Completed
6950,1069,2026-09-06,7,Cancelled
6137,4514,2026-09-06,3,Completed
12863,1775,2026-09-06,11,Completed
6772,4562,2026-09-06,6,Cancelled
15031,1958,2026-09-06,12,Completed
22382,1540,2026-09-06,8,Completed
6310,3728,2026-09-06,2,Completed
9488,373,2026-09-06,2,Completed
16455,1067,2026-09-06,11,Completed
15557,3792,2026-09-06,7,Completed
22893,367,2026-09-06,8,Completed
4068,4901,2026-09-06,8,Completed
23458,3266,2026-09-06,2,Completed
14059,2906,2026-09-06,7,Completed
4133,701,2026-09-06,4,Completed
5182,3588,2026-09-06,11,Cancelled
14055,3343,2026-09-06,10,Completed
13326,3978,2026-09-07,1,Completed
16692,1306,2026-09-07,4,Completed
19422,4241,2026-09-07,9,Completed
2180,1159,2026-09-07,4,Completed
18816,3363,2026-09-07,1,Completed
13517,863,2026-09-07,10,Completed
7667,1229,2026-09-07,10,Completed
20953,3149,2026-09-07,8,Completed
7242,172,2026-09-07,3,Completed
15998,4562,2026-09-07,6,Completed
369,1657,2026-09-07,5,Completed
1354,2289,2026-09-07,10,Completed
15712,2575,2026-09-07,12,Completed
596,539,2026-09-07,3,Completed
1873,1450,2026-09-07,2,Completed
16147,3792,2026-09-07,7,Completed
14523,1184,2026-09-07,5,Completed
24382,1669,2026-09-07,11,Completed
24699,1652,2026-09-07,3,Completed
20084,3727,2026-09-07,9,Completed
9178,2397,2026-09-07,6,Completed
18668,4167,2026-09-07,3,Completed
14176,1306,2026-09-07,4,Completed
687,2472,2026-09-07,12,Completed
13865,4193,2026-09-07,2,Cancelled
18721,3321,2026-09-07,7,Completed
19329,3644,2026-09-08,4,Completed
6702,1421,2026-09-08,10,Completed
23076,957,2026-09-08,2,Cancelled
2356,2077,2026-09-08,8,Completed
24147,4614,2026-09-08,7,Completed
24161,1850,2026-09-08,5,Completed
2569,1174,2026-09-08,4,Completed
7796,1849,2026-09-08,2,Completed
23851,4571,2026-09-08,12,Cancelled
6253,4555,2026-09-08,1,Completed
3590,532,2026-09-08,5,Completed
7237,3200,2026-09-08,7,Completed
14658,4169,2026-09-08,2,Completed
6283,3618,2026-09-08,3,Completed
21018,3700,2026-09-08,8,Completed
13384,2752,2026-09-08,3,Cancelled
17419,2333,2026-09-08,10,Completed
22776,722,2026-09-08,12,Completed
11053,1560,2026-09-08,6,Completed
9194,964,2026-09-08,4,Completed
12449,2562,2026-09-08,12,Completed
1818,837,2026-09-08,1,Completed
15925,1698,2026-09-08,4,Completed
20985,1007,2026-09-08,5,Completed
11079,2661,2026-09-08,7,Completed
7743,2656,2026-09-09,3,Completed
13466,3062,2026-09-09,12,Completed
8007,4740,2026-09-09,7,Completed
20314,4245,2026-09-09,6,Completed
12552,1040,2026-09-09,8,Completed
7975,2585,2026-09-09,3,Completed
16045,3168,2026-09-09,4,Completed
12221,2787,2026-09-09,7,Cancelled
7872,281,2026-09-09,7,Completed
13076,4350,2026-09-09,4,Cancelled
14483,3526,2026-09-09,2,Completed
9225,4246,2026-09-09,9,Completed
10290,4341,2026-09-09,3,Completed
22847,128,2026-09-09,2,Completed
8694,878,2026-09-09,5,Completed
641,2982,2026-09-09,7,Completed
24364,3082,2026-09-09,10,Completed
14771,2246,2026-09-09,9,Cancelled
11498,2842,2026-09-09,9,Completed
23369,3629,2026-09-09,11,Cancelled
16754,3805,2026-09-09,1,Completed
1392,4312,2026-09-09,12,Completed
4039,3473,2026-09-09,3,Completed
4699,519,2026-09-09,2,Completed
21076,1299,2026-09-09,4,Cancelled
9788,3882,2026-09-09,12,Completed
17057,1971,2026-09-09,8,Cancelled
2572,3544,2026-09-09,10,Completed
15024,611,2026-09-10,4,Completed
9072,1822,2026-09-10,6,Completed
18278,4732,2026-09-10,9,Completed
2986,3937,2026-09-10,12,Completed
13797,1975,2026-09-10,6,Completed
10299,1538,2026-09-10,2,Completed
13494,1011,2026-09-10,10,Cancelled
17804,719,2026-09-10,10,Completed
10444,1957,2026-09-10,10,Cancelled
17602,1545,2026-09-10,6,Completed
15009,41,2026-09-10,2,Completed
17858,1868,2026-09-10,9,Cancelled
1310,1686,2026-09-10,4,Completed
21195,2562,2026-09-10,12,Completed
7770,325,2026-09-11,1,Completed
7378,1406,2026-09-11,11,Completed
11263,474,2026-09-11,1,Completed
18528,2031,2026-09-11,10,Completed
13193,4928,2026-09-11,1,Completed
14525,1573,2026-09-11,4,Completed
23425,172,2026-09-11,3,Completed
17960,3522,2026-09-11,6,Completed
17896,1524,2026-09-11,1,Completed
10096,4417,2026-09-11,1,Completed
6130,1139,2026-09-11,5,Completed
22981,1323,2026-09-11,12,Cancelled
23232,2159,2026-09-11,1,Completed
8113,840,2026-09-11,8,Completed
16750,2902,2026-09-11,5,Completed
19256,96,2026-09-11,2,Completed
14957,2413,2026-09-11,3,Cancelled
12290,2109,2026-09-11,3,Completed
2360,3053,2026-09-11,12,Completed
11731,3426,2026-09-11,2,Completed
6287,4780,2026-09-12,4,Completed
18588,3522,2026-09-12,6,Completed
15620,1695,2026-09-12,2,Completed
12216,3563,2026-09-12,6,Completed
1229,998,2026-09-12,8,Completed
9966,126,2026-09-12,8,Completed
18726,726,2026-09-12,4,Completed
22955,469,2026-09-12,4,Completed
18755,4632,2026-09-12,7,Completed
19011,3020,2026-09-12,1,Cancelled
16830,1317,2026-09-12,10,Completed
15928,2198,2026-09-12,4,Completed
7293,3637,2026-09-12,3,Completed
1528,1255,2026-09-12,11,Completed
2088,1860,2026-09-12,10,Completed
2321,2056,2026-09-12,6,Cancelled
13630,3908,2026-09-12,1,Completed
24904,1540,2026-09-12,8,Completed
7706,397,2026-09-12,6,Completed
9512,20,2026-09-12,11,Completed
13609,4735,2026-09-12,1,Completed
14711,98,2026-09-13,1,Completed
20364,4850,2026-09-13,7,Completed
11703,990,2026-09-13,7,Completed
2730,4534,2026-09-13,4,Cancelled
15844,3819,2026-09-13,11,Completed
390,1411,2026-09-13,5,Completed
4730,1409,2026-09-13,6,Completed
9485,3252,2026-09-13,5,Cancelled
8505,2186,2026-09-13,3,Completed
20453,3926,2026-09-13,3,Completed
753,426,2026-09-13,9,Cancelled
19038,2914,2026-09-13,5,Completed
1031,4799,2026-09-13,5,Completed
8305,338,2026-09-13,7,Cancelled
18078,450,2026-09-13,2,Cancelled
16992,778,2026-09-13,6,Completed
6024,1806,2026-09-13,2,Completed
16611,927,2026-09-13,3,Completed
6534,4649,2026-09-13,5,Completed
10323,1783,2026-09-13,1,Cancelled
22929,200,2026-09-13,12,Completed
4925,270,2026-09-14,10,Completed
2749,74,2026-09-14,6,Completed
14543,24,2026-09-14,4,Completed
16023,4081,2026-09-14,11,Cancelled
6218,3037,2026-09-14,12,Completed
20258,38,2026-09-14,5,Completed
22546,1932,2026-09-14,12,Completed
10872,1013,2026-09-14,4,Completed
16689,1112,2026-09-14,10,Completed
16155,4571,2026-09-14,12,Completed
12940,493,2026-09-14,7,Completed
10626,583,2026-09-14,2,Completed
24035,2080,2026-09-14,7,Cancelled
392,573,2026-09-14,2,Cancelled
5235,3927,2026-09-14,10,Cancelled
7797,4932,2026-09-14,7,Completed
19790,4262,2026-09-14,1,Completed
13671,3916,2026-09-14,5,Completed
10904,2424,2026-09-14,3,Completed
7494,73,2026-09-14,1,Completed
8706,4436,2026-09-14,10,Completed
7652,4530,2026-09-14,8,Completed
10302,3518,2026-09-14,11,Completed
7405,4758,2026-09-14,2,Cancelled
20938,456,2026-09-14,5,Completed
3783,4601,2026-09-15,6,Completed
4429,2348,2026-09-15,2,Completed
21596,2631,2026-09-15,4,Cancelled
10242,4265,2026-09-15,9,Completed
24838,4698,2026-09-15,3,Completed
9115,1906,2026-09-15,2,Completed
23445,2335,2026-09-15,1,Cancelled
10937,2829,2026-09-15,8,Completed
12754,3784,2026-09-15,6,Completed
21164,4968,2026-09-15,12,Completed
17977,763,2026-09-15,2,Completed
17176,2574,2026-09-15,1,Cancelled
21992,3338,2026-09-15,7,Completed
5270,4963,2026-09-15,3,Completed
12082,2759,2026-09-15,2,Cancelled
23332,991,2026-09-15,2,Completed
1405,348,2026-09-15,6,Completed
7333,1539,2026-09-15,1,Completed
6177,4481,2026-09-15,11,Completed
2771,2535,2026-09-15,2,Completed
14638,702,2026-09-15,12,Completed
23073,1029,2026-09-16,1,Completed
15985,3826,2026-09-16,2,Completed
20736,794,2026-09-16,4,Completed
7995,3866,2026-09-16,11,Completed
8429,2042,2026-09-16,1,Completed
4820,3564,2026-09-16,1,Cancelled
22851,95,2026-09-16,6,Completed
5509,1890,2026-09-16,10,Completed
5387,3890,2026-09-16,4,Cancelled
5354,3566,2026-09-16,4,Completed
21311,1244,2026-09-16,2,Completed
6988,4630,2026-09-16,7,Completed
27,1620,2026-09-16,4,Completed
21922,3925,2026-09-16,12,Completed
23214,3112,2026-09-16,2,Completed
23934,4683,2026-09-16,3,Completed
551,1645,2026-09-16,11,Completed
9895,2672,2026-09-16,10,Cancelled
9037,1737,2026-09-16,7,Completed
21857,3772,2026-09-16,9,Completed
351,4344,2026-09-16,1,Completed
14361,2470,2026-09-16,7,Completed
17791,3095,2026-09-16,9,Completed
23095,3177,2026-09-17,3,Cancelled
14707,4678,2026-09-17,5,Completed
4618,2183,2026-09-17,1,Cancelled
18983,2930,2026-09-17,1,Cancelled
14535,2069,2026-09-17,11,Completed
1127,1761,2026-09-17,8,Cancelled
13101,138,2026-09-17,3,Completed
5582,2237,2026-09-17,2,Completed
3051,3299,2026-09-17,7,Cancelled
10103,1219,2026-09-17,2,Completed
11357,2967,2026-09-17,2,Cancelled
2990,2152,2026-09-17,12,Completed
3187,1342,2026-09-17,12,Completed
10137,3029,2026-09-17,6,Cancelled
15477,4290,2026-09-17,10,Completed
13624,3974,2026-09-17,10,Completed
17837,430,2026-09-17,11,Completed
8526,1204,2026-09-17,8,Completed
21095,182,2026-09-17,9,Completed
15198,2566,2026-09-17,9,Completed
8065,3897,2026-09-17,5,Cancelled
19806,31,2026-09-17,10,Completed
16492,801,2026-09-17,1,Completed
14571,4783,2026-09-17,3,Completed
13297,994,2026-09-17,7,Cancelled
2002,4607,2026-09-18,3,Cancelled
20778,3137,2026-09-18,11,Completed
7287,138,2026-09-18,3,Completed
24961,537,2026-09-18,2,Completed
12553,2351,2026-09-18,7,Completed
8085,2475,2026-09-18,7,Cancelled
486,4835,2026-09-18,7,Completed
4608,3495,2026-09-18,7,Completed
23258,30,2026-09-18,12,Cancelled
1069,232,2026-09-18,3,Cancelled
21713,76,2026-09-18,12,Completed
5087,4727,2026-09-18,1,Completed
10405,1819,2026-09-18,11,Completed
15443,4966,2026-09-18,1,Cancelled
21142,4241,2026-09-18,9,Completed
24917,195,2026-09-18,7,Cancelled
22831,1523,2026-09-18,4,Cancelled
17999,290,2026-09-18,3,Completed
2538,4212,2026-09-18,10,Completed
19281,2815,2026-09-18,12,Completed
11179,3424,2026-09-18,3,Completed
6115,2620,2026-09-19,6,Completed
3210,3055,2026-09-19,4,Completed
13699,3353,2026-09-19,4,Completed
16920,2451,2026-09-19,11,Completed
23172,2162,2026-09-19,6,Completed
15298,3630,2026-09-19,8,Completed
20024,187,2026-09-19,3,Cancelled
10315,4372,2026-09-19,3,Cancelled
7380,1573,2026-09-19,4,Completed
10946,364,2026-09-19,11,Completed
19953,514,2026-09-19,3,Completed
23451,3027,2026-09-19,10,Cancelled
2003,2639,2026-09-19,11,Completed
24538,896,2026-09-19,7,Completed
12159,2682,2026-09-19,3,Completed
7851,4281,2026-09-20,2,Completed
4994,2876,2026-09-20,3,Completed
16145,3690,2026-09-20,6,Completed
4536,1620,2026-09-20,4,Completed
3900,1851,2026-09-20,2,Completed
2203,2044,2026-09-20,2,Completed
5547,2014,2026-09-20,4,Completed
1378,1240,2026-09-20,11,Completed
8601,1183,2026-09-20,5,Completed
21666,3417,2026-09-20,4,Completed
17224,132,2026-09-20,1,Completed
4559,3118,2026-09-20,5,Completed
3731,2024,2026-09-20,12,Completed
525,325,2026-09-20,1,Cancelled
13098,2331,2026-09-20,11,Completed
17566,2954,2026-09-20,9,Completed
7191,3923,2026-09-20,3,Cancelled
19474,2519,2026-09-20,12,Completed
16553,1229,2026-09-20,10,Completed
2475,1949,2026-09-20,5,Completed
20754,3604,2026-09-20,2,Completed
278,3711,2026-09-20,8,Completed
5255,4644,2026-09-20,7,Cancelled
16654,3700,2026-09-20,8,Completed
8950,113,2026-09-20,3,Completed
13960,1202,2026-09-20,4,Cancelled
20860,2697,2026-09-20,2,Completed
10380,1986,2026-09-20,2,Completed
1485,1736,2026-09-21,8,Completed
11633,285,2026-09-21,4,Completed
16973,641,2026-09-21,3,Completed
1193,947,2026-09-21,12,Completed
10797,464,2026-09-21,1,Completed
18190,4626,2026-09-21,3,Completed
8272,1699,2026-09-21,12,Cancelled
11742,2035,2026-09-21,5,Cancelled
5961,2457,2026-09-21,10,Completed
18159,1596,2026-09-21,7,Completed
21556,3577,2026-09-21,8,Completed
11196,3940,2026-09-21,8,Completed
2233,3142,2026-09-21,5,Completed
22618,3940,2026-09-21,8,Completed
20602,3854,2026-09-21,5,Cancelled
12147,866,2026-09-21,1,Completed
2490,1106,2026-09-21,3,Completed
24589,979,2026-09-21,6,Completed
10360,1973,2026-09-21,10,Completed
7019,4122,2026-09-21,3,Cancelled
2829,2445,2026-09-21,8,Completed
16352,2093,2026-09-21,12,Completed
3425,337,2026-09-21,12,Completed
11954,277,2026-09-21,8,Completed
3636,4466,2026-09-22,7,Cancelled
22291,2330,2026-09-22,11,Completed
1496,4816,2026-09-22,12,Completed
19590,2019,2026-09-22,6,Completed
8675,2269,2026-09-22,4,Completed
321,1013,2026-09-22,4,Cancelled
20148,4964,2026-09-22,10,Completed
4215,123,2026-09-22,10,Completed
21363,4810,2026-09-22,2,Completed
15217,871,2026-09-22,5,Completed
7014,4248,2026-09-22,11,Completed
2765,4120,2026-09-22,10,Completed
19931,4746,2026-09-22,12,Cancelled
7955,552,2026-09-22,6,Completed
12659,3360,2026-09-22,9,Completed
11210,3075,2026-09-22,11,Cancelled
14996,4253,2026-09-22,9,Completed
6083,4723,2026-09-22,3,Completed
21029,4136,2026-09-22,10,Completed
18357,3299,2026-09-23,7,Completed
6827,4800,2026-09-23,11,Cancelled
21764,2736,2026-09-23,8,Completed
11904,574,2026-09-23,6,Completed
3605,4809,2026-09-23,3,Completed
3514,695,2026-09-23,6,Completed
5132,1862,2026-09-23,9,Completed
23736,2172,2026-09-23,1,Cancelled
4949,1243,2026-09-23,8,Completed
21414,727,2026-09-23,7,Completed
24221,1351,2026-09-23,4,Completed
11268,2520,2026-09-23,11,Completed
10340,2281,2026-09-23,2,Completed
20062,3371,2026-09-23,3,Completed
23283,4833,2026-09-23,11,Completed
1796,4744,2026-09-23,10,Completed
22814,3497,2026-09-23,6,Completed
20121,2450,2026-09-23,1,Completed
7523,2875,2026-09-23,8,Completed
15625,1162,2026-09-23,12,Completed
13114,1732,2026-09-23,3,Completed
210,1737,2026-09-23,7,Completed
12939,2839,2026-09-23,11,Completed
22023,1952,2026-09-23,7,Cancelled
23804,283,2026-09-23,5,Completed
2502,3266,2026-09-23,2,Completed
12586,1785,2026-09-23,12,Completed
5695,437,2026-09-23,2,Cancelled
18022,86,2026-09-23,8,Completed
12103,526,2026-09-23,9,Completed
23418,221,2026-09-24,5,Completed
23487,3525,2026-09-24,10,Completed
2641,742,2026-09-24,2,Completed
799,3132,2026-09-24,9,Completed
2934,4902,2026-09-24,4,Cancelled
15884,2931,2026-09-24,7,Completed
6407,2719,2026-09-24,3,Completed
24843,3325,2026-09-24,9,Cancelled
16128,2398,2026-09-24,2,Completed
20752,1981,2026-09-24,1,Cancelled
18240,988,2026-09-24,12,Completed
5809,1094,2026-09-24,3,Completed
22576,3089,2026-09-24,12,Completed
10841,2371,2026-09-24,12,Completed
24864,2066,2026-09-24,9,Completed
16234,1061,2026-09-24,8,Completed
11016,1564,2026-09-24,3,Completed
4083,3585,2026-09-24,12,Cancelled
8491,1873,2026-09-24,3,Cancelled
10115,2347,2026-09-24,11,Completed
4076,2337,2026-09-24,12,Completed
14030,3182,2026-09-24,6,Completed
23021,614,2026-09-24,8,Cancelled
16561,1211,2026-09-24,4,Completed
10543,3867,2026-09-24,8,Completed
8055,1213,2026-09-24,3,Completed
15667,3028,2026-09-24,5,Completed
18462,4317,2026-09-25,10,Cancelled
5102,3926,2026-09-25,3,Completed
6864,805,2026-09-25,7,Completed
8552,3216,2026-09-25,4,Completed
15444,4673,2026-09-25,11,Completed
137,1694,2026-09-25,4,Completed
2894,4812,2026-09-25,8,Cancelled
10377,2858,2026-09-25,8,Completed
18873,2487,2026-09-25,3,Cancelled
941,3382,2026-09-25,2,Cancelled
22605,2967,2026-09-25,2,Completed
18149,1102,2026-09-25,4,Completed
16076,3580,2026-09-25,11,Completed
17810,2976,2026-09-25,11,Completed
20330,4789,2026-09-25,4,Completed
10908,2353,2026-09-25,8,Completed
16700,2518,2026-09-25,1,Completed
3154,4950,2026-09-25,8,Cancelled
8603,3147,2026-09-25,12,Completed
7772,4032,2026-09-26,3,Completed
13265,2118,2026-09-26,3,Cancelled
24416,2775,2026-09-26,2,Completed
3735,613,2026-09-26,11,Completed
635,3880,2026-09-26,7,Completed
24817,1861,2026-09-26,3,Completed
17809,76,2026-09-26,12,Cancelled
2432,644,2026-09-26,8,Completed
8229,1610,2026-09-26,1,Cancelled
3357,130,2026-09-26,12,Cancelled
24274,359,2026-09-26,7,Cancelled
20485,3432,2026-09-26,3,Completed
22056,2525,2026-09-26,2,Completed
23835,1644,2026-09-26,12,Completed
22258,4767,2026-09-26,9,Cancelled
13016,4555,2026-09-26,1,Completed
3029,376,2026-09-26,1,Completed
24029,2933,2026-09-26,10,Completed
10304,4604,2026-09-26,1,Completed
17009,2435,2026-09-26,2,Completed
20786,3207,2026-09-26,5,Completed
18118,1081,2026-09-26,1,Completed
518,1401,2026-09-26,12,Completed
7511,3459,2026-09-26,1,Completed
20662,2255,2026-09-26,7,Cancelled
15194,4538,2026-09-26,1,Completed
23661,4899,2026-09-26,8,Completed
8832,773,2026-09-26,5,Cancelled
22132,3003,2026-09-26,8,Completed
7633,687,2026-09-26,3,Completed
23963,4290,2026-09-27,10,Completed
3331,576,2026-09-27,8,Completed
15603,1671,2026-09-27,2,Completed
21642,1683,2026-09-27,7,Cancelled
19706,2641,2026-09-27,11,Completed
19669,3866,2026-09-27,11,Completed
20917,1471,2026-09-27,9,Completed
22582,3980,2026-09-27,4,Completed
16891,1401,2026-09-27,12,Completed
7723,3224,2026-09-27,3,Completed
22973,4935,2026-09-27,1,Completed
22615,4352,2026-09-27,1,Cancelled
8315,3592,2026-09-27,8,Completed
14395,3646,2026-09-27,4,Completed
1703,195,2026-09-27,7,Completed
2468,4180,2026-09-27,3,Completed
15665,226,2026-09-27,4,Completed
16516,4642,2026-09-27,11,Completed
12865,3436,2026-09-27,2,Cancelled
24779,1810,2026-09-27,11,Cancelled
10928,2309,2026-09-27,2,Completed
9720,812,2026-09-27,9,Completed
11211,3516,2026-09-27,6,Completed
7756,69,2026-09-27,1,Completed
19714,4838,2026-09-27,11,Completed
23178,3952,2026-09-28,10,Completed
10124,3469,2026-09-28,10,Completed
4306,1228,2026-09-28,11,Cancelled
22821,2451,2026-09-28,11,Completed
9953,1204,2026-09-28,8,Completed
3833,308,2026-09-28,1,Completed
21990,3500,2026-09-28,5,Completed
22568,3919,2026-09-28,8,Completed
5310,3244,2026-09-28,1,Completed
18485,2405,2026-09-28,5,Completed
10952,3611,2026-09-28,3,Completed
14520,2504,2026-09-28,2,Cancelled
7026,3244,2026-09-28,1,Completed
14399,1972,2026-09-28,2,Completed
12680,728,2026-09-28,4,Completed
24184,2339,2026-09-28,2,Completed
10090,1323,2026-09-28,12,Completed
3287,323,2026-09-29,7,Completed
22451,634,2026-09-29,4,Completed
4914,656,2026-09-29,3,Completed
840,3655,2026-09-29,4,Completed
10664,1940,2026-09-29,1,Cancelled
2754,783,2026-09-29,10,Completed
21781,4147,2026-09-29,8,Completed
19615,2279,2026-09-29,10,Completed
17972,4210,2026-09-29,7,Cancelled
7141,602,2026-09-29,11,Completed
4434,4046,2026-09-29,12,Completed
11535,4497,2026-09-29,3,Cancelled
4475,2606,2026-09-29,11,Completed
5029,599,2026-09-29,12,Completed
10821,4650,2026-09-29,5,Completed
14203,2987,2026-09-29,4,Completed
6998,4332,2026-09-29,10,Cancelled
14618,2008,2026-09-29,2,Cancelled
23367,119,2026-09-29,2,Completed
18679,1486,2026-09-29,10,Completed
23355,1295,2026-09-29,10,Completed
262,2775,2026-09-29,2,Completed
4406,830,2026-09-30,12,Completed
9040,3084,2026-09-30,1,Completed
17880,1691,2026-09-30,7,Completed
10450,258,2026-09-30,9,Completed
17020,2915,2026-09-30,4,Completed
24491,152,2026-09-30,10,Completed
11669,1285,2026-09-30,7,Cancelled
18334,3939,2026-09-30,6,Cancelled
21982,2862,2026-09-30,1,Completed
6471,1076,2026-09-30,3,Completed
11968,1007,2026-09-30,5,Completed
3758,3632,2026-09-30,9,Completed
8685,934,2026-09-30,7,Completed
20805,4490,2026-10-01,2,Completed
23563,1186,2026-10-01,8,Cancelled
24582,606,2026-10-01,3,Cancelled
19793,4718,2026-10-01,7,Completed
17710,3354,2026-10-01,1,Completed
17034,4567,2026-10-01,2,Completed
13487,88,2026-10-01,1,Completed
19655,1703,2026-10-01,2,Completed
10810,860,2026-10-01,6,Completed
23296,4720,2026-10-01,10,Completed
2848,1073,2026-10-01,4,Completed
15818,2326,2026-10-01,11,Completed
13437,651,2026-10-01,11,Completed
7292,1233,2026-10-01,4,Completed
23760,4759,2026-10-01,7,Cancelled
16273,7,2026-10-01,1,Cancelled
22946,4709,2026-10-02,3,Completed
22561,3139,2026-10-02,12,Completed
21634,3219,2026-10-02,8,Completed
11190,4813,2026-10-02,2,Completed
11209,3340,2026-10-02,4,Completed
15669,1171,2026-10-02,9,Completed
24630,4296,2026-10-02,7,Completed
9039,3630,2026-10-02,8,Completed
22,1415,2026-10-02,10,Completed
6671,317,2026-10-02,5,Cancelled
14729,2231,2026-10-02,4,Cancelled
17792,3469,2026-10-02,10,Completed
19194,2679,2026-10-02,8,Completed
4567,751,2026-10-02,7,Completed
14295,3512,2026-10-02,10,Completed
23379,902,2026-10-02,8,Cancelled
20363,1857,2026-10-02,3,Completed
11153,335,2026-10-02,6,Completed
23733,1449,2026-10-02,6,Completed
18522,316,2026-10-02,12,Completed
12486,3596,2026-10-02,10,Completed
18614,3763,2026-10-02,12,Completed
23559,4543,2026-10-02,3,Completed
18315,3787,2026-10-02,2,Cancelled
18307,2941,2026-10-02,10,Completed
14651,3574,2026-10-03,2,Completed
15666,2280,2026-10-03,5,Completed
14826,909,2026-10-03,1,Completed
600,557,2026-10-03,1,Cancelled
1393,1606,2026-10-03,3,Completed
646,4827,2026-10-03,2,Completed
650,2198,2026-10-03,4,Completed
19033,1155,2026-10-03,3,Completed
8666,4935,2026-10-03,1,Completed
7306,3274,2026-10-03,9,Completed
18482,217,2026-10-03,5,Completed
8117,2909,2026-10-03,11,Completed
4422,943,2026-10-03,12,Cancelled
9607,1081,2026-10-03,1,Completed
9998,2328,2026-10-03,6,Completed
13356,1424,2026-10-03,7,Cancelled
4499,1719,2026-10-03,2,Cancelled
12810,3026,2026-10-03,1,Completed
16874,1912,2026-10-03,9,Completed
6577,3479,2026-10-03,9,Completed
423,3800,2026-10-03,5,Completed
17955,2878,2026-10-03,8,Completed
13110,4543,2026-10-03,3,Completed
13549,3528,2026-10-03,5,Completed
2701,560,2026-10-03,12,Completed
3105,159,2026-10-03,11,Cancelled
21499,4168,2026-10-03,4,Completed
22658,639,2026-10-03,12,Completed
21716,3362,2026-10-03,3,Completed
1847,4444,2026-10-03,9,Completed
2613,2832,2026-10-03,11,Completed
11707,28,2026-10-03,7,Completed
22994,38,2026-10-04,5,Completed
2908,2544,2026-10-04,1,Completed
4329,2226,2026-10-04,9,Completed
23019,4643,2026-10-04,1,Completed
18025,1200,2026-10-04,8,Completed
4246,3595,2026-10-04,3,Completed
7954,4988,2026-10-04,12,Cancelled
327,3483,2026-10-04,3,Cancelled
8147,4137,2026-10-04,11,Completed
13727,2386,2026-10-04,2,Completed
18819,3637,2026-10-04,3,Completed
9872,665,2026-10-04,12,Cancelled
3062,77,2026-10-04,8,Cancelled
8015,694,2026-10-04,3,Cancelled
12069,2333,2026-10-04,10,Completed
8246,575,2026-10-04,8,Completed
17039,310,2026-10-04,1,Cancelled
11468,3353,2026-10-04,4,Completed
3260,2769,2026-10-04,4,Completed
13285,1247,2026-10-05,3,Completed
1773,1133,2026-10-05,3,Completed
24885,3358,2026-10-05,8,Completed
1482,1630,2026-10-05,12,Completed
14266,972,2026-10-05,2,Completed
12197,4741,2026-10-05,6,Completed
13521,4440,2026-10-05,8,Completed
211,2901,2026-10-05,6,Cancelled
4508,1998,2026-10-05,9,Cancelled
16038,1963,2026-10-05,7,Completed
14063,2030,2026-10-05,12,Completed
7156,4150,2026-10-05,8,Completed
13233,1900,2026-10-05,12,Cancelled
24208,783,2026-10-05,10,Completed
5773,1501,2026-10-05,12,Completed
5822,2873,2026-10-05,4,Completed
1067,1333,2026-10-05,4,Completed
18854,4310,2026-10-05,4,Completed
15805,1351,2026-10-05,4,Cancelled
4828,2553,2026-10-05,10,Completed
18114,4839,2026-10-05,7,Cancelled
19820,2533,2026-10-05,2,Completed
17650,3600,2026-10-05,2,Completed
13458,3521,2026-10-06,3,Completed
17355,2793,2026-10-06,6,Completed
11688,701,2026-10-06,4,Completed
2549,1747,2026-10-06,1,Completed
4267,4016,2026-10-06,9,Cancelled
9104,1308,2026-10-06,3,Completed
14309,739,2026-10-06,3,Completed
15245,4341,2026-10-06,3,Completed
6828,1618,2026-10-06,5,Completed
18094,3340,2026-10-06,4,Completed
9975,3510,2026-10-06,12,Completed
15258,3063,2026-10-06,3,Completed
18066,4053,2026-10-06,5,Completed
24160,1765,2026-10-06,1,Completed
7130,3104,2026-10-06,8,Completed
15185,4203,2026-10-06,3,Cancelled
23973,4223,2026-10-06,4,Completed
12462,2818,2026-10-06,2,Cancelled
1382,4936,2026-10-06,4,Completed
14728,1798,2026-10-06,2,Cancelled
24083,1088,2026-10-06,8,Completed
24701,1308,2026-10-06,3,Completed
23890,68,2026-10-06,5,Completed
13267,778,2026-10-06,6,Completed
3266,51,2026-10-06,1,Completed
2004,895,2026-10-06,8,Completed
4253,4292,2026-10-07,9,Completed
10335,54,2026-10-07,5,Completed
10942,4391,2026-10-07,10,Cancelled
23654,3181,2026-10-07,1,Completed
16215,1328,2026-10-07,12,Completed
18690,2767,2026-10-07,1,Completed
19170,3636,2026-10-07,2,Completed
14850,874,2026-10-07,4,Cancelled
15756,2562,2026-10-07,12,Completed
2703,2760,2026-10-07,1,Completed
19505,1625,2026-10-07,11,Completed
12317,934,2026-10-07,7,Cancelled
15847,3601,2026-10-07,5,Cancelled
23565,4892,2026-10-07,11,Completed
8586,3714,2026-10-07,5,Cancelled
24977,1181,2026-10-07,12,Completed
564,514,2026-10-07,3,Completed
24385,3409,2026-10-07,2,Completed
11930,3945,2026-10-07,6,Completed
23054,3630,2026-10-08,8,Cancelled
1551,599,2026-10-08,12,Completed
12173,2445,2026-10-08,8,Cancelled
1739,974,2026-10-08,3,Completed
21174,3184,2026-10-08,4,Cancelled
8733,3479,2026-10-08,9,Cancelled
19910,1339,2026-10-08,4,Completed
10064,4324,2026-10-08,4,Completed
19988,4477,2026-10-08,1,Cancelled
18551,1862,2026-10-08,9,Cancelled
18004,728,2026-10-08,4,Completed
17249,321,2026-10-08,9,Completed
18276,4478,2026-10-08,8,Completed
16490,3090,2026-10-08,1,Completed
20586,2994,2026-10-08,5,Completed
7090,500,2026-10-08,7,Completed
6843,3274,2026-10-08,9,Cancelled
20493,3345,2026-10-08,1,Completed
2728,3504,2026-10-08,3,Completed
17010,302,2026-10-08,4,Completed
20475,117,2026-10-08,4,Completed
14298,4589,2026-10-08,11,Cancelled
19121,3813,2026-10-08,11,Cancelled
21438,3410,2026-10-08,4,Completed
14197,3596,2026-10-08,10,Cancelled
13203,2234,2026-10-08,11,Completed
14314,4421,2026-10-08,12,Completed
17079,114,2026-10-09,6,Completed
20355,4813,2026-10-09,2,Completed
2992,144,2026-10-09,2,Cancelled
8564,4205,2026-10-09,2,Cancelled
21020,1034,2026-10-09,2,Cancelled
21313,3857,2026-10-09,11,Completed
8763,3071,2026-10-09,8,Cancelled
4538,3656,2026-10-09,12,Completed
22702,2038,2026-10-09,6,Completed
11566,687,2026-10-09,3,Completed
14400,2535,2026-10-09,2,Cancelled
7739,779,2026-10-09,3,Cancelled
12408,4664,2026-10-09,7,Completed
5726,1024,2026-10-09,2,Completed
6020,2213,2026-10-09,1,Completed
20564,456,2026-10-09,5,Completed
18646,3483,2026-10-09,3,Completed
9012,81,2026-10-09,2,Completed
8176,4143,2026-10-10,7,Completed
3978,1864,2026-10-10,7,Cancelled
23947,1694,2026-10-10,4,Completed
14464,4619,2026-10-10,7,Completed
1658,1125,2026-10-10,3,Completed
12796,1723,2026-10-10,8,Completed
2681,3841,2026-10-10,8,Completed
18492,68,2026-10-10,5,Completed
7403,4011,2026-10-10,12,Cancelled
10436,3752,2026-10-10,10,Completed
11993,4564,2026-10-10,4,Completed
22306,3893,2026-10-10,11,Completed
8828,2171,2026-10-10,11,Completed
24888,1694,2026-10-10,4,Completed
6632,1302,2026-10-10,6,Completed
2421,742,2026-10-10,2,Completed
18976,4516,2026-10-10,3,Cancelled
9004,3880,2026-10-10,7,Completed
306,2215,2026-10-10,2,Completed
13641,3890,2026-10-10,4,Completed
17613,1324,2026-10-10,5,Completed
1457,3152,2026-10-10,11,Completed
18185,783,2026-10-10,10,Completed
8518,443,2026-10-10,3,Completed
12328,4932,2026-10-10,7,Completed
3014,16,2026-10-10,11,Completed
17380,4403,2026-10-10,8,Completed
18676,4695,2026-10-11,6,Completed
14634,3987,2026-10-11,5,Completed
16224,1789,2026-10-11,7,Completed
6240,3901,2026-10-11,8,Completed
23682,445,2026-10-11,2,Cancelled
5909,2521,2026-10-11,12,Completed
10601,3924,2026-10-11,10,Cancelled
1267,3409,2026-10-11,2,Completed
14318,2337,2026-10-11,12,Completed
1202,2157,2026-10-11,9,Completed
13082,1152,2026-10-11,2,Completed
3658,1897,2026-10-11,6,Completed
24517,637,2026-10-11,1,Completed
19435,2641,2026-10-11,11,Completed
5292,46,2026-10-11,6,Completed
23145,4858,2026-10-11,4,Completed
9165,1400,2026-10-11,7,Completed
3395,3637,2026-10-11,3,Completed
3156,4354,2026-10-11,10,Cancelled
23933,914,2026-10-11,11,Completed
7908,1072,2026-10-11,1,Completed
11063,1999,2026-10-11,7,Cancelled
6427,3668,2026-10-11,5,Cancelled
21908,3283,2026-10-11,3,Completed
23354,3997,2026-10-11,8,Completed
5874,4566,2026-10-11,7,Completed
850,712,2026-10-11,3,Completed
9740,3474,2026-10-12,2,Completed
9526,854,2026-10-12,11,Completed
23829,2150,2026-10-12,4,Completed
6705,807,2026-10-12,1,Cancelled
8301,3739,2026-10-12,1,Cancelled
8175,87,2026-10-12,8,Completed
8287,4549,2026-10-12,8,Completed
24641,3220,2026-10-12,3,Completed
12083,1513,2026-10-12,7,Completed
13837,2141,2026-10-12,2,Completed
11254,4092,2026-10-12,11,Completed
1557,3862,2026-10-12,9,Completed
8009,4835,2026-10-12,7,Completed
16944,3772,2026-10-12,9,Cancelled
9597,16,2026-10-12,11,Completed
1797,16,2026-10-12,11,Completed
8677,1503,2026-10-12,3,Completed
2264,2126,2026-10-12,7,Completed
19935,3283,2026-10-12,3,Completed
11911,2822,2026-10-12,6,Completed
10593,3353,2026-10-12,4,Completed
2905,2038,2026-10-12,6,Completed
12431,1491,2026-10-12,3,Completed
5848,2593,2026-10-12,1,Cancelled
3579,3624,2026-10-12,12,Cancelled
8451,2575,2026-10-12,12,Completed
10224,148,2026-10-13,1,Completed
12146,3512,2026-10-13,10,Completed
13808,1295,2026-10-13,10,Completed
3699,1514,2026-10-13,7,Completed
10638,894,2026-10-13,1,Completed
20841,3643,2026-10-13,6,Completed
18542,633,2026-10-13,1,Completed
11885,4478,2026-10-13,8,Completed
22070,729,2026-10-13,6,Completed
2244,75,2026-10-13,7,Completed
8527,2923,2026-10-13,10,Cancelled
5911,249,2026-10-13,11,Completed
2364,2855,2026-10-13,5,Completed
14656,996,2026-10-13,6,Completed
8114,2731,2026-10-13,12,Completed
11328,95,2026-10-13,6,Cancelled
7339,1712,2026-10-13,2,Completed
12448,4932,2026-10-13,7,Completed
13013,4593,2026-10-13,2,Completed
11172,2166,2026-10-13,12,Completed
17493,4310,2026-10-13,4,Cancelled
10063,4274,2026-10-13,2,Completed
7517,3367,2026-10-13,12,Completed
1158,1146,2026-10-13,4,Completed
13590,1502,2026-10-13,1,Cancelled
5145,1404,2026-10-14,11,Completed
9198,436,2026-10-14,1,Completed
14049,4164,2026-10-14,1,Completed
1239,3340,2026-10-14,4,Completed
9158,2106,2026-10-14,5,Completed
8646,422,2026-10-14,12,Completed
15606,3410,2026-10-14,4,Completed
5513,2092,2026-10-14,9,Completed
6366,2204,2026-10-14,5,Completed
5159,3966,2026-10-14,2,Completed
9156,3748,2026-10-14,2,Completed
788,2286,2026-10-14,2,Completed
9321,2367,2026-10-14,7,Completed
23254,3123,2026-10-14,2,Completed
19303,4491,2026-10-14,6,Completed
21456,1658,2026-10-14,8,Completed
22241,3608,2026-10-14,12,Completed
23665,4473,2026-10-14,3,Completed
24218,908,2026-10-14,12,Completed
21184,503,2026-10-14,6,Completed
19355,1426,2026-10-14,3,Completed
8013,4549,2026-10-15,8,Cancelled
22253,4426,2026-10-15,11,Completed
9589,1857,2026-10-15,3,Completed
23833,2672,2026-10-15,10,Completed
16870,3923,2026-10-15,3,Completed
14603,2052,2026-10-15,9,Completed
24222,2179,2026-10-15,4,Completed
8872,4382,2026-10-15,11,Cancelled
15945,3916,2026-10-15,5,Cancelled
2078,840,2026-10-15,8,Cancelled
824,2845,2026-10-15,1,Completed
19232,4206,2026-10-15,11,Completed
12141,2119,2026-10-15,7,Completed
8016,2919,2026-10-15,1,Completed
24592,1,2026-10-15,2,Completed
20118,4371,2026-10-15,9,Cancelled
2646,339,2026-10-15,12,Cancelled
18587,2862,2026-10-15,1,Completed
453,4261,2026-10-15,5,Completed
18737,1492,2026-10-15,11,Completed
8654,2980,2026-10-15,7,Completed
19918,2030,2026-10-15,12,Completed
16582,2831,2026-10-15,7,Completed
18488,2510,2026-10-15,1,Completed
15769,4471,2026-10-15,11,Completed
191,420,2026-10-15,4,Cancelled
5462,3620,2026-10-16,7,Completed
3098,4248,2026-10-16,11,Completed
17436,701,2026-10-16,4,Completed
2322,3583,2026-10-16,5,Completed
18412,516,2026-10-16,2,Cancelled
23715,2715,2026-10-16,7,Completed
11292,164,2026-10-16,11,Completed
15140,2594,2026-10-16,5,Completed
3903,1396,2026-10-16,5,Completed
3258,1073,2026-10-16,4,Completed
22907,3690,2026-10-16,6,Completed
7072,1888,2026-10-16,4,Completed
6539,3574,2026-10-16,2,Completed
11987,377,2026-10-16,2,Completed
15846,1673,2026-10-16,2,Completed
18566,4628,2026-10-16,6,Cancelled
746,1950,2026-10-16,12,Completed
5088,3438,2026-10-16,7,Completed
15977,761,2026-10-16,11,Completed
6465,1642,2026-10-16,11,Completed
10193,257,2026-10-16,1,Completed
19825,1299,2026-10-16,4,Completed
5429,4621,2026-10-16,3,Completed
14462,1211,2026-10-16,4,Completed
15564,2661,2026-10-16,7,Completed
10876,4010,2026-10-16,4,Completed
18383,2571,2026-10-16,2,Completed
15204,863,2026-10-16,10,Completed
17258,897,2026-10-16,6,Completed
13636,573,2026-10-16,2,Completed
4670,1520,2026-10-16,3,Completed
414,808,2026-10-16,2,Completed
11230,3293,2026-10-17,8,Completed
7579,4827,2026-10-17,2,Completed
20476,2772,2026-10-17,8,Completed
13908,1540,2026-10-17,8,Completed
11671,2698,2026-10-17,6,Completed
5859,3642,2026-10-17,4,Completed
17442,1247,2026-10-17,3,Cancelled
13886,590,2026-10-17,2,Completed
12202,2900,2026-10-17,1,Completed
1117,1058,2026-10-17,9,Completed
12926,2722,2026-10-17,6,Completed
7046,4489,2026-10-17,12,Completed
11112,440,2026-10-17,3,Completed
22856,4485,2026-10-17,9,Cancelled
12775,1726,2026-10-17,10,Completed
17045,4686,2026-10-17,9,Cancelled
21373,4362,2026-10-17,5,Completed
18670,1924,2026-10-17,11,Completed
15695,2604,2026-10-17,7,Completed
9092,3147,2026-10-17,12,Cancelled
11281,76,2026-10-17,12,Cancelled
197,842,2026-10-17,5,Completed
4125,2066,2026-10-17,9,Completed
21078,697,2026-10-17,10,Completed
19150,4355,2026-10-17,2,Completed
17705,349,2026-10-17,3,Completed
12524,1648,2026-10-17,12,Completed
12949,2789,2026-10-17,4,Completed
15089,3522,2026-10-17,6,Completed
7000,4279,2026-10-17,12,Completed
3998,3956,2026-10-17,3,Completed
17202,2335,2026-10-17,1,Completed
11970,714,2026-10-18,3,Completed
12124,1397,2026-10-18,3,Cancelled
19653,2831,2026-10-18,7,Completed
1265,3813,2026-10-18,11,Cancelled
1286,3067,2026-10-18,11,Cancelled
16762,3763,2026-10-18,12,Cancelled
1997,3180,2026-10-18,10,Completed
17287,2598,2026-10-18,3,Completed
17420,1444,2026-10-18,6,Completed
10125,3911,2026-10-18,4,Cancelled
20366,491,2026-10-18,2,Completed
21631,3823,2026-10-18,5,Completed
14289,105,2026-10-18,2,Completed
5881,4124,2026-10-18,2,Completed
13545,2144,2026-10-18,6,Completed
1136,1012,2026-10-18,6,Completed
2205,2334,2026-10-18,11,Completed
13915,3291,2026-10-18,2,Completed
14843,2126,2026-10-18,7,Completed
23887,98,2026-10-18,1,Completed
7310,340,2026-10-18,4,Completed
2545,2159,2026-10-18,1,Completed
23167,4894,2026-10-18,12,Completed
4595,4513,2026-10-18,6,Completed
12051,4352,2026-10-19,1,Completed
8565,3258,2026-10-19,8,Completed
5855,211,2026-10-19,3,Completed
16186,4517,2026-10-19,7,Completed
12248,3573,2026-10-19,12,Completed
9933,1818,2026-10-19,7,Completed
8590,1322,2026-10-19,12,Completed
23365,2587,2026-10-19,11,Completed
8139,1211,2026-10-19,4,Cancelled
22161,1398,2026-10-19,4,Completed
9935,1656,2026-10-19,6,Completed
8786,4642,2026-10-19,11,Completed
7855,1069,2026-10-19,7,Cancelled
22846,4048,2026-10-19,12,Completed
24359,3020,2026-10-20,1,Completed
9541,532,2026-10-20,5,Completed
14294,4230,2026-10-20,7,Completed
20768,4472,2026-10-20,6,Completed
4247,1263,2026-10-20,12,Completed
3112,2079,2026-10-20,1,Completed
12281,611,2026-10-20,4,Cancelled
12947,1887,2026-10-20,3,Completed
6195,3668,2026-10-20,5,Cancelled
22380,1493,2026-10-20,8,Completed
23102,3309,2026-10-20,3,Cancelled
3744,60,2026-10-20,7,Cancelled
11897,4792,2026-10-20,6,Completed
12199,15,2026-10-20,8,Cancelled
20014,3548,2026-10-20,1,Cancelled
3140,3633,2026-10-20,4,Completed
11991,3293,2026-10-20,8,Cancelled
19334,792,2026-10-20,4,Completed
12627,1221,2026-10-20,10,Completed
23746,1165,2026-10-20,2,Completed
10860,1362,2026-10-21,1,Completed
2378,3476,2026-10-21,3,Completed
6117,3076,2026-10-21,8,Completed
17431,1197,2026-10-21,6,Completed
5883,2173,2026-10-21,1,Completed
3363,775,2026-10-21,8,Cancelled
21362,2198,2026-10-21,4,Completed
19368,3362,2026-10-21,3,Completed
12611,1834,2026-10-21,2,Completed
9046,4203,2026-10-21,3,Completed
22634,2454,2026-10-21,6,Cancelled
6254,188,2026-10-21,3,Completed
23079,3081,2026-10-21,10,Completed
671,4497,2026-10-21,3,Cancelled
20473,2740,2026-10-21,10,Completed
15913,500,2026-10-21,7,Completed
155,498,2026-10-21,8,Cancelled
23090,2268,2026-10-21,2,Completed
22456,3570,2026-10-21,5,Completed
14428,3142,2026-10-21,5,Completed
16474,2794,2026-10-21,2,Completed
14528,4150,2026-10-21,8,Completed
21324,2170,2026-10-21,4,Completed
17106,2797,2026-10-22,7,Cancelled
13044,3994,2026-10-22,7,Completed
4619,3944,2026-10-22,5,Completed
10417,2373,2026-10-22,7,Completed
10375,3795,2026-10-22,8,Completed
23170,1519,2026-10-22,3,Completed
3198,3671,2026-10-22,3,Completed
13484,4304,2026-10-22,7,Completed
6627,4468,2026-10-22,3,Completed
13878,3499,2026-10-22,10,Completed
12718,4741,2026-10-22,6,Completed
8002,1081,2026-10-22,1,Completed
8478,3636,2026-10-22,2,Cancelled
2402,4537,2026-10-22,3,Completed
9951,3832,2026-10-22,2,Completed
3760,1150,2026-10-22,6,Completed
16742,428,2026-10-22,4,Completed
22152,326,2026-10-22,2,Cancelled
9814,1241,2026-10-22,12,Completed
15023,2121,2026-10-22,2,Completed
3214,4122,2026-10-22,3,Cancelled
11500,3078,2026-10-22,5,Completed
16056,3366,2026-10-22,3,Completed
16947,1613,2026-10-23,10,Cancelled
18284,2446,2026-10-23,4,Completed
23424,779,2026-10-23,3,Completed
4686,96,2026-10-23,2,Cancelled
24428,3803,2026-10-23,1,Completed
13316,1406,2026-10-23,11,Completed
7932,4948,2026-10-23,4,Completed
12010,1257,2026-10-23,3,Completed
8160,2463,2026-10-23,10,Cancelled
3867,4872,2026-10-23,1,Completed
13540,2180,2026-10-23,4,Cancelled
10341,4854,2026-10-23,7,Completed
10781,3482,2026-10-23,12,Completed
23848,4609,2026-10-23,11,Completed
17273,123,2026-10-23,10,Completed
14607,3524,2026-10-23,4,Completed
22002,1583,2026-10-23,12,Completed
12831,4506,2026-10-24,2,Cancelled
519,4442,2026-10-24,1,Completed
10672,627,2026-10-24,11,Cancelled
24273,1701,2026-10-24,5,Completed
24941,1569,2026-10-24,11,Completed
19204,3628,2026-10-24,3,Completed
19799,643,2026-10-24,3,Cancelled
4718,3990,2026-10-24,1,Completed
10247,4430,2026-10-24,12,Completed
19922,380,2026-10-24,4,Completed
20652,1657,2026-10-24,5,Completed
14212,464,2026-10-24,1,Completed
11705,4682,2026-10-24,3,Completed
781,3654,2026-10-24,1,Completed
21398,2444,2026-10-24,1,Completed
20151,472,2026-10-24,11,Completed
21733,4374,2026-10-24,11,Completed
24590,808,2026-10-24,2,Completed
11836,2002,2026-10-25,6,Cancelled
18582,4720,2026-10-25,10,Completed
20337,2169,2026-10-25,11,Completed
1077,3450,2026-10-25,11,Cancelled
24420,2057,2026-10-25,7,Cancelled
24291,4513,2026-10-25,6,Cancelled
19926,3865,2026-10-25,6,Completed
24392,4750,2026-10-25,5,Completed
6056,301,2026-10-25,1,Completed
23504,2564,2026-10-25,9,Completed
18423,1431,2026-10-25,10,Cancelled
3971,3719,2026-10-25,10,Completed
24365,144,2026-10-25,2,Completed
9505,2534,2026-10-25,2,Completed
23156,2663,2026-10-25,2,Cancelled
6598,2056,2026-10-25,6,Completed
11051,1619,2026-10-25,4,Completed
3606,997,2026-10-25,3,Completed
5423,4508,2026-10-25,11,Cancelled
14882,2649,2026-10-25,3,Completed
9675,4228,2026-10-25,12,Completed
24680,3356,2026-10-25,2,Completed
12966,2583,2026-10-25,10,Completed
16204,888,2026-10-25,7,Completed
14053,2454,2026-10-25,6,Completed
16157,184,2026-10-26,3,Completed
53,425,2026-10-26,3,Completed
866,544,2026-10-26,5,Completed
7390,446,2026-10-26,12,Completed
16131,2253,2026-10-26,6,Completed
19148,3378,2026-10-26,3,Completed
21571,4032,2026-10-26,3,Completed
21334,2534,2026-10-26,2,Completed
6625,4481,2026-10-26,11,Completed
1944,468,2026-10-26,2,Completed
5327,3207,2026-10-26,5,Completed
1816,4677,2026-10-26,9,Cancelled
5968,3435,2026-10-26,12,Completed
20632,4201,2026-10-26,12,Completed
5397,4786,2026-10-26,10,Completed
11142,188,2026-10-26,3,Completed
11925,2280,2026-10-26,5,Completed
24192,4146,2026-10-26,12,Completed
20835,1307,2026-10-26,8,Cancelled
7187,2533,2026-10-26,2,Completed
22346,2822,2026-10-26,6,Cancelled
13988,498,2026-10-26,8,Completed
22041,4020,2026-10-26,1,Completed
13845,4750,2026-10-26,5,Completed
21962,3740,2026-10-26,3,Completed
22301,2445,2026-10-26,8,Completed
19452,4683,2026-10-26,3,Completed
14731,3427,2026-10-27,1,Cancelled
24631,719,2026-10-27,10,Completed
19012,2521,2026-10-27,12,Completed
9766,3438,2026-10-27,7,Completed
6590,4759,2026-10-27,7,Completed
16431,592,2026-10-27,3,Completed
6992,1610,2026-10-27,1,Completed
11481,1576,2026-10-27,12,Completed
10944,3669,2026-10-27,12,Completed
6470,4690,2026-10-27,8,Completed
24642,1138,2026-10-27,5,Completed
23133,1146,2026-10-27,4,Completed
12440,4769,2026-10-27,1,Completed
15921,3550,2026-10-27,3,Completed
24608,2922,2026-10-27,6,Completed
7759,2951,2026-10-27,2,Cancelled
9837,766,2026-10-27,2,Completed
18247,4263,2026-10-27,5,Completed
6292,181,2026-10-27,11,Completed
7934,4176,2026-10-27,2,Completed
16902,2818,2026-10-27,2,Cancelled
9571,2485,2026-10-27,9,Completed
12207,2436,2026-10-27,1,Completed
2195,1086,2026-10-27,1,Cancelled
16809,299,2026-10-27,1,Completed
3319,916,2026-10-28,2,Cancelled
23518,31,2026-10-28,10,Completed
9948,18,2026-10-28,2,Completed
9802,4835,2026-10-28,7,Completed
17642,2749,2026-10-28,11,Completed
20935,3316,2026-10-28,12,Completed
10561,3009,2026-10-28,8,Cancelled
14128,2524,2026-10-28,7,Cancelled
21609,3996,2026-10-28,2,Completed
1358,835,2026-10-28,8,Cancelled
5040,3467,2026-10-28,1,Cancelled
22280,4430,2026-10-28,12,Completed
19957,3409,2026-10-28,2,Completed
13750,2967,2026-10-28,2,Completed
5178,1998,2026-10-28,9,Cancelled
20433,283,2026-10-28,5,Completed
10671,493,2026-10-28,7,Completed
2371,3781,2026-10-28,10,Completed
1667,3353,2026-10-28,4,Completed
4441,2030,2026-10-28,12,Cancelled
2656,3723,2026-10-28,1,Completed
7822,1716,2026-10-28,2,Cancelled
9191,2525,2026-10-28,2,Completed
21394,254,2026-10-29,2,Completed
371,4810,2026-10-29,2,Completed
9785,4363,2026-10-29,3,Completed
16297,2314,2026-10-29,4,Completed
14439,1829,2026-10-29,10,Cancelled
21342,4819,2026-10-29,4,Completed
8492,3053,2026-10-29,12,Completed
15112,808,2026-10-29,2,Completed
3026,2932,2026-10-29,2,Completed
1290,4416,2026-10-29,11,Completed
8332,59,2026-10-29,6,Completed
1922,2652,2026-10-29,12,Completed
17330,4,2026-10-29,5,Completed
12035,211,2026-10-29,3,Completed
19572,1498,2026-10-29,11,Completed
8464,3979,2026-10-29,8,Completed
2150,3512,2026-10-29,10,Completed
8125,4279,2026-10-29,12,Completed
2266,542,2026-10-29,7,Completed
1824,1755,2026-10-30,5,Completed
9574,190,2026-10-30,2,Completed
1518,144,2026-10-30,2,Completed
9879,4910,2026-10-30,12,Completed
19441,188,2026-10-30,3,Completed
12075,3461,2026-10-30,2,Cancelled
987,317,2026-10-30,5,Completed
2544,167,2026-10-30,10,Completed
16588,4726,2026-10-30,3,Cancelled
18455,4993,2026-10-30,6,Completed
12596,285,2026-10-30,4,Completed
23194,4470,2026-10-30,2,Completed
22040,4442,2026-10-30,1,Cancelled
19259,3642,2026-10-30,4,Completed
13235,4615,2026-10-30,2,Cancelled
15372,3252,2026-10-30,5,Completed
10159,397,2026-10-30,6,Completed
3842,2577,2026-10-30,2,Cancelled
4385,130,2026-10-30,12,Completed
4360,3976,2026-10-30,4,Completed
5586,3261,2026-10-30,2,Completed
7990,4024,2026-10-31,7,Cancelled
8802,2488,2026-10-31,7,Completed
12922,3643,2026-10-31,6,Completed
5516,2570,2026-10-31,11,Completed
10383,304,2026-10-31,3,Completed
7002,1712,2026-10-31,2,Completed
6405,2126,2026-10-31,7,Completed
14815,3016,2026-10-31,6,Completed
10313,4421,2026-10-31,12,Completed
7108,1721,2026-10-31,3,Completed
13398,2828,2026-10-31,7,Completed
10564,726,2026-10-31,4,Cancelled
2192,4195,2026-10-31,1,Completed
9570,3172,2026-10-31,2,Completed
5251,802,2026-10-31,9,Completed
3171,4405,2026-10-31,1,Completed
21254,1229,2026-10-31,10,Completed
132,2285,2026-11-01,5,Completed
2644,898,2026-11-01,10,Completed
23462,184,2026-11-01,3,Completed
14835,612,2026-11-01,1,Completed
12437,2139,2026-11-01,2,Completed
19960,3267,2026-11-01,12,Completed
21945,1461,2026-11-01,2,Cancelled
15645,3340,2026-11-01,4,Completed
14495,311,2026-11-01,8,Cancelled
16833,3248,2026-11-01,8,Completed
22176,3656,2026-11-01,12,Completed
12687,4904,2026-11-01,12,Cancelled
18834,4563,2026-11-01,8,Completed
18297,1451,2026-11-01,5,Completed
10613,371,2026-11-01,6,Completed
5173,193,2026-11-01,10,Completed
19432,98,2026-11-01,1,Cancelled
9018,915,2026-11-01,2,Completed
19879,253,2026-11-01,5,Completed
13927,408,2026-11-01,4,Completed
4380,3848,2026-11-01,8,Cancelled
9824,493,2026-11-01,7,Completed
11855,1744,2026-11-02,3,Completed
18885,304,2026-11-02,3,Completed
7185,2913,2026-11-02,3,Completed
10180,3638,2026-11-02,11,Completed
21419,3060,2026-11-02,5,Cancelled
13472,4053,2026-11-02,5,Completed
2609,1615,2026-11-02,5,Cancelled
1096,100,2026-11-02,8,Completed
21427,4143,2026-11-02,7,Cancelled
6172,591,2026-11-02,3,Completed
8395,2150,2026-11-02,4,Cancelled
24684,3924,2026-11-02,10,Cancelled
13052,3092,2026-11-02,5,Completed
2018,211,2026-11-02,3,Completed
2664,3027,2026-11-02,10,Completed
18271,3026,2026-11-02,1,Completed
24502,4750,2026-11-02,5,Completed
1625,1633,2026-11-02,12,Completed
3121,3437,2026-11-02,3,Cancelled
2005,1734,2026-11-02,7,Completed
5172,1167,2026-11-02,11,Completed
1325,1194,2026-11-02,3,Completed
9315,2885,2026-11-02,6,Completed
5043,4123,2026-11-03,1,Completed
17578,971,2026-11-03,3,Completed
19985,2293,2026-11-03,11,Cancelled
11831,254,2026-11-03,2,Completed
5249,3720,2026-11-03,2,Completed
35,1272,2026-11-03,3,Completed
17267,2768,2026-11-03,11,Completed
23057,4010,2026-11-03,4,Completed
6094,3775,2026-11-03,3,Completed
18398,1563,2026-11-03,1,Completed
2393,4563,2026-11-03,8,Cancelled
11064,289,2026-11-03,3,Completed
5420,1504,2026-11-03,9,Completed
6118,970,2026-11-03,2,Cancelled
3696,4036,2026-11-03,11,Cancelled
1434,3695,2026-11-03,2,Cancelled
19213,3063,2026-11-03,3,Completed
7346,2705,2026-11-03,10,Completed
18786,138,2026-11-03,3,Completed
17937,4871,2026-11-04,4,Completed
23573,3243,2026-11-04,3,Completed
20195,1650,2026-11-04,2,Completed
6230,4632,2026-11-04,7,Cancelled
20111,2510,2026-11-04,1,Completed
480,1847,2026-11-04,3,Completed
7620,1578,2026-11-04,7,Completed
8927,2622,2026-11-04,5,Completed
18483,1821,2026-11-04,6,Completed
10636,4674,2026-11-04,10,Completed
12315,1707,2026-11-04,8,Completed
3391,2235,2026-11-04,3,Completed
8420,3450,2026-11-04,11,Completed
13635,2496,2026-11-04,2,Completed
4746,1950,2026-11-04,12,Completed
6491,3813,2026-11-04,11,Completed
23020,4331,2026-11-04,2,Completed
24559,388,2026-11-04,1,Completed
7323,4791,2026-11-04,3,Cancelled
3279,3433,2026-11-04,11,Completed
24739,2644,2026-11-04,3,Completed
1008,4292,2026-11-04,9,Cancelled
19646,4572,2026-11-04,5,Completed
23635,1436,2026-11-04,5,Completed
17054,1939,2026-11-04,6,Completed
18774,3940,2026-11-04,8,Completed
8912,1640,2026-11-04,3,Completed
24984,3418,2026-11-04,2,Cancelled
2103,3241,2026-11-04,10,Completed
20012,2213,2026-11-05,1,Completed
14845,2243,2026-11-05,4,Completed
22960,2825,2026-11-05,8,Completed
4415,4270,2026-11-05,3,Completed
20923,3121,2026-11-05,3,Completed
13092,3012,2026-11-05,4,Completed
20315,2349,2026-11-05,7,Completed
18397,2642,2026-11-05,10,Cancelled
16735,3890,2026-11-05,4,Cancelled
5013,2752,2026-11-05,3,Completed
1217,4539,2026-11-05,7,Completed
6293,547,2026-11-05,7,Cancelled
3218,3974,2026-11-05,10,Cancelled
19219,74,2026-11-05,6,Completed
14100,3665,2026-11-05,5,Completed
14344,4150,2026-11-05,8,Completed
5623,905,2026-11-05,5,Completed
21150,556,2026-11-05,3,Completed
7189,4974,2026-11-05,9,Completed
6913,3502,2026-11-05,12,Completed
18377,4822,2026-11-05,2,Completed
15304,1427,2026-11-06,5,Completed
21771,2404,2026-11-06,2,Completed
4742,1516,2026-11-06,1,Completed
22660,2583,2026-11-06,10,Cancelled
11807,747,2026-11-06,9,Completed
5667,3625,2026-11-06,4,Completed
36,3085,2026-11-06,2,Completed
14883,1207,2026-11-06,6,Cancelled
7914,4417,2026-11-06,1,Completed
20774,4880,2026-11-06,1,Completed
17989,700,2026-11-06,5,Completed
24758,3950,2026-11-06,6,Completed
1670,2450,2026-11-06,1,Completed
17159,3174,2026-11-06,1,Cancelled
12076,3178,2026-11-06,11,Completed
19817,3064,2026-11-06,5,Completed
19102,644,2026-11-06,8,Completed
6800,3862,2026-11-07,9,Completed
19795,3469,2026-11-07,10,Completed
20263,1101,2026-11-07,8,Completed
9319,4464,2026-11-07,1,Completed
12053,2917,2026-11-07,4,Completed
24785,259,2026-11-07,7,Completed
8547,1724,2026-11-07,7,Cancelled
15006,2916,2026-11-07,1,Completed
22404,3106,2026-11-07,10,Completed
23965,4624,2026-11-07,2,Completed
8358,1386,2026-11-07,12,Completed
20966,4279,2026-11-07,12,Cancelled
18666,55,2026-11-07,9,Completed
20530,4031,2026-11-07,5,Completed
3826,4857,2026-11-07,12,Completed
15061,3279,2026-11-08,1,Completed
2117,4604,2026-11-08,1,Completed
2851,506,2026-11-08,5,Completed
10850,3309,2026-11-08,3,Completed
23429,4776,2026-11-08,5,Completed
6001,3835,2026-11-08,1,Cancelled
3977,3819,2026-11-08,11,Completed
18343,2380,2026-11-08,5,Completed
16929,890,2026-11-08,11,Completed
17314,1817,2026-11-08,12,Cancelled
21087,106,2026-11-08,4,Completed
17265,1646,2026-11-08,7,Completed
19618,122,2026-11-08,5,Completed
13199,1592,2026-11-08,7,Cancelled
6298,78,2026-11-08,1,Completed
19370,1919,2026-11-08,9,Completed
9645,1724,2026-11-08,7,Completed
4669,4554,2026-11-08,3,Completed
15266,3889,2026-11-08,8,Completed
23807,1620,2026-11-08,4,Cancelled
24120,4652,2026-11-08,12,Cancelled
13318,1200,2026-11-08,8,Completed
17929,3295,2026-11-08,12,Cancelled
22430,3314,2026-11-08,6,Completed
6221,1843,2026-11-08,2,Completed
24581,397,2026-11-08,6,Cancelled
15994,2902,2026-11-08,5,Completed
23117,1066,2026-11-09,5,Completed
19498,2289,2026-11-09,10,Completed
19323,1956,2026-11-09,11,Completed
18501,1375,2026-11-09,6,Completed
7236,296,2026-11-09,11,Completed
7163,4506,2026-11-09,2,Completed
16106,3544,2026-11-09,10,Completed
9491,1915,2026-11-09,11,Completed
6885,1140,2026-11-09,2,Completed
15784,4479,2026-11-09,2,Cancelled
9003,4061,2026-11-09,6,Cancelled
7479,4653,2026-11-09,10,Cancelled
12036,987,2026-11-09,7,Cancelled
16279,3504,2026-11-09,3,Cancelled
8404,1279,2026-11-09,3,Completed
2933,1956,2026-11-09,11,Completed
3768,210,2026-11-09,12,Completed
11926,3963,2026-11-09,3,Completed
4136,2191,2026-11-09,2,Completed
7182,3086,2026-11-09,8,Completed
7373,1462,2026-11-10,3,Completed
21845,4497,2026-11-10,3,Completed
7467,4017,2026-11-10,7,Cancelled
7580,2413,2026-11-10,3,Completed
9303,1685,2026-11-10,8,Cancelled
4884,1888,2026-11-10,4,Completed
20767,4878,2026-11-10,2,Completed
4975,4684,2026-11-10,12,Completed
4656,3808,2026-11-10,10,Completed
19299,3568,2026-11-10,3,Cancelled
9920,2331,2026-11-10,11,Cancelled
2472,3063,2026-11-10,3,Completed
14472,912,2026-11-10,1,Completed
8331,2173,2026-11-10,1,Completed
5540,2768,2026-11-10,11,Completed
13601,2057,2026-11-10,7,Completed
9161,1872,2026-11-10,2,Cancelled
18557,2784,2026-11-10,1,Completed
3988,271,2026-11-10,4,Completed
881,4341,2026-11-11,3,Completed
14962,2752,2026-11-11,3,Completed
18842,3203,2026-11-11,8,Completed
6763,1696,2026-11-11,12,Completed
20623,2966,2026-11-11,1,Completed
12395,1448,2026-11-11,7,Cancelled
22027,3983,2026-11-11,5,Completed
21791,3442,2026-11-11,7,Completed
1340,2553,2026-11-11,10,Completed
2451,457,2026-11-11,12,Cancelled
14360,349,2026-11-11,3,Completed
12341,4607,2026-11-11,3,Completed
20456,4144,2026-11-11,1,Cancelled
9497,2401,2026-11-11,6,Completed
10382,4084,2026-11-11,8,Completed
17892,390,2026-11-11,1,Completed
23039,4577,2026-11-11,4,Completed
23567,2339,2026-11-11,2,Completed
4810,4506,2026-11-11,2,Cancelled
15721,2936,2026-11-11,12,Completed
15537,2187,2026-11-11,4,Completed
15701,4810,2026-11-11,2,Completed
18456,3995,2026-11-12,4,Cancelled
9353,1697,2026-11-12,6,Completed
3543,3586,2026-11-12,8,Completed
6607,3290,2026-11-12,6,Cancelled
21917,4546,2026-11-12,1,Cancelled
23344,4828,2026-11-12,4,Cancelled
14324,4766,2026-11-12,9,Cancelled
5147,2106,2026-11-12,5,Completed
23408,2849,2026-11-12,9,Completed
16590,153,2026-11-12,2,Completed
10675,2954,2026-11-12,9,Cancelled
22100,3691,2026-11-12,8,Completed
19153,259,2026-11-12,7,Completed
12980,4351,2026-11-12,6,Completed
1742,4506,2026-11-12,2,Cancelled
13026,1697,2026-11-12,6,Completed
2907,849,2026-11-12,8,Completed
590,4704,2026-11-12,7,Completed
2282,1564,2026-11-12,3,Completed
18626,2796,2026-11-12,1,Completed
6275,2697,2026-11-12,2,Cancelled
16465,3556,2026-11-12,12,Completed
10905,4490,2026-11-12,2,Completed
23738,1668,2026-11-12,5,Cancelled
10409,1454,2026-11-12,5,Completed
22082,1190,2026-11-13,12,Completed
21069,2311,2026-11-13,1,Completed
3521,3114,2026-11-13,12,Completed
6297,2869,2026-11-13,5,Completed
17734,1513,2026-11-13,7,Completed
10712,2311,2026-11-13,1,Completed
14411,1358,2026-11-13,3,Completed
23086,3032,2026-11-13,3,Cancelled
20505,3170,2026-11-13,9,Completed
9418,346,2026-11-13,8,Completed
22704,3620,2026-11-13,7,Cancelled
1241,2825,2026-11-13,8,Completed
8367,3060,2026-11-13,5,Completed
9425,2225,2026-11-13,5,Completed
19873,471,2026-11-13,6,Completed
6557,3461,2026-11-13,2,Completed
19776,482,2026-11-13,4,Completed
6569,3086,2026-11-13,8,Completed
7963,4842,2026-11-13,3,Completed
21034,2285,2026-11-13,5,Completed
8818,3691,2026-11-13,8,Completed
6780,2976,2026-11-13,11,Completed
1020,1636,2026-11-13,2,Completed
17963,3077,2026-11-13,6,Completed
6785,251,2026-11-14,1,Cancelled
16906,1879,2026-11-14,12,Completed
4617,3604,2026-11-14,2,Completed
18392,297,2026-11-14,5,Completed
22646,431,2026-11-14,10,Cancelled
6360,718,2026-11-14,4,Completed
2100,4855,2026-11-14,4,Cancelled
7222,3630,2026-11-14,8,Completed
23919,2523,2026-11-14,3,Completed
22544,4666,2026-11-14,6,Completed
4576,1136,2026-11-14,5,Cancelled
19395,3288,2026-11-14,8,Completed
3827,2159,2026-11-14,1,Completed
4936,3394,2026-11-14,12,Completed
5266,1946,2026-11-14,5,Completed
12286,3761,2026-11-14,12,Cancelled
14437,3421,2026-11-14,2,Cancelled
13224,4980,2026-11-14,10,Completed
20431,4953,2026-11-14,7,Completed
3101,3864,2026-11-14,10,Completed
2854,3178,2026-11-14,11,Completed
17622,1520,2026-11-14,3,Cancelled
12579,2316,2026-11-14,4,Completed
10359,4609,2026-11-14,11,Completed
21694,2292,2026-11-15,4,Cancelled
6214,543,2026-11-15,5,Completed
891,3695,2026-11-15,2,Completed
18965,2456,2026-11-15,5,Completed
45,1715,2026-11-15,8,Completed
6945,1839,2026-11-15,10,Completed
5910,3998,2026-11-15,4,Cancelled
19089,1207,2026-11-15,6,Completed
222,934,2026-11-15,7,Completed
5468,2576,2026-11-15,2,Cancelled
8094,535,2026-11-15,11,Completed
21415,644,2026-11-15,8,Completed
12844,159,2026-11-15,11,Completed
22052,63,2026-11-15,9,Completed
15829,2324,2026-11-15,8,Completed
14562,1884,2026-11-15,9,Completed
18750,2595,2026-11-15,1,Completed
5052,4031,2026-11-15,5,Completed
7362,202,2026-11-15,7,Completed
15179,4017,2026-11-15,7,Cancelled
208,613,2026-11-15,11,Completed
6611,818,2026-11-15,2,Completed
10459,2611,2026-11-15,1,Cancelled
13240,2133,2026-11-15,2,Completed
3505,546,2026-11-15,3,Completed
3856,4623,2026-11-15,5,Completed
6629,798,2026-11-16,6,Completed
65,4598,2026-11-16,12,Completed
1348,136,2026-11-16,6,Completed
5834,259,2026-11-16,7,Completed
1242,685,2026-11-16,2,Completed
12043,120,2026-11-16,2,Completed
12407,472,2026-11-16,11,Completed
19677,1073,2026-11-16,4,Cancelled
23075,2074,2026-11-16,10,Completed
22294,4155,2026-11-16,7,Cancelled
15611,1346,2026-11-16,8,Completed
10867,1771,2026-11-16,7,Completed
22691,2437,2026-11-16,3,Completed
19842,3238,2026-11-16,7,Cancelled
20809,4609,2026-11-16,11,Completed
4113,1992,2026-11-16,6,Completed
16031,3890,2026-11-16,4,Completed
20174,300,2026-11-16,1,Completed
11849,1825,2026-11-16,1,Cancelled
4463,338,2026-11-16,7,Completed
23235,3896,2026-11-16,8,Cancelled
4755,1039,2026-11-16,3,Completed
5603,705,2026-11-16,12,Completed
23888,4147,2026-11-17,8,Completed
9383,1927,2026-11-17,1,Completed
18355,914,2026-11-17,11,Cancelled
18375,116,2026-11-17,6,Completed
17581,4648,2026-11-17,9,Completed
11833,233,2026-11-17,4,Completed
4382,2323,2026-11-17,3,Completed
4498,4797,2026-11-17,5,Completed
3940,2570,2026-11-17,11,Completed
15997,4780,2026-11-17,4,Completed
21649,4784,2026-11-17,10,Completed
2955,2409,2026-11-17,6,Completed
1027,278,2026-11-17,10,Completed
16460,3574,2026-11-17,2,Completed
14673,44,2026-11-17,7,Completed
3931,4303,2026-11-17,3,Completed
24868,2847,2026-11-17,12,Completed
16407,1878,2026-11-17,6,Completed
2590,2441,2026-11-17,2,Completed
24087,3141,2026-11-17,1,Cancelled
16640,4952,2026-11-17,11,Completed
7023,721,2026-11-17,3,Completed
6129,1066,2026-11-17,5,Cancelled
16396,200,2026-11-17,12,Completed
12511,3481,2026-11-17,6,Completed
9442,3466,2026-11-17,3,Completed
464,1975,2026-11-17,6,Completed
24561,4323,2026-11-17,11,Completed
3509,2042,2026-11-17,1,Completed
12326,3996,2026-11-18,2,Completed
11868,2126,2026-11-18,7,Completed
16500,3786,2026-11-18,3,Completed
21315,1970,2026-11-18,9,Completed
21364,712,2026-11-18,3,Cancelled
119,1000,2026-11-18,11,Completed
11895,3508,2026-11-18,2,Completed
13040,4661,2026-11-18,1,Completed
8972,3737,2026-11-18,11,Cancelled
15456,3358,2026-11-18,8,Completed
639,245,2026-11-18,4,Completed
3530,1695,2026-11-18,2,Completed
24399,2530,2026-11-18,2,Completed
12007,4525,2026-11-18,10,Completed
18870,2493,2026-11-19,9,Completed
2527,4838,2026-11-19,11,Cancelled
11940,1295,2026-11-19,10,Completed
18548,4271,2026-11-19,1,Completed
11457,3529,2026-11-19,1,Completed
8686,1363,2026-11-19,1,Cancelled
14924,828,2026-11-19,1,Cancelled
16227,2446,2026-11-19,4,Completed
16934,4878,2026-11-19,2,Cancelled
6226,530,2026-11-19,8,Completed
8119,4111,2026-11-19,5,Completed
19771,1611,2026-11-19,2,Completed
23358,4698,2026-11-19,3,Completed
4758,3514,2026-11-19,1,Cancelled
20396,2793,2026-11-19,6,Completed
24609,2289,2026-11-19,10,Completed
2473,2767,2026-11-19,1,Completed
5355,694,2026-11-19,3,Completed
1338,3739,2026-11-19,1,Completed
18916,4382,2026-11-19,11,Cancelled
1523,2159,2026-11-20,1,Cancelled
13874,445,2026-11-20,2,Completed
19708,3520,2026-11-20,3,Cancelled
15857,1657,2026-11-20,5,Completed
17723,3512,2026-11-20,10,Completed
4398,3585,2026-11-20,12,Completed
19163,13,2026-11-20,12,Completed
23265,3726,2026-11-20,9,Completed
17676,3169,2026-11-20,8,Cancelled
1743,367,2026-11-20,8,Completed
11083,2399,2026-11-20,10,Completed
5976,2752,2026-11-20,3,Completed
15910,2598,2026-11-20,3,Completed
18994,2118,2026-11-20,3,Completed
6972,224,2026-11-20,3,Completed
22768,3695,2026-11-20,2,Completed
21686,4057,2026-11-20,11,Completed
5672,3295,2026-11-20,12,Cancelled
3436,4248,2026-11-20,11,Completed
5565,2672,2026-11-20,10,Completed
6634,2285,2026-11-20,5,Cancelled
607,1965,2026-11-20,11,Completed
579,1174,2026-11-20,4,Completed
288,3488,2026-11-20,2,Completed
20132,3224,2026-11-20,3,Completed
3588,2793,2026-11-21,6,Cancelled
7691,2596,2026-11-21,9,Completed
8636,1783,2026-11-21,1,Completed
21926,54,2026-11-21,5,Cancelled
13228,456,2026-11-21,5,Completed
23489,1687,2026-11-21,1,Completed
20585,4986,2026-11-21,12,Completed
10485,4599,2026-11-21,1,Cancelled
19216,183,2026-11-21,8,Cancelled
3463,550,2026-11-21,7,Completed
13751,2957,2026-11-21,4,Completed
6155,4964,2026-11-21,10,Completed
4644,2936,2026-11-21,12,Completed
23827,4329,2026-11-21,3,Cancelled
18164,1046,2026-11-21,12,Completed
24782,3866,2026-11-21,11,Completed
12479,2723,2026-11-21,5,Completed
14565,1406,2026-11-21,11,Completed
1144,4638,2026-11-21,2,Completed
2556,1406,2026-11-21,11,Completed
3053,3802,2026-11-21,2,Cancelled
24257,2829,2026-11-21,8,Cancelled
6775,2534,2026-11-21,2,Completed
19138,3506,2026-11-21,2,Completed
10659,3347,2026-11-21,5,Completed
19937,1799,2026-11-21,10,Completed
4265,1344,2026-11-21,7,Completed
15995,3109,2026-11-21,7,Completed
399,3024,2026-11-21,6,Completed
3928,2370,2026-11-21,7,Cancelled
24406,4481,2026-11-22,11,Completed
3701,1683,2026-11-22,7,Completed
17066,1247,2026-11-22,3,Completed
12105,2398,2026-11-22,2,Cancelled
10941,1930,2026-11-22,1,Completed
16311,605,2026-11-22,6,Cancelled
5427,349,2026-11-22,3,Cancelled
18390,4604,2026-11-22,1,Completed
23818,3284,2026-11-22,6,Completed
20236,1891,2026-11-22,1,Completed
20387,4260,2026-11-22,7,Cancelled
2419,2066,2026-11-22,9,Completed
11942,1396,2026-11-22,5,Completed
22150,1203,2026-11-22,3,Completed
5042,3912,2026-11-22,12,Completed
19189,3109,2026-11-22,7,Cancelled
5561,2733,2026-11-22,4,Completed
9482,3676,2026-11-22,11,Completed
5250,4535,2026-11-22,8,Completed
3906,1210,2026-11-22,9,Completed
4627,3985,2026-11-22,6,Completed
12379,4982,2026-11-23,6,Completed
2433,203,2026-11-23,1,Cancelled
10693,408,2026-11-23,4,Cancelled
13050,3521,2026-11-23,3,Completed
2464,2041,2026-11-23,10,Completed
19835,4064,2026-11-23,9,Completed
20393,2987,2026-11-23,4,Cancelled
16206,1383,2026-11-23,2,Completed
24539,85,2026-11-23,3,Completed
15803,1513,2026-11-23,7,Completed
5127,4491,2026-11-23,6,Completed
7272,1889,2026-11-23,3,Completed
12139,4957,2026-11-23,5,Completed
23154,1540,2026-11-23,8,Completed
12675,2799,2026-11-23,2,Cancelled
3598,2591,2026-11-23,6,Completed
19751,368,2026-11-23,5,Cancelled
15212,2102,2026-11-23,11,Completed
19230,3920,2026-11-23,7,Completed
24136,2590,2026-11-23,4,Completed
21820,1654,2026-11-23,11,Completed
20781,3252,2026-11-23,5,Cancelled
23340,3825,2026-11-23,5,Completed
349,1100,2026-11-23,1,Completed
10317,4534,2026-11-24,4,Completed
23127,2468,2026-11-24,3,Completed
1547,2141,2026-11-24,2,Completed
14477,4924,2026-11-24,5,Completed
24490,3906,2026-11-24,1,Completed
11607,2045,2026-11-24,3,Completed
19027,1154,2026-11-24,10,Completed
14940,1360,2026-11-24,8,Completed
23210,2954,2026-11-24,9,Completed
22405,606,2026-11-24,3,Completed
10852,4800,2026-11-24,11,Cancelled
16417,3413,2026-11-24,2,Completed
21125,2522,2026-11-24,10,Cancelled
704,1949,2026-11-24,5,Completed
10575,714,2026-11-24,3,Completed
9362,3586,2026-11-24,8,Completed
16245,3787,2026-11-25,2,Completed
10868,2071,2026-11-25,7,Cancelled
3796,3537,2026-11-25,11,Completed
8084,749,2026-11-25,2,Completed
8083,21,2026-11-25,1,Cancelled
24415,3146,2026-11-25,3,Completed
5195,3030,2026-11-25,5,Completed
22278,3250,2026-11-25,6,Completed
23432,1335,2026-11-25,1,Completed
12403,3358,2026-11-25,8,Completed
10011,1595,2026-11-25,6,Completed
12603,4012,2026-11-25,8,Completed
16994,4351,2026-11-25,6,Completed
11348,4477,2026-11-25,1,Completed
4081,1376,2026-11-25,1,Completed
1895,724,2026-11-25,11,Completed
11661,4480,2026-11-25,2,Completed
8734,3426,2026-11-26,2,Completed
19197,4778,2026-11-26,1,Completed
6368,2069,2026-11-26,11,Completed
17154,60,2026-11-26,7,Completed
15221,3545,2026-11-26,11,Completed
16193,3350,2026-11-26,8,Completed
15250,3078,2026-11-26,5,Completed
18628,4535,2026-11-26,8,Completed
12152,4033,2026-11-26,6,Completed
20175,3569,2026-11-26,7,Completed
12913,3677,2026-11-26,3,Completed
22149,779,2026-11-26,3,Completed
8214,1029,2026-11-26,1,Cancelled
23778,584,2026-11-26,2,Cancelled
7767,3489,2026-11-26,1,Completed
19335,263,2026-11-26,1,Completed
15533,1516,2026-11-26,1,Completed
16435,2161,2026-11-26,8,Completed
1789,3105,2026-11-26,1,Cancelled
10328,3172,2026-11-26,2,Completed
22920,2777,2026-11-26,12,Completed
3035,2286,2026-11-26,2,Completed
4852,2265,2026-11-26,11,Cancelled
2363,2946,2026-11-26,10,Cancelled
15404,871,2026-11-26,5,Cancelled
2720,1214,2026-11-26,8,Cancelled
14438,2506,2026-11-26,8,Completed
17998,1381,2026-11-27,3,Cancelled
19340,2752,2026-11-27,3,Completed
14876,1826,2026-11-27,3,Completed
7604,1923,2026-11-27,10,Completed
2062,1537,2026-11-27,7,Completed
8871,4002,2026-11-27,11,Completed
24201,1517,2026-11-27,1,Completed
3143,2325,2026-11-27,12,Cancelled
2649,2641,2026-11-27,11,Completed
21214,1337,2026-11-27,2,Completed
13774,2924,2026-11-27,7,Completed
11653,172,2026-11-27,3,Cancelled
24284,1267,2026-11-27,1,Cancelled
5084,4698,2026-11-27,3,Completed
5277,2062,2026-11-27,11,Cancelled
22545,4981,2026-11-27,4,Completed
1240,768,2026-11-27,10,Cancelled
20241,4624,2026-11-27,2,Completed
4933,4797,2026-11-27,5,Cancelled
18306,4998,2026-11-27,8,Completed
12631,4633,2026-11-27,6,Cancelled
12917,4820,2026-11-27,7,Completed
2407,3639,2026-11-27,5,Completed
7950,3669,2026-11-27,12,Completed
20963,773,2026-11-27,5,Completed
6219,620,2026-11-27,2,Completed
4159,18,2026-11-27,2,Completed
2187,2284,2026-11-27,5,Completed
23399,440,2026-11-28,3,Cancelled
19800,2126,2026-11-28,7,Completed
6174,4833,2026-11-28,11,Completed
3404,2530,2026-11-28,2,Completed
16717,905,2026-11-28,5,Completed
15426,4425,2026-11-28,2,Completed
16736,4010,2026-11-28,4,Cancelled
3157,3306,2026-11-28,11,Completed
1309,449,2026-11-28,5,Completed
20187,4410,2026-11-28,3,Completed
16772,4129,2026-11-28,7,Completed
11159,1389,2026-11-28,2,Completed
6578,4566,2026-11-28,7,Completed
11543,477,2026-11-28,1,Completed
9057,1502,2026-11-28,1,Cancelled
5331,4698,2026-11-28,3,Completed
1404,1766,2026-11-28,9,Completed
11676,747,2026-11-29,9,Completed
20156,1691,2026-11-29,7,Completed
21573,17,2026-11-29,2,Cancelled
9019,3907,2026-11-29,2,Completed
13041,3041,2026-11-29,3,Completed
12297,3607,2026-11-29,7,Completed
2838,2894,2026-11-29,2,Completed
2098,4754,2026-11-29,6,Cancelled
11588,1862,2026-11-29,9,Completed
1495,4254,2026-11-29,11,Completed
20125,4932,2026-11-29,7,Completed
500,2375,2026-11-29,2,Cancelled
4908,4172,2026-11-29,10,Completed
3126,4657,2026-11-29,5,Completed
10118,247,2026-11-29,4,Cancelled
21070,32,2026-11-29,3,Completed
21745,3155,2026-11-29,10,Completed
3090,1843,2026-11-29,2,Completed
2547,49,2026-11-29,1,Completed
18316,3732,2026-11-29,10,Cancelled
17838,4496,2026-11-29,9,Completed
19283,2018,2026-11-29,9,Completed
1803,4176,2026-11-29,2,Completed
14333,3672,2026-11-29,4,Completed
4400,1138,2026-11-30,5,Cancelled
15891,1317,2026-11-30,10,Completed
4388,3867,2026-11-30,8,Completed
16472,2446,2026-11-30,4,Completed
16607,677,2026-11-30,5,Completed
16851,1547,2026-11-30,10,Completed
7429,2750,2026-11-30,6,Completed
887,2107,2026-11-30,6,Completed
6424,3483,2026-11-30,3,Cancelled
7640,729,2026-11-30,6,Completed
22964,3528,2026-11-30,5,Completed
8156,4571,2026-11-30,12,Completed
2225,3440,2026-11-30,1,Completed
21996,2708,2026-11-30,12,Completed
10273,2978,2026-11-30,3,Completed
12705,4088,2026-11-30,11,Completed
7696,774,2026-11-30,1,Completed
2406,4098,2026-11-30,8,Completed
12154,2876,2026-11-30,3,Cancelled
19508,1963,2026-11-30,7,Cancelled
14046,2606,2026-11-30,11,Completed
1447,1024,2026-11-30,2,Completed
2969,3321,2026-11-30,7,Completed
8752,1205,2026-11-30,7,Completed
22407,1663,2026-11-30,4,Completed
19376,910,2026-11-30,9,Completed
4471,3832,2026-11-30,2,Completed
16061,3616,2026-11-30,6,Cancelled
11744,733,2026-12-01,10,Completed
1155,1440,2026-12-01,1,Completed
22066,4588,2026-12-01,2,Completed
20414,2091,2026-12-01,5,Completed
18179,3621,2026-12-01,1,Completed
14510,2652,2026-12-01,12,Completed
2516,2842,2026-12-01,9,Cancelled
3569,1029,2026-12-01,1,Completed
1826,1193,2026-12-01,6,Cancelled
16532,3852,2026-12-01,1,Cancelled
5795,3234,2026-12-01,3,Completed
717,2419,2026-12-01,5,Completed
7398,2770,2026-12-01,3,Completed
18821,3141,2026-12-01,1,Cancelled
9276,979,2026-12-01,6,Completed
14590,932,2026-12-01,12,Completed
4462,407,2026-12-01,10,Cancelled
22917,2272,2026-12-01,7,Completed
10880,2073,2026-12-01,1,Cancelled
1373,3048,2026-12-01,8,Completed
18701,2760,2026-12-01,1,Completed
16740,2223,2026-12-01,5,Completed
9939,3495,2026-12-01,7,Completed
18002,4321,2026-12-01,12,Completed
15186,800,2026-12-01,3,Completed
11559,4519,2026-12-01,8,Completed
4689,2011,2026-12-01,3,Completed
23307,4578,2026-12-01,6,Completed
7819,4281,2026-12-02,2,Completed
5794,3521,2026-12-02,3,Cancelled
2514,4161,2026-12-02,3,Completed
24552,588,2026-12-02,1,Completed
15273,3969,2026-12-02,2,Cancelled
11642,541,2026-12-02,6,Completed
10711,4403,2026-12-02,8,Cancelled
2467,450,2026-12-02,2,Completed
23171,2418,2026-12-02,1,Cancelled
17218,2616,2026-12-02,2,Completed
20109,2919,2026-12-02,1,Completed
3455,1161,2026-12-02,6,Completed
21570,1504,2026-12-02,9,Completed
14584,1322,2026-12-02,12,Completed
8086,186,2026-12-02,6,Completed
14913,3816,2026-12-02,12,Completed
2068,1202,2026-12-02,4,Completed
9453,1433,2026-12-02,11,Completed
103,2862,2026-12-02,1,Completed
7356,3973,2026-12-02,2,Completed
15311,1928,2026-12-02,5,Completed
4794,810,2026-12-02,7,Completed
2950,3601,2026-12-02,5,Completed
11215,3588,2026-12-02,11,Cancelled
23105,4746,2026-12-02,12,Completed
22114,4466,2026-12-02,7,Completed
15332,2174,2026-12-02,1,Cancelled
12058,4517,2026-12-02,7,Completed
2636,3103,2026-12-03,11,Completed
23891,1923,2026-12-03,10,Cancelled
19889,4178,2026-12-03,6,Completed
24499,383,2026-12-03,4,Completed
18141,3153,2026-12-03,12,Completed
23305,4969,2026-12-03,6,Completed
8452,573,2026-12-03,2,Completed
15515,4798,2026-12-03,7,Completed
10319,2211,2026-12-03,1,Completed
8174,815,2026-12-03,11,Completed
17647,1733,2026-12-03,3,Cancelled
19180,4326,2026-12-03,6,Completed
23783,3989,2026-12-03,6,Completed
2953,2627,2026-12-03,7,Cancelled
1562,1255,2026-12-03,11,Completed
18934,267,2026-12-03,5,Completed
4749,4120,2026-12-03,10,Completed
22555,2902,2026-12-03,5,Completed
15989,2159,2026-12-03,1,Completed
5402,2772,2026-12-03,8,Completed
12853,1180,2026-12-03,1,Cancelled
20711,4569,2026-12-03,2,Cancelled
22037,348,2026-12-03,6,Completed
12697,1243,2026-12-03,8,Completed
6823,1856,2026-12-03,9,Cancelled
7186,1662,2026-12-03,6,Cancelled
1349,2055,2026-12-03,1,Completed
24760,1535,2026-12-03,11,Completed
6832,786,2026-12-03,4,Completed
1137,1736,2026-12-04,8,Completed
6285,4662,2026-12-04,9,Completed
18027,4519,2026-12-04,8,Cancelled
21517,4928,2026-12-04,1,Cancelled
5654,425,2026-12-04,3,Completed
13333,1573,2026-12-04,4,Cancelled
21351,4731,2026-12-04,12,Completed
4420,3029,2026-12-04,6,Completed
17601,1840,2026-12-04,9,Completed
20944,805,2026-12-04,7,Completed
3992,211,2026-12-04,3,Cancelled
18602,3788,2026-12-04,3,Completed
11019,1175,2026-12-04,6,Completed
23991,3551,2026-12-04,2,Completed
7839,1694,2026-12-04,4,Cancelled
17144,3190,2026-12-04,12,Completed
19043,4319,2026-12-04,1,Completed
890,1572,2026-12-04,2,Completed
1876,2980,2026-12-04,7,Completed
20819,1878,2026-12-04,6,Completed
22684,3596,2026-12-04,10,Completed
1146,781,2026-12-04,8,Completed
23315,4626,2026-12-04,3,Completed
22141,355,2026-12-04,12,Completed
3811,4026,2026-12-04,2,Completed
6403,930,2026-12-04,3,Completed
12862,4417,2026-12-04,1,Cancelled
5727,2867,2026-12-04,1,Completed
6738,4217,2026-12-04,7,Cancelled
8355,1729,2026-12-05,7,Completed
2808,4782,2026-12-05,7,Cancelled
10562,880,2026-12-05,2,Completed
8289,1626,2026-12-05,1,Cancelled
22236,2469,2026-12-05,3,Cancelled
8755,3574,2026-12-05,2,Completed
14225,2839,2026-12-05,11,Cancelled
9412,2169,2026-12-05,11,Cancelled
18077,2883,2026-12-05,6,Completed
21466,3953,2026-12-05,4,Cancelled
9749,2226,2026-12-05,9,Completed
4708,2956,2026-12-05,7,Completed
7269,661,2026-12-05,5,Cancelled
11542,4799,2026-12-05,5,Cancelled
22460,3351,2026-12-05,5,Completed
16600,637,2026-12-05,1,Completed
5813,3646,2026-12-05,4,Completed
9947,1412,2026-12-05,7,Cancelled
23031,3751,2026-12-05,10,Cancelled
15772,3566,2026-12-05,4,Completed
19233,514,2026-12-05,3,Completed
11255,200,2026-12-05,12,Cancelled
12219,3652,2026-12-05,2,Completed
18274,4898,2026-12-05,10,Completed
10495,4323,2026-12-05,11,Completed
3951,233,2026-12-05,4,Cancelled
24905,4321,2026-12-06,12,Completed
7477,3541,2026-12-06,3,Completed
10537,3907,2026-12-06,2,Cancelled
5947,2337,2026-12-06,12,Completed
24370,206,2026-12-06,6,Completed
11045,3115,2026-12-06,8,Completed
10761,3872,2026-12-06,3,Completed
6813,497,2026-12-06,8,Completed
15851,3284,2026-12-06,6,Completed
20357,1834,2026-12-06,2,Completed
5486,4964,2026-12-06,10,Completed
13788,4410,2026-12-06,3,Completed
21805,4003,2026-12-07,2,Completed
19234,3123,2026-12-07,2,Completed
20354,3340,2026-12-07,4,Completed
20390,4508,2026-12-07,11,Cancelled
11598,4024,2026-12-07,7,Completed
9033,2687,2026-12-07,8,Completed
21565,2630,2026-12-07,1,Completed
18596,4642,2026-12-07,11,Completed
3626,331,2026-12-07,3,Completed
2480,3739,2026-12-07,1,Completed
7259,1371,2026-12-07,4,Completed
9551,1257,2026-12-07,3,Completed
4745,4559,2026-12-07,1,Completed
13334,1237,2026-12-07,2,Completed
15494,4125,2026-12-07,4,Completed
13395,1366,2026-12-07,5,Completed
20010,1957,2026-12-07,10,Completed
3387,2510,2026-12-07,1,Completed
696,1734,2026-12-07,7,Completed
18957,118,2026-12-07,12,Completed
20617,4238,2026-12-07,3,Completed
12908,3360,2026-12-07,9,Completed
8971,1657,2026-12-08,5,Completed
7164,193,2026-12-08,10,Completed
15286,1847,2026-12-08,3,Cancelled
2281,2141,2026-12-08,2,Completed
11242,373,2026-12-08,2,Completed
23181,1206,2026-12-08,11,Completed
14956,1777,2026-12-08,12,Completed
21101,2844,2026-12-08,4,Completed
8227,1073,2026-12-08,4,Completed
20521,2832,2026-12-08,11,Completed
14796,3664,2026-12-08,8,Completed
8659,953,2026-12-08,3,Cancelled
5021,4176,2026-12-08,2,Cancelled
11400,3353,2026-12-08,4,Cancelled
12047,3119,2026-12-08,1,Completed
18091,924,2026-12-08,1,Completed
14358,4764,2026-12-08,6,Completed
2674,4706,2026-12-08,2,Completed
7801,3873,2026-12-08,2,Completed
1989,4468,2026-12-08,3,Cancelled
15442,1166,2026-12-08,11,Cancelled
22458,1839,2026-12-08,10,Completed
15782,1932,2026-12-08,12,Cancelled
22465,2377,2026-12-08,4,Completed
2136,3559,2026-12-08,5,Completed
21488,4371,2026-12-08,9,Completed
15384,2979,2026-12-08,10,Completed
12886,3818,2026-12-09,4,Completed
8709,3974,2026-12-09,10,Completed
10054,98,2026-12-09,1,Completed
17372,4405,2026-12-09,1,Completed
11413,3526,2026-12-09,2,Cancelled
3484,335,2026-12-09,6,Completed
6148,2625,2026-12-09,3,Completed
17451,2696,2026-12-09,8,Completed
17623,506,2026-12-09,5,Cancelled
7114,3146,2026-12-09,3,Cancelled
8638,3302,2026-12-09,10,Cancelled
14601,3251,2026-12-09,7,Completed
21208,4142,2026-12-09,4,Cancelled
24982,2703,2026-12-09,9,Completed
24696,1147,2026-12-09,5,Completed
8766,464,2026-12-09,1,Completed
10051,65,2026-12-09,3,Completed
22160,232,2026-12-09,3,Completed
5185,1797,2026-12-09,3,Completed
22012,3647,2026-12-09,7,Cancelled
18157,867,2026-12-09,8,Completed
23910,1275,2026-12-09,5,Completed
7555,2017,2026-12-09,6,Completed
17254,4854,2026-12-09,7,Completed
20153,3812,2026-12-09,4,Completed
16848,4855,2026-12-09,4,Completed
21810,3043,2026-12-10,11,Completed
849,3250,2026-12-10,6,Completed
22657,4950,2026-12-10,8,Completed
1385,138,2026-12-10,3,Completed
19362,3069,2026-12-10,2,Cancelled
20222,4168,2026-12-10,4,Completed
3328,3707,2026-12-10,2,Completed
14827,2677,2026-12-10,4,Completed
14095,1855,2026-12-10,3,Completed
14214,2378,2026-12-10,9,Cancelled
22733,481,2026-12-10,5,Completed
4153,4896,2026-12-10,1,Cancelled
8058,2639,2026-12-10,11,Cancelled
11794,996,2026-12-10,6,Completed
18119,4047,2026-12-10,12,Completed
13761,2415,2026-12-10,4,Completed
14301,4040,2026-12-10,12,Completed
4290,1412,2026-12-10,7,Completed
18650,3808,2026-12-10,10,Completed
18705,3495,2026-12-10,7,Cancelled
18767,2215,2026-12-10,2,Completed
21445,2993,2026-12-10,10,Completed
22737,2634,2026-12-10,8,Cancelled
11474,177,2026-12-10,9,Completed
5425,3700,2026-12-10,8,Cancelled
11438,1577,2026-12-10,8,Completed
18555,2126,2026-12-10,7,Completed
2326,560,2026-12-11,12,Cancelled
18208,4813,2026-12-11,2,Cancelled
23557,1081,2026-12-11,1,Completed
13244,1447,2026-12-11,3,Completed
11133,2569,2026-12-11,6,Completed
22244,3745,2026-12-11,3,Completed
12569,1588,2026-12-11,10,Completed
21062,2614,2026-12-11,11,Completed
681,507,2026-12-11,6,Completed
5892,1049,2026-12-11,6,Completed
14867,4927,2026-12-11,9,Completed
8697,3153,2026-12-11,12,Completed
16413,4260,2026-12-11,7,Completed
4195,2854,2026-12-11,7,Completed
17950,556,2026-12-11,3,Completed
13132,2451,2026-12-11,11,Cancelled
5887,4966,2026-12-11,1,Cancelled
24498,3124,2026-12-11,12,Completed
22338,1134,2026-12-11,6,Completed
20215,2313,2026-12-11,1,Completed
22990,4640,2026-12-11,9,Completed
11847,4602,2026-12-12,11,Cancelled
12654,317,2026-12-12,5,Cancelled
9120,541,2026-12-12,6,Completed
18778,2213,2026-12-12,1,Completed
6602,3238,2026-12-12,7,Cancelled
8699,670,2026-12-12,1,Cancelled
3683,2330,2026-12-12,11,Completed
11145,1436,2026-12-12,5,Cancelled
12683,1498,2026-12-12,11,Completed
23892,4020,2026-12-12,1,Completed
7683,523,2026-12-12,2,Completed
23802,2863,2026-12-12,3,Completed
14040,2122,2026-12-12,2,Completed
22679,729,2026-12-12,6,Completed
14156,4178,2026-12-12,6,Cancelled
15863,3141,2026-12-12,1,Completed
16333,2841,2026-12-12,10,Cancelled
9234,3066,2026-12-12,8,Cancelled
10494,1572,2026-12-12,2,Completed
798,711,2026-12-12,5,Completed
19560,1151,2026-12-12,3,Cancelled
9686,1883,2026-12-12,6,Completed
14644,830,2026-12-13,12,Cancelled
22020,4517,2026-12-13,7,Completed
17068,3828,2026-12-13,9,Completed
260,4081,2026-12-13,11,Cancelled
17296,566,2026-12-13,9,Completed
4148,2919,2026-12-13,1,Completed
2102,1746,2026-12-13,3,Completed
13904,668,2026-12-13,9,Completed
10819,3654,2026-12-13,1,Completed
5550,2561,2026-12-13,2,Completed
19305,2531,2026-12-13,1,Completed
23089,3092,2026-12-13,5,Completed
15091,3346,2026-12-13,1,Completed
8164,4897,2026-12-13,2,Completed
2318,3974,2026-12-13,10,Completed
21124,1641,2026-12-13,9,Completed
22051,4673,2026-12-13,11,Completed
2528,3677,2026-12-13,3,Completed
1871,4921,2026-12-13,2,Cancelled
11267,868,2026-12-13,7,Completed
11539,3091,2026-12-13,9,Completed
14461,3929,2026-12-13,5,Cancelled
7783,1295,2026-12-13,10,Cancelled
4036,3926,2026-12-13,3,Completed
100,3134,2026-12-13,8,Completed
12621,1758,2026-12-14,11,Cancelled
60,3344,2026-12-14,3,Completed
14316,3069,2026-12-14,2,Completed
6960,1729,2026-12-14,7,Cancelled
16191,3224,2026-12-14,3,Completed
12834,1704,2026-12-14,4,Completed
6966,58,2026-12-14,7,Completed
20494,1240,2026-12-14,11,Completed
24198,1215,2026-12-14,11,Completed
9878,3364,2026-12-14,7,Completed
7542,3633,2026-12-14,4,Completed
13185,1453,2026-12-14,10,Cancelled
4189,3180,2026-12-14,10,Completed
13402,714,2026-12-14,3,Cancelled
11903,3354,2026-12-14,1,Completed
1281,4748,2026-12-14,7,Completed
21490,830,2026-12-14,12,Completed
8613,3932,2026-12-14,4,Cancelled
7906,4704,2026-12-14,7,Completed
17328,464,2026-12-14,1,Completed
23568,46,2026-12-14,6,Completed
10123,2002,2026-12-14,6,Cancelled
6395,987,2026-12-14,7,Cancelled
23157,4277,2026-12-14,2,Cancelled
1173,201,2026-12-14,1,Completed
14211,84,2026-12-15,12,Completed
19675,3521,2026-12-15,3,Completed
16263,3440,2026-12-15,1,Completed
2428,2214,2026-12-15,9,Completed
9105,3977,2026-12-15,1,Completed
6021,2267,2026-12-15,2,Cancelled
17522,1536,2026-12-15,6,Completed
4974,3404,2026-12-15,4,Completed
15492,4723,2026-12-15,3,Completed
293,3862,2026-12-15,9,Cancelled
5970,3037,2026-12-15,12,Completed
8837,1946,2026-12-15,5,Completed
20707,838,2026-12-15,10,Completed
18244,1590,2026-12-15,12,Completed
14440,2821,2026-12-15,2,Completed
4517,3814,2026-12-15,4,Completed
2964,794,2026-12-15,4,Completed
19553,2309,2026-12-15,2,Completed
7253,4789,2026-12-15,4,Cancelled
24534,3212,2026-12-15,11,Cancelled
12999,994,2026-12-15,7,Completed
20018,3656,2026-12-15,12,Cancelled
12360,4995,2026-12-15,4,Completed
12985,2300,2026-12-15,10,Completed
9776,1746,2026-12-15,3,Completed
685,2772,2026-12-15,8,Completed
4307,4320,2026-12-16,8,Cancelled
1657,3141,2026-12-16,1,Completed
24131,4482,2026-12-16,11,Completed
4972,22,2026-12-16,11,Completed
21216,1713,2026-12-16,8,Completed
4588,1615,2026-12-16,5,Completed
12433,3317,2026-12-16,5,Completed
19764,561,2026-12-16,8,Completed
18,1922,2026-12-16,3,Completed
658,43,2026-12-16,3,Completed
14240,809,2026-12-16,11,Completed
23161,3188,2026-12-16,3,Completed
19591,3269,2026-12-16,7,Completed
23823,2030,2026-12-16,12,Cancelled
20831,2705,2026-12-16,10,Completed
23101,214,2026-12-16,9,Completed
23098,4028,2026-12-16,4,Cancelled
4064,2583,2026-12-16,10,Completed
2784,3293,2026-12-16,8,Completed
85,2883,2026-12-16,6,Completed
13381,3865,2026-12-16,6,Completed
8031,3285,2026-12-16,8,Completed
113,3152,2026-12-16,11,Completed
7206,4266,2026-12-16,4,Completed
19856,3408,2026-12-16,3,Completed
21867,2450,2026-12-16,1,Completed
18544,3234,2026-12-16,3,Completed
17938,2017,2026-12-16,6,Completed
20903,4827,2026-12-16,2,Completed
14512,227,2026-12-17,2,Completed
21702,4430,2026-12-17,12,Completed
3542,1150,2026-12-17,6,Cancelled
5428,2422,2026-12-17,12,Cancelled
13678,3181,2026-12-17,1,Completed
2355,3063,2026-12-17,3,Completed
9226,1344,2026-12-17,7,Completed
10428,4030,2026-12-17,7,Completed
3069,761,2026-12-17,11,Completed
17000,3909,2026-12-17,2,Completed
142,4681,2026-12-17,7,Completed
22547,609,2026-12-17,3,Cancelled
9712,2635,2026-12-17,3,Completed
16543,1586,2026-12-17,1,Cancelled
24623,39,2026-12-17,8,Completed
6576,3578,2026-12-17,5,Completed
18940,2006,2026-12-17,9,Cancelled
9876,382,2026-12-17,11,Cancelled
13127,1279,2026-12-17,3,Completed
10426,3410,2026-12-17,4,Completed
21169,524,2026-12-17,11,Completed
4322,976,2026-12-17,11,Completed
5931,353,2026-12-17,10,Completed
6311,221,2026-12-17,5,Completed
16706,4261,2026-12-17,5,Cancelled
24246,574,2026-12-18,6,Completed
17158,21,2026-12-18,1,Cancelled
24463,4833,2026-12-18,11,Completed
373,1944,2026-12-18,1,Completed
20210,777,2026-12-18,3,Cancelled
21081,2549,2026-12-18,8,Completed
11269,1583,2026-12-18,12,Completed
3059,4405,2026-12-18,1,Completed
2574,2493,2026-12-18,9,Completed
23193,4401,2026-12-18,12,Completed
2941,754,2026-12-18,9,Cancelled
17970,4189,2026-12-18,9,Completed
9049,4804,2026-12-18,5,Completed
8385,3046,2026-12-18,12,Completed
1844,2771,2026-12-18,8,Completed
839,3722,2026-12-18,5,Cancelled
18337,835,2026-12-18,8,Cancelled
22722,4263,2026-12-18,5,Cancelled
22508,4457,2026-12-18,3,Cancelled
6615,3497,2026-12-18,6,Completed
4142,3201,2026-12-18,11,Completed
22680,118,2026-12-18,12,Completed
5360,4060,2026-12-19,6,Completed
602,2116,2026-12-19,1,Completed
9054,2563,2026-12-19,2,Completed
14452,276,2026-12-19,4,Cancelled
4713,1455,2026-12-19,1,Completed
608,246,2026-12-19,1,Cancelled
2332,4391,2026-12-19,10,Completed
15446,1979,2026-12-19,1,Completed
949,1059,2026-12-19,1,Cancelled
1041,2043,2026-12-19,5,Completed
13870,3660,2026-12-19,5,Completed
20294,4316,2026-12-19,5,Cancelled
3930,3980,2026-12-19,4,Cancelled
10407,2987,2026-12-19,4,Completed
8975,3625,2026-12-19,4,Completed
22084,1819,2026-12-19,11,Cancelled
22192,1011,2026-12-19,10,Completed
19970,1087,2026-12-19,8,Completed
17387,778,2026-12-19,6,Completed
21491,497,2026-12-19,8,Completed
10231,3626,2026-12-19,1,Completed
4995,3085,2026-12-19,2,Completed
17261,2928,2026-12-19,11,Completed
1538,1932,2026-12-19,12,Completed
10399,1195,2026-12-19,12,Completed
3423,2497,2026-12-19,7,Completed
10153,1776,2026-12-19,1,Cancelled
19813,213,2026-12-19,3,Completed
13019,2885,2026-12-19,6,Completed
4601,1047,2026-12-20,4,Completed
8829,144,2026-12-20,2,Completed
22142,2387,2026-12-20,4,Completed
20643,262,2026-12-20,11,Completed
19958,458,2026-12-20,2,Completed
1841,1528,2026-12-20,8,Cancelled
5095,4601,2026-12-20,6,Completed
18987,1153,2026-12-20,3,Completed
1522,2994,2026-12-20,5,Completed
13882,500,2026-12-20,7,Completed
20491,2207,2026-12-20,2,Completed
23259,2616,2026-12-20,2,Completed
18954,2772,2026-12-20,8,Cancelled
4110,4528,2026-12-20,12,Completed
1907,3739,2026-12-20,1,Cancelled
2692,1461,2026-12-20,2,Completed
24625,2057,2026-12-20,7,Completed
21706,1135,2026-12-20,11,Completed
937,4567,2026-12-20,2,Completed
217,3240,2026-12-20,4,Completed
13091,1156,2026-12-20,8,Completed
20992,3980,2026-12-20,4,Completed
3238,2122,2026-12-20,2,Completed
14967,3458,2026-12-20,5,Completed
7062,1646,2026-12-20,7,Completed
24331,4597,2026-12-20,8,Completed
20941,140,2026-12-20,7,Completed
12970,391,2026-12-20,10,Completed
9643,2868,2026-12-21,6,Completed
16857,2284,2026-12-21,5,Completed
22685,4838,2026-12-21,11,Completed
23600,3865,2026-12-21,6,Cancelled
5792,3013,2026-12-21,12,Completed
17885,1134,2026-12-21,6,Cancelled
10120,3484,2026-12-21,7,Completed
10254,1068,2026-12-21,3,Cancelled
12696,998,2026-12-21,8,Completed
22265,2010,2026-12-21,8,Completed
19084,2848,2026-12-21,3,Completed
16743,4936,2026-12-21,4,Completed
12762,559,2026-12-21,3,Cancelled
23204,172,2026-12-21,3,Completed
20437,476,2026-12-21,10,Cancelled
13831,4801,2026-12-21,4,Completed
11713,131,2026-12-21,7,Completed
13763,3296,2026-12-21,2,Completed
20730,1339,2026-12-21,4,Cancelled
7692,1507,2026-12-21,2,Completed
501,4339,2026-12-21,6,Completed
14470,4310,2026-12-21,4,Completed
7348,258,2026-12-22,9,Completed
17704,3795,2026-12-22,8,Cancelled
13532,1860,2026-12-22,10,Completed
1029,3513,2026-12-22,5,Completed
19701,2071,2026-12-22,7,Completed
21514,3877,2026-12-22,3,Cancelled
17532,4092,2026-12-22,11,Completed
10134,2319,2026-12-22,6,Completed
73,78,2026-12-22,1,Completed
20316,3824,2026-12-22,2,Completed
21007,2465,2026-12-22,2,Completed
92,4932,2026-12-22,7,Cancelled
6184,4092,2026-12-22,11,Completed
19407,1087,2026-12-22,8,Cancelled
6899,2418,2026-12-22,1,Completed
2983,507,2026-12-22,6,Completed
166,2477,2026-12-22,4,Completed
13365,394,2026-12-22,6,Cancelled
2217,1654,2026-12-22,11,Completed
20626,139,2026-12-22,2,Completed
14073,2076,2026-12-22,1,Cancelled
21464,2687,2026-12-22,8,Cancelled
7330,1573,2026-12-22,4,Completed
7324,3476,2026-12-22,3,Completed
9614,4840,2026-12-22,7,Completed
9605,1802,2026-12-22,12,Completed
935,4866,2026-12-22,8,Completed
4061,420,2026-12-22,4,Completed
8025,4024,2026-12-22,7,Completed
14054,4073,2026-12-22,5,Completed
22500,2200,2026-12-22,1,Completed
12661,190,2026-12-23,2,Completed
14635,948,2026-12-23,2,Completed
4747,4953,2026-12-23,7,Completed
24828,2326,2026-12-23,11,Cancelled
24755,3514,2026-12-23,1,Completed
22480,1293,2026-12-23,3,Completed
7964,3739,2026-12-23,1,Completed
259,2925,2026-12-23,2,Cancelled
20996,4466,2026-12-23,7,Completed
24980,3291,2026-12-23,2,Completed
8849,3467,2026-12-23,1,Cancelled
8241,4970,2026-12-23,5,Completed
7176,1540,2026-12-23,8,Cancelled
7031,3430,2026-12-23,5,Cancelled
17260,4902,2026-12-23,4,Completed
1087,1690,2026-12-23,1,Completed
5393,3161,2026-12-23,7,Completed
7475,2756,2026-12-23,1,Completed
18192,1462,2026-12-23,3,Completed
11041,3294,2026-12-23,8,Completed
19715,54,2026-12-23,5,Completed
11667,1562,2026-12-23,6,Completed
21218,804,2026-12-24,7,Completed
9421,4891,2026-12-24,8,Completed
19149,1230,2026-12-24,12,Completed
13125,4963,2026-12-24,3,Completed
24572,3586,2026-12-24,8,Completed
16427,3111,2026-12-24,9,Completed
21664,4240,2026-12-24,7,Completed
15115,894,2026-12-24,1,Completed
13534,355,2026-12-24,12,Completed
13155,3956,2026-12-24,3,Completed
19684,1035,2026-12-24,5,Cancelled
18212,2897,2026-12-24,4,Cancelled
20769,4891,2026-12-24,8,Cancelled
9246,2312,2026-12-24,11,Completed
17090,2066,2026-12-24,9,Completed
5658,490,2026-12-24,10,Completed
3599,3672,2026-12-24,4,Completed
5756,3249,2026-12-24,5,Completed
5232,1357,2026-12-24,1,Cancelled
18589,1498,2026-12-24,11,Completed
20158,2061,2026-12-25,4,Completed
20184,2532,2026-12-25,8,Completed
16461,3251,2026-12-25,7,Cancelled
13538,4745,2026-12-25,2,Completed
24448,2840,2026-12-25,6,Completed
11122,2285,2026-12-25,5,Completed
6596,2347,2026-12-25,11,Completed
14902,4424,2026-12-25,3,Cancelled
10070,49,2026-12-25,1,Completed
23655,100,2026-12-25,8,Completed
17962,2532,2026-12-25,8,Completed
20726,4564,2026-12-25,4,Completed
1811,944,2026-12-25,7,Completed
18347,83,2026-12-25,12,Completed
8756,1254,2026-12-25,12,Completed
9820,2944,2026-12-26,3,Completed
14184,1242,2026-12-26,5,Cancelled
22401,464,2026-12-26,1,Completed
3088,3499,2026-12-26,10,Cancelled
23035,3573,2026-12-26,12,Completed
15059,1450,2026-12-26,2,Completed
14671,3672,2026-12-26,4,Completed
6871,3293,2026-12-26,8,Completed
8298,3900,2026-12-26,1,Completed
24133,3934,2026-12-26,7,Completed
16238,451,2026-12-26,1,Completed
3882,999,2026-12-26,9,Cancelled
4368,1974,2026-12-26,5,Completed
21333,494,2026-12-26,7,Completed
16001,557,2026-12-26,1,Completed
22632,1296,2026-12-26,8,Completed
8354,2011,2026-12-26,3,Completed
19836,4366,2026-12-26,1,Completed
5729,2849,2026-12-26,9,Cancelled
24991,4283,2026-12-26,5,Completed
12829,989,2026-12-26,4,Completed
7641,68,2026-12-26,5,Completed
18070,2850,2026-12-26,6,Completed
8512,138,2026-12-26,3,Completed
1026,2483,2026-12-26,11,Completed
15801,1213,2026-12-26,3,Completed
10311,1981,2026-12-27,1,Completed
5287,4554,2026-12-27,3,Completed
9201,4759,2026-12-27,7,Completed
18950,4768,2026-12-27,9,Completed
24319,3514,2026-12-27,1,Completed
13827,1487,2026-12-27,6,Completed
24299,4040,2026-12-27,12,Cancelled
22019,4756,2026-12-27,4,Completed
16167,3895,2026-12-27,9,Completed
11662,3244,2026-12-27,1,Cancelled
5545,2534,2026-12-27,2,Completed
9622,607,2026-12-27,5,Completed
7268,1979,2026-12-27,1,Completed
4241,727,2026-12-27,7,Completed
11475,2182,2026-12-27,8,Completed
23553,4479,2026-12-27,2,Completed
23521,887,2026-12-27,5,Completed
22264,1619,2026-12-27,4,Completed
16609,3438,2026-12-27,7,Cancelled
19569,1004,2026-12-27,1,Completed
6886,618,2026-12-27,1,Completed
4668,122,2026-12-27,5,Cancelled
16790,2746,2026-12-27,2,Completed
19056,4720,2026-12-27,10,Cancelled
17192,3528,2026-12-27,5,Completed
7985,3462,2026-12-27,7,Completed
4303,480,2026-12-28,4,Completed
6508,882,2026-12-28,1,Completed
15203,1963,2026-12-28,7,Cancelled
20466,3181,2026-12-28,1,Completed
9528,3178,2026-12-28,11,Cancelled
10980,2188,2026-12-28,7,Completed
22122,879,2026-12-28,2,Completed
7619,2610,2026-12-28,3,Completed
8716,4187,2026-12-28,4,Completed
716,1453,2026-12-28,10,Completed
24925,3453,2026-12-28,8,Cancelled
21131,4327,2026-12-28,3,Completed
20659,3277,2026-12-28,4,Completed
7450,2803,2026-12-28,10,Completed
11432,1595,2026-12-28,6,Completed
20525,3699,2026-12-28,5,Cancelled
7404,2737,2026-12-28,6,Completed
4892,3526,2026-12-28,2,Completed
11519,4216,2026-12-28,11,Completed
7045,2180,2026-12-28,4,Cancelled
4151,4310,2026-12-28,4,Completed
24831,160,2026-12-28,11,Cancelled
12706,3298,2026-12-28,12,Completed
6822,2924,2026-12-29,7,Completed
18000,2551,2026-12-29,11,Completed
17247,2126,2026-12-29,7,Completed
22133,4789,2026-12-29,4,Completed
23576,3624,2026-12-29,12,Completed
7214,68,2026-12-29,5,Completed
7558,4349,2026-12-29,3,Completed
17516,1092,2026-12-29,6,Completed
14238,4684,2026-12-29,12,Completed
3525,1615,2026-12-29,5,Completed
17587,2039,2026-12-29,2,Completed
17299,3714,2026-12-29,5,Completed
6941,4472,2026-12-29,6,Cancelled
19527,369,2026-12-29,9,Completed
5375,2880,2026-12-29,6,Cancelled
10239,4427,2026-12-29,1,Completed
19268,2600,2026-12-29,12,Completed
2552,307,2026-12-29,4,Completed
6385,4332,2026-12-29,10,Completed
13083,3124,2026-12-30,12,Completed
18296,3388,2026-12-30,10,Completed
14352,4399,2026-12-30,12,Cancelled
1651,2107,2026-12-30,6,Cancelled
15546,3516,2026-12-30,6,Completed
5413,332,2026-12-30,1,Completed
2554,4114,2026-12-30,4,Completed
23310,2525,2026-12-30,2,Completed
7283,2680,2026-12-30,6,Completed
9853,51,2026-12-30,1,Cancelled
8622,1819,2026-12-30,11,Completed
8374,592,2026-12-30,3,Completed
24227,4371,2026-12-30,9,Completed
10891,464,2026-12-30,1,Completed
19838,4283,2026-12-30,5,Completed
20302,289,2026-12-30,3,Completed
12291,1514,2026-12-30,7,Completed
22649,3889,2026-12-30,8,Completed
7938,298,2026-12-30,7,Completed
10292,3177,2026-12-30,3,Completed
11420,2382,2026-12-30,5,Cancelled
1881,1504,2026-12-30,9,Completed
9624,360,2026-12-31,5,Completed
8123,702,2026-12-31,12,Completed
16539,3680,2026-12-31,5,Completed
13117,1376,2026-12-31,1,Completed
24094,4448,2026-12-31,4,Completed
23950,1197,2026-12-31,6,Completed
2902,2253,2026-12-31,6,Cancelled
1649,2973,2026-12-31,1,Cancelled
17179,681,2026-12-31,5,Completed
20764,1129,2026-12-31,4,Cancelled
22135,2510,2026-12-31,1,Completed
2331,3834,2026-12-31,3,Completed
19863,4572,2026-12-31,5,Completed
20697,213,2026-12-31,3,Completed
8264,2611,2026-12-31,1,Cancelled
1301,4427,2026-12-31,1,Completed
23574,3250,2026-12-31,6,Completed
2944,404,2026-12-31,6,Completed
13971,1005,2026-12-31,11,Completed
20945,2457,2026-12-31,10,Completed
