order_item_id,order_id,product_id,quantity,discount_percent
1,8308,125,1,5
2,14633,40,2,25
3,6019,42,2,0
4,7663,106,1,5
5,7663,126,1,15
6,4533,71,1,10
7,4533,63,1,10
8,4533,91,2,15
9,4533,64,1,25
10,13583,66,2,15
11,13583,3,1,20
12,5650,12,4,0
13,5650,52,3,20
14,11720,90,1,0
15,11720,50,1,25
16,20092,47,1,15
17,9579,133,2,10
18,9579,46,4,15
19,13204,56,2,15
20,21123,55,1,5
21,6046,66,1,5
22,14338,37,1,15
23,10894,85,1,15
24,10894,12,1,15
25,10894,62,2,15
26,14216,46,1,25
27,14216,93,1,15
28,8695,62,1,0
29,8695,50,1,10
30,8695,24,1,15
31,2849,141,2,30
32,2849,29,1,10
33,2849,128,1,20
34,7277,85,1,30
35,17845,143,1,15
36,17845,110,2,5
37,18988,21,1,10
38,18988,29,1,0
39,19446,55,1,15
40,19446,141,1,0
41,4372,6,2,10
42,4372,12,3,10
43,16683,3,1,15
44,16683,141,1,5
45,16683,43,1,10
46,16683,41,1,0
47,19057,94,1,10
48,19057,81,1,15
49,9952,25,2,10
50,9952,124,1,10
51,9952,71,1,0
52,10140,144,4,0
53,22962,78,1,0
54,1914,84,1,10
55,1893,148,2,25
56,1893,89,1,20
57,1893,66,1,10
58,23957,71,2,25
59,23957,49,1,20
60,6845,110,1,0
61,12264,6,1,5
62,16847,81,2,0
63,8905,9,2,25
64,21282,84,2,0
65,21282,133,1,25
66,21282,74,1,5
67,21282,42,1,10
68,12726,84,1,20
69,12726,63,3,5
70,18031,129,3,15
71,18031,99,1,15
72,8049,63,2,20
73,8049,19,1,15
74,1708,66,2,20
75,1708,125,1,5
76,714,117,1,15
77,5293,14,1,30
78,5293,142,1,5
79,13416,142,1,10
80,476,45,1,5
81,4874,104,2,0
82,12535,86,3,5
83,19787,20,1,10
84,20239,93,1,5
85,12773,117,1,25
86,12773,141,1,10
87,8727,108,1,0
88,12304,105,2,15
89,15256,33,1,0
90,15256,125,1,5
91,6250,29,3,10
92,20907,128,1,5
93,15447,19,1,20
94,13106,93,1,15
95,13106,66,1,5
96,18718,42,1,0
97,21114,93,2,5
98,7568,104,1,5
99,9769,121,2,10
100,8524,67,1,10
101,8524,76,3,20
102,8524,69,1,0
103,24797,47,1,10
104,24777,118,2,5
105,24777,90,1,0
106,11609,34,2,25
107,10184,7,1,20
108,10184,96,2,5
109,14136,117,3,5
110,5605,107,1,0
111,5605,47,1,5
112,16660,50,1,10
113,24496,60,1,10
114,16386,95,1,15
115,16386,90,1,25
116,16386,67,1,5
117,9689,128,1,25
118,9689,13,2,15
119,9689,66,1,30
120,9689,107,1,0
121,6329,85,1,0
122,6329,133,2,25
123,24832,38,1,0
124,7171,17,1,0
125,7171,147,1,10
126,8520,96,1,0
127,8520,147,3,10
128,22844,73,1,5
129,17868,65,1,10
130,16904,144,2,5
131,16904,26,1,0
132,20534,128,1,5
133,12453,136,1,15
134,12453,67,1,10
135,12453,42,3,25
136,5750,140,1,10
137,405,48,2,20
138,16175,100,3,15
139,16175,59,2,20
140,1192,104,1,5
141,16475,37,1,25
142,16475,128,2,5
143,1756,14,1,5
144,13266,75,1,20
145,4205,4,2,5
146,4205,147,1,5
147,4205,91,1,5
148,18003,62,2,5
149,22668,75,1,30
150,22668,146,1,0
151,5236,139,2,5
152,13109,128,2,5
153,9670,145,1,5
154,16898,118,1,15
155,16898,36,1,10
156,16898,74,1,15
157,16898,71,1,20
158,11751,143,3,0
159,11751,66,4,20
160,8180,17,2,10
161,14890,72,1,30
162,14890,46,1,10
163,4037,124,2,0
164,4037,53,2,25
165,10386,8,2,25
166,10386,81,2,20
167,10386,139,1,0
168,24600,128,2,5
169,24600,39,2,10
170,5661,71,2,25
171,5661,42,1,20
172,8789,90,1,15
173,1659,3,1,10
174,24575,131,2,5
175,24575,150,3,15
176,8254,70,1,20
177,8254,29,1,10
178,8254,105,1,5
179,16895,10,1,15
180,7297,76,1,5
181,10666,74,1,5
182,10666,121,1,0
183,10666,45,1,0
184,10666,6,3,5
185,12155,141,1,5
186,12155,142,3,30
187,11378,91,1,5
188,11378,35,1,10
189,22315,83,1,0
190,3611,55,1,10
191,2686,136,2,20
192,13,139,1,10
193,13,98,1,25
194,17271,46,1,10
195,22783,52,3,10
196,22783,62,2,30
197,11301,69,2,15
198,11301,42,1,20
199,14284,124,1,5
200,14284,82,1,15
201,24404,70,1,20
202,7498,33,1,5
203,7498,107,1,5
204,10633,55,1,15
205,484,71,1,20
206,484,2,1,20
207,6743,45,2,5
208,5351,141,1,20
209,1611,4,1,0
210,1611,142,1,0
211,1611,117,2,25
212,1611,124,3,5
213,13460,41,1,5
214,17354,52,1,5
215,1493,7,1,15
216,14675,42,1,25
217,14675,17,1,20
218,14675,117,1,30
219,4210,137,1,0
220,2640,3,1,10
221,2640,90,2,15
222,9142,64,1,10
223,9142,116,1,10
224,22709,60,1,5
225,8318,14,2,20
226,16647,73,3,5
227,16647,53,2,20
228,16647,149,2,5
229,16647,95,2,10
230,16423,89,1,5
231,16423,22,3,20
232,13386,95,1,15
233,21894,70,2,25
234,22267,3,1,15
235,11679,54,1,0
236,11679,76,2,5
237,11679,129,4,5
238,16248,141,1,10
239,16248,52,1,5
240,13563,98,1,15
241,22527,51,1,20
242,6425,55,2,5
243,23457,66,1,30
244,22130,60,2,10
245,13184,92,2,0
246,21224,62,1,20
247,2050,98,1,10
248,10991,43,2,20
249,10991,42,1,15
250,14166,94,2,10
251,12821,76,1,5
252,12821,14,1,15
253,12821,33,1,15
254,20522,141,1,15
255,17573,42,1,0
256,6581,53,1,5
257,1247,4,3,10
258,1247,137,1,15
259,1247,71,4,0
260,1247,121,1,10
261,7082,21,1,20
262,7082,101,1,20
263,656,139,1,25
264,12811,141,1,0
265,22226,54,2,5
266,22226,40,2,20
267,22226,14,1,30
268,22226,84,1,15
269,10228,90,1,0
270,10228,28,1,10
271,2619,126,3,10
272,2619,42,1,0
273,15437,103,1,5
274,15437,40,4,30
275,13574,68,1,20
276,13574,76,1,10
277,6327,19,1,10
278,24681,133,2,15
279,10836,90,4,10
280,10642,11,1,20
281,10642,52,2,20
282,18207,97,1,20
283,18207,88,1,10
284,24057,54,3,5
285,24057,71,2,10
286,24057,19,1,30
287,24057,63,1,5
288,415,81,3,15
289,415,76,1,0
290,14612,48,4,0
291,5912,99,1,0
292,5912,78,2,10
293,5912,133,1,15
294,5912,56,1,10
295,6783,91,1,30
296,6783,102,1,5
297,6783,100,1,30
298,16501,66,1,0
299,16501,60,1,10
300,3243,147,1,20
301,15519,43,3,10
302,15519,46,1,0
303,15519,115,2,5
304,5063,42,2,10
305,18484,20,2,20
306,18484,107,1,10
307,12991,126,1,20
308,12991,136,2,0
309,12991,141,2,5
310,12991,24,3,0
311,7366,147,1,0
312,7366,93,1,15
313,20321,92,1,15
314,20321,56,1,5
315,21286,90,3,10
316,21286,124,1,10
317,21286,95,2,25
318,21286,31,1,20
319,3961,71,3,10
320,21661,66,2,5
321,5212,126,1,0
322,4114,107,1,0
323,4114,1,3,15
324,15570,117,1,10
325,15570,40,2,30
326,982,141,1,5
327,13759,64,2,10
328,12622,139,1,0
329,12622,81,2,30
330,4362,142,4,15
331,6626,133,1,0
332,6626,146,2,5
333,17827,96,1,0
334,24836,76,4,0
335,17248,80,1,10
336,17248,42,3,15
337,17248,55,1,5
338,10698,28,1,15
339,24109,54,2,0
340,24109,52,1,5
341,5244,128,2,10
342,5244,19,1,25
343,5244,90,2,10
344,24173,37,1,10
345,18001,99,1,10
346,24964,136,1,30
347,24964,53,1,10
348,3586,90,2,30
349,3586,91,1,20
350,3586,52,1,20
351,7193,133,1,0
352,7193,19,1,10
353,7193,100,2,0
354,7193,16,1,10
355,22613,72,1,30
356,22836,91,2,10
357,4558,64,2,0
358,20243,12,1,15
359,20243,104,1,25
360,13262,104,1,0
361,13262,128,1,0
362,24878,141,1,0
363,18559,66,3,20
364,18559,42,1,10
365,7927,76,1,10
366,21539,88,1,0
367,22476,74,3,25
368,22553,91,1,10
369,22553,88,1,20
370,16066,42,1,5
371,19876,147,1,0
372,24236,95,3,15
373,1058,96,1,15
374,1058,144,4,10
375,23360,142,1,20
376,20089,144,2,15
377,6647,128,1,15
378,6647,135,3,10
379,24898,2,2,0
380,3624,139,1,25
381,3624,90,1,0
382,10864,124,1,10
383,1964,71,2,0
384,156,4,1,10
385,156,52,2,5
386,156,6,1,0
387,156,50,1,0
388,16982,46,1,25
389,22896,117,1,10
390,8469,2,1,15
391,3188,73,1,5
392,3188,105,2,20
393,3188,90,2,20
394,3188,142,1,10
395,10736,147,1,10
396,11396,14,2,0
397,11396,139,2,15
398,13269,144,1,10
399,16633,42,1,20
400,16633,93,3,15
401,21965,75,3,5
402,18273,43,1,0
403,1513,70,1,10
404,8017,138,2,5
405,16770,139,1,5
406,15272,73,1,10
407,15272,90,3,25
408,9565,142,1,15
409,9565,121,4,15
410,11105,110,1,15
411,11105,6,1,10
412,7881,42,1,10
413,4164,145,3,0
414,14699,27,1,10
415,12768,102,1,10
416,8854,4,1,10
417,8854,139,3,25
418,8008,100,1,10
419,8008,81,1,25
420,20892,95,2,0
421,18495,89,2,10
422,18495,13,1,0
423,10089,21,2,20
424,24710,24,3,10
425,9380,46,1,15
426,9380,34,1,20
427,3995,90,1,0
428,488,78,1,25
429,19005,138,1,20
430,24765,124,1,15
431,24765,43,1,10
432,11640,101,2,10
433,22723,95,2,5
434,8220,91,1,10
435,21730,95,3,0
436,17836,149,4,10
437,15690,90,1,15
438,11451,117,2,5
439,10723,89,1,20
440,10723,143,1,15
441,5376,104,1,15
442,944,128,1,5
443,8668,64,1,10
444,17084,117,1,10
445,17084,42,2,5
446,12004,139,1,0
447,12004,40,2,5
448,1555,141,1,10
449,1555,48,2,0
450,8941,133,1,15
451,23944,40,1,0
452,23944,70,3,15
453,7873,90,1,0
454,16919,91,1,5
455,14191,117,2,10
456,11571,29,2,5
457,11571,33,1,0
458,15759,90,1,5
459,6057,50,2,25
460,6057,70,1,10
461,6057,66,1,25
462,6057,91,1,30
463,22322,74,3,0
464,22322,95,3,0
465,14157,3,1,0
466,14157,115,2,25
467,14157,6,2,20
468,14157,75,1,10
469,21658,136,1,25
470,10956,63,1,20
471,10956,118,1,10
472,10956,139,1,5
473,3622,102,2,5
474,3622,88,2,10
475,3622,137,1,30
476,5529,6,3,0
477,15108,84,2,0
478,17554,112,2,0
479,17554,56,3,25
480,24724,63,2,0
481,24724,71,1,10
482,15331,29,3,30
483,15331,25,1,15
484,5788,137,2,0
485,16835,42,1,20
486,16835,73,1,20
487,5612,78,1,10
488,5612,104,1,20
489,17874,118,1,15
490,17874,142,1,10
491,17874,29,2,0
492,3428,128,1,15
493,1774,123,2,10
494,1774,125,2,5
495,1774,59,1,10
496,1774,36,1,10
497,11893,30,1,10
498,4814,54,1,0
499,4814,91,1,15
500,7629,142,1,0
501,2505,3,2,0
502,2505,113,1,0
503,8444,50,1,10
504,24332,16,2,25
505,24332,63,1,25
506,24332,43,2,5
507,19177,145,2,15
508,10034,42,1,10
509,8538,24,2,30
510,8538,116,2,30
511,5373,141,2,10
512,20578,29,1,5
513,12640,122,1,5
514,4628,143,1,10
515,22314,91,1,20
516,19785,51,1,30
517,23263,75,2,30
518,3147,28,1,10
519,3147,90,1,15
520,3147,94,2,30
521,3147,124,1,25
522,11528,6,1,10
523,11528,146,1,25
524,11528,94,1,10
525,11528,54,2,25
526,11891,36,1,5
527,10731,117,1,0
528,5440,3,1,10
529,8414,99,1,20
530,8414,68,2,10
531,19704,55,2,15
532,19704,143,2,0
533,7436,91,1,25
534,18643,52,1,5
535,18386,95,1,15
536,18386,41,3,5
537,6265,71,1,30
538,6265,67,1,10
539,14001,98,1,0
540,5475,105,1,20
541,5475,27,1,20
542,23938,46,1,5
543,12549,55,2,0
544,12549,90,1,15
545,14628,42,1,30
546,14701,29,1,5
547,15238,81,1,30
548,11389,124,1,10
549,11389,141,4,10
550,4650,143,1,5
551,8361,64,1,0
552,8361,70,1,5
553,17898,129,1,15
554,18585,70,3,5
555,18585,146,2,0
556,18585,100,3,5
557,23129,87,1,5
558,19695,29,1,5
559,18692,104,1,15
560,18697,85,1,10
561,23613,73,1,5
562,24071,69,1,20
563,1118,124,2,5
564,14853,61,1,20
565,569,19,2,0
566,569,102,1,5
567,22024,31,1,0
568,9266,14,1,0
569,9266,43,1,10
570,9266,97,1,20
571,12093,55,2,15
572,12093,42,3,5
573,12093,66,2,25
574,12093,139,2,10
575,24481,6,1,15
576,24481,54,1,10
577,24481,20,1,0
578,1071,10,2,0
579,16281,90,1,15
580,20641,78,2,5
581,5433,71,1,30
582,20480,104,1,10
583,20480,117,1,25
584,20480,138,1,10
585,24396,91,1,10
586,4912,47,1,0
587,12469,14,1,10
588,13770,65,1,25
589,19088,1,2,25
590,16316,75,1,5
591,16316,37,1,10
592,16316,104,1,10
593,16316,128,2,10
594,17621,111,1,0
595,9174,137,1,0
596,9557,54,1,25
597,2971,117,1,30
598,2971,48,1,15
599,2971,21,1,20
600,2971,12,2,5
601,11801,80,1,0
602,512,74,1,5
603,512,81,2,0
604,10695,141,2,0
605,14114,117,1,15
606,14114,50,2,15
607,8830,90,1,15
608,24786,91,1,10
609,21059,37,1,15
610,7347,87,1,5
611,13645,55,2,15
612,8718,27,1,20
613,5799,149,1,30
614,19049,142,3,0
615,1238,64,1,10
616,1238,29,1,5
617,1238,66,1,15
618,1238,19,1,10
619,19954,125,1,30
620,23205,65,1,0
621,23205,138,1,0
622,18831,6,1,0
623,18683,78,1,0
624,18683,71,2,10
625,6242,90,1,15
626,2030,11,1,10
627,11694,66,2,20
628,11694,73,3,20
629,16201,91,1,30
630,6708,88,3,0
631,6708,102,3,5
632,2348,45,1,10
633,10189,36,1,0
634,5297,42,1,10
635,5297,138,3,0
636,15164,81,4,0
637,15164,100,2,15
638,12693,38,1,10
639,21753,90,1,5
640,21753,21,1,0
641,363,76,1,0
642,363,102,1,0
643,24602,144,1,15
644,24602,30,1,15
645,24602,142,2,20
646,8461,52,1,5
647,8461,124,1,10
648,8461,64,1,5
649,8390,12,2,5
650,8390,137,1,10
651,1903,144,1,20
652,8909,122,2,10
653,8909,6,2,5
654,16152,55,4,5
655,16152,117,1,15
656,599,54,4,0
657,15749,12,2,15
658,15749,102,1,5
659,15749,64,2,0
660,2781,42,1,0
661,12021,125,1,10
662,12021,55,1,15
663,12548,93,2,15
664,5007,88,3,15
665,19001,70,2,0
666,12751,90,2,10
667,12751,20,1,10
668,10366,90,2,20
669,10366,124,4,10
670,10366,88,1,25
671,18029,95,1,15
672,18029,118,4,15
673,6531,111,1,30
674,6531,100,2,0
675,9443,53,2,0
676,4407,36,4,0
677,4407,132,1,20
678,4407,141,3,10
679,15336,64,1,20
680,1716,74,1,0
681,1716,143,1,5
682,1716,107,1,25
683,8608,142,1,0
684,1316,143,1,10
685,1316,14,3,10
686,9917,65,1,15
687,9917,28,2,0
688,10085,117,1,25
689,10085,55,1,5
690,10713,95,1,25
691,23229,46,3,15
692,23229,14,1,10
693,22412,91,1,15
694,22167,141,1,10
695,22167,14,2,10
696,22167,71,1,0
697,13659,126,1,5
698,13659,3,3,5
699,10509,117,1,5
700,15209,102,1,5
701,15209,78,3,5
702,15209,101,1,0
703,3087,95,1,15
704,18727,94,1,25
705,23877,48,1,0
706,23877,20,2,0
707,6158,70,1,5
708,8994,134,2,20
709,8994,75,1,20
710,3830,116,1,15
711,3830,70,2,15
712,3830,84,2,0
713,18713,60,1,0
714,18945,19,1,25
715,24503,141,2,25
716,140,71,1,10
717,140,73,1,15
718,23632,54,2,10
719,23632,46,1,20
720,17965,53,1,0
721,9025,117,1,30
722,17457,56,1,10
723,6335,20,1,15
724,319,5,2,0
725,319,130,1,5
726,14020,37,1,20
727,14020,129,2,15
728,14020,103,1,15
729,18573,21,3,20
730,18573,70,1,20
731,12979,106,1,5
732,12405,17,3,25
733,9113,143,3,0
734,4287,75,1,10
735,21433,121,1,10
736,15263,142,1,0
737,15900,125,1,15
738,20275,69,2,0
739,21558,91,3,0
740,21558,128,1,0
741,13215,95,1,10
742,13215,142,1,10
743,13215,144,1,25
744,13215,140,2,15
745,6510,90,2,5
746,6510,63,1,0
747,20734,75,1,5
748,20734,138,1,10
749,22317,102,1,5
750,22317,19,1,20
751,2359,50,2,20
752,2359,42,1,20
753,2359,71,2,0
754,2359,104,4,5
755,23151,73,1,10
756,16478,25,1,0
757,16478,128,4,25
758,11851,81,1,10
759,14494,66,1,10
760,2145,88,1,0
761,19,117,1,15
762,9761,142,1,30
763,9761,44,3,15
764,9761,141,1,30
765,9761,137,1,20
766,17479,81,4,15
767,17479,55,1,0
768,17479,73,2,5
769,10829,84,1,10
770,10829,95,3,25
771,10829,150,1,5
772,10829,121,2,0
773,19611,3,2,0
774,14828,149,1,20
775,4321,28,1,20
776,9759,130,1,10
777,9759,54,1,10
778,5458,102,1,10
779,5458,81,1,30
780,5458,42,1,5
781,5458,74,1,10
782,23092,65,1,15
783,9289,81,1,0
784,9289,124,1,15
785,9289,70,1,0
786,5708,19,1,15
787,5708,32,1,25
788,1248,142,1,25
789,6917,3,1,5
790,758,140,1,5
791,758,68,2,0
792,404,43,1,5
793,8226,50,2,5
794,8226,140,1,0
795,21674,129,1,10
796,18754,71,2,10
797,18754,36,2,10
798,18754,39,1,5
799,16859,21,1,20
800,13685,140,2,10
801,13685,142,1,0
802,12428,54,1,20
803,12428,31,3,5
804,12428,19,2,10
805,19866,55,1,0
806,23244,6,2,5
807,23244,139,1,10
808,20423,78,2,5
809,20423,142,1,10
810,20423,124,2,0
811,20423,105,1,5
812,5753,42,2,15
813,5032,50,1,0
814,1842,46,2,5
815,1842,71,1,25
816,1842,81,1,10
817,1842,104,1,0
818,12492,48,1,20
819,17773,143,1,10
820,17773,138,3,10
821,17773,84,2,0
822,6745,85,1,25
823,6745,95,1,0
824,6745,128,3,5
825,6745,19,2,25
826,18744,15,1,5
827,22316,140,3,10
828,14072,70,2,0
829,4594,54,1,15
830,18556,8,1,15
831,18556,65,1,5
832,18556,57,1,25
833,18556,125,1,10
834,7630,54,1,0
835,7630,76,1,5
836,7630,118,2,0
837,7630,50,2,10
838,13200,59,2,0
839,13200,103,3,10
840,24527,86,1,0
841,24527,20,1,25
842,15356,42,1,5
843,24380,71,1,15
844,24380,126,1,20
845,24380,76,3,10
846,20056,37,2,0
847,11604,136,2,0
848,2924,2,1,10
849,2924,61,2,30
850,3107,104,1,5
851,19758,16,1,10
852,19758,3,1,10
853,16257,101,1,10
854,16257,117,1,30
855,22053,46,1,10
856,22053,107,1,5
857,10344,72,2,0
858,10344,91,1,5
859,10344,21,1,10
860,10344,139,2,10
861,9743,37,3,5
862,17807,55,1,5
863,8531,67,2,10
864,8531,74,2,10
865,21350,81,4,0
866,18691,97,1,0
867,18691,145,1,10
868,18691,49,1,15
869,7893,142,1,25
870,7893,141,1,15
871,7987,65,1,10
872,7987,128,2,5
873,4604,110,1,0
874,11687,118,1,15
875,5684,82,1,5
876,5684,140,4,5
877,3134,67,2,10
878,14149,102,1,0
879,19600,33,2,5
880,19600,144,1,5
881,9866,140,2,0
882,9866,118,1,20
883,19457,136,1,15
884,6520,127,1,0
885,22676,95,1,25
886,10031,28,1,20
887,10031,133,1,20
888,10031,141,1,5
889,13186,111,2,15
890,13186,117,1,5
891,15726,128,1,5
892,15726,131,2,5
893,15726,20,3,20
894,194,22,1,15
895,194,146,2,15
896,194,66,2,25
897,17690,128,1,10
898,17690,124,2,30
899,17690,64,1,20
900,17690,75,1,15
901,20133,110,1,15
902,17847,10,1,10
903,17847,55,2,0
904,17847,101,1,15
905,17847,67,1,0
906,21471,67,1,15
907,21471,142,1,0
908,21471,141,1,10
909,11747,104,1,5
910,11747,117,1,20
911,11747,125,2,20
912,22001,29,1,15
913,22001,53,1,10
914,770,14,1,20
915,770,66,1,5
916,770,93,1,25
917,770,142,1,0
918,12977,138,4,25
919,12977,50,1,0
920,9690,104,1,15
921,9100,76,1,15
922,9100,18,1,15
923,9100,41,1,0
924,9711,106,2,0
925,9711,52,1,10
926,10296,96,1,0
927,19254,25,2,15
928,19254,2,1,5
929,19254,90,2,10
930,19254,31,1,0
931,661,91,1,15
932,15944,146,1,0
933,5487,138,1,0
934,8729,142,1,15
935,8729,72,1,25
936,12880,139,2,0
937,12880,1,2,25
938,12880,142,1,15
939,24849,102,1,0
940,2515,123,1,10
941,22743,133,1,0
942,22743,100,3,15
943,22743,53,1,25
944,5059,70,1,0
945,7566,12,3,10
946,7566,19,3,0
947,12580,115,3,15
948,12580,60,1,25
949,12580,140,1,10
950,12580,21,1,0
951,13379,40,1,15
952,5169,102,2,25
953,5169,90,1,0
954,5169,78,2,15
955,5169,28,1,5
956,8929,61,1,10
957,773,93,3,0
958,773,34,3,10
959,773,29,1,5
960,8826,42,1,5
961,8826,141,1,15
962,24166,142,2,0
963,24166,71,3,10
964,24166,100,1,0
965,24166,141,2,25
966,24171,42,1,5
967,24171,24,1,30
968,24171,45,1,5
969,17533,93,2,10
970,13800,3,1,25
971,13800,95,1,5
972,16652,85,1,10
973,17344,66,3,0
974,5808,6,2,15
975,2353,70,1,15
976,22238,121,1,10
977,2211,88,1,10
978,2211,68,1,5
979,2668,42,1,15
980,2668,95,1,10
981,7011,60,1,20
982,7011,123,2,0
983,2744,145,1,0
984,2300,52,1,5
985,21667,75,1,25
986,21667,95,2,0
987,21667,46,1,10
988,21667,98,1,20
989,16567,91,1,0
990,16567,110,1,15
991,16567,54,1,15
992,19711,128,1,5
993,10422,110,2,0
994,10422,131,1,10
995,21537,38,1,10
996,21537,45,1,15
997,3516,31,1,10
998,24134,6,1,15
999,2130,50,1,5
1000,1718,64,2,15
1001,6740,116,1,10
1002,6079,90,1,15
1003,6079,67,1,10
1004,768,125,3,25
1005,20277,76,1,0
1006,7730,104,1,25
1007,7730,91,2,0
1008,7730,141,1,20
1009,8840,62,1,10
1010,9020,64,1,15
1011,6486,126,1,30
1012,6486,118,3,5
1013,6486,125,2,5
1014,3192,52,3,20
1015,3192,142,1,0
1016,4175,139,1,0
1017,18508,142,3,25
1018,2926,142,4,25
1019,18565,49,2,5
1020,9357,88,2,10
1021,21189,91,1,5
1022,23982,91,1,15
1023,19004,76,1,10
1024,19004,1,1,10
1025,22773,75,3,15
1026,22773,88,1,0
1027,18146,146,1,20
1028,18146,74,1,10
1029,18146,136,3,10
1030,18146,100,1,20
1031,6584,98,2,15
1032,6584,6,1,20
1033,22803,21,1,25
1034,11508,78,2,20
1035,11508,128,4,25
1036,13264,104,3,10
1037,13264,149,1,0
1038,21676,3,2,10
1039,1681,1,1,0
1040,6135,148,1,15
1041,6135,139,1,10
1042,1546,50,1,15
1043,20854,39,2,15
1044,20854,3,1,15
1045,24545,66,2,10
1046,24545,73,2,5
1047,24545,85,1,0
1048,23687,3,4,15
1049,14950,52,2,30
1050,24714,67,2,5
1051,24698,36,2,5
1052,24698,141,2,0
1053,24698,28,1,10
1054,22533,78,3,15
1055,2323,146,2,5
1056,1839,80,1,15
1057,1839,90,1,15
1058,1839,48,1,10
1059,1839,149,1,0
1060,9493,73,1,5
1061,24709,5,1,25
1062,23722,55,1,5
1063,5902,12,1,25
1064,21897,10,1,30
1065,7890,52,2,15
1066,7890,62,2,5
1067,13559,115,1,5
1068,13559,117,1,0
1069,13559,42,2,15
1070,3788,95,4,0
1071,2295,128,1,10
1072,2295,72,2,20
1073,2258,101,1,5
1074,2258,140,1,0
1075,15636,4,1,20
1076,5551,146,1,0
1077,5551,141,1,5
1078,7103,70,4,30
1079,13390,95,3,20
1080,13390,134,2,10
1081,11943,72,1,5
1082,1833,100,1,5
1083,1833,60,1,0
1084,17913,98,1,0
1085,24726,120,2,10
1086,21754,81,1,0
1087,21754,103,1,15
1088,21754,88,2,10
1089,21754,141,1,5
1090,6996,54,1,10
1091,6996,136,2,5
1092,16589,147,1,15
1093,16589,8,3,10
1094,10574,45,1,0
1095,19613,128,2,10
1096,24685,105,3,15
1097,16093,141,4,15
1098,21162,142,2,0
1099,21162,91,1,5
1100,21162,55,2,10
1101,2909,137,2,15
1102,2909,28,1,25
1103,12993,33,2,10
1104,21163,128,3,0
1105,21163,28,1,0
1106,21163,66,1,20
1107,21163,33,1,5
1108,8550,55,2,25
1109,8550,58,1,30
1110,8550,54,1,20
1111,13465,36,2,5
1112,12869,78,1,10
1113,4172,1,1,10
1114,4172,66,1,10
1115,4172,96,2,10
1116,5742,21,2,0
1117,14763,73,1,0
1118,6923,71,1,10
1119,4332,149,2,5
1120,4332,145,2,5
1121,18888,61,1,5
1122,24586,2,1,0
1123,24586,1,1,0
1124,16572,100,1,0
1125,24156,43,3,10
1126,24156,139,2,5
1127,24156,142,1,10
1128,18182,124,1,0
1129,22874,78,1,20
1130,22874,75,1,0
1131,19302,56,2,10
1132,5975,128,1,0
1133,10804,64,1,0
1134,10804,63,2,15
1135,10804,41,1,15
1136,20088,63,3,5
1137,5407,48,1,10
1138,5407,141,1,0
1139,5407,46,1,10
1140,3690,124,1,0
1141,14229,138,1,10
1142,14229,73,1,5
1143,24554,149,1,0
1144,16060,141,2,15
1145,7567,100,3,10
1146,10545,138,1,15
1147,10545,42,1,5
1148,21116,146,2,10
1149,19066,106,3,5
1150,14050,48,2,15
1151,14050,124,1,30
1152,14057,139,1,5
1153,9230,21,1,20
1154,11483,91,2,5
1155,11483,2,1,20
1156,9848,60,3,0
1157,13325,140,1,15
1158,22871,47,2,5
1159,22871,29,2,25
1160,3548,54,2,10
1161,16116,75,3,20
1162,2382,61,2,0
1163,2382,3,1,0
1164,23571,91,1,15
1165,23571,126,3,10
1166,23571,3,1,15
1167,19227,47,2,10
1168,4878,133,3,15
1169,21140,71,3,20
1170,21140,140,1,25
1171,21140,117,1,20
1172,3291,141,2,30
1173,3291,113,2,15
1174,13447,50,4,0
1175,13447,90,3,15
1176,1909,142,1,10
1177,9216,42,1,10
1178,16972,124,1,25
1179,16972,72,1,0
1180,16972,139,1,10
1181,16972,141,1,0
1182,452,69,2,5
1183,309,52,1,0
1184,23312,93,2,10
1185,21367,105,1,5
1186,21367,89,1,10
1187,10036,66,2,15
1188,16324,28,2,5
1189,23904,95,3,15
1190,19506,139,1,5
1191,19506,42,2,10
1192,4118,91,1,10
1193,4118,94,1,15
1194,4118,78,1,0
1195,14801,62,2,10
1196,14801,102,1,20
1197,18773,50,2,20
1198,5304,124,2,5
1199,5304,40,1,5
1200,2431,91,1,15
1201,19109,76,1,5
1202,14892,17,1,10
1203,8762,138,2,0
1204,19327,12,2,5
1205,5209,146,1,25
1206,5209,48,1,15
1207,5209,141,1,10
1208,5209,64,2,0
1209,24639,126,2,20
1210,24639,52,1,5
1211,24639,111,1,15
1212,24639,2,1,10
1213,1636,105,1,5
1214,14760,141,1,10
1215,18289,6,2,0
1216,7243,96,1,0
1217,7243,146,1,0
1218,4507,76,1,20
1219,460,122,2,5
1220,12731,3,2,15
1221,24949,32,2,0
1222,22881,44,1,5
1223,22881,77,1,20
1224,10282,42,1,10
1225,10282,90,1,20
1226,8984,96,1,5
1227,8984,69,1,20
1228,8984,132,1,25
1229,20319,133,1,10
1230,20319,78,2,10
1231,14024,90,1,15
1232,12573,45,2,5
1233,12573,43,1,10
1234,14,6,2,15
1235,14,75,1,0
1236,1416,95,2,20
1237,14308,96,1,5
1238,20254,115,2,15
1239,21137,84,1,15
1240,21462,61,1,0
1241,8834,88,1,5
1242,24525,74,1,20
1243,24525,69,2,15
1244,24525,93,1,10
1245,24525,66,1,15
1246,6854,68,1,15
1247,6854,124,2,20
1248,15504,95,1,25
1249,15504,23,1,5
1250,3619,55,3,0
1251,3619,42,1,15
1252,15917,28,1,0
1253,15917,59,1,25
1254,15917,128,2,10
1255,14402,20,2,0
1256,14402,6,1,0
1257,14402,78,2,5
1258,22197,2,1,0
1259,19763,102,1,5
1260,19763,90,1,10
1261,19763,62,1,10
1262,6443,70,1,25
1263,6443,12,3,5
1264,22986,54,3,0
1265,11300,78,1,10
1266,11300,19,1,0
1267,9842,145,3,5
1268,1208,124,2,5
1269,1208,142,4,5
1270,19191,76,3,15
1271,1086,62,1,0
1272,1086,117,2,10
1273,22400,6,1,0
1274,22400,113,1,30
1275,22400,28,2,25
1276,1526,126,1,0
1277,2874,37,1,25
1278,2874,127,1,15
1279,2874,141,2,15
1280,7444,141,1,5
1281,7444,49,1,10
1282,7444,117,1,0
1283,7444,68,4,25
1284,23974,147,1,10
1285,23974,75,1,5
1286,14844,84,1,5
1287,16696,142,1,5
1288,16696,126,3,0
1289,8184,52,1,0
1290,5737,50,1,15
1291,12517,42,1,10
1292,12517,110,1,25
1293,12517,46,1,20
1294,12517,94,2,10
1295,13932,65,1,20
1296,13932,98,1,30
1297,17227,141,1,5
1298,16623,139,1,5
1299,16623,78,2,10
1300,2746,67,2,5
1301,2746,6,1,25
1302,13206,64,1,0
1303,20065,21,1,20
1304,15813,99,1,5
1305,1126,63,1,25
1306,6769,106,2,0
1307,13892,141,1,10
1308,13336,71,1,25
1309,9901,126,1,10
1310,21847,104,1,10
1311,21847,133,2,5
1312,17823,53,1,0
1313,1814,12,1,25
1314,4317,62,1,0
1315,4317,126,1,25
1316,22218,149,1,10
1317,3869,52,1,30
1318,3365,142,2,0
1319,3365,117,2,20
1320,1221,112,1,5
1321,1221,124,3,5
1322,19582,105,1,20
1323,22747,149,1,10
1324,22747,116,1,0
1325,9279,122,1,5
1326,9279,42,2,20
1327,7032,107,1,10
1328,5299,27,1,20
1329,5299,3,1,0
1330,20609,70,3,15
1331,14946,69,1,0
1332,4766,89,1,20
1333,4766,17,1,20
1334,18167,15,3,0
1335,24167,87,1,0
1336,16691,23,2,20
1337,16691,145,2,10
1338,6353,93,1,0
1339,6353,128,2,0
1340,19797,30,2,25
1341,19797,104,3,0
1342,19797,126,1,5
1343,19797,54,1,0
1344,11729,2,1,30
1345,3333,59,1,10
1346,3333,26,1,10
1347,24978,100,1,10
1348,13060,43,1,10
1349,598,39,1,0
1350,598,110,1,10
1351,4152,136,2,0
1352,4152,46,2,0
1353,5441,53,1,10
1354,5441,67,1,15
1355,15419,117,1,15
1356,15419,134,1,5
1357,15693,84,1,0
1358,15693,140,1,20
1359,5047,71,1,10
1360,159,122,1,15
1361,159,146,1,5
1362,11309,125,1,0
1363,11309,45,1,25
1364,11309,146,2,15
1365,11309,50,1,15
1366,13122,144,1,0
1367,17318,133,2,5
1368,3057,90,1,0
1369,20273,121,1,10
1370,20273,81,1,25
1371,6176,124,1,0
1372,13650,91,2,10
1373,13650,11,1,0
1374,19938,141,1,15
1375,19938,142,2,30
1376,19938,98,1,5
1377,10757,91,2,25
1378,14397,49,2,10
1379,22498,26,1,5
1380,837,146,1,20
1381,22901,143,1,5
1382,18997,90,1,0
1383,18997,56,1,0
1384,11239,63,2,10
1385,12282,72,2,10
1386,13807,66,2,15
1387,3172,91,2,20
1388,3172,66,1,25
1389,15474,28,2,10
1390,15879,70,2,0
1391,15879,102,1,25
1392,15879,29,1,15
1393,15879,71,1,20
1394,2113,116,1,10
1395,12690,125,1,10
1396,12690,117,2,0
1397,12401,24,1,15
1398,16912,104,2,15
1399,16912,28,1,10
1400,145,102,2,0
1401,23321,129,1,20
1402,9832,142,1,10
1403,7733,125,2,20
1404,15687,128,1,5
1405,11789,53,1,20
1406,11789,42,4,10
1407,11789,93,3,0
1408,11789,124,1,25
1409,23912,129,2,5
1410,19282,66,2,15
1411,19282,10,2,0
1412,19282,46,2,15
1413,2370,72,1,15
1414,856,105,3,10
1415,4197,64,2,15
1416,4197,60,1,25
1417,4197,32,1,15
1418,506,81,1,10
1419,506,139,1,20
1420,506,122,4,0
1421,4570,140,1,15
1422,4570,53,1,0
1423,17789,93,4,0
1424,2412,19,2,20
1425,21870,104,2,15
1426,21870,128,2,0
1427,19526,104,2,0
1428,4750,73,3,5
1429,8808,138,1,20
1430,21426,142,3,5
1431,24734,70,1,20
1432,6737,25,2,20
1433,4222,50,1,5
1434,14126,96,2,0
1435,14126,81,1,0
1436,16371,53,1,0
1437,16371,68,2,25
1438,16371,117,1,0
1439,16371,50,1,0
1440,7598,144,2,20
1441,7598,55,1,20
1442,7598,122,1,20
1443,9267,141,1,0
1444,11762,54,1,20
1445,7981,45,1,20
1446,23003,124,1,25
1447,23003,34,2,30
1448,5706,1,1,15
1449,5706,93,1,10
1450,5706,126,2,0
1451,5706,102,1,0
1452,19903,19,2,0
1453,19903,50,1,15
1454,8161,118,2,15
1455,8161,94,1,5
1456,24908,131,1,20
1457,22729,100,4,0
1458,5006,50,3,0
1459,20237,21,1,25
1460,20237,146,3,10
1461,20237,29,1,0
1462,3722,132,1,30
1463,3722,139,1,30
1464,3722,133,1,10
1465,3722,90,1,5
1466,23917,124,1,15
1467,24862,40,1,5
1468,23842,21,1,20
1469,23849,140,1,20
1470,16964,104,2,0
1471,18384,133,1,0
1472,18147,43,1,5
1473,18147,117,1,5
1474,3417,118,1,25
1475,24196,84,1,10
1476,14414,57,2,20
1477,21205,60,1,10
1478,21205,66,2,25
1479,1968,141,1,5
1480,16073,102,2,25
1481,2161,88,1,20
1482,3176,117,1,30
1483,3176,55,1,0
1484,3176,81,2,5
1485,5917,117,3,20
1486,19564,43,4,0
1487,6045,140,1,0
1488,11826,66,1,30
1489,11826,72,1,5
1490,1798,28,1,0
1491,1798,146,1,10
1492,1798,61,3,5
1493,24939,42,2,0
1494,24939,6,1,20
1495,24939,133,1,10
1496,22437,91,1,0
1497,22437,140,1,20
1498,22437,6,3,0
1499,6191,73,1,0
1500,21276,137,3,20
1501,21276,6,1,15
1502,7379,42,1,10
1503,21739,126,2,15
1504,8465,96,3,10
1505,21273,117,1,20
1506,15935,52,1,5
1507,16149,17,4,15
1508,23352,17,1,15
1509,23352,70,1,5
1510,10985,110,2,0
1511,10985,70,1,20
1512,15002,86,1,15
1513,15002,20,1,10
1514,2250,37,1,5
1515,11495,141,1,5
1516,19411,133,3,10
1517,19411,55,1,15
1518,18326,141,1,15
1519,18326,139,1,15
1520,12519,149,1,30
1521,12519,44,2,5
1522,577,146,1,20
1523,5166,91,3,15
1524,2734,55,1,0
1525,8964,91,3,30
1526,11646,54,1,5
1527,23136,70,1,15
1528,23136,128,4,0
1529,13363,124,2,10
1530,13363,60,1,10
1531,13363,71,3,30
1532,13363,22,2,0
1533,14756,95,1,20
1534,24729,53,2,20
1535,24729,138,1,25
1536,5384,142,2,5
1537,5384,141,1,10
1538,5384,96,1,0
1539,18632,50,1,10
1540,18632,3,1,5
1541,17416,50,1,0
1542,17416,116,1,20
1543,16861,112,1,15
1544,16861,17,2,10
1545,9716,146,4,20
1546,9716,31,1,25
1547,9716,45,1,10
1548,3966,45,1,5
1549,3966,70,1,10
1550,9660,96,3,15
1551,6681,76,1,25
1552,9047,115,1,5
1553,9047,72,1,15
1554,9047,44,1,20
1555,9047,36,1,20
1556,6444,21,2,15
1557,15411,140,2,10
1558,3642,98,3,20
1559,3642,1,1,10
1560,19338,29,3,10
1561,19338,142,1,15
1562,6623,129,2,5
1563,6623,115,1,25
1564,586,123,1,0
1565,586,73,2,10
1566,15540,81,1,10
1567,15540,76,1,30
1568,15540,85,2,0
1569,15540,138,1,10
1570,7933,61,1,0
1571,7933,3,1,25
1572,13553,33,1,0
1573,16946,86,1,0
1574,16946,68,1,5
1575,14232,93,3,5
1576,14232,26,2,5
1577,11086,76,2,5
1578,24893,71,1,20
1579,24893,117,3,10
1580,17824,16,1,10
1581,16306,101,1,20
1582,16306,38,2,10
1583,18684,72,1,15
1584,2525,42,1,0
1585,3985,1,2,25
1586,3985,65,1,0
1587,3985,99,2,10
1588,9310,115,4,5
1589,15192,94,1,30
1590,15192,96,1,20
1591,19850,141,2,0
1592,19850,126,1,5
1593,4754,69,2,25
1594,21830,31,1,20
1595,21830,69,1,15
1596,10640,50,1,5
1597,22930,28,1,25
1598,20901,91,1,5
1599,8609,50,2,25
1600,17986,104,1,10
1601,9090,132,1,20
1602,9090,107,2,10
1603,3790,105,1,15
1604,3790,75,1,0
1605,16062,69,3,25
1606,15143,20,1,10
1607,15143,28,2,25
1608,6816,28,1,10
1609,22662,129,1,20
1610,19440,117,1,30
1611,19440,128,1,10
1612,19440,102,1,0
1613,19440,53,1,15
1614,4728,62,2,5
1615,4728,70,3,0
1616,4728,138,1,30
1617,23879,90,1,10
1618,16595,140,1,0
1619,21374,7,1,5
1620,22724,124,3,0
1621,22724,95,3,5
1622,22724,53,2,15
1623,2304,62,1,10
1624,16570,60,1,0
1625,16570,95,3,15
1626,16570,19,2,15
1627,11386,75,3,15
1628,1057,96,1,0
1629,1057,55,2,5
1630,22581,19,2,0
1631,12014,66,1,20
1632,19515,60,2,10
1633,22285,124,1,5
1634,22285,64,1,15
1635,13367,12,3,10
1636,2044,66,2,5
1637,23274,148,1,10
1638,15929,55,1,5
1639,15929,100,1,0
1640,6234,66,1,0
1641,6234,19,1,0
1642,6234,146,1,5
1643,13059,101,1,10
1644,13059,98,1,10
1645,13059,142,1,5
1646,21612,50,1,20
1647,6928,142,1,15
1648,6928,149,2,0
1649,6926,124,1,10
1650,23650,23,1,0
1651,4370,75,3,25
1652,10482,145,1,5
1653,21853,66,1,0
1654,1510,53,3,25
1655,1510,57,1,5
1656,13541,117,1,10
1657,13541,28,1,0
1658,8076,100,1,0
1659,8076,124,1,10
1660,8131,95,1,5
1661,13393,93,1,5
1662,18865,115,1,20
1663,18865,73,1,5
1664,18865,81,1,0
1665,23359,14,2,0
1666,23359,76,1,10
1667,18771,139,1,15
1668,18771,6,3,25
1669,13201,133,1,10
1670,13201,26,1,0
1671,13201,128,2,0
1672,13201,35,3,10
1673,21480,42,3,15
1674,520,117,1,30
1675,520,137,1,20
1676,585,150,4,15
1677,585,134,1,10
1678,3440,116,1,5
1679,18394,133,1,0
1680,1761,84,1,15
1681,1761,70,1,15
1682,1761,6,3,10
1683,18188,124,1,0
1684,20950,138,1,10
1685,20950,58,2,0
1686,1054,117,3,25
1687,12299,141,1,0
1688,12299,47,1,10
1689,20844,21,1,5
1690,20844,43,1,10
1691,20844,3,1,0
1692,20844,48,1,25
1693,4861,42,3,10
1694,4861,39,1,15
1695,4861,103,2,25
1696,4438,28,1,0
1697,4438,141,1,20
1698,1616,3,2,10
1699,1616,86,1,25
1700,907,11,1,5
1701,22677,128,2,15
1702,22677,76,2,25
1703,22677,126,1,0
1704,24075,66,1,15
1705,508,47,2,10
1706,9957,129,1,10
1707,12018,142,3,30
1708,12018,116,2,15
1709,22172,67,2,10
1710,7644,126,2,5
1711,8112,145,1,20
1712,8112,140,2,5
1713,21755,71,1,0
1714,21755,118,1,5
1715,21755,8,1,15
1716,21755,34,1,0
1717,6901,62,1,25
1718,3290,52,3,20
1719,3290,142,2,20
1720,18828,55,1,20
1721,2175,61,1,20
1722,24872,90,1,0
1723,24872,57,1,5
1724,2011,6,1,25
1725,20378,126,1,0
1726,4545,99,1,0
1727,23869,121,1,15
1728,22068,94,1,10
1729,11613,124,1,20
1730,11613,88,1,5
1731,6866,88,1,5
1732,6866,140,1,5
1733,6866,71,2,5
1734,24968,138,4,10
1735,9126,21,1,20
1736,6806,140,3,15
1737,6806,70,2,15
1738,3152,138,1,0
1739,23874,53,2,25
1740,23874,148,2,15
1741,23874,136,1,15
1742,13731,104,1,20
1743,893,27,3,10
1744,893,144,1,20
1745,7127,28,2,25
1746,7127,76,2,5
1747,7127,141,2,10
1748,13153,76,1,5
1749,13153,134,1,15
1750,14317,142,1,15
1751,14317,140,1,5
1752,14317,4,2,25
1753,16737,118,1,5
1754,21258,128,1,15
1755,12368,60,2,10
1756,18007,125,1,5
1757,4863,104,1,15
1758,4863,142,1,0
1759,11638,143,1,10
1760,11638,56,1,20
1761,7777,95,1,20
1762,10403,94,1,0
1763,10403,14,1,10
1764,4449,32,1,10
1765,9496,27,2,30
1766,16163,75,1,0
1767,4910,66,1,10
1768,21314,66,1,0
1769,3650,37,1,10
1770,2959,28,2,25
1771,15610,95,1,5
1772,11324,89,1,10
1773,24118,28,1,20
1774,24118,93,1,5
1775,24118,8,1,20
1776,8753,60,1,15
1777,15768,88,1,5
1778,7040,96,1,25
1779,7040,136,1,15
1780,7040,98,1,0
1781,1566,63,1,5
1782,3540,101,4,15
1783,3540,25,1,0
1784,6071,66,1,20
1785,6071,46,1,5
1786,6071,54,1,25
1787,17111,117,4,15
1788,17111,55,1,25
1789,12302,15,1,20
1790,9416,85,1,25
1791,11730,53,2,0
1792,10558,137,1,0
1793,4891,117,1,20
1794,19266,14,2,5
1795,21588,140,1,15
1796,8166,75,1,10
1797,8166,48,1,5
1798,8605,93,3,15
1799,21842,21,1,10
1800,21842,38,2,5
1801,18717,117,4,0
1802,18717,91,2,0
1803,24314,1,1,0
1804,23111,81,3,0
1805,23111,115,1,15
1806,23111,110,2,0
1807,6039,69,3,15
1808,502,64,1,0
1809,502,29,1,15
1810,502,118,1,0
1811,502,121,1,15
1812,11415,121,1,10
1813,17569,53,2,10
1814,17569,28,2,10
1815,17569,67,1,20
1816,17569,81,1,15
1817,23822,142,1,5
1818,23822,54,1,20
1819,1061,83,1,5
1820,1061,118,1,25
1821,22767,55,3,20
1822,10062,13,1,20
1823,10062,48,3,15
1824,3815,76,3,20
1825,3815,28,1,30
1826,3815,117,1,10
1827,331,45,1,10
1828,23530,144,1,5
1829,23530,45,1,10
1830,23530,28,1,0
1831,7449,128,1,10
1832,7449,124,3,30
1833,12520,138,1,0
1834,12520,100,2,15
1835,12520,141,1,0
1836,12520,90,1,30
1837,1344,130,1,0
1838,23380,128,1,25
1839,12559,129,1,5
1840,12559,117,2,10
1841,12559,23,2,15
1842,12559,124,2,5
1843,16975,117,1,30
1844,4607,142,4,0
1845,4607,75,2,10
1846,4607,6,1,0
1847,4607,101,1,15
1848,15405,146,2,10
1849,15405,124,1,10
1850,7376,133,1,20
1851,19321,64,1,5
1852,19321,42,1,10
1853,19321,48,1,10
1854,19321,118,1,15
1855,1205,128,1,10
1856,23331,52,1,10
1857,23331,46,3,20
1858,2809,29,1,10
1859,9350,52,2,10
1860,13508,2,1,0
1861,20293,46,1,10
1862,10791,71,1,5
1863,10791,94,1,15
1864,246,14,1,5
1865,11643,80,2,30
1866,11643,59,1,0
1867,11643,104,3,0
1868,11643,29,1,15
1869,23155,45,3,20
1870,23155,106,1,5
1871,24716,75,1,25
1872,24716,136,1,20
1873,24716,6,2,10
1874,24716,37,1,10
1875,21237,126,1,0
1876,21749,60,1,20
1877,21749,3,2,10
1878,11178,72,1,15
1879,11178,101,3,15
1880,20842,29,1,10
1881,20842,20,1,0
1882,22379,144,1,10
1883,18235,28,2,15
1884,18235,47,1,0
1885,18235,93,1,0
1886,18235,117,1,20
1887,16074,42,4,10
1888,16074,78,2,15
1889,14819,128,1,15
1890,12587,138,1,5
1891,10391,69,1,5
1892,10391,124,1,0
1893,3990,139,1,10
1894,18693,26,1,25
1895,18693,12,2,20
1896,3960,84,2,15
1897,3960,16,1,15
1898,3960,21,1,10
1899,6263,112,2,20
1900,834,70,1,10
1901,5357,140,1,5
1902,572,61,2,25
1903,18904,128,1,10
1904,16398,12,1,0
1905,16398,81,1,25
1906,16398,130,1,10
1907,4818,75,1,20
1908,12901,100,4,5
1909,13911,20,1,15
1910,13911,77,3,20
1911,18162,128,1,15
1912,8889,133,3,15
1913,12907,42,1,5
1914,15592,12,2,10
1915,6197,102,1,10
1916,6197,33,1,15
1917,9043,19,1,0
1918,21476,117,1,0
1919,16546,141,3,10
1920,3041,133,1,0
1921,3041,27,1,15
1922,3041,54,1,10
1923,18770,52,1,0
1924,15277,43,3,0
1925,15277,143,2,15
1926,16055,46,1,25
1927,5701,141,2,0
1928,15252,14,2,0
1929,8370,21,3,5
1930,4301,46,1,0
1931,3420,37,1,25
1932,3420,143,1,5
1933,5524,93,1,15
1934,5524,126,1,25
1935,5637,56,1,10
1936,5637,3,2,0
1937,24340,149,1,0
1938,24340,4,1,5
1939,22017,81,1,10
1940,22017,19,1,5
1941,12349,14,1,20
1942,7343,54,1,20
1943,7913,116,1,25
1944,7913,102,1,10
1945,5404,98,2,10
1946,5404,146,1,25
1947,19424,116,1,10
1948,10652,75,1,20
1949,8615,81,1,20
1950,8615,80,1,10
1951,1550,48,2,20
1952,14733,42,2,25
1953,5775,67,2,0
1954,5775,79,1,25
1955,17975,100,2,10
1956,17975,28,1,15
1957,17958,141,1,15
1958,17958,6,3,15
1959,17958,20,2,15
1960,6906,63,1,15
1961,1294,56,1,0
1962,12710,111,1,20
1963,11815,150,1,20
1964,17797,60,1,5
1965,11427,61,3,20
1966,168,68,1,25
1967,5868,139,1,0
1968,5868,70,1,15
1969,3556,139,1,10
1970,3556,107,1,15
1971,17025,70,1,15
1972,3050,29,1,30
1973,3050,37,3,10
1974,1038,1,2,25
1975,1038,25,1,20
1976,1135,64,2,10
1977,22410,54,2,0
1978,22410,104,1,0
1979,3255,3,1,5
1980,1399,138,1,5
1981,1399,90,3,5
1982,1399,140,1,15
1983,1399,144,1,0
1984,4845,28,2,10
1985,4845,136,1,5
1986,909,12,1,10
1987,909,64,2,25
1988,22453,20,2,0
1989,16913,103,1,10
1990,17614,55,1,20
1991,3021,94,2,10
1992,3021,56,1,15
1993,3021,70,1,30
1994,24310,33,1,15
1995,7522,52,2,20
1996,7522,89,1,0
1997,14277,95,1,25
1998,16043,31,1,5
1999,4633,117,1,10
2000,4633,30,1,25
2001,4633,142,1,0
2002,16125,6,1,0
2003,24383,128,2,15
2004,21498,42,1,25
2005,6321,42,1,0
2006,6321,2,1,0
2007,15507,91,1,5
2008,23645,128,1,0
2009,23645,131,1,0
2010,23645,6,1,0
2011,23645,145,1,0
2012,17494,63,3,0
2013,21494,128,1,10
2014,21494,90,3,25
2015,14479,137,2,5
2016,14479,124,1,5
2017,11655,55,1,0
2018,11655,112,3,10
2019,11681,88,1,0
2020,24730,149,2,20
2021,1288,87,1,10
2022,17165,128,2,25
2023,17165,134,3,5
2024,15510,66,1,20
2025,6026,26,1,10
2026,4251,60,1,5
2027,17440,114,3,0
2028,8732,71,1,0
2029,8732,133,1,0
2030,8732,103,1,10
2031,8732,128,2,30
2032,13628,45,1,15
2033,21045,63,1,0
2034,4660,144,1,0
2035,4660,128,2,0
2036,4660,75,1,0
2037,5624,87,1,5
2038,5624,33,3,0
2039,3042,53,2,20
2040,7147,75,4,5
2041,7147,54,2,20
2042,7147,121,2,15
2043,9631,93,1,30
2044,4959,43,1,10
2045,7799,90,2,10
2046,22521,25,4,15
2047,22521,140,1,15
2048,17910,40,1,10
2049,17910,81,2,0
2050,17910,70,1,15
2051,20248,37,3,10
2052,19814,81,1,5
2053,20822,38,1,5
2054,20822,141,2,20
2055,11600,90,2,20
2056,10854,149,1,20
2057,8292,96,1,5
2058,6110,117,1,25
2059,17813,1,1,25
2060,22423,95,1,5
2061,22423,146,1,5
2062,10479,1,2,10
2063,19391,115,1,15
2064,19391,97,2,15
2065,19391,118,2,20
2066,4539,61,1,0
2067,6011,121,2,0
2068,6011,4,1,0
2069,11006,137,1,0
2070,1850,75,1,15
2071,1850,90,1,0
2072,1850,115,1,10
2073,1850,132,3,0
2074,6342,52,1,15
2075,6342,128,3,5
2076,6342,54,2,30
2077,1361,21,1,5
2078,11361,95,1,5
2079,3854,24,1,15
2080,3854,73,2,5
2081,3854,116,1,5
2082,23640,66,1,10
2083,22699,64,1,10
2084,22699,73,2,5
2085,22699,71,1,10
2086,17501,81,1,0
2087,17501,46,1,0
2088,12694,20,1,5
2089,3004,78,1,20
2090,14105,116,1,30
2091,24092,136,1,0
2092,24092,20,1,30
2093,2497,91,1,5
2094,811,138,2,30
2095,21501,22,1,25
2096,21501,73,1,10
2097,21707,19,1,0
2098,21707,118,2,0
2099,21707,101,2,15
2100,8265,90,2,5
2101,6260,143,1,5
2102,6260,118,3,5
2103,24041,29,2,5
2104,14589,81,3,15
2105,2866,42,1,5
2106,2866,136,2,20
2107,2866,53,1,20
2108,2866,146,1,20
2109,15360,101,2,30
2110,15360,115,1,10
2111,15360,18,2,0
2112,14258,141,1,15
2113,19481,2,1,20
2114,21543,42,2,30
2115,24506,88,2,0
2116,24506,68,1,15
2117,20350,138,1,0
2118,20350,67,1,15
2119,20350,142,1,10
2120,14556,140,1,25
2121,9478,133,1,5
2122,9478,142,1,5
2123,13555,142,1,15
2124,9332,139,1,10
2125,3242,21,1,5
2126,3242,130,2,25
2127,3242,116,1,0
2128,789,148,1,10
2129,21762,56,1,0
2130,2903,3,2,0
2131,7359,144,1,10
2132,7359,20,2,15
2133,7359,76,1,10
2134,7359,54,3,0
2135,14841,48,2,30
2136,1433,54,2,15
2137,13643,111,1,15
2138,23707,91,1,10
2139,3497,148,1,0
2140,4759,47,2,0
2141,7411,146,2,5
2142,23407,75,3,20
2143,23407,96,1,0
2144,8018,78,1,30
2145,15033,34,1,5
2146,14355,72,1,10
2147,3727,67,1,20
2148,3727,56,1,0
2149,17500,62,1,15
2150,9922,71,1,15
2151,19048,75,1,0
2152,19048,90,2,0
2153,24766,147,1,10
2154,6563,68,2,10
2155,6563,66,1,0
2156,2602,63,1,15
2157,2602,90,1,25
2158,1151,36,2,10
2159,1151,139,2,10
2160,1151,72,2,10
2161,1151,75,1,10
2162,11577,48,4,10
2163,11577,104,1,0
2164,8816,46,1,0
2165,16340,139,1,10
2166,9988,146,3,20
2167,9988,54,1,20
2168,5135,142,1,0
2169,5135,73,1,15
2170,5135,141,3,0
2171,5135,113,1,15
2172,1599,95,1,0
2173,20416,88,1,0
2174,1733,141,1,5
2175,10232,124,4,15
2176,10232,133,1,15
2177,12090,117,1,15
2178,24784,50,2,20
2179,24923,132,1,15
2180,24923,133,4,0
2181,11684,66,1,5
2182,11684,68,2,0
2183,23990,148,1,20
2184,4479,139,3,10
2185,4479,135,1,20
2186,4479,149,1,0
2187,4479,53,1,5
2188,7435,51,2,25
2189,9192,85,3,0
2190,14503,67,1,0
2191,3859,12,1,0
2192,3859,66,1,15
2193,3859,20,1,5
2194,21905,145,1,10
2195,21905,95,2,15
2196,21905,42,1,10
2197,21905,141,4,10
2198,15176,42,1,5
2199,15176,96,1,15
2200,15545,21,1,5
2201,23322,124,2,5
2202,2327,78,1,15
2203,2327,42,2,5
2204,2488,141,3,5
2205,12846,115,1,15
2206,9251,74,1,15
2207,14228,142,1,30
2208,14228,64,1,25
2209,2311,78,2,15
2210,2311,19,1,15
2211,2311,55,1,0
2212,17225,42,1,15
2213,4956,145,1,10
2214,4956,68,1,10
2215,4956,136,1,5
2216,14531,128,4,0
2217,14409,139,1,5
2218,14409,54,1,10
2219,9513,136,3,0
2220,16070,42,1,5
2221,1296,75,2,5
2222,1296,3,2,20
2223,18270,93,3,0
2224,22103,43,2,20
2225,22103,71,3,20
2226,12230,20,1,5
2227,12230,111,1,15
2228,12230,110,1,25
2229,2542,93,1,20
2230,23847,54,1,0
2231,591,67,1,10
2232,21774,90,1,5
2233,16538,149,1,10
2234,16538,64,1,5
2235,2072,46,1,15
2236,2072,73,2,0
2237,5199,25,1,0
2238,5199,20,3,15
2239,20055,36,1,5
2240,20055,133,3,15
2241,11908,146,1,5
2242,11908,69,1,20
2243,24512,25,2,30
2244,12866,62,2,15
2245,12866,37,1,25
2246,1062,93,1,10
2247,1062,69,1,0
2248,11586,139,3,0
2249,9890,117,1,5
2250,20704,148,1,20
2251,23688,2,2,30
2252,17755,96,1,5
2253,17755,118,2,10
2254,315,98,1,25
2255,11691,34,1,25
2256,8493,146,1,0
2257,5948,70,1,15
2258,5948,112,1,15
2259,15102,70,1,5
2260,15102,111,1,20
2261,17660,1,1,0
2262,17660,129,1,10
2263,16432,98,2,10
2264,17663,43,1,20
2265,17663,101,1,0
2266,17663,139,3,0
2267,8345,20,1,15
2268,8345,78,2,0
2269,4950,104,1,10
2270,23706,94,1,0
2271,17671,70,1,5
2272,20168,63,3,0
2273,11739,124,2,5
2274,3128,118,1,5
2275,3128,54,1,10
2276,19707,143,2,15
2277,11249,28,1,25
2278,12483,148,1,5
2279,12229,148,3,0
2280,12229,42,2,15
2281,22909,90,4,20
2282,14189,24,3,10
2283,14189,69,2,0
2284,14189,48,1,25
2285,14189,61,1,10
2286,8758,115,1,10
2287,18303,73,1,10
2288,1900,90,1,10
2289,151,34,1,30
2290,21100,25,2,0
2291,21100,91,4,15
2292,21100,140,1,10
2293,21100,69,3,5
2294,24271,88,4,30
2295,19685,11,2,15
2296,19319,111,1,10
2297,19319,6,2,10
2298,23366,90,1,15
2299,23366,98,1,10
2300,8148,1,3,0
2301,8148,124,1,20
2302,6760,46,2,5
2303,21405,69,3,0
2304,10619,66,4,5
2305,12345,70,1,0
2306,12345,74,2,5
2307,12345,104,2,30
2308,18298,37,1,20
2309,11515,80,2,0
2310,19417,104,1,10
2311,5946,17,1,0
2312,14283,28,1,10
2313,14448,78,1,30
2314,19919,28,2,25
2315,24060,3,1,10
2316,10295,28,2,0
2317,15069,129,2,15
2318,15069,3,1,0
2319,9524,141,2,25
2320,9524,63,1,10
2321,9524,88,1,0
2322,12727,55,1,15
2323,11790,146,1,10
2324,11790,104,1,0
2325,7986,38,1,10
2326,7986,76,1,0
2327,7986,141,2,20
2328,2607,124,3,0
2329,2607,78,1,15
2330,2607,42,2,20
2331,13355,27,1,20
2332,16313,88,1,15
2333,24363,117,2,0
2334,24363,54,1,20
2335,13593,140,2,10
2336,17206,118,2,10
2337,11478,60,1,25
2338,906,124,1,30
2339,906,42,1,15
2340,11168,85,1,25
2341,11168,16,1,25
2342,3281,15,2,5
2343,22074,66,1,10
2344,22074,48,1,15
2345,10881,29,2,25
2346,9329,143,1,0
2347,5520,90,1,20
2348,6379,139,1,30
2349,5807,3,1,5
2350,20555,121,1,25
2351,2624,93,2,15
2352,2624,53,1,0
2353,6362,93,1,5
2354,21285,35,1,10
2355,13164,138,1,5
2356,13164,99,1,15
2357,9271,42,2,30
2358,9271,128,3,0
2359,24746,14,2,20
2360,5893,40,1,0
2361,13989,27,1,25
2362,19386,54,1,10
2363,15225,49,3,15
2364,11009,60,1,5
2365,17687,64,2,15
2366,17002,128,1,15
2367,11248,124,2,15
2368,2817,129,1,15
2369,2817,78,1,10
2370,2817,104,2,10
2371,20383,54,1,5
2372,20383,128,1,0
2373,15307,78,1,15
2374,2310,96,1,5
2375,19640,75,1,10
2376,22415,110,2,10
2377,22415,139,1,10
2378,14736,142,4,20
2379,14736,117,1,10
2380,14736,6,1,10
2381,14736,14,2,0
2382,5203,65,3,15
2383,21068,65,1,10
2384,21068,34,2,15
2385,21068,129,2,0
2386,20469,63,1,15
2387,22603,91,1,5
2388,22603,124,2,10
2389,11494,128,1,15
2390,11494,6,1,0
2391,7290,141,2,5
2392,7290,75,2,0
2393,7290,21,1,0
2394,7290,124,3,5
2395,5562,29,1,0
2396,15364,37,2,10
2397,9882,128,1,25
2398,9882,117,2,10
2399,9882,36,1,5
2400,2189,140,2,20
2401,2189,105,1,10
2402,2189,150,1,10
2403,7065,89,1,10
2404,7065,42,1,0
2405,2484,145,2,0
2406,2484,41,1,15
2407,11387,133,3,5
2408,11387,19,1,20
2409,11387,2,1,10
2410,8201,110,1,20
2411,8201,72,1,20
2412,8201,81,4,10
2413,24191,139,1,5
2414,12914,145,1,15
2415,20072,67,1,0
2416,9510,2,2,10
2417,9510,138,1,10
2418,7120,104,1,5
2419,14646,67,3,20
2420,14646,117,1,10
2421,14646,73,2,15
2422,14646,24,2,20
2423,12160,133,3,0
2424,2714,144,1,15
2425,2714,68,1,10
2426,2714,139,3,15
2427,21525,38,1,20
2428,21525,116,1,0
2429,21525,46,1,15
2430,20804,41,1,15
2431,20804,40,1,15
2432,20804,117,1,10
2433,1003,45,1,10
2434,1003,43,1,20
2435,1003,112,1,25
2436,24510,136,1,20
2437,24510,73,1,10
2438,15608,17,1,25
2439,3496,84,2,30
2440,3496,6,1,15
2441,24818,141,1,20
2442,24818,102,1,0
2443,24818,90,2,30
2444,24818,15,1,0
2445,12273,142,1,0
2446,16923,71,1,10
2447,16923,91,1,0
2448,16923,64,1,0
2449,12122,141,1,30
2450,294,71,2,5
2451,294,16,1,25
2452,294,144,2,0
2453,8362,126,2,10
2454,3798,48,2,0
2455,8187,55,1,10
2456,5950,28,1,5
2457,5950,141,1,0
2458,5950,76,1,10
2459,5950,142,1,10
2460,2111,126,1,15
2461,12920,54,1,0
2462,3949,145,1,20
2463,19295,2,1,20
2464,19295,75,3,0
2465,6719,72,1,30
2466,6719,69,1,15
2467,22062,46,1,20
2468,22062,113,1,25
2469,22062,75,1,10
2470,7233,17,1,15
2471,4930,55,2,10
2472,10165,66,1,5
2473,10165,14,2,5
2474,3165,90,2,20
2475,24438,20,1,15
2476,15699,124,1,10
2477,20656,96,1,20
2478,20656,3,1,5
2479,610,145,2,5
2480,610,75,2,15
2481,610,64,1,0
2482,12283,68,1,5
2483,4271,53,1,10
2484,4271,95,1,10
2485,7875,63,3,5
2486,7875,102,1,5
2487,4472,54,3,20
2488,4472,147,1,15
2489,4472,14,1,0
2490,23334,93,2,15
2491,23334,58,1,15
2492,22987,15,1,20
2493,8779,28,1,0
2494,8779,117,4,15
2495,8779,42,1,20
2496,2482,63,1,10
2497,15114,148,1,0
2498,1806,81,1,20
2499,7318,149,1,10
2500,18286,71,1,10
2501,18286,64,3,10
2502,18286,28,1,10
2503,18286,95,2,10
2504,5202,71,1,5
2505,4343,147,3,5
2506,4343,122,1,0
2507,4343,141,1,0
2508,157,33,1,15
2509,7537,38,1,0
2510,7537,102,2,5
2511,7537,84,2,5
2512,21278,104,1,0
2513,21278,141,1,5
2514,21278,70,1,0
2515,21278,55,1,15
2516,7595,42,3,0
2517,7595,118,3,5
2518,7595,100,1,10
2519,16813,21,2,0
2520,16813,96,2,20
2521,16813,133,3,0
2522,16813,142,1,5
2523,23303,34,1,15
2524,23303,8,1,5
2525,17800,87,1,10
2526,17800,59,1,15
2527,16143,60,1,10
2528,11949,72,2,30
2529,4358,46,2,5
2530,18918,99,1,5
2531,15325,31,1,20
2532,24763,66,1,10
2533,13168,29,2,5
2534,13168,3,1,15
2535,20740,124,1,0
2536,20740,61,1,30
2537,20740,40,1,30
2538,20740,88,1,10
2539,18818,118,1,25
2540,5830,90,2,10
2541,16663,55,1,10
2542,16663,3,2,10
2543,16663,106,1,0
2544,16663,84,1,30
2545,18799,68,1,10
2546,18799,104,1,5
2547,18799,12,1,0
2548,18799,115,1,0
2549,2660,57,1,5
2550,18543,141,1,15
2551,18543,48,1,0
2552,18543,73,1,0
2553,18543,95,2,10
2554,23855,91,1,10
2555,15288,100,2,10
2556,18401,51,1,25
2557,940,141,2,20
2558,940,60,3,5
2559,10378,103,1,30
2560,10378,117,2,25
2561,10378,40,1,10
2562,18871,52,1,0
2563,16443,71,1,10
2564,23697,76,1,0
2565,21173,46,2,15
2566,21173,72,2,30
2567,21173,136,1,30
2568,21172,29,3,10
2569,21172,55,1,0
2570,21172,103,2,10
2571,19373,141,1,10
2572,15934,104,1,20
2573,15934,46,1,0
2574,15934,150,1,0
2575,24516,139,1,15
2576,21972,48,1,25
2577,6312,103,1,0
2578,4275,66,3,10
2579,4275,138,1,10
2580,16886,104,1,10
2581,16886,19,1,5
2582,16886,14,1,10
2583,6144,72,1,10
2584,6144,124,1,25
2585,20848,107,1,15
2586,20848,140,2,30
2587,1707,104,1,10
2588,1108,28,3,25
2589,3659,38,1,10
2590,3659,3,1,10
2591,3659,118,1,5
2592,3659,53,3,10
2593,14880,3,1,5
2594,23069,107,1,15
2595,21963,105,1,5
2596,605,90,2,10
2597,23581,6,1,10
2598,23581,65,1,0
2599,23581,67,1,0
2600,3074,102,1,5
2601,4748,99,1,0
2602,4748,53,1,30
2603,4748,10,3,10
2604,4748,46,2,5
2605,18524,140,1,20
2606,18524,131,1,5
2607,4664,70,2,15
2608,4664,40,1,5
2609,23583,137,1,15
2610,15493,46,1,15
2611,614,20,1,10
2612,592,73,1,5
2613,592,68,1,0
2614,12557,39,1,10
2615,12557,91,1,5
2616,12557,70,1,10
2617,12557,90,1,30
2618,3746,91,4,25
2619,5787,69,3,10
2620,5787,117,1,0
2621,12354,20,1,15
2622,7867,45,1,0
2623,24875,147,1,0
2624,24875,148,3,20
2625,24875,2,1,0
2626,4971,54,1,0
2627,4059,93,1,10
2628,4059,64,1,5
2629,16507,141,1,20
2630,22360,75,2,10
2631,22360,50,1,20
2632,7493,124,1,5
2633,7493,46,1,25
2634,10725,57,1,25
2635,7331,141,3,5
2636,229,101,4,10
2637,229,54,2,15
2638,7700,93,2,20
2639,651,90,1,5
2640,16810,73,4,15
2641,3894,28,1,25
2642,14613,73,1,20
2643,8064,46,1,0
2644,12179,106,1,15
2645,20167,84,1,0
2646,20167,142,1,20
2647,20167,75,1,15
2648,17465,146,1,5
2649,8896,75,1,5
2650,22351,34,1,25
2651,2706,124,1,25
2652,18112,144,2,10
2653,18112,124,2,5
2654,5246,66,2,0
2655,703,88,2,30
2656,703,126,2,20
2657,703,83,2,10
2658,14466,90,1,10
2659,7044,55,2,0
2660,1769,12,2,0
2661,1769,50,2,20
2662,1769,143,1,20
2663,21185,29,1,5
2664,9869,117,1,15
2665,24670,93,2,5
2666,24670,115,2,0
2667,16295,123,1,0
2668,16295,146,3,5
2669,7368,143,1,0
2670,7368,104,1,15
2671,15956,14,2,20
2672,15956,71,2,0
2673,15956,126,1,10
2674,14271,68,1,5
2675,16044,106,3,10
2676,16044,2,2,15
2677,23230,139,2,5
2678,3419,149,3,15
2679,8662,93,1,20
2680,1214,15,2,30
2681,1214,61,2,10
2682,16479,117,3,15
2683,16479,115,1,15
2684,7101,96,2,10
2685,7101,3,4,0
2686,7101,16,2,10
2687,15389,66,1,10
2688,1687,149,2,0
2689,1687,90,1,20
2690,1687,141,1,20
2691,15586,46,1,15
2692,15586,73,1,10
2693,22290,115,1,15
2694,3675,124,1,0
2695,3675,141,1,10
2696,18413,140,4,5
2697,17878,50,2,25
2698,17878,40,1,20
2699,17878,107,1,0
2700,17878,67,1,30
2701,23455,117,2,15
2702,23455,141,2,5
2703,1019,139,2,15
2704,1019,71,1,15
2705,14337,64,2,0
2706,18198,31,2,15
2707,18198,78,1,10
2708,8554,70,3,20
2709,24713,39,1,10
2710,18163,91,1,0
2711,18163,46,1,5
2712,12130,42,1,0
2713,12497,146,2,15
2714,2797,36,1,5
2715,15039,122,1,15
2716,24604,81,2,15
2717,24570,73,1,20
2718,24570,67,1,10
2719,24570,118,1,25
2720,24570,14,2,20
2721,18516,81,1,25
2722,20821,117,1,20
2723,20821,103,1,5
2724,20821,47,1,5
2725,21509,50,1,20
2726,13007,31,1,15
2727,13007,91,2,0
2728,13007,72,3,0
2729,885,20,2,10
2730,21613,63,1,15
2731,13039,90,1,15
2732,13039,124,2,10
2733,4853,16,1,0
2734,4853,122,1,10
2735,4853,59,1,0
2736,16210,21,2,20
2737,2108,140,1,10
2738,12279,69,2,20
2739,12279,20,1,0
2740,10779,19,1,10
2741,10779,51,1,5
2742,10779,72,3,25
2743,21243,124,1,0
2744,20932,31,1,20
2745,20932,47,2,20
2746,12148,71,1,0
2747,16203,129,3,10
2748,16203,14,1,0
2749,11701,104,1,5
2750,11701,96,1,0
2751,11701,29,1,0
2752,11701,126,1,30
2753,15295,2,1,5
2754,23875,98,1,5
2755,3924,47,2,5
2756,3924,20,3,0
2757,3924,21,1,5
2758,11320,76,1,0
2759,11320,53,1,0
2760,11320,6,1,5
2761,15897,85,1,10
2762,16518,90,2,15
2763,14889,17,2,20
2764,14889,140,1,10
2765,12945,142,1,0
2766,12945,66,4,5
2767,12945,134,1,25
2768,1921,66,1,10
2769,1921,126,1,10
2770,12969,117,1,15
2771,1941,118,1,15
2772,1941,147,1,30
2773,18638,20,1,0
2774,18638,126,1,10
2775,18638,93,2,5
2776,8952,71,1,10
2777,24610,3,2,5
2778,24610,117,4,10
2779,24610,71,1,30
2780,24610,37,1,30
2781,5258,90,1,25
2782,5258,66,1,10
2783,9211,139,1,20
2784,9211,55,3,15
2785,19262,68,1,15
2786,19262,47,1,25
2787,14608,84,2,25
2788,14498,48,1,15
2789,24188,83,1,25
2790,314,50,1,0
2791,1783,102,1,0
2792,1783,104,1,10
2793,1783,42,2,10
2794,1783,63,4,10
2795,14093,52,1,20
2796,18894,29,2,25
2797,18894,4,1,0
2798,18894,146,2,15
2799,18894,71,1,25
2800,771,6,3,25
2801,771,21,1,5
2802,19339,25,1,25
2803,7047,17,4,0
2804,1584,86,1,10
2805,10343,91,1,20
2806,8236,149,2,0
2807,20244,42,2,5
2808,20244,1,1,20
2809,20244,10,4,25
2810,16236,19,3,30
2811,16236,70,2,20
2812,16236,47,2,10
2813,16236,96,1,20
2814,21943,66,2,20
2815,19020,75,1,5
2816,19020,70,1,0
2817,24858,103,1,5
2818,24858,15,1,20
2819,4791,45,3,5
2820,13958,92,3,25
2821,3843,21,1,5
2822,12570,126,1,5
2823,12570,146,1,15
2824,12570,81,1,25
2825,6178,59,4,5
2826,6178,60,1,5
2827,6527,71,1,0
2828,6527,78,2,20
2829,19464,95,1,10
2830,19464,56,1,10
2831,19464,138,1,25
2832,19464,142,3,0
2833,17619,28,1,25
2834,17619,61,1,15
2835,18995,66,1,5
2836,18995,111,1,0
2837,13202,66,3,5
2838,23508,19,1,15
2839,23508,75,1,0
2840,23508,55,1,5
2841,4967,75,1,25
2842,4967,148,2,20
2843,24313,3,1,5
2844,24313,124,1,10
2845,9409,134,2,15
2846,13775,60,1,10
2847,13775,90,1,0
2848,1995,91,1,0
2849,21104,37,1,0
2850,21104,84,2,20
2851,20918,60,1,0
2852,24594,146,2,5
2853,16439,42,2,5
2854,5669,117,1,10
2855,5669,66,3,15
2856,5669,68,1,10
2857,20157,140,1,30
2858,20157,69,1,15
2859,24712,74,1,25
2860,24712,14,2,20
2861,24712,72,1,15
2862,15139,22,2,20
2863,15139,31,1,5
2864,17421,138,1,15
2865,17421,115,2,15
2866,17421,123,3,0
2867,5835,148,2,5
2868,10943,12,3,30
2869,10943,73,1,25
2870,10943,42,1,25
2871,22237,126,1,10
2872,22237,4,1,15
2873,22237,52,1,15
2874,13883,52,1,15
2875,15843,59,2,10
2876,11149,90,1,10
2877,11146,139,2,0
2878,11146,2,2,20
2879,24972,20,1,10
2880,24972,2,1,20
2881,24972,66,2,5
2882,17793,63,1,5
2883,17793,91,1,5
2884,2160,56,4,0
2885,17232,106,1,10
2886,2729,144,2,20
2887,2729,89,1,10
2888,7846,100,1,15
2889,7846,3,1,10
2890,7846,140,1,0
2891,20231,48,1,25
2892,9923,141,1,5
2893,9923,78,1,5
2894,9138,138,1,0
2895,3092,95,2,30
2896,3092,66,1,20
2897,3092,42,1,15
2898,3092,71,2,5
2899,9144,144,1,0
2900,9144,104,1,5
2901,1315,20,3,0
2902,20320,142,2,30
2903,20320,70,1,5
2904,20320,54,2,0
2905,14170,27,2,5
2906,10043,91,1,10
2907,10043,141,3,10
2908,4521,47,1,0
2909,4521,76,2,0
2910,4521,126,1,5
2911,4521,73,3,10
2912,9745,141,1,0
2913,24081,98,3,15
2914,19630,117,3,10
2915,19630,42,1,15
2916,15316,98,1,10
2917,10112,29,1,15
2918,10112,70,1,5
2919,9334,126,2,10
2920,16374,24,1,0
2921,16374,100,1,10
2922,16374,42,1,30
2923,16374,64,2,0
2924,1341,140,1,30
2925,1138,141,2,10
2926,1345,84,2,5
2927,16834,133,1,25
2928,16834,100,1,15
2929,971,59,3,5
2930,16676,53,2,10
2931,16676,95,1,10
2932,17540,84,1,10
2933,22446,117,1,10
2934,22446,104,2,0
2935,16252,75,1,15
2936,6746,40,1,15
2937,6604,38,2,0
2938,6604,94,1,5
2939,2611,140,2,10
2940,2611,12,2,20
2941,7489,47,1,5
2942,7489,6,2,15
2943,17069,6,1,25
2944,16581,141,1,20
2945,16581,89,4,10
2946,22086,100,2,20
2947,5747,146,2,15
2948,5747,67,1,25
2949,9307,105,1,5
2950,5536,2,1,15
2951,19619,123,4,0
2952,10167,42,1,20
2953,9291,126,1,15
2954,5070,141,1,10
2955,5070,65,1,10
2956,5070,23,1,0
2957,21321,70,1,10
2958,21321,91,1,20
2959,21321,6,3,5
2960,21321,37,2,0
2961,19073,38,1,10
2962,18220,50,1,15
2963,15239,53,4,20
2964,15239,48,1,0
2965,15239,27,1,0
2966,9844,68,2,20
2967,16793,78,2,30
2968,17982,59,1,0
2969,17982,70,2,10
2970,17982,141,2,25
2971,20457,75,1,5
2972,7506,96,1,20
2973,13407,40,3,0
2974,13407,26,2,25
2975,13407,115,2,10
2976,13302,2,1,20
2977,13302,136,2,20
2978,13302,109,1,10
2979,39,102,2,15
2980,54,28,2,10
2981,54,90,1,5
2982,54,88,1,10
2983,13644,71,1,15
2984,13644,43,1,5
2985,10963,19,3,0
2986,21289,36,2,25
2987,18287,112,1,10
2988,18287,133,1,5
2989,19249,62,1,0
2990,22664,121,1,15
2991,22664,124,1,0
2992,22664,105,1,0
2993,13855,94,1,10
2994,13855,148,1,5
2995,21403,16,1,0
2996,9193,91,1,0
2997,14151,2,1,5
2998,3700,14,1,15
2999,15668,101,2,20
3000,10989,28,1,15
3001,10989,111,1,25
3002,8158,128,1,0
3003,2170,115,1,25
3004,2170,41,1,10
3005,10658,23,2,5
3006,1473,21,1,5
3007,1473,3,3,0
3008,16322,128,2,20
3009,16322,64,1,20
3010,24677,59,1,5
3011,24677,42,2,25
3012,24677,141,1,20
3013,24677,3,1,15
3014,5907,136,1,15
3015,14657,91,1,5
3016,19816,51,1,0
3017,23918,54,3,15
3018,23918,72,1,15
3019,23918,53,1,0
3020,23918,68,1,10
3021,10105,12,1,15
3022,10105,66,1,5
3023,550,71,1,0
3024,16046,90,1,0
3025,16046,88,1,10
3026,24346,90,2,10
3027,14205,149,1,5
3028,14192,76,1,0
3029,4589,70,1,15
3030,4589,128,2,20
3031,14517,146,1,25
3032,14517,28,2,20
3033,5190,142,1,30
3034,5190,71,1,25
3035,6160,117,1,10
3036,4907,117,1,25
3037,4907,126,4,5
3038,4907,73,2,10
3039,15790,4,2,30
3040,6170,2,1,25
3041,15779,72,1,15
3042,15779,128,1,0
3043,15779,55,1,30
3044,15044,60,1,30
3045,6488,141,1,10
3046,19654,5,2,10
3047,11782,112,1,5
3048,12467,104,1,30
3049,9186,142,1,0
3050,11221,70,1,30
3051,11221,20,2,25
3052,12617,97,1,5
3053,12617,26,1,10
3054,9554,143,1,0
3055,6764,20,2,0
3056,6764,90,1,25
3057,14015,48,2,0
3058,14015,77,2,5
3059,14015,31,1,0
3060,4767,139,1,0
3061,11,20,1,10
3062,11,64,2,5
3063,2685,71,1,15
3064,127,29,1,10
3065,13622,16,2,30
3066,2181,37,1,25
3067,20200,67,2,20
3068,17884,46,1,10
3069,17884,102,2,20
3070,3553,124,2,20
3071,3553,14,2,0
3072,13455,43,2,5
3073,3070,90,1,10
3074,16650,46,2,20
3075,16650,140,1,10
3076,15340,11,1,20
3077,15340,66,4,25
3078,9027,66,1,0
3079,9027,85,1,20
3080,9027,68,1,20
3081,13063,100,1,15
3082,19485,126,1,0
3083,3110,73,1,5
3084,3110,52,2,10
3085,12614,66,1,0
3086,13752,28,2,5
3087,21047,31,2,25
3088,10133,87,3,25
3089,1257,94,1,10
3090,9577,4,1,0
3091,9577,133,1,25
3092,22083,144,1,10
3093,20497,29,1,0
3094,24265,53,1,20
3095,24265,75,1,10
3096,24265,39,2,25
3097,24265,73,3,0
3098,16008,48,3,30
3099,6729,117,3,0
3100,6729,75,2,10
3101,16936,91,1,20
3102,2174,28,1,15
3103,13346,102,1,20
3104,11726,144,2,10
3105,11726,95,1,0
3106,19959,46,3,25
3107,4194,23,1,30
3108,10301,140,1,10
3109,19588,96,2,0
3110,19588,37,1,15
3111,19588,149,1,5
3112,4603,53,1,0
3113,4603,56,1,30
3114,12352,90,4,30
3115,13116,93,1,0
3116,13116,48,1,5
3117,8489,141,1,0
3118,8489,95,2,0
3119,8489,102,2,0
3120,22971,102,2,20
3121,22971,48,1,10
3122,8578,71,2,0
3123,1201,73,2,5
3124,23364,126,1,10
3125,23364,81,1,5
3126,23364,115,2,10
3127,15129,60,3,5
3128,14929,19,2,5
3129,6582,149,1,10
3130,6582,52,1,5
3131,10909,47,2,5
3132,14468,139,3,10
3133,9918,128,1,15
3134,743,136,2,25
3135,1481,126,1,0
3136,1481,52,2,15
3137,1481,96,1,0
3138,1481,142,2,5
3139,24296,93,2,30
3140,24296,121,1,15
3141,24296,38,1,0
3142,18107,72,1,10
3143,18107,63,1,25
3144,18107,125,3,15
3145,24078,124,2,10
3146,11899,133,2,5
3147,10510,117,1,25
3148,14798,98,1,5
3149,9556,71,1,5
3150,9556,53,2,15
3151,9556,121,4,5
3152,4150,81,1,20
3153,4150,4,1,0
3154,4150,116,2,5
3155,5732,55,1,10
3156,5732,63,4,10
3157,17183,136,3,5
3158,17183,2,2,10
3159,888,67,1,15
3160,888,134,1,15
3161,888,141,3,15
3162,7744,138,1,15
3163,7744,105,3,15
3164,23882,140,3,5
3165,14403,24,3,10
3166,11176,53,1,30
3167,10104,146,2,15
3168,11233,42,2,0
3169,19429,84,1,0
3170,19429,117,2,20
3171,14762,89,1,0
3172,8073,122,1,10
3173,21604,3,1,5
3174,10760,29,2,0
3175,10760,42,1,10
3176,10760,28,1,10
3177,367,90,2,0
3178,367,3,2,10
3179,367,60,1,5
3180,11929,12,1,5
3181,13834,29,2,5
3182,13834,75,3,25
3183,13834,117,1,10
3184,15786,69,2,10
3185,16702,70,1,25
3186,16702,109,1,10
3187,16702,117,1,20
3188,15012,46,1,20
3189,15012,60,2,10
3190,1169,91,1,5
3191,1169,29,1,25
3192,21010,20,2,0
3193,15349,105,1,5
3194,13564,144,1,0
3195,16698,62,1,30
3196,16698,90,2,15
3197,20691,66,1,20
3198,20691,70,1,5
3199,24723,15,1,0
3200,24723,142,1,0
3201,9175,84,2,0
3202,5541,6,1,0
3203,22195,118,1,5
3204,916,149,2,0
3205,23446,54,2,30
3206,5342,128,2,15
3207,9943,141,2,10
3208,11362,124,2,20
3209,11362,28,1,0
3210,1571,138,2,20
3211,1571,91,1,0
3212,23569,49,1,10
3213,23569,71,1,0
3214,23569,138,2,25
3215,12780,141,1,25
3216,4711,6,4,5
3217,4711,63,1,10
3218,4711,43,1,15
3219,22782,140,1,20
3220,1704,141,2,5
3221,1704,132,1,25
3222,22659,5,2,20
3223,14459,118,1,25
3224,14459,132,3,25
3225,14459,28,2,5
3226,1313,17,1,0
3227,8558,6,1,15
3228,8558,37,2,10
3229,17664,84,1,5
3230,10741,69,2,0
3231,10741,42,2,10
3232,20082,2,1,20
3233,20082,43,1,10
3234,18836,3,1,0
3235,18836,6,1,10
3236,18836,69,1,30
3237,9474,91,1,0
3238,21121,73,3,25
3239,13614,53,1,15
3240,12310,115,2,15
3241,12660,2,1,5
3242,12100,20,2,0
3243,2075,60,1,15
3244,21201,132,1,20
3245,13816,66,1,10
3246,23126,42,1,0
3247,16171,15,1,30
3248,21199,93,1,0
3249,22233,62,1,15
3250,17124,87,1,15
3251,17124,65,3,15
3252,21665,126,1,15
3253,8346,75,1,15
3254,8346,84,1,5
3255,6434,98,1,0
3256,6653,89,1,15
3257,6653,98,1,5
3258,12153,126,2,5
3259,12153,12,2,5
3260,10192,54,2,15
3261,19961,143,1,10
3262,19961,57,1,0
3263,1198,138,2,0
3264,1198,143,1,0
3265,1198,117,3,10
3266,10097,94,1,30
3267,21271,128,2,0
3268,21271,124,1,15
3269,22357,34,1,10
3270,22357,1,4,15
3271,22357,133,1,25
3272,3635,129,1,5
3273,13530,90,1,15
3274,14926,142,1,5
3275,5721,66,3,5
3276,5152,55,2,10
3277,11067,66,2,30
3278,18530,45,1,0
3279,16448,3,1,0
3280,16448,72,1,15
3281,5121,140,1,0
3282,5121,71,1,10
3283,19720,122,2,10
3284,22537,75,2,15
3285,22537,8,1,0
3286,9448,51,4,10
3287,6323,91,1,10
3288,6323,128,1,25
3289,23561,64,1,0
3290,10293,138,1,10
3291,10293,42,1,10
3292,10293,142,1,0
3293,2013,143,1,5
3294,2013,20,1,5
3295,12591,148,1,10
3296,19924,19,3,10
3297,19924,69,1,0
3298,11276,127,1,5
3299,23028,3,3,20
3300,23028,123,1,0
3301,23028,87,2,20
3302,247,88,1,15
3303,9573,96,1,5
3304,9573,142,1,5
3305,9573,12,1,10
3306,12424,93,1,0
3307,10266,90,2,5
3308,14123,138,1,10
3309,14123,107,1,5
3310,19231,112,1,0
3311,11677,68,1,20
3312,11677,71,1,10
3313,22131,28,4,10
3314,22131,56,1,20
3315,7992,63,2,20
3316,7992,133,1,15
3317,7992,61,1,0
3318,9331,26,1,10
3319,10936,64,1,10
3320,23599,104,1,15
3321,23599,110,1,20
3322,3807,140,1,10
3323,3807,142,1,20
3324,12608,100,1,5
3325,4319,34,2,20
3326,12481,141,1,0
3327,7953,141,1,0
3328,7953,35,1,15
3329,7953,37,1,5
3330,24321,142,2,5
3331,6750,137,1,15
3332,24123,125,1,0
3333,24123,96,1,10
3334,4797,67,1,20
3335,11774,28,1,5
3336,4757,53,1,5
3337,1125,141,1,20
3338,17483,73,2,0
3339,17483,139,1,30
3340,24384,70,2,5
3341,24384,93,1,15
3342,11651,47,1,20
3343,5510,41,1,0
3344,18830,55,2,15
3345,18593,142,1,10
3346,23662,143,1,10
3347,23662,135,1,5
3348,9791,19,1,0
3349,5864,54,1,20
3350,14313,61,1,20
3351,14313,8,2,25
3352,6574,133,3,5
3353,6574,65,1,0
3354,6574,76,1,5
3355,6574,131,3,15
3356,18878,66,2,30
3357,18878,11,1,15
3358,18878,72,3,5
3359,13598,143,1,10
3360,13598,124,2,20
3361,9101,146,1,30
3362,9101,136,2,25
3363,5104,140,4,20
3364,7752,43,2,15
3365,7752,28,1,10
3366,7994,91,1,15
3367,21995,70,1,10
3368,16112,93,1,25
3369,5421,130,1,5
3370,5421,78,1,25
3371,1336,142,2,5
3372,1336,124,1,10
3373,1336,38,1,0
3374,21105,72,1,25
3375,8212,10,2,20
3376,580,122,1,5
3377,8356,56,1,5
3378,8356,72,1,25
3379,6938,53,1,0
3380,15536,133,1,25
3381,15536,76,2,30
3382,8249,136,1,30
3383,8249,141,1,30
3384,21594,117,1,0
3385,21594,46,1,25
3386,18695,143,1,0
3387,251,63,1,15
3388,412,70,4,5
3389,16579,84,1,10
3390,4038,23,2,15
3391,1970,28,4,25
3392,11629,102,1,5
3393,17787,52,1,15
3394,16808,55,3,15
3395,1565,54,1,20
3396,368,90,2,20
3397,368,28,1,0
3398,24956,61,2,10
3399,24956,141,1,25
3400,14540,78,2,0
3401,14540,2,1,25
3402,14540,117,1,25
3403,14540,54,2,10
3404,21704,141,1,5
3405,21704,136,3,25
3406,21704,14,2,20
3407,3416,21,2,10
3408,1629,66,1,10
3409,20420,42,1,5
3410,20420,94,1,10
3411,20420,96,1,0
3412,4366,1,2,10
3413,4366,11,1,15
3414,4366,104,2,5
3415,20212,140,1,0
3416,20212,104,2,10
3417,517,19,1,10
3418,21390,70,1,5
3419,21390,69,1,5
3420,13754,90,1,20
3421,6201,95,2,25
3422,9079,98,1,0
3423,23713,132,2,15
3424,23713,66,1,5
3425,9361,133,1,5
3426,9361,20,1,0
3427,21388,105,1,25
3428,21388,145,1,20
3429,22780,37,2,25
3430,13431,136,2,5
3431,13431,27,3,10
3432,10267,110,1,10
3433,10267,3,1,20
3434,6055,3,4,10
3435,6055,95,2,0
3436,22597,42,1,25
3437,22597,54,2,25
3438,11756,121,1,20
3439,11756,136,2,15
3440,22841,41,1,10
3441,22841,143,1,0
3442,7096,96,1,20
3443,10314,42,1,0
3444,10940,137,2,5
3445,1036,105,2,25
3446,9874,51,3,15
3447,9874,139,1,10
3448,9874,87,1,10
3449,5300,72,1,10
3450,24792,90,2,0
3451,24792,12,1,5
3452,24792,111,1,5
3453,20890,68,1,0
3454,20890,26,1,20
3455,7903,66,3,10
3456,20090,42,1,10
3457,20090,66,2,10
3458,12243,141,2,5
3459,12243,71,1,20
3460,12243,105,1,0
3461,21400,45,2,20
3462,21400,75,1,0
3463,6205,104,1,0
3464,6205,96,1,20
3465,1942,106,1,15
3466,3614,68,1,0
3467,3614,28,1,0
3468,3614,78,2,5
3469,16760,107,2,0
3470,16760,50,4,10
3471,13544,90,1,10
3472,5916,131,3,5
3473,17822,102,1,5
3474,17822,55,2,5
3475,17822,43,2,20
3476,4572,92,1,20
3477,24826,96,2,25
3478,24826,26,3,20
3479,24826,84,1,10
3480,1952,67,1,0
3481,1952,95,3,20
3482,1952,131,1,25
3483,23389,43,2,10
3484,23389,64,1,10
3485,16012,35,2,15
3486,18372,96,1,0
3487,5233,117,1,0
3488,5233,90,1,10
3489,3486,45,2,15
3490,24772,132,1,15
3491,8814,76,2,10
3492,13647,91,2,15
3493,13647,116,3,25
3494,9426,95,1,0
3495,22048,52,1,20
3496,23659,141,2,15
3497,22393,3,2,10
3498,22393,64,3,5
3499,22393,48,3,15
3500,22393,29,1,15
3501,254,13,1,0
3502,254,72,1,0
3503,254,12,1,15
3504,19855,14,1,10
3505,4074,84,1,5
3506,17763,6,1,20
3507,21656,63,1,20
3508,21656,64,4,5
3509,17994,48,3,0
3510,17994,117,1,20
3511,17490,90,1,0
3512,11722,29,1,0
3513,18903,49,4,15
3514,18903,93,1,10
3515,18903,147,1,20
3516,15988,139,4,15
3517,15988,3,3,20
3518,5361,16,1,10
3519,5361,29,2,5
3520,15633,104,1,10
3521,15633,117,1,30
3522,15633,140,1,5
3523,15633,84,2,15
3524,14169,143,3,0
3525,14169,90,1,10
3526,14169,135,2,0
3527,2387,73,1,25
3528,2387,66,2,0
3529,2387,116,1,15
3530,9116,19,1,0
3531,23470,37,2,20
3532,4326,4,1,15
3533,4326,118,1,0
3534,14134,34,1,5
3535,23276,117,1,10
3536,4640,100,1,10
3537,4640,107,3,15
3538,4640,38,2,15
3539,14415,104,3,5
3540,7220,59,2,0
3541,21015,116,1,0
3542,21015,95,1,5
3543,21015,37,1,5
3544,1612,90,3,30
3545,24736,28,4,15
3546,24736,10,1,0
3547,18251,33,1,5
3548,18251,89,1,5
3549,18251,56,1,0
3550,10100,19,1,5
3551,21807,98,1,10
3552,19993,72,1,0
3553,19993,70,1,20
3554,19993,91,1,10
3555,19993,6,2,30
3556,14724,139,1,10
3557,14724,42,1,5
3558,8402,90,3,0
3559,8402,93,1,20
3560,17875,139,1,10
3561,22134,97,2,10
3562,22134,29,4,15
3563,22793,89,1,15
3564,10400,93,1,25
3565,10400,90,1,20
3566,10400,24,3,0
3567,2314,36,2,10
3568,2314,124,1,10
3569,2314,52,2,5
3570,10771,131,1,20
3571,10771,68,3,5
3572,10771,4,1,15
3573,10771,37,1,10
3574,23012,98,1,0
3575,15800,141,2,20
3576,14233,70,2,5
3577,14233,45,1,5
3578,19290,96,4,10
3579,1515,118,1,15
3580,5031,53,1,0
3581,5031,50,1,5
3582,5031,75,1,15
3583,6208,142,1,15
3584,6208,70,1,0
3585,6208,102,1,30
3586,14854,124,1,15
3587,17665,116,2,0
3588,8268,14,1,5
3589,8268,142,2,15
3590,13081,140,3,10
3591,13905,2,2,0
3592,13905,56,1,15
3593,2980,139,3,5
3594,18060,110,1,5
3595,18060,73,1,10
3596,18060,90,1,0
3597,18060,140,1,25
3598,11896,71,1,15
3599,13187,102,1,10
3600,13187,143,3,15
3601,6113,103,1,0
3602,6113,53,2,10
3603,5885,4,1,20
3604,5885,99,1,10
3605,5885,37,2,0
3606,3686,124,1,20
3607,7424,121,1,0
3608,7424,145,1,25
3609,15029,94,2,15
3610,15029,14,2,15
3611,1034,26,1,5
3612,17816,63,1,0
3613,17816,27,1,10
3614,17816,144,2,15
3615,17816,117,1,0
3616,6920,73,3,15
3617,6920,116,2,20
3618,17731,102,2,20
3619,9253,63,1,20
3620,18783,91,1,0
3621,18783,47,1,30
3622,11003,105,2,25
3623,11003,95,3,0
3624,20199,37,3,20
3625,21793,6,1,20
3626,21793,95,1,10
3627,21793,11,1,5
3628,16687,71,1,5
3629,1849,98,1,20
3630,1849,64,1,0
3631,12677,31,1,5
3632,11835,55,1,10
3633,14009,55,1,0
3634,17643,46,1,0
3635,17643,101,1,15
3636,17643,25,1,5
3637,17643,67,1,15
3638,16027,96,1,0
3639,14432,42,1,30
3640,14432,20,1,20
3641,19874,136,2,5
3642,19788,45,1,30
3643,8804,27,1,15
3644,20858,75,2,5
3645,24682,124,1,10
3646,24682,122,2,10
3647,24682,138,1,5
3648,6185,121,1,15
3649,417,34,1,30
3650,913,100,1,0
3651,24014,29,1,15
3652,8904,17,1,5
3653,8904,47,3,0
3654,8904,3,1,20
3655,11585,95,2,10
3656,11585,106,1,0
3657,2194,141,1,15
3658,2194,104,2,15
3659,2194,84,1,0
3660,2194,91,1,15
3661,884,128,3,10
3662,5313,91,1,5
3663,19451,62,4,15
3664,5228,59,1,20
3665,5228,45,4,0
3666,5228,16,1,10
3667,11692,95,1,10
3668,17169,128,1,5
3669,17169,81,1,0
3670,17169,42,1,0
3671,17169,132,1,5
3672,12220,117,3,0
3673,12220,28,1,25
3674,12220,124,1,20
3675,15970,49,2,0
3676,13506,104,1,0
3677,13506,142,1,15
3678,20429,24,1,5
3679,11033,37,1,10
3680,22200,42,2,20
3681,22200,71,1,20
3682,15955,102,1,15
3683,9297,84,3,5
3684,9297,143,1,0
3685,9288,102,1,10
3686,19674,42,1,0
3687,19674,57,1,5
3688,19760,61,1,15
3689,2661,52,1,15
3690,2661,28,1,10
3691,4555,65,1,25
3692,4555,6,1,5
3693,6861,47,1,5
3694,10870,36,1,30
3695,4339,20,2,25
3696,4339,98,1,10
3697,4339,77,1,5
3698,2212,19,1,10
3699,2795,117,2,10
3700,17473,60,1,25
3701,17473,90,1,0
3702,22674,125,1,10
3703,4765,52,1,15
3704,16840,112,2,0
3705,12832,96,2,20
3706,15907,73,3,15
3707,15907,6,1,10
3708,2625,141,1,20
3709,20847,86,1,0
3710,20847,140,2,25
3711,8012,47,1,25
3712,9407,146,1,15
3713,9407,124,3,10
3714,9407,64,1,20
3715,9016,117,1,15
3716,14002,72,1,25
3717,14002,62,1,0
3718,23564,3,2,0
3719,23564,14,1,0
3720,23564,29,1,10
3721,212,91,1,20
3722,23199,84,2,0
3723,23199,27,1,30
3724,23199,60,1,10
3725,11770,88,2,15
3726,11770,80,1,20
3727,11770,55,1,10
3728,15638,32,1,5
3729,15638,78,1,0
3730,15638,73,2,0
3731,15658,6,1,15
3732,15658,93,2,30
3733,2024,142,1,5
3734,2024,141,1,5
3735,21061,67,1,5
3736,21061,141,2,15
3737,8038,140,1,0
3738,24126,114,1,25
3739,24126,6,1,10
3740,18030,131,1,10
3741,21786,104,1,30
3742,21786,70,1,20
3743,21786,66,1,5
3744,21786,143,1,20
3745,7882,21,2,5
3746,7882,1,2,20
3747,23250,21,3,20
3748,23250,124,1,0
3749,14068,111,1,20
3750,14068,53,1,10
3751,859,118,1,15
3752,859,101,2,25
3753,5253,115,1,20
3754,22214,121,2,0
3755,22214,78,1,5
3756,22214,88,1,10
3757,14564,20,1,5
3758,14564,141,2,15
3759,10496,53,1,0
3760,12641,84,2,15
3761,18680,144,1,15
3762,6449,27,2,10
3763,22129,55,2,20
3764,10325,16,1,0
3765,10325,42,1,15
3766,10325,27,2,5
3767,2477,104,1,15
3768,2477,71,2,5
3769,17549,60,2,30
3770,21663,129,2,25
3771,3504,142,1,10
3772,3504,141,1,20
3773,4772,141,3,5
3774,17983,4,2,0
3775,17983,65,1,25
3776,16892,90,1,15
3777,16892,128,1,5
3778,21928,94,1,0
3779,19488,42,1,25
3780,19488,106,1,0
3781,22775,73,1,0
3782,14611,27,1,10
3783,14611,142,2,20
3784,24514,63,1,15
3785,24514,118,1,0
3786,8597,139,1,0
3787,8597,28,4,0
3788,11330,7,3,0
3789,11330,102,2,15
3790,12300,139,2,0
3791,10354,133,1,20
3792,13094,138,1,20
3793,709,54,2,25
3794,709,133,1,20
3795,709,125,1,0
3796,709,62,1,30
3797,15300,149,2,15
3798,15300,68,1,0
3799,7677,75,1,0
3800,23270,124,1,15
3801,11460,18,2,20
3802,10995,90,1,25
3803,23533,149,2,25
3804,23533,117,3,0
3805,23533,96,2,5
3806,13617,14,4,15
3807,13617,85,1,25
3808,13403,141,1,10
3809,14574,139,2,0
3810,24920,149,2,25
3811,24920,143,4,25
3812,24920,8,2,25
3813,22449,143,2,5
3814,24135,60,2,0
3815,14375,117,2,10
3816,3592,118,1,0
3817,3592,76,3,0
3818,22811,141,1,0
3819,21312,25,1,0
3820,21312,128,1,10
3821,21312,28,2,20
3822,20987,36,1,20
3823,14256,55,1,0
3824,14256,6,1,10
3825,14256,138,1,15
3826,14256,62,1,30
3827,11015,42,1,5
3828,11015,73,1,15
3829,11015,70,2,0
3830,11015,6,2,15
3831,22510,93,1,15
3832,14173,71,1,5
3833,19499,42,1,30
3834,4944,21,2,10
3835,129,6,1,15
3836,129,90,2,10
3837,129,57,1,25
3838,1722,87,1,10
3839,24068,3,2,0
3840,19971,3,2,10
3841,20093,72,1,20
3842,20093,100,1,0
3843,22636,90,1,0
3844,18992,60,2,0
3845,18992,6,1,0
3846,18992,91,1,5
3847,4337,38,1,30
3848,4337,20,1,10
3849,11695,75,1,5
3850,11695,117,1,5
3851,858,80,1,10
3852,20853,26,1,5
3853,20853,81,1,10
3854,20853,66,1,25
3855,3145,111,1,10
3856,22146,43,4,10
3857,23109,90,1,5
3858,23109,144,3,5
3859,23109,143,1,0
3860,5643,63,1,15
3861,5643,93,1,5
3862,5643,78,1,20
3863,10722,97,1,0
3864,10592,66,2,20
3865,23751,21,1,25
3866,23751,102,1,5
3867,16104,90,2,10
3868,16104,66,1,30
3869,406,81,2,15
3870,4562,84,1,15
3871,23362,100,1,10
3872,3742,141,1,0
3873,3742,147,1,5
3874,3742,102,1,10
3875,3742,115,1,15
3876,8859,140,1,25
3877,8859,101,3,30
3878,8859,43,2,0
3879,18498,26,1,15
3880,18498,128,2,0
3881,11120,123,1,5
3882,15455,20,2,25
3883,20599,90,2,5
3884,24373,55,1,10
3885,24373,146,1,20
3886,24373,22,2,0
3887,9877,74,4,20
3888,7813,59,2,5
3889,1615,8,1,5
3890,1615,129,2,0
3891,12809,63,3,25
3892,12809,90,2,0
3893,12809,136,1,15
3894,12809,146,2,15
3895,20427,51,1,10
3896,23535,48,1,0
3897,23535,88,1,0
3898,6346,60,1,0
3899,11118,36,1,0
3900,17870,42,4,15
3901,17870,6,2,0
3902,18891,87,2,0
3903,18891,141,1,5
3904,3776,73,2,0
3905,3776,143,3,15
3906,20503,140,2,5
3907,16249,126,1,10
3908,22123,122,1,5
3909,22123,90,2,0
3910,22123,67,1,0
3911,22123,103,1,0
3912,16269,96,2,20
3913,16269,140,1,15
3914,16269,27,2,5
3915,16269,42,1,10
3916,24230,65,1,0
3917,24230,22,1,5
3918,9949,39,3,15
3919,9949,118,1,10
3920,12814,125,1,10
3921,12814,12,1,15
3922,12814,14,3,0
3923,3872,6,1,30
3924,3872,17,1,10
3925,2492,98,1,0
3926,2492,66,2,10
3927,2492,61,1,10
3928,2492,54,1,10
3929,1709,27,1,0
3930,1709,117,2,15
3931,8878,14,2,0
3932,10493,96,1,10
3933,10493,133,1,25
3934,18191,46,1,10
3935,4542,96,2,0
3936,3407,75,1,10
3937,16005,112,2,15
3938,16005,28,1,0
3939,21580,117,1,15
3940,10866,117,1,0
3941,10866,16,1,5
3942,13537,117,2,0
3943,13537,140,2,0
3944,24799,6,2,5
3945,24799,90,1,15
3946,12125,142,1,0
3947,15951,75,2,5
3948,15951,128,3,5
3949,15951,104,1,10
3950,12470,128,1,20
3951,22321,107,1,15
3952,14534,69,3,25
3953,14534,134,2,0
3954,23137,91,1,0
3955,23137,43,2,0
3956,23137,93,1,20
3957,23137,95,2,0
3958,17593,52,1,0
3959,17593,117,1,20
3960,14778,117,3,5
3961,6451,142,1,0
3962,20547,84,1,10
3963,14058,87,3,20
3964,17580,71,1,25
3965,17580,133,1,5
3966,3384,111,1,10
3967,3384,141,1,15
3968,8171,2,1,15
3969,8171,101,1,10
3970,5829,146,1,10
3971,5829,117,1,10
3972,5829,19,1,15
3973,10280,90,1,10
3974,10280,116,1,5
3975,1815,66,1,15
3976,7029,72,1,5
3977,7029,138,1,15
3978,8548,66,1,20
3979,10348,34,1,5
3980,4298,104,2,0
3981,4298,76,1,10
3982,4298,145,3,10
3983,7614,34,1,10
3984,7614,70,2,20
3985,23281,70,3,0
3986,1891,20,1,30
3987,9473,45,1,20
3988,9473,128,1,5
3989,9473,4,2,20
3990,17852,142,1,5
3991,16169,128,1,0
3992,16169,102,1,5
3993,16169,28,1,10
3994,13198,137,1,5
3995,14265,22,1,30
3996,24401,3,1,0
3997,8068,84,2,10
3998,8068,107,1,25
3999,8068,138,1,10
4000,21986,138,1,15
4001,24518,143,1,0
4002,24518,137,2,5
4003,3533,90,1,0
4004,3533,11,1,5
4005,4524,138,1,0
4006,615,93,2,15
4007,15538,99,1,15
4008,15538,124,1,0
4009,22046,149,1,15
4010,22046,60,3,15
4011,15683,54,3,0
4012,15683,66,1,0
4013,15904,29,1,15
4014,4278,84,4,10
4015,10072,48,1,10
4016,2408,124,2,5
4017,2408,10,1,30
4018,2408,81,1,0
4019,13077,140,1,5
4020,13077,24,1,5
4021,13077,43,1,0
4022,13077,136,1,10
4023,10127,8,1,0
4024,13516,14,2,5
4025,7358,85,1,20
4026,18459,72,1,10
4027,18459,148,3,25
4028,18459,42,1,5
4029,18459,122,1,10
4030,24790,133,1,5
4031,24790,148,2,15
4032,2307,102,2,0
4033,1121,3,1,0
4034,18595,95,1,15
4035,18595,149,1,0
4036,18595,139,2,15
4037,18595,70,3,15
4038,4004,52,1,0
4039,10807,51,2,20
4040,21406,84,3,0
4041,13856,47,1,20
4042,13856,63,1,25
4043,16028,60,1,5
4044,21518,128,1,5
4045,16802,97,1,20
4046,18035,93,1,0
4047,17935,111,1,10
4048,17935,85,1,5
4049,17935,22,1,25
4050,17935,2,1,10
4051,17198,31,1,15
4052,15005,143,1,0
4053,15005,104,2,15
4054,15005,121,1,25
4055,6084,106,1,10
4056,6073,45,1,10
4057,6073,124,1,25
4058,24326,71,1,10
4059,17851,60,2,10
4060,17851,99,2,0
4061,22712,136,1,5
4062,22712,122,1,10
4063,9069,102,1,0
4064,18748,121,1,20
4065,18748,47,1,10
4066,12460,54,1,10
4067,13821,60,3,25
4068,13821,73,1,15
4069,1073,96,1,20
4070,1073,99,2,15
4071,19211,71,1,15
4072,19211,26,1,20
4073,9134,13,2,30
4074,10931,71,2,0
4075,10931,138,1,5
4076,10931,6,1,10
4077,1512,87,1,0
4078,20288,128,2,10
4079,20288,117,2,20
4080,22985,50,1,5
4081,22985,42,1,25
4082,15280,81,1,30
4083,15280,63,1,20
4084,14340,124,1,10
4085,3898,12,1,0
4086,3898,2,3,0
4087,1904,121,1,20
4088,1904,1,2,20
4089,342,6,1,25
4090,342,104,1,5
4091,23398,105,2,0
4092,11558,18,1,0
4093,11558,124,2,15
4094,11558,15,4,5
4095,11558,42,1,0
4096,22771,62,1,15
4097,22771,94,1,25
4098,22771,64,1,0
4099,22078,149,1,0
4100,22078,62,1,0
4101,20166,139,1,5
4102,20166,126,2,15
4103,20166,142,1,15
4104,20166,98,1,10
4105,5938,43,1,0
4106,21229,43,1,5
4107,12672,113,1,0
4108,21091,3,1,0
4109,16504,42,2,0
4110,12174,89,1,10
4111,15678,53,1,15
4112,15678,137,4,10
4113,15678,2,1,15
4114,15678,66,1,15
4115,8629,141,3,5
4116,5057,52,2,5
4117,7473,104,1,15
4118,16867,150,3,10
4119,13067,3,1,15
4120,6570,34,1,20
4121,6570,140,1,5
4122,16344,136,2,30
4123,16344,144,1,25
4124,2689,27,3,0
4125,21785,59,1,5
4126,11656,94,3,15
4127,11656,118,1,0
4128,7205,66,1,10
4129,7205,61,2,20
4130,16900,19,1,25
4131,16101,145,1,5
4132,16101,125,2,0
4133,16101,112,2,10
4134,18796,68,2,10
4135,18796,90,2,0
4136,17505,139,1,10
4137,17505,141,1,0
4138,23928,50,1,20
4139,23928,31,2,5
4140,23928,124,1,5
4141,18323,93,3,10
4142,11767,94,1,5
4143,9865,133,2,15
4144,9865,124,1,0
4145,9865,105,1,5
4146,15067,43,1,10
4147,13720,90,1,25
4148,13720,104,2,10
4149,4374,115,1,5
4150,2680,68,1,10
4151,2680,124,1,20
4152,5995,46,2,25
4153,2246,138,1,15
4154,18063,33,1,10
4155,11265,10,1,5
4156,15599,71,1,0
4157,18859,17,1,30
4158,18859,75,1,10
4159,11888,142,1,5
4160,11888,60,1,0
4161,10856,73,1,0
4162,17446,142,1,10
4163,8702,63,1,15
4164,8702,21,3,10
4165,22128,139,1,0
4166,17370,124,2,20
4167,23397,28,3,5
4168,23397,78,3,10
4169,23397,103,1,0
4170,23397,146,4,25
4171,9904,111,2,5
4172,9904,93,1,10
4173,6829,84,3,5
4174,1688,140,1,15
4175,1688,91,1,5
4176,3538,124,2,10
4177,3538,128,2,0
4178,6990,50,1,0
4179,6990,19,4,0
4180,21207,132,1,10
4181,21207,133,3,5
4182,21207,72,1,20
4183,9381,47,1,20
4184,7983,2,4,20
4185,10046,93,1,15
4186,10046,42,1,15
4187,10651,140,1,0
4188,10651,20,4,15
4189,6692,102,2,15
4190,6692,46,3,5
4191,2375,68,2,10
4192,2375,37,1,10
4193,8373,95,1,5
4194,8373,45,1,0
4195,8373,71,2,15
4196,15228,21,4,0
4197,8687,121,2,15
4198,8687,139,2,10
4199,8209,95,1,10
4200,10811,96,2,20
4201,10811,124,4,5
4202,19050,3,1,10
4203,11829,72,1,20
4204,21309,96,1,5
4205,22701,149,2,5
4206,22701,104,2,0
4207,3215,140,1,10
4208,3215,117,2,0
4209,15542,42,1,0
4210,4940,133,1,10
4211,18099,33,1,0
4212,5924,71,1,0
4213,18525,129,3,30
4214,18525,66,1,15
4215,24377,124,1,5
4216,24377,46,1,0
4217,24377,90,1,0
4218,15940,31,1,20
4219,15940,130,1,15
4220,15940,136,1,5
4221,15940,81,4,15
4222,8991,90,1,10
4223,8991,14,1,10
4224,5274,137,1,0
4225,5274,91,1,25
4226,5274,118,2,25
4227,21782,71,2,10
4228,11014,6,1,0
4229,17379,33,1,0
4230,17379,34,1,10
4231,17379,117,1,0
4232,17379,142,1,30
4233,10898,140,3,5
4234,10898,124,2,30
4235,16154,128,3,15
4236,9683,126,1,25
4237,22387,60,1,15
4238,22387,99,1,10
4239,22387,145,3,10
4240,16881,82,1,20
4241,22028,124,4,5
4242,22028,111,1,15
4243,23735,66,1,0
4244,23735,3,1,25
4245,21063,84,1,25
4246,20159,93,1,10
4247,10597,73,2,0
4248,812,50,1,5
4249,12246,75,1,5
4250,12246,96,1,0
4251,12246,132,1,15
4252,23531,41,1,10
4253,23755,40,1,10
4254,18406,66,1,25
4255,3054,71,2,15
4256,3054,128,1,10
4257,8415,29,3,20
4258,8415,90,1,20
4259,16415,141,1,20
4260,10060,95,1,0
4261,11157,148,1,5
4262,7638,107,1,30
4263,8774,75,4,0
4264,1685,102,1,10
4265,9182,78,1,25
4266,6687,141,2,20
4267,14586,146,1,20
4268,14586,126,3,20
4269,11758,141,1,0
4270,11758,90,2,5
4271,21235,15,1,20
4272,1520,124,1,0
4273,18111,129,1,5
4274,18111,93,2,10
4275,18111,45,2,15
4276,10818,122,1,5
4277,10818,37,1,20
4278,10818,43,1,10
4279,18116,55,3,25
4280,18116,95,4,5
4281,18116,84,3,20
4282,17188,94,1,20
4283,7471,84,2,20
4284,1365,100,2,5
4285,1365,58,2,5
4286,24846,67,2,15
4287,253,58,2,0
4288,4643,139,1,5
4289,4643,3,1,20
4290,4643,124,1,5
4291,18152,6,4,20
4292,18152,53,2,10
4293,21559,70,1,15
4294,21559,16,1,10
4295,24524,1,1,0
4296,24524,68,1,20
4297,24524,31,1,25
4298,24524,67,4,25
4299,4453,90,1,0
4300,4453,117,1,20
4301,7571,141,1,30
4302,24122,19,1,0
4303,24122,78,1,5
4304,2998,73,1,0
4305,13535,64,2,10
4306,13535,14,1,5
4307,13535,66,1,5
4308,18846,47,2,10
4309,18846,64,1,0
4310,14723,70,1,10
4311,14723,60,1,20
4312,5591,95,1,20
4313,5591,54,2,20
4314,23552,133,3,20
4315,23552,76,1,0
4316,23552,64,2,20
4317,14202,90,1,10
4318,8430,12,1,0
4319,1639,90,3,10
4320,1639,1,1,10
4321,14334,142,2,5
4322,14334,115,1,5
4323,21303,94,1,5
4324,24286,146,1,15
4325,24286,89,1,10
4326,7798,41,1,0
4327,21737,137,2,15
4328,3189,19,2,20
4329,8237,76,3,20
4330,21447,71,1,0
4331,18539,71,1,15
4332,18539,24,1,20
4333,11725,14,2,0
4334,3955,142,1,10
4335,12347,51,1,20
4336,12347,73,1,15
4337,12347,146,1,15
4338,3648,138,1,5
4339,3648,54,2,10
4340,24933,30,1,0
4341,2164,88,3,5
4342,22220,74,1,10
4343,2027,71,1,0
4344,2027,11,1,10
4345,2027,139,3,0
4346,3643,20,1,20
4347,3643,102,1,20
4348,3643,30,1,10
4349,15409,134,1,10
4350,1269,22,1,0
4351,15562,116,2,0
4352,15486,141,1,20
4353,15486,138,2,15
4354,22974,71,1,30
4355,1654,144,2,0
4356,15497,94,1,10
4357,1643,19,2,10
4358,19945,140,2,5
4359,19945,42,1,0
4360,18569,128,1,5
4361,8579,52,1,5
4362,8579,86,1,0
4363,8579,37,1,10
4364,6600,6,2,20
4365,9112,12,1,10
4366,9112,79,1,10
4367,9112,19,1,25
4368,9112,90,1,10
4369,1091,67,1,5
4370,1091,70,2,15
4371,1091,46,1,15
4372,20825,46,1,20
4373,22589,61,2,15
4374,3183,70,1,5
4375,3183,47,1,10
4376,17047,28,1,10
4377,11874,124,1,20
4378,962,94,3,5
4379,7738,38,4,20
4380,7738,31,1,0
4381,7738,117,2,20
4382,18155,104,1,10
4383,330,128,1,15
4384,330,93,1,15
4385,330,42,1,10
4386,10607,73,2,5
4387,19942,8,2,10
4388,19942,140,1,10
4389,19942,105,2,10
4390,252,124,1,30
4391,252,41,1,5
4392,252,128,1,25
4393,198,54,2,0
4394,198,59,2,15
4395,17779,96,2,0
4396,16373,46,1,0
4397,16373,102,2,10
4398,16373,104,2,0
4399,5206,124,1,0
4400,5206,72,1,5
4401,3201,6,1,15
4402,21141,133,1,0
4403,2823,98,2,15
4404,17210,64,1,0
4405,17210,149,1,20
4406,5494,68,1,10
4407,5494,128,1,10
4408,5494,140,1,15
4409,5494,90,4,15
4410,2115,71,1,15
4411,13213,73,3,10
4412,13213,141,1,10
4413,13213,117,1,0
4414,819,69,2,10
4415,20260,146,1,10
4416,2137,144,1,10
4417,2137,65,1,0
4418,8118,143,1,5
4419,12412,90,1,10
4420,15965,46,2,0
4421,15965,128,4,5
4422,3694,66,1,10
4423,6804,141,1,20
4424,6804,52,1,25
4425,6804,64,1,10
4426,6804,139,1,5
4427,5921,99,1,20
4428,5921,76,1,0
4429,5921,126,1,0
4430,5921,140,2,15
4431,13607,81,1,5
4432,13607,66,2,10
4433,15334,141,1,25
4434,15334,101,1,30
4435,22117,90,1,5
4436,22117,68,1,10
4437,22117,26,4,5
4438,12619,54,1,0
4439,2540,136,2,15
4440,9970,146,3,15
4441,23625,124,1,5
4442,23625,28,2,15
4443,23625,91,1,30
4444,15617,138,2,0
4445,21776,31,1,15
4446,11243,105,1,0
4447,11243,63,2,5
4448,11243,10,3,0
4449,19131,1,4,10
4450,8717,21,1,0
4451,8717,22,1,0
4452,24504,71,1,15
4453,23624,87,4,15
4454,14777,139,1,0
4455,14777,45,1,25
4456,10525,71,1,5
4457,10525,75,1,10
4458,10525,137,1,0
4459,11846,93,1,20
4460,2687,15,1,20
4461,2687,77,3,10
4462,8392,81,1,5
4463,21461,101,2,5
4464,14420,95,1,0
4465,24649,61,1,20
4466,7731,132,1,10
4467,7731,93,1,0
4468,7731,29,1,20
4469,21533,46,1,20
4470,21533,121,1,15
4471,21533,53,3,10
4472,21533,29,1,15
4473,16541,73,2,20
4474,22520,93,2,5
4475,6100,43,1,0
4476,6100,50,2,5
4477,22984,25,3,25
4478,22984,107,3,5
4479,7204,145,1,20
4480,23469,54,4,0
4481,23469,46,1,5
4482,7658,137,2,25
4483,7658,128,2,10
4484,4062,54,1,15
4485,7584,21,1,5
4486,24254,129,1,10
4487,24254,69,2,30
4488,24254,140,2,15
4489,11135,71,1,25
4490,11135,121,2,0
4491,7949,111,1,5
4492,19361,104,1,20
4493,7956,2,3,15
4494,23612,132,2,20
4495,7246,93,1,0
4496,7246,133,2,25
4497,24998,31,4,10
4498,23541,140,2,10
4499,6258,139,1,10
4500,8040,145,2,15
4501,7394,81,3,30
4502,7394,21,2,5
4503,17339,128,2,5
4504,10627,142,1,10
4505,10627,117,2,0
4506,3558,29,1,30
4507,3558,139,1,10
4508,3558,149,1,5
4509,5618,40,2,30
4510,7665,117,1,25
4511,10467,111,1,10
4512,10467,48,2,15
4513,24242,21,2,0
4514,3652,102,1,0
4515,20519,47,1,5
4516,20519,90,2,5
4517,3765,73,1,15
4518,3765,149,1,0
4519,3765,95,1,20
4520,13491,110,1,20
4521,1009,24,1,10
4522,24731,46,2,10
4523,24731,122,1,15
4524,14124,67,1,25
4525,14124,53,1,10
4526,14124,76,1,15
4527,14124,48,1,0
4528,17028,96,2,0
4529,1737,137,2,25
4530,24800,102,1,5
4531,20365,67,1,5
4532,22956,46,2,25
4533,22956,16,2,10
4534,322,58,1,0
4535,12285,112,1,0
4536,12285,128,2,5
4537,10010,43,1,15
4538,10010,70,1,10
4539,4127,93,3,10
4540,12784,75,1,10
4541,10830,142,2,10
4542,10830,38,3,10
4543,3382,10,2,15
4544,24238,14,1,10
4545,24238,146,1,15
4546,24238,40,1,20
4547,15078,16,1,30
4548,14583,118,2,0
4549,14583,140,1,0
4550,221,50,2,0
4551,20276,143,2,5
4552,3220,54,1,15
4553,16170,91,3,10
4554,24576,143,1,0
4555,5639,41,3,10
4556,5639,113,1,5
4557,5639,63,1,25
4558,22390,92,1,0
4559,16011,38,1,5
4560,14551,100,1,5
4561,14551,51,1,10
4562,17117,91,1,20
4563,17117,59,1,0
4564,18974,144,1,0
4565,11376,54,4,0
4566,11376,66,1,30
4567,2107,3,1,15
4568,2107,124,1,30
4569,2107,23,1,0
4570,9340,104,1,15
4571,14447,68,1,10
4572,14447,66,1,0
4573,8577,132,1,10
4574,8577,117,1,25
4575,21071,105,1,0
4576,15724,47,2,5
4577,15724,98,2,5
4578,15224,140,2,10
4579,14006,10,2,10
4580,12002,17,1,10
4581,12380,118,2,25
4582,12380,51,2,10
4583,23065,35,1,5
4584,23065,124,1,10
4585,22343,124,2,0
4586,22343,46,1,30
4587,2911,30,1,10
4588,2911,73,4,15
4589,13170,129,1,5
4590,13170,91,1,15
4591,19313,70,1,5
4592,1843,28,1,0
4593,1843,98,1,10
4594,1843,117,1,5
4595,14949,8,1,0
4596,16846,141,1,20
4597,16846,91,2,10
4598,16846,8,1,5
4599,8793,129,1,5
4600,8793,116,1,20
4601,8793,60,1,5
4602,8793,40,1,25
4603,8647,74,3,20
4604,10555,110,1,0
4605,10555,111,1,10
4606,24169,76,2,5
4607,24169,2,2,25
4608,14939,75,1,10
4609,24558,117,1,0
4610,24558,69,2,10
4611,21086,66,1,25
4612,21086,102,1,15
4613,2518,129,1,0
4614,2518,116,1,25
4615,24815,70,1,5
4616,24815,67,1,25
4617,15218,6,2,20
4618,15218,61,1,5
4619,20075,139,1,0
4620,21074,117,3,20
4621,21074,66,1,5
4622,19288,16,2,25
4623,19347,20,2,10
4624,23072,58,1,0
4625,7714,62,1,30
4626,2832,123,1,10
4627,8560,2,1,5
4628,4009,40,1,5
4629,1088,124,1,10
4630,1088,40,1,15
4631,1088,102,1,5
4632,10083,149,1,5
4633,10083,28,1,10
4634,1423,100,2,25
4635,1423,128,2,0
4636,18944,6,3,25
4637,18944,37,1,5
4638,11183,16,2,10
4639,11183,141,3,0
4640,11183,147,1,15
4641,11183,139,1,15
4642,7278,95,3,15
4643,7278,37,1,10
4644,13043,122,1,5
4645,13547,69,1,10
4646,13547,149,1,10
4647,4629,24,1,10
4648,4629,128,2,25
4649,4629,139,1,25
4650,4629,104,1,10
4651,13524,37,1,20
4652,10076,142,2,0
4653,10076,42,2,5
4654,10076,54,2,0
4655,10076,28,3,0
4656,8707,25,1,15
4657,21002,75,1,15
4658,1448,71,1,5
4659,1448,28,1,5
4660,14044,56,2,15
4661,14044,142,2,0
4662,14044,102,1,20
4663,14044,12,2,10
4664,1810,91,3,0
4665,1810,93,1,0
4666,19969,133,2,10
4667,115,76,1,0
4668,5174,38,2,10
4669,7068,22,1,20
4670,7068,59,1,5
4671,23077,102,2,20
4672,23077,138,2,0
4673,13639,25,1,20
4674,20361,63,4,5
4675,9447,84,1,5
4676,5659,149,1,10
4677,16338,75,1,5
4678,3311,87,1,5
4679,6499,63,2,5
4680,6499,71,3,15
4681,6499,86,1,15
4682,22869,96,2,20
4683,22869,69,1,5
4684,19018,146,1,5
4685,17611,95,2,30
4686,24601,95,2,10
4687,24601,90,1,5
4688,4823,129,2,0
4689,4823,96,3,0
4690,7690,51,1,0
4691,14246,142,1,0
4692,1470,90,2,10
4693,11453,42,2,0
4694,11453,136,1,20
4695,1552,20,1,0
4696,21967,118,1,10
4697,2494,142,1,10
4698,2494,95,2,5
4699,2494,69,1,0
4700,7217,64,3,10
4701,11059,133,1,15
4702,11059,128,1,10
4703,14746,66,1,15
4704,14746,14,1,20
4705,5668,98,1,10
4706,5668,90,1,10
4707,5668,39,1,15
4708,9818,84,1,5
4709,9818,136,2,10
4710,9818,94,2,10
4711,10587,78,1,15
4712,20568,26,2,20
4713,20568,96,1,0
4714,5204,71,2,25
4715,23753,100,2,0
4716,1030,17,1,20
4717,10972,107,1,10
4718,10972,140,1,5
4719,23769,104,2,5
4720,23769,27,1,5
4721,6710,102,2,15
4722,583,46,1,25
4723,2775,73,2,10
4724,19826,145,2,25
4725,19826,133,1,0
4726,19826,70,1,10
4727,19826,135,1,20
4728,7856,17,1,0
4729,7856,31,1,5
4730,7856,107,1,0
4731,15178,141,1,10
4732,15178,37,1,15
4733,15178,105,1,10
4734,15178,124,1,20
4735,17584,91,1,10
4736,17584,55,1,0
4737,17584,94,1,5
4738,12633,124,1,20
4739,19132,66,1,0
4740,23906,137,3,0
4741,8258,53,2,15
4742,15676,149,1,20
4743,15676,59,2,0
4744,15676,48,1,20
4745,15676,26,1,5
4746,12951,71,2,25
4747,12951,3,2,10
4748,15604,117,1,25
4749,15604,73,1,0
4750,14619,67,1,0
4751,966,43,3,15
4752,4510,113,3,0
4753,16382,65,1,0
4754,16382,96,2,0
4755,5751,42,2,5
4756,5751,65,1,0
4757,6131,141,1,5
4758,11355,91,1,5
4759,11355,52,1,10
4760,11355,47,1,20
4761,13793,87,1,0
4762,13793,6,1,30
4763,13793,91,1,0
4764,9504,60,1,0
4765,24579,142,1,0
4766,24579,149,2,20
4767,15189,93,1,15
4768,13056,63,1,0
4769,13056,3,1,30
4770,14300,62,1,10
4771,13736,124,1,0
4772,8052,126,3,5
4773,8052,90,1,25
4774,8052,45,2,10
4775,24214,55,2,25
4776,5854,73,1,20
4777,5854,144,3,30
4778,5854,3,1,25
4779,20965,117,1,0
4780,20965,90,1,20
4781,20603,91,1,25
4782,20603,71,1,10
4783,14873,91,1,0
4784,7406,126,1,30
4785,19003,146,1,20
4786,2565,42,1,25
4787,7215,123,2,5
4788,7215,127,1,10
4789,7215,149,3,0
4790,15378,141,1,0
4791,15378,27,2,5
4792,15378,4,1,5
4793,7709,142,2,25
4794,7709,20,3,20
4795,7709,28,1,0
4796,14164,1,1,5
4797,2345,101,1,0
4798,2345,128,2,0
4799,2345,140,1,10
4800,2345,67,1,30
4801,8206,95,1,0
4802,14836,71,1,30
4803,14836,14,1,5
4804,2276,129,1,0
4805,2276,90,1,25
4806,14069,104,1,20
4807,16882,95,1,20
4808,21482,105,2,25
4809,21482,101,1,0
4810,21482,40,2,0
4811,21482,76,2,5
4812,17780,128,1,0
4813,17780,93,1,15
4814,17780,24,1,0
4815,24394,147,2,10
4816,9235,47,2,0
4817,10047,140,3,15
4818,10047,73,2,10
4819,2591,46,1,15
4820,23762,93,1,20
4821,23762,61,1,0
4822,21446,117,1,5
4823,533,70,2,0
4824,533,1,1,10
4825,7594,71,1,0
4826,7594,15,1,10
4827,7594,72,4,25
4828,7661,47,1,15
4829,7661,92,1,20
4830,7661,29,2,15
4831,1153,53,1,20
4832,1153,142,2,15
4833,1153,68,1,25
4834,10005,72,1,25
4835,10005,68,2,0
4836,17632,81,1,10
4837,17632,29,1,5
4838,2294,81,3,10
4839,2294,42,1,0
4840,12085,76,1,10
4841,12085,117,1,5
4842,12085,149,1,20
4843,12085,62,1,20
4844,13179,75,1,15
4845,14362,104,1,20
4846,14362,37,1,15
4847,2935,142,1,0
4848,2935,91,2,10
4849,7345,133,2,0
4850,5498,132,1,25
4851,5498,50,2,25
4852,1497,141,1,10
4853,1174,4,1,30
4854,18504,142,1,5
4855,11821,66,1,20
4856,3802,28,2,15
4857,3802,6,1,0
4858,10387,93,1,15
4859,10387,75,1,10
4860,10387,20,2,15
4861,17678,141,1,0
4862,6814,71,2,25
4863,4494,117,1,25
4864,24355,115,3,10
4865,9941,104,1,10
4866,24368,25,3,10
4867,21750,50,1,5
4868,21750,59,2,0
4869,21750,147,2,0
4870,19884,149,1,25
4871,23096,35,1,0
4872,7350,56,1,15
4873,17186,55,1,10
4874,15014,21,1,10
4875,15014,19,1,0
4876,14350,42,1,5
4877,14350,102,2,10
4878,14350,114,1,0
4879,24116,129,1,10
4880,24116,139,3,25
4881,24116,50,1,20
4882,22627,38,1,10
4883,999,90,1,5
4884,5466,140,3,5
4885,5466,107,1,5
4886,5466,20,1,15
4887,23714,94,3,10
4888,13651,93,1,10
4889,21646,3,2,0
4890,7301,91,1,25
4891,12186,149,1,15
4892,12186,128,1,5
4893,22425,142,1,25
4894,16094,19,4,0
4895,6528,95,2,15
4896,6528,135,1,0
4897,6528,99,1,0
4898,6528,6,1,20
4899,9375,75,1,0
4900,9375,73,1,5
4901,2916,17,1,30
4902,13708,41,1,15
4903,13708,75,1,20
4904,13708,66,1,25
4905,9373,62,1,5
4906,9373,117,1,10
4907,6384,45,2,25
4908,5000,95,1,5
4909,5000,117,1,0
4910,9323,28,1,5
4911,9432,149,1,0
4912,9432,52,1,20
4913,9432,40,1,15
4914,10855,3,1,0
4915,10855,93,1,0
4916,10855,53,2,5
4917,23623,47,3,15
4918,23623,49,1,20
4919,23623,30,2,0
4920,6890,104,1,0
4921,8020,112,1,0
4922,8020,19,2,5
4923,19222,76,1,15
4924,21353,93,1,0
4925,23452,133,1,0
4926,8907,91,1,15
4927,14245,29,1,10
4928,14245,84,1,10
4929,11877,140,1,10
4930,11877,136,1,5
4931,3000,117,1,10
4932,7572,102,1,5
4933,7572,90,1,10
4934,7572,81,2,30
4935,24951,42,2,10
4936,24529,66,2,5
4937,24529,91,2,0
4938,24529,141,1,5
4939,13940,107,2,15
4940,458,149,2,10
4941,458,4,1,0
4942,24656,95,1,0
4943,24656,96,1,30
4944,24656,31,1,20
4945,24656,128,1,15
4946,13826,88,1,20
4947,634,124,2,10
4948,12359,101,2,20
4949,12359,42,1,0
4950,12359,72,1,15
4951,12359,54,1,5
4952,13058,72,2,0
4953,13058,110,2,10
4954,21006,66,3,0
4955,12452,138,2,10
4956,12452,141,1,15
4957,16606,59,1,0
4958,16606,73,2,5
4959,1682,63,1,20
4960,1682,78,1,0
4961,8006,118,1,0
4962,17043,148,1,15
4963,17967,71,1,15
4964,17967,55,1,5
4965,17967,89,1,10
4966,17967,141,1,15
4967,8081,54,2,20
4968,8081,75,1,15
4969,8081,70,1,10
4970,7660,9,2,10
4971,7675,72,1,5
4972,7675,61,1,10
4973,4519,3,1,15
4974,18540,53,1,5
4975,18540,90,1,15
4976,18540,141,4,15
4977,17109,112,2,0
4978,17109,98,1,15
4979,17109,62,3,15
4980,15294,133,1,0
4981,19091,26,2,30
4982,19091,46,1,0
4983,24076,90,1,15
4984,17161,107,1,30
4985,17161,66,2,10
4986,7946,144,1,25
4987,20264,54,1,10
4988,14769,142,1,15
4989,14769,17,1,0
4990,14769,133,1,15
4991,5049,148,1,10
4992,5049,129,2,10
4993,5049,128,1,0
4994,11075,138,1,5
4995,6865,53,2,30
4996,6865,19,1,0
4997,6865,70,1,10
4998,22707,98,1,30
4999,3077,117,2,10
5000,5699,70,2,5
5001,4408,88,1,20
5002,17170,4,3,5
5003,17170,125,3,0
5004,17170,104,1,10
5005,104,66,1,20
5006,3511,14,1,5
5007,18808,75,1,10
5008,15585,50,1,15
5009,5382,45,2,20
5010,5382,25,1,10
5011,11839,133,1,5
5012,21375,29,1,10
5013,19932,50,1,15
5014,17781,149,1,10
5015,21176,42,1,0
5016,6734,93,1,10
5017,6734,96,1,25
5018,3781,145,4,30
5019,14721,65,1,30
5020,14721,139,1,5
5021,14721,48,2,20
5022,9265,128,1,15
5023,7263,71,1,25
5024,7263,28,1,0
5025,7263,136,1,20
5026,22742,131,3,10
5027,4305,47,2,0
5028,4305,71,1,5
5029,11740,80,1,10
5030,11740,60,2,5
5031,11740,67,1,15
5032,11740,53,1,15
5033,14966,59,4,10
5034,14966,93,2,15
5035,5852,19,1,5
5036,5852,140,2,5
5037,4684,68,3,5
5038,18847,28,1,25
5039,7582,95,1,25
5040,7582,124,1,15
5041,19495,11,2,0
5042,19495,31,2,10
5043,14751,90,2,5
5044,14751,124,2,15
5045,13875,132,2,5
5046,13875,62,4,15
5047,13875,90,2,15
5048,878,121,1,20
5049,21552,24,2,10
5050,17530,140,1,10
5051,8507,66,1,0
5052,1559,104,1,30
5053,21536,136,1,0
5054,21536,4,2,25
5055,21759,137,1,15
5056,4653,61,1,10
5057,11108,73,1,5
5058,10589,6,1,30
5059,24669,10,1,20
5060,1179,98,1,30
5061,1179,132,1,30
5062,2138,128,1,25
5063,2138,90,1,5
5064,20120,72,1,5
5065,20120,59,2,15
5066,20120,124,1,0
5067,3408,80,1,30
5068,10690,29,1,0
5069,4213,36,2,15
5070,1929,129,2,10
5071,22186,41,1,10
5072,2445,31,1,20
5073,7087,137,1,15
5074,22029,29,1,15
5075,16357,139,1,15
5076,17096,94,1,15
5077,24073,146,1,10
5078,14779,33,1,15
5079,16223,140,2,0
5080,11754,141,2,0
5081,11754,96,1,10
5082,11397,77,1,5
5083,5289,39,1,10
5084,10285,88,4,5
5085,10285,118,3,20
5086,10285,63,2,25
5087,317,141,2,10
5088,317,80,1,20
5089,317,46,1,5
5090,1157,67,1,15
5091,17514,3,1,20
5092,17514,32,1,10
5093,14659,51,1,15
5094,14659,54,1,10
5095,14659,126,1,0
5096,23648,100,1,30
5097,532,124,1,0
5098,532,107,1,20
5099,532,114,3,10
5100,8650,124,1,0
5101,8650,93,1,5
5102,22815,73,1,0
5103,10727,125,2,15
5104,10727,146,1,15
5105,8864,70,1,20
5106,8864,146,1,5
5107,1539,54,1,5
5108,1539,26,1,0
5109,1539,141,2,5
5110,23122,149,2,0
5111,21190,140,1,0
5112,21190,91,3,0
5113,21190,87,1,20
5114,21190,71,2,10
5115,14253,90,2,0
5116,13337,16,1,5
5117,13337,128,1,5
5118,13337,100,1,15
5119,18108,106,1,5
5120,4417,140,2,10
5121,175,139,1,10
5122,4888,95,1,15
5123,18725,56,1,30
5124,18725,132,1,20
5125,4890,7,1,5
5126,8231,52,1,15
5127,8231,28,1,0
5128,8231,20,1,25
5129,6363,89,1,10
5130,14968,63,1,30
5131,14968,27,2,5
5132,18219,102,1,5
5133,24288,53,1,5
5134,285,133,2,15
5135,285,90,1,30
5136,3253,41,1,0
5137,3253,93,1,5
5138,16456,139,1,5
5139,16456,103,1,10
5140,16456,6,1,15
5141,5978,117,3,5
5142,4117,147,1,10
5143,4117,21,4,15
5144,16022,60,1,0
5145,13640,147,1,25
5146,13640,141,1,5
5147,10998,115,1,10
5148,8557,27,1,0
5149,1581,63,1,0
5150,13862,51,3,5
5151,13862,42,1,10
5152,13747,131,1,5
5153,13747,46,1,10
5154,13747,2,3,0
5155,16286,27,2,15
5156,16286,133,2,15
5157,2806,93,1,25
5158,2806,41,1,10
5159,2806,78,1,0
5160,9293,33,1,10
5161,22325,139,1,10
5162,15015,105,1,20
5163,6515,65,1,5
5164,6515,143,1,15
5165,17050,102,1,0
5166,9696,61,2,5
5167,9696,133,1,5
5168,11792,141,2,5
5169,17107,56,4,15
5170,17107,129,1,0
5171,7791,104,1,5
5172,7791,143,1,15
5173,10057,112,1,5
5174,10057,89,3,15
5175,10474,78,2,25
5176,10474,72,1,0
5177,23987,42,2,10
5178,14593,81,2,20
5179,18463,42,1,10
5180,18463,104,1,10
5181,8588,104,2,10
5182,8588,6,1,20
5183,8588,133,1,5
5184,9030,139,1,20
5185,9030,133,2,20
5186,21507,14,4,15
5187,5133,101,2,15
5188,5133,66,1,15
5189,5133,77,1,20
5190,17426,104,3,0
5191,17426,69,2,0
5192,17426,124,1,25
5193,21470,21,1,10
5194,20682,74,1,25
5195,20682,142,1,0
5196,19583,128,1,10
5197,10183,88,1,25
5198,7550,71,4,15
5199,7550,76,2,20
5200,265,37,3,10
5201,265,140,1,15
5202,265,139,2,0
5203,15927,117,2,0
5204,15927,28,2,10
5205,15927,59,2,25
5206,15912,98,1,25
5207,15912,147,1,20
5208,15912,61,1,25
5209,15912,142,2,0
5210,6209,76,1,5
5211,24873,128,1,20
5212,24873,68,1,10
5213,24873,42,3,15
5214,24873,63,3,0
5215,12772,142,3,15
5216,12772,84,3,0
5217,12772,138,1,25
5218,12772,141,4,20
5219,17129,150,2,30
5220,21168,28,1,5
5221,21168,128,1,0
5222,23711,2,1,0
5223,5139,117,1,5
5224,3422,96,3,20
5225,24566,93,2,5
5226,23114,88,2,0
5227,21089,63,1,5
5228,2000,73,2,10
5229,2000,128,1,10
5230,16662,139,2,5
5231,16662,136,2,30
5232,19428,103,2,20
5233,6722,68,1,25
5234,6722,96,2,0
5235,2562,81,2,15
5236,16747,118,3,10
5237,16747,101,1,20
5238,16747,107,1,10
5239,8957,118,2,0
5240,8957,141,3,15
5241,24847,63,1,25
5242,17926,89,1,10
5243,11825,128,2,20
5244,11825,125,2,0
5245,11825,115,1,0
5246,9366,141,1,10
5247,9366,83,2,10
5248,14963,121,1,0
5249,14963,66,1,5
5250,14963,102,2,0
5251,12700,66,1,20
5252,12700,147,2,10
5253,2814,26,1,15
5254,13097,124,3,5
5255,3377,56,1,10
5256,16113,8,1,15
5257,10069,142,2,20
5258,10069,141,1,20
5259,20694,136,2,0
5260,20694,54,2,0
5261,9987,147,1,20
5262,9987,70,2,5
5263,9987,141,1,5
5264,9987,50,1,5
5265,16067,75,1,5
5266,16067,28,1,0
5267,10926,28,2,5
5268,10926,145,1,15
5269,19496,81,1,0
5270,19496,64,1,15
5271,19496,94,3,15
5272,19496,146,2,10
5273,14357,13,1,10
5274,8640,80,3,10
5275,8640,64,2,30
5276,8640,70,2,10
5277,15051,102,1,15
5278,24172,146,1,20
5279,24172,136,1,5
5280,7256,68,1,25
5281,22572,60,1,10
5282,2896,42,1,25
5283,2896,123,1,10
5284,2896,14,1,0
5285,2896,67,1,5
5286,22614,145,4,0
5287,22614,80,1,5
5288,23317,55,3,10
5289,19010,4,1,0
5290,8357,6,1,0
5291,13546,90,3,5
5292,13546,71,1,0
5293,13546,64,2,5
5294,19443,19,1,15
5295,19443,60,2,15
5296,10526,95,1,0
5297,14023,83,3,0
5298,14023,102,1,20
5299,14023,16,2,5
5300,14023,42,1,5
5301,2690,96,1,10
5302,2690,102,1,25
5303,4816,61,2,30
5304,2678,62,2,20
5305,17599,129,3,5
5306,20920,21,1,10
5307,8004,117,1,20
5308,19117,66,1,10
5309,19117,46,2,5
5310,5544,93,1,5
5311,18388,84,1,25
5312,21638,59,1,25
5313,10277,14,3,5
5314,5636,70,2,10
5315,5636,41,1,0
5316,9219,28,1,30
5317,9219,141,1,10
5318,10847,3,2,0
5319,13349,145,1,20
5320,13349,46,2,5
5321,13349,128,2,5
5322,13349,133,1,10
5323,18857,141,3,25
5324,9222,49,2,15
5325,16707,134,1,25
5326,16707,53,1,0
5327,16707,93,1,5
5328,19215,141,2,0
5329,4157,53,2,15
5330,581,2,2,25
5331,12568,26,1,25
5332,12568,68,1,0
5333,12568,27,1,30
5334,12568,142,2,10
5335,20409,35,1,0
5336,4248,111,1,30
5337,9883,93,1,20
5338,1120,133,1,0
5339,1120,84,1,25
5340,1120,142,3,25
5341,10216,105,1,10
5342,10216,132,3,0
5343,6109,67,3,20
5344,6109,90,1,15
5345,22517,42,1,10
5346,22517,74,1,15
5347,5484,68,1,0
5348,17342,104,1,20
5349,17342,70,2,15
5350,15283,126,2,15
5351,15283,140,3,10
5352,15283,122,1,30
5353,24142,138,1,0
5354,24142,91,1,0
5355,24142,97,1,25
5356,24142,73,1,15
5357,18935,3,1,5
5358,12386,56,1,10
5359,1181,131,1,5
5360,1181,52,1,15
5361,21431,69,1,15
5362,17775,128,2,0
5363,17775,68,1,15
5364,17775,129,2,25
5365,17775,54,4,20
5366,11421,133,1,5
5367,4346,117,1,20
5368,939,139,1,0
5369,939,75,1,0
5370,939,93,2,0
5371,16584,55,1,5
5372,16584,149,1,0
5373,16584,72,2,0
5374,13406,128,1,15
5375,20986,129,1,0
5376,19730,103,2,30
5377,19730,3,1,20
5378,22663,149,1,15
5379,22663,50,1,10
5380,22663,76,3,25
5381,8721,73,1,10
5382,5194,96,2,25
5383,5194,60,2,0
5384,5194,141,1,10
5385,7991,126,1,5
5386,7991,48,3,0
5387,7991,122,1,10
5388,19556,141,1,10
5389,8820,14,2,20
5390,8820,87,1,5
5391,4018,136,1,25
5392,3394,136,1,0
5393,3394,132,1,0
5394,13495,46,1,15
5395,13495,142,1,25
5396,12218,125,1,5
5397,12218,60,1,25
5398,4093,104,1,30
5399,4953,95,3,5
5400,4953,141,1,30
5401,4953,131,1,15
5402,4953,20,3,30
5403,3897,140,1,5
5404,3897,76,1,15
5405,3897,143,1,5
5406,14181,66,1,5
5407,16197,46,1,5
5408,7688,67,1,0
5409,7688,69,1,25
5410,4610,141,1,5
5411,24541,14,2,5
5412,24541,141,1,20
5413,24541,71,2,5
5414,24541,125,2,10
5415,12120,76,1,15
5416,12120,20,4,20
5417,24597,138,1,10
5418,5219,105,1,25
5419,8956,78,1,20
5420,19756,146,4,0
5421,19756,76,2,10
5422,19756,87,1,15
5423,19756,55,1,10
5424,409,143,1,0
5425,409,70,2,25
5426,10745,47,1,10
5427,2441,90,1,5
5428,13307,102,3,0
5429,13696,28,3,20
5430,13696,78,1,5
5431,13696,139,1,10
5432,24224,141,1,20
5433,20500,138,1,10
5434,9437,122,1,25
5435,9470,150,1,10
5436,4244,76,2,10
5437,2620,114,2,25
5438,2620,84,1,25
5439,2620,142,1,25
5440,21784,1,2,25
5441,16026,73,1,20
5442,16026,138,2,15
5443,23198,53,1,5
5444,23198,42,1,10
5445,21772,61,1,0
5446,15425,28,2,15
5447,15425,139,1,20
5448,15425,74,1,30
5449,15234,141,1,30
5450,15234,145,1,10
5451,12800,41,1,0
5452,5439,128,2,0
5453,5207,90,1,0
5454,5207,55,1,5
5455,7527,126,1,30
5456,7527,88,2,0
5457,2645,49,2,15
5458,2645,78,2,5
5459,2645,129,4,10
5460,2645,84,1,10
5461,2578,25,1,20
5462,22004,125,3,5
5463,9634,137,4,20
5464,3847,87,1,10
5465,7013,133,3,5
5466,23085,135,1,30
5467,23085,128,1,0
5468,23085,145,2,25
5469,23085,46,1,20
5470,4106,142,1,5
5471,952,118,1,0
5472,18473,53,3,25
5473,18473,102,1,0
5474,18473,104,1,15
5475,23067,53,2,5
5476,23067,90,1,0
5477,13707,121,1,5
5478,13707,115,3,5
5479,16420,53,2,30
5480,10357,102,1,10
5481,10357,81,1,5
5482,7841,141,1,5
5483,18474,125,1,20
5484,18474,25,1,10
5485,9937,63,1,10
5486,11579,128,1,5
5487,11579,116,3,20
5488,6620,67,1,30
5489,6620,133,1,10
5490,6620,91,2,15
5491,24433,54,1,10
5492,24137,66,1,10
5493,24137,90,1,15
5494,1677,66,2,30
5495,1677,139,1,0
5496,12588,90,1,0
5497,12588,56,2,10
5498,7328,55,2,0
5499,7328,43,3,5
5500,11185,85,2,5
5501,11185,133,1,15
5502,11185,128,1,5
5503,18095,124,2,0
5504,15385,117,1,25
5505,15385,43,2,10
5506,15385,109,1,20
5507,12986,126,3,10
5508,12986,115,2,10
5509,12986,140,1,5
5510,12986,116,1,5
5511,24674,1,1,0
5512,18005,76,2,25
5513,18005,133,1,5
5514,18005,78,2,5
5515,18005,74,4,20
5516,15077,28,2,10
5517,10233,26,1,5
5518,10233,14,1,5
5519,3692,19,1,5
5520,3692,88,1,25
5521,17250,101,1,15
5522,17250,143,1,0
5523,13389,122,2,5
5524,1200,64,3,0
5525,1200,69,2,5
5526,1200,30,1,5
5527,24402,66,2,25
5528,14507,37,2,15
5529,3351,55,3,5
5530,3351,45,1,5
5531,20688,90,1,15
5532,20688,117,2,10
5533,1955,70,1,25
5534,21478,131,3,5
5535,18034,124,1,15
5536,14865,2,2,25
5537,18536,122,1,15
5538,18536,60,2,10
5539,18536,53,1,10
5540,24298,145,1,30
5541,18962,91,2,0
5542,1119,26,1,5
5543,1119,42,1,25
5544,11100,53,2,5
5545,11100,124,1,5
5546,11100,62,2,5
5547,11100,43,1,0
5548,2224,117,2,20
5549,24997,76,1,5
5550,7007,18,1,15
5551,7007,117,1,0
5552,7007,76,1,10
5553,7007,141,2,15
5554,6855,117,2,10
5555,6855,90,1,25
5556,15297,141,3,15
5557,11058,7,1,5
5558,11058,90,2,10
5559,11058,68,1,15
5560,16151,122,2,25
5561,10888,42,3,5
5562,10888,52,1,15
5563,12916,36,1,10
5564,8998,116,1,15
5565,6284,86,1,5
5566,14224,90,2,15
5567,301,67,1,10
5568,3839,90,1,15
5569,3839,56,1,25
5570,3839,144,3,5
5571,3839,149,1,0
5572,9830,90,1,20
5573,9830,76,2,5
5574,9830,121,1,10
5575,1984,70,3,20
5576,1984,68,3,0
5577,15630,128,2,10
5578,21416,102,2,20
5579,22484,73,1,20
5580,8173,103,1,5
5581,17915,20,1,10
5582,15514,139,1,0
5583,24434,123,1,0
5584,10661,17,1,0
5585,10661,66,4,15
5586,22727,67,2,20
5587,24584,90,1,0
5588,12227,85,1,0
5589,12348,115,2,15
5590,12348,137,1,5
5591,12348,68,1,0
5592,2871,102,2,0
5593,1766,117,1,0
5594,4522,142,2,30
5595,4522,140,2,5
5596,3393,124,1,10
5597,3393,116,2,5
5598,3393,137,1,0
5599,22311,84,3,15
5600,22311,67,1,20
5601,20930,76,2,20
5602,15439,71,2,5
5603,15439,123,1,20
5604,2394,31,1,5
5605,2394,128,1,20
5606,2394,76,1,5
5607,10429,76,1,15
5608,10429,142,1,15
5609,22363,55,1,15
5610,22363,142,1,10
5611,24436,116,1,20
5612,21803,121,4,0
5613,21803,6,1,10
5614,8278,117,1,10
5615,8278,55,1,0
5616,8278,115,3,15
5617,21088,68,2,5
5618,9347,14,1,20
5619,9347,53,2,0
5620,9347,93,1,25
5621,13300,62,1,30
5622,13300,93,2,5
5623,17980,124,1,10
5624,13687,90,3,5
5625,1524,3,2,0
5626,1524,125,3,30
5627,23372,113,1,10
5628,23372,81,3,15
5629,23368,142,4,5
5630,23368,53,1,0
5631,23368,117,1,20
5632,23368,110,1,30
5633,4740,145,3,5
5634,4740,21,1,5
5635,4740,20,1,20
5636,21585,126,1,5
5637,21585,25,1,20
5638,21585,117,1,25
5639,17798,76,3,5
5640,18438,53,2,0
5641,18438,28,1,10
5642,8185,138,1,5
5643,21734,24,1,20
5644,5786,2,1,10
5645,5786,147,1,5
5646,5786,105,3,0
5647,4043,136,1,5
5648,16603,142,1,0
5649,1356,3,1,0
5650,1356,41,1,15
5651,23959,27,1,5
5652,23959,150,1,15
5653,23959,81,3,5
5654,23959,128,1,10
5655,273,3,3,15
5656,13053,141,1,20
5657,13053,37,4,0
5658,13053,89,2,20
5659,13053,68,2,5
5660,4120,67,1,20
5661,19691,137,1,0
5662,19691,48,1,15
5663,19691,71,2,20
5664,19691,129,1,10
5665,17890,21,2,5
5666,23500,120,1,5
5667,23500,43,1,5
5668,2376,4,1,10
5669,14252,28,1,0
5670,14252,81,1,0
5671,14252,86,1,10
5672,21283,64,1,15
5673,21283,62,2,5
5674,7837,85,1,5
5675,4809,132,3,15
5676,3161,149,1,15
5677,3161,42,4,10
5678,6264,143,2,15
5679,6264,133,1,0
5680,6264,90,1,0
5681,1882,68,2,15
5682,1882,21,1,25
5683,2315,81,3,25
5684,24740,84,1,20
5685,24740,37,1,25
5686,3963,53,1,10
5687,19608,117,1,10
5688,19608,78,1,0
5689,19608,19,3,15
5690,19608,76,3,5
5691,1919,71,1,10
5692,19142,67,1,20
5693,19142,54,1,15
5694,19142,6,1,0
5695,19142,84,2,0
5696,22514,128,1,20
5697,22514,145,1,0
5698,10579,29,2,20
5699,10579,104,1,0
5700,18109,104,1,15
5701,18109,118,1,5
5702,3879,146,2,5
5703,20313,121,1,0
5704,450,84,3,15
5705,450,42,1,30
5706,19277,50,1,15
5707,5818,73,1,10
5708,5818,88,3,20
5709,5758,141,2,0
5710,5758,146,1,20
5711,23029,91,1,0
5712,23029,90,1,15
5713,22003,2,1,5
5714,22003,69,1,10
5715,5771,19,1,15
5716,5771,43,2,10
5717,2968,93,1,15
5718,2968,132,1,10
5719,2968,66,2,15
5720,1453,28,1,15
5721,10566,66,1,15
5722,10566,26,1,10
5723,19755,105,2,25
5724,3789,75,1,10
5725,3789,111,2,20
5726,3789,101,1,0
5727,1908,126,1,15
5728,22606,42,1,10
5729,22606,105,1,5
5730,7907,142,1,20
5731,7907,67,1,20
5732,10681,45,2,10
5733,10681,75,2,5
5734,13835,125,1,15
5735,1521,149,1,20
5736,1521,76,1,0
5737,1521,90,1,10
5738,1521,58,1,5
5739,24650,146,1,15
5740,18312,14,1,0
5741,14513,56,3,25
5742,3254,78,4,5
5743,3254,66,1,15
5744,24753,2,1,0
5745,24753,46,2,15
5746,794,48,3,10
5747,794,149,1,5
5748,18825,117,1,20
5749,4340,135,1,10
5750,7443,94,1,10
5751,1745,42,4,5
5752,1745,124,3,0
5753,1745,93,2,15
5754,139,70,3,15
5755,3464,124,1,0
5756,3464,55,1,10
5757,6815,34,1,5
5758,874,99,2,15
5759,874,115,1,15
5760,22112,149,1,0
5761,22112,4,2,5
5762,22112,70,2,15
5763,8710,33,1,5
5764,17439,20,1,20
5765,17056,17,3,5
5766,24946,21,1,15
5767,23867,66,3,10
5768,23575,65,1,5
5769,23575,60,1,5
5770,9344,91,2,30
5771,7165,68,1,5
5772,78,45,1,10
5773,11114,81,3,20
5774,23132,81,1,15
5775,23132,71,1,20
5776,17400,48,2,10
5777,10206,128,1,30
5778,10206,91,2,15
5779,15003,29,2,0
5780,15003,2,1,15
5781,7363,84,1,0
5782,7363,125,2,0
5783,24315,6,1,15
5784,24315,95,1,25
5785,3174,55,1,0
5786,20520,20,1,10
5787,20520,42,1,25
5788,20520,28,3,0
5789,7375,56,1,10
5790,12127,52,2,10
5791,3519,123,1,20
5792,24587,26,1,15
5793,24587,61,1,10
5794,16334,1,1,10
5795,18533,12,1,20
5796,18533,141,3,10
5797,1328,90,1,10
5798,1328,19,1,15
5799,2409,16,2,10
5800,10624,66,1,15
5801,10624,75,1,20
5802,13361,7,3,25
5803,8690,12,1,10
5804,10476,107,1,10
5805,10476,146,3,5
5806,3424,64,2,0
5807,3424,117,1,0
5808,3424,116,2,5
5809,17677,81,1,20
5810,17677,104,2,15
5811,17677,47,2,0
5812,19325,139,1,20
5813,15448,136,1,10
5814,15448,131,1,15
5815,16068,139,1,10
5816,16068,29,1,0
5817,16068,104,1,10
5818,10146,141,1,25
5819,11879,76,1,10
5820,11879,45,1,5
5821,24622,102,3,20
5822,24622,60,1,20
5823,10506,78,2,0
5824,10506,144,1,20
5825,8011,141,2,10
5826,2079,34,3,5
5827,1272,75,1,30
5828,24668,138,1,10
5829,22857,126,2,25
5830,22857,149,1,10
5831,22857,96,1,20
5832,18476,122,2,10
5833,18787,126,3,5
5834,15248,141,1,25
5835,22180,104,1,5
5836,12391,94,2,0
5837,14490,45,1,20
5838,14490,65,1,5
5839,7050,142,2,15
5840,11264,71,2,0
5841,11264,84,1,5
5842,11264,38,1,20
5843,11264,81,2,5
5844,4945,104,2,15
5845,24034,64,2,0
5846,24034,104,1,15
5847,3285,4,1,0
5848,3846,115,3,0
5849,8270,85,1,0
5850,8270,111,2,20
5851,10556,43,2,10
5852,10556,88,1,5
5853,10556,67,1,10
5854,12770,150,1,10
5855,12770,71,2,5
5856,5828,48,1,10
5857,5828,71,1,5
5858,2773,98,1,20
5859,2773,37,1,0
5860,2773,124,1,0
5861,2773,67,2,10
5862,10533,139,1,5
5863,14200,85,1,5
5864,23526,148,1,15
5865,23526,75,2,20
5866,10203,144,1,5
5867,10203,141,4,5
5868,20149,7,3,20
5869,6506,68,1,30
5870,4911,3,2,0
5871,10750,95,1,5
5872,16360,19,2,25
5873,19072,129,2,20
5874,13195,149,1,15
5875,13195,54,1,10
5876,13195,2,1,10
5877,10528,138,2,25
5878,17007,75,2,10
5879,6712,33,1,25
5880,5426,76,1,15
5881,5426,93,1,5
5882,23252,47,1,10
5883,23252,66,1,0
5884,23252,78,1,20
5885,23252,142,1,10
5886,2583,87,4,5
5887,2583,55,1,20
5888,16320,76,1,5
5889,6089,82,1,25
5890,4695,16,2,15
5891,4695,138,2,0
5892,4695,90,1,15
5893,4695,74,2,20
5894,20372,76,1,20
5895,20372,66,1,0
5896,20372,46,1,5
5897,18797,26,1,20
5898,14259,55,1,20
5899,14259,69,1,20
5900,14259,45,1,25
5901,14259,78,1,5
5902,8965,76,1,25
5903,15365,142,1,10
5904,15365,124,2,15
5905,8778,29,1,5
5906,8778,68,2,5
5907,18805,148,1,5
5908,23519,138,1,5
5909,19174,90,2,5
5910,19174,141,1,10
5911,17118,76,4,10
5912,17118,88,1,20
5913,10977,55,1,5
5914,10977,139,2,15
5915,10977,133,2,0
5916,17952,142,1,15
5917,17952,65,1,0
5918,15677,52,1,5
5919,8188,124,1,20
5920,9403,146,1,15
5921,22232,54,1,0
5922,6841,35,1,10
5923,6841,98,1,5
5924,852,128,2,5
5925,852,142,1,5
5926,21032,146,2,20
5927,21032,148,1,5
5928,21032,109,4,15
5929,21032,71,4,15
5930,24485,85,1,10
5931,24485,128,1,20
5932,24485,81,1,0
5933,24485,141,1,25
5934,9964,28,1,25
5935,21212,100,1,10
5936,21212,96,1,10
5937,3547,3,1,5
5938,13718,124,1,20
5939,13718,136,2,25
5940,7041,104,1,20
5941,15400,101,1,30
5942,15400,29,4,25
5943,19607,107,1,20
5944,19607,102,1,5
5945,19607,138,2,20
5946,19607,74,1,10
5947,2483,122,1,10
5948,1785,128,4,0
5949,7561,100,1,5
5950,4404,78,1,0
5951,144,102,3,10
5952,6404,34,2,0
5953,6010,47,1,15
5954,6010,28,1,20
5955,6010,90,1,30
5956,22447,47,1,5
5957,18961,46,2,20
5958,13861,89,1,0
5959,10263,71,2,0
5960,4211,91,1,10
5961,20285,33,1,10
5962,10983,76,2,5
5963,10983,2,1,25
5964,6880,141,1,15
5965,3207,142,2,5
5966,23036,141,2,20
5967,5136,122,1,20
5968,15172,12,1,10
5969,22832,118,1,20
5970,22810,95,2,10
5971,22810,43,1,10
5972,22455,72,1,10
5973,22455,66,1,15
5974,22796,66,2,0
5975,17044,145,1,20
5976,534,54,2,20
5977,18631,1,3,25
5978,17672,47,1,25
5979,17672,145,1,25
5980,17340,73,1,20
5981,17340,10,2,5
5982,19107,142,1,20
5983,19107,69,1,10
5984,9229,70,1,15
5985,9229,117,1,0
5986,9229,137,1,5
5987,12074,53,2,10
5988,4568,73,3,0
5989,4568,98,1,15
5990,4568,91,2,0
5991,8311,48,2,10
5992,8311,133,1,25
5993,22643,98,1,25
5994,1602,51,1,0
5995,19387,124,2,15
5996,19387,142,3,0
5997,19387,68,1,10
5998,19387,56,2,30
5999,10248,118,1,15
6000,10248,67,3,15
6001,10248,104,2,15
6002,10222,84,1,15
6003,10222,127,1,20
6004,2910,70,1,5
6005,2910,71,1,5
6006,14710,45,1,20
6007,22855,141,1,5
6008,22855,34,1,15
6009,16820,52,1,20
6010,16820,115,1,10
6011,4638,122,1,10
6012,4638,29,1,0
6013,4638,67,3,25
6014,17585,84,1,5
6015,23417,48,1,0
6016,23417,60,1,30
6017,178,28,1,10
6018,4565,21,2,15
6019,24612,96,1,0
6020,24612,71,1,20
6021,24612,76,4,10
6022,17362,124,1,15
6023,17362,141,1,0
6024,13928,104,1,20
6025,13928,67,2,30
6026,13928,5,1,20
6027,5356,124,1,15
6028,5356,67,1,15
6029,11089,81,2,25
6030,11089,139,2,15
6031,9636,61,2,20
6032,9636,146,1,5
6033,9636,53,1,0
6034,9636,42,1,0
6035,12664,62,2,20
6036,22795,141,1,5
6037,774,140,2,10
6038,774,139,3,0
6039,10374,107,1,30
6040,17207,29,3,5
6041,1176,28,3,20
6042,7431,70,2,30
6043,7431,97,1,5
6044,20807,47,1,0
6045,22169,2,1,0
6046,8803,3,1,15
6047,14021,141,4,25
6048,14406,18,1,10
6049,14406,61,2,20
6050,14406,51,1,5
6051,22166,124,1,0
6052,22166,138,2,15
6053,23507,142,1,20
6054,23507,146,1,20
6055,15702,90,2,15
6056,15702,64,1,10
6057,15469,90,1,0
6058,1185,141,1,15
6059,17843,56,1,25
6060,18480,84,1,10
6061,5585,117,3,20
6062,5585,121,2,25
6063,5585,136,1,15
6064,12335,45,1,10
6065,13295,66,1,5
6066,13295,47,1,0
6067,11117,70,1,5
6068,2342,46,1,0
6069,17715,138,3,25
6070,17715,84,1,0
6071,21094,41,1,0
6072,7859,126,1,0
6073,7859,100,1,5
6074,12746,131,1,15
6075,12746,21,1,0
6076,12746,100,1,30
6077,18259,14,1,15
6078,18259,93,1,25
6079,7003,128,1,10
6080,16221,78,1,30
6081,16221,55,1,10
6082,16179,36,1,5
6083,16179,86,2,20
6084,16179,131,1,0
6085,5017,143,2,10
6086,5017,146,1,15
6087,9356,81,1,25
6088,15736,19,2,20
6089,15736,32,1,20
6090,20479,43,3,0
6091,8037,67,1,5
6092,12981,49,1,25
6093,12891,88,1,20
6094,12891,29,1,0
6095,12891,124,1,0
6096,12891,62,2,30
6097,15110,141,2,0
6098,19631,125,1,0
6099,19631,56,1,15
6100,19631,88,1,10
6101,20954,81,1,30
6102,20954,117,1,15
6103,18006,49,1,10
6104,18006,148,1,15
6105,18006,102,2,5
6106,23374,42,1,5
6107,23374,60,2,0
6108,23529,54,1,0
6109,23529,73,1,20
6110,4501,106,3,15
6111,4501,117,1,10
6112,4501,141,1,25
6113,12607,96,1,5
6114,12607,52,1,10
6115,22927,29,1,20
6116,15420,1,1,5
6117,7454,28,3,15
6118,2434,138,2,0
6119,23770,14,1,10
6120,23770,145,1,5
6121,23770,42,3,0
6122,5263,48,1,0
6123,23969,33,1,10
6124,2966,142,1,10
6125,21582,118,1,20
6126,21582,6,3,15
6127,13296,91,2,10
6128,8463,59,3,30
6129,8463,142,1,20
6130,8463,112,1,0
6131,19907,103,1,25
6132,16412,146,2,10
6133,16412,54,2,0
6134,16412,76,1,25
6135,15953,20,1,15
6136,15953,126,1,20
6137,3537,141,1,15
6138,3537,89,3,20
6139,3537,90,1,5
6140,15811,129,1,5
6141,2931,62,1,15
6142,2931,95,1,10
6143,21008,142,1,0
6144,1016,42,1,0
6145,15986,122,2,0
6146,22600,67,1,25
6147,22600,128,2,5
6148,6400,72,1,15
6149,6400,74,1,15
6150,23894,140,3,15
6151,21792,100,1,10
6152,21792,67,1,5
6153,7958,103,1,0
6154,3510,114,2,15
6155,13778,46,1,25
6156,13778,70,1,15
6157,8439,71,2,15
6158,19766,14,1,10
6159,22554,81,1,10
6160,22554,90,2,25
6161,22554,149,2,10
6162,4866,128,2,10
6163,4866,65,1,10
6164,23428,92,2,0
6165,23428,141,3,15
6166,23428,142,1,10
6167,16403,138,3,0
6168,9217,88,2,20
6169,9217,31,1,0
6170,20472,78,1,0
6171,20472,142,3,15
6172,20472,67,2,0
6173,20472,90,1,10
6174,10023,137,2,5
6175,10023,128,3,5
6176,10023,123,1,0
6177,10023,98,1,0
6178,5604,87,1,5
6179,2672,60,1,0
6180,23061,63,1,20
6181,23061,69,1,0
6182,23061,133,2,10
6183,13062,76,2,30
6184,1906,70,2,0
6185,5853,84,1,30
6186,5853,37,2,10
6187,21616,63,1,0
6188,21616,28,1,30
6189,12334,110,1,15
6190,12334,66,1,10
6191,4451,139,3,10
6192,4451,75,2,30
6193,4451,6,1,20
6194,23112,28,1,10
6195,23112,148,1,20
6196,23112,146,3,30
6197,6232,117,1,0
6198,6232,148,1,20
6199,21440,70,3,0
6200,20048,149,1,15
6201,4481,17,1,10
6202,14500,53,3,0
6203,14500,69,1,10
6204,10838,137,4,15
6205,10838,52,2,5
6206,10838,29,1,0
6207,10838,73,1,10
6208,16889,25,1,10
6209,889,38,1,15
6210,889,14,1,15
6211,12473,140,1,20
6212,23130,94,1,20
6213,23130,46,4,5
6214,24429,50,1,10
6215,9181,117,1,0
6216,8607,140,1,10
6217,13840,96,1,10
6218,15317,57,1,20
6219,15317,37,1,20
6220,15317,6,2,15
6221,15317,99,4,10
6222,12688,95,1,0
6223,1862,103,1,5
6224,15641,53,2,0
6225,15641,146,1,5
6226,9484,47,1,5
6227,23188,123,1,0
6228,12117,121,2,10
6229,12117,71,1,20
6230,23864,12,1,5
6231,19881,128,1,25
6232,6394,93,2,10
6233,1178,47,1,5
6234,1178,3,1,30
6235,16775,141,1,0
6236,20076,21,1,10
6237,20076,102,1,25
6238,20076,64,1,10
6239,15982,140,3,5
6240,15982,105,3,15
6241,12961,96,2,10
6242,9088,24,1,0
6243,8704,142,1,10
6244,8396,115,1,15
6245,8396,73,1,10
6246,15458,66,2,20
6247,15458,4,3,15
6248,15458,30,1,20
6249,15458,142,1,15
6250,13308,63,1,15
6251,19989,14,2,10
6252,19989,128,1,0
6253,19989,118,2,0
6254,5857,54,1,0
6255,5857,25,1,10
6256,19977,33,2,0
6257,19977,54,1,10
6258,5517,67,2,5
6259,11931,90,1,5
6260,8426,52,2,0
6261,8426,63,1,5
6262,8426,21,1,10
6263,8426,148,1,5
6264,6257,53,1,10
6265,16225,37,1,5
6266,1,132,1,5
6267,1,137,2,10
6268,22850,140,2,0
6269,20587,146,1,0
6270,2707,28,2,15
6271,24140,140,1,0
6272,24140,137,1,5
6273,407,133,1,15
6274,20637,29,1,0
6275,1763,91,2,15
6276,23817,41,1,25
6277,23817,16,1,20
6278,102,90,1,30
6279,102,43,1,25
6280,102,121,1,30
6281,22559,44,1,0
6282,10516,117,2,0
6283,10516,137,3,10
6284,4552,70,1,20
6285,4552,71,1,0
6286,7701,70,1,0
6287,7701,71,2,20
6288,24015,110,1,10
6289,24556,146,1,20
6290,9656,53,2,20
6291,11916,123,1,10
6292,11916,112,1,15
6293,11916,1,1,0
6294,3247,73,1,10
6295,3247,117,1,0
6296,3247,118,1,0
6297,15467,79,1,5
6298,15467,68,2,25
6299,12095,116,2,5
6300,8655,66,1,15
6301,21219,29,1,0
6302,4033,114,1,0
6303,3817,66,1,15
6304,3817,62,1,0
6305,3817,113,1,25
6306,17187,130,1,5
6307,17187,71,1,30
6308,3219,45,4,15
6309,3219,109,1,15
6310,13470,146,1,15
6311,13470,1,1,20
6312,3914,124,2,0
6313,12532,24,1,15
6314,12532,52,1,10
6315,12532,54,2,0
6316,9774,95,2,25
6317,9774,54,1,20
6318,22922,47,1,10
6319,17435,73,1,15
6320,17435,90,1,20
6321,17435,63,3,10
6322,7140,62,1,5
6323,4900,4,1,20
6324,4900,50,2,15
6325,810,124,1,15
6326,22916,73,3,0
6327,17166,126,1,5
6328,17166,46,2,15
6329,1289,134,1,0
6330,6789,61,1,30
6331,6789,70,1,15
6332,4260,53,2,20
6333,4260,125,1,0
6334,4260,117,1,0
6335,13474,76,1,5
6336,11143,133,2,15
6337,3832,60,1,0
6338,9875,138,1,0
6339,9875,90,1,20
6340,9875,28,1,20
6341,21662,136,1,10
6342,21662,130,1,25
6343,21662,42,3,5
6344,576,149,1,0
6345,576,142,1,5
6346,576,51,1,20
6347,11194,140,2,0
6348,15433,53,3,20
6349,15433,112,2,25
6350,15433,126,1,15
6351,15433,66,1,15
6352,17627,99,1,0
6353,17627,133,2,0
6354,18246,37,1,30
6355,2733,6,3,15
6356,2733,146,2,0
6357,6361,74,2,15
6358,13196,54,2,5
6359,4813,115,2,5
6360,4996,64,1,0
6361,4996,52,1,5
6362,4996,17,1,5
6363,4996,68,1,15
6364,18844,46,1,10
6365,20802,118,2,0
6366,3139,91,2,5
6367,24695,133,2,10
6368,10582,121,1,30
6369,10582,87,1,15
6370,15231,29,1,20
6371,15231,141,1,10
6372,15255,71,3,30
6373,15255,75,3,20
6374,15255,87,1,5
6375,15407,29,1,15
6376,15407,6,1,20
6377,15407,88,2,20
6378,21814,139,1,0
6379,21814,93,1,0
6380,21814,21,1,5
6381,24852,104,1,15
6382,24852,128,1,5
6383,23915,124,1,10
6384,18837,3,3,25
6385,23562,143,1,0
6386,13668,100,1,10
6387,24409,143,1,0
6388,9419,43,1,5
6389,3799,42,1,0
6390,555,105,2,5
6391,19090,70,2,20
6392,19090,63,1,10
6393,5677,59,2,15
6394,6467,138,3,15
6395,6467,141,1,15
6396,11130,32,1,5
6397,11130,19,1,5
6398,11130,99,2,20
6399,23466,71,1,0
6400,15019,70,2,5
6401,4349,90,1,0
6402,4349,70,1,5
6403,8105,95,2,10
6404,8105,104,1,15
6405,15777,93,1,15
6406,15777,136,1,15
6407,15777,45,1,5
6408,17214,54,2,5
6409,17214,145,1,10
6410,17214,91,2,0
6411,18430,8,2,0
6412,1414,60,1,0
6413,8740,46,3,10
6414,8740,81,1,0
6415,14568,56,1,5
6416,14568,72,1,15
6417,13772,21,1,5
6418,13772,66,1,20
6419,13772,64,1,10
6420,18851,145,3,25
6421,22870,53,1,25
6422,22329,116,1,5
6423,21640,101,1,10
6424,21640,59,4,15
6425,15394,28,3,0
6426,19883,57,1,0
6427,19883,71,2,10
6428,19883,96,4,20
6429,19883,91,3,10
6430,6968,105,1,20
6431,9800,6,1,5
6432,1254,70,1,20
6433,2845,145,1,10
6434,2845,81,1,10
6435,9270,124,2,20
6436,9270,140,1,10
6437,9270,45,1,15
6438,9270,3,3,15
6439,23078,118,2,0
6440,16200,140,1,0
6441,16200,19,1,10
6442,233,28,1,20
6443,12678,55,2,25
6444,16966,37,1,0
6445,16966,84,4,0
6446,24954,53,1,5
6447,10835,124,2,10
6448,10835,42,4,10
6449,1595,66,1,15
6450,1595,114,2,10
6451,1595,46,2,15
6452,950,91,2,5
6453,19239,55,2,25
6454,22196,43,1,0
6455,14935,145,1,25
6456,14935,101,3,5
6457,20967,48,2,15
6458,158,21,2,10
6459,516,141,1,5
6460,9993,141,3,15
6461,1253,28,2,0
6462,3829,72,1,15
6463,20660,75,1,0
6464,20660,73,1,0
6465,10021,25,2,15
6466,15942,98,2,20
6467,2915,66,3,0
6468,2915,42,3,25
6469,24588,75,1,25
6470,23988,3,1,10
6471,10381,60,1,5
6472,9538,42,1,10
6473,9538,70,1,15
6474,9538,138,1,0
6475,5134,111,1,5
6476,5134,137,1,0
6477,23539,118,1,0
6478,12033,121,1,15
6479,9398,46,4,20
6480,18117,72,1,10
6481,21560,12,1,15
6482,16226,40,1,20
6483,16284,139,1,5
6484,19114,117,3,10
6485,855,91,2,10
6486,13263,62,2,0
6487,13263,61,1,25
6488,13263,134,1,0
6489,17393,15,1,20
6490,17393,42,1,5
6491,7718,78,1,10
6492,2063,96,1,20
6493,19803,45,1,10
6494,2094,136,1,20
6495,19381,70,1,5
6496,19381,142,1,0
6497,16931,19,1,20
6498,16931,43,2,0
6499,7848,1,1,10
6500,17609,133,1,0
6501,17609,50,1,15
6502,18321,102,1,20
6503,179,43,2,5
6504,179,140,1,15
6505,1627,70,1,0
6506,1627,60,1,30
6507,22950,54,1,5
6508,22950,70,1,0
6509,22950,139,2,0
6510,23243,65,2,0
6511,5891,141,1,0
6512,3116,46,3,25
6513,3116,104,2,25
6514,24466,42,1,5
6515,24466,95,1,5
6516,24466,66,1,5
6517,12332,112,2,0
6518,12332,47,1,0
6519,6903,140,1,20
6520,6903,19,1,20
6521,12585,67,1,10
6522,15797,104,2,5
6523,5774,118,1,5
6524,17235,136,1,10
6525,17235,90,4,20
6526,1251,91,1,10
6527,1251,53,1,25
6528,22485,90,2,5
6529,20235,7,1,5
6530,20235,121,1,0
6531,20235,73,2,0
6532,15363,47,1,10
6533,15363,144,1,30
6534,15363,141,2,5
6535,15363,70,1,15
6536,20229,95,1,5
6537,11636,71,1,15
6538,7169,133,1,5
6539,21103,12,1,20
6540,21103,124,1,0
6541,21103,1,1,5
6542,24102,75,3,20
6543,24102,133,2,20
6544,10230,131,1,25
6545,20975,116,2,15
6546,20975,124,3,10
6547,20975,141,2,15
6548,10809,48,2,10
6549,10809,66,1,5
6550,10809,68,2,15
6551,15631,28,3,25
6552,15631,78,3,20
6553,12560,70,2,5
6554,2299,104,4,15
6555,2299,91,1,0
6556,14032,61,2,10
6557,14032,46,2,10
6558,14032,90,3,15
6559,19645,125,1,30
6560,14248,21,1,15
6561,6330,62,1,0
6562,13478,81,1,25
6563,1089,24,1,15
6564,2558,41,3,10
6565,2558,49,2,20
6566,19616,74,1,0
6567,19616,141,1,5
6568,12350,59,2,15
6569,12350,139,1,25
6570,915,47,1,15
6571,915,2,2,0
6572,915,137,1,20
6573,2861,54,3,0
6574,2861,59,1,10
6575,8787,71,1,20
6576,3360,90,2,10
6577,3360,142,2,25
6578,7248,69,2,15
6579,23964,75,1,5
6580,5673,104,2,25
6581,21502,56,2,10
6582,5557,142,1,10
6583,5557,28,1,5
6584,5557,21,1,5
6585,6,140,2,20
6586,2942,28,2,10
6587,15745,131,1,0
6588,15745,59,1,30
6589,15745,137,1,15
6590,7133,6,1,15
6591,2923,90,2,10
6592,2923,74,2,10
6593,2229,27,3,20
6594,2229,117,1,20
6595,2229,28,1,15
6596,6512,3,1,20
6597,6512,67,1,5
6598,6512,46,1,5
6599,17156,28,1,10
6600,17156,117,2,10
6601,1122,3,1,10
6602,22898,140,1,0
6603,22898,104,1,20
6604,22898,14,1,20
6605,12826,36,1,0
6606,2614,144,1,20
6607,2614,90,1,10
6608,14303,141,1,0
6609,8853,102,1,10
6610,13444,92,2,15
6611,13444,71,1,0
6612,13444,110,1,10
6613,19798,76,3,10
6614,19798,140,1,0
6615,20878,3,2,0
6616,20878,38,1,30
6617,23784,124,1,10
6618,23784,90,1,25
6619,4470,40,2,15
6620,4470,117,1,15
6621,4470,50,2,10
6622,10235,88,2,5
6623,945,76,1,0
6624,945,55,1,0
6625,945,141,3,5
6626,9052,69,1,10
6627,21240,37,2,5
6628,5733,73,4,25
6629,5733,149,1,0
6630,12101,70,1,10
6631,3734,102,3,20
6632,3734,127,1,15
6633,24930,47,1,30
6634,24930,28,1,20
6635,17586,95,1,5
6636,843,63,2,10
6637,843,28,1,30
6638,843,64,1,25
6639,5940,8,1,10
6640,5940,116,1,25
6641,19930,93,1,0
6642,9929,124,1,0
6643,15584,28,1,0
6644,13519,45,2,0
6645,13519,70,1,5
6646,13519,52,4,20
6647,8106,103,2,15
6648,12455,148,1,10
6649,12455,125,1,30
6650,7812,141,1,10
6651,18503,117,2,5
6652,22816,117,1,15
6653,22816,146,2,5
6654,6167,2,2,0
6655,7100,115,2,0
6656,7369,96,2,15
6657,7369,12,2,30
6658,4297,126,3,5
6659,12493,78,1,10
6660,12493,105,1,0
6661,17189,66,1,0
6662,17189,81,1,10
6663,17189,91,2,0
6664,23183,100,2,30
6665,23183,136,1,30
6666,23183,118,3,5
6667,23183,64,1,10
6668,14629,42,2,5
6669,13680,1,1,20
6670,8440,6,1,25
6671,8440,143,1,15
6672,21598,141,4,5
6673,21598,76,1,15
6674,21598,14,2,10
6675,18898,12,1,5
6676,18898,133,1,10
6677,21929,123,1,10
6678,21929,76,1,0
6679,601,93,2,0
6680,298,93,2,0
6681,1582,87,1,15
6682,10517,84,1,0
6683,9476,71,3,5
6684,9476,56,1,0
6685,16804,24,4,20
6686,14647,141,3,5
6687,13642,71,1,0
6688,13642,128,3,10
6689,836,78,2,0
6690,21743,128,1,20
6691,12032,63,1,15
6692,12032,142,1,5
6693,11147,22,1,10
6694,546,145,2,20
6695,546,140,4,25
6696,546,66,1,20
6697,10310,83,2,10
6698,3644,131,1,20
6699,2901,33,1,10
6700,20127,139,1,0
6701,14445,63,4,10
6702,14445,70,1,25
6703,13795,48,1,25
6704,13795,19,1,10
6705,14007,53,1,0
6706,16921,51,1,20
6707,16921,61,1,5
6708,16921,100,1,10
6709,11536,55,2,0
6710,11536,134,1,10
6711,11536,32,2,25
6712,11536,115,1,5
6713,14896,75,1,5
6714,14896,37,2,30
6715,14896,144,1,5
6716,13456,94,3,0
6717,13456,126,1,0
6718,12494,48,2,20
6719,14901,102,1,0
6720,14901,124,1,5
6721,978,117,1,10
6722,16714,98,1,5
6723,18268,73,2,15
6724,22239,84,1,20
6725,22239,66,1,5
6726,24183,93,4,5
6727,18827,141,1,0
6728,14631,66,3,25
6729,14631,144,2,15
6730,14631,29,3,10
6731,10507,104,2,10
6732,10507,62,2,10
6733,10507,3,1,10
6734,22259,74,1,5
6735,22259,34,2,10
6736,1424,70,2,25
6737,11181,142,1,15
6738,7849,144,1,5
6739,7849,19,1,30
6740,7849,93,2,5
6741,17626,94,1,15
6742,12912,6,1,5
6743,13159,112,1,15
6744,13159,14,1,10
6745,14081,90,3,10
6746,3566,15,1,0
6747,3566,136,1,10
6748,3566,54,2,10
6749,1940,95,1,15
6750,1940,53,1,10
6751,1940,102,1,0
6752,1940,117,1,5
6753,19173,42,3,10
6754,8679,95,1,5
6755,8679,22,2,10
6756,94,78,1,25
6757,94,133,1,25
6758,94,19,2,5
6759,94,28,2,10
6760,20154,138,1,0
6761,12540,104,1,20
6762,5305,109,4,25
6763,5461,71,2,0
6764,5461,12,2,5
6765,561,56,3,20
6766,561,95,1,0
6767,561,3,2,20
6768,361,98,1,0
6769,361,46,3,25
6770,361,144,1,0
6771,18661,90,1,30
6772,18667,142,2,30
6773,9065,20,3,0
6774,4662,42,1,20
6775,12613,53,2,0
6776,12613,83,1,5
6777,10999,146,4,20
6778,15635,149,2,30
6779,7499,64,1,10
6780,7499,6,1,10
6781,7499,98,2,0
6782,7499,142,3,0
6783,14061,71,1,0
6784,19116,117,1,15
6785,2047,142,2,5
6786,22331,28,1,15
6787,22331,47,1,10
6788,5502,128,3,15
6789,5502,19,1,0
6790,3410,102,1,0
6791,3410,28,2,5
6792,3372,101,1,15
6793,15219,107,2,5
6794,669,35,1,10
6795,12363,28,1,20
6796,12363,17,1,0
6797,12363,95,3,5
6798,12498,37,1,30
6799,24762,129,2,20
6800,7749,91,1,15
6801,2939,4,4,0
6802,11259,67,1,5
6803,11941,50,1,10
6804,11941,37,1,0
6805,11291,142,1,25
6806,11291,17,1,5
6807,18986,1,1,20
6808,18986,6,1,15
6809,15993,40,1,5
6810,19726,124,1,5
6811,19726,89,2,0
6812,11350,93,1,15
6813,1669,149,3,15
6814,4342,125,1,15
6815,14018,90,1,10
6816,8869,48,2,20
6817,7432,70,1,20
6818,14293,16,2,25
6819,17711,141,1,20
6820,17711,35,2,5
6821,17711,142,2,5
6822,1408,54,2,5
6823,7960,73,1,0
6824,23708,40,1,20
6825,23708,59,1,15
6826,23708,70,1,20
6827,19394,146,3,10
6828,14538,8,1,5
6829,14538,128,1,0
6830,741,75,2,0
6831,11057,124,1,15
6832,23405,93,2,15
6833,7741,122,1,0
6834,20129,14,3,0
6835,3698,107,2,20
6836,15954,117,2,10
6837,15954,60,1,0
6838,15954,98,1,25
6839,14442,70,1,10
6840,14442,63,2,15
6841,6521,116,1,10
6842,6529,149,1,25
6843,15103,37,1,0
6844,4363,90,1,25
6845,4363,102,1,10
6846,4363,94,1,10
6847,19909,65,2,15
6848,19909,91,2,15
6849,6934,94,1,10
6850,11424,19,2,0
6851,11424,123,1,20
6852,11424,64,1,25
6853,6064,75,2,0
6854,6929,128,1,25
6855,3794,41,1,25
6856,10109,146,1,25
6857,10109,142,2,5
6858,3852,90,1,5
6859,12356,64,3,20
6860,12356,68,1,0
6861,12741,107,1,10
6862,23993,72,1,5
6863,16632,81,1,10
6864,8069,68,1,5
6865,8960,143,1,10
6866,8960,95,2,20
6867,17686,141,1,10
6868,17686,139,1,10
6869,17686,68,2,20
6870,13648,81,1,15
6871,3378,124,1,15
6872,16301,66,2,10
6873,16301,28,1,5
6874,16301,118,2,15
6875,14567,45,1,5
6876,6261,78,1,10
6877,17728,4,2,5
6878,17728,69,3,0
6879,17969,75,1,0
6880,17969,118,2,25
6881,4071,68,1,20
6882,4071,42,1,15
6883,18936,78,1,10
6884,18936,100,1,10
6885,15885,72,1,10
6886,15885,6,2,0
6887,2580,141,1,15
6888,2580,118,1,10
6889,2580,63,2,10
6890,2580,90,2,15
6891,2037,66,2,20
6892,2037,121,1,5
6893,24638,90,2,15
6894,17631,59,1,0
6895,17631,145,2,5
6896,22594,64,1,10
6897,24470,42,2,15
6898,13121,142,1,15
6899,13121,55,1,25
6900,11723,35,1,0
6901,23866,123,1,15
6902,23866,66,1,10
6903,14682,137,1,10
6904,14559,53,1,10
6905,20622,73,3,20
6906,20419,12,1,5
6907,8900,54,4,30
6908,14780,49,2,20
6909,20461,90,1,25
6910,20461,76,2,5
6911,3607,75,4,10
6912,12797,91,3,15
6913,12797,81,3,5
6914,12797,116,1,0
6915,1801,122,1,0
6916,17018,139,1,5
6917,17018,9,1,10
6918,17018,102,2,10
6919,15453,32,1,0
6920,15453,54,2,0
6921,15453,131,2,5
6922,12366,145,1,25
6923,4448,128,1,5
6924,2922,64,1,0
6925,11139,25,1,25
6926,11139,50,2,5
6927,15045,12,2,20
6928,15045,3,1,10
6929,15045,42,1,5
6930,15045,66,1,0
6931,6588,128,1,10
6932,6588,28,1,0
6933,796,104,1,20
6934,796,60,1,30
6935,3755,143,1,0
6936,3755,2,1,20
6937,3755,138,1,20
6938,7224,73,1,20
6939,7224,90,1,15
6940,7224,118,1,25
6941,21933,32,3,10
6942,21933,93,1,15
6943,21933,3,2,25
6944,21933,143,1,10
6945,11921,42,1,20
6946,4966,107,2,5
6947,24718,146,2,15
6948,22941,47,3,10
6949,19533,131,1,5
6950,4412,60,2,0
6951,19002,73,3,0
6952,2070,144,1,0
6953,2070,2,1,25
6954,11845,95,4,0
6955,11845,142,2,0
6956,11845,75,1,10
6957,9693,11,3,0
6958,9693,125,1,20
6959,10534,33,1,15
6960,22839,88,1,0
6961,3359,70,1,15
6962,10221,95,1,25
6963,8866,66,1,10
6964,8866,72,1,15
6965,8866,73,1,5
6966,17270,60,1,10
6967,17270,20,1,30
6968,23301,49,2,0
6969,23301,140,1,20
6970,23301,45,1,0
6971,328,78,1,5
6972,328,91,3,0
6973,328,133,1,5
6974,24141,17,2,15
6975,14951,129,1,30
6976,21193,143,3,25
6977,22466,63,2,10
6978,355,84,1,25
6979,355,38,1,10
6980,7491,134,1,0
6981,7491,62,3,10
6982,13451,70,2,5
6983,12268,71,1,15
6984,12268,66,1,15
6985,10181,50,1,5
6986,360,98,3,10
6987,360,72,1,5
6988,360,133,1,10
6989,16726,128,1,20
6990,24040,133,3,5
6991,8455,43,4,5
6992,8455,73,1,25
6993,8455,93,1,20
6994,9801,136,3,5
6995,9801,46,1,0
6996,9801,4,1,15
6997,9801,141,1,0
6998,16980,145,1,5
6999,3625,81,3,25
7000,23726,2,1,20
7001,23726,16,1,15
7002,11411,14,3,15
7003,11411,68,4,5
7004,11411,85,1,0
7005,16036,63,1,15
7006,6589,143,1,30
7007,24924,42,2,0
7008,97,128,2,5
7009,97,117,1,10
7010,14148,131,1,0
7011,16699,66,3,20
7012,16699,140,1,5
7013,16699,73,1,15
7014,16699,76,1,10
7015,23481,28,1,30
7016,23481,96,2,5
7017,6834,12,2,5
7018,6834,90,2,5
7019,6834,118,2,10
7020,6834,95,1,15
7021,22626,53,2,0
7022,22626,104,2,25
7023,12835,16,2,10
7024,12835,144,2,5
7025,12835,51,3,10
7026,21044,93,1,20
7027,3173,93,1,10
7028,8155,69,3,15
7029,8155,71,2,5
7030,934,142,1,0
7031,934,48,1,5
7032,22060,133,1,5
7033,14813,26,1,5
7034,14813,3,1,15
7035,19565,142,1,0
7036,19565,60,1,5
7037,8005,117,1,10
7038,8005,146,1,25
7039,15377,2,1,20
7040,19497,14,2,10
7041,19497,133,1,5
7042,9582,137,2,0
7043,24537,22,3,15
7044,24537,47,1,5
7045,13938,89,1,25
7046,13938,29,1,10
7047,14923,128,2,10
7048,18896,105,1,10
7049,14820,40,1,10
7050,1772,106,1,20
7051,18581,19,1,15
7052,24926,47,1,15
7053,5768,37,3,5
7054,21152,95,1,5
7055,19542,13,1,15
7056,22647,131,1,15
7057,22647,8,1,5
7058,20011,4,1,25
7059,24757,55,1,15
7060,24757,107,1,15
7061,6251,117,1,5
7062,6251,46,1,25
7063,6251,128,1,15
7064,23233,1,1,10
7065,23233,63,1,0
7066,12577,58,1,0
7067,24673,48,2,0
7068,24673,14,2,5
7069,12590,73,2,5
7070,12590,96,1,20
7071,12590,59,1,0
7072,12590,8,1,10
7073,3974,64,1,5
7074,3974,126,3,10
7075,3974,53,1,20
7076,20459,102,3,5
7077,20459,68,1,5
7078,20459,143,1,15
7079,4229,52,1,5
7080,15121,124,1,15
7081,15121,78,1,30
7082,20483,84,1,10
7083,20483,78,1,10
7084,13910,70,1,25
7085,21477,136,1,15
7086,23528,59,1,5
7087,23528,34,1,0
7088,23528,140,1,10
7089,5210,15,2,20
7090,5210,141,1,20
7091,5210,76,1,20
7092,7736,90,4,10
7093,7736,101,1,5
7094,7736,118,1,5
7095,10297,7,3,5
7096,10297,114,1,25
7097,4465,118,1,5
7098,4465,45,1,5
7099,4465,81,2,0
7100,4465,133,1,20
7101,10915,3,1,20
7102,10915,102,1,0
7103,18084,17,2,15
7104,4078,76,1,15
7105,5670,139,1,30
7106,16035,14,1,30
7107,23605,3,1,0
7108,23605,139,1,15
7109,8775,36,1,15
7110,8775,11,1,5
7111,15783,146,2,10
7112,15783,19,1,5
7113,15948,45,1,10
7114,15948,148,2,25
7115,15948,115,1,10
7116,15948,133,1,15
7117,4097,117,1,15
7118,4097,24,1,10
7119,6643,76,2,25
7120,4386,117,1,15
7121,4386,147,1,0
7122,21680,75,1,0
7123,2461,42,1,0
7124,2461,55,1,15
7125,15381,94,1,15
7126,6481,3,2,15
7127,6481,123,1,0
7128,23002,67,1,0
7129,23002,97,1,30
7130,23002,139,2,20
7131,18435,120,1,0
7132,18435,118,1,0
7133,2010,128,1,0
7134,4134,75,1,20
7135,4134,141,1,10
7136,4134,29,1,25
7137,5945,63,1,30
7138,3024,3,2,5
7139,8322,128,1,15
7140,20780,117,1,15
7141,11936,76,1,0
7142,11936,42,2,20
7143,12730,90,1,5
7144,4035,69,2,15
7145,1924,69,1,10
7146,1924,118,1,25
7147,1924,28,1,25
7148,1924,63,1,20
7149,9013,93,2,25
7150,9458,48,3,5
7151,6199,14,2,0
7152,6199,10,1,0
7153,3563,57,2,0
7154,3563,53,1,15
7155,5018,117,2,25
7156,24343,124,1,10
7157,24343,31,2,0
7158,19944,90,1,0
7159,19944,48,1,15
7160,19944,125,2,5
7161,20347,93,1,10
7162,20961,66,3,10
7163,20961,141,1,0
7164,20921,117,1,25
7165,1052,42,1,5
7166,22472,128,1,10
7167,16277,45,1,5
7168,16277,115,1,15
7169,16277,75,1,0
7170,21505,103,1,0
7171,21505,98,1,5
7172,9834,93,1,5
7173,22595,124,2,0
7174,22595,139,1,10
7175,20581,2,1,0
7176,20581,124,1,5
7177,20581,133,1,5
7178,13716,46,1,5
7179,5884,136,2,25
7180,5884,20,1,5
7181,3814,63,2,0
7182,3814,146,1,0
7183,22848,122,1,10
7184,22848,71,1,5
7185,17732,36,4,15
7186,17997,118,1,10
7187,24386,90,3,15
7188,24386,37,3,5
7189,22825,88,1,10
7190,13511,67,2,30
7191,13511,85,1,25
7192,16782,55,1,10
7193,1758,128,1,20
7194,1758,146,2,20
7195,1758,47,1,5
7196,19271,70,1,30
7197,7438,67,2,25
7198,5651,105,1,0
7199,13226,126,2,15
7200,21770,70,3,20
7201,21770,3,1,0
7202,637,69,3,0
7203,2501,139,2,0
7204,2501,126,1,15
7205,2501,137,1,25
7206,2501,73,1,0
7207,20678,39,2,0
7208,20678,52,1,5
7209,4005,140,2,25
7210,4005,26,1,5
7211,2879,110,3,30
7212,2879,139,1,25
7213,8216,73,1,0
7214,24874,50,1,25
7215,24874,117,2,25
7216,22026,41,1,0
7217,22026,78,1,25
7218,8075,87,1,30
7219,8075,62,1,5
7220,2041,84,1,0
7221,2041,97,1,15
7222,2038,14,3,15
7223,10678,93,1,0
7224,10678,117,1,10
7225,10678,96,1,5
7226,1480,63,4,20
7227,15177,142,1,10
7228,15177,125,2,15
7229,15177,53,1,15
7230,15177,133,2,15
7231,16631,104,2,30
7232,16631,28,1,10
7233,22834,73,2,0
7234,6326,76,2,10
7235,6326,122,1,0
7236,6326,42,2,25
7237,9508,104,1,15
7238,9508,91,1,10
7239,22050,76,2,5
7240,22050,141,1,10
7241,8299,117,2,15
7242,18236,128,2,15
7243,18236,67,1,15
7244,3339,61,1,10
7245,5447,125,1,5
7246,5447,111,1,25
7247,3582,73,1,0
7248,15055,90,1,0
7249,15055,94,1,15
7250,9864,46,1,10
7251,14509,83,4,5
7252,14509,116,1,20
7253,14509,67,3,10
7254,20440,56,1,0
7255,22076,85,1,0
7256,1383,128,1,15
7257,5847,60,3,15
7258,16837,96,1,5
7259,16837,44,2,10
7260,16837,124,1,5
7261,2618,52,1,20
7262,4203,55,2,20
7263,4203,149,1,5
7264,22653,29,1,25
7265,22653,103,2,15
7266,1840,138,1,15
7267,1840,142,1,15
7268,1840,28,1,0
7269,12828,14,2,0
7270,18815,43,3,10
7271,18815,102,1,10
7272,18815,133,1,0
7273,10591,135,1,5
7274,7563,99,1,5
7275,7563,52,2,10
7276,87,54,2,5
7277,16259,126,4,0
7278,15697,34,1,0
7279,23960,50,1,10
7280,11193,55,1,25
7281,2218,45,1,20
7282,12156,63,1,10
7283,23128,141,1,5
7284,17653,46,2,15
7285,17653,95,1,5
7286,11608,121,1,15
7287,11608,53,1,5
7288,2576,74,1,10
7289,17939,12,1,0
7290,19713,54,1,15
7291,19713,66,1,0
7292,21110,59,1,5
7293,22957,117,1,10
7294,22957,121,3,15
7295,12416,91,1,5
7296,12416,12,2,10
7297,3779,37,2,30
7298,3779,78,1,5
7299,24752,71,2,0
7300,13510,134,1,10
7301,13510,16,1,10
7302,13510,63,2,25
7303,23644,91,2,20
7304,5616,6,1,10
7305,18466,3,3,0
7306,1246,117,2,15
7307,1246,90,1,0
7308,3368,113,2,15
7309,6103,90,1,10
7310,6103,114,1,15
7311,1487,140,1,10
7312,3907,141,2,5
7313,3907,131,1,5
7314,12042,129,4,0
7315,12378,116,2,30
7316,12378,15,1,10
7317,2623,117,2,10
7318,18607,128,1,25
7319,24229,91,1,20
7320,20550,42,1,15
7321,12792,52,1,20
7322,4546,142,1,0
7323,7490,112,2,15
7324,3980,66,1,5
7325,165,93,1,25
7326,17412,129,1,15
7327,22868,22,3,0
7328,22868,28,3,0
7329,8182,128,2,5
7330,8182,117,3,10
7331,9681,140,2,15
7332,11204,129,2,10
7333,21242,117,2,0
7334,17405,123,2,5
7335,2841,25,2,0
7336,2841,124,2,5
7337,23146,141,2,10
7338,13803,52,1,10
7339,13803,29,1,10
7340,13803,67,1,5
7341,17485,66,2,10
7342,17485,2,1,0
7343,9208,142,1,30
7344,24237,146,2,0
7345,24237,136,1,15
7346,22619,92,1,10
7347,22992,124,2,10
7348,22992,68,1,0
7349,23295,31,2,0
7350,7900,21,2,0
7351,23809,104,1,30
7352,23809,37,1,20
7353,1972,42,1,10
7354,1972,138,1,10
7355,3751,1,1,0
7356,3751,126,2,0
7357,18709,140,1,25
7358,18709,19,1,0
7359,18709,90,3,0
7360,18709,94,1,10
7361,2807,136,1,10
7362,22115,142,1,15
7363,22115,121,1,25
7364,18613,142,2,0
7365,18613,100,1,20
7366,18613,117,3,20
7367,18613,70,1,15
7368,24492,2,1,10
7369,24492,55,2,15
7370,7415,83,1,10
7371,2184,142,3,15
7372,2184,12,2,10
7373,2184,53,1,5
7374,17894,28,1,10
7375,13917,95,1,15
7376,12336,113,2,25
7377,23287,117,1,10
7378,10957,14,1,5
7379,4839,90,2,20
7380,11875,124,1,5
7381,11875,122,1,10
7382,8903,85,1,20
7383,8903,14,2,30
7384,2759,124,2,10
7385,2759,63,2,0
7386,19047,55,3,15
7387,19047,95,1,5
7388,19247,21,2,0
7389,19247,41,1,20
7390,19247,141,3,20
7391,775,129,2,5
7392,20123,66,2,20
7393,20123,49,1,10
7394,20123,142,4,15
7395,5849,141,2,5
7396,5849,93,1,10
7397,5849,147,1,10
7398,15028,94,1,5
7399,15028,141,2,0
7400,5714,128,3,0
7401,10674,96,1,10
7402,10674,42,1,0
7403,10674,2,1,25
7404,109,78,2,10
7405,109,140,1,0
7406,109,20,1,5
7407,10452,124,1,10
7408,19773,95,4,25
7409,8951,78,1,10
7410,16643,45,1,20
7411,19887,28,1,15
7412,3729,148,1,10
7413,11466,128,1,15
7414,4235,83,2,25
7415,24737,133,1,0
7416,17128,58,1,5
7417,17128,128,1,0
7418,17128,139,1,10
7419,11005,16,1,25
7420,11005,51,1,0
7421,10372,86,1,5
7422,17656,20,2,20
7423,17656,80,1,0
7424,14529,117,1,0
7425,14529,67,1,10
7426,14529,128,1,15
7427,17716,50,1,30
7428,9210,14,2,10
7429,12089,19,2,25
7430,11369,60,1,0
7431,11369,104,2,15
7432,2571,138,1,0
7433,2571,124,1,0
7434,2571,105,1,0
7435,7576,126,3,30
7436,7576,14,2,5
7437,7576,117,2,5
7438,7576,47,1,0
7439,436,54,2,15
7440,2458,102,1,0
7441,10535,95,1,10
7442,18686,141,1,5
7443,18686,63,1,0
7444,12394,91,1,10
7445,7137,72,1,25
7446,493,64,1,15
7447,21798,48,2,15
7448,13137,117,1,20
7449,15810,67,1,25
7450,11093,71,1,20
7451,11093,88,2,20
7452,11093,48,1,5
7453,12312,146,1,0
7454,12312,6,3,10
7455,2731,72,1,20
7456,9706,78,2,0
7457,6944,55,1,5
7458,4732,133,1,0
7459,4732,21,3,5
7460,13374,20,1,15
7461,13374,40,1,0
7462,11537,59,2,0
7463,11095,41,1,5
7464,11095,103,1,10
7465,11095,104,1,10
7466,11095,95,2,5
7467,18956,143,1,20
7468,22522,76,1,0
7469,2566,66,1,10
7470,19054,138,1,10
7471,19054,141,1,30
7472,19054,76,1,15
7473,16100,107,2,5
7474,16100,136,1,30
7475,16100,145,1,5
7476,16100,133,2,0
7477,5119,96,1,0
7478,5119,94,1,5
7479,13876,102,1,0
7480,17708,99,2,0
7481,1384,142,1,25
7482,6281,90,2,25
7483,7645,144,4,5
7484,6723,112,1,15
7485,14178,24,1,5
7486,24086,73,1,10
7487,19789,17,1,20
7488,19789,20,2,5
7489,16927,64,1,5
7490,16927,90,3,15
7491,12194,66,1,5
7492,17848,37,1,10
7493,17848,20,1,30
7494,5949,102,1,10
7495,5949,81,1,15
7496,21231,76,3,15
7497,21231,143,1,0
7498,21231,66,1,5
7499,21231,54,2,5
7500,4334,139,2,15
7501,4334,107,3,5
7502,4334,89,1,15
7503,8210,36,2,15
7504,8210,133,2,0
7505,8210,140,3,10
7506,8210,97,1,10
7507,3184,71,2,10
7508,24542,74,1,0
7509,10958,144,1,10
7510,13994,42,1,20
7511,12340,70,1,0
7512,12340,6,4,10
7513,22828,139,1,25
7514,15064,48,3,10
7515,2237,19,3,15
7516,2237,143,1,10
7517,3671,56,1,5
7518,9635,129,1,10
7519,3661,91,1,10
7520,17682,69,1,20
7521,12740,118,2,5
7522,12740,50,2,5
7523,6376,91,1,20
7524,8317,128,3,15
7525,18728,128,1,15
7526,18728,91,1,0
7527,722,93,1,30
7528,13907,126,2,25
7529,5908,128,1,5
7530,5525,90,1,15
7531,1394,78,1,0
7532,20756,100,1,0
7533,12471,96,1,0
7534,12471,132,1,5
7535,12471,75,1,0
7536,12471,28,1,10
7537,684,90,3,30
7538,18411,95,2,5
7539,18411,62,1,10
7540,18411,92,2,0
7541,12353,69,1,10
7542,12353,93,2,10
7543,12353,3,1,15
7544,17830,121,1,20
7545,17830,124,1,25
7546,8364,31,1,0
7547,10397,104,1,5
7548,10397,143,1,5
7549,22965,144,1,5
7550,22190,102,2,5
7551,23246,142,2,0
7552,23246,149,1,15
7553,18640,133,1,20
7554,24069,1,1,0
7555,24069,88,1,10
7556,7414,63,1,25
7557,13975,56,1,0
7558,13975,133,1,15
7559,13975,106,1,20
7560,2020,28,1,15
7561,10447,139,2,0
7562,625,46,3,0
7563,625,35,1,5
7564,3697,141,2,5
7565,3697,69,2,20
7566,133,60,1,10
7567,133,33,1,5
7568,21895,104,2,10
7569,3968,42,1,0
7570,3968,21,1,10
7571,2400,96,1,0
7572,7089,21,1,10
7573,7089,11,1,0
7574,7089,139,1,5
7575,16556,98,2,10
7576,6502,103,1,10
7577,5435,140,2,20
7578,5435,64,1,10
7579,13055,121,1,25
7580,13055,6,1,0
7581,13055,71,2,25
7582,7564,28,1,0
7583,7564,136,2,15
7584,707,104,1,0
7585,707,115,1,0
7586,707,66,2,10
7587,13457,67,2,0
7588,8091,142,1,0
7589,19649,28,2,20
7590,21056,70,1,15
7591,21056,47,2,25
7592,4605,55,1,15
7593,2967,102,3,25
7594,23341,75,1,5
7595,23341,52,1,0
7596,6301,141,1,10
7597,20147,50,1,5
7598,19125,76,1,0
7599,18577,62,1,5
7600,2081,59,1,5
7601,12509,81,1,15
7602,12509,70,2,25
7603,23416,76,1,10
7604,17163,126,1,25
7605,17313,21,1,5
7606,17313,122,1,0
7607,12364,6,1,20
7608,12364,142,3,10
7609,12364,17,1,25
7610,12364,70,1,20
7611,19344,28,1,10
7612,3728,45,1,0
7613,9514,146,1,5
7614,9514,28,2,25
7615,13157,55,2,20
7616,4146,81,2,5
7617,4146,19,2,15
7618,6742,49,4,5
7619,6742,68,2,0
7620,6742,90,1,0
7621,6742,50,2,10
7622,18517,88,1,0
7623,14599,67,3,0
7624,14599,60,1,10
7625,21827,84,2,15
7626,20267,145,1,25
7627,12049,90,1,5
7628,17956,46,1,0
7629,1619,81,3,15
7630,530,95,1,15
7631,14089,66,1,0
7632,3132,55,2,5
7633,3132,64,1,0
7634,9063,102,4,10
7635,9063,93,2,0
7636,9063,131,1,10
7637,18168,66,1,15
7638,20763,63,2,10
7639,11273,34,1,15
7640,3950,46,1,0
7641,3950,73,1,0
7642,18801,115,2,15
7643,18801,45,4,10
7644,18801,142,1,15
7645,11606,138,1,20
7646,11606,104,1,20
7647,11606,63,1,15
7648,2766,73,3,5
7649,2766,52,1,5
7650,2766,144,1,0
7651,22843,52,1,10
7652,23577,37,2,10
7653,23577,99,3,10
7654,23460,88,2,20
7655,23460,128,1,10
7656,23460,141,2,0
7657,23460,36,1,0
7658,19778,83,1,5
7659,1740,140,1,10
7660,8769,91,1,10
7661,2333,85,1,0
7662,18989,66,2,30
7663,16695,73,1,0
7664,16695,54,1,10
7665,1190,131,1,5
7666,10631,46,3,0
7667,8657,78,1,0
7668,23666,138,3,5
7669,1319,6,4,5
7670,3221,81,4,5
7671,3221,73,2,20
7672,4053,124,2,0
7673,4395,68,1,10
7674,13615,53,2,10
7675,2633,128,1,25
7676,2633,3,1,0
7677,2633,85,1,10
7678,2634,59,2,10
7679,13589,117,1,20
7680,169,64,1,5
7681,169,117,1,10
7682,169,53,1,0
7683,1782,75,1,15
7684,16177,43,1,20
7685,16177,3,1,10
7686,16177,52,1,20
7687,16177,68,4,5
7688,16705,16,1,5
7689,12342,48,3,5
7690,12342,138,2,0
7691,8032,147,1,5
7692,7121,37,3,10
7693,16885,56,1,15
7694,16885,143,1,25
7695,15265,42,1,15
7696,5932,55,3,5
7697,5932,146,1,0
7698,24444,50,1,15
7699,24444,57,1,10
7700,24444,66,1,0
7701,15343,29,3,5
7702,15343,21,3,10
7703,24013,146,1,20
7704,24013,131,2,10
7705,20042,47,2,25
7706,8812,141,1,10
7707,6350,17,2,5
7708,24944,73,1,30
7709,24944,70,1,20
7710,24944,76,2,10
7711,21545,67,1,10
7712,21545,40,1,0
7713,8130,147,1,0
7714,14071,81,1,0
7715,17237,141,1,15
7716,17237,146,1,15
7717,20742,90,2,25
7718,20742,55,1,15
7719,7687,60,1,10
7720,14449,55,1,20
7721,7853,55,1,10
7722,101,12,1,5
7723,2587,63,3,5
7724,9798,96,1,10
7725,12766,143,1,5
7726,1227,144,1,0
7727,1227,52,2,5
7728,5734,9,1,0
7729,22655,104,2,15
7730,12771,75,1,10
7731,22388,141,2,10
7732,21305,87,2,20
7733,21305,104,1,5
7734,18722,26,1,10
7735,18722,75,2,0
7736,18722,46,1,10
7737,22505,102,1,30
7738,22505,90,2,0
7739,24816,100,1,10
7740,14458,142,1,0
7741,6290,128,3,5
7742,9436,116,2,15
7743,17311,70,1,0
7744,9537,73,1,25
7745,10729,104,4,0
7746,5363,28,1,0
7747,5363,142,1,5
7748,5363,116,4,15
7749,797,14,1,5
7750,797,124,2,25
7751,797,19,1,5
7752,4477,90,1,10
7753,4477,126,1,5
7754,11358,136,2,20
7755,6896,141,1,10
7756,6896,68,1,20
7757,22262,84,2,0
7758,22262,76,1,5
7759,22262,90,4,5
7760,629,133,1,15
7761,629,90,1,10
7762,16300,45,3,15
7763,16300,14,2,10
7764,4467,123,1,15
7765,22799,126,2,15
7766,22799,145,2,0
7767,22799,76,1,20
7768,20465,21,1,0
7769,16832,149,1,30
7770,15413,75,1,20
7771,4258,73,1,20
7772,12695,1,1,0
7773,2439,61,3,15
7774,3647,20,1,20
7775,2418,118,2,15
7776,21696,49,1,10
7777,21232,146,2,0
7778,13280,95,2,15
7779,2207,102,1,10
7780,8576,140,1,10
7781,8576,14,1,20
7782,6138,15,1,10
7783,6138,70,1,20
7784,8848,124,1,20
7785,8848,98,1,5
7786,13676,142,1,0
7787,23209,142,2,10
7788,23209,65,1,10
7789,23209,66,3,25
7790,23209,20,1,0
7791,19461,84,1,15
7792,19461,19,1,20
7793,19994,102,1,20
7794,23329,7,1,25
7795,23329,38,1,5
7796,15983,146,2,10
7797,15983,81,1,15
7798,10320,34,3,15
7799,10320,28,1,0
7800,6241,126,1,30
7801,6241,76,1,5
7802,6241,141,1,0
7803,14788,75,1,10
7804,23789,124,1,30
7805,23789,149,1,5
7806,23789,71,2,20
7807,10632,73,3,5
7808,21274,129,1,25
7809,21274,37,2,5
7810,21274,29,1,5
7811,5930,55,1,20
7812,5930,42,1,15
7813,5930,75,1,10
7814,6980,141,1,20
7815,23945,75,1,10
7816,14555,104,4,0
7817,16675,42,1,0
7818,8851,52,1,25
7819,19895,42,1,10
7820,19895,19,1,25
7821,19895,142,3,25
7822,21106,116,1,5
7823,21106,42,1,0
7824,16637,149,2,10
7825,16637,90,1,20
7826,16637,70,1,15
7827,2716,71,1,30
7828,17865,37,1,15
7829,17865,29,2,10
7830,23824,45,2,20
7831,23824,129,1,0
7832,7352,122,1,0
7833,11425,56,2,5
7834,6985,66,1,0
7835,1342,8,1,0
7836,22732,72,1,25
7837,22732,45,1,10
7838,1590,60,1,20
7839,16166,66,2,20
7840,16166,101,1,15
7841,16166,38,1,20
7842,8192,24,3,5
7843,22039,24,3,20
7844,11370,122,1,5
7845,13498,66,1,15
7846,13498,43,2,5
7847,8625,139,1,15
7848,1957,72,1,0
7849,21970,93,3,0
7850,21970,121,2,10
7851,6766,29,2,15
7852,6766,120,3,0
7853,3141,72,2,0
7854,23388,141,4,10
7855,23388,104,1,0
7856,23388,25,2,5
7857,2054,102,1,15
7858,14501,120,2,10
7859,14501,73,1,0
7860,21740,30,2,10
7861,23047,67,1,0
7862,21611,143,1,30
7863,7794,52,1,0
7864,7794,62,1,0
7865,8193,125,1,25
7866,5009,141,1,5
7867,3707,137,3,5
7868,3707,140,1,25
7869,2533,70,2,0
7870,2533,85,1,10
7871,2533,75,2,25
7872,2533,126,1,0
7873,21869,21,1,0
7874,20495,128,1,5
7875,20495,85,1,5
7876,15729,90,3,30
7877,15729,105,1,5
7878,15729,121,3,10
7879,15729,35,3,10
7880,7574,14,1,5
7881,15853,71,2,0
7882,15853,104,1,20
7883,12857,104,1,0
7884,12857,50,1,30
7885,10559,26,1,15
7886,22624,28,1,20
7887,15852,101,1,0
7888,12876,123,1,15
7889,22394,12,1,5
7890,22394,74,1,15
7891,22394,60,2,5
7892,15417,90,3,10
7893,15417,28,1,5
7894,15417,42,2,20
7895,7693,122,1,0
7896,17872,124,2,5
7897,17872,141,1,20
7898,7885,69,1,0
7899,3400,50,1,0
7900,3400,111,1,5
7901,13497,129,1,25
7902,10336,90,1,0
7903,21985,104,2,10
7904,6161,45,1,25
7905,20898,70,1,15
7906,23696,54,1,30
7907,12644,110,1,5
7908,12644,125,1,0
7909,5514,27,1,15
7910,14872,115,1,25
7911,14872,60,4,20
7912,11227,40,1,20
7913,11227,126,1,0
7914,11227,28,1,25
7915,11227,46,2,5
7916,5687,52,2,30
7917,5925,28,2,10
7918,8711,134,1,25
7919,8711,121,1,15
7920,15323,70,1,0
7921,5161,65,2,10
7922,695,67,2,0
7923,695,65,1,0
7924,695,104,1,0
7925,16002,145,1,0
7926,16002,118,1,0
7927,16002,107,1,0
7928,23996,68,3,0
7929,23996,6,2,0
7930,23996,140,1,5
7931,14545,56,1,0
7932,14545,28,1,30
7933,13188,115,2,10
7934,10758,96,1,0
7935,10758,140,1,25
7936,10758,94,3,5
7937,17707,60,1,5
7938,5483,141,2,20
7939,19571,96,1,20
7940,23554,27,1,10
7941,23554,100,1,5
7942,23554,74,2,15
7943,9451,71,2,25
7944,9451,138,1,15
7945,11711,66,1,0
7946,7288,70,2,10
7947,20927,143,1,0
7948,15369,91,1,10
7949,15369,42,1,5
7950,15369,70,1,10
7951,15369,51,1,0
7952,18531,143,1,0
7953,9559,73,1,5
7954,20886,42,1,30
7955,20886,128,1,25
7956,20474,70,2,0
7957,18348,19,4,15
7958,622,68,2,0
7959,22274,72,1,10
7960,24042,104,1,25
7961,24042,126,4,5
7962,12430,90,1,20
7963,12430,102,1,20
7964,12430,148,2,0
7965,6070,95,1,0
7966,11880,75,2,15
7967,13448,121,1,0
7968,13448,61,2,15
7969,13448,21,2,0
7970,9441,71,2,10
7971,11454,71,1,20
7972,24262,87,1,10
7973,24262,107,4,0
7974,12192,75,1,10
7975,12192,89,2,10
7976,12192,115,4,25
7977,1936,132,1,5
7978,1936,97,3,10
7979,20310,29,1,5
7980,12064,91,2,0
7981,14336,76,2,25
7982,14336,45,1,15
7983,2460,144,1,25
7984,2460,71,2,20
7985,2460,2,1,15
7986,2460,69,2,15
7987,15776,129,1,0
7988,11521,133,2,10
7989,11521,73,1,10
7990,11521,75,1,10
7991,11521,28,1,20
7992,4121,97,1,5
7993,2015,104,1,10
7994,2015,93,2,0
7995,2015,120,1,20
7996,2015,124,2,10
7997,22477,14,2,30
7998,5974,141,1,0
7999,5974,78,2,10
8000,6752,42,3,20
8001,6752,138,1,20
8002,6752,125,1,25
8003,6755,74,1,5
8004,6755,141,1,5
8005,17278,131,1,20
8006,17278,85,1,10
8007,17278,14,3,10
8008,14066,38,1,5
8009,14066,83,2,30
8010,13189,67,2,10
8011,21906,34,1,20
8012,17450,37,1,15
8013,18189,56,1,5
8014,18189,68,1,10
8015,13028,146,1,0
8016,13028,22,1,15
8017,13028,37,2,25
8018,14264,124,1,15
8019,8791,41,1,5
8020,1592,150,3,20
8021,1592,133,2,10
8022,1592,117,3,5
8023,16596,50,1,20
8024,545,20,1,0
8025,16657,43,1,5
8026,6270,90,3,10
8027,182,88,1,25
8028,182,124,1,10
8029,20507,76,1,10
8030,20507,4,1,0
8031,20305,3,1,10
8032,18562,20,1,5
8033,11452,14,1,15
8034,12713,74,1,10
8035,8304,128,1,10
8036,19563,6,2,15
8037,6149,14,4,15
8038,16818,37,1,10
8039,22422,102,1,15
8040,22422,146,3,20
8041,22422,53,1,5
8042,14799,116,2,15
8043,21968,88,2,15
8044,12091,126,1,15
8045,15107,139,2,0
8046,15107,54,1,10
8047,18541,52,1,30
8048,18541,58,1,15
8049,18541,94,1,15
8050,18541,12,1,20
8051,12885,124,1,10
8052,8886,21,1,0
8053,24855,37,2,20
8054,9499,115,1,5
8055,15792,82,2,0
8056,15792,63,1,0
8057,15792,90,1,30
8058,18233,104,1,0
8059,18233,90,1,15
8060,4946,115,2,25
8061,4587,143,1,20
8062,23582,115,1,0
8063,23787,66,2,0
8064,23477,87,1,20
8065,23477,84,2,5
8066,341,102,1,15
8067,3025,34,1,10
8068,242,60,1,0
8069,242,68,1,20
8070,242,104,3,0
8071,242,141,2,5
8072,24150,92,1,10
8073,24150,133,1,10
8074,24150,124,1,10
8075,19237,43,1,0
8076,20820,6,1,5
8077,20445,40,1,5
8078,18045,37,1,15
8079,18045,72,1,10
8080,17757,124,2,5
8081,17757,28,3,0
8082,17757,69,1,10
8083,17757,97,4,20
8084,17574,60,1,15
8085,17574,117,2,10
8086,17782,74,2,30
8087,3750,95,1,15
8088,3750,69,1,15
8089,3750,117,2,0
8090,2223,64,1,10
8091,2223,67,3,5
8092,2223,21,1,10
8093,24209,42,3,0
8094,24209,62,3,15
8095,24430,142,1,0
8096,24430,136,2,10
8097,7081,110,2,30
8098,13924,146,1,0
8099,13924,3,4,10
8100,12875,107,2,0
8101,6587,141,1,5
8102,6587,104,1,5
8103,20794,89,3,0
8104,20794,88,1,0
8105,4051,100,1,5
8106,10398,117,3,15
8107,10398,139,1,15
8108,10398,61,1,10
8109,13533,3,3,15
8110,17497,118,1,30
8111,14857,110,1,10
8112,18790,141,2,0
8113,15498,19,1,0
8114,4931,103,1,20
8115,4931,90,1,0
8116,4931,104,1,0
8117,4931,111,1,0
8118,1196,42,1,30
8119,17293,17,1,5
8120,2396,149,1,5
8121,1250,122,1,0
8122,8368,133,1,15
8123,8368,80,2,25
8124,19510,67,1,15
8125,727,115,1,25
8126,2219,69,1,20
8127,2481,139,1,15
8128,2481,117,1,5
8129,6884,45,1,10
8130,6884,34,2,5
8131,6884,72,1,5
8132,23421,145,1,15
8133,23421,45,1,20
8134,8831,29,1,25
8135,9620,81,1,25
8136,8274,146,1,25
8137,18901,3,1,5
8138,12750,133,2,10
8139,12750,140,1,10
8140,12750,44,1,15
8141,15100,116,1,15
8142,15100,66,1,0
8143,10988,32,1,5
8144,10988,91,1,20
8145,22228,91,1,10
8146,6619,78,2,20
8147,17908,144,4,20
8148,17908,112,3,5
8149,9542,128,1,5
8150,9135,14,1,0
8151,9135,118,1,30
8152,7662,22,1,25
8153,7365,142,1,0
8154,6009,36,3,10
8155,19405,54,1,0
8156,19405,40,3,10
8157,22687,2,1,5
8158,20104,78,1,0
8159,19905,141,1,0
8160,19905,101,1,25
8161,4186,76,2,0
8162,4186,80,1,0
8163,374,104,1,20
8164,374,118,2,20
8165,20385,14,1,0
8166,21009,74,3,5
8167,23100,139,1,5
8168,23100,88,1,0
8169,23100,81,1,20
8170,23100,126,1,10
8171,4851,81,1,30
8172,4851,121,1,20
8173,22419,36,2,5
8174,15097,136,1,30
8175,10274,14,2,20
8176,10274,81,1,15
8177,10274,104,1,25
8178,15933,73,2,10
8179,15933,139,1,10
8180,15933,90,1,0
8181,69,146,1,30
8182,69,75,1,5
8183,69,63,2,25
8184,69,141,2,15
8185,6220,28,2,15
8186,9732,117,1,15
8187,9732,23,3,25
8188,11501,90,1,10
8189,6524,42,1,20
8190,6524,147,4,30
8191,17638,124,1,30
8192,17638,63,1,10
8193,20919,37,1,20
8194,12806,75,1,15
8195,12806,72,1,5
8196,20928,37,1,5
8197,17603,2,4,20
8198,17603,84,1,5
8199,10833,15,1,30
8200,10833,115,3,5
8201,10833,17,2,10
8202,20541,132,2,25
8203,16888,42,1,15
8204,4941,129,1,0
8205,4941,139,1,15
8206,4941,146,3,10
8207,4941,117,1,10
8208,24957,102,1,0
8209,24957,81,1,5
8210,14476,103,2,10
8211,14476,19,2,15
8212,14476,85,1,5
8213,14476,28,1,25
8214,15027,117,3,10
8215,20900,105,1,5
8216,632,33,2,15
8217,632,63,3,15
8218,6530,24,2,10
8219,8435,95,1,0
8220,7388,56,1,25
8221,23622,146,1,15
8222,18218,46,1,15
8223,18218,136,1,20
8224,10595,117,1,0
8225,10595,60,1,15
8226,10595,142,2,0
8227,10595,34,4,5
8228,378,141,1,5
8229,23907,50,1,5
8230,23916,14,2,20
8231,23916,122,1,10
8232,9377,73,2,10
8233,9377,124,1,15
8234,9377,133,1,5
8235,7704,93,1,5
8236,23363,59,1,30
8237,23363,117,1,10
8238,23363,100,1,10
8239,1792,139,2,10
8240,1792,75,1,5
8241,14805,138,1,0
8242,14805,3,4,0
8243,6852,142,1,5
8244,6852,133,1,5
8245,6852,74,1,10
8246,6852,96,2,25
8247,10878,34,1,20
8248,16437,22,1,20
8249,8293,34,1,10
8250,8293,141,2,10
8251,13895,53,1,15
8252,13895,21,3,0
8253,13895,46,1,20
8254,22018,103,1,5
8255,22018,29,1,0
8256,13425,81,1,0
8257,4658,53,1,20
8258,14112,37,1,15
8259,13656,140,1,5
8260,13656,118,3,30
8261,24247,112,1,15
8262,24247,72,4,5
8263,1421,3,4,10
8264,1421,140,1,20
8265,4047,94,1,0
8266,603,118,1,25
8267,6069,26,1,10
8268,6069,66,1,0
8269,18809,104,1,0
8270,1097,91,2,20
8271,1097,104,1,15
8272,4738,1,1,15
8273,8485,21,3,0
8274,8485,73,2,20
8275,8485,91,1,0
8276,5531,115,1,0
8277,3375,106,1,5
8278,20022,4,3,25
8279,20022,46,2,10
8280,20022,90,1,15
8281,21672,69,2,30
8282,21672,138,1,0
8283,5738,101,1,15
8284,11022,4,1,5
8285,11022,138,1,20
8286,11022,46,1,20
8287,17141,46,2,5
8288,21891,47,2,15
8289,9942,85,1,5
8290,2035,54,1,10
8291,24213,90,1,0
8292,24213,122,2,0
8293,13234,117,2,0
8294,11072,68,1,25
8295,6516,148,1,0
8296,12087,78,1,15
8297,21698,144,1,10
8298,23548,62,1,5
8299,23548,123,2,10
8300,107,81,1,10
8301,107,7,3,10
8302,5501,141,2,10
8303,174,144,2,0
8304,174,30,1,0
8305,23765,2,1,15
8306,14412,43,1,10
8307,14412,70,3,10
8308,2253,134,1,10
8309,23004,116,2,25
8310,10843,28,1,5
8311,10843,131,1,10
8312,23142,91,1,25
8313,23142,93,1,10
8314,4788,21,2,10
8315,4788,84,3,5
8316,4788,42,3,10
8317,2014,52,1,15
8318,2014,84,1,5
8319,2014,93,1,0
8320,2014,124,1,0
8321,9608,141,1,0
8322,13404,43,1,15
8323,16482,24,1,0
8324,14407,21,1,0
8325,14281,134,1,25
8326,14281,125,1,0
8327,14281,116,1,20
8328,14281,142,2,10
8329,14302,104,1,20
8330,1545,42,1,0
8331,11994,28,1,0
8332,11994,68,1,15
8333,11841,25,1,0
8334,11841,69,2,20
8335,18662,47,1,15
8336,9162,95,1,5
8337,9162,149,2,5
8338,9162,67,1,10
8339,9162,20,2,25
8340,6459,149,1,20
8341,10431,55,4,10
8342,24620,55,3,0
8343,18446,101,1,10
8344,18446,68,3,20
8345,12121,15,1,10
8346,12121,70,3,15
8347,12121,89,2,10
8348,19366,140,1,15
8349,19366,135,2,0
8350,9213,129,1,20
8351,9213,47,1,30
8352,20630,6,1,15
8353,20630,53,1,15
8354,20630,41,2,0
8355,24082,66,1,20
8356,12838,124,1,25
8357,12838,28,1,0
8358,12838,59,1,5
8359,12967,88,1,10
8360,12967,127,1,20
8361,13934,78,1,0
8362,13934,124,2,25
8363,9509,48,3,15
8364,21815,78,1,0
8365,21815,143,1,15
8366,793,37,1,30
8367,17996,128,1,0
8368,10863,51,3,0
8369,12320,85,1,5
8370,16794,93,1,10
8371,5437,129,1,0
8372,9517,142,1,20
8373,4842,25,2,0
8374,24966,140,2,25
8375,24966,127,1,20
8376,24966,28,3,0
8377,11690,128,1,30
8378,11690,3,1,0
8379,12245,47,1,0
8380,12245,103,3,0
8381,12245,124,2,0
8382,12245,2,1,20
8383,12606,133,2,5
8384,12606,139,3,0
8385,12606,66,1,5
8386,11727,115,1,5
8387,24099,146,1,0
8388,6152,71,1,25
8389,6152,119,1,0
8390,6152,46,2,10
8391,778,85,2,10
8392,778,81,1,5
8393,16220,90,1,5
8394,16220,124,2,5
8395,19940,141,2,10
8396,24219,136,1,10
8397,24219,53,1,5
8398,18449,19,1,0
8399,18449,86,1,15
8400,18449,66,1,5
8401,1918,143,1,0
8402,1918,150,1,5
8403,17628,133,3,5
8404,17628,63,1,5
8405,20436,141,2,5
8406,20436,126,2,20
8407,17268,139,1,5
8408,17268,60,1,0
8409,864,19,1,0
8410,22878,139,1,10
8411,22878,90,3,15
8412,22878,60,3,15
8413,13858,42,2,10
8414,18134,53,3,15
8415,19786,81,3,0
8416,19786,86,1,5
8417,19786,104,1,0
8418,19786,121,2,15
8419,18649,118,2,5
8420,18649,63,1,20
8421,24881,133,1,0
8422,18305,55,1,10
8423,4924,148,1,0
8424,4924,56,1,5
8425,4924,67,1,5
8426,4924,3,1,10
8427,11965,73,1,5
8428,10305,95,1,10
8429,1189,66,2,5
8430,1189,14,1,0
8431,10541,43,1,15
8432,14720,66,1,20
8433,21789,43,4,15
8434,21040,90,2,5
8435,2261,3,1,20
8436,23838,55,1,0
8437,23838,146,2,0
8438,23838,149,1,15
8439,12228,8,1,0
8440,12228,117,4,0
8441,12228,118,1,5
8442,18925,76,1,0
8443,6179,69,1,10
8444,6179,70,1,0
8445,6179,60,4,30
8446,22638,98,1,10
8447,22638,37,1,20
8448,20629,24,3,20
8449,6799,29,1,15
8450,6799,6,1,10
8451,16347,14,2,25
8452,318,102,1,0
8453,14797,139,1,15
8454,17316,125,4,15
8455,12389,73,1,10
8456,12833,141,1,15
8457,22386,137,2,30
8458,22185,52,1,0
8459,22185,1,1,30
8460,22185,72,1,0
8461,3523,95,3,0
8462,7085,128,2,15
8463,20772,6,2,25
8464,20772,141,1,20
8465,15859,29,1,0
8466,15859,1,3,15
8467,15859,63,1,30
8468,9287,129,1,10
8469,23929,75,1,0
8470,5628,90,3,0
8471,5628,78,2,30
8472,5628,42,1,15
8473,5628,53,1,10
8474,18313,63,1,0
8475,13276,124,2,20
8476,13276,43,1,20
8477,1187,84,1,0
8478,1586,47,1,20
8479,17576,118,1,5
8480,19828,62,3,10
8481,19828,65,1,15
8482,22731,149,1,0
8483,13369,117,2,0
8484,7768,60,1,10
8485,18404,68,1,15
8486,18404,126,1,15
8487,18253,102,1,0
8488,18253,56,2,0
8489,18253,50,1,0
8490,21340,141,1,30
8491,20882,81,2,20
8492,20882,107,1,15
8493,20882,28,1,0
8494,8239,28,2,0
8495,24540,117,1,25
8496,16806,140,1,0
8497,7966,141,2,5
8498,7966,66,1,5
8499,7966,37,1,20
8500,7966,90,1,0
8501,11944,113,1,5
8502,11944,60,1,25
8503,16290,95,1,0
8504,23048,49,1,25
8505,23048,141,1,15
8506,23048,61,2,10
8507,21964,128,1,15
8508,15333,138,1,15
8509,15322,15,1,20
8510,23992,140,1,30
8511,23992,66,1,10
8512,23992,46,2,0
8513,8441,104,1,0
8514,8441,46,2,5
8515,18996,68,4,10
8516,11736,84,1,10
8517,290,81,2,15
8518,24963,7,1,0
8519,22628,142,2,0
8520,6765,14,2,25
8521,11961,29,1,0
8522,11961,117,1,0
8523,11961,20,1,20
8524,11961,140,1,0
8525,11627,80,1,0
8526,11809,67,3,10
8527,11809,11,1,15
8528,4140,71,1,5
8529,2183,8,1,30
8530,2183,74,2,20
8531,15237,31,2,10
8532,22977,146,2,0
8533,22977,46,1,25
8534,22781,78,2,30
8535,2146,52,1,0
8536,11814,54,1,15
8537,12362,110,1,10
8538,12362,136,1,0
8539,18759,132,1,5
8540,18759,55,1,10
8541,8189,42,1,15
8542,6976,16,1,5
8543,16780,150,1,5
8544,5256,80,1,0
8545,5256,115,1,25
8546,19462,16,3,15
8547,3049,2,1,0
8548,3049,63,1,15
8549,7847,139,1,0
8550,23190,66,2,0
8551,23190,129,1,0
8552,3103,118,3,20
8553,215,121,2,10
8554,16441,105,1,5
8555,9588,145,1,5
8556,9618,2,1,15
8557,9618,29,1,30
8558,23536,140,1,10
8559,23840,138,1,0
8560,15109,137,2,10
8561,2567,136,1,5
8562,2567,51,1,30
8563,14484,85,1,10
8564,14484,129,1,0
8565,14484,84,1,10
8566,14484,26,1,0
8567,24732,11,1,15
8568,24038,117,2,5
8569,3639,141,2,15
8570,20394,66,1,5
8571,23721,133,1,20
8572,5041,78,1,20
8573,10966,42,2,10
8574,5415,57,1,5
8575,5415,94,1,0
8576,23272,4,1,15
8577,18089,96,1,0
8578,24665,66,1,10
8579,24665,53,1,15
8580,7354,14,4,25
8581,23774,71,2,5
8582,23774,78,1,20
8583,23774,54,1,0
8584,20538,88,1,5
8585,14847,66,1,10
8586,19274,14,1,20
8587,19274,133,1,0
8588,4997,137,1,20
8589,17552,142,1,5
8590,17552,50,1,5
8591,20576,90,1,25
8592,3653,84,1,20
8593,3602,52,1,30
8594,3602,110,2,0
8595,23641,91,1,10
8596,23641,42,3,25
8597,23641,14,1,0
8598,16559,107,3,5
8599,16559,58,1,0
8600,16559,141,3,0
8601,12418,58,2,0
8602,12418,41,2,20
8603,12418,141,1,5
8604,9710,76,1,10
8605,9710,48,1,5
8606,9710,16,1,0
8607,9710,3,1,0
8608,16741,124,1,10
8609,8656,100,1,10
8610,8656,107,2,20
8611,8656,28,1,0
8612,3576,146,1,0
8613,17072,142,1,5
8614,3230,104,1,20
8615,3230,14,2,10
8616,3230,90,2,0
8617,9516,51,1,30
8618,9516,36,1,20
8619,7239,116,1,5
8620,7239,70,1,0
8621,1012,77,1,10
8622,6153,59,1,10
8623,14715,48,1,0
8624,14715,37,2,20
8625,15367,84,2,30
8626,15367,99,1,0
8627,15367,67,1,0
8628,18275,121,2,5
8629,18275,84,2,0
8630,18275,105,1,10
8631,18275,62,1,5
8632,14641,30,1,5
8633,21182,57,1,20
8634,1793,137,2,30
8635,3948,125,1,30
8636,3948,122,1,15
8637,3948,102,1,0
8638,13653,84,2,0
8639,13653,104,2,0
8640,5482,103,1,5
8641,5482,78,1,15
8642,5482,75,2,25
8643,9911,145,2,5
8644,9911,46,1,10
8645,20108,142,1,5
8646,21626,20,1,0
8647,21626,141,1,10
8648,12167,105,1,5
8649,12167,62,2,10
8650,15430,43,2,30
8651,24044,93,1,10
8652,24044,3,3,5
8653,24044,7,1,5
8654,15881,73,2,5
8655,67,50,1,30
8656,67,88,2,10
8657,67,71,1,20
8658,6965,59,1,25
8659,24146,104,1,30
8660,9073,137,1,20
8661,514,28,1,15
8662,163,128,2,20
8663,2202,66,1,5
8664,17693,60,1,10
8665,16065,105,1,25
8666,16065,66,1,10
8667,16065,29,2,0
8668,16065,135,1,5
8669,13065,71,1,0
8670,13065,62,1,15
8671,13065,66,1,0
8672,13065,149,1,20
8673,24163,71,1,20
8674,13032,66,1,5
8675,7944,104,1,10
8676,7944,48,1,0
8677,7944,141,2,25
8678,20870,6,1,25
8679,5626,97,1,20
8680,8488,90,2,5
8681,8488,78,2,15
8682,4661,143,1,25
8683,21265,28,1,20
8684,24356,149,1,0
8685,24356,36,2,20
8686,19686,46,2,15
8687,19686,73,1,20
8688,19185,24,1,0
8689,5445,68,2,0
8690,20405,91,2,10
8691,16165,73,1,10
8692,12855,75,1,20
8693,12855,37,3,15
8694,12855,70,3,0
8695,12855,102,1,0
8696,7844,117,1,30
8697,7844,28,2,0
8698,13733,14,1,0
8699,17317,31,4,0
8700,21366,58,1,20
8701,21366,139,1,20
8702,17238,14,1,15
8703,5262,139,1,25
8704,2761,60,1,5
8705,6194,54,3,20
8706,11177,27,2,10
8707,16057,75,3,15
8708,4556,122,1,15
8709,4556,142,1,20
8710,9561,72,1,25
8711,9561,142,1,20
8712,17145,91,1,10
8713,18675,133,2,10
8714,4283,115,1,15
8715,4283,146,3,15
8716,4283,42,1,5
8717,9358,105,1,0
8718,9358,136,1,20
8719,21252,90,1,5
8720,13599,20,1,0
8721,13599,91,2,5
8722,4466,124,1,25
8723,7274,75,1,15
8724,20188,55,1,0
8725,20188,51,2,15
8726,20188,90,2,15
8727,12376,92,2,20
8728,12376,95,2,0
8729,12376,126,1,10
8730,10527,115,1,0
8731,10527,90,1,25
8732,23873,71,1,10
8733,7351,89,1,15
8734,1215,142,1,0
8735,12048,128,2,0
8736,12048,75,1,10
8737,2141,107,1,30
8738,14096,12,2,10
8739,6591,118,1,20
8740,2285,51,1,0
8741,418,14,1,0
8742,418,20,2,0
8743,7468,147,3,5
8744,12734,133,1,0
8745,13505,126,1,5
8746,13505,1,1,10
8747,20162,3,1,15
8748,17470,27,1,5
8749,17470,37,1,10
8750,14938,126,2,15
8751,6458,34,1,10
8752,10886,100,1,5
8753,2936,105,3,15
8754,2936,89,4,10
8755,3933,66,1,30
8756,11591,60,1,30
8757,11591,15,1,20
8758,8150,20,2,15
8759,13370,125,2,25
8760,13370,84,1,20
8761,13370,104,1,10
8762,22471,1,1,5
8763,22471,103,2,15
8764,10648,72,2,30
8765,10648,36,2,5
8766,22644,88,3,20
8767,23375,54,2,15
8768,12409,12,3,10
8769,12409,105,2,0
8770,4680,12,1,30
8771,4680,85,1,30
8772,8090,78,1,30
8773,8090,141,1,10
8774,21913,96,1,20
8775,21913,128,1,15
8776,21913,93,1,5
8777,22171,72,1,5
8778,22171,101,1,10
8779,22171,28,1,10
8780,14353,67,1,5
8781,14353,95,2,20
8782,10975,143,3,20
8783,15765,55,1,5
8784,18072,71,2,10
8785,18072,68,1,5
8786,21725,3,1,20
8787,21725,146,2,15
8788,22968,40,2,20
8789,22968,117,1,5
8790,22968,71,1,5
8791,4679,54,4,10
8792,4679,76,1,10
8793,9894,90,1,25
8794,9894,55,1,5
8795,10822,124,1,0
8796,5213,78,1,25
8797,5213,76,1,0
8798,23902,142,1,0
8799,21430,143,1,5
8800,21430,124,1,10
8801,21430,100,1,20
8802,13734,110,1,5
8803,13573,93,1,25
8804,13573,75,1,10
8805,14306,117,1,5
8806,4144,96,1,25
8807,4144,31,1,10
8808,11659,116,1,15
8809,230,75,1,5
8810,230,54,1,10
8811,230,136,1,5
8812,12388,104,2,20
8813,12388,139,1,0
8814,21290,71,1,0
8815,16388,140,1,5
8816,14042,144,4,25
8817,16216,96,3,10
8818,16216,66,2,10
8819,16216,42,1,15
8820,10774,137,1,25
8821,10774,139,3,15
8822,22852,143,2,0
8823,14051,84,1,10
8824,14051,139,2,15
8825,6939,50,2,5
8826,16756,70,1,20
8827,16756,77,2,30
8828,22788,117,1,5
8829,24107,47,1,5
8830,6381,78,2,0
8831,1486,107,1,5
8832,5710,146,1,25
8833,14748,28,1,20
8834,2151,55,2,10
8835,2151,128,3,25
8836,23811,48,2,5
8837,23811,124,1,10
8838,8976,78,2,30
8839,8976,149,1,5
8840,2932,123,2,5
8841,22501,70,1,10
8842,19951,71,1,5
8843,19951,54,1,10
8844,5294,20,2,20
8845,5294,67,1,15
8846,6494,91,1,15
8847,6494,122,2,15
8848,13463,90,1,10
8849,11639,93,1,15
8850,11639,53,1,20
8851,11639,71,1,15
8852,8497,30,1,20
8853,13283,91,1,20
8854,13283,149,1,10
8855,13283,50,1,5
8856,24618,79,4,5
8857,24618,14,2,10
8858,24618,96,1,25
8859,4989,142,1,15
8860,8768,139,2,0
8861,8475,107,3,25
8862,8475,74,1,0
8863,6000,94,1,10
8864,6000,88,1,0
8865,21589,17,1,0
8866,2466,116,1,30
8867,2466,81,1,5
8868,2466,55,1,15
8869,2466,139,1,5
8870,23512,14,1,20
8871,23512,28,1,10
8872,23512,71,1,5
8873,23512,16,3,0
8874,16615,123,2,0
8875,16615,76,1,25
8876,19877,143,1,30
8877,19877,104,1,30
8878,8060,125,1,0
8879,8060,50,2,5
8880,377,16,1,30
8881,11352,75,2,5
8882,1965,63,1,0
8883,1706,128,4,0
8884,1706,55,2,5
8885,11082,66,1,20
8886,10646,14,1,0
8887,10646,104,1,0
8888,18010,75,2,10
8889,23949,128,2,15
8890,9241,46,1,15
8891,18210,138,3,10
8892,18210,71,1,0
8893,18210,34,1,5
8894,9562,121,1,10
8895,9562,46,1,15
8896,16242,118,3,15
8897,20460,117,1,0
8898,7005,117,1,25
8899,7626,37,4,20
8900,7626,128,2,0
8901,6610,76,1,5
8902,19976,68,1,25
8903,10454,133,1,0
8904,10454,91,1,5
8905,10454,88,1,0
8906,23985,142,1,15
8907,23985,29,1,15
8908,20280,102,2,15
8909,595,65,1,0
8910,24050,128,2,25
8911,24050,142,1,0
8912,4338,142,2,0
8913,4098,31,1,5
8914,4098,141,2,0
8915,4098,94,1,15
8916,22234,95,1,5
8917,18439,96,1,25
8918,18439,100,1,25
8919,2721,46,1,0
8920,2721,2,2,15
8921,2721,137,1,5
8922,17035,139,3,10
8923,17035,19,1,0
8924,17035,143,1,5
8925,17035,62,1,15
8926,7654,68,1,10
8927,22491,146,1,0
8928,14661,139,1,15
8929,21601,84,3,0
8930,21601,21,2,15
8931,7371,142,1,20
8932,6204,48,1,20
8933,6204,127,1,10
8934,6204,54,1,25
8935,5311,50,1,25
8936,5311,32,1,10
8937,5311,12,1,10
8938,14380,107,3,10
8939,5076,141,2,20
8940,24778,126,1,0
8941,21715,12,3,30
8942,21715,64,1,15
8943,21715,138,1,15
8944,11979,124,1,0
8945,11979,98,1,20
8946,4685,93,1,0
8947,12984,112,3,20
8948,4444,90,1,15
8949,4444,17,1,5
8950,24973,133,1,0
8951,24973,144,1,20
8952,18720,38,1,10
8953,18720,9,1,10
8954,11557,125,1,0
8955,12602,54,2,25
8956,1024,142,1,20
8957,22703,15,1,5
8958,22703,138,1,20
8959,11250,52,2,10
8960,12098,94,1,0
8961,12098,36,3,20
8962,6565,96,1,25
8963,4294,62,1,10
8964,4294,70,4,25
8965,5091,124,1,0
8966,5091,80,2,15
8967,23080,100,1,0
8968,9363,90,1,15
8969,9363,124,2,0
8970,4198,72,1,10
8971,13191,110,1,30
8972,10749,144,1,10
8973,3481,56,1,20
8974,3481,84,2,5
8975,20463,99,1,25
8976,1976,142,1,0
8977,667,97,1,0
8978,16254,70,1,15
8979,16254,59,1,0
8980,16254,64,1,10
8981,4705,137,1,10
8982,23231,53,2,20
8983,23231,140,1,5
8984,192,6,1,10
8985,5563,141,1,5
8986,5563,149,1,25
8987,10546,117,1,20
8988,10546,6,1,0
8989,19840,109,1,5
8990,19112,3,1,0
8991,16122,26,1,0
8992,17575,131,1,10
8993,8725,74,1,25
8994,15820,55,1,15
8995,9532,71,1,0
8996,7025,117,1,15
8997,9238,43,4,10
8998,17978,35,1,15
8999,17978,90,2,5
9000,365,109,1,20
9001,365,107,2,0
9002,5841,6,1,15
9003,5841,8,1,15
9004,8191,142,1,0
9005,8191,126,2,20
9006,8191,55,2,5
9007,8191,124,2,0
9008,10869,29,1,30
9009,10869,12,1,10
9010,14917,90,1,0
9011,14917,20,1,20
9012,12783,59,1,20
9013,12783,67,1,15
9014,14991,64,2,5
9015,14991,75,2,20
9016,14991,117,1,15
9017,2548,56,1,25
9018,2548,76,1,5
9019,2548,55,1,15
9020,2548,115,1,25
9021,5816,61,3,5
9022,5816,148,1,10
9023,2884,68,1,10
9024,2884,87,2,0
9025,699,23,1,5
9026,4876,141,1,0
9027,4876,63,1,25
9028,4876,75,1,20
9029,15973,117,1,10
9030,24667,12,1,15
9031,24667,81,3,5
9032,24667,126,1,30
9033,17899,104,2,20
9034,20868,63,2,15
9035,20868,29,1,5
9036,18228,149,2,0
9037,18228,142,2,10
9038,19413,25,1,5
9039,15156,69,4,30
9040,24708,94,1,0
9041,24708,102,1,0
9042,24708,147,2,20
9043,18882,38,1,20
9044,18211,47,2,10
9045,18211,20,1,15
9046,17037,129,1,25
9047,23292,139,3,20
9048,23292,99,1,30
9049,13290,102,1,10
9050,9982,61,1,15
9051,2958,73,2,0
9052,2958,134,2,10
9053,2958,28,1,15
9054,6468,126,3,10
9055,6468,53,2,15
9056,6468,129,1,0
9057,8917,56,4,0
9058,4523,102,1,5
9059,4523,139,3,30
9060,4523,11,2,10
9061,22077,109,2,25
9062,14421,117,1,30
9063,23158,64,1,5
9064,23158,71,2,10
9065,23158,81,2,20
9066,22931,121,2,0
9067,21840,136,2,0
9068,8048,66,3,0
9069,13768,53,1,30
9070,13768,72,4,5
9071,13768,1,2,0
9072,13768,28,1,10
9073,11816,95,1,30
9074,24072,142,1,25
9075,9136,75,1,15
9076,3657,121,1,20
9077,20325,95,1,10
9078,7664,117,1,0
9079,7416,63,4,15
9080,7416,104,1,10
9081,7416,71,3,15
9082,21347,66,1,5
9083,143,117,4,25
9084,143,107,1,15
9085,143,90,1,10
9086,143,128,1,25
9087,18373,20,2,5
9088,17692,71,2,10
9089,18510,142,2,5
9090,17137,145,3,0
9091,17137,41,1,10
9092,20449,80,1,0
9093,1270,85,2,30
9094,4659,38,2,5
9095,4659,136,2,15
9096,4659,118,1,20
9097,10912,70,1,10
9098,21643,75,1,0
9099,23580,61,2,0
9100,23580,37,1,15
9101,1696,115,3,0
9102,1696,107,1,5
9103,1696,46,1,5
9104,1696,105,1,5
9105,5094,95,1,0
9106,5094,26,1,25
9107,1992,126,1,10
9108,8001,50,1,5
9109,8001,29,1,25
9110,8001,22,1,15
9111,21636,91,2,20
9112,21636,143,3,15
9113,15146,54,2,10
9114,7241,137,1,0
9115,13306,30,1,10
9116,13306,67,3,0
9117,728,47,3,10
9118,728,50,1,15
9119,11733,104,2,15
9120,11733,4,4,0
9121,11733,72,2,10
9122,17253,28,2,0
9123,8294,68,1,20
9124,8294,141,1,0
9125,9317,141,2,0
9126,9317,67,1,0
9127,21343,104,1,25
9128,7409,96,2,5
9129,2805,105,2,15
9130,2805,140,2,10
9131,14343,42,1,10
9132,6869,137,1,15
9133,6869,75,1,5
9134,6869,14,1,25
9135,754,102,1,10
9136,22583,38,3,0
9137,20292,110,1,10
9138,20292,98,2,30
9139,24251,46,1,30
9140,24251,139,1,30
9141,1093,90,1,0
9142,4779,139,1,5
9143,4779,14,2,10
9144,4779,112,1,10
9145,20286,115,1,15
9146,10475,146,1,15
9147,2691,71,4,10
9148,22988,125,1,10
9149,22988,124,2,15
9150,22720,71,1,5
9151,19380,42,1,5
9152,5843,42,4,20
9153,98,132,1,5
9154,15274,43,2,10
9155,6341,46,1,15
9156,726,70,1,15
9157,726,105,1,20
9158,23542,117,2,10
9159,23542,97,1,0
9160,23542,28,1,10
9161,3045,42,2,20
9162,3045,12,2,15
9163,3045,117,1,0
9164,8626,117,4,5
9165,8626,128,2,15
9166,8626,150,3,30
9167,14474,76,1,0
9168,13982,139,1,5
9169,13982,28,3,10
9170,13982,29,1,5
9171,5748,73,1,10
9172,3876,67,1,20
9173,9822,133,2,15
9174,20287,42,1,10
9175,18304,124,3,20
9176,18651,139,1,5
9177,24297,107,1,5
9178,24297,71,1,5
9179,24297,60,1,10
9180,10981,105,2,5
9181,10981,75,1,5
9182,6915,117,1,10
9183,17375,46,1,10
9184,23690,73,1,5
9185,15626,72,3,20
9186,11573,140,2,15
9187,11573,91,1,30
9188,11573,72,1,15
9189,11573,42,1,20
9190,21260,118,1,15
9191,21260,51,2,15
9192,7311,104,3,30
9193,24795,70,1,20
9194,4865,10,2,25
9195,5004,8,1,10
9196,5004,29,2,20
9197,10362,96,2,15
9198,9598,21,3,0
9199,9598,117,1,25
9200,13631,66,1,10
9201,19042,5,1,10
9202,19042,107,1,20
9203,2191,48,2,5
9204,2191,60,2,15
9205,1724,40,2,10
9206,2077,117,4,25
9207,2077,64,1,5
9208,6200,28,1,25
9209,16445,116,1,0
9210,3926,146,1,25
9211,23981,141,3,5
9212,766,102,1,10
9213,766,91,1,15
9214,19716,55,1,5
9215,19716,71,4,0
9216,19716,54,2,20
9217,19782,87,1,0
9218,7466,29,2,0
9219,18981,17,1,15
9220,18981,73,3,0
9221,17895,79,1,10
9222,17895,124,2,25
9223,21790,23,3,15
9224,21790,141,1,15
9225,21790,100,1,10
9226,780,115,1,30
9227,13764,142,2,15
9228,13764,147,1,10
9229,4364,123,1,5
9230,6154,90,1,15
9231,6154,128,1,15
9232,20501,3,2,0
9233,12355,124,1,5
9234,17476,37,1,5
9235,5929,90,1,15
9236,5929,28,1,10
9237,5929,128,1,5
9238,21767,128,1,0
9239,21767,118,1,5
9240,21767,31,1,10
9241,12574,147,1,5
9242,18098,117,1,5
9243,19781,42,1,5
9244,8341,3,3,5
9245,8341,28,1,0
9246,8341,101,1,10
9247,23763,127,1,10
9248,23763,95,1,10
9249,23763,90,1,25
9250,10455,90,2,0
9251,10455,71,1,5
9252,18920,129,2,15
9253,11913,115,1,15
9254,10687,54,1,10
9255,24771,128,1,25
9256,1458,128,1,10
9257,7552,142,1,5
9258,559,104,1,0
9259,559,118,1,10
9260,11439,148,3,0
9261,21248,125,2,15
9262,12329,128,1,25
9263,12329,71,2,0
9264,16144,1,1,15
9265,16865,25,1,0
9266,23415,95,1,20
9267,15463,139,3,10
9268,22979,66,1,5
9269,1568,128,1,20
9270,1568,43,1,5
9271,21302,69,2,5
9272,21302,122,2,5
9273,5515,128,3,10
9274,19258,96,2,20
9275,24300,87,1,20
9276,5459,143,1,5
9277,18922,91,1,5
9278,6347,49,2,15
9279,6347,21,3,30
9280,6347,34,2,10
9281,17517,42,2,0
9282,23282,148,1,10
9283,23282,98,1,15
9284,23282,91,1,0
9285,23282,54,1,20
9286,4692,102,1,25
9287,4692,110,1,25
9288,4692,56,2,0
9289,4692,3,2,10
9290,22900,142,2,20
9291,14866,103,2,10
9292,14866,105,2,5
9293,3269,104,1,10
9294,16545,104,1,10
9295,16545,42,1,5
9296,16545,26,4,0
9297,3286,29,1,10
9298,3286,107,2,10
9299,3286,93,1,5
9300,3286,3,1,5
9301,12126,110,1,0
9302,14674,89,1,0
9303,18499,11,1,15
9304,18910,54,1,10
9305,18910,55,1,15
9306,4161,142,1,0
9307,21949,91,1,20
9308,18075,81,1,25
9309,18906,14,2,0
9310,18906,64,1,10
9311,18906,9,1,10
9312,18257,69,2,5
9313,16917,46,1,10
9314,16917,66,1,20
9315,20172,87,2,10
9316,8937,141,1,0
9317,8937,132,1,20
9318,8937,142,2,5
9319,4626,54,1,0
9320,759,139,1,10
9321,8715,139,1,0
9322,8715,141,2,5
9323,930,136,2,0
9324,10685,109,1,10
9325,10685,34,1,10
9326,5048,76,2,20
9327,5048,70,1,10
9328,19016,125,3,10
9329,10347,68,1,15
9330,11110,124,1,15
9331,16282,20,1,20
9332,14389,95,2,10
9333,14389,122,1,20
9334,14389,66,1,15
9335,14389,124,2,30
9336,19872,45,1,25
9337,19872,136,1,15
9338,5959,29,1,0
9339,5959,138,3,20
9340,20454,103,1,5
9341,18972,96,2,25
9342,1472,139,1,10
9343,1472,65,1,30
9344,1472,72,1,10
9345,21859,102,3,20
9346,21859,137,1,0
9347,7500,2,1,15
9348,8221,64,2,20
9349,8221,88,1,15
9350,8221,147,1,0
9351,9042,50,1,0
9352,9042,95,1,20
9353,21620,93,2,10
9354,12685,126,2,5
9355,12685,42,2,10
9356,12685,53,1,0
9357,6165,68,1,20
9358,18020,143,2,5
9359,18020,81,1,20
9360,18020,118,1,0
9361,8300,104,1,0
9362,17567,124,2,10
9363,4274,114,1,10
9364,4274,139,1,25
9365,21434,118,1,10
9366,13459,77,1,10
9367,14669,104,1,15
9368,13846,105,2,30
9369,13846,91,2,0
9370,13846,78,1,0
9371,4734,121,1,5
9372,12534,139,1,0
9373,12534,8,1,0
9374,11140,83,1,25
9375,11634,125,1,0
9376,16636,70,2,25
9377,6959,104,1,25
9378,21370,93,1,15
9379,21370,136,1,20
9380,1078,68,1,15
9381,1078,142,1,5
9382,1078,146,1,5
9383,24899,25,1,0
9384,7695,63,1,0
9385,7695,68,1,0
9386,20663,90,1,20
9387,20663,65,1,0
9388,2493,87,2,15
9389,5306,124,1,10
9390,18158,81,1,0
9391,18158,63,2,0
9392,21605,19,1,15
9393,21605,53,2,15
9394,21605,88,1,0
9395,13952,72,1,5
9396,13952,112,2,0
9397,13952,102,2,15
9398,3223,117,1,20
9399,12123,90,2,10
9400,2022,42,1,0
9401,22224,126,2,10
9402,22224,81,1,20
9403,7012,15,3,10
9404,7012,128,1,15
9405,10158,55,1,0
9406,7593,74,1,30
9407,3808,88,1,0
9408,3808,43,1,5
9409,8490,87,2,15
9410,8490,64,1,5
9411,9839,136,2,5
9412,9839,15,1,5
9413,16697,6,1,20
9414,1411,142,1,0
9415,1411,84,2,15
9416,19423,21,1,0
9417,12864,132,2,0
9418,12864,124,1,15
9419,12864,90,1,5
9420,12864,16,1,20
9421,3060,27,3,0
9422,17310,136,1,10
9423,9723,55,1,30
9424,9723,34,1,30
9425,6907,64,1,0
9426,11946,125,3,15
9427,5707,68,1,5
9428,5707,51,1,5
9429,3972,89,2,10
9430,19972,136,2,15
9431,19972,118,1,0
9432,12023,90,1,0
9433,12023,22,1,15
9434,12023,24,1,10
9435,12023,114,2,5
9436,20560,126,1,0
9437,4591,98,1,10
9438,4591,131,1,30
9439,487,15,1,0
9440,55,7,1,20
9441,24337,136,1,25
9442,4960,140,1,5
9443,4960,93,1,20
9444,4960,62,1,5
9445,19294,128,1,20
9446,19294,96,1,10
9447,19294,64,4,15
9448,23743,2,2,10
9449,988,84,1,15
9450,9990,55,4,10
9451,9990,142,1,10
9452,6239,126,2,20
9453,6239,133,1,5
9454,3969,133,1,10
9455,9885,37,3,5
9456,10129,146,1,10
9457,19161,54,2,10
9458,19267,124,1,10
9459,18794,6,1,15
9460,17776,87,2,5
9461,8099,128,1,15
9462,23886,19,1,20
9463,23886,104,1,25
9464,12879,131,1,0
9465,14348,48,1,5
9466,769,141,2,5
9467,17447,126,1,15
9468,16836,137,3,0
9469,16535,63,2,15
9470,19245,59,1,20
9471,19245,28,2,10
9472,19245,105,1,5
9473,12011,75,3,25
9474,12011,93,1,5
9475,18447,12,1,10
9476,14016,19,1,0
9477,16682,53,1,20
9478,12073,2,1,30
9479,12073,52,1,15
9480,12073,96,1,10
9481,13588,80,1,0
9482,6397,118,4,20
9483,2722,55,1,0
9484,2722,110,3,25
9485,2722,125,1,15
9486,2722,47,4,0
9487,5125,81,1,5
9488,5125,63,1,0
9489,22493,81,2,5
9490,24158,117,1,0
9491,24158,101,2,0
9492,24158,76,1,5
9493,20787,107,2,30
9494,20787,112,1,0
9495,20787,122,4,10
9496,15719,89,3,0
9497,15719,110,1,25
9498,15719,88,1,25
9499,24689,144,1,0
9500,16978,126,1,10
9501,4837,67,1,20
9502,21136,125,1,20
9503,21136,91,1,5
9504,2684,128,1,0
9505,24293,89,2,25
9506,24293,36,1,20
9507,979,139,1,25
9508,18673,125,2,0
9509,18673,145,3,10
9510,22473,51,1,0
9511,22473,37,1,10
9512,22473,3,3,0
9513,2523,145,2,5
9514,15431,128,2,20
9515,15431,12,3,15
9516,15431,24,1,15
9517,20535,146,2,5
9518,22417,53,1,10
9519,22417,142,1,20
9520,22417,102,1,20
9521,21882,142,2,10
9522,9284,105,2,5
9523,3068,52,1,0
9524,1977,63,1,10
9525,1977,148,2,15
9526,1977,121,1,15
9527,1977,28,1,15
9528,11201,2,3,25
9529,11201,114,1,30
9530,11201,57,1,10
9531,2627,91,1,5
9532,12767,76,1,0
9533,12767,37,1,20
9534,12767,104,3,10
9535,11365,28,1,0
9536,11365,73,1,15
9537,3447,67,3,0
9538,15268,140,1,5
9539,15268,117,1,0
9540,2673,61,1,20
9541,20516,33,4,15
9542,20516,13,1,5
9543,12900,137,1,0
9544,12900,141,1,0
9545,207,136,3,5
9546,269,76,1,25
9547,13049,139,1,5
9548,11848,126,1,15
9549,11848,65,1,0
9550,24462,117,2,0
9551,2143,139,2,10
9552,9236,141,1,5
9553,3008,69,2,0
9554,3008,61,1,5
9555,19893,81,2,0
9556,19893,125,3,10
9557,19893,122,1,10
9558,24900,91,1,20
9559,24900,96,1,10
9560,19665,84,3,5
9561,19665,64,1,15
9562,24568,29,1,10
9563,21516,149,2,0
9564,21516,125,1,0
9565,21516,42,1,0
9566,1337,55,3,20
9567,19006,84,1,10
9568,11472,19,1,10
9569,22566,141,2,5
9570,15755,67,1,25
9571,22633,142,1,10
9572,22633,133,1,0
9573,4174,73,2,25
9574,15461,14,3,15
9575,15022,20,3,30
9576,15022,128,1,10
9577,15022,3,1,20
9578,5046,53,1,10
9579,5046,49,1,5
9580,22272,94,1,0
9581,22272,81,2,20
9582,22272,78,1,25
9583,22272,73,1,0
9584,1985,40,1,0
9585,1985,52,1,0
9586,16983,141,2,10
9587,6709,95,1,0
9588,17245,84,1,0
9589,17245,149,2,15
9590,22612,91,4,0
9591,23353,24,1,0
9592,23353,125,1,20
9593,20680,143,1,10
9594,17294,139,2,0
9595,13095,85,2,15
9596,23253,107,4,15
9597,3649,98,1,10
9598,3649,90,2,10
9599,16434,107,2,0
9600,13236,85,4,5
9601,13236,70,2,25
9602,13236,114,1,20
9603,7240,94,1,0
9604,7240,42,1,10
9605,7240,20,1,5
9606,16064,72,1,25
9607,16064,86,1,20
9608,23099,104,1,0
9609,5268,93,1,5
9610,24814,91,1,10
9611,24814,67,4,0
9612,24814,12,1,30
9613,10947,87,1,0
9614,10947,90,1,10
9615,10947,96,1,5
9616,10947,26,1,25
9617,498,56,2,10
9618,11207,111,1,0
9619,15887,14,1,15
9620,20343,68,1,15
9621,20343,46,2,20
9622,4327,12,1,20
9623,16214,95,1,20
9624,9428,98,3,10
9625,14401,68,1,15
9626,14401,28,1,10
9627,9387,138,3,10
9628,20269,128,2,15
9629,7883,84,3,20
9630,7883,29,3,0
9631,7883,149,4,10
9632,14740,102,1,5
9633,10478,139,2,30
9634,4182,133,1,5
9635,4969,12,1,30
9636,4969,149,1,5
9637,4969,101,2,0
9638,16988,102,2,10
9639,16988,73,1,10
9640,16988,128,2,25
9641,6147,146,1,10
9642,6147,144,1,10
9643,2601,115,1,25
9644,2601,94,1,10
9645,2601,128,2,20
9646,20977,53,1,5
9647,19642,90,2,30
9648,19642,117,1,25
9649,19642,71,2,5
9650,18486,139,1,5
9651,4540,104,1,15
9652,4768,141,1,5
9653,15949,133,1,10
9654,9402,6,1,10
9655,9402,85,2,15
9656,8850,40,1,10
9657,11456,56,2,0
9658,16712,19,1,0
9659,1825,148,1,5
9660,7838,2,2,5
9661,7838,29,1,0
9662,14552,140,1,10
9663,12698,21,1,5
9664,12698,100,2,0
9665,1256,72,1,5
9666,1256,61,2,0
9667,1256,71,1,0
9668,1256,19,1,10
9669,4333,61,1,15
9670,4333,37,1,15
9671,6043,29,3,0
9672,18100,75,1,20
9673,18100,85,2,15
9674,2259,58,2,0
9675,6475,11,1,5
9676,6475,76,1,20
9677,6475,132,2,20
9678,6475,93,2,0
9679,11343,41,1,20
9680,20245,142,1,15
9681,20693,112,1,0
9682,19740,90,1,15
9683,1575,19,1,10
9684,1575,88,1,10
9685,7507,141,1,0
9686,1812,143,2,5
9687,16862,17,1,0
9688,16862,146,1,5
9689,20721,141,1,10
9690,10890,30,1,10
9691,20746,90,3,30
9692,21910,56,1,0
9693,21910,14,2,0
9694,21910,87,1,25
9695,19667,124,1,15
9696,19667,139,2,15
9697,11111,14,1,25
9698,6223,66,3,5
9699,6223,95,1,30
9700,6786,81,2,15
9701,1890,133,1,0
9702,15539,94,1,5
9703,18330,78,2,15
9704,9544,107,1,10
9705,9544,46,1,10
9706,9544,129,1,10
9707,14687,71,2,20
9708,19827,134,1,10
9709,21825,133,1,15
9710,2352,63,2,25
9711,2352,42,1,30
9712,2352,90,1,15
9713,18444,65,1,15
9714,21301,95,2,15
9715,17448,28,1,10
9716,10071,14,1,10
9717,16666,45,1,0
9718,16666,6,1,20
9719,16666,35,1,25
9720,9028,59,1,0
9721,9028,91,1,30
9722,21241,2,2,15
9723,21241,65,1,10
9724,7448,142,1,15
9725,7448,61,1,10
9726,12850,93,1,0
9727,6462,6,1,25
9728,6462,68,1,15
9729,6462,70,1,15
9730,1617,141,1,0
9731,1617,126,2,15
9732,1617,100,2,15
9733,1617,93,2,0
9734,14218,42,1,25
9735,14218,99,1,20
9736,14218,81,1,25
9737,23064,140,3,20
9738,3159,148,2,10
9739,3159,61,1,10
9740,10772,28,1,0
9741,3010,3,2,10
9742,3010,74,1,0
9743,3010,6,1,0
9744,3010,72,1,5
9745,1456,37,1,10
9746,15814,82,3,0
9747,13485,95,4,20
9748,13485,143,2,10
9749,17673,114,1,15
9750,22528,39,1,0
9751,22528,61,1,25
9752,16604,21,3,10
9753,18217,96,3,20
9754,10738,94,1,15
9755,11461,132,2,15
9756,12131,140,2,5
9757,17918,75,1,0
9758,17918,102,1,10
9759,7795,89,1,25
9760,24374,104,1,25
9761,21889,124,1,5
9762,21889,90,1,5
9763,21889,84,2,10
9764,16079,131,2,10
9765,22181,144,1,15
9766,1600,124,2,15
9767,17640,140,1,5
9768,13673,90,2,0
9769,3585,140,2,5
9770,16954,24,1,15
9771,21408,102,2,0
9772,13923,8,1,5
9773,18491,122,1,0
9774,18491,66,1,0
9775,22610,14,2,20
9776,22610,54,1,10
9777,13396,91,1,15
9778,13396,139,2,5
9779,15392,35,1,20
9780,15392,115,1,15
9781,15392,33,1,25
9782,20913,33,1,0
9783,4935,141,1,5
9784,4935,124,1,20
9785,4935,117,3,15
9786,4935,19,1,20
9787,711,19,1,5
9788,711,107,1,15
9789,15395,73,2,10
9790,15395,126,1,30
9791,19848,76,1,5
9792,19848,138,2,0
9793,19848,64,3,25
9794,16117,68,2,30
9795,13430,33,1,5
9796,13430,56,1,10
9797,4355,28,2,30
9798,4355,24,1,20
9799,13405,43,3,20
9800,10289,147,2,10
9801,16414,69,1,0
9802,22221,71,1,5
9803,11620,104,1,10
9804,11620,102,1,30
9805,11620,127,2,15
9806,2354,42,2,10
9807,5838,26,2,20
9808,5838,133,2,5
9809,7545,93,1,10
9810,21534,95,1,15
9811,5290,37,1,0
9812,5290,91,1,5
9813,5290,85,1,5
9814,15767,21,1,0
9815,5054,87,1,0
9816,5054,60,1,20
9817,23788,98,2,15
9818,10303,70,1,5
9819,9215,34,2,10
9820,9215,70,2,30
9821,14744,136,1,25
9822,23994,117,1,20
9823,23994,93,1,25
9824,23994,67,1,20
9825,6374,84,1,10
9826,6374,139,1,5
9827,7880,68,1,15
9828,7880,67,1,20
9829,2783,141,1,0
9830,2783,129,1,20
9831,9736,126,2,20
9832,23063,128,3,20
9833,4027,45,1,10
9834,14743,54,2,15
9835,14743,117,1,20
9836,12856,17,4,5
9837,12856,76,1,15
9838,12856,34,1,0
9839,12893,31,1,30
9840,12893,54,1,0
9841,21404,109,1,20
9842,21404,6,1,15
9843,4537,138,1,20
9844,4537,53,1,15
9845,4537,103,1,20
9846,4012,116,2,0
9847,3957,126,2,25
9848,23614,141,1,15
9849,23614,107,1,0
9850,23614,42,2,10
9851,7763,110,1,5
9852,7763,139,2,10
9853,13169,43,1,15
9854,15233,21,2,10
9855,23207,66,2,10
9856,6715,136,2,0
9857,6104,91,1,0
9858,6104,14,3,15
9859,5781,84,1,0
9860,5781,141,3,0
9861,5781,43,1,10
9862,8077,90,1,0
9863,17853,62,1,15
9864,17853,34,1,30
9865,5003,42,1,0
9866,5003,21,1,0
9867,5003,81,4,0
9868,5003,40,1,0
9869,22999,36,1,10
9870,14497,114,3,5
9871,14497,141,1,20
9872,4141,129,4,10
9873,4635,70,2,0
9874,4635,81,1,15
9875,4635,125,1,15
9876,4763,141,1,10
9877,22599,16,1,10
9878,22599,107,2,10
9879,22599,47,1,10
9880,6824,95,1,5
9881,16422,98,1,5
9882,16422,112,1,0
9883,16422,48,3,0
9884,23257,29,1,0
9885,20812,63,1,30
9886,20812,90,3,0
9887,20812,93,3,25
9888,690,19,1,10
9889,690,6,3,15
9890,17211,117,2,5
9891,11158,96,1,5
9892,17953,136,2,0
9893,2109,142,1,10
9894,22696,69,1,30
9895,11721,36,2,5
9896,3483,4,1,0
9897,3483,67,1,0
9898,515,146,3,10
9899,16911,140,1,15
9900,21837,45,1,25
9901,23082,63,1,5
9902,17046,71,1,15
9903,12015,90,1,0
9904,12015,139,3,0
9905,12015,147,1,0
9906,20304,84,1,0
9907,20304,24,2,0
9908,19747,107,1,15
9909,17429,65,1,30
9910,2369,143,2,5
9911,2369,93,1,10
9912,22098,102,1,0
9913,22098,141,1,0
9914,19815,62,1,10
9915,19815,72,1,20
9916,20830,146,1,5
9917,12510,63,1,20
9918,12510,75,1,5
9919,15342,41,1,20
9920,15342,68,2,15
9921,11163,102,1,30
9922,1261,139,1,5
9923,12170,76,3,0
9924,12170,2,1,0
9925,12170,67,1,20
9926,15422,129,1,5
9927,7892,141,1,30
9928,7892,144,2,10
9929,12324,96,1,20
9930,12324,139,2,0
9931,19420,131,3,0
9932,15830,138,1,0
9933,15830,105,1,10
9934,15830,66,1,5
9935,15830,139,1,0
9936,3954,68,1,0
9937,3954,99,1,0
9938,2726,21,3,5
9939,16181,18,2,15
9940,16181,25,1,5
9941,16181,81,1,5
9942,8027,73,1,5
9943,19341,35,1,20
9944,19356,141,1,30
9945,2605,90,1,5
9946,2605,105,1,5
9947,2605,124,2,5
9948,2605,42,1,15
9949,18514,28,1,10
9950,18514,76,1,10
9951,16761,70,1,0
9952,16761,81,1,5
9953,7093,104,1,10
9954,16321,55,2,10
9955,20649,90,1,0
9956,17491,127,4,20
9957,8885,44,2,15
9958,11580,46,1,5
9959,11580,50,1,30
9960,20030,136,2,10
9961,8319,68,1,5
9962,8319,71,1,20
9963,8319,39,2,0
9964,5362,100,1,10
9965,5362,118,1,15
9966,6753,24,1,10
9967,19040,95,1,15
9968,15595,77,3,5
9969,22708,34,1,20
9970,22708,124,1,5
9971,22690,20,1,10
9972,22690,141,1,20
9973,8503,73,1,25
9974,1780,65,3,10
9975,1780,104,2,10
9976,1780,115,2,5
9977,1780,64,1,25
9978,33,56,2,20
9979,33,112,1,5
9980,24683,63,1,5
9981,24683,81,2,10
9982,22515,112,1,0
9983,22515,61,1,5
9984,13481,121,1,25
9985,22216,90,1,10
9986,24651,26,1,15
9987,19291,124,1,25
9988,19291,123,1,0
9989,19291,93,2,25
9990,732,76,1,10
9991,7312,128,1,15
9992,13738,150,1,10
9993,10217,141,1,10
9994,10217,35,2,10
9995,1886,92,3,10
9996,1886,38,1,25
9997,20690,73,1,25
9998,18554,115,1,20
9999,23881,4,1,10
10000,23881,87,1,30
10001,14220,42,1,10
10002,14220,122,1,25
10003,14220,29,1,0
10004,2158,93,1,0
10005,15785,58,1,0
10006,15785,102,1,25
10007,19617,20,1,10
10008,19617,33,2,15
10009,23284,62,1,5
10010,23284,137,3,20
10011,8736,102,1,25
10012,23513,61,1,5
10013,3337,65,3,15
10014,3337,149,1,10
10015,4492,118,1,30
10016,15396,115,2,15
10017,15396,139,1,15
10018,17462,14,1,5
10019,17335,117,1,10
10020,10530,46,1,10
10021,18707,53,1,15
10022,18707,84,1,10
10023,3682,30,1,20
10024,403,99,3,25
10025,16153,64,4,10
10026,19692,73,1,10
10027,19692,21,1,10
10028,16613,141,2,5
10029,16613,47,1,10
10030,16613,4,1,20
10031,19620,149,2,10
10032,992,124,1,5
10033,6648,148,1,10
10034,17802,52,1,0
10035,4122,126,4,10
10036,4122,84,1,5
10037,13380,128,4,0
10038,8642,20,1,15
10039,18921,95,2,0
10040,6921,66,1,15
10041,16198,70,1,15
10042,16198,51,2,5
10043,1390,29,1,5
10044,1390,28,1,20
10045,1390,105,2,20
10046,8641,72,1,20
10047,8641,59,1,0
10048,5122,73,3,20
10049,5122,102,1,5
10050,8273,14,1,15
10051,8273,6,2,15
10052,8273,124,1,5
10053,8273,93,1,5
10054,19733,91,1,10
10055,4511,52,1,5
10056,693,73,1,20
10057,16605,130,1,5
10058,16605,90,1,20
10059,19870,121,4,10
10060,19870,71,2,0
10061,1888,125,1,0
10062,24009,78,2,0
10063,20762,52,1,30
10064,2200,90,2,15
10065,3956,42,3,5
10066,3956,84,1,0
10067,7106,83,1,10
10068,7106,138,2,15
10069,6401,42,1,0
10070,6401,56,1,25
10071,6401,117,1,15
10072,6401,90,1,10
10073,12708,90,1,20
10074,12017,128,1,25
10075,19511,110,4,0
10076,19511,104,1,15
10077,19511,68,1,5
10078,19614,94,1,0
10079,17765,73,1,15
10080,14027,17,1,5
10081,14027,54,1,15
10082,14027,91,1,15
10083,14027,64,1,0
10084,17815,48,1,5
10085,17815,95,1,10
10086,17815,19,3,5
10087,17815,117,1,0
10088,4123,124,1,25
10089,16993,49,2,15
10090,5986,37,2,15
10091,11759,144,3,0
10092,11759,94,1,0
10093,11759,54,1,0
10094,11614,36,3,20
10095,11614,94,1,5
10096,11614,55,2,0
10097,11614,141,1,10
10098,12725,137,2,25
10099,14891,116,1,0
10100,22148,146,1,0
10101,24585,28,1,15
10102,24585,102,1,20
10103,6730,118,1,5
10104,6730,140,1,5
10105,13786,49,1,5
10106,17324,96,3,0
10107,3679,124,1,0
10108,3679,70,1,25
10109,3679,118,3,15
10110,3679,149,3,25
10111,10984,1,1,10
10112,10984,60,1,25
10113,19326,14,2,0
10114,19326,121,1,5
10115,19326,75,1,15
10116,12080,46,1,20
10117,12080,31,4,0
10118,13209,129,1,0
10119,8418,66,4,10
10120,17700,109,1,5
10121,22096,90,2,10
10122,15073,100,4,20
10123,15073,89,1,30
10124,15073,81,1,0
10125,15073,17,1,5
10126,22427,51,1,10
10127,6003,82,2,10
10128,6003,149,1,30
10129,6003,93,2,25
10130,1236,3,4,15
10131,1236,117,2,0
10132,21703,1,1,20
10133,21703,122,1,5
10134,21703,53,1,15
10135,19921,128,1,30
10136,19921,105,1,0
10137,19921,124,3,5
10138,13777,149,1,15
10139,7078,128,1,5
10140,4354,28,1,5
10141,12111,102,1,20
10142,12094,52,2,5
10143,6667,42,1,20
10144,6667,90,1,15
10145,20687,1,1,25
10146,20687,19,1,30
10147,20687,91,1,25
10148,20687,48,1,15
10149,20333,110,2,5
10150,20333,124,1,15
10151,9852,3,1,5
10152,9852,4,1,10
10153,9852,149,2,25
10154,19426,91,1,10
10155,8719,88,3,20
10156,17594,125,1,15
10157,6685,117,1,5
10158,10408,138,2,15
10159,12214,86,2,10
10160,18362,46,2,15
10161,24986,29,1,10
10162,18993,71,2,25
10163,10441,124,2,15
10164,11050,135,2,0
10165,11050,95,1,0
10166,3545,46,3,5
10167,20664,68,1,20
10168,4690,21,1,25
10169,14033,90,1,5
10170,14033,84,1,0
10171,14033,39,2,15
10172,14033,61,1,0
10173,14286,76,1,10
10174,9006,2,1,25
10175,3362,93,1,5
10176,11367,52,2,0
10177,23884,61,1,15
10178,23884,129,1,10
10179,334,48,2,10
10180,23816,118,1,25
10181,23816,3,1,10
10182,23816,96,1,5
10183,8199,72,1,0
10184,8199,18,2,5
10185,11245,64,3,15
10186,22866,128,1,25
10187,22866,96,1,20
10188,4654,6,3,0
10189,4654,139,1,20
10190,4654,45,4,30
10191,3151,115,1,15
10192,1632,47,1,25
10193,1632,70,1,10
10194,1632,42,1,10
10195,20331,19,1,10
10196,20331,62,4,5
10197,15869,41,1,0
10198,8919,31,1,10
10199,6186,129,1,10
10200,5175,55,1,5
10201,5175,89,2,30
10202,5175,78,1,0
10203,16383,42,1,25
10204,10472,64,3,15
10205,10472,140,3,5
10206,10472,12,1,20
10207,17907,46,1,0
10208,17907,106,1,0
10209,21386,117,2,10
10210,9905,54,2,5
10211,9905,52,3,20
10212,9905,121,1,10
10213,17666,48,3,15
10214,17008,24,1,5
10215,2144,128,1,5
10216,2144,147,2,0
10217,2144,141,2,5
10218,2144,124,2,10
10219,10037,140,1,0
10220,12208,27,1,0
10221,24702,90,1,5
10222,24702,15,2,10
10223,9067,34,2,0
10224,20984,66,1,15
10225,20984,105,3,10
10226,20984,3,1,25
10227,1401,126,1,5
10228,1401,70,1,5
10229,1401,81,1,0
10230,10703,94,3,0
10231,10703,26,1,30
10232,21489,43,2,20
10233,13977,128,2,0
10234,1160,121,2,0
10235,1160,133,1,5
10236,16452,125,1,30
10237,16452,90,3,0
10238,2780,74,1,15
10239,16831,142,2,10
10240,15754,29,2,10
10241,15754,143,1,25
10242,1170,19,1,0
10243,1170,93,1,20
10244,10499,43,1,10
10245,10499,42,2,20
10246,24860,124,2,10
10247,19143,56,2,20
10248,19143,28,1,15
10249,3803,107,1,25
10250,22243,12,1,30
10251,15520,2,3,10
10252,15520,71,1,0
10253,8104,71,1,10
10254,8104,140,1,15
10255,8104,2,1,0
10256,7627,14,1,5
10257,7627,50,1,20
10258,16776,95,1,10
10259,7857,149,2,0
10260,7857,46,3,20
10261,7857,35,1,20
10262,7857,124,1,10
10263,5408,129,3,20
10264,24617,3,3,10
10265,2570,124,2,10
10266,4170,122,1,25
10267,4170,70,1,10
10268,4170,20,1,5
10269,16361,126,1,25
10270,15589,29,4,30
10271,15589,94,2,30
10272,12639,98,1,20
10273,14444,29,1,5
10274,17434,84,2,0
10275,17434,19,1,5
10276,6891,142,1,5
10277,2126,116,1,5
10278,2126,147,1,20
10279,18951,93,3,20
10280,18951,68,1,0
10281,14995,6,1,0
10282,14995,137,4,10
10283,14995,106,1,0
10284,23594,2,1,15
10285,6340,117,1,25
10286,6340,112,1,10
10287,7942,65,2,5
10288,7942,84,1,0
10289,7942,112,2,5
10290,5444,8,1,25
10291,4285,128,1,0
10292,6304,133,1,5
10293,6304,76,2,0
10294,6304,124,1,10
10295,17917,43,1,0
10296,17917,17,3,5
10297,17917,25,3,5
10298,12055,32,3,15
10299,1728,42,1,0
10300,1728,98,1,15
10301,11134,117,1,10
10302,11134,21,1,0
10303,11134,16,2,20
10304,9748,98,1,5
10305,3160,12,2,10
10306,6145,16,1,10
10307,23505,70,1,20
10308,23505,65,1,5
10309,8911,59,3,10
10310,21384,31,2,10
10311,8033,21,1,0
10312,7180,90,2,5
10313,17074,55,3,25
10314,8932,103,1,15
10315,10151,47,2,10
10316,10151,146,1,5
10317,3033,132,1,0
10318,20143,66,2,5
10319,15613,70,1,5
10320,22261,111,1,0
10321,5485,76,1,20
10322,9109,8,1,0
10323,9109,88,2,0
10324,6483,105,2,10
10325,6483,94,1,20
10326,6483,96,1,0
10327,1757,140,1,0
10328,20971,46,1,0
10329,20971,54,2,10
10330,17017,76,2,5
10331,19657,50,1,20
10332,21966,142,2,25
10333,21966,5,1,5
10334,9007,22,4,20
10335,9007,20,1,25
10336,14391,146,1,15
10337,23750,100,2,25
10338,9919,134,1,25
10339,9919,125,1,0
10340,9919,53,2,30
10341,10081,80,1,10
10342,19936,110,1,20
10343,13252,142,1,5
10344,13252,115,2,10
10345,4913,140,1,15
10346,4913,107,1,0
10347,21246,55,2,0
10348,24624,90,2,15
10349,1598,50,2,0
10350,1598,89,1,10
10351,11000,141,2,25
10352,11000,5,1,30
10353,11000,66,1,5
10354,11000,96,2,0
10355,15113,147,1,10
10356,15113,144,1,20
10357,6811,90,1,20
10358,6811,19,1,5
10359,6811,125,3,0
10360,4496,139,1,25
10361,4496,42,3,0
10362,4496,64,2,20
10363,2241,141,1,10
10364,13922,21,4,5
10365,17842,42,1,20
10366,17842,3,1,25
10367,19832,128,1,10
10368,19832,117,1,15
10369,4799,78,2,0
10370,4799,94,1,10
10371,17428,126,1,30
10372,5709,20,1,20
10373,6044,69,1,25
10374,5632,31,1,25
10375,19199,129,1,0
10376,20033,70,1,0
10377,20033,126,2,5
10378,20033,136,2,10
10379,18317,84,1,15
10380,18317,71,1,20
10381,3120,126,1,0
10382,18144,71,4,25
10383,7420,6,1,10
10384,7420,149,1,5
10385,22124,19,2,5
10386,22124,72,1,0
10387,15267,117,1,10
10388,12038,76,1,0
10389,17251,59,1,5
10390,17251,129,1,10
10391,8486,65,1,0
10392,16959,105,1,10
10393,21473,117,1,20
10394,13338,105,2,5
10395,7021,141,1,0
10396,7021,52,2,15
10397,19529,128,2,10
10398,5803,71,1,20
10399,5803,76,1,0
10400,5803,85,1,25
10401,17783,17,1,20
10402,17783,126,1,10
10403,17783,56,1,10
10404,167,8,2,20
10405,18301,67,1,5
10406,18301,144,2,15
10407,4976,132,2,20
10408,4976,124,1,10
10409,4976,104,2,5
10410,15450,101,1,20
10411,15450,28,1,25
10412,15450,139,1,0
10413,9227,141,2,0
10414,7635,53,2,10
10415,7635,93,1,20
10416,7635,14,1,20
10417,7635,133,2,15
10418,11981,54,1,20
10419,14870,3,4,10
10420,22787,94,1,20
10421,22787,123,2,0
10422,15593,133,1,0
10423,11882,53,1,15
10424,5353,84,1,20
10425,5353,66,1,10
10426,5369,22,2,15
10427,5369,70,1,20
10428,5369,26,4,15
10429,22778,72,3,5
10430,22778,63,1,0
10431,22778,42,2,5
10432,22778,117,1,10
10433,4103,126,2,20
10434,22827,12,2,15
10435,22827,126,1,10
10436,854,54,1,25
10437,854,55,1,30
10438,1736,128,1,0
10439,1736,28,1,30
10440,18345,115,1,5
10441,12201,133,1,5
10442,12201,128,2,10
10443,12201,144,3,0
10444,5657,19,3,10
10445,24654,75,1,20
10446,24654,124,1,0
10447,24654,58,1,15
10448,2021,137,1,20
10449,13385,77,1,15
10450,914,64,1,20
10451,914,104,3,0
10452,21102,140,1,10
10453,21102,104,1,25
10454,9754,41,1,15
10455,1013,29,1,0
10456,16471,93,1,5
10457,16471,16,1,0
10458,16471,102,1,25
10459,5243,117,1,10
10460,22147,136,1,5
10461,22147,64,1,10
10462,11399,88,1,25
10463,2101,28,2,20
10464,2101,142,1,15
10465,22487,12,4,5
10466,22487,124,1,20
10467,6294,1,1,5
10468,6294,95,1,5
10469,6294,107,3,20
10470,24962,66,1,10
10471,24962,45,1,5
10472,6973,90,2,5
10473,123,95,1,15
10474,123,71,2,30
10475,123,117,1,15
10476,11251,26,2,10
10477,11251,141,1,10
10478,23597,62,1,0
10479,23597,95,3,0
10480,1410,102,1,5
10481,1410,133,1,20
10482,24000,69,3,5
10483,24000,54,2,15
10484,24000,52,1,5
10485,14969,72,1,25
10486,14969,28,1,20
10487,3518,3,1,0
10488,9302,40,1,5
10489,24309,67,1,0
10490,24309,125,1,0
10491,24309,12,1,15
10492,15856,93,2,10
10493,15856,91,2,10
10494,15856,10,1,0
10495,15856,114,1,0
10496,23970,142,2,10
10497,23970,15,1,5
10498,8845,20,1,0
10499,8845,41,2,5
10500,24317,21,1,5
10501,13499,139,2,10
10502,13499,142,1,0
10503,23006,20,1,10
10504,24728,141,1,25
10505,24728,29,1,0
10506,24728,133,2,10
10507,24728,111,1,5
10508,4805,70,1,5
10509,4805,45,1,10
10510,4805,72,1,10
10511,4805,93,2,15
10512,10107,112,3,15
10513,10107,139,1,10
10514,10107,60,3,15
10515,17373,132,4,0
10516,17373,49,3,10
10517,21072,28,1,15
10518,21072,139,2,15
10519,21072,100,3,0
10520,21072,142,1,15
10521,21506,55,1,10
10522,382,61,1,15
10523,382,73,1,10
10524,21079,90,2,0
10525,21741,117,2,20
10526,2193,71,1,10
10527,9976,61,2,5
10528,20681,133,1,10
10529,20681,110,1,10
10530,5015,104,1,15
10531,23909,96,1,15
10532,23909,32,1,0
10533,3999,117,1,10
10534,24890,115,1,25
10535,7863,63,1,10
10536,8522,124,1,10
10537,8522,125,1,15
10538,8522,46,1,20
10539,19843,139,1,30
10540,18340,47,1,15
10541,10236,141,1,10
10542,10236,36,1,20
10543,5765,71,1,0
10544,17887,136,3,0
10545,17887,73,3,10
10546,17205,21,1,20
10547,20565,16,1,25
10548,20565,32,1,10
10549,20565,66,1,15
10550,20565,146,1,20
10551,17729,26,1,0
10552,21144,141,3,5
10553,21144,48,1,20
10554,17433,64,2,10
10555,22327,104,2,10
10556,14198,3,1,20
10557,14198,53,1,20
10558,3080,68,1,15
10559,3080,118,2,5
10560,19444,78,3,0
10561,19444,117,2,30
10562,22139,70,1,15
10563,21863,143,1,15
10564,3835,70,2,25
10565,3835,94,1,10
10566,3835,135,3,30
10567,3835,45,1,10
10568,24259,67,2,10
10569,13946,67,1,0
10570,13946,102,2,30
10571,13946,42,4,20
10572,17463,105,1,0
10573,17463,73,1,15
10574,17463,136,2,10
10575,18129,71,1,15
10576,18129,73,1,30
10577,11709,76,1,5
10578,12106,142,4,10
10579,12106,45,1,0
10580,1010,54,1,20
10581,5358,146,1,20
10582,17418,45,1,0
10583,15550,54,1,5
10584,15550,70,1,15
10585,15550,21,1,25
10586,271,117,1,10
10587,10099,84,1,10
10588,10099,74,1,0
10589,10099,59,1,0
10590,8567,101,2,15
10591,8567,139,1,10
10592,22769,72,2,10
10593,22769,90,2,10
10594,22769,126,1,30
10595,860,63,1,10
10596,860,141,1,15
10597,21528,71,2,0
10598,19235,15,1,10
10599,19235,29,4,5
10600,19235,90,1,10
10601,7401,90,4,0
10602,14142,53,1,10
10603,24599,141,1,0
10604,24599,114,1,15
10605,17168,3,1,20
10606,17168,98,1,10
10607,5467,96,1,20
10608,5467,142,2,20
10609,7213,74,2,10
10610,8593,142,2,10
10611,8593,104,1,15
10612,5546,104,2,15
10613,13148,141,1,15
10614,13148,104,1,5
10615,17120,131,1,15
10616,17120,36,4,10
10617,5234,117,2,0
10618,4173,124,1,20
10619,6900,142,1,5
10620,6432,121,1,15
10621,6432,66,3,10
10622,21873,149,2,5
10623,12325,133,1,5
10624,10924,35,3,20
10625,10924,102,1,30
10626,10924,66,2,10
10627,10924,71,1,15
10628,23777,136,1,10
10629,3144,28,1,10
10630,3144,61,1,10
10631,3144,74,2,10
10632,23631,124,3,0
10633,19978,124,1,0
10634,19978,72,2,15
10635,19978,125,1,5
10636,19978,53,2,5
10637,6332,14,1,0
10638,5537,118,2,0
10639,5537,91,1,20
10640,5537,28,1,10
10641,5537,90,1,5
10642,2862,53,1,20
10643,2862,124,2,25
10644,24270,14,1,0
10645,13286,112,1,10
10646,1950,143,1,25
10647,1490,107,2,10
10648,1490,16,1,5
10649,19812,42,1,5
10650,456,78,3,25
10651,14048,95,2,5
10652,14048,75,3,0
10653,14048,117,1,10
10654,14048,76,4,5
10655,20876,18,2,0
10656,20060,95,1,15
10657,20060,56,4,25
10658,23223,20,3,20
10659,23223,65,1,10
10660,19403,104,2,25
10661,22894,51,1,15
10662,14160,20,2,0
10663,14160,85,1,5
10664,2589,54,1,0
10665,6862,124,2,5
10666,6862,36,1,10
10667,6862,88,2,5
10668,13126,31,2,5
10669,13126,32,1,25
10670,5953,78,1,10
10671,5953,84,2,10
10672,3870,117,2,10
10673,3870,59,1,5
10674,6727,128,1,20
10675,6727,104,2,25
10676,6727,143,2,0
10677,6727,27,1,5
10678,22854,31,1,15
10679,21548,126,1,25
10680,21548,14,1,0
10681,2414,71,2,10
10682,13227,12,1,5
10683,13227,104,1,10
10684,15353,75,1,25
10685,15353,125,1,0
10686,10608,131,1,0
10687,10608,124,2,30
10688,10608,98,1,20
10689,3477,71,1,15
10690,3477,72,3,0
10691,3477,50,1,25
10692,5762,7,1,15
10693,11872,102,1,0
10694,5497,13,1,15
10695,12200,4,1,5
10696,12200,70,1,25
10697,7911,102,1,15
10698,16869,117,2,0
10699,7637,90,1,5
10700,1883,148,1,5
10701,23261,93,2,15
10702,19923,66,1,0
10703,3066,64,1,0
10704,3066,56,2,20
10705,7836,46,1,10
10706,7836,43,3,15
10707,7836,15,2,0
10708,8511,128,1,10
10709,18012,19,1,5
10710,16368,66,2,30
10711,10610,66,1,10
10712,13993,143,1,5
10713,5648,141,2,10
10714,22622,141,1,30
10715,9898,141,3,5
10716,9898,42,1,10
10717,6088,80,1,10
10718,6088,6,1,5
10719,12020,21,1,10
10720,5778,58,1,15
10721,8676,1,1,25
10722,8676,141,2,15
10723,10435,91,1,15
10724,10435,146,1,25
10725,14091,24,2,25
10726,2929,32,1,30
10727,5333,33,4,10
10728,19819,67,1,25
10729,13310,70,1,10
10730,13310,78,1,30
10731,13310,69,2,5
10732,6262,46,1,5
10733,17220,59,2,20
10734,17220,21,1,20
10735,7891,72,1,5
10736,20722,125,2,5
10737,9960,30,1,15
10738,9960,3,1,20
10739,2252,116,2,5
10740,22967,117,1,20
10741,13038,3,1,0
10742,12592,141,1,10
10743,4046,17,1,15
10744,4046,69,1,0
10745,4046,14,1,10
10746,4046,22,2,0
10747,3973,92,2,5
10748,6714,95,2,20
10749,6714,15,2,0
10750,16792,6,2,10
10751,5051,95,1,15
10752,14469,66,1,10
10753,14469,100,2,10
10754,14469,21,2,0
10755,19849,55,1,15
10756,19849,101,1,10
10757,19849,46,1,15
10758,19849,93,2,5
10759,12373,94,2,10
10760,12373,117,2,20
10761,19561,95,2,10
10762,19561,98,1,0
10763,19561,42,1,15
10764,19561,90,3,10
10765,16292,68,4,5
10766,16047,91,1,20
10767,16047,141,1,0
10768,7270,78,2,25
10769,14704,71,1,0
10770,14704,48,1,0
10771,7755,149,3,10
10772,7755,104,2,0
10773,20417,20,1,30
10774,7483,14,1,10
10775,5223,140,1,15
10776,5223,128,1,10
10777,19562,28,1,5
10778,19562,60,2,30
10779,20225,5,2,10
10780,10770,73,1,20
10781,5155,84,2,15
10782,5155,81,2,10
10783,5155,42,3,20
10784,1402,105,2,20
10785,21454,88,1,0
10786,7862,6,2,25
10787,7862,18,1,10
10788,11947,73,1,20
10789,11947,76,3,0
10790,14858,75,1,15
10791,6635,140,2,10
10792,6635,76,4,10
10793,16219,123,1,20
10794,10813,124,1,30
10795,10813,66,1,5
10796,6328,105,1,25
10797,6328,25,2,10
10798,6328,95,1,15
10799,10420,43,4,5
10800,10420,75,1,30
10801,10420,72,1,20
10802,16127,28,1,10
10803,16127,140,1,5
10804,16127,128,1,5
10805,9203,7,2,20
10806,9203,124,3,10
10807,9203,46,1,20
10808,22310,141,1,5
10809,5640,87,2,10
10810,5640,96,3,15
10811,16158,142,1,25
10812,964,74,1,5
10813,14296,64,1,5
10814,8684,98,1,25
10815,17242,141,1,10
10816,17242,42,1,0
10817,17242,64,3,0
10818,3411,90,1,10
10819,21249,71,1,0
10820,12259,100,2,10
10821,2519,82,3,10
10822,3309,145,2,15
10823,3309,55,1,15
10824,3309,66,1,25
10825,9915,29,4,15
10826,9915,40,2,5
10827,9915,66,1,0
10828,9915,134,1,5
10829,18942,41,3,15
10830,20709,20,1,0
10831,19181,128,3,10
10832,1381,71,2,0
10833,1381,143,2,30
10834,1381,124,3,25
10835,21787,70,2,5
10836,21787,41,1,0
10837,21787,50,1,5
10838,21787,90,3,25
10839,244,65,1,5
10840,24149,45,1,20
10841,15084,133,3,10
10842,10110,42,1,10
10843,17510,65,4,10
10844,17510,61,2,15
10845,1161,88,1,25
10846,1161,42,1,15
10847,11353,46,1,0
10848,11353,149,2,10
10849,11353,54,3,0
10850,20191,42,1,5
10851,5617,54,2,0
10852,8177,28,1,15
10853,8177,107,1,0
10854,9786,28,1,15
10855,18132,117,1,15
10856,18132,19,2,10
10857,5592,63,2,0
10858,9768,141,1,5
10859,9768,55,1,30
10860,9768,121,2,20
10861,2615,88,2,10
10862,20446,107,1,10
10863,20446,90,1,0
10864,20446,138,1,20
10865,20446,43,1,5
10866,20477,54,1,25
10867,20477,3,2,0
10868,20477,111,3,5
10869,2423,40,1,5
10870,1435,100,1,10
10871,20588,90,2,0
10872,20588,46,1,5
10873,18068,149,1,10
10874,18068,93,1,15
10875,1750,129,1,10
10876,2301,6,1,25
10877,2301,141,3,5
10878,2301,14,1,15
10879,4761,140,1,20
10880,4761,6,2,10
10881,14823,93,2,0
10882,10017,133,1,0
10883,5347,124,2,10
10884,5347,69,1,10
10885,23024,133,1,20
10886,23024,47,3,0
10887,9558,118,1,0
10888,9558,141,2,20
10889,9558,4,1,20
10890,9558,142,3,0
10891,13214,93,1,15
10892,18291,81,3,15
10893,10639,140,1,5
10894,16525,3,3,0
10895,16525,90,2,5
10896,16525,142,2,0
10897,14566,42,1,25
10898,7465,37,3,15
10899,7465,40,1,0
10900,924,91,2,15
10901,5130,141,1,0
10902,17347,2,1,5
10903,18082,14,1,10
10904,8790,29,1,10
10905,8790,117,1,0
10906,20692,81,1,5
10907,20692,76,1,10
10908,20399,149,1,25
10909,5539,146,1,20
10910,5539,141,1,0
10911,5539,98,1,25
10912,5539,54,1,25
10913,16304,71,1,5
10914,16304,52,1,0
10915,20422,90,2,0
10916,14311,54,1,15
10917,13798,90,3,5
10918,13798,60,1,15
10919,7788,86,3,5
10920,7788,48,2,10
10921,17032,42,1,0
10922,7541,139,2,10
10923,7541,96,1,0
10924,11419,3,2,20
10925,11419,27,2,5
10926,19195,28,1,10
10927,4675,124,1,15
10928,4675,52,1,30
10929,4675,16,1,25
10930,20070,86,2,10
10931,20070,140,2,15
10932,20070,78,1,5
10933,23448,144,2,10
10934,23448,68,3,25
10935,19996,27,3,10
10936,19996,82,1,15
10937,5345,76,1,30
10938,5345,136,1,10
10939,5345,3,1,10
10940,18943,137,2,20
10941,18943,138,1,20
10942,4902,92,1,10
10943,4902,4,2,0
10944,6909,63,1,10
10945,16989,149,2,5
10946,16989,128,2,15
10947,12480,69,2,0
10948,22934,85,1,15
10949,22934,36,1,0
10950,20667,117,1,15
10951,20667,55,1,10
10952,5321,100,2,0
10953,3767,34,1,5
10954,3767,75,1,30
10955,3767,60,1,5
10956,11549,117,3,0
10957,507,13,1,20
10958,507,74,1,25
10959,507,123,4,10
10960,507,146,3,10
10961,106,67,1,15
10962,11284,85,4,10
10963,2694,90,2,15
10964,23752,52,1,20
10965,16406,67,1,15
10966,6874,103,1,20
10967,6874,43,1,10
10968,24012,60,2,10
10969,2511,70,1,30
10970,2511,126,1,10
10971,2511,149,1,30
10972,2511,71,1,0
10973,15788,136,1,0
10974,19263,88,1,10
10975,1721,21,2,10
10976,1721,28,3,10
10977,7172,47,2,0
10978,7172,138,1,20
10979,11939,63,1,20
10980,11939,68,1,20
10981,14980,107,3,25
10982,14980,54,1,10
10983,14980,66,1,10
10984,19962,46,2,15
10985,23175,15,1,15
10986,23435,45,4,15
10987,23435,71,1,0
10988,23435,59,2,5
10989,8218,17,1,25
10990,8218,91,1,5
10991,22286,76,3,20
10992,7676,85,2,10
10993,23876,75,1,10
10994,5414,42,1,5
10995,8970,11,2,20
10996,8970,122,1,0
10997,8970,42,1,10
10998,8970,66,4,10
10999,14886,137,1,0
11000,14886,88,1,5
11001,21849,71,1,10
11002,12918,73,2,20
11003,12918,41,1,10
11004,12918,72,1,10
11005,14961,56,2,15
11006,14961,117,1,0
11007,10084,147,2,5
11008,10084,139,1,0
11009,10084,141,1,15
11010,14121,62,2,0
11011,17525,102,1,10
11012,17525,61,1,10
11013,11862,139,2,15
11014,24028,76,1,15
11015,110,51,1,10
11016,110,105,1,10
11017,20683,144,1,5
11018,6933,91,2,15
11019,6933,88,1,15
11020,19244,81,1,0
11021,6061,100,2,10
11022,1683,95,2,15
11023,4166,25,2,5
11024,4166,19,1,20
11025,4166,22,2,5
11026,22651,138,2,0
11027,22651,131,1,0
11028,2154,91,2,0
11029,4836,63,1,25
11030,3178,68,1,30
11031,3178,8,1,0
11032,14539,74,4,15
11033,14561,1,1,0
11034,14561,70,1,0
11035,14561,147,1,10
11036,7018,90,1,25
11037,7018,81,1,25
11038,7018,58,1,15
11039,10349,139,1,20
11040,10349,97,1,5
11041,10349,90,2,10
11042,66,24,2,10
11043,5694,20,1,0
11044,5694,30,1,0
11045,12242,43,1,0
11046,12242,90,2,10
11047,24788,68,3,10
11048,24788,11,1,25
11049,1913,111,1,25
11050,1913,98,1,15
11051,17229,94,2,5
11052,17229,76,4,25
11053,17229,28,1,10
11054,848,104,3,0
11055,5797,95,1,15
11056,5927,76,1,0
11057,5927,29,3,10
11058,5108,90,3,10
11059,5108,146,1,15
11060,1492,81,2,0
11061,1492,35,1,15
11062,10287,132,2,0
11063,13560,14,1,20
11064,13560,124,1,15
11065,15670,41,2,5
11066,15670,89,1,5
11067,15670,6,3,0
11068,3241,102,1,10
11069,11070,84,1,5
11070,3222,2,1,10
11071,3222,149,1,5
11072,3222,70,2,15
11073,17509,133,1,10
11074,17509,138,1,25
11075,17509,86,1,25
11076,19568,30,1,10
11077,21569,140,1,5
11078,21569,71,1,10
11079,22790,53,1,0
11080,22790,2,1,0
11081,22790,81,1,20
11082,10753,124,1,5
11083,10753,1,2,20
11084,22367,141,3,20
11085,15243,3,4,5
11086,15243,54,3,10
11087,15243,20,2,5
11088,8066,27,2,10
11089,20196,117,1,20
11090,11231,60,1,25
11091,8494,96,2,15
11092,2699,71,3,15
11093,14719,118,1,20
11094,23014,105,1,25
11095,23014,96,4,15
11096,2436,64,1,10
11097,15406,102,1,5
11098,15406,54,1,15
11099,1107,46,1,15
11100,1107,61,1,30
11101,1107,98,1,0
11102,10805,81,1,10
11103,7612,128,1,10
11104,7612,138,1,5
11105,13440,78,1,15
11106,13440,17,1,15
11107,256,59,1,20
11108,256,133,1,0
11109,4282,69,1,15
11110,4282,1,1,20
11111,4282,67,4,5
11112,12851,127,1,10
11113,11091,66,2,20
11114,11091,138,1,20
11115,12078,28,1,20
11116,12078,62,1,10
11117,20993,127,2,5
11118,20993,60,1,0
11119,20993,42,1,5
11120,24473,111,2,0
11121,4840,117,1,10
11122,4840,121,1,0
11123,15923,14,4,0
11124,15923,94,1,30
11125,13146,67,1,10
11126,21641,55,1,0
11127,21641,37,1,15
11128,11174,142,1,10
11129,6472,28,1,20
11130,15071,140,2,10
11131,15071,29,3,0
11132,17949,133,1,30
11133,17949,66,2,15
11134,12225,17,1,25
11135,12225,133,1,5
11136,9880,137,1,5
11137,9880,35,1,0
11138,9880,146,1,10
11139,10427,19,2,10
11140,5144,145,1,10
11141,5144,68,1,0
11142,5144,42,1,0
11143,17747,138,1,10
11144,17747,95,1,5
11145,5772,73,1,5
11146,17568,104,2,25
11147,17568,54,1,0
11148,17568,117,1,15
11149,1311,33,1,10
11150,1311,20,1,5
11151,22772,42,1,20
11152,22772,28,2,0
11153,22772,93,1,10
11154,22772,137,3,10
11155,10647,141,1,0
11156,10647,115,1,5
11157,10673,46,1,0
11158,20140,100,1,10
11159,13190,3,1,10
11160,17078,8,1,15
11161,17078,40,1,20
11162,17078,43,1,10
11163,19875,139,2,0
11164,19875,15,1,10
11165,9704,91,2,10
11166,9704,47,1,10
11167,7175,72,1,10
11168,11974,124,2,0
11169,11974,110,1,5
11170,11974,26,2,0
11171,11974,71,1,5
11172,21227,85,2,5
11173,21547,138,1,0
11174,21547,12,1,20
11175,9888,36,1,20
11176,24305,145,1,5
11177,13432,117,2,0
11178,16549,55,1,5
11179,16549,141,1,30
11180,21673,70,1,20
11181,21673,38,3,10
11182,21673,124,1,0
11183,10130,81,2,10
11184,10130,95,1,0
11185,10778,135,1,0
11186,11004,104,1,5
11187,11004,128,1,0
11188,17753,141,1,10
11189,762,142,1,0
11190,5205,128,1,25
11191,1195,42,1,15
11192,11630,42,2,30
11193,11630,125,1,10
11194,23459,46,1,0
11195,20096,75,1,15
11196,3888,131,2,0
11197,22245,146,3,0
11198,10439,32,2,20
11199,10439,81,1,0
11200,13359,132,4,0
11201,13359,124,1,30
11202,5179,117,1,5
11203,4928,124,3,0
11204,4928,129,3,0
11205,4928,75,4,0
11206,4928,33,1,0
11207,2593,133,1,5
11208,13972,14,3,10
11209,4088,38,1,0
11210,4088,142,1,0
11211,10019,142,2,10
11212,10019,93,1,0
11213,13413,91,1,15
11214,13943,90,1,20
11215,12973,124,2,10
11216,8217,90,1,20
11217,11346,71,2,30
11218,24748,140,1,10
11219,8898,133,1,10
11220,5160,142,1,25
11221,5160,33,1,10
11222,5160,42,1,25
11223,9887,93,1,5
11224,9887,28,1,30
11225,9887,95,1,10
11226,6660,124,3,25
11227,8384,55,1,0
11228,8384,42,1,25
11229,8384,133,3,5
11230,22639,55,1,5
11231,17821,141,3,10
11232,8860,61,1,25
11233,14373,66,4,0
11234,7935,28,3,15
11235,7935,44,4,5
11236,5877,63,1,25
11237,15654,146,1,20
11238,12600,59,1,0
11239,11128,99,1,25
11240,2121,117,2,5
11241,17348,71,1,15
11242,17348,58,1,5
11243,17348,116,1,15
11244,10688,124,1,0
11245,10688,64,1,10
11246,10688,71,1,20
11247,24400,139,4,0
11248,24400,90,1,15
11249,24400,142,2,15
11250,510,96,1,15
11251,7492,141,1,10
11252,7492,128,1,10
11253,7492,94,3,10
11254,2938,83,1,15
11255,1588,117,1,10
11256,16945,73,1,15
11257,16945,142,1,10
11258,14405,24,2,20
11259,17358,60,3,10
11260,17358,17,2,15
11261,17358,90,1,15
11262,6352,28,1,10
11263,6352,54,1,5
11264,5690,115,3,30
11265,5690,46,1,15
11266,13584,20,1,0
11267,13584,126,1,5
11268,1563,68,1,10
11269,7657,95,2,0
11270,7470,3,1,0
11271,2752,56,1,30
11272,18841,134,1,0
11273,18841,141,1,25
11274,23603,95,1,20
11275,23603,146,1,20
11276,24279,24,2,10
11277,24279,71,2,5
11278,24279,65,1,5
11279,11136,97,1,10
11280,21082,46,1,15
11281,21082,60,1,5
11282,21082,76,1,25
11283,10262,115,1,15
11284,10262,71,2,5
11285,15950,144,3,25
11286,10327,75,1,15
11287,19253,28,1,20
11288,19253,95,1,30
11289,19253,78,2,5
11290,19253,4,1,5
11291,8140,48,1,15
11292,8140,59,1,15
11293,15795,139,1,10
11294,16494,7,1,5
11295,7937,147,2,15
11296,5221,118,1,15
11297,4509,68,4,20
11298,21346,139,1,0
11299,22326,81,1,5
11300,5374,15,1,5
11301,11253,37,3,0
11302,23718,123,1,20
11303,23718,122,1,0
11304,9701,71,2,10
11305,9701,99,2,0
11306,8745,117,3,30
11307,8745,137,1,15
11308,1147,145,1,15
11309,1147,88,1,15
11310,1147,70,2,20
11311,19636,55,1,5
11312,19636,3,1,0
11313,18196,12,4,5
11314,13232,61,1,0
11315,11860,66,1,10
11316,11860,105,1,15
11317,11860,71,1,5
11318,2963,45,3,0
11319,2963,46,3,15
11320,23033,12,1,0
11321,23033,147,1,5
11322,521,42,1,5
11323,521,3,1,20
11324,19455,28,1,25
11325,11898,46,1,0
11326,11898,71,1,10
11327,2857,58,1,15
11328,10200,138,1,20
11329,22509,35,2,0
11330,22509,96,1,0
11331,18879,56,1,20
11332,18879,124,1,15
11333,9103,4,1,20
11334,9103,42,3,5
11335,21126,58,1,5
11336,4999,19,1,5
11337,10766,129,2,20
11338,15056,143,2,15
11339,15056,71,1,20
11340,12795,117,1,15
11341,23381,89,1,5
11342,23381,47,2,0
11343,23381,3,1,0
11344,13419,66,2,25
11345,8546,46,1,15
11346,3641,142,1,15
11347,4138,128,1,20
11348,21959,148,2,25
11349,22107,14,1,5
11350,15262,144,1,10
11351,15373,74,1,25
11352,15373,124,1,5
11353,15373,90,1,10
11354,5992,54,2,5
11355,19186,117,3,5
11356,3366,42,2,0
11357,10552,93,1,15
11358,20737,49,1,0
11359,17065,143,1,20
11360,17065,3,1,0
11361,22813,42,1,0
11362,20914,139,1,0
11363,24079,146,3,0
11364,3213,98,4,0
11365,18550,128,1,30
11366,18550,107,3,5
11367,3225,12,1,20
11368,8995,104,1,20
11369,1931,78,1,0
11370,1931,102,2,10
11371,23163,19,1,0
11372,20051,129,2,5
11373,23279,71,4,0
11374,6081,78,1,0
11375,6081,75,2,15
11376,6081,24,2,20
11377,15703,104,2,10
11378,15703,117,1,30
11379,3227,95,2,5
11380,3227,36,1,15
11381,3227,24,1,10
11382,3227,64,2,20
11383,3531,140,2,0
11384,6313,105,1,10
11385,6313,48,3,0
11386,3688,53,2,15
11387,3688,100,2,25
11388,3688,62,1,5
11389,7168,125,1,20
11390,21544,94,1,25
11391,21544,75,2,25
11392,21544,31,3,15
11393,21544,88,1,5
11394,4155,140,1,10
11395,13099,124,2,15
11396,1802,44,4,20
11397,14990,43,3,5
11398,7428,140,2,15
11399,23118,124,2,10
11400,16575,90,3,10
11401,24719,107,1,15
11402,24719,38,1,0
11403,24719,87,1,20
11404,13249,138,3,30
11405,12554,95,1,20
11406,6445,90,2,10
11407,4516,71,1,10
11408,4516,93,1,0
11409,4516,91,2,0
11410,8589,63,1,5
11411,6793,28,1,15
11412,8926,139,1,10
11413,21519,63,1,0
11414,21519,133,2,10
11415,21519,41,2,15
11416,12623,126,1,10
11417,13936,123,1,5
11418,13936,117,1,15
11419,13936,32,1,15
11420,13936,16,1,10
11421,16985,88,2,25
11422,16985,101,2,0
11423,16985,117,1,20
11424,3723,96,1,30
11425,13714,96,1,15
11426,13714,42,3,0
11427,13714,142,1,5
11428,6656,14,2,5
11429,24759,149,2,5
11430,16265,141,2,5
11431,14533,117,2,15
11432,14533,3,1,10
11433,14533,102,1,15
11434,9143,48,1,10
11435,21452,110,1,10
11436,6300,124,1,0
11437,12041,64,1,0
11438,13879,124,1,0
11439,232,90,1,5
11440,16359,29,1,0
11441,7845,55,1,20
11442,7845,142,1,20
11443,22865,104,1,10
11444,22865,64,1,5
11445,19710,133,1,20
11446,8296,117,1,0
11447,20490,93,2,15
11448,1232,124,1,15
11449,5448,141,1,5
11450,5448,121,1,0
11451,14745,60,2,0
11452,3617,72,1,5
11453,20723,75,2,10
11454,16208,4,3,25
11455,2167,104,1,15
11456,16013,29,2,10
11457,2045,70,1,25
11458,14861,78,1,0
11459,14861,110,3,10
11460,18814,81,1,0
11461,18814,73,1,15
11462,18814,42,1,0
11463,18814,79,1,10
11464,6413,93,1,20
11465,6413,24,2,15
11466,6087,95,1,10
11467,6087,51,1,15
11468,6087,3,1,10
11469,22805,28,1,0
11470,22072,63,1,10
11471,22072,124,1,20
11472,22072,103,1,5
11473,10016,132,1,5
11474,6904,90,3,25
11475,12046,128,1,10
11476,18580,6,3,30
11477,14807,136,1,25
11478,14807,37,3,15
11479,14807,27,2,25
11480,14807,15,2,25
11481,6595,69,3,5
11482,6595,8,1,15
11483,6595,46,1,20
11484,24046,137,1,10
11485,1306,73,1,20
11486,1926,47,2,30
11487,1926,74,1,15
11488,19154,23,3,10
11489,19154,54,1,10
11490,11372,126,3,15
11491,19331,62,2,10
11492,19331,84,1,10
11493,21066,64,3,10
11494,14558,76,1,15
11495,14558,69,1,0
11496,14558,90,1,15
11497,6599,6,2,10
11498,16217,2,3,0
11499,16217,131,1,10
11500,785,52,2,15
11501,23939,139,1,5
11502,23939,56,1,10
11503,23939,147,1,10
11504,23939,71,2,10
11505,7458,139,3,15
11506,7458,70,1,15
11507,7458,122,1,5
11508,965,14,1,10
11509,965,36,1,25
11510,22845,68,1,15
11511,22845,115,1,5
11512,22845,128,2,20
11513,22845,50,1,5
11514,19947,117,2,5
11515,19947,142,1,0
11516,19947,90,2,15
11517,21687,118,2,15
11518,5965,54,1,15
11519,11907,76,1,5
11520,11907,92,1,10
11521,11907,118,1,25
11522,5463,139,1,20
11523,187,53,1,30
11524,9059,1,1,25
11525,3478,31,1,25
11526,3478,71,1,5
11527,15600,133,1,0
11528,15350,141,1,10
11529,15350,54,1,15
11530,2697,131,2,20
11531,2697,107,1,20
11532,13135,29,2,15
11533,14714,20,1,0
11534,14714,141,1,10
11535,11056,140,1,20
11536,1386,128,1,5
11537,12575,76,1,25
11538,9449,41,2,5
11539,16515,132,1,0
11540,16515,63,1,20
11541,16515,74,2,15
11542,2682,125,1,0
11543,739,138,1,30
11544,16270,48,1,10
11545,16270,136,2,15
11546,16270,73,1,5
11547,16270,141,1,15
11548,22368,146,1,10
11549,16072,78,1,30
11550,16072,93,2,20
11551,16072,115,1,10
11552,14118,15,2,5
11553,18056,99,1,20
11554,16393,81,1,0
11555,16393,126,1,5
11556,16393,98,1,15
11557,20544,141,1,0
11558,12077,37,1,5
11559,12077,124,3,10
11560,12077,72,2,10
11561,8024,63,1,10
11562,17276,118,3,30
11563,17276,102,1,25
11564,5967,124,2,5
11565,11127,19,1,0
11566,11127,46,1,10
11567,11127,124,1,0
11568,6097,64,1,15
11569,17058,24,2,5
11570,17058,126,2,0
11571,23022,81,1,10
11572,1507,27,2,10
11573,948,94,1,10
11574,19330,69,1,30
11575,19330,28,1,20
11576,2864,100,1,0
11577,2864,42,2,15
11578,2864,104,3,15
11579,8211,100,4,15
11580,9908,95,2,20
11581,8955,25,1,15
11582,7592,140,3,30
11583,7811,117,3,0
11584,7811,66,1,25
11585,2517,116,1,0
11586,2268,42,1,10
11587,20619,76,1,5
11588,20619,129,2,15
11589,23115,81,1,20
11590,7006,102,1,0
11591,2585,46,1,5
11592,3910,124,1,25
11593,5240,68,1,15
11594,9368,58,2,10
11595,19486,142,1,15
11596,17741,140,1,0
11597,17741,66,1,5
11598,15095,14,1,5
11599,1186,6,1,5
11600,19459,117,1,15
11601,1357,146,1,5
11602,1357,90,1,10
11603,1357,68,1,0
11604,19228,116,1,15
11605,5980,117,1,10
11606,5980,75,1,15
11607,5980,42,1,5
11608,20908,112,1,5
11609,20908,68,1,20
11610,23269,47,1,20
11611,22328,1,1,5
11612,2213,71,3,0
11613,13130,63,1,0
11614,23684,68,3,0
11615,12034,116,3,5
11616,12034,34,1,20
11617,12034,77,1,15
11618,17432,12,2,15
11619,5079,146,1,10
11620,5079,36,1,0
11621,5079,49,1,15
11622,22092,67,1,0
11623,4642,84,1,20
11624,20791,124,2,0
11625,20791,1,1,0
11626,20791,75,1,0
11627,20791,37,2,0
11628,4752,137,1,10
11629,18468,93,1,20
11630,18468,54,3,25
11631,3813,42,2,0
11632,2509,133,1,15
11633,2509,40,1,0
11634,2509,118,2,5
11635,8427,53,1,10
11636,11680,42,3,20
11637,22381,90,1,20
11638,17737,90,1,25
11639,17737,76,1,25
11640,10611,66,4,10
11641,10611,26,2,15
11642,2735,30,2,10
11643,23324,43,3,0
11644,5291,110,2,5
11645,5291,55,2,10
11646,5291,93,1,25
11647,20067,118,1,5
11648,6105,94,1,20
11649,20283,2,2,0
11650,20283,99,1,30
11651,20283,40,1,5
11652,20283,121,2,10
11653,4442,147,2,10
11654,23373,131,1,0
11655,23373,78,1,20
11656,23373,117,1,0
11657,5730,42,1,25
11658,20775,25,1,5
11659,20775,139,1,15
11660,4550,71,2,5
11661,4550,102,1,5
11662,4550,3,1,5
11663,21983,128,1,10
11664,21983,54,1,25
11665,3997,142,1,0
11666,3997,121,2,25
11667,9863,50,1,5
11668,9863,76,2,25
11669,636,36,1,5
11670,21736,63,1,10
11671,21736,142,2,5
11672,3345,73,1,20
11673,3345,124,1,5
11674,4308,17,1,20
11675,21230,143,1,0
11676,21230,73,1,25
11677,19473,107,1,10
11678,19473,60,1,25
11679,19473,137,1,0
11680,19473,104,1,20
11681,628,43,1,5
11682,15126,146,1,25
11683,15126,66,1,25
11684,15126,91,1,5
11685,1564,75,1,0
11686,19516,142,1,0
11687,22552,104,2,25
11688,22552,141,2,20
11689,7203,90,1,15
11690,7203,16,1,25
11691,22635,67,1,0
11692,22635,91,2,30
11693,22635,54,1,0
11694,20776,94,2,0
11695,14508,95,2,15
11696,10825,139,1,30
11697,10825,51,2,30
11698,10825,55,1,10
11699,9050,91,1,25
11700,9050,117,2,5
11701,9050,140,1,15
11702,9050,62,2,0
11703,23601,54,2,30
11704,2251,41,1,25
11705,4873,85,1,25
11706,4873,90,2,15
11707,18371,148,1,0
11708,23323,116,1,10
11709,23323,109,2,0
11710,9011,137,1,5
11711,9420,52,1,25
11712,7745,91,1,0
11713,7745,121,1,20
11714,10748,40,1,0
11715,10748,99,1,10
11716,7512,2,1,20
11717,15802,74,1,0
11718,15802,21,1,10
11719,15802,88,1,10
11720,15609,145,1,5
11721,20727,69,2,15
11722,20727,91,1,15
11723,20727,128,2,10
11724,21158,90,1,20
11725,21158,124,1,0
11726,21158,24,3,0
11727,21261,88,1,0
11728,21261,90,2,15
11729,2358,107,1,10
11730,2358,75,2,10
11731,18200,142,1,0
11732,8959,20,1,10
11733,8959,105,1,20
11734,8959,91,1,5
11735,8093,117,3,30
11736,8093,90,1,0
11737,6487,149,1,10
11738,21744,24,1,15
11739,22503,80,1,20
11740,22503,98,1,0
11741,22503,137,1,10
11742,10714,21,1,0
11743,10714,104,1,0
11744,10714,133,1,20
11745,3754,96,1,0
11746,3754,66,2,5
11747,3754,73,1,15
11748,11775,62,1,25
11749,11775,42,1,30
11750,24629,63,1,15
11751,21747,128,2,10
11752,20050,3,1,5
11753,1865,143,2,10
11754,3471,54,2,25
11755,2799,141,1,0
11756,23447,124,1,5
11757,12357,114,1,15
11758,12357,146,1,20
11759,7074,6,2,25
11760,7074,71,2,15
11761,7074,42,1,15
11762,7074,95,1,10
11763,7400,91,1,0
11764,7400,104,2,10
11765,7400,140,2,30
11766,1664,48,2,5
11767,1664,76,1,20
11768,1664,71,3,0
11769,9902,125,3,10
11770,6338,81,2,0
11771,6338,113,1,5
11772,9955,76,1,0
11773,7820,124,1,5
11774,14488,141,1,25
11775,14488,51,1,25
11776,14488,124,1,5
11777,12104,124,1,20
11778,12104,117,1,0
11779,12104,107,1,25
11780,12104,103,1,15
11781,15516,106,1,5
11782,15516,31,2,15
11783,6554,52,2,20
11784,6554,104,3,25
11785,2230,91,1,10
11786,2230,142,1,15
11787,16243,71,1,10
11788,15971,111,1,5
11789,15971,140,2,10
11790,7033,103,2,25
11791,7033,6,1,15
11792,21773,47,1,0
11793,21773,31,1,10
11794,21460,149,1,15
11795,5474,128,2,0
11796,5474,63,1,10
11797,5474,71,1,15
11798,5474,85,1,15
11799,6417,84,2,0
11800,2876,116,4,25
11801,2876,107,2,0
11802,3202,139,2,15
11803,3202,91,1,15
11804,3202,124,2,10
11805,3202,126,1,25
11806,16454,4,1,10
11807,6017,149,2,5
11808,23327,70,1,5
11809,24914,115,1,0
11810,8238,75,2,30
11811,8238,90,1,10
11812,3175,93,1,15
11813,3175,2,1,15
11814,21586,139,2,5
11815,21586,76,3,0
11816,2110,140,1,20
11817,4084,70,1,25
11818,6207,117,1,25
11819,6207,88,2,5
11820,6207,79,3,0
11821,6212,102,1,5
11822,1854,76,2,0
11823,4833,95,1,0
11824,4833,2,1,5
11825,24294,68,1,5
11826,1660,68,2,15
11827,1660,73,1,20
11828,959,84,1,10
11829,959,91,1,10
11830,19343,139,4,20
11831,6189,36,1,10
11832,6189,54,1,5
11833,14416,117,3,10
11834,14416,43,2,10
11835,22489,129,1,0
11836,14254,90,1,15
11837,14254,63,2,5
11838,14254,81,1,0
11839,24282,68,2,15
11840,24282,53,1,20
11841,3272,124,1,5
11842,13222,66,1,15
11843,13222,142,2,0
11844,13222,133,1,10
11845,14925,132,1,30
11846,22289,12,1,20
11847,15508,14,2,0
11848,15508,126,2,0
11849,15509,66,1,10
11850,15509,90,2,0
11851,3922,75,4,15
11852,3922,73,2,5
11853,3922,71,3,10
11854,4022,41,1,0
11855,4022,141,2,5
11856,4022,20,1,5
11857,3067,128,1,10
11858,3067,90,1,5
11859,3067,124,1,0
11860,23394,106,1,0
11861,400,67,3,15
11862,400,42,3,30
11863,12812,139,1,5
11864,24458,149,1,10
11865,24458,89,1,10
11866,24458,63,1,20
11867,24458,59,1,5
11868,24896,121,1,10
11869,24896,117,1,0
11870,24896,17,1,10
11871,10667,136,2,20
11872,6036,137,4,10
11873,16856,71,1,0
11874,18637,65,1,0
11875,12060,96,1,10
11876,12060,37,2,25
11877,20755,56,2,0
11878,20755,55,2,5
11879,20755,67,1,10
11880,6910,104,1,15
11881,6910,86,2,5
11882,13881,98,4,20
11883,4180,33,1,0
11884,4180,114,1,20
11885,694,42,2,15
11886,694,46,2,0
11887,3307,139,2,20
11888,3307,63,1,0
11889,3307,105,1,5
11890,13461,111,1,0
11891,2532,14,2,20
11892,12931,1,3,15
11893,12931,35,1,15
11894,24801,102,4,0
11895,4111,61,1,10
11896,20021,84,2,30
11897,20021,3,2,10
11898,20021,124,1,0
11899,20021,117,1,5
11900,7957,91,1,5
11901,7957,72,1,5
11902,22711,28,1,10
11903,22711,104,1,25
11904,20836,91,1,0
11905,20836,112,1,20
11906,21444,28,1,0
11907,21444,21,1,5
11908,21444,133,3,0
11909,16819,21,2,30
11910,13726,50,1,15
11911,13726,12,1,15
11912,20990,26,1,0
11913,20990,128,1,5
11914,20990,104,2,15
11915,7088,118,1,10
11916,5465,88,3,25
11917,3280,76,1,20
11918,18426,149,2,5
11919,20969,139,1,10
11920,20969,124,1,10
11921,20686,16,2,0
11922,8519,67,2,5
11923,2182,149,2,0
11924,63,88,1,5
11925,13256,67,1,5
11926,13256,124,1,0
11927,15391,105,1,15
11928,12638,81,1,10
11929,12638,38,1,0
11930,12638,93,1,10
11931,12638,63,1,15
11932,7107,76,3,20
11933,6386,28,1,5
11934,6386,116,2,5
11935,6386,122,2,10
11936,12484,122,3,10
11937,12484,101,1,15
11938,12484,3,2,25
11939,21955,64,2,25
11940,3890,90,2,30
11941,3890,54,2,20
11942,3890,41,1,25
11943,3890,2,1,10
11944,21277,121,3,0
11945,21377,117,1,5
11946,7008,67,3,10
11947,17038,146,1,0
11948,5115,104,1,30
11949,5115,105,2,0
11950,5115,117,1,0
11951,18024,104,1,5
11952,2872,70,2,15
11953,2872,115,1,10
11954,13575,55,1,0
11955,17860,55,1,15
11956,17338,59,3,10
11957,7452,107,2,5
11958,10800,53,1,25
11959,10027,147,2,25
11960,7717,102,1,20
11961,7717,122,2,15
11962,9209,55,3,0
11963,9209,140,1,0
11964,24553,4,1,20
11965,1532,128,1,10
11966,18204,71,2,10
11967,17333,54,1,0
11968,17333,53,1,20
11969,4459,87,1,10
11970,4459,90,1,15
11971,4459,42,4,10
11972,7249,80,1,20
11973,8122,142,1,25
11974,1109,14,2,25
11975,11766,25,1,30
11976,11766,63,1,20
11977,2087,6,2,10
11978,8108,103,1,10
11979,9301,48,2,10
11980,6979,75,1,10
11981,5996,12,1,0
11982,12962,78,1,25
11983,15287,42,3,0
11984,22944,129,1,0
11985,23052,137,1,20
11986,23052,55,1,25
11987,12739,46,1,0
11988,16827,3,2,10
11989,16050,42,2,15
11990,16050,73,2,25
11991,16050,2,1,25
11992,16050,63,1,10
11993,20674,81,1,25
11994,20674,98,2,15
11995,1440,46,1,5
11996,18115,76,1,0
11997,18115,125,4,5
11998,18115,71,1,30
11999,15000,3,1,15
12000,14790,70,4,0
12001,14790,146,1,15
12002,23309,54,1,10
12003,956,117,1,15
12004,956,17,1,20
12005,9535,17,2,15
12006,9535,71,1,5
12007,1483,12,1,20
12008,1483,56,1,5
12009,1483,90,1,5
12010,12088,124,1,10
12011,13757,128,1,30
12012,13757,59,1,0
12013,16138,6,1,20
12014,16138,96,3,0
12015,7557,115,1,0
12016,15966,69,1,10
12017,19052,29,3,5
12018,21861,128,2,30
12019,17604,133,1,5
12020,3350,12,1,15
12021,17662,54,1,10
12022,19537,102,1,10
12023,19537,26,3,0
12024,19537,124,1,20
12025,13986,95,2,20
12026,13986,55,3,25
12027,13986,71,2,20
12028,22495,149,1,20
12029,22495,28,1,0
12030,15602,19,1,15
12031,15602,84,1,0
12032,7150,41,1,10
12033,7150,91,1,0
12034,13102,52,1,10
12035,13102,125,2,5
12036,15688,143,1,15
12037,8453,146,1,15
12038,8453,64,1,25
12039,8453,126,3,15
12040,15479,6,1,0
12041,15479,28,1,5
12042,2417,70,1,20
12043,21512,139,1,10
12044,21512,54,2,25
12045,21512,6,2,0
12046,5578,124,2,5
12047,11637,63,1,25
12048,11637,129,1,10
12049,11637,88,2,5
12050,11637,75,1,0
12051,16231,107,1,0
12052,16231,62,3,25
12053,22952,28,2,10
12054,1778,95,2,5
12055,2404,32,1,10
12056,2404,149,4,10
12057,16438,104,1,10
12058,7160,110,1,0
12059,19248,13,1,5
12060,9147,125,1,25
12061,9147,54,1,10
12062,9147,128,2,20
12063,9147,106,1,10
12064,5676,71,1,0
12065,1005,71,2,25
12066,1005,115,1,5
12067,21134,31,1,0
12068,21134,104,1,10
12069,2606,66,1,25
12070,12271,27,1,15
12071,12271,76,1,20
12072,12271,43,1,20
12073,15173,117,4,10
12074,18955,120,2,10
12075,18955,90,2,0
12076,9507,90,1,0
12077,10225,148,1,30
12078,5383,62,1,0
12079,5383,99,2,20
12080,16510,115,1,15
12081,19251,95,3,0
12082,23871,66,3,0
12083,23871,64,1,0
12084,23871,110,1,10
12085,11783,63,1,10
12086,11783,6,1,15
12087,11783,121,1,0
12088,11783,2,1,20
12089,8705,141,1,5
12090,2790,74,1,25
12091,2790,2,1,25
12092,2790,22,1,10
12093,19983,72,1,10
12094,11373,42,2,0
12095,11373,136,1,5
12096,10585,107,3,0
12097,6409,90,2,25
12098,4179,52,1,20
12099,11298,126,1,10
12100,1553,139,3,10
12101,1553,24,3,0
12102,1553,124,2,0
12103,1553,12,2,20
12104,22372,138,3,5
12105,23642,70,2,5
12106,23642,117,1,0
12107,23642,140,1,15
12108,505,19,1,20
12109,505,148,1,10
12110,505,91,1,10
12111,4918,5,1,10
12112,18761,91,2,25
12113,18761,102,1,10
12114,9928,63,1,10
12115,9928,111,2,10
12116,9928,140,1,10
12117,9928,42,1,5
12118,10923,142,2,0
12119,18742,24,1,0
12120,2215,131,1,20
12121,2753,133,1,10
12122,7698,58,1,0
12123,7698,29,1,20
12124,7698,91,2,0
12125,10316,26,1,0
12126,10316,36,2,5
12127,10316,126,3,0
12128,10316,75,1,10
12129,12813,105,1,10
12130,17805,40,2,15
12131,20486,14,1,15
12132,7748,14,2,20
12133,7748,12,3,10
12134,7748,117,1,5
12135,7748,149,1,0
12136,13722,112,2,20
12137,13722,59,1,10
12138,21016,69,2,0
12139,21016,126,2,0
12140,15226,63,1,15
12141,15226,76,3,10
12142,8784,101,2,20
12143,8784,74,1,25
12144,4868,112,2,0
12145,13597,128,1,25
12146,13597,20,1,0
12147,13597,14,3,15
12148,12496,109,3,0
12149,5935,91,2,25
12150,5935,64,1,20
12151,5935,98,2,0
12152,20628,98,1,5
12153,20628,64,2,20
12154,2073,139,2,15
12155,7166,100,1,0
12156,7166,90,1,10
12157,7166,70,1,5
12158,19585,142,1,10
12159,19585,55,1,15
12160,14985,88,3,30
12161,11787,1,2,5
12162,11097,76,1,0
12163,11097,96,3,20
12164,9250,43,1,5
12165,9250,140,3,5
12166,5688,103,2,10
12167,19269,104,1,10
12168,19269,55,1,10
12169,15850,37,4,20
12170,15850,91,1,5
12171,15850,38,1,10
12172,15850,2,3,5
12173,4007,45,3,30
12174,5698,37,2,15
12175,22940,141,3,0
12176,11800,138,1,10
12177,1406,42,1,0
12178,9384,4,3,20
12179,9384,104,1,0
12180,9384,141,1,10
12181,9384,88,3,10
12182,15890,6,2,5
12183,15890,117,1,10
12184,21325,67,1,0
12185,1418,62,2,0
12186,1418,76,1,10
12187,1418,37,2,0
12188,1418,143,1,15
12189,16956,128,2,5
12190,23925,42,1,5
12191,23925,90,1,15
12192,12475,8,2,0
12193,12475,139,2,5
12194,8785,28,3,15
12195,333,143,1,0
12196,333,46,1,0
12197,333,50,1,5
12198,333,117,1,15
12199,6059,139,4,0
12200,6183,50,1,0
12201,6183,37,2,25
12202,6183,76,3,15
12203,6183,53,2,25
12204,274,102,1,15
12205,15020,67,1,20
12206,15020,66,1,5
12207,15020,128,1,15
12208,10938,43,1,20
12209,10938,117,1,0
12210,4880,128,2,15
12211,4880,71,1,5
12212,4880,116,2,5
12213,22873,135,1,5
12214,22873,58,2,15
12215,22873,71,1,5
12216,22873,40,4,15
12217,2008,71,2,20
12218,14688,117,2,15
12219,14688,17,1,10
12220,10025,26,1,5
12221,10025,12,1,10
12222,21293,70,1,0
12223,21293,144,1,10
12224,21293,136,3,0
12225,21293,143,3,20
12226,21139,117,1,30
12227,21139,64,2,5
12228,21467,21,1,25
12229,21467,80,1,0
12230,9171,122,1,5
12231,9171,48,2,10
12232,15359,141,2,0
12233,14244,97,3,0
12234,8473,118,1,0
12235,8473,28,1,0
12236,1748,95,1,20
12237,9654,117,1,5
12238,16176,91,2,0
12239,12529,56,1,15
12240,23,118,1,15
12241,6504,21,3,20
12242,24027,1,1,0
12243,14270,132,1,15
12244,8974,118,1,10
12245,8974,57,2,15
12246,22154,143,2,10
12247,22154,43,1,0
12248,22154,144,1,5
12249,5055,11,1,5
12250,5055,26,1,10
12251,18892,20,1,10
12252,22006,118,1,15
12253,15555,117,3,5
12254,15555,81,1,10
12255,15555,139,1,0
12256,19250,68,1,15
12257,24101,92,1,0
12258,14945,93,1,30
12259,3228,14,4,20
12260,9595,81,2,10
12261,9595,102,1,0
12262,23297,12,1,15
12263,23297,91,1,15
12264,23297,67,1,20
12265,19744,65,2,10
12266,19744,115,2,25
12267,9831,41,1,5
12268,13030,8,1,10
12269,4302,136,1,10
12270,4302,21,1,0
12271,10114,71,1,10
12272,14944,134,1,5
12273,14944,101,1,10
12274,24906,90,1,0
12275,24906,14,1,5
12276,18354,21,3,5
12277,18354,94,1,15
12278,23165,140,1,10
12279,23165,123,1,0
12280,23165,67,1,5
12281,10187,20,3,25
12282,13799,132,1,0
12283,13799,28,2,20
12284,13799,128,1,0
12285,17469,118,1,15
12286,3845,73,1,10
12287,20139,141,1,10
12288,20139,143,1,5
12289,21075,42,1,30
12290,3418,133,1,15
12291,10042,3,3,0
12292,7678,6,3,15
12293,23483,111,4,10
12294,19949,92,1,10
12295,22049,91,1,5
12296,22049,107,2,0
12297,22049,113,1,5
12298,12921,133,1,5
12299,17036,55,1,10
12300,17036,141,2,10
12301,8644,54,3,10
12302,1979,142,1,15
12303,21563,42,1,10
12304,19064,45,1,15
12305,19064,95,3,0
12306,1894,126,2,5
12307,1894,104,3,10
12308,1894,30,1,20
12309,23385,71,1,15
12310,23385,128,1,0
12311,24652,122,3,10
12312,2169,4,3,25
12313,1277,117,2,0
12314,14536,53,2,0
12315,643,75,2,15
12316,643,128,1,20
12317,19410,28,4,25
12318,19410,60,1,10
12319,5761,147,3,0
12320,3084,14,2,10
12321,1808,28,3,20
12322,1808,17,1,30
12323,1808,141,1,10
12324,23921,131,2,10
12325,23149,139,3,30
12326,23149,19,1,20
12327,6711,68,1,15
12328,8196,52,1,20
12329,7244,81,2,0
12330,17657,26,1,0
12331,15741,63,1,25
12332,15741,133,2,10
12333,15741,146,2,10
12334,12059,149,1,20
12335,15643,22,1,15
12336,14602,102,1,5
12337,4557,6,1,5
12338,4557,124,2,20
12339,4557,54,1,0
12340,4435,133,1,0
12341,24530,128,3,10
12342,24530,59,1,30
12343,6977,130,1,5
12344,21835,124,1,10
12345,11867,137,3,15
12346,11867,55,1,10
12347,2415,107,1,10
12348,2415,50,2,20
12349,14455,20,1,20
12350,3304,20,1,10
12351,17004,141,2,25
12352,17004,71,1,15
12353,17004,146,2,25
12354,17004,42,1,5
12355,963,1,4,5
12356,4897,60,3,30
12357,2469,149,1,20
12358,1330,68,1,15
12359,1330,42,3,10
12360,1330,46,1,0
12361,6466,28,1,15
12362,5273,117,1,0
12363,18467,99,4,10
12364,17512,42,1,10
12365,5831,49,1,10
12366,5831,102,4,20
12367,2384,64,2,5
12368,10913,77,1,5
12369,2742,125,3,0
12370,10586,116,2,5
12371,13171,37,2,15
12372,13171,20,1,20
12373,14111,58,1,5
12374,22475,91,1,10
12375,22475,96,1,5
12376,22475,27,1,10
12377,4872,50,1,5
12378,15789,74,1,10
12379,15789,1,2,10
12380,23492,114,1,5
12381,23492,117,1,0
12382,9506,2,1,15
12383,18946,28,1,0
12384,15747,127,1,5
12385,22157,138,1,0
12386,19759,112,1,25
12387,19759,46,2,5
12388,19759,128,2,5
12389,20524,61,1,0
12390,20524,98,1,0
12391,20524,46,2,0
12392,2463,140,2,5
12393,2463,55,1,20
12394,3380,90,3,0
12395,3380,14,1,20
12396,10511,14,2,25
12397,3620,117,1,20
12398,3620,71,1,15
12399,3620,56,1,15
12400,8079,10,2,10
12401,8383,91,3,0
12402,8383,125,1,10
12403,14977,87,1,25
12404,17151,117,1,5
12405,416,132,1,10
12406,416,12,2,0
12407,7639,137,2,0
12408,23241,116,1,5
12409,23241,117,3,10
12410,1165,75,2,10
12411,4156,117,2,5
12412,4156,107,1,20
12413,8323,140,1,15
12414,8323,107,1,30
12415,4948,76,1,0
12416,3321,71,3,0
12417,4785,64,3,5
12418,4785,71,3,20
12419,17718,142,1,20
12420,20911,141,3,5
12421,289,149,1,10
12422,22996,73,1,20
12423,4846,19,1,0
12424,4846,76,1,20
12425,4846,50,2,25
12426,4846,125,2,5
12427,6898,139,1,5
12428,11765,54,1,15
12429,11765,102,2,0
12430,11765,26,1,25
12431,18729,117,3,0
12432,22033,116,1,10
12433,9045,118,3,0
12434,13327,35,2,25
12435,13327,118,1,0
12436,2889,91,3,10
12437,12789,66,1,15
12438,12789,93,1,0
12439,12789,55,1,5
12440,12789,46,1,20
12441,20338,117,1,0
12442,11912,70,1,15
12443,13548,30,1,25
12444,11938,133,3,5
12445,11938,42,1,25
12446,20068,145,2,0
12447,19190,131,1,15
12448,19190,95,1,15
12449,13679,138,1,5
12450,13679,124,3,30
12451,8692,78,1,15
12452,21203,133,1,25
12453,16962,148,1,30
12454,16962,128,1,15
12455,16962,93,1,25
12456,16962,24,4,0
12457,13941,70,2,15
12458,4069,121,2,10
12459,22936,64,1,0
12460,22936,41,1,15
12461,22936,54,1,5
12462,11170,21,1,0
12463,11170,55,1,25
12464,9190,84,1,20
12465,9190,81,2,20
12466,9190,3,1,15
12467,6143,91,1,20
12468,9188,76,2,25
12469,19494,24,2,5
12470,22563,95,1,15
12471,23148,93,1,5
12472,23148,124,2,0
12473,23148,72,1,20
12474,10473,16,1,10
12475,10473,102,1,10
12476,1111,94,1,15
12477,1375,63,1,20
12478,1375,76,1,10
12479,15346,75,1,0
12480,15346,42,2,0
12481,13683,55,1,25
12482,12663,21,2,5
12483,17272,93,2,0
12484,19078,91,1,0
12485,20947,28,1,15
12486,8985,136,1,20
12487,19031,26,1,10
12488,19031,149,3,10
12489,15936,61,1,0
12490,7139,141,2,5
12491,7139,102,1,0
12492,17855,1,2,20
12493,24350,42,1,15
12494,24350,28,1,30
12495,24948,116,1,15
12496,24948,37,1,10
12497,1216,69,2,10
12498,1216,63,1,20
12499,17140,145,1,10
12500,14031,127,1,10
12501,14031,146,1,0
12502,1927,15,3,10
12503,1927,125,1,30
12504,1927,126,1,0
12505,23196,21,1,15
12506,698,104,1,10
12507,24276,115,2,15
12508,20546,128,2,20
12509,9159,114,1,15
12510,9159,99,2,5
12511,9159,111,1,10
12512,23339,102,1,25
12513,23339,104,1,5
12514,25,95,1,20
12515,25,37,1,25
12516,19316,66,2,10
12517,1684,60,1,5
12518,1684,71,1,25
12519,1501,147,1,0
12520,13183,96,2,15
12521,13183,143,1,20
12522,7642,141,1,20
12523,8334,86,2,15
12524,17901,71,2,10
12525,17901,73,1,0
12526,9148,76,3,10
12527,18594,30,1,0
12528,15449,66,1,0
12529,3584,146,2,5
12530,8039,148,3,15
12531,8039,24,1,25
12532,3970,31,1,15
12533,3970,29,1,15
12534,12699,28,1,0
12535,12699,55,4,10
12536,3353,66,1,30
12537,7357,62,3,0
12538,7357,126,1,15
12539,7357,116,2,0
12540,20657,133,1,15
12541,20657,96,2,20
12542,21879,70,1,5
12543,21879,60,2,0
12544,7750,63,1,20
12545,7750,50,1,15
12546,7750,145,1,5
12547,18909,68,1,15
12548,18909,67,4,25
12549,21679,140,2,25
12550,21679,89,3,10
12551,21679,81,2,25
12552,9687,144,1,30
12553,9687,104,1,5
12554,18379,47,2,20
12555,12769,71,4,10
12556,12769,60,2,5
12557,14241,71,4,20
12558,14241,75,1,0
12559,7195,18,1,0
12560,2948,128,1,0
12561,20261,71,1,0
12562,15649,81,1,15
12563,15649,50,1,10
12564,24357,133,2,15
12565,24357,65,1,0
12566,6206,45,2,20
12567,6206,19,2,5
12568,6206,40,3,25
12569,2526,117,1,10
12570,4454,138,1,0
12571,11489,42,1,20
12572,10916,80,1,15
12573,6415,24,3,25
12574,14694,103,2,0
12575,21429,102,2,25
12576,3655,145,1,15
12577,12609,99,1,0
12578,3303,65,1,0
12579,16341,104,2,10
12580,2977,128,1,20
12581,15324,28,3,20
12582,15324,54,1,10
12583,12686,91,2,0
12584,12686,71,3,15
12585,24536,143,1,20
12586,24536,93,2,10
12587,24536,1,1,5
12588,14693,87,1,5
12589,22669,61,1,5
12590,17920,2,1,20
12591,17920,43,3,0
12592,17920,128,1,25
12593,17920,70,1,0
12594,2700,117,1,20
12595,2700,33,1,15
12596,8282,20,2,20
12597,8282,121,1,15
12598,2172,121,2,15
12599,18161,138,3,5
12600,13311,59,1,5
12601,13311,63,1,0
12602,16524,146,2,5
12603,16524,90,2,20
12604,16524,142,1,15
12605,23971,118,2,0
12606,23971,43,1,0
12607,12012,70,1,0
12608,12012,60,1,20
12609,23271,141,1,5
12610,23271,29,2,15
12611,23271,66,1,10
12612,23271,2,2,10
12613,24791,1,1,5
12614,24791,96,1,15
12615,24791,47,2,0
12616,12983,123,1,0
12617,12983,95,1,30
12618,12983,70,1,25
12619,12983,90,2,20
12620,21947,71,1,15
12621,21947,51,2,30
12622,21245,42,1,5
12623,23716,90,3,0
12624,22945,26,1,15
12625,16132,43,4,10
12626,18040,46,1,15
12627,6672,107,2,5
12628,6672,131,1,5
12629,15757,139,3,30
12630,22877,142,2,10
12631,22877,47,1,10
12632,22091,136,1,20
12633,329,96,1,20
12634,329,31,1,10
12635,6519,52,1,10
12636,15376,131,1,5
12637,15376,149,1,15
12638,24613,101,1,10
12639,20375,142,1,20
12640,20375,117,1,10
12641,23647,4,1,20
12642,23647,91,1,15
12643,23647,54,1,0
12644,23647,148,1,0
12645,12442,53,1,5
12646,12442,29,1,10
12647,17460,116,1,5
12648,17460,122,2,20
12649,17460,62,2,15
12650,17460,68,3,5
12651,12822,109,1,0
12652,17116,12,1,0
12653,15206,128,1,10
12654,15206,143,1,15
12655,15206,109,3,25
12656,7805,94,2,0
12657,17521,90,2,15
12658,17521,12,2,10
12659,11436,52,3,25
12660,11436,102,1,0
12661,16845,71,2,0
12662,16845,41,1,0
12663,16845,75,2,30
12664,16845,69,3,10
12665,5222,124,1,0
12666,3786,87,1,15
12667,3786,94,3,0
12668,8980,99,3,15
12669,9644,60,1,25
12670,9644,133,1,5
12671,22688,81,1,5
12672,10790,2,1,5
12673,814,52,1,15
12674,7427,134,1,5
12675,12176,107,2,0
12676,12176,90,3,25
12677,12176,26,1,0
12678,22481,149,1,20
12679,6351,54,2,10
12680,4147,6,1,20
12681,4147,71,1,10
12682,4147,37,2,10
12683,17771,96,1,5
12684,17771,95,3,5
12685,11827,145,3,25
12686,11827,142,1,5
12687,10902,42,1,0
12688,10902,54,1,30
12689,10902,139,2,0
12690,10902,36,1,0
12691,7110,31,2,0
12692,2006,95,1,10
12693,22947,89,1,0
12694,19878,78,2,15
12695,14085,42,2,0
12696,2947,33,1,10
12697,2947,135,2,5
12698,18520,43,1,15
12699,842,9,1,10
12700,14668,99,2,5
12701,12911,89,1,10
12702,12911,91,2,10
12703,402,43,3,0
12704,5611,116,1,5
12705,7810,73,1,20
12706,7810,104,1,15
12707,7810,68,1,5
12708,20607,8,2,25
12709,20607,87,2,25
12710,16339,71,1,5
12711,16339,116,1,10
12712,16339,66,1,5
12713,21411,23,1,10
12714,20170,101,1,5
12715,15535,38,2,15
12716,15535,19,1,10
12717,17445,78,1,30
12718,24532,14,2,30
12719,2883,17,1,20
12720,2883,144,1,0
12721,5620,149,1,10
12722,9728,46,2,5
12723,9728,71,1,25
12724,6912,85,1,15
12725,23602,56,1,5
12726,23602,66,4,25
12727,23602,48,2,10
12728,23602,59,3,5
12729,13948,132,1,15
12730,14906,91,2,10
12731,15211,73,1,10
12732,2940,68,1,0
12733,3240,50,3,15
12734,1569,102,1,5
12735,1569,28,1,30
12736,6559,115,1,0
12737,6559,63,1,0
12738,1747,29,3,25
12739,1747,54,1,15
12740,19427,142,2,0
12741,19427,6,1,25
12742,19427,1,1,0
12743,12753,34,1,0
12744,5020,148,1,25
12745,18971,149,2,0
12746,18971,104,1,5
12747,9327,75,1,15
12748,6473,98,1,20
12749,22248,117,1,10
12750,2919,52,1,15
12751,2919,117,3,25
12752,16137,53,1,15
12753,16137,73,1,10
12754,5312,128,2,10
12755,5312,27,1,15
12756,7225,148,1,10
12757,7225,67,2,10
12758,7225,122,1,20
12759,7225,3,1,15
12760,15647,33,1,20
12761,15647,47,2,25
12762,23966,139,2,10
12763,23966,145,2,5
12764,401,136,1,20
12765,401,36,1,0
12766,7423,70,1,5
12767,14899,115,1,15
12768,14899,42,1,20
12769,537,53,2,0
12770,15566,39,1,5
12771,12732,85,1,25
12772,12732,68,2,20
12773,12732,66,3,15
12774,426,143,1,10
12775,426,133,2,15
12776,21108,56,2,25
12777,15571,90,2,10
12778,15571,26,2,5
12779,16844,45,1,10
12780,16844,37,3,25
12781,8255,54,1,10
12782,8255,128,1,15
12783,9585,139,1,0
12784,19492,106,1,0
12785,13629,43,4,15
12786,21220,124,1,10
12787,8738,36,4,5
12788,12594,62,2,15
12789,23461,100,3,10
12790,951,27,2,15
12791,15026,73,1,0
12792,13324,43,1,0
12793,13324,29,3,15
12794,15074,102,3,10
12795,3889,4,2,5
12796,3889,70,3,15
12797,2052,45,1,5
12798,21826,75,1,15
12799,21826,139,1,5
12800,17544,128,3,0
12801,17544,115,1,5
12802,21147,19,2,15
12803,11442,95,4,10
12804,24747,96,1,10
12805,24747,52,3,20
12806,21621,139,1,10
12807,19021,93,2,30
12808,19021,99,1,20
12809,3912,76,2,5
12810,2575,136,2,5
12811,2575,103,2,0
12812,21650,25,1,20
12813,20326,88,2,0
12814,20326,72,1,0
12815,10777,124,2,0
12816,10777,21,3,10
12817,12110,109,1,15
12818,5038,72,1,20
12819,1106,1,1,25
12820,6664,66,1,10
12821,7554,122,1,5
12822,2920,107,1,30
12823,22300,31,1,15
12824,3166,111,1,5
12825,3166,139,1,20
12826,3166,64,1,0
12827,3166,29,1,5
12828,18881,138,1,30
12829,17882,117,2,15
12830,17171,2,2,25
12831,10445,91,2,20
12832,10445,55,1,30
12833,10445,51,3,0
12834,4383,128,1,15
12835,4383,136,1,30
12836,19705,81,1,10
12837,21322,91,2,0
12838,21322,95,2,10
12839,22519,96,1,0
12840,22519,64,1,5
12841,21578,95,1,15
12842,7521,91,1,10
12843,7521,69,1,0
12844,7521,54,1,5
12845,7521,52,1,5
12846,20441,24,1,15
12847,6431,2,1,15
12848,19724,146,2,15
12849,19724,73,1,0
12850,9160,18,4,10
12851,9160,13,1,15
12852,9152,70,1,5
12853,9152,128,2,25
12854,9152,105,1,10
12855,17236,128,2,25
12856,12212,145,1,0
12857,12212,150,1,5
12858,20713,113,1,5
12859,20713,47,1,30
12860,15976,81,1,15
12861,10448,76,3,10
12862,7762,141,2,0
12863,9184,122,1,20
12864,17441,117,1,30
12865,17441,93,3,10
12866,17441,143,1,10
12867,24108,62,1,0
12868,24108,78,1,5
12869,23674,25,2,5
12870,23674,117,1,5
12871,23674,91,1,10
12872,4613,78,1,10
12873,10298,32,1,20
12874,10298,73,1,10
12875,19749,87,2,0
12876,19749,139,1,5
12877,14887,50,1,20
12878,13654,42,1,15
12879,13654,11,2,25
12880,21886,142,1,10
12881,21886,97,1,15
12882,21886,25,2,0
12883,17832,72,1,30
12884,17832,14,2,20
12885,6501,78,3,0
12886,6501,88,1,0
12887,680,43,1,15
12888,10095,128,1,20
12889,22230,1,3,10
12890,22230,133,1,10
12891,19774,117,1,0
12892,20951,58,1,25
12893,20951,47,1,10
12894,20951,124,1,30
12895,20924,53,1,5
12896,12717,66,1,25
12897,12717,74,4,10
12898,12717,140,1,15
12899,17332,70,1,0
12900,17332,128,1,10
12901,19627,43,1,15
12902,12870,70,2,0
12903,12870,118,1,0
12904,15460,96,1,10
12905,15460,141,1,5
12906,14322,40,1,5
12907,14322,130,2,20
12908,15351,148,2,5
12909,5140,42,1,0
12910,5359,31,1,15
12911,277,42,1,30
12912,2344,73,1,0
12913,2344,46,1,5
12914,6728,124,1,20
12915,19824,87,1,10
12916,7850,141,1,0
12917,7850,144,1,15
12918,15321,48,2,10
12919,8162,133,1,0
12920,10157,124,2,0
12921,15808,29,1,0
12922,6447,132,1,0
12923,6447,138,1,5
12924,19240,29,1,0
12925,22779,42,3,5
12926,22779,128,1,5
12927,22188,42,2,15
12928,22188,70,1,0
12929,20968,66,1,15
12930,20968,42,2,10
12931,20968,75,2,10
12932,20968,104,2,10
12933,19933,141,1,15
12934,8352,107,1,25
12935,8352,21,1,0
12936,1519,20,1,0
12937,16709,71,2,10
12938,16709,138,1,0
12939,3342,63,2,15
12940,11164,75,1,10
12941,14604,77,1,20
12942,16446,118,1,25
12943,20875,70,1,5
12944,2142,12,1,5
12945,18547,20,1,15
12946,18547,9,1,25
12947,22210,68,1,5
12948,16785,143,1,5
12949,16785,131,2,15
12950,9910,142,1,10
12951,9910,42,3,0
12952,21432,1,1,0
12953,11793,70,1,15
12954,11793,46,1,15
12955,11793,89,1,5
12956,11793,127,2,25
12957,16470,117,2,0
12958,1275,58,2,10
12959,1275,25,4,15
12960,1275,145,2,10
12961,1275,93,1,0
12962,16748,50,1,25
12963,16748,42,1,15
12964,16748,25,1,0
12965,19205,140,3,30
12966,19205,99,3,5
12967,23700,107,1,0
12968,16391,37,1,25
12969,16391,96,1,10
12970,19844,117,3,25
12971,14856,99,2,10
12972,11504,60,1,0
12973,8877,142,2,30
12974,8877,133,1,10
12975,24376,88,2,10
12976,20221,141,1,0
12977,21874,71,2,5
12978,21874,117,3,15
12979,4119,17,1,10
12980,7238,73,1,0
12981,24440,46,1,10
12982,6124,64,1,0
12983,23245,43,2,15
12984,23245,70,4,15
12985,16645,3,1,0
12986,6818,84,1,0
12987,6818,76,1,30
12988,19122,19,2,25
12989,15753,121,1,0
12990,4719,60,2,20
12991,13780,42,1,0
12992,13780,68,1,10
12993,20862,60,1,10
12994,6810,76,3,0
12995,6810,66,1,20
12996,6810,3,1,5
12997,4008,52,1,5
12998,7769,54,1,5
12999,20052,105,3,25
13000,5879,55,1,10
13001,15916,70,2,20
13002,15916,96,2,20
13003,3047,131,2,25
13004,3047,71,1,10
13005,9927,89,1,15
13006,3023,27,2,5
13007,20770,68,1,5
13008,16617,100,1,5
13009,16617,54,1,10
13010,16617,124,1,0
13011,19406,96,1,5
13012,19406,141,1,10
13013,16635,144,3,0
13014,3234,102,1,0
13015,3234,40,1,5
13016,3234,95,2,0
13017,22183,12,2,20
13018,22183,48,2,0
13019,22183,141,3,20
13020,11689,149,1,20
13021,11689,144,1,5
13022,23427,95,1,10
13023,23427,83,1,10
13024,8862,117,3,25
13025,24827,117,1,10
13026,6157,14,1,10
13027,6157,25,1,5
13028,7385,69,1,5
13029,7385,148,1,5
13030,22470,34,1,0
13031,22470,78,1,15
13032,22470,56,1,0
13033,24330,1,1,20
13034,24330,56,1,5
13035,5446,133,1,15
13036,17742,147,2,25
13037,17742,39,2,0
13038,14842,90,1,15
13039,12763,143,2,15
13040,3413,74,1,25
13041,3413,76,1,10
13042,3413,133,1,20
13043,14167,85,2,15
13044,14167,84,1,5
13045,14167,71,1,0
13046,14167,117,1,0
13047,16190,146,2,10
13048,16190,53,1,20
13049,16190,90,1,0
13050,990,104,1,10
13051,990,142,1,0
13052,990,47,2,0
13053,2793,129,3,25
13054,22165,76,1,0
13055,22165,58,3,15
13056,1777,43,1,10
13057,15106,139,3,10
13058,6856,91,1,15
13059,6856,46,1,15
13060,18083,25,1,0
13061,18083,128,1,0
13062,15598,124,1,25
13063,15598,89,1,10
13064,10930,129,1,15
13065,10930,60,1,20
13066,10930,75,2,15
13067,13422,41,1,0
13068,19525,68,1,30
13069,19525,124,1,0
13070,6697,101,1,0
13071,5915,90,1,10
13072,4780,25,1,10
13073,4780,141,2,5
13074,4780,42,3,0
13075,9224,88,1,25
13076,9224,3,1,5
13077,18802,20,3,5
13078,18300,14,1,10
13079,18300,126,2,10
13080,4426,6,1,5
13081,4426,89,1,0
13082,1679,63,1,20
13083,10609,17,1,0
13084,10609,128,1,5
13085,10609,32,2,10
13086,4019,124,2,5
13087,11359,117,2,20
13088,6663,46,1,5
13089,6663,68,1,10
13090,24894,93,3,0
13091,24186,68,2,10
13092,24186,20,1,5
13093,2769,143,1,0
13094,9247,141,1,0
13095,9247,91,1,20
13096,9247,118,1,10
13097,1033,76,1,20
13098,1033,52,3,10
13099,1033,35,1,20
13100,1033,60,2,15
13101,1503,66,1,20
13102,1503,98,3,15
13103,1503,72,1,15
13104,1503,118,1,0
13105,23798,15,1,0
13106,9392,38,3,0
13107,18332,20,4,10
13108,7549,117,1,15
13109,1352,14,1,0
13110,22408,124,1,30
13111,22408,84,1,20
13112,22408,64,1,5
13113,22408,54,1,0
13114,12818,50,1,0
13115,2705,26,1,5
13116,24883,66,1,10
13117,13237,129,2,0
13118,13237,72,1,5
13119,5871,70,1,25
13120,5871,93,1,0
13121,5871,128,1,10
13122,5871,68,2,10
13123,15861,78,2,0
13124,9989,21,2,10
13125,9989,68,1,0
13126,14107,65,3,15
13127,14107,105,1,15
13128,14107,14,1,25
13129,869,43,3,0
13130,869,98,1,10
13131,869,106,1,0
13132,869,66,1,10
13133,19065,140,2,25
13134,23586,66,1,15
13135,24106,101,1,15
13136,24106,53,1,5
13137,24106,60,2,30
13138,931,25,1,15
13139,21049,71,1,5
13140,21049,117,3,15
13141,14958,66,2,25
13142,17668,128,1,10
13143,896,75,1,0
13144,14132,104,1,0
13145,19364,55,1,5
13146,19364,89,1,10
13147,22713,75,1,20
13148,12351,148,1,0
13149,12351,91,1,25
13150,12351,102,1,5
13151,6004,117,1,0
13152,6004,66,1,5
13153,11805,90,1,5
13154,10906,138,3,25
13155,12108,63,1,0
13156,527,63,1,20
13157,11085,128,1,10
13158,24562,141,3,15
13159,24562,128,3,20
13160,14047,10,1,25
13161,11443,116,1,10
13162,19036,31,1,10
13163,19036,138,1,5
13164,19036,59,3,0
13165,19767,137,1,10
13166,12998,30,2,25
13167,2123,90,2,0
13168,13526,66,1,15
13169,6961,78,1,5
13170,6961,73,2,15
13171,6820,95,4,5
13172,6820,91,1,0
13173,17026,71,1,20
13174,10655,19,1,15
13175,9578,52,2,10
13176,24062,142,1,10
13177,24062,14,1,5
13178,24062,28,2,5
13179,4086,138,2,0
13180,4086,2,2,10
13181,4822,54,2,5
13182,4822,75,1,0
13183,7332,125,4,0
13184,7027,101,1,25
13185,22824,20,1,10
13186,7037,60,2,10
13187,22525,72,1,10
13188,2026,77,1,5
13189,7569,93,3,25
13190,7569,106,1,25
13191,13773,78,1,10
13192,13773,61,2,10
13193,7071,90,1,15
13194,7071,141,1,20
13195,4666,54,1,10
13196,23913,133,1,0
13197,5237,118,1,0
13198,23030,3,1,10
13199,2529,24,2,0
13200,12226,33,1,15
13201,10522,71,3,20
13202,10522,147,1,5
13203,1043,84,1,5
13204,24774,90,1,10
13205,15018,140,2,5
13206,21085,148,1,0
13207,21085,69,3,10
13208,13973,49,1,25
13209,13973,22,1,0
13210,13973,124,4,0
13211,14974,141,1,25
13212,15664,149,1,0
13213,15664,84,2,25
13214,15664,70,1,10
13215,16997,93,1,0
13216,16481,14,1,15
13217,393,43,1,20
13218,393,3,3,15
13219,393,145,1,20
13220,13305,66,2,15
13221,13305,91,2,20
13222,18360,117,2,20
13223,7299,133,1,20
13224,1744,21,2,5
13225,12514,96,1,15
13226,12514,94,1,15
13227,7694,28,1,5
13228,23741,124,1,20
13229,5962,50,4,5
13230,21,72,2,15
13231,2785,137,1,25
13232,11444,17,2,15
13233,11444,74,3,0
13234,11444,128,2,20
13235,22593,3,3,15
13236,14480,143,1,5
13237,20589,85,2,5
13238,20589,131,1,15
13239,19385,90,1,20
13240,19385,122,2,5
13241,19385,40,1,15
13242,6238,19,1,0
13243,20627,26,1,10
13244,6244,4,2,10
13245,6244,46,1,5
13246,597,12,1,5
13247,597,76,1,10
13248,597,2,1,25
13249,19975,54,1,0
13250,19975,89,1,15
13251,5112,73,1,5
13252,24333,110,3,5
13253,24327,141,2,5
13254,11077,29,2,5
13255,11077,45,1,0
13256,2622,96,3,20
13257,10077,91,1,0
13258,10077,36,2,10
13259,14803,104,2,0
13260,21161,45,1,15
13261,21161,53,2,15
13262,21161,121,1,0
13263,3994,34,1,0
13264,3994,78,1,10
13265,3994,104,2,20
13266,3994,28,1,20
13267,13996,21,2,25
13268,24267,42,1,5
13269,19531,146,1,5
13270,11901,124,1,5
13271,11901,37,1,0
13272,12507,34,1,25
13273,12507,99,1,0
13274,12507,104,2,15
13275,12507,75,1,15
13276,612,68,3,0
13277,19837,66,2,5
13278,19837,143,2,20
13279,324,14,2,5
13280,9,141,1,10
13281,9,52,2,5
13282,9,55,1,10
13283,23572,113,1,10
13284,9671,2,1,0
13285,9671,42,1,5
13286,9671,6,2,0
13287,9671,148,3,10
13288,20655,46,1,5
13289,4843,47,2,15
13290,13966,75,3,15
13291,13966,25,1,30
13292,13966,139,2,10
13293,2036,3,1,5
13294,2036,52,1,5
13295,3153,123,1,5
13296,15543,6,2,15
13297,24217,71,2,30
13298,2290,91,1,0
13299,15079,128,4,0
13300,19604,90,1,25
13301,24884,141,1,0
13302,7703,117,2,25
13303,7703,143,1,15
13304,11967,52,2,0
13305,24318,147,3,15
13306,9132,3,1,30
13307,4844,95,1,5
13308,24507,94,2,0
13309,24329,104,1,0
13310,24329,31,1,5
13311,41,68,1,20
13312,16183,107,2,15
13313,16183,71,1,5
13314,24856,115,1,30
13315,21866,128,1,25
13316,21866,122,1,0
13317,18963,94,1,0
13318,18963,146,2,30
13319,16771,54,2,0
13320,16771,73,2,0
13321,8856,146,1,0
13322,8856,52,1,0
13323,9771,68,1,15
13324,9771,40,1,5
13325,6809,80,1,10
13326,6809,141,1,30
13327,15429,42,1,15
13328,20559,36,1,0
13329,6156,121,1,15
13330,15578,20,1,0
13331,18641,20,2,0
13332,18641,95,1,20
13333,18641,63,1,15
13334,23135,132,3,20
13335,23135,52,1,20
13336,23135,133,1,0
13337,23135,104,2,10
13338,20377,104,1,25
13339,20749,105,1,20
13340,173,19,2,0
13341,857,24,1,5
13342,4476,144,1,5
13343,18856,38,2,15
13344,18856,96,2,20
13345,3482,30,3,20
13346,3482,122,1,5
13347,6463,72,2,10
13348,23795,128,2,20
13349,3695,128,1,20
13350,3695,118,2,0
13351,3695,14,1,15
13352,3695,142,1,20
13353,8295,71,2,15
13354,17070,95,1,5
13355,6931,73,1,0
13356,15496,61,1,5
13357,2228,103,1,5
13358,2228,104,1,20
13359,2228,118,2,15
13360,4423,62,3,30
13361,4423,140,1,15
13362,23893,76,1,15
13363,12959,7,3,15
13364,12959,70,1,10
13365,12959,12,1,25
13366,1094,76,1,0
13367,19111,12,1,5
13368,19111,17,1,0
13369,15878,134,1,10
13370,15878,104,3,20
13371,15878,93,2,10
13372,11749,98,2,15
13373,11749,139,3,5
13374,11410,138,2,5
13375,16376,139,1,5
13376,16376,98,2,20
13377,13801,62,1,0
13378,23107,115,2,5
13379,847,122,3,10
13380,22482,71,2,0
13381,24405,36,3,10
13382,22270,90,1,10
13383,13486,143,1,10
13384,15050,71,1,10
13385,16593,124,1,25
13386,16593,75,4,5
13387,6309,117,1,25
13388,6309,33,1,10
13389,11878,103,1,0
13390,410,94,1,0
13391,23386,103,1,15
13392,16090,75,2,10
13393,8858,136,1,10
13394,15975,53,1,15
13395,15975,144,2,0
13396,543,89,1,10
13397,543,137,1,20
13398,18472,3,1,10
13399,18472,45,1,5
13400,18472,105,1,0
13401,10997,33,2,20
13402,11040,48,1,5
13403,9520,90,2,10
13404,9520,142,1,0
13405,13246,139,2,0
13406,13246,70,1,20
13407,13246,118,1,10
13408,13246,133,2,5
13409,9777,78,3,0
13410,9777,107,1,15
13411,9777,99,1,5
13412,12249,36,2,10
13413,12249,101,1,15
13414,12249,2,1,0
13415,1218,139,1,10
13416,1218,63,1,10
13417,1218,141,1,5
13418,18758,126,1,15
13419,18758,71,1,5
13420,4920,88,2,25
13421,4920,144,1,10
13422,17209,71,2,10
13423,20562,141,1,20
13424,20562,91,1,15
13425,19130,66,2,5
13426,19130,90,2,10
13427,6358,42,1,0
13428,6358,128,1,25
13429,6358,67,1,5
13430,2383,72,2,10
13431,20002,126,1,25
13432,14804,138,1,10
13433,1937,52,1,15
13434,14768,127,3,10
13435,2263,75,2,10
13436,17646,103,2,0
13437,9149,61,2,5
13438,9149,75,2,10
13439,4712,136,1,0
13440,11173,37,1,5
13441,11173,73,2,0
13442,2206,117,1,25
13443,6837,140,1,5
13444,10258,104,1,10
13445,12295,45,1,0
13446,9044,33,3,20
13447,9044,42,1,15
13448,12650,45,1,15
13449,12650,141,2,5
13450,12650,96,1,15
13451,2839,54,3,15
13452,2839,43,1,10
13453,2860,132,1,5
13454,7606,142,1,0
13455,6393,86,1,25
13456,15201,48,4,5
13457,15481,47,1,0
13458,18648,95,1,0
13459,11416,71,1,5
13460,11416,97,3,20
13461,17049,91,1,15
13462,17049,71,1,10
13463,3194,76,2,5
13464,1544,128,2,15
13465,1544,85,1,15
13466,17190,138,1,10
13467,17190,50,1,10
13468,9379,71,1,0
13469,22207,98,4,20
13470,23497,128,1,5
13471,16091,56,1,20
13472,12836,90,1,5
13473,12836,69,1,10
13474,22144,76,1,20
13475,21718,72,1,5
13476,16918,90,1,30
13477,19166,38,1,10
13478,19166,71,1,5
13479,19166,140,1,15
13480,19166,143,1,15
13481,316,63,2,20
13482,22536,124,2,0
13483,10967,72,1,0
13484,4614,42,4,0
13485,4614,37,3,20
13486,8616,124,1,5
13487,11103,150,2,0
13488,11103,76,1,10
13489,5034,116,1,25
13490,737,52,3,10
13491,737,144,4,0
13492,3037,141,1,10
13493,3037,42,2,0
13494,20789,126,1,5
13495,20789,69,2,0
13496,2914,70,1,15
13497,9114,142,1,20
13498,11052,140,1,20
13499,11052,97,2,30
13500,11052,105,1,20
13501,11052,70,1,20
13502,6455,62,1,10
13503,6455,60,1,15
13504,4231,28,2,0
13505,21888,137,1,5
13506,21888,46,1,30
13507,21888,75,3,15
13508,21888,34,1,10
13509,21368,27,1,10
13510,21368,146,1,10
13511,18523,104,2,0
13512,18523,10,2,25
13513,1132,115,3,10
13514,4905,73,1,0
13515,4905,142,2,5
13516,3784,128,1,25
13517,3784,121,1,10
13518,3784,73,1,10
13519,3784,97,1,0
13520,21977,67,1,25
13521,21977,75,1,0
13522,14972,64,1,5
13523,14972,48,2,5
13524,21998,14,1,0
13525,21998,67,1,10
13526,21998,66,1,0
13527,10554,96,2,5
13528,16829,90,1,10
13529,16829,95,1,15
13530,5493,137,1,5
13531,5493,126,1,15
13532,21145,84,3,25
13533,21145,70,1,5
13534,18150,149,1,10
13535,14043,21,2,15
13536,14043,117,2,5
13537,4045,76,1,15
13538,16578,121,2,25
13539,21453,6,1,20
13540,21453,67,2,25
13541,21453,93,1,0
13542,21453,78,1,0
13543,6005,84,1,25
13544,6005,94,3,10
13545,17881,43,1,5
13546,7952,46,2,20
13547,7952,28,3,10
13548,16384,133,1,10
13549,16672,95,3,10
13550,4819,69,1,5
13551,4819,128,1,15
13552,12924,53,1,10
13553,15828,128,3,0
13554,21994,90,1,10
13555,21994,54,3,0
13556,21994,140,2,5
13557,11360,78,1,0
13558,13514,56,1,5
13559,13514,50,1,10
13560,16343,120,1,10
13561,16343,27,4,25
13562,16343,73,1,10
13563,16343,104,1,10
13564,16990,41,1,15
13565,22526,75,2,10
13566,9612,141,3,5
13567,9612,128,1,15
13568,9612,53,2,0
13569,9278,78,1,25
13570,9278,73,1,10
13571,9278,25,4,20
13572,1822,104,2,10
13573,1822,66,1,0
13574,24177,81,2,10
13575,24177,142,4,0
13576,20712,21,1,10
13577,4425,93,4,10
13578,4425,53,1,15
13579,4228,81,1,20
13580,3323,138,1,5
13581,3323,28,3,25
13582,397,72,1,15
13583,397,81,4,0
13584,17563,70,2,10
13585,20792,103,2,25
13586,20792,19,1,10
13587,10213,55,1,0
13588,10213,19,1,20
13589,5259,77,1,10
13590,17849,104,1,5
13591,17849,118,1,20
13592,24435,48,2,20
13593,24435,26,1,0
13594,24435,71,1,15
13595,10955,146,1,20
13596,3668,143,3,5
13597,3668,84,3,10
13598,3668,19,1,0
13599,15716,107,1,20
13600,15716,146,2,10
13601,12330,70,3,0
13602,12330,137,1,0
13603,239,98,1,0
13604,2763,141,1,0
13605,2763,3,1,15
13606,20973,2,2,20
13607,16610,140,1,10
13608,15445,63,1,5
13609,6108,115,3,30
13610,3738,70,3,20
13611,18806,64,1,0
13612,1017,126,3,10
13613,1017,71,2,15
13614,1017,104,1,10
13615,1017,21,1,10
13616,12910,13,1,0
13617,12910,63,1,5
13618,12910,129,1,20
13619,12910,104,2,10
13620,22031,2,1,5
13621,15877,53,1,0
13622,20958,146,1,0
13623,24971,64,3,15
13624,18586,39,2,0
13625,18586,117,1,0
13626,18586,18,1,0
13627,18586,91,2,0
13628,3651,3,2,0
13629,9076,90,2,25
13630,9076,19,2,0
13631,150,140,1,10
13632,15834,69,1,10
13633,15834,143,1,15
13634,15834,50,2,15
13635,15834,21,1,5
13636,10059,72,1,10
13637,10059,41,2,10
13638,10059,42,1,5
13639,16118,91,2,15
13640,16118,84,1,5
13641,16118,136,1,5
13642,12026,31,1,25
13643,12026,75,1,15
13644,22119,60,1,15
13645,22119,51,1,0
13646,23236,25,2,20
13647,8454,3,1,30
13648,8454,75,1,10
13649,14299,42,2,5
13650,20359,2,1,0
13651,20571,73,1,0
13652,112,55,1,10
13653,112,23,1,0
13654,4882,61,2,5
13655,18076,124,3,5
13656,18076,81,1,5
13657,13427,81,2,15
13658,13427,117,1,0
13659,2794,91,2,0
13660,2794,124,1,25
13661,7271,102,2,5
13662,7271,72,3,0
13663,7271,88,4,10
13664,474,2,1,25
13665,14174,49,2,0
13666,14174,122,1,15
13667,3739,75,1,5
13668,3739,125,1,20
13669,3739,94,1,20
13670,275,84,1,0
13671,9971,124,2,30
13672,20006,38,1,0
13673,765,37,1,15
13674,20400,93,2,15
13675,20400,95,1,20
13676,20400,110,1,20
13677,12235,85,2,0
13678,12235,101,2,10
13679,7149,117,1,5
13680,7149,2,1,5
13681,286,90,1,0
13682,286,103,1,20
13683,286,14,1,0
13684,286,138,2,10
13685,7673,35,2,25
13686,8744,141,2,25
13687,8744,46,3,15
13688,4561,95,1,5
13689,7010,45,1,10
13690,16799,117,1,5
13691,16799,118,1,20
13692,7899,75,1,5
13693,7899,46,1,20
13694,2454,61,2,0
13695,2454,121,4,5
13696,2454,28,3,15
13697,2454,29,1,20
13698,19622,124,1,0
13699,20865,128,1,20
13700,8474,137,2,5
13701,3568,90,1,15
13702,13372,138,1,30
13703,13372,56,3,10
13704,13372,112,1,5
13705,17740,136,1,10
13706,748,124,1,10
13707,16842,14,4,20
13708,16842,71,1,0
13709,16842,142,1,0
13710,6555,76,2,5
13711,6555,104,1,5
13712,6555,139,1,0
13713,6555,115,2,15
13714,23201,33,1,5
13715,16098,89,2,15
13716,19992,52,1,10
13717,12375,75,1,5
13718,18160,46,3,0
13719,3676,142,1,0
13720,15438,72,1,5
13721,15438,90,1,10
13722,16824,66,2,25
13723,16824,124,3,5
13724,16824,115,1,0
13725,16824,28,2,10
13726,11522,21,1,10
13727,11522,81,1,25
13728,8476,96,1,10
13729,8476,39,1,15
13730,8476,21,2,15
13731,5936,16,1,5
13732,5936,144,2,0
13733,5936,63,1,10
13734,1832,124,1,25
13735,16725,93,1,15
13736,24132,142,1,10
13737,21852,90,1,20
13738,16085,90,1,20
13739,16085,103,1,25
13740,12400,75,1,15
13741,12400,90,1,10
13742,15903,66,1,5
13743,10986,19,1,5
13744,20329,90,2,15
13745,20329,110,1,0
13746,24842,96,1,0
13747,6159,140,1,5
13748,6159,128,1,10
13749,6159,66,2,10
13750,5866,71,1,15
13751,24266,91,1,0
13752,9228,124,1,5
13753,22047,29,4,15
13754,22047,146,1,15
13755,22047,142,1,10
13756,10816,53,4,15
13757,14129,133,2,0
13758,10616,73,1,5
13759,3520,139,1,10
13760,4455,6,4,10
13761,22953,53,1,15
13762,10392,55,3,5
13763,14572,42,1,10
13764,14572,12,1,25
13765,14572,117,1,0
13766,13496,141,1,10
13767,13496,68,2,5
13768,13496,6,2,5
13769,13496,66,1,10
13770,19664,96,1,0
13771,19664,20,4,5
13772,7586,66,1,20
13773,7586,117,1,25
13774,19609,63,2,5
13775,19609,121,1,0
13776,1191,28,1,15
13777,1191,116,1,15
13778,1191,140,1,0
13779,22807,48,1,15
13780,6679,69,1,15
13781,10018,96,1,30
13782,4199,66,1,5
13783,9601,90,2,0
13784,9601,71,3,30
13785,760,41,2,5
13786,15035,125,1,0
13787,12374,17,1,10
13788,12374,72,1,5
13789,12374,71,1,0
13790,21746,1,1,5
13791,7871,115,1,25
13792,14904,76,1,25
13793,14521,133,2,20
13794,10728,52,1,10
13795,356,60,1,15
13796,356,104,1,15
13797,19727,29,1,5
13798,15679,14,2,15
13799,21806,70,3,5
13800,22882,71,2,10
13801,22256,71,1,5
13802,20856,71,1,15
13803,12260,144,1,20
13804,12260,42,1,15
13805,12260,146,2,0
13806,18999,106,1,10
13807,7321,125,1,15
13808,3438,24,1,0
13809,18408,71,1,15
13810,1948,81,1,10
13811,1948,124,1,10
13812,12802,107,4,20
13813,3398,125,3,25
13814,3398,93,1,15
13815,21151,28,1,5
13816,21151,128,1,25
13817,12113,128,1,5
13818,11191,14,1,5
13819,6418,51,1,10
13820,13439,19,1,5
13821,13439,117,1,0
13822,23686,67,1,20
13823,17502,50,2,10
13824,17502,75,2,5
13825,7760,3,1,10
13826,7548,90,1,20
13827,7548,115,3,10
13828,5056,129,1,10
13829,5056,96,1,10
13830,16160,46,1,0
13831,16160,45,3,0
13832,16160,28,3,10
13833,17016,29,1,15
13834,17871,149,1,20
13835,6014,12,1,10
13836,6014,66,1,20
13837,9816,81,3,0
13838,9816,115,1,10
13839,9816,112,4,0
13840,11955,73,1,25
13841,11955,1,1,10
13842,13421,140,1,10
13843,13421,52,2,15
13844,777,115,1,5
13845,777,139,1,15
13846,2496,66,2,15
13847,897,143,2,5
13848,897,118,3,5
13849,3838,90,1,5
13850,3838,70,1,20
13851,19628,28,3,0
13852,19628,138,2,5
13853,8178,124,2,5
13854,17274,81,1,15
13855,23288,1,2,10
13856,23288,71,2,0
13857,23288,59,1,5
13858,23288,137,2,10
13859,13739,50,1,30
13860,13739,14,1,15
13861,24715,15,3,15
13862,24715,25,3,20
13863,15532,63,1,5
13864,15532,53,1,5
13865,15532,70,1,10
13866,15532,79,1,15
13867,10466,129,2,5
13868,10466,125,2,0
13869,10466,105,1,25
13870,5644,85,1,5
13871,20838,124,1,20
13872,3529,47,1,0
13873,4701,124,3,20
13874,4701,58,1,15
13875,4701,28,2,5
13876,17391,28,2,5
13877,6151,77,1,0
13878,6151,70,2,25
13879,16602,60,4,5
13880,16602,3,1,25
13881,16602,59,1,0
13882,16602,85,1,15
13883,17241,107,2,0
13884,8742,42,1,20
13885,8742,143,1,0
13886,15523,53,1,10
13887,15523,125,2,15
13888,14456,93,3,10
13889,14456,38,1,0
13890,1133,117,1,0
13891,11869,45,3,25
13892,11312,124,1,0
13893,11625,55,1,0
13894,6448,147,1,15
13895,5189,47,2,5
13896,5189,129,3,10
13897,16141,142,1,20
13898,18615,6,1,0
13899,12707,34,1,20
13900,12707,22,1,0
13901,2712,60,1,0
13902,16728,37,1,20
13903,16728,127,3,10
13904,16728,142,1,15
13905,16728,46,1,30
13906,19770,150,1,10
13907,9699,71,1,10
13908,9699,97,1,20
13909,23595,85,2,10
13910,4802,113,1,15
13911,4802,43,1,15
13912,22694,91,3,5
13913,22694,118,2,20
13914,22694,71,1,0
13915,2449,133,1,10
13916,20689,48,2,0
13917,20689,125,1,10
13918,13073,31,2,15
13919,1623,137,2,0
13920,1623,128,1,0
13921,21357,59,2,0
13922,16298,142,1,0
13923,16298,53,3,0
13924,16298,37,4,0
13925,20893,28,1,10
13926,11491,121,2,10
13927,23937,43,2,10
13928,23937,144,2,15
13929,8506,66,1,5
13930,22926,73,1,10
13931,22926,141,1,10
13932,14441,70,2,10
13933,14441,75,1,30
13934,6652,125,2,10
13935,6652,56,1,0
13936,6652,28,1,20
13937,6652,124,1,20
13938,455,98,2,0
13939,455,18,1,0
13940,10139,107,2,0
13941,10139,141,2,25
13942,11812,28,2,20
13943,20567,104,1,0
13944,20567,60,1,5
13945,7968,128,1,5
13946,4489,6,1,10
13947,4489,66,2,5
13948,24233,91,1,0
13949,24233,37,1,5
13950,24233,16,1,15
13951,24233,78,1,0
13952,23370,38,1,5
13953,15122,46,1,15
13954,15122,56,2,10
13955,15122,141,1,5
13956,3929,140,1,25
13957,6336,93,1,0
13958,8992,143,1,10
13959,8992,36,2,20
13960,4249,115,1,15
13961,4249,54,1,25
13962,24992,73,2,10
13963,5817,71,1,10
13964,5817,66,1,10
13965,5227,124,2,0
13966,5227,138,2,10
13967,21115,96,1,0
13968,2669,6,2,10
13969,2669,115,2,15
13970,2669,142,1,10
13971,14642,90,1,10
13972,50,149,4,5
13973,50,138,2,5
13974,20000,117,1,0
13975,9980,147,1,0
13976,13661,42,1,5
13977,13661,145,1,0
13978,13661,95,1,5
13979,21098,138,1,10
13980,10755,125,3,0
13981,20642,110,2,5
13982,7830,122,1,0
13983,7830,24,3,0
13984,24995,118,1,30
13985,17132,64,1,15
13986,17132,60,2,10
13987,17132,109,3,15
13988,5527,102,1,0
13989,5527,70,1,0
13990,20695,105,3,10
13991,18478,139,1,0
13992,18478,91,3,15
13993,18478,74,1,5
13994,18478,97,2,10
13995,11388,90,1,5
13996,11388,69,1,5
13997,17424,10,1,5
13998,17424,40,1,0
13999,16473,55,2,10
14000,16473,139,1,0
14001,16473,72,1,0
14002,6646,101,2,10
14003,4048,128,1,15
14004,7912,113,1,0
14005,7912,46,1,5
14006,21003,134,1,0
14007,195,138,1,30
14008,16380,117,1,25
14009,16380,24,1,10
14010,16380,91,3,0
14011,3450,43,3,5
14012,3450,104,2,0
14013,2447,56,2,10
14014,11778,125,2,15
14015,11261,133,2,30
14016,11261,52,3,10
14017,11261,72,1,25
14018,11261,58,1,15
14019,2277,78,1,25
14020,2277,136,2,20
14021,2277,35,1,20
14022,8682,53,2,0
14023,8682,136,4,20
14024,13730,104,1,30
14025,20915,70,1,0
14026,4330,141,1,25
14027,9015,70,3,0
14028,23850,25,1,10
14029,30,146,2,5
14030,30,118,2,10
14031,30,6,1,10
14032,14206,54,1,10
14033,14655,96,3,0
14034,4597,56,1,15
14035,2208,17,1,15
14036,6835,55,2,25
14037,13570,105,1,10
14038,13570,104,1,20
14039,24844,137,1,0
14040,24844,87,1,0
14041,24844,68,1,0
14042,8643,62,2,0
14043,8643,142,1,25
14044,1653,121,2,10
14045,7915,121,1,15
14046,7765,75,1,15
14047,4300,49,1,0
14048,9762,47,1,25
14049,9762,92,1,20
14050,11198,2,1,10
14051,11223,104,1,15
14052,1517,73,2,10
14053,1517,117,1,10
14054,1517,124,1,15
14055,10762,66,1,0
14056,10762,55,2,10
14057,10762,46,2,10
14058,10252,45,2,0
14059,10252,69,3,15
14060,18254,149,1,5
14061,8663,75,1,5
14062,8663,130,1,10
14063,8663,41,2,0
14064,18450,93,2,5
14065,18450,139,2,0
14066,10682,117,1,15
14067,4707,1,1,10
14068,4707,124,1,0
14069,4707,73,1,15
14070,22223,90,1,20
14071,19690,73,1,5
14072,19690,71,1,10
14073,14035,59,1,0
14074,14035,46,2,10
14075,9023,88,2,0
14076,19396,67,2,5
14077,4443,28,1,20
14078,20738,91,1,10
14079,918,129,2,15
14080,15072,126,2,0
14081,12030,48,1,0
14082,12030,2,1,0
14083,12030,91,2,0
14084,12030,71,2,10
14085,23509,131,3,5
14086,13868,96,2,15
14087,1479,90,1,5
14088,2296,88,1,0
14089,11182,131,1,5
14090,16052,138,3,15
14091,9272,29,1,5
14092,9272,60,2,10
14093,9272,24,2,20
14094,24693,88,1,15
14095,821,139,1,10
14096,1525,104,3,15
14097,1525,76,1,5
14098,11708,117,1,5
14099,11708,50,1,10
14100,11988,78,1,0
14101,24098,124,1,0
14102,17689,133,1,0
14103,3785,36,2,20
14104,9282,124,1,15
14105,12721,142,1,15
14106,12721,40,2,0
14107,3336,6,2,0
14108,3336,131,1,5
14109,3336,73,1,10
14110,3336,78,1,10
14111,9463,21,1,0
14112,9463,126,2,0
14113,24323,47,1,20
14114,24323,28,2,10
14115,24323,51,2,20
14116,8029,90,1,25
14117,22065,71,1,5
14118,297,90,1,10
14119,6573,14,2,5
14120,3097,126,1,10
14121,7943,133,2,15
14122,18745,42,2,0
14123,24959,94,3,0
14124,22330,70,1,5
14125,529,142,2,25
14126,529,138,1,0
14127,13254,62,2,20
14128,13254,34,4,5
14129,3871,90,2,10
14130,20557,105,1,15
14131,18681,54,1,10
14132,18681,62,2,0
14133,12976,14,2,0
14134,12976,89,1,10
14135,12976,138,1,0
14136,23589,128,1,20
14137,23589,91,1,5
14138,10346,32,1,5
14139,10346,75,3,5
14140,14702,88,1,10
14141,5666,107,2,10
14142,9744,138,3,0
14143,17053,91,1,0
14144,1464,53,2,5
14145,23578,126,1,0
14146,1391,75,1,20
14147,17769,19,2,10
14148,24805,128,1,20
14149,13983,132,1,20
14150,13983,104,1,10
14151,13983,96,1,0
14152,7440,141,1,25
14153,7440,14,1,15
14154,9370,144,2,0
14155,9370,60,1,10
14156,20905,53,1,15
14157,20905,11,1,10
14158,21037,90,1,15
14159,21037,137,2,25
14160,21769,110,1,30
14161,21769,127,2,10
14162,17013,111,1,20
14163,17013,137,1,5
14164,12888,21,1,15
14165,8243,86,2,20
14166,4688,102,1,5
14167,4688,15,1,20
14168,7481,132,1,10
14169,14588,142,1,20
14170,15962,39,3,10
14171,16779,117,2,10
14172,16779,14,3,0
14173,19540,28,1,0
14174,21284,115,1,0
14175,12546,76,1,15
14176,19802,99,2,20
14177,8847,60,2,0
14178,20716,125,2,20
14179,20716,116,3,0
14180,20716,39,3,15
14181,15563,7,1,10
14182,15563,137,1,0
14183,2912,138,1,0
14184,11321,138,1,0
14185,11321,139,3,0
14186,11321,95,1,10
14187,21976,95,3,0
14188,21976,47,1,10
14189,10168,136,4,10
14190,18657,1,2,0
14191,18657,55,1,10
14192,1478,88,1,10
14193,5789,67,1,10
14194,5789,40,2,20
14195,19791,142,3,10
14196,19791,90,1,15
14197,19791,3,1,15
14198,14489,94,1,0
14199,14396,71,1,5
14200,21459,3,1,5
14201,21459,77,1,15
14202,17407,55,1,20
14203,17407,73,1,5
14204,17407,3,1,5
14205,23202,125,3,20
14206,23093,70,1,15
14207,23093,129,2,5
14208,15230,93,1,0
14209,12728,42,1,10
14210,5163,130,1,0
14211,15188,68,1,30
14212,15188,117,1,5
14213,394,100,1,20
14214,394,83,3,25
14215,17430,141,2,25
14216,17430,31,1,10
14217,17922,73,1,25
14218,17922,48,2,15
14219,22058,46,2,10
14220,22058,124,1,20
14221,22058,66,2,20
14222,22058,37,3,25
14223,5981,84,3,30
14224,5981,14,1,5
14225,4778,123,1,0
14226,21619,54,2,0
14227,21619,129,3,15
14228,14822,95,1,20
14229,17051,16,1,0
14230,6344,6,2,10
14231,17371,94,2,5
14232,281,96,1,0
14233,17060,141,1,15
14234,14831,139,1,0
14235,7774,76,1,0
14236,7774,138,1,15
14237,7774,46,3,25
14238,981,34,1,5
14239,981,139,1,5
14240,981,81,1,5
14241,219,141,1,20
14242,16342,90,2,10
14243,15575,28,1,20
14244,20169,20,3,25
14245,20169,72,1,20
14246,20169,59,1,25
14247,15650,78,1,0
14248,17984,140,1,30
14249,19647,68,1,15
14250,22860,91,1,15
14251,22860,60,1,10
14252,1346,128,1,5
14253,23719,142,2,15
14254,18203,67,1,20
14255,11610,93,1,25
14256,8413,104,1,0
14257,22689,133,1,15
14258,22689,61,3,0
14259,6007,116,2,0
14260,6007,69,1,5
14261,10970,59,1,15
14262,4677,1,2,15
14263,5477,142,3,0
14264,21399,115,2,0
14265,18752,141,3,20
14266,21132,69,1,5
14267,11541,126,1,20
14268,16184,17,2,10
14269,23431,115,1,0
14270,23431,63,1,25
14271,23431,128,3,25
14272,23431,10,2,20
14273,148,131,1,0
14274,23197,2,1,10
14275,17546,140,1,20
14276,23465,69,1,5
14277,2828,80,1,5
14278,15187,126,3,10
14279,22949,50,4,5
14280,22949,14,1,15
14281,7158,37,4,5
14282,3532,141,1,15
14283,23162,29,1,10
14284,11013,47,2,0
14285,11013,95,3,0
14286,20059,102,1,10
14287,10000,72,1,5
14288,14848,141,1,25
14289,6139,1,1,30
14290,7951,1,1,5
14291,11714,121,1,0
14292,12676,148,1,20
14293,12676,90,1,20
14294,20327,93,1,10
14295,10799,142,1,5
14296,14342,142,2,15
14297,21017,148,1,20
14298,20572,35,1,10
14299,20572,131,1,10
14300,20572,68,4,15
14301,20572,63,1,0
14302,5542,95,1,15
14303,5542,2,2,10
14304,15728,68,1,5
14305,18647,42,3,20
14306,18647,93,1,15
14307,5869,133,1,15
14308,5869,14,3,5
14309,5869,142,1,0
14310,5869,90,1,25
14311,20548,70,1,5
14312,20548,75,1,5
14313,11220,126,1,10
14314,7909,70,2,10
14315,11314,94,1,15
14316,9316,93,4,10
14317,9316,133,1,15
14318,9316,78,3,5
14319,10094,123,3,10
14320,14492,24,1,0
14321,14492,72,2,15
14322,18325,146,1,10
14323,6412,68,1,20
14324,81,41,3,5
14325,81,90,1,0
14326,11715,128,2,5
14327,9467,136,1,5
14328,17825,71,1,10
14329,1734,35,1,5
14330,7266,139,1,5
14331,12399,20,3,0
14332,5275,37,1,20
14333,5275,14,1,15
14334,270,117,1,0
14335,9022,20,1,15
14336,2956,45,1,10
14337,2956,105,2,25
14338,2956,117,3,20
14339,11683,88,1,25
14340,11540,110,3,20
14341,11540,3,1,10
14342,11540,77,1,10
14343,12523,15,2,10
14344,21801,126,2,20
14345,21801,70,3,30
14346,20883,118,1,5
14347,20883,133,1,15
14348,6215,81,1,15
14349,7397,141,3,20
14350,7397,66,2,15
14351,24410,141,2,10
14352,3232,27,1,10
14353,3232,102,1,10
14354,21222,68,1,25
14355,21222,81,1,10
14356,21222,91,1,20
14357,17536,6,1,20
14358,12143,63,2,0
14359,12143,140,1,25
14360,12143,19,1,20
14361,9959,128,2,0
14362,2029,7,2,5
14363,2029,126,1,0
14364,2029,140,1,5
14365,14183,124,1,20
14366,18252,66,1,25
14367,18252,31,1,25
14368,18252,68,1,5
14369,9815,28,2,0
14370,10388,36,1,15
14371,10388,28,1,5
14372,10388,116,2,20
14373,12692,75,3,10
14374,23215,78,1,0
14375,23215,37,4,5
14376,15208,96,2,25
14377,1444,19,1,5
14378,17148,20,1,0
14379,7974,137,2,15
14380,24289,56,1,5
14381,24289,47,1,15
14382,16981,70,1,25
14383,11697,139,1,15
14384,20041,71,2,0
14385,19548,36,1,0
14386,10369,140,2,15
14387,17801,121,1,10
14388,17801,67,2,0
14389,17801,38,3,5
14390,12168,69,1,0
14391,7649,141,1,0
14392,17630,24,3,25
14393,567,138,1,15
14394,567,117,1,0
14395,567,134,2,15
14396,21692,141,1,15
14397,24611,65,2,25
14398,24611,42,1,10
14399,10370,75,3,0
14400,10370,20,2,5
14401,15270,70,2,25
14402,23889,16,1,15
14403,12670,136,1,0
14404,24569,124,2,0
14405,9753,142,1,20
14406,421,63,1,0
14407,6771,31,1,20
14408,6771,124,2,30
14409,6771,3,1,15
14410,22304,81,2,15
14411,1983,81,2,10
14412,15938,125,1,20
14413,21523,70,1,10
14414,21523,35,1,25
14415,21523,88,1,20
14416,13749,128,1,0
14417,13749,25,3,10
14418,13749,90,1,5
14419,15682,133,1,15
14420,15682,51,1,10
14421,7329,40,1,25
14422,7329,83,2,15
14423,16451,96,1,30
14424,16451,117,3,5
14425,16451,81,1,30
14426,7488,96,1,5
14427,23010,95,1,20
14428,23854,89,1,15
14429,23854,3,2,30
14430,23854,140,1,0
14431,8096,28,2,10
14432,8096,141,2,5
14433,8096,62,3,0
14434,14666,95,1,20
14435,17302,71,1,5
14436,2850,140,1,10
14437,2850,71,1,15
14438,17031,87,1,25
14439,17031,136,1,15
14440,17031,66,1,20
14441,17031,124,1,20
14442,5241,20,1,20
14443,2343,115,3,20
14444,2343,27,2,15
14445,13767,12,1,0
14446,13767,102,3,25
14447,280,115,2,5
14448,280,42,1,25
14449,6325,138,1,0
14450,9680,100,1,10
14451,9680,72,2,15
14452,18546,128,1,0
14453,21117,136,2,10
14454,21766,126,1,20
14455,14017,37,1,25
14456,5260,136,1,20
14457,5260,24,1,10
14458,96,84,2,0
14459,96,59,2,10
14460,96,28,1,10
14461,96,42,1,10
14462,11953,117,1,5
14463,11953,140,1,0
14464,11953,81,3,15
14465,10250,15,1,30
14466,10250,39,2,5
14467,19534,68,2,0
14468,22621,66,3,5
14469,12406,39,2,10
14470,10205,67,1,20
14471,17629,12,2,0
14472,17629,107,2,15
14473,1465,21,1,10
14474,1465,36,1,15
14475,20983,6,2,15
14476,2867,102,1,10
14477,11395,122,1,25
14478,15096,124,1,20
14479,5712,102,3,5
14480,19775,141,1,20
14481,396,111,1,5
14482,396,19,1,5
14483,3162,28,1,5
14484,3162,71,1,25
14485,12839,128,2,15
14486,6762,21,2,15
14487,8566,78,2,0
14488,8566,90,2,30
14489,5343,133,2,15
14490,5343,71,1,10
14491,5343,15,1,0
14492,20515,146,1,20
14493,20515,114,1,10
14494,18706,133,1,5
14495,18706,93,1,0
14496,18706,52,1,30
14497,18706,59,2,0
14498,13527,139,3,0
14499,10570,88,1,10
14500,10570,125,4,15
14501,10570,42,1,30
14502,10570,101,1,10
14503,15922,116,3,15
14504,3381,142,2,20
14505,10419,91,1,0
14506,566,73,1,20
14507,14329,45,1,0
14508,14329,70,1,10
14509,14975,146,1,5
14510,15671,28,2,10
14511,19103,21,1,25
14512,19103,69,1,20
14513,19053,54,1,20
14514,19053,142,1,10
14515,8825,104,1,10
14516,6801,10,1,10
14517,6801,29,1,0
14518,24459,11,2,15
14519,24459,90,4,5
14520,16519,117,1,15
14521,16569,125,1,0
14522,12172,71,2,20
14523,12172,24,1,20
14524,12172,7,2,0
14525,29,90,2,25
14526,29,53,2,25
14527,29,76,3,5
14528,6669,37,1,10
14529,6655,125,2,5
14530,22398,28,1,0
14531,7066,97,1,5
14532,8098,91,2,0
14533,15622,33,1,25
14534,15622,85,4,10
14535,15622,142,1,5
14536,14735,126,2,15
14537,829,138,2,0
14538,13304,36,1,0
14539,13304,91,1,5
14540,13304,43,1,5
14541,6392,88,2,10
14542,6392,28,1,15
14543,6392,1,1,20
14544,3125,53,1,20
14545,3125,6,3,10
14546,3231,78,2,10
14547,868,20,1,5
14548,13328,76,1,10
14549,13328,48,1,20
14550,13009,42,1,10
14551,15344,104,1,0
14552,15344,95,4,30
14553,15344,91,2,20
14554,15344,46,2,0
14555,2951,71,2,0
14556,2951,116,1,15
14557,18526,31,1,15
14558,18526,71,1,10
14559,18526,102,1,10
14560,5606,54,1,25
14561,5606,22,3,0
14562,18817,17,1,0
14563,14927,99,1,10
14564,22601,3,2,10
14565,7223,140,1,5
14566,7459,64,1,5
14567,7459,149,1,5
14568,7459,91,1,0
14569,15621,42,1,5
14570,15621,45,1,15
14571,4579,25,1,30
14572,4579,96,1,20
14573,19236,61,1,30
14574,395,89,3,5
14575,395,82,1,15
14576,395,57,1,0
14577,395,71,1,0
14578,13888,141,1,25
14579,13888,99,1,20
14580,13888,146,1,5
14581,7761,84,1,0
14582,4041,20,1,10
14583,4041,28,1,5
14584,8103,84,1,30
14585,11592,133,3,5
14586,20411,115,1,0
14587,6246,140,2,10
14588,6246,20,2,20
14589,11530,128,1,20
14590,11530,64,1,20
14591,11530,52,3,15
14592,3135,76,1,0
14593,22071,64,1,15
14594,22071,25,2,20
14595,22071,80,3,15
14596,6509,35,4,20
14597,6509,141,1,5
14598,6509,144,3,20
14599,6509,93,1,5
14600,19769,21,1,15
14601,6553,140,1,0
14602,12716,93,2,10
14603,12716,53,1,10
14604,5307,93,1,0
14605,5928,81,1,25
14606,5928,48,1,0
14607,7834,47,2,0
14608,9986,122,1,5
14609,17784,90,2,10
14610,16409,118,3,0
14611,16409,96,1,0
14612,11531,75,1,25
14613,11531,81,1,0
14614,5593,59,1,10
14615,12211,107,2,5
14616,21936,91,3,15
14617,21936,19,2,5
14618,21936,42,1,15
14619,20145,128,1,5
14620,20145,146,2,20
14621,12175,10,1,30
14622,12175,36,1,15
14623,22145,124,2,15
14624,4490,94,1,25
14625,4490,76,2,25
14626,4490,133,1,15
14627,20510,143,2,0
14628,20510,2,2,10
14629,2033,71,1,20
14630,16974,40,2,15
14631,16974,3,2,5
14632,21902,106,1,0
14633,21902,76,1,20
14634,16505,53,2,25
14635,8819,98,1,0
14636,14190,41,1,5
14637,4373,117,2,5
14638,10433,126,1,10
14639,10433,121,3,0
14640,10656,146,1,20
14641,10656,54,1,25
14642,23756,1,1,5
14643,23756,73,1,5
14644,23756,55,1,20
14645,3250,4,1,10
14646,3250,71,1,25
14647,15098,128,1,5
14648,15098,90,1,10
14649,15098,115,2,0
14650,22997,142,1,25
14651,22997,96,1,25
14652,20600,133,2,5
14653,8172,2,1,0
14654,20653,117,1,5
14655,20653,37,1,25
14656,18558,142,1,0
14657,18558,145,3,25
14658,18558,21,1,20
14659,11934,21,3,5
14660,20351,54,2,30
14661,17724,4,1,0
14662,17029,64,2,5
14663,17029,6,4,15
14664,13493,146,1,25
14665,13493,131,2,10
14666,13493,76,1,30
14667,14993,141,1,25
14668,14993,125,1,0
14669,181,71,2,10
14670,3167,139,1,5
14671,8667,144,3,0
14672,10257,29,2,0
14673,8780,140,1,5
14674,20735,73,1,15
14675,220,14,1,0
14676,220,66,2,20
14677,15865,84,1,20
14678,8698,71,1,5
14679,928,141,1,5
14680,23013,29,1,30
14681,3552,117,1,5
14682,3552,12,1,5
14683,917,125,1,0
14684,917,12,2,10
14685,15871,133,1,5
14686,10050,104,2,0
14687,19768,21,1,20
14688,19768,128,1,20
14689,1762,52,3,15
14690,4532,53,1,20
14691,4532,90,1,5
14692,3203,128,2,15
14693,6058,42,1,10
14694,6058,64,2,5
14695,22735,50,1,10
14696,22735,143,1,5
14697,22735,146,1,20
14698,13664,78,1,20
14699,13664,71,1,0
14700,21579,63,1,5
14701,1167,28,1,10
14702,1167,104,4,20
14703,6496,110,1,5
14704,13261,140,1,0
14705,13261,133,1,15
14706,4445,54,2,25
14707,4257,117,1,0
14708,4257,54,1,0
14709,4720,15,1,0
14710,17591,93,1,25
14711,17591,70,1,0
14712,17591,26,4,0
14713,17591,72,1,25
14714,11039,134,1,0
14715,3354,88,1,10
14716,11036,28,1,5
14717,1853,29,1,5
14718,1853,3,2,5
14719,1853,141,1,0
14720,1853,88,1,20
14721,18264,6,2,0
14722,18264,62,3,0
14723,18264,66,1,15
14724,17572,143,1,15
14725,17572,37,2,10
14726,19858,142,2,25
14727,19858,133,2,5
14728,17203,143,2,30
14729,19732,115,2,10
14730,19680,67,1,5
14731,19680,93,1,25
14732,2626,121,1,0
14733,2626,25,1,10
14734,2626,29,1,5
14735,17592,28,1,0
14736,17592,80,1,25
14737,2655,88,3,30
14738,4169,115,1,0
14739,23540,133,1,10
14740,23540,142,1,5
14741,2531,124,1,15
14742,2531,142,3,0
14743,2531,128,1,5
14744,23547,42,1,25
14745,23547,63,1,25
14746,15661,28,1,10
14747,20141,64,1,15
14748,9439,117,1,0
14749,3932,107,2,15
14750,354,98,2,5
14751,3402,2,1,20
14752,3402,24,2,0
14753,763,60,2,10
14754,763,42,1,15
14755,13281,29,1,5
14756,13281,90,1,0
14757,7921,6,1,15
14758,14374,70,3,10
14759,14374,80,3,25
14760,1829,141,1,5
14761,9168,67,1,10
14762,9168,71,1,20
14763,9168,91,1,30
14764,23590,28,1,15
14765,23590,124,2,5
14766,22283,48,1,20
14767,22283,140,1,15
14768,22283,69,1,5
14769,23805,124,1,10
14770,16825,142,2,5
14771,10696,102,1,0
14772,13436,45,1,10
14773,15554,46,2,0
14774,15554,117,2,0
14775,15554,42,3,10
14776,9438,50,1,15
14777,1489,129,1,10
14778,21654,128,1,20
14779,21654,65,1,0
14780,16977,28,2,0
14781,6878,14,1,15
14782,14515,84,2,15
14783,21236,135,1,25
14784,14849,100,1,10
14785,14849,81,1,20
14786,14849,138,2,15
14787,236,117,1,5
14788,236,104,1,5
14789,15229,137,2,10
14790,15229,51,1,5
14791,21925,14,2,0
14792,21925,43,1,0
14793,21925,129,1,15
14794,16107,96,2,25
14795,20356,140,4,25
14796,9963,84,1,25
14797,16585,100,3,10
14798,16585,12,3,20
14799,21402,132,1,15
14800,9797,138,1,5
14801,9797,73,1,10
14802,59,117,1,0
14803,6255,76,1,5
14804,6255,116,2,0
14805,22937,146,1,10
14806,22937,24,1,25
14807,22937,42,1,5
14808,670,98,2,0
14809,3771,115,1,15
14810,3771,52,2,20
14811,16566,75,1,20
14812,23744,21,1,0
14813,7151,31,1,20
14814,1784,77,1,10
14815,12294,95,2,10
14816,17234,3,1,15
14817,17234,47,1,10
14818,16020,70,1,10
14819,16020,71,1,30
14820,11465,124,1,0
14821,9889,67,2,25
14822,7338,63,1,25
14823,15040,96,1,5
14824,3383,133,2,30
14825,3383,91,2,0
14826,14231,78,4,25
14827,13217,73,1,10
14828,13217,41,1,5
14829,13217,90,1,15
14830,23660,102,1,15
14831,23660,42,1,15
14832,3769,55,1,0
14833,10544,64,1,0
14834,10544,124,1,5
14835,10544,41,1,15
14836,20533,146,1,0
14837,10519,81,1,5
14838,7179,139,1,15
14839,23262,141,1,15
14840,23262,139,1,10
14841,23262,73,2,5
14842,23262,59,3,0
14843,4598,115,1,5
14844,22872,62,1,15
14845,23041,63,1,15
14846,141,84,1,10
14847,1422,50,1,0
14848,1422,133,3,0
14849,9066,140,3,20
14850,594,42,2,20
14851,17059,69,2,10
14852,17059,63,2,0
14853,17059,149,1,5
14854,17059,76,2,10
14855,16668,54,1,10
14856,5395,63,4,20
14857,5395,95,2,5
14858,5395,90,1,25
14859,20897,78,1,20
14860,18250,29,2,15
14861,18250,19,1,10
14862,15066,93,1,10
14863,15066,139,3,0
14864,21272,64,1,15
14865,5870,64,1,0
14866,5870,71,1,10
14867,23856,63,4,5
14868,2568,46,2,10
14869,9456,71,3,5
14870,6096,17,2,25
14871,6096,52,1,15
14872,18509,146,1,10
14873,18509,28,1,15
14874,18509,118,1,5
14875,18509,139,1,0
14876,10218,53,1,5
14877,10218,70,2,0
14878,18352,145,1,10
14879,20262,14,1,20
14880,3186,34,2,20
14881,19397,95,1,0
14882,5511,107,1,0
14883,5511,104,1,5
14884,19123,28,3,15
14885,19123,46,1,5
14886,15919,126,1,25
14887,15919,115,1,5
14888,19986,128,1,25
14889,18905,117,1,0
14890,18905,60,1,5
14891,7250,124,1,25
14892,12337,20,1,10
14893,11791,139,1,0
14894,17761,54,2,30
14895,17761,64,1,0
14896,9157,104,4,0
14897,9157,96,1,0
14898,14725,69,1,10
14899,6773,121,1,5
14900,6683,76,2,30
14901,6683,90,1,10
14902,12441,2,1,25
14903,12441,142,3,0
14904,16890,28,1,20
14905,16890,37,1,15
14906,12936,71,1,10
14907,12936,91,1,15
14908,12936,141,1,10
14909,12936,66,2,20
14910,4760,94,1,10
14911,4760,70,1,10
14912,2564,124,1,15
14913,2564,26,1,25
14914,2564,66,1,5
14915,209,43,4,10
14916,12451,116,1,5
14917,9369,85,1,0
14918,9427,146,2,0
14919,24909,14,1,5
14920,13515,124,3,15
14921,13515,93,1,15
14922,13515,2,3,0
14923,10093,55,3,20
14924,13755,125,1,0
14925,668,1,1,10
14926,18120,21,1,30
14927,18120,53,1,15
14928,18120,140,1,0
14929,18120,90,1,10
14930,1967,93,2,10
14931,22246,142,2,20
14932,22411,144,1,25
14933,22411,88,1,10
14934,4414,120,1,10
14935,3456,56,3,10
14936,20824,72,1,15
14937,14643,140,2,5
14938,19070,47,1,0
14939,19070,72,2,0
14940,20782,137,4,0
14941,15041,104,1,25
14942,15041,6,1,25
14943,3544,128,1,5
14944,20246,128,3,5
14945,18440,142,1,5
14946,14153,124,1,25
14947,8759,43,1,10
14948,8759,89,1,0
14949,6247,148,1,15
14950,20899,140,2,5
14951,20899,52,1,0
14952,20899,105,1,20
14953,17636,47,2,10
14954,17636,137,4,0
14955,20499,3,1,5
14956,11152,146,2,5
14957,7091,139,1,10
14958,6954,42,2,0
14959,6954,142,1,10
14960,20658,141,1,10
14961,20658,129,2,0
14962,20658,54,1,5
14963,6422,142,1,20
14964,12195,71,3,10
14965,12195,53,3,0
14966,20219,81,1,5
14967,21178,95,1,15
14968,22966,3,3,5
14969,3325,55,4,0
14970,3325,66,1,25
14971,21557,149,2,5
14972,5431,69,1,5
14973,5431,42,1,0
14974,5431,88,2,10
14975,3720,69,1,10
14976,3720,16,3,10
14977,3720,142,1,25
14978,18877,117,1,10
14979,21451,41,1,10
14980,21451,95,1,5
14981,21451,87,1,25
14982,19104,3,2,0
14983,19104,14,1,10
14984,12490,90,3,25
14985,12490,63,2,25
14986,12490,96,2,10
14987,22607,71,1,5
14988,22607,91,1,0
14989,22607,43,2,15
14990,22607,141,2,0
14991,17259,121,2,15
14992,2426,53,2,10
14993,2426,137,1,0
14994,3386,43,1,5
14995,3386,104,1,0
14996,14864,18,1,5
14997,14864,75,1,5
14998,14864,47,1,15
14999,7565,104,1,10
15000,8822,52,3,25
15001,8822,90,4,15
15002,8822,145,1,0
15003,14000,104,2,10
15004,14000,42,1,15
15005,3630,2,2,5
15006,20593,31,1,5
15007,20593,94,1,0
15008,10456,117,1,20
15009,20982,16,1,0
15010,21729,107,1,15
15011,21729,93,1,5
15012,21729,66,1,0
15013,21729,73,3,0
15014,8540,93,2,5
15015,24960,141,3,10
15016,24960,102,1,20
15017,22623,6,1,0
15018,22623,31,2,20
15019,22623,64,3,10
15020,22623,21,1,15
15021,20761,52,1,20
15022,2925,90,1,15
15023,2925,136,2,5
15024,1235,141,1,0
15025,1235,36,1,15
15026,1235,107,1,0
15027,1235,23,1,5
15028,3012,102,1,10
15029,3012,90,1,5
15030,3012,91,2,15
15031,3012,43,1,10
15032,13851,22,1,0
15033,11338,71,1,20
15034,11338,139,1,5
15035,20182,84,3,20
15036,19115,145,2,15
15037,19115,3,2,5
15038,4087,56,3,30
15039,6749,70,1,5
15040,6597,94,1,5
15041,19255,95,1,0
15042,19255,125,1,30
15043,14060,122,1,20
15044,14060,133,2,25
15045,22749,58,1,15
15046,12541,16,1,10
15047,24381,73,1,10
15048,24381,110,1,10
15049,3364,73,2,25
15050,3364,48,1,15
15051,3364,28,3,5
15052,16795,43,3,5
15053,8901,99,3,5
15054,8901,14,1,10
15055,15495,140,2,5
15056,15495,95,3,25
15057,5556,104,1,10
15058,5580,87,1,0
15059,5580,47,3,25
15060,8746,60,1,10
15061,8746,117,1,0
15062,8746,129,1,20
15063,20673,47,1,10
15064,20673,141,1,15
15065,20673,72,1,5
15066,5403,3,1,10
15067,733,15,4,5
15068,733,90,2,0
15069,733,141,2,30
15070,4216,28,1,0
15071,8136,75,1,5
15072,24130,75,1,0
15073,24130,47,3,5
15074,1502,111,1,5
15075,1502,37,2,0
15076,4889,76,1,0
15077,9784,62,1,20
15078,14681,66,1,15
15079,14526,16,2,10
15080,14526,107,2,20
15081,228,147,1,0
15082,228,53,1,25
15083,11644,84,2,5
15084,11644,63,1,0
15085,11644,90,1,0
15086,147,100,2,5
15087,2114,69,2,15
15088,2114,2,1,10
15089,2114,115,1,0
15090,16690,136,1,0
15091,6631,117,3,5
15092,12748,141,3,10
15093,24643,90,2,15
15094,24643,16,3,10
15095,12205,139,1,5
15096,12205,8,1,10
15097,11222,56,3,25
15098,11222,118,1,15
15099,34,142,1,10
15100,34,100,2,0
15101,5543,111,1,10
15102,5543,133,2,5
15103,2978,76,2,10
15104,18583,71,1,10
15105,23032,2,1,20
15106,23032,71,1,30
15107,3863,75,1,20
15108,3863,67,4,0
15109,24407,91,1,5
15110,15047,85,2,20
15111,13275,61,1,10
15112,20625,43,1,10
15113,16464,118,1,15
15114,16464,26,2,10
15115,3778,26,1,20
15116,22524,124,1,25
15117,11408,43,1,15
15118,14130,107,1,10
15119,11668,17,1,5
15120,2708,93,1,0
15121,2708,126,1,10
15122,2708,89,1,25
15123,2708,54,1,10
15124,677,60,1,25
15125,677,34,1,0
15126,677,137,1,5
15127,8892,38,1,15
15128,4208,133,1,10
15129,4208,121,2,20
15130,4208,29,2,0
15131,4208,12,1,10
15132,1866,124,4,0
15133,3822,141,2,0
15134,9446,29,1,5
15135,2009,59,2,10
15136,2009,42,2,10
15137,2009,48,1,15
15138,15466,140,1,10
15139,15466,38,2,15
15140,2256,90,1,0
15141,2256,105,1,10
15142,666,88,1,0
15143,2927,61,1,20
15144,2927,138,2,0
15145,2927,129,1,10
15146,2927,117,3,5
15147,5257,64,2,10
15148,23173,42,1,10
15149,23173,90,3,10
15150,12823,105,1,15
15151,5093,118,1,15
15152,5093,78,1,20
15153,570,68,2,0
15154,570,63,1,10
15155,570,37,1,20
15156,6536,56,2,0
15157,19085,138,1,0
15158,11323,93,1,25
15159,7307,90,1,10
15160,9239,136,1,15
15161,9239,98,1,25
15162,9239,17,1,15
15163,15522,36,1,0
15164,16272,102,1,15
15165,10780,142,1,15
15166,10780,6,2,0
15167,5723,90,1,25
15168,23858,90,1,5
15169,23858,41,1,0
15170,23858,78,1,15
15171,23858,139,1,0
15172,3146,51,4,5
15173,2125,141,2,15
15174,18980,64,3,5
15175,10557,27,4,20
15176,12296,97,2,20
15177,12296,43,1,0
15178,12556,144,1,15
15179,12556,121,1,0
15180,12556,11,2,10
15181,12556,124,1,5
15182,14802,27,2,20
15183,14802,42,1,25
15184,21064,139,1,10
15185,22513,85,3,5
15186,12040,141,1,30
15187,12040,104,1,0
15188,8276,53,1,5
15189,8276,98,2,25
15190,16914,36,1,5
15191,15296,17,1,0
15192,15296,43,1,15
15193,9122,60,1,15
15194,4811,19,1,5
15195,4811,22,3,20
15196,18431,122,1,25
15197,16961,133,1,5
15198,13139,4,1,10
15199,13139,141,1,20
15200,23224,42,2,25
15201,23218,37,2,5
15202,23218,19,2,10
15203,7980,94,1,20
15204,283,3,1,20
15205,19925,4,2,10
15206,19925,129,1,0
15207,4040,66,2,0
15208,4040,141,2,0
15209,4040,122,1,20
15210,13818,81,1,5
15211,23671,90,1,5
15212,23537,90,2,0
15213,6794,138,1,10
15214,13096,93,1,20
15215,13096,143,1,10
15216,13096,138,1,0
15217,11448,142,1,15
15218,23419,104,1,10
15219,23419,41,1,0
15220,4242,73,1,10
15221,4188,93,1,10
15222,998,75,2,0
15223,998,38,2,0
15224,998,139,2,30
15225,12933,149,1,15
15226,12933,113,1,5
15227,12933,47,1,10
15228,8761,53,2,30
15229,18395,28,1,0
15230,18395,140,2,5
15231,18395,42,1,10
15232,17561,48,1,15
15233,17561,14,1,25
15234,19188,69,3,0
15235,19188,60,1,0
15236,19188,20,1,5
15237,19188,90,1,25
15238,1975,59,1,0
15239,1975,149,1,30
15240,4437,142,2,15
15241,9549,136,2,10
15242,9549,36,1,5
15243,9549,99,1,20
15244,7064,95,1,15
15245,7064,50,1,10
15246,1204,98,1,20
15247,11047,42,1,30
15248,1140,133,2,15
15249,1140,55,1,10
15250,24210,52,1,20
15251,24210,100,2,5
15252,24443,73,1,0
15253,24443,53,3,20
15254,13113,6,1,0
15255,16354,6,1,10
15256,16354,122,3,0
15257,16354,48,1,10
15258,17133,6,1,5
15259,10948,90,1,20
15260,10948,128,2,0
15261,14581,70,4,15
15262,1426,139,1,5
15263,1426,68,1,20
15264,1426,3,1,15
15265,1426,116,2,0
15266,22227,36,1,10
15267,22227,75,1,20
15268,5845,139,2,0
15269,5845,132,1,25
15270,21299,54,1,15
15271,21299,14,1,5
15272,23087,93,2,30
15273,9150,38,1,5
15274,459,37,1,30
15275,13003,107,2,0
15276,13003,62,1,30
15277,13003,124,1,0
15278,4681,95,1,0
15279,4681,132,1,5
15280,4681,14,4,5
15281,17703,128,1,10
15282,17703,28,2,10
15283,17703,136,1,0
15284,5740,16,1,10
15285,5740,65,2,20
15286,24692,64,1,15
15287,24692,55,2,10
15288,3615,101,1,15
15289,3615,3,1,25
15290,13565,145,1,10
15291,14716,128,2,20
15292,14716,20,1,15
15293,9775,3,2,30
15294,4149,65,2,5
15295,4149,104,1,25
15296,4149,50,2,10
15297,4149,33,2,0
15298,6883,14,1,30
15299,8624,6,1,15
15300,8624,3,1,20
15301,8624,96,1,5
15302,10443,137,1,0
15303,10443,66,1,25
15304,23023,101,1,15
15305,23023,73,1,15
15306,23023,71,1,0
15307,10229,68,1,15
15308,23517,47,1,20
15309,18280,123,1,10
15310,18280,81,1,30
15311,13075,103,1,10
15312,9572,20,1,0
15313,6796,101,1,5
15314,6796,53,3,20
15315,20203,87,1,10
15316,21356,39,1,5
15317,21356,1,1,10
15318,7948,41,4,0
15319,5128,128,1,30
15320,12393,68,1,5
15321,10116,98,2,0
15322,10116,71,1,30
15323,10116,76,1,15
15324,17670,42,3,15
15325,17670,59,1,0
15326,7505,42,1,15
15327,3155,128,2,0
15328,3155,78,1,20
15329,3155,148,1,0
15330,12190,117,1,25
15331,20020,14,2,10
15332,20020,138,1,20
15333,20020,142,1,25
15334,8583,47,2,20
15335,665,117,1,5
15336,665,146,2,25
15337,9187,117,1,5
15338,22109,52,2,20
15339,1735,53,1,5
15340,1861,37,1,5
15341,16673,133,1,10
15342,14783,131,2,15
15343,14783,7,2,0
15344,19896,73,1,25
15345,19896,143,2,0
15346,23845,43,1,5
15347,19575,126,3,30
15348,19575,25,1,15
15349,19068,82,1,0
15350,21154,54,1,15
15351,21154,21,1,20
15352,21154,76,2,0
15353,17181,46,2,25
15354,17181,70,1,0
15355,14514,38,1,20
15356,18723,117,1,0
15357,16976,93,1,10
15358,323,89,1,25
15359,13270,55,2,20
15360,13270,128,1,10
15361,18747,125,1,25
15362,18747,101,2,10
15363,18747,41,1,5
15364,18747,66,2,10
15365,13591,12,1,25
15366,13591,148,2,25
15367,4347,73,1,20
15368,13061,19,1,0
15369,13061,126,3,0
15370,14755,2,1,30
15371,14755,24,1,5
15372,7231,71,1,0
15373,24520,126,1,10
15374,24520,141,3,15
15375,24520,96,1,0
15376,15374,117,4,20
15377,15374,19,3,5
15378,14393,23,3,5
15379,7533,43,1,20
15380,7533,60,2,20
15381,7533,73,3,25
15382,7533,64,2,25
15383,4430,107,1,0
15384,15727,29,1,10
15385,15727,84,2,20
15386,7636,141,2,0
15387,20506,98,1,20
15388,12965,76,1,10
15389,8151,64,2,0
15390,9081,87,1,25
15391,9081,145,2,15
15392,9081,27,1,10
15393,4952,2,1,0
15394,4952,55,1,5
15395,24114,71,1,10
15396,19860,104,1,5
15397,19860,144,1,10
15398,20077,118,1,10
15399,20077,92,1,25
15400,20077,141,2,0
15401,23862,47,1,0
15402,23862,28,2,25
15403,19567,31,3,20
15404,17921,62,4,5
15405,17921,78,3,10
15406,20813,54,1,25
15407,15358,19,2,20
15408,15358,28,3,5
15409,12550,16,1,10
15410,12550,36,1,10
15411,13287,42,1,0
15412,1618,98,2,0
15413,1618,38,1,15
15414,1618,90,1,10
15415,12000,137,1,5
15416,12000,141,3,10
15417,12000,115,1,10
15418,11840,73,1,30
15419,11840,46,1,10
15420,6758,61,1,10
15421,11980,42,1,10
15422,11980,93,2,15
15423,22324,40,1,15
15424,22324,90,1,0
15425,22324,35,1,15
15426,22324,128,1,25
15427,8680,21,1,5
15428,8680,133,1,0
15429,15030,141,1,0
15430,15030,103,1,10
15431,46,121,2,0
15432,46,42,3,15
15433,8045,72,1,20
15434,8045,106,2,25
15435,8045,133,1,0
15436,16716,107,1,10
15437,14627,90,1,15
15438,17306,1,1,20
15439,17306,139,1,15
15440,14280,117,1,20
15441,14280,34,2,0
15442,4773,52,1,5
15443,19157,141,1,10
15444,19157,122,1,15
15445,17359,53,1,5
15446,17359,67,2,5
15447,528,55,1,15
15448,3211,89,2,5
15449,5724,150,1,10
15450,3200,128,2,0
15451,4200,124,1,0
15452,1755,117,2,15
15453,1755,71,1,25
15454,5904,142,2,15
15455,5904,117,3,5
15456,8536,141,2,5
15457,8536,67,3,25
15458,24354,139,4,15
15459,24354,76,1,5
15460,4474,42,1,15
15461,10458,15,2,0
15462,16960,42,2,0
15463,4961,142,2,25
15464,4961,72,1,5
15465,4961,56,1,0
15466,17422,31,3,25
15467,17023,99,2,15
15468,9530,63,1,5
15469,9530,72,1,15
15470,7843,54,1,10
15471,7843,93,1,25
15472,7843,144,1,10
15473,17979,140,1,5
15474,10087,52,3,0
15475,5146,2,1,20
15476,5146,72,1,10
15477,15484,73,2,15
15478,15484,118,1,10
15479,15484,50,2,0
15480,7993,54,1,20
15481,5820,145,3,5
15482,5820,52,1,10
15483,1460,102,1,15
15484,1694,133,1,0
15485,23192,62,1,20
15486,11755,62,2,5
15487,11755,104,2,5
15488,24464,66,1,0
15489,23357,135,1,15
15490,23357,81,1,0
15491,23357,42,1,10
15492,14795,11,1,25
15493,14795,90,1,15
15494,10694,129,1,20
15495,4336,73,1,5
15496,8827,76,1,0
15497,23926,6,1,15
15498,22010,64,1,0
15499,22010,75,2,15
15500,10376,73,1,20
15501,17219,117,2,5
15502,9792,26,1,15
15503,9792,46,1,0
15504,16758,107,3,25
15505,16758,70,1,5
15506,16758,98,1,20
15507,14690,73,1,5
15508,503,139,1,10
15509,503,46,1,15
15510,22255,91,2,10
15511,19348,8,1,0
15512,10583,137,1,10
15513,313,67,1,15
15514,313,70,1,0
15515,15990,90,1,0
15516,1531,70,3,15
15517,7590,8,1,20
15518,5453,117,1,10
15519,5453,144,1,15
15520,5453,125,1,5
15521,16723,53,1,25
15522,16723,52,1,0
15523,18396,90,1,25
15524,18396,52,1,20
15525,5449,90,2,25
15526,5449,89,1,0
15527,24486,91,2,15
15528,749,6,1,10
15529,3507,102,1,15
15530,14423,95,2,0
15531,24947,100,1,20
15532,5944,112,1,0
15533,23217,78,1,5
15534,23217,6,2,15
15535,23217,7,1,0
15536,23217,122,3,25
15537,14150,115,1,15
15538,14150,91,1,30
15539,14150,131,1,20
15540,1415,121,1,5
15541,2122,63,1,15
15542,2122,42,2,5
15543,2122,55,1,15
15544,9580,117,2,15
15545,9580,61,1,15
15546,20032,116,1,10
15547,20032,70,1,10
15548,14789,133,2,0
15549,7902,143,1,10
15550,18225,141,1,10
15551,8936,117,1,15
15552,3224,61,1,10
15553,6948,90,1,5
15554,13035,88,1,10
15555,24830,75,1,0
15556,18985,124,1,15
15557,18985,104,1,0
15558,22789,94,1,0
15559,16480,118,2,15
15560,16480,76,2,25
15561,14542,33,1,5
15562,7049,93,2,30
15563,7049,105,2,15
15564,7049,141,1,15
15565,21627,142,2,0
15566,21595,70,1,25
15567,21595,60,1,30
15568,21595,63,2,15
15569,21595,42,1,5
15570,22786,88,1,15
15571,15127,66,1,25
15572,15127,46,1,10
15573,11975,143,2,0
15574,11975,78,1,25
15575,18833,138,1,20
15576,18833,2,1,0
15577,18833,62,1,25
15578,23899,47,1,10
15579,13557,16,1,20
15580,24672,75,1,5
15581,24672,35,1,30
15582,24672,73,1,0
15583,17524,70,1,15
15584,12423,15,3,10
15585,12423,139,2,15
15586,12423,96,1,20
15587,12423,88,2,0
15588,9395,95,1,10
15589,13697,100,1,0
15590,5131,40,2,20
15591,5131,131,1,0
15592,4320,73,2,15
15593,24277,1,3,10
15594,18064,43,3,10
15595,18064,138,3,0
15596,17564,46,1,0
15597,17564,122,1,5
15598,17564,124,1,0
15599,7148,15,2,15
15600,2776,129,1,0
15601,18290,21,1,20
15602,18290,131,2,5
15603,4990,45,1,0
15604,4990,90,3,5
15605,4990,126,2,0
15606,4990,70,1,15
15607,17725,73,1,0
15608,17725,40,1,25
15609,3075,145,3,5
15610,12667,148,1,20
15611,5044,17,1,5
15612,5044,140,1,30
15613,5044,149,1,20
15614,3113,66,1,15
15615,3113,98,1,5
15616,12531,63,1,20
15617,12531,52,1,25
15618,12531,20,3,5
15619,16418,73,1,0
15620,16418,106,1,0
15621,16418,95,1,5
15622,8205,37,1,15
15623,9884,42,3,5
15624,4849,45,1,0
15625,4849,73,1,10
15626,4849,100,1,25
15627,6441,36,1,15
15628,8584,28,1,20
15629,23037,78,1,0
15630,3877,2,1,0
15631,969,2,2,15
15632,969,42,1,0
15633,18418,88,2,5
15634,18418,26,1,5
15635,18418,68,3,15
15636,4130,147,1,10
15637,15947,96,1,20
15638,2559,73,1,0
15639,17799,124,3,20
15640,17799,65,1,20
15641,609,112,3,25
15642,609,141,2,25
15643,19805,110,1,5
15644,8983,118,2,15
15645,15531,122,2,25
15646,20455,52,3,0
15647,17951,83,2,5
15648,17951,54,3,25
15649,14339,42,1,20
15650,14339,146,1,5
15651,14339,62,1,10
15652,8284,98,2,5
15653,8284,1,4,0
15654,17282,67,2,15
15655,17282,71,1,0
15656,12898,112,1,20
15657,12898,142,1,10
15658,12898,91,2,30
15659,17466,89,1,5
15660,17466,103,1,0
15661,16349,36,2,10
15662,2222,53,1,5
15663,12138,140,4,15
15664,12138,121,1,5
15665,12138,128,1,5
15666,23846,93,1,5
15667,22910,95,1,5
15668,8054,46,2,5
15669,8054,115,1,25
15670,8054,128,1,0
15671,4655,141,2,0
15672,8302,44,1,20
15673,8302,88,1,5
15674,8302,117,3,25
15675,8302,81,1,0
15676,1379,46,1,0
15677,1379,125,1,5
15678,1379,139,1,0
15679,1379,102,1,15
15680,18609,148,1,10
15681,18609,2,1,20
15682,10874,142,2,5
15683,22463,2,3,5
15684,16358,140,1,10
15685,14326,133,1,10
15686,18502,116,1,25
15687,18502,124,1,5
15688,18502,86,2,5
15689,9583,94,1,15
15690,9583,84,1,10
15691,23922,46,2,5
15692,23922,15,1,5
15693,23922,43,2,0
15694,9640,28,1,30
15695,9640,21,1,0
15696,11945,116,1,5
15697,18327,91,1,15
15698,18327,3,1,15
15699,18327,125,1,10
15700,11584,126,1,25
15701,11584,105,2,0
15702,4270,3,1,15
15703,388,94,1,0
15704,9700,115,1,5
15705,13896,42,1,15
15706,13896,63,1,10
15707,8902,104,1,0
15708,8902,83,2,20
15709,8902,43,2,0
15710,10669,93,1,0
15711,10669,141,1,5
15712,10669,107,1,30
15713,10669,41,1,10
15714,3677,137,2,25
15715,6072,116,1,15
15716,22577,143,1,25
15717,9523,125,1,10
15718,24928,140,1,15
15719,24928,45,1,5
15720,10434,65,1,10
15721,1116,15,1,30
15722,1116,3,4,20
15723,8760,143,2,30
15724,1141,141,2,15
15725,5683,19,2,0
15726,5683,90,1,0
15727,5683,27,1,0
15728,5878,81,1,15
15729,5878,37,2,15
15730,17541,90,1,20
15731,17541,60,2,20
15732,2737,140,1,5
15733,20413,102,1,10
15734,20413,142,1,20
15735,20413,20,1,0
15736,22654,118,1,0
15737,22654,48,1,20
15738,9405,28,2,20
15739,9405,141,3,5
15740,22752,104,3,0
15741,22774,136,1,5
15742,7742,101,1,5
15743,7742,27,4,5
15744,20888,76,1,25
15745,20888,29,1,5
15746,4015,40,1,0
15747,10961,133,1,15
15748,10961,140,1,15
15749,5075,78,1,5
15750,5075,117,2,0
15751,22288,124,1,15
15752,22288,67,1,15
15753,20861,128,1,5
15754,11459,107,1,30
15755,11459,117,1,5
15756,8967,8,1,0
15757,8202,53,1,15
15758,19606,68,2,20
15759,19606,25,4,25
15760,16394,65,1,25
15761,16394,128,2,5
15762,4841,128,4,10
15763,5208,37,1,0
15764,17095,91,1,10
15765,16950,96,1,15
15766,16950,45,1,5
15767,1226,117,1,15
15768,17121,36,1,15
15769,14770,114,1,10
15770,2129,137,1,15
15771,11505,117,1,5
15772,11246,102,1,5
15773,7901,128,3,20
15774,12642,142,1,5
15775,14992,53,4,20
15776,20604,107,1,0
15777,13072,54,1,10
15778,13072,128,2,10
15779,738,24,2,5
15780,738,46,2,0
15781,738,2,1,5
15782,3986,136,4,0
15783,3986,95,1,5
15784,828,71,1,10
15785,8800,70,1,5
15786,6132,145,1,0
15787,227,128,1,0
15788,2600,56,2,15
15789,5840,96,1,5
15790,5840,8,3,10
15791,5840,43,1,10
15792,14168,146,2,15
15793,22939,52,1,30
15794,22939,68,2,10
15795,22939,85,1,10
15796,22939,141,1,10
15797,16449,137,1,15
15798,16449,70,1,20
15799,10142,81,1,0
15800,10142,24,2,10
15801,21880,37,2,5
15802,21880,136,1,10
15803,6690,95,1,25
15804,7285,26,1,5
15805,7285,52,3,0
15806,7285,47,2,20
15807,7285,138,1,0
15808,22469,36,1,30
15809,22469,78,1,25
15810,11660,98,1,10
15811,11660,78,2,20
15812,24931,102,3,5
15813,24931,40,3,0
15814,12928,148,1,5
15815,12928,95,2,0
15816,1879,78,1,0
15817,1879,102,4,25
15818,1879,62,3,20
15819,3261,62,1,20
15820,3261,148,2,10
15821,3261,138,1,0
15822,3261,8,2,30
15823,13321,127,1,15
15824,13321,88,1,20
15825,736,84,1,5
15826,736,67,2,0
15827,485,21,2,15
15828,485,63,1,15
15829,1536,141,3,15
15830,1536,107,1,20
15831,9110,93,2,0
15832,9110,84,3,10
15833,9110,104,1,10
15834,17042,118,1,10
15835,17042,3,3,25
15836,17042,66,1,10
15837,17042,71,2,0
15838,14125,113,1,0
15839,19587,126,1,0
15840,23326,42,1,15
15841,23326,110,1,0
15842,10747,124,3,15
15843,10747,28,1,5
15844,19637,33,2,0
15845,3861,46,1,15
15846,2989,90,1,20
15847,2227,86,1,10
15848,3726,117,4,25
15849,3726,54,1,25
15850,3726,42,4,20
15851,5744,42,1,10
15852,5744,51,1,5
15853,1878,19,2,10
15854,19915,62,1,25
15855,19915,111,1,0
15856,19915,1,3,25
15857,19915,126,1,0
15858,21957,85,1,0
15859,21957,104,2,5
15860,21957,100,2,15
15861,21957,28,1,25
15862,574,89,1,25
15863,6337,40,3,20
15864,3208,147,1,0
15865,3208,24,1,15
15866,4289,2,2,10
15867,19136,43,1,10
15868,13611,70,2,15
15869,13611,136,3,25
15870,6561,48,1,5
15871,6561,42,3,15
15872,8369,90,1,10
15873,9709,104,2,25
15874,340,56,2,10
15875,340,149,1,20
15876,340,124,1,10
15877,14792,69,2,20
15878,14792,136,2,10
15879,17886,138,2,10
15880,17886,149,2,10
15881,20003,20,4,30
15882,2663,106,1,0
15883,2267,63,2,5
15884,2267,124,1,15
15885,2267,144,1,20
15886,19476,117,2,10
15887,19476,133,1,5
15888,19476,148,1,5
15889,21590,42,2,0
15890,21590,148,1,5
15891,8596,76,1,20
15892,1610,104,1,10
15893,20464,142,3,5
15894,20464,93,2,15
15895,20464,20,1,20
15896,14328,136,2,10
15897,8535,141,3,30
15898,1872,76,2,0
15899,1872,133,2,0
15900,1872,91,1,5
15901,17739,20,1,20
15902,12339,46,1,10
15903,12339,66,1,0
15904,4365,6,1,5
15905,4365,142,2,5
15906,14569,3,1,0
15907,11071,142,3,25
15908,8376,140,1,0
15909,8376,96,1,15
15910,8376,117,1,10
15911,14475,53,2,10
15912,14475,37,3,10
15913,4369,124,1,15
15914,13745,117,3,5
15915,8504,126,1,0
15916,8504,124,3,10
15917,7024,105,1,20
15918,19280,84,1,5
15919,19280,28,1,20
15920,19280,111,1,15
15921,18712,20,1,15
15922,20181,70,1,20
15923,20181,128,4,15
15924,20181,124,3,10
15925,20181,69,2,30
15926,13480,54,1,0
15927,13480,117,3,10
15928,3085,89,1,20
15929,18848,12,1,0
15930,7061,128,1,0
15931,11866,72,1,25
15932,11866,1,1,0
15933,14881,75,1,25
15934,14881,124,1,25
15935,4055,57,1,20
15936,22951,20,1,10
15937,22951,3,1,30
15938,17011,28,1,15
15939,17011,3,1,0
15940,5201,54,2,0
15941,24483,90,1,0
15942,19226,116,1,0
15943,22766,4,1,15
15944,22766,65,4,0
15945,22766,141,1,5
15946,4377,63,1,30
15947,6894,136,1,0
15948,389,37,1,20
15949,23731,30,1,10
15950,23731,131,2,15
15951,23731,102,1,15
15952,13194,140,2,0
15953,12222,121,1,15
15954,12222,96,1,15
15955,12222,128,1,0
15956,12222,9,1,5
15957,6269,72,1,25
15958,11031,29,1,5
15959,11031,3,1,10
15960,11031,28,1,20
15961,11031,145,1,10
15962,3703,124,3,0
15963,3082,37,1,15
15964,3082,86,1,15
15965,21751,128,1,0
15966,21751,104,1,30
15967,21129,124,1,5
15968,17113,141,2,25
15969,8945,95,2,20
15970,4919,16,1,25
15971,24234,2,2,0
15972,21689,42,2,0
15973,13857,40,1,5
15974,22958,68,1,10
15975,22958,76,1,10
15976,22958,67,1,0
15977,17413,25,1,5
15978,17413,14,4,30
15979,17413,37,2,15
15980,23436,21,1,20
15981,23436,146,1,0
15982,23436,104,2,0
15983,21038,134,1,10
15984,21038,52,2,15
15985,6356,118,1,10
15986,6356,99,2,20
15987,12883,21,1,5
15988,19750,3,1,25
15989,19750,138,1,20
15990,19750,146,1,20
15991,19750,38,1,0
15992,2071,117,1,10
15993,2071,28,1,5
15994,10269,90,1,5
15995,10269,17,1,20
15996,22043,127,1,20
15997,22043,93,1,0
15998,21337,144,2,15
15999,21717,2,1,15
16000,4190,90,1,0
16001,4190,6,1,25
16002,17808,141,1,5
16003,24426,55,2,0
16004,24426,48,2,15
16005,10921,75,1,15
16006,9367,46,4,5
16007,11685,68,2,0
16008,22452,14,1,30
16009,17410,143,2,30
16010,6369,85,1,10
16011,2204,95,2,25
16012,6612,66,1,25
16013,6612,53,1,5
16014,7219,28,2,10
16015,7219,117,1,20
16016,12757,148,1,10
16017,7192,90,2,5
16018,24197,139,1,5
16019,1150,42,1,20
16020,8129,20,1,5
16021,8129,56,2,15
16022,8129,29,1,0
16023,8129,117,1,0
16024,4324,141,1,15
16025,2788,63,1,10
16026,2788,29,1,0
16027,3573,90,1,0
16028,3573,47,1,20
16029,3573,53,2,10
16030,3573,149,1,15
16031,7939,66,3,5
16032,23005,36,1,10
16033,5790,124,1,25
16034,20074,14,1,30
16035,20074,55,1,0
16036,3294,52,1,20
16037,3294,45,1,30
16038,19264,24,1,0
16039,8765,124,2,15
16040,20864,73,1,15
16041,20864,42,3,0
16042,12463,142,1,10
16043,12463,39,1,10
16044,387,139,2,5
16045,387,40,2,5
16046,15049,107,2,10
16047,15049,146,1,15
16048,15049,128,1,5
16049,15049,110,2,10
16050,24397,141,1,15
16051,24397,21,1,10
16052,24397,70,2,10
16053,10500,38,2,5
16054,7910,81,1,5
16055,7910,143,1,10
16056,21511,72,3,20
16057,7905,53,1,0
16058,16097,38,2,20
16059,8671,73,4,10
16060,8671,94,1,0
16061,3476,16,1,25
16062,18057,67,1,30
16063,18057,41,4,10
16064,6676,28,1,0
16065,6676,91,1,10
16066,11873,70,1,20
16067,11873,1,1,5
16068,1028,99,1,15
16069,894,140,1,10
16070,1113,107,1,10
16071,1113,63,2,0
16072,24887,67,3,30
16073,24887,110,1,0
16074,6286,93,1,20
16075,22127,37,2,5
16076,22127,21,1,0
16077,22127,126,1,15
16078,51,73,1,5
16079,51,20,2,30
16080,16901,81,1,0
16081,16901,56,1,15
16082,9804,47,2,10
16083,9804,60,1,0
16084,9804,128,2,5
16085,9153,120,1,0
16086,9153,125,1,0
16087,248,80,2,5
16088,13257,62,1,15
16089,13257,68,1,15
16090,17570,12,1,20
16091,17570,3,2,10
16092,17570,107,1,0
16093,12478,42,1,5
16094,22110,98,1,5
16095,22110,105,2,0
16096,22110,17,2,5
16097,22110,95,1,15
16098,16276,77,4,5
16099,20367,28,3,15
16100,23164,90,2,5
16101,21122,20,1,20
16102,21122,126,1,10
16103,21122,54,3,20
16104,13373,66,1,0
16105,5417,78,1,5
16106,21065,73,1,10
16107,21065,144,1,20
16108,24066,63,1,20
16109,24066,128,1,20
16110,24066,138,3,20
16111,1362,1,1,5
16112,23691,1,3,10
16113,23691,88,1,10
16114,19696,58,3,15
16115,19696,141,1,5
16116,10964,66,1,0
16117,16189,146,1,10
16118,24152,91,1,25
16119,24152,115,1,10
16120,2034,70,2,10
16121,1864,28,1,25
16122,10249,71,1,0
16123,10249,140,4,10
16124,3115,89,1,10
16125,3115,77,1,0
16126,3115,117,1,15
16127,7247,102,4,15
16128,6927,141,2,10
16129,22007,83,1,10
16130,22007,95,1,5
16131,7650,141,1,10
16132,22095,129,4,5
16133,4547,128,2,5
16134,4547,126,1,10
16135,7919,84,1,20
16136,7919,142,4,15
16137,7919,28,1,10
16138,16774,118,1,5
16139,4606,145,1,15
16140,5164,78,3,20
16141,23649,38,2,0
16142,2291,124,1,5
16143,5368,26,1,0
16144,5368,46,3,15
16145,5368,28,2,0
16146,9718,134,1,0
16147,15905,65,1,10
16148,17750,76,1,5
16149,9205,64,1,10
16150,9205,71,1,10
16151,1860,90,2,20
16152,12830,104,4,5
16153,12830,69,1,20
16154,451,16,1,20
16155,451,90,1,5
16156,10802,117,1,0
16157,10802,60,4,5
16158,24089,53,1,30
16159,24089,37,1,10
16160,3490,91,1,20
16161,18239,89,1,0
16162,9552,38,2,25
16163,9552,96,1,20
16164,9552,68,1,0
16165,11431,139,2,5
16166,11431,90,1,0
16167,11437,128,1,0
16168,11437,143,1,10
16169,9111,50,3,20
16170,9111,72,3,15
16171,23693,68,1,10
16172,2442,91,1,20
16173,6514,33,1,0
16174,22173,104,1,5
16175,22173,52,2,0
16176,7042,125,1,15
16177,17508,69,1,15
16178,17508,141,1,5
16179,17508,95,1,20
16180,7782,115,2,5
16181,7782,21,2,5
16182,23637,65,4,15
16183,23637,46,2,0
16184,23637,60,2,5
16185,23637,141,1,5
16186,8501,61,1,15
16187,8501,139,4,20
16188,14408,141,1,25
16189,14408,125,1,0
16190,6367,103,1,15
16191,6367,142,1,5
16192,13769,142,2,20
16193,3177,117,4,5
16194,24348,144,1,15
16195,23639,127,3,15
16196,10177,124,1,0
16197,10177,143,1,15
16198,4482,121,1,5
16199,17811,88,1,10
16200,17811,75,1,5
16201,24427,121,1,0
16202,3884,75,4,0
16203,3884,84,1,5
16204,5905,31,1,0
16205,5905,143,2,0
16206,5905,142,2,25
16207,11123,23,1,10
16208,6846,84,2,5
16209,20978,52,1,5
16210,20978,143,1,25
16211,20978,85,1,10
16212,23786,72,1,15
16213,23786,28,1,25
16214,9747,71,1,10
16215,9747,124,1,10
16216,9747,133,2,10
16217,9747,139,2,0
16218,4003,43,1,20
16219,11165,104,1,10
16220,19076,61,1,0
16221,14920,118,1,20
16222,15387,117,1,10
16223,16955,72,2,5
16224,18143,121,1,15
16225,11799,68,3,15
16226,9974,136,1,30
16227,5913,28,1,15
16228,17547,55,1,5
16229,17547,62,1,0
16230,17547,121,1,0
16231,17547,96,2,0
16232,19374,101,1,0
16233,23883,33,1,0
16234,23883,29,1,5
16235,15711,117,2,20
16236,24278,54,4,15
16237,22305,58,2,10
16238,22305,4,2,20
16239,22305,3,1,15
16240,8528,138,4,15
16241,8528,6,2,0
16242,8528,104,2,5
16243,20142,96,1,10
16244,5602,86,2,5
16245,5602,69,1,0
16246,5602,141,1,0
16247,5602,112,1,10
16248,20004,50,1,0
16249,5309,21,1,5
16250,5309,116,1,0
16251,13672,63,1,10
16252,3168,90,1,20
16253,3168,102,2,25
16254,3168,123,2,0
16255,24176,133,2,10
16256,23206,37,3,15
16257,4795,113,1,20
16258,4795,21,1,0
16259,19019,29,2,5
16260,19019,145,1,25
16261,4723,94,1,25
16262,4723,70,3,0
16263,21244,76,2,0
16264,6051,62,1,15
16265,10468,146,1,10
16266,4631,139,1,20
16267,4631,89,1,10
16268,20388,124,1,0
16269,16745,4,1,5
16270,19118,128,4,0
16271,16459,124,2,10
16272,16459,88,1,0
16273,11104,28,1,10
16274,11104,69,1,15
16275,6537,94,1,20
16276,6537,90,1,5
16277,6537,75,1,15
16278,9730,116,4,20
16279,587,14,1,0
16280,587,63,1,5
16281,587,124,1,0
16282,18432,76,1,15
16283,18432,140,1,5
16284,21655,139,1,0
16285,5336,64,2,10
16286,5336,63,3,25
16287,5336,55,2,5
16288,320,141,1,10
16289,320,66,3,25
16290,7895,76,1,20
16291,7895,61,1,0
16292,15627,142,2,5
16293,15627,64,1,10
16294,21442,3,2,10
16295,21442,144,3,10
16296,17562,33,1,10
16297,13248,55,2,5
16298,21310,47,2,10
16299,967,128,1,10
16300,967,139,1,0
16301,37,72,2,20
16302,21648,66,2,25
16303,5957,141,1,15
16304,5957,105,3,5
16305,15725,76,4,15
16306,7725,88,1,5
16307,7725,36,1,10
16308,21768,90,1,25
16309,12905,28,1,25
16310,12905,148,3,30
16311,17231,124,3,20
16312,20028,140,1,5
16313,20028,93,1,0
16314,3131,107,2,15
16315,3131,14,1,20
16316,19296,62,1,10
16317,19296,68,1,15
16318,16872,36,2,0
16319,16872,136,1,5
16320,3264,21,1,0
16321,3264,128,2,0
16322,3264,124,1,25
16323,3282,121,4,10
16324,14970,63,2,15
16325,14970,42,1,0
16326,14970,78,2,10
16327,3083,98,1,0
16328,18811,71,3,15
16329,18811,104,1,10
16330,20038,96,1,15
16331,9024,78,2,5
16332,9024,145,1,25
16333,9295,53,4,10
16334,21372,91,1,15
16335,21372,28,3,20
16336,21372,4,1,10
16337,14260,75,1,30
16338,14260,42,1,15
16339,2039,66,2,5
16340,2039,96,1,0
16341,11380,54,1,15
16342,11380,90,1,25
16343,19273,104,1,0
16344,19273,72,1,0
16345,604,8,2,0
16346,604,73,3,5
16347,18156,95,1,0
16348,18156,68,4,5
16349,17654,28,1,0
16350,5598,6,1,15
16351,6489,16,1,15
16352,20345,8,1,0
16353,20345,130,2,25
16354,5613,146,3,0
16355,5613,73,1,5
16356,200,72,1,0
16357,20718,103,1,0
16358,20718,1,1,5
16359,20718,15,1,10
16360,22366,142,1,20
16361,5211,93,4,20
16362,5211,142,1,5
16363,21513,34,1,0
16364,21513,62,1,30
16365,21513,140,1,15
16366,10368,141,1,0
16367,10368,73,1,0
16368,12538,20,1,5
16369,12538,141,1,25
16370,379,21,1,15
16371,17200,11,1,15
16372,17200,116,1,15
16373,18205,43,1,15
16374,2479,107,1,0
16375,8324,46,1,25
16376,8324,76,1,0
16377,8324,88,3,20
16378,13347,105,1,0
16379,9591,64,1,10
16380,14499,54,1,0
16381,23664,62,1,10
16382,23664,36,1,10
16383,7712,141,1,25
16384,7712,124,3,15
16385,7712,93,1,0
16386,15969,28,1,0
16387,9382,19,1,15
16388,14467,95,1,0
16389,14467,90,1,10
16390,13725,91,2,10
16391,2815,3,2,15
16392,1142,50,1,10
16393,1142,97,1,10
16394,22842,54,1,10
16395,21728,70,1,5
16396,21728,117,1,5
16397,21728,50,1,25
16398,21728,142,1,20
16399,2732,55,1,20
16400,2732,37,1,15
16401,11628,28,2,10
16402,17655,72,2,15
16403,17655,128,2,15
16404,15854,149,1,15
16405,12413,93,1,5
16406,11020,141,4,10
16407,11020,146,1,20
16408,11020,87,2,10
16409,6225,104,2,0
16410,84,76,1,25
16411,84,63,1,5
16412,84,38,1,20
16413,11311,75,2,15
16414,11311,94,2,5
16415,11311,48,4,10
16416,17126,34,1,20
16417,17126,124,1,0
16418,16253,141,2,10
16419,16253,126,4,20
16420,16253,136,1,0
16421,7455,117,2,0
16422,2928,149,1,0
16423,653,43,3,20
16424,18890,3,2,5
16425,18890,62,1,0
16426,21148,96,1,0
16427,21148,88,1,10
16428,23009,124,1,0
16429,9172,142,1,10
16430,9121,36,2,10
16431,9121,50,2,10
16432,16468,139,3,0
16433,8443,11,2,15
16434,8443,121,2,15
16435,8443,74,3,10
16436,22336,136,2,25
16437,22336,117,3,15
16438,22035,140,1,5
16439,22035,19,1,5
16440,17257,28,1,10
16441,13703,63,1,0
16442,18766,24,1,25
16443,19311,142,1,0
16444,11523,39,3,30
16445,17889,64,1,5
16446,17397,62,1,25
16447,20007,136,2,15
16448,1083,1,1,5
16449,20306,3,3,15
16450,20306,90,1,0
16451,20306,65,2,10
16452,20306,104,1,0
16453,2913,145,1,5
16454,23141,53,3,0
16455,13174,14,1,0
16456,9603,143,1,10
16457,4262,19,1,25
16458,5960,116,1,0
16459,21428,115,1,5
16460,20270,42,2,10
16461,20270,66,1,20
16462,3925,48,2,10
16463,14766,73,1,5
16464,14766,98,1,10
16465,13675,7,1,0
16466,7940,71,1,15
16467,7940,34,1,0
16468,13999,146,3,0
16469,15490,98,1,0
16470,24773,93,1,5
16471,21708,36,2,10
16472,21708,136,3,5
16473,21708,105,2,20
16474,13489,28,1,15
16475,2373,77,1,10
16476,14052,117,2,10
16477,14052,71,1,10
16478,14052,129,1,20
16479,15065,139,1,10
16480,12439,24,1,15
16481,12439,6,1,15
16482,24362,40,1,5
16483,15094,66,2,0
16484,21808,6,1,20
16485,6331,91,2,15
16486,6331,54,1,25
16487,21335,46,1,10
16488,21028,23,1,25
16489,21028,55,2,15
16490,21028,107,1,15
16491,9840,93,1,10
16492,10312,141,2,5
16493,18937,124,1,30
16494,18937,42,1,15
16495,11203,17,2,15
16496,11203,24,1,20
16497,7335,49,4,15
16498,7335,98,1,20
16499,7386,76,3,10
16500,7386,71,1,10
16501,24877,10,1,0
16502,4775,53,2,5
16503,17459,149,2,20
16504,17459,35,1,10
16505,7961,124,1,5
16506,9638,43,2,25
16507,1060,140,1,15
16508,1060,70,1,10
16509,1060,40,2,20
16510,844,93,1,5
16511,844,99,2,25
16512,12233,28,1,10
16513,24104,149,2,25
16514,24104,63,1,10
16515,7785,2,2,10
16516,7785,141,3,20
16517,20989,117,2,10
16518,20989,118,1,10
16519,11621,117,3,25
16520,11621,62,1,0
16521,13024,88,2,0
16522,13024,117,2,15
16523,13024,131,2,10
16524,4751,139,1,15
16525,4751,28,1,10
16526,4751,50,1,20
16527,4751,73,1,15
16528,20005,102,3,25
16529,20005,3,1,0
16530,20005,141,1,20
16531,23422,8,4,10
16532,23422,85,1,20
16533,23422,29,3,30
16534,23113,46,1,25
16535,20146,95,1,0
16536,9596,143,1,15
16537,8723,141,2,0
16538,8723,55,1,0
16539,8723,70,1,15
16540,8723,107,1,20
16541,22698,48,1,0
16542,20554,21,2,10
16543,20554,78,1,15
16544,20554,91,1,5
16545,20554,148,1,15
16546,21497,118,1,20
16547,21497,56,1,20
16548,21031,20,1,0
16549,1188,47,1,10
16550,8467,137,2,0
16551,16655,122,1,10
16552,22802,116,1,10
16553,22802,50,1,10
16554,22802,110,1,0
16555,22802,144,2,0
16556,3403,142,2,0
16557,3403,137,1,15
16558,17834,96,1,10
16559,7472,141,3,15
16560,18442,104,2,10
16561,8551,128,2,0
16562,23088,4,1,10
16563,7273,2,2,5
16564,7273,42,1,10
16565,3993,12,3,0
16566,16601,30,1,10
16567,16601,50,2,15
16568,3295,48,1,30
16569,1732,31,1,0
16570,8438,3,1,0
16571,12165,85,1,20
16572,11319,54,1,10
16573,15401,102,2,0
16574,9806,94,1,5
16575,22549,95,1,10
16576,16029,128,2,25
16577,16029,140,2,5
16578,2474,141,1,0
16579,2474,146,1,20
16580,8631,91,1,15
16581,8631,12,1,10
16582,21819,105,3,10
16583,6213,37,1,25
16584,4566,124,2,15
16585,4566,58,1,0
16586,4566,61,1,30
16587,4566,75,3,20
16588,14381,90,1,10
16589,1601,122,1,20
16590,6429,63,2,0
16591,15117,105,1,20
16592,22479,19,2,15
16593,22479,84,2,0
16594,3300,84,1,25
16595,3300,121,4,0
16596,3300,104,1,5
16597,11959,96,2,10
16598,7721,91,1,0
16599,23443,69,1,20
16600,21617,51,1,10
16601,7617,102,2,5
16602,16014,124,1,20
16603,16014,19,2,25
16604,130,74,1,0
16605,23094,115,2,0
16606,4192,117,1,5
16607,6049,124,1,5
16608,6049,68,1,0
16609,6049,41,1,15
16610,17143,70,1,0
16611,17143,141,2,25
16612,1917,123,1,15
16613,1917,142,2,30
16614,1917,53,1,5
16615,9708,37,1,15
16616,9708,1,1,0
16617,24202,47,1,0
16618,24202,70,2,15
16619,14028,144,1,0
16620,14028,11,2,15
16621,5019,40,2,20
16622,19697,141,1,10
16623,18234,17,1,10
16624,12031,124,2,0
16625,12031,88,2,10
16626,5725,73,2,15
16627,5725,117,2,10
16628,5725,72,1,20
16629,4028,95,1,20
16630,4028,46,4,5
16631,10594,72,1,5
16632,10594,16,1,15
16633,10594,104,2,25
16634,10594,63,1,5
16635,9141,55,1,30
16636,19243,62,2,0
16637,19243,6,1,10
16638,19243,42,1,10
16639,8556,8,1,10
16640,18938,105,1,15
16641,18938,138,1,25
16642,18938,46,2,10
16643,3390,67,1,5
16644,3055,66,1,5
16645,21758,56,2,30
16646,21758,52,1,5
16647,21758,112,2,5
16648,21758,20,1,30
16649,3479,53,1,15
16650,23338,30,4,15
16651,23338,84,2,10
16652,13873,21,2,15
16653,12309,122,2,0
16654,12309,149,1,0
16655,12309,60,1,10
16656,3028,104,1,25
16657,5837,144,1,25
16658,5837,141,1,10
16659,5837,146,1,15
16660,7789,105,1,30
16661,7789,75,1,5
16662,7789,143,1,10
16663,22718,128,1,20
16664,20211,61,1,0
16665,14594,79,1,10
16666,3795,101,2,15
16667,23591,55,1,0
16668,11306,142,1,20
16669,11306,21,1,10
16670,22969,149,1,10
16671,1663,42,1,10
16672,22748,75,1,15
16673,22748,26,1,10
16674,15733,71,1,0
16675,15733,125,3,5
16676,12934,85,1,5
16677,5943,128,1,10
16678,5943,61,1,15
16679,7372,61,1,0
16680,7372,78,1,0
16681,5998,81,1,0
16682,5998,94,3,20
16683,5998,36,2,10
16684,5998,10,2,10
16685,10465,96,2,10
16686,3462,42,1,10
16687,3462,121,1,20
16688,4100,64,1,30
16689,6819,66,1,15
16690,19897,99,1,10
16691,12542,21,1,10
16692,17286,45,1,5
16693,6101,71,1,5
16694,19914,12,1,20
16695,19914,17,1,5
16696,19914,78,2,10
16697,23701,19,1,25
16698,23701,63,1,0
16699,23701,47,1,0
16700,23701,81,1,15
16701,24727,89,1,0
16702,2503,40,1,20
16703,2503,128,1,25
16704,264,134,1,25
16705,7784,55,1,10
16706,20946,64,4,0
16707,3774,28,2,5
16708,2153,36,1,20
16709,2153,118,3,0
16710,2153,116,1,10
16711,3834,28,1,10
16712,6571,20,1,5
16713,6571,91,2,15
16714,2840,142,1,10
16715,9717,88,1,5
16716,9717,46,1,10
16717,9717,8,1,15
16718,16998,47,1,5
16719,16998,144,2,5
16720,16998,63,1,0
16721,3637,124,1,15
16722,9548,91,1,10
16723,9548,95,1,0
16724,3902,75,1,20
16725,3902,80,1,0
16726,5655,74,2,10
16727,5655,84,1,20
16728,2648,124,1,25
16729,2648,29,1,5
16730,2648,52,4,20
16731,11044,50,3,25
16732,11044,117,2,10
16733,15318,125,2,15
16734,15318,54,3,10
16735,15318,136,2,25
16736,15318,124,2,5
16737,291,140,1,5
16738,291,109,4,25
16739,291,148,1,0
16740,10091,36,1,15
16741,22187,126,1,5
16742,3117,53,2,10
16743,24244,41,1,15
16744,16486,12,1,0
16745,16486,146,1,25
16746,23501,102,1,10
16747,21448,142,1,0
16748,21448,68,2,25
16749,4551,131,1,25
16750,19298,136,2,25
16751,19298,95,1,10
16752,1164,122,1,0
16753,1164,19,1,5
16754,1164,46,1,15
16755,11546,134,4,5
16756,22506,81,1,30
16757,22506,103,1,30
16758,22506,142,1,25
16759,11797,141,1,0
16760,11797,121,4,15
16761,17869,95,2,20
16762,17869,2,1,10
16763,17869,139,2,20
16764,14636,69,1,0
16765,14636,125,1,15
16766,6492,84,1,20
16767,6492,139,3,0
16768,8340,136,1,0
16769,12256,103,2,0
16770,1021,121,3,30
16771,1021,107,2,0
16772,1021,133,3,5
16773,4225,14,2,0
16774,5989,61,1,0
16775,5989,81,1,10
16776,5989,126,2,15
16777,13012,3,1,10
16778,13012,143,1,5
16779,4676,1,1,10
16780,12547,73,2,5
16781,6802,132,2,15
16782,9668,14,1,0
16783,9533,128,1,10
16784,9533,29,1,25
16785,4252,133,2,15
16786,4252,14,1,30
16787,4252,142,1,25
16788,20374,92,1,5
16789,20374,106,2,5
16790,20374,50,2,0
16791,2156,124,2,0
16792,2156,91,1,25
16793,2156,89,1,25
16794,21183,126,3,0
16795,24704,14,1,25
16796,8543,90,1,20
16797,8543,84,2,25
16798,9893,19,2,30
16799,12210,64,1,0
16800,18138,20,2,25
16801,18919,121,1,10
16802,10503,110,1,0
16803,24302,117,1,20
16804,24302,36,1,10
16805,8861,105,1,0
16806,11887,136,2,5
16807,5215,100,1,0
16808,7722,139,2,20
16809,22892,41,1,10
16810,2064,149,2,10
16811,2064,42,2,0
16812,16015,63,1,25
16813,24521,90,1,10
16814,10965,58,2,30
16815,10965,142,1,10
16816,90,70,1,15
16817,90,46,1,5
16818,21923,26,1,10
16819,21923,14,1,0
16820,17468,133,1,0
16821,17468,143,2,30
16822,24903,53,1,0
16823,7671,95,1,0
16824,7671,6,1,5
16825,7671,38,2,5
16826,11428,27,1,5
16827,19365,117,1,5
16828,22211,117,2,25
16829,22211,122,1,0
16830,19784,19,2,5
16831,14750,91,3,0
16832,4378,25,2,10
16833,14376,36,2,15
16834,3434,76,2,0
16835,14450,100,1,30
16836,14450,75,3,5
16837,5105,6,1,5
16838,6658,131,1,30
16839,6658,59,1,15
16840,6658,60,1,10
16841,6658,104,2,20
16842,24820,128,1,5
16843,13700,85,1,0
16844,13700,93,3,5
16845,13700,142,1,10
16846,13700,110,1,15
16847,13140,28,1,15
16848,442,29,1,20
16849,442,26,2,10
16850,442,53,1,25
16851,7896,66,2,0
16852,7896,84,1,10
16853,19438,137,1,0
16854,7771,16,1,0
16855,8433,76,2,5
16856,4421,54,2,0
16857,4421,117,2,20
16858,9450,42,1,0
16859,9450,133,2,5
16860,9450,47,1,10
16861,21941,3,1,20
16862,818,53,1,20
16863,818,52,2,5
16864,24151,39,3,10
16865,23511,94,2,20
16866,12163,20,1,5
16867,12163,143,1,0
16868,12163,27,1,10
16869,8143,14,2,0
16870,8968,141,2,25
16871,8968,81,1,10
16872,8968,12,1,0
16873,6410,105,1,5
16874,6410,4,1,5
16875,6410,27,2,10
16876,6410,43,1,10
16877,14213,2,1,10
16878,14213,71,2,30
16879,13627,68,1,15
16880,13627,1,1,10
16881,13627,129,1,20
16882,11719,148,1,5
16883,11719,93,2,0
16884,11719,21,1,5
16885,3499,102,1,15
16886,3499,55,1,5
16887,3499,52,1,0
16888,3499,143,1,30
16889,263,68,1,10
16890,20739,67,1,5
16891,9836,90,2,5
16892,9836,50,2,10
16893,9836,67,1,0
16894,9836,150,1,20
16895,12530,41,1,5
16896,21599,34,2,5
16897,21599,53,1,5
16898,21599,136,1,10
16899,12410,85,1,10
16900,12410,131,1,0
16901,12410,34,2,10
16902,12410,73,2,5
16903,22014,27,1,20
16904,15880,74,1,25
16905,23238,21,2,0
16906,1640,104,1,0
16907,17538,66,3,25
16908,17538,12,2,10
16909,21855,61,1,0
16910,7188,146,1,10
16911,7188,54,1,15
16912,18137,146,1,0
16913,18137,107,2,10
16914,1072,52,1,15
16915,14113,139,1,20
16916,14113,2,2,15
16917,21799,139,1,0
16918,21799,61,1,10
16919,21799,117,4,0
16920,21799,45,1,20
16921,2059,40,3,5
16922,2059,4,2,0
16923,2059,3,1,5
16924,12344,4,1,15
16925,12344,102,3,20
16926,6686,60,1,10
16927,5763,142,2,5
16928,3743,134,1,15
16929,2392,75,1,20
16930,7377,6,1,0
16931,7377,66,1,15
16932,21900,53,2,0
16933,2965,66,1,0
16934,4682,133,1,5
16935,19289,40,2,20
16936,20086,21,1,0
16937,20086,133,1,25
16938,20086,139,1,10
16939,20086,95,1,10
16940,18798,62,1,0
16941,18798,42,1,5
16942,18798,19,2,5
16943,18798,126,1,5
16944,14981,85,2,10
16945,14981,93,1,20
16946,17182,16,1,5
16947,744,44,1,5
16948,744,71,1,20
16949,744,21,2,10
16950,1409,140,1,10
16951,8481,26,2,5
16952,16317,142,1,25
16953,18381,137,1,10
16954,18381,29,1,0
16955,13867,128,4,20
16956,14335,149,1,30
16957,14335,118,3,25
16958,10264,129,1,30
16959,10264,149,1,15
16960,3432,73,2,5
16961,23187,87,1,15
16962,9713,78,1,5
16963,9713,133,1,15
16964,9713,129,1,20
16965,9713,85,2,20
16966,21198,75,1,0
16967,15025,63,3,5
16968,15025,70,1,0
16969,15025,133,3,15
16970,21112,69,1,15
16971,15841,37,1,10
16972,9299,65,1,0
16973,9299,34,1,0
16974,5560,28,1,5
16975,5560,149,1,25
16976,5560,93,1,15
16977,19911,142,3,0
16978,8748,122,1,20
16979,1274,81,1,15
16980,17912,71,1,15
16981,4171,34,1,15
16982,4171,58,3,10
16983,14194,101,2,5
16984,19796,96,1,15
16985,19796,121,1,20
16986,21053,141,2,5
16987,17877,138,1,15
16988,17877,146,1,10
16989,17877,21,1,10
16990,5922,30,1,0
16991,5922,37,2,20
16992,5922,69,2,5
16993,9522,145,1,5
16994,9522,66,1,15
16995,7589,77,3,5
16996,7589,7,1,0
16997,7589,91,1,10
16998,18902,19,2,0
16999,18902,78,1,0
17000,3442,75,3,30
17001,3836,96,1,20
17002,4233,123,1,0
17003,21618,47,4,15
17004,21618,138,1,0
17005,21618,98,1,0
17006,11078,33,1,0
17007,4993,89,3,0
17008,4993,21,3,20
17009,4993,133,1,5
17010,6133,138,2,20
17011,18741,150,1,15
17012,18741,85,1,0
17013,23442,46,2,5
17014,23442,137,2,5
17015,23318,27,2,5
17016,23318,124,1,5
17017,7530,143,1,25
17018,7530,14,2,10
17019,2711,90,1,0
17020,2711,37,1,5
17021,14686,64,1,0
17022,14686,28,1,0
17023,11375,117,1,10
17024,225,124,1,5
17025,225,28,2,0
17026,6243,60,1,0
17027,18165,104,1,5
17028,19419,136,1,5
17029,19419,71,1,0
17030,2715,142,1,10
17031,2715,81,1,15
17032,22924,131,1,10
17033,1911,3,1,25
17034,16547,70,1,10
17035,16547,14,2,15
17036,16547,42,1,20
17037,5242,53,1,10
17038,5242,141,2,0
17039,5242,126,1,20
17040,9742,143,4,5
17041,7925,141,2,5
17042,8544,36,1,0
17043,10812,42,1,5
17044,23219,123,1,15
17045,5011,128,1,5
17046,5011,138,1,25
17047,5319,104,1,25
17048,5319,36,1,10
17049,5319,126,2,15
17050,5319,42,3,10
17051,4649,2,3,20
17052,16970,3,1,0
17053,24345,102,2,10
17054,11678,137,1,0
17055,17966,110,2,5
17056,17966,60,1,0
17057,17966,101,1,30
17058,17966,129,2,15
17059,6741,95,1,25
17060,20584,98,1,5
17061,16710,95,2,10
17062,10148,28,3,30
17063,10148,53,1,5
17064,16781,42,1,25
17065,16781,138,2,5
17066,24403,75,1,10
17067,24403,111,1,10
17068,12637,53,3,0
17069,12637,66,1,5
17070,8925,98,2,30
17071,7135,78,1,5
17072,12513,144,3,5
17073,12513,35,1,10
17074,7674,15,1,0
17075,15257,49,1,5
17076,15257,136,1,20
17077,22693,80,1,0
17078,22693,93,3,20
17079,22693,34,2,0
17080,23437,59,1,5
17081,6579,54,1,0
17082,6579,118,3,5
17083,6579,102,1,10
17084,18197,88,1,5
17085,18197,27,1,0
17086,18197,40,1,25
17087,18197,2,1,15
17088,10451,68,1,5
17089,21042,34,1,10
17090,21042,95,1,0
17091,21042,43,3,0
17092,21042,141,2,0
17093,19549,141,1,5
17094,11951,126,3,10
17095,11951,91,1,25
17096,11951,53,1,25
17097,13323,115,1,5
17098,903,28,3,10
17099,15583,93,1,20
17100,11405,37,2,10
17101,23328,71,2,5
17102,2510,16,1,10
17103,2510,19,1,30
17104,5023,42,3,25
17105,7340,14,2,25
17106,7340,43,1,20
17107,7340,55,1,0
17108,22333,116,1,5
17109,9676,90,1,5
17110,8432,126,1,25
17111,22406,76,1,0
17112,22406,117,2,10
17113,1738,96,1,5
17114,1738,115,1,10
17115,1738,140,1,10
17116,1738,111,3,15
17117,13715,137,2,5
17118,8137,91,1,15
17119,8137,66,3,15
17120,2723,95,1,5
17121,2723,124,1,10
17122,2723,122,2,0
17123,2723,139,1,0
17124,23294,40,2,10
17125,23294,96,1,0
17126,22938,73,1,15
17127,22938,78,3,5
17128,2091,42,2,0
17129,19908,143,1,30
17130,1996,68,1,25
17131,24775,71,1,10
17132,24775,93,2,15
17133,17681,146,1,25
17134,21316,85,2,10
17135,14110,128,1,25
17136,14110,104,1,10
17137,12953,128,1,20
17138,12953,51,1,5
17139,12953,75,2,0
17140,22212,70,1,0
17141,14312,103,2,15
17142,14312,59,1,20
17143,3610,92,1,5
17144,21385,28,1,5
17145,21385,46,2,5
17146,21385,61,1,0
17147,21250,124,1,15
17148,21250,20,1,0
17149,6622,75,2,0
17150,17453,103,1,10
17151,13313,141,1,5
17152,1813,90,2,10
17153,1813,125,1,0
17154,1813,28,3,5
17155,9912,65,1,30
17156,9912,29,2,15
17157,9912,43,3,5
17158,13258,75,3,0
17159,13258,63,1,5
17160,22777,75,1,0
17161,5963,93,2,25
17162,5963,146,2,10
17163,4983,33,2,10
17164,14530,124,1,0
17165,18561,138,2,0
17166,12327,140,2,10
17167,12327,38,1,20
17168,12327,98,2,5
17169,13721,75,1,30
17170,11403,66,3,5
17171,11403,38,1,10
17172,5148,142,2,0
17173,5148,27,1,20
17174,5148,144,2,5
17175,2798,20,1,5
17176,10960,140,2,10
17177,10960,96,1,25
17178,10960,46,3,5
17179,23506,139,1,25
17180,23506,144,1,15
17181,23506,99,2,15
17182,3301,111,3,0
17183,7646,95,2,15
17184,2131,35,1,15
17185,16577,46,1,10
17186,16577,136,1,10
17187,16577,148,2,0
17188,15052,15,1,30
17189,15052,148,2,0
17190,22297,90,2,10
17191,22297,140,1,20
17192,22297,105,1,10
17193,23247,95,1,10
17194,23247,107,1,10
17195,7073,38,3,0
17196,7073,43,1,10
17197,7073,117,1,0
17198,16491,121,1,0
17199,18782,88,1,30
17200,11563,77,1,10
17201,19453,27,1,10
17202,19453,19,2,5
17203,19453,20,2,10
17204,18416,63,3,0
17205,18416,140,1,5
17206,16815,37,1,5
17207,16815,124,1,20
17208,16815,20,1,20
17209,204,20,3,15
17210,204,138,1,10
17211,8422,87,2,10
17212,12635,48,1,5
17213,3040,91,1,25
17214,3040,142,2,5
17215,3040,139,2,20
17216,9298,51,1,5
17217,9318,86,3,15
17218,9318,28,1,10
17219,13251,11,1,0
17220,9652,29,1,10
17221,2061,40,3,0
17222,16821,20,1,25
17223,21306,104,2,25
17224,1558,71,2,0
17225,1874,67,1,10
17226,1874,66,1,0
17227,15410,78,1,5
17228,15410,135,4,5
17229,19539,1,2,20
17230,19539,93,1,20
17231,19539,47,1,5
17232,19539,70,3,5
17233,11487,84,1,10
17234,2825,45,4,20
17235,9823,127,2,10
17236,9823,37,3,10
17237,12722,71,2,15
17238,12722,55,2,15
17239,21135,124,4,15
17240,9665,90,1,5
17241,19595,127,2,5
17242,4296,71,1,0
17243,20197,41,2,15
17244,22915,22,1,20
17245,4977,28,2,15
17246,4977,15,1,30
17247,4977,117,1,15
17248,19810,124,1,25
17249,10709,3,4,10
17250,19408,53,1,10
17251,19408,71,2,10
17252,19408,3,1,5
17253,19408,128,2,5
17254,15464,72,2,20
17255,15464,67,1,20
17256,6268,46,3,20
17257,6268,115,2,0
17258,6268,65,2,5
17259,18736,75,1,10
17260,18736,133,1,5
17261,18736,128,3,0
17262,11212,73,1,0
17263,11212,44,1,5
17264,11212,116,1,5
17265,21280,6,2,0
17266,20274,117,1,20
17267,22442,71,3,20
17268,22442,93,1,5
17269,22442,138,1,25
17270,10683,75,1,5
17271,8836,54,2,0
17272,9985,141,3,25
17273,9985,63,1,10
17274,9985,128,1,5
17275,23454,128,2,25
17276,21522,90,1,5
17277,22260,25,2,10
17278,14816,78,1,0
17279,14816,117,2,10
17280,6198,60,2,10
17281,10726,86,1,10
17282,10726,53,2,15
17283,6120,139,1,10
17284,6120,125,1,5
17285,75,142,3,0
17286,2991,134,2,20
17287,5012,90,2,15
17288,5012,2,2,15
17289,12927,16,1,15
17290,761,128,2,20
17291,4131,128,1,15
17292,4131,68,2,20
17293,4131,14,4,15
17294,20134,71,1,10
17295,20134,43,1,0
17296,20134,84,1,20
17297,20134,14,1,5
17298,17112,93,2,5
17299,17112,116,2,15
17300,17112,6,1,0
17301,19430,2,1,5
17302,19430,71,1,5
17303,22140,84,1,15
17304,21202,46,1,5
17305,21202,6,1,10
17306,9176,13,2,15
17307,9176,142,1,25
17308,5329,124,1,15
17309,10706,121,1,0
17310,20634,75,4,0
17311,20634,18,1,15
17312,24783,72,3,5
17313,24563,142,1,10
17314,24563,75,1,5
17315,24563,116,1,0
17316,18862,66,1,5
17317,5489,54,2,15
17318,4862,48,1,5
17319,7098,149,1,5
17320,1149,37,1,10
17321,19672,141,1,10
17322,19672,63,1,5
17323,19369,129,2,5
17324,19369,62,1,15
17325,19369,90,2,20
17326,18403,52,1,0
17327,18243,105,2,5
17328,6609,143,1,15
17329,6609,86,1,10
17330,6609,2,1,15
17331,10365,95,3,0
17332,17768,7,1,30
17333,24794,42,1,0
17334,24794,136,1,5
17335,2976,84,2,20
17336,2976,93,1,0
17337,9707,114,1,20
17338,9707,128,1,5
17339,5826,71,1,15
17340,18570,66,1,10
17341,15160,137,1,10
17342,15160,76,1,5
17343,10598,104,1,15
17344,14727,6,1,5
17345,23070,115,3,20
17346,12061,81,1,5
17347,12061,46,3,15
17348,12061,136,2,15
17349,18457,63,1,5
17350,18457,125,3,15
17351,19015,101,1,25
17352,13350,1,3,10
17353,13350,128,3,5
17354,7036,129,1,10
17355,7036,117,1,30
17356,16405,139,2,20
17357,16405,129,2,5
17358,16405,70,1,0
17359,19702,54,3,0
17360,7486,145,1,15
17361,9851,95,1,0
17362,2335,91,2,0
17363,12628,140,3,20
17364,4236,48,3,30
17365,4236,139,2,20
17366,10260,102,1,15
17367,10260,95,2,10
17368,10260,90,3,0
17369,10260,42,2,30
17370,12525,17,1,10
17371,12525,133,1,15
17372,12525,140,3,20
17373,18333,33,1,10
17374,9389,140,1,0
17375,13177,76,1,0
17376,4209,66,1,5
17377,13813,71,1,5
17378,13813,145,1,0
17379,13813,122,1,10
17380,10635,59,1,15
17381,14653,106,3,0
17382,24907,84,2,10
17383,24907,143,4,20
17384,24907,142,1,0
17385,24907,50,1,5
17386,9599,76,2,15
17387,2368,54,1,5
17388,2368,75,1,10
17389,21167,68,3,10
17390,21167,98,3,0
17391,13909,120,4,20
17392,12982,140,2,15
17393,12982,84,1,0
17394,22883,136,1,5
17395,22883,85,1,15
17396,4402,76,3,10
17397,4402,70,1,20
17398,8843,138,2,0
17399,8457,70,1,10
17400,8457,26,2,20
17401,14493,115,1,25
17402,7198,60,2,20
17403,7198,16,1,20
17404,7198,57,1,0
17405,7198,90,2,5
17406,8639,141,1,5
17407,8639,63,1,15
17408,3063,141,1,20
17409,3063,48,4,10
17410,15034,138,2,10
17411,14262,141,1,5
17412,23669,33,2,5
17413,23669,146,2,30
17414,24425,27,1,30
17415,2177,117,1,10
17416,5595,47,2,10
17417,5595,25,2,5
17418,5595,110,1,25
17419,2287,24,1,15
17420,5337,124,2,0
17421,5337,133,2,10
17422,9673,29,2,5
17423,9673,91,3,0
17424,12331,74,2,15
17425,20348,131,2,15
17426,18223,116,2,10
17427,18223,125,1,0
17428,18223,73,2,5
17429,21027,72,1,15
17430,2048,7,1,0
17431,2048,88,2,30
17432,2048,46,1,0
17433,11562,142,1,25
17434,11562,70,1,25
17435,3689,14,2,25
17436,24,63,1,0
17437,7727,21,4,0
17438,16899,75,1,5
17439,16899,146,1,0
17440,20201,111,1,15
17441,20675,91,1,10
17442,20675,87,2,5
17443,20675,29,1,15
17444,18620,53,1,15
17445,11199,141,1,0
17446,11199,90,2,10
17447,17617,67,1,0
17448,17617,126,2,10
17449,10145,98,1,20
17450,3911,112,1,0
17451,3911,141,2,25
17452,11599,2,3,25
17453,11599,54,1,10
17454,21901,40,1,20
17455,10041,104,2,20
17456,3127,30,1,10
17457,3127,143,3,20
17458,3127,43,1,10
17459,3127,20,3,20
17460,4502,90,1,30
17461,4502,124,1,10
17462,5027,98,2,20
17463,5027,141,1,5
17464,5027,69,3,10
17465,2530,63,3,20
17466,23717,55,4,0
17467,7234,95,1,25
17468,494,50,1,10
17469,18044,55,1,10
17470,18044,96,2,10
17471,19739,55,1,15
17472,7174,142,1,5
17473,16140,131,3,15
17474,5798,26,1,10
17475,5798,145,2,0
17476,17788,124,2,0
17477,2962,14,1,20
17478,24829,64,2,5
17479,24829,46,1,0
17480,7936,78,1,5
17481,7936,141,1,15
17482,5596,42,1,15
17483,5596,19,1,10
17484,1032,90,3,0
17485,1032,28,1,25
17486,15128,69,1,0
17487,15932,63,1,5
17488,15932,20,1,20
17489,2289,125,2,5
17490,9841,98,1,5
17491,9841,71,1,25
17492,9841,145,4,20
17493,304,133,1,20
17494,16488,48,2,0
17495,23953,103,1,5
17496,23953,31,3,5
17497,15920,40,1,15
17498,18732,137,1,0
17499,17478,34,2,30
17500,11590,63,1,25
17501,11590,104,1,5
17502,11590,139,1,25
17503,11590,78,2,5
17504,12231,126,1,5
17505,12231,147,1,5
17506,15637,54,1,15
17507,15685,72,1,0
17508,15685,68,1,20
17509,10191,141,1,25
17510,10191,96,1,20
17511,12803,117,2,0
17512,12803,43,3,15
17513,21553,91,1,10
17514,21553,34,2,25
17515,21553,46,2,5
17516,18931,73,1,15
17517,12742,87,2,20
17518,12742,68,1,10
17519,12742,103,1,5
17520,23486,124,1,10
17521,14979,6,1,0
17522,12597,140,1,0
17523,18216,74,3,15
17524,1131,102,1,10
17525,20001,139,2,0
17526,14038,41,2,10
17527,14226,54,1,0
17528,14226,140,2,30
17529,14226,34,1,0
17530,5693,87,1,10
17531,11556,106,1,5
17532,11556,74,1,25
17533,8946,141,2,10
17534,14331,66,1,10
17535,14331,32,2,5
17536,10840,78,2,15
17537,10840,17,1,5
17538,2973,63,1,5
17539,24252,75,3,15
17540,439,65,4,25
17541,5895,73,1,15
17542,4500,28,3,5
17543,8072,87,1,10
17544,11046,78,1,25
17545,18776,65,2,15
17546,3013,89,1,10
17547,7632,131,1,0
17548,3535,118,1,15
17549,20912,20,3,20
17550,20912,83,1,10
17551,172,128,3,15
17552,13212,62,1,5
17553,14065,8,1,0
17554,20410,133,1,10
17555,19626,66,1,5
17556,19626,26,1,0
17557,18578,134,1,0
17558,18578,26,3,0
17559,18578,72,1,20
17560,22299,102,2,20
17561,13944,91,1,15
17562,17596,124,1,5
17563,17596,20,2,0
17564,15191,70,1,0
17565,6090,60,1,15
17566,6090,68,1,5
17567,3886,43,4,5
17568,3886,73,2,5
17569,3886,90,1,10
17570,20102,141,1,0
17571,22009,86,3,15
17572,22009,95,1,15
17573,5096,29,4,20
17574,5096,150,1,10
17575,757,91,1,5
17576,757,28,1,0
17577,4010,110,1,30
17578,4010,121,3,15
17579,17691,124,1,0
17580,13957,107,1,5
17581,13957,54,2,0
17582,22794,55,1,10
17583,22794,16,1,5
17584,3356,91,1,15
17585,3356,26,1,5
17586,3356,115,2,0
17587,3356,128,3,20
17588,4639,100,2,10
17589,20549,91,1,20
17590,20549,12,1,20
17591,7200,73,1,0
17592,152,90,1,20
17593,152,94,2,0
17594,5198,21,1,0
17595,5198,95,1,15
17596,21554,12,1,10
17597,21554,102,1,20
17598,21554,107,1,10
17599,18572,114,2,5
17600,18572,35,1,30
17601,1574,54,2,15
17602,489,126,1,5
17603,13069,124,1,20
17604,2885,24,1,30
17605,2885,1,1,0
17606,21149,117,2,20
17607,1455,138,1,10
17608,2388,143,1,0
17609,2388,14,1,5
17610,4784,42,2,20
17611,19350,75,1,5
17612,13646,37,2,30
17613,2337,33,1,20
17614,2337,149,2,25
17615,2337,3,1,25
17616,18496,143,1,0
17617,18496,139,1,0
17618,18496,14,1,25
17619,11138,45,1,10
17620,22450,99,1,20
17621,22450,96,1,15
17622,22450,48,1,0
17623,22450,42,1,0
17624,17175,96,1,0
17625,17175,20,2,25
17626,19955,121,1,5
17627,7048,124,1,20
17628,10789,136,1,25
17629,10789,138,1,15
17630,10789,78,1,15
17631,10143,68,2,10
17632,10143,126,1,10
17633,10143,80,1,15
17634,24431,70,1,25
17635,24431,93,2,15
17636,24431,43,1,10
17637,24431,90,1,0
17638,9053,96,2,0
17639,9053,45,2,10
17640,4564,140,2,25
17641,13378,96,2,10
17642,6034,60,2,10
17643,6034,102,2,15
17644,6034,95,1,0
17645,16010,37,1,20
17646,12333,146,2,0
17647,19737,125,1,0
17648,3981,100,1,15
17649,6803,70,1,10
17650,24927,124,1,30
17651,14103,117,1,20
17652,15161,95,1,10
17653,15161,53,2,25
17654,15161,55,1,5
17655,4986,115,3,5
17656,9756,98,1,10
17657,9756,138,1,15
17658,9756,134,1,5
17659,19284,148,1,5
17660,15980,117,1,5
17661,9737,73,1,5
17662,8549,43,2,0
17663,17147,118,1,5
17664,17147,140,2,25
17665,3909,69,1,0
17666,1459,105,3,0
17667,1459,117,2,5
17668,20729,125,2,0
17669,20729,48,3,20
17670,23843,105,2,10
17671,996,117,4,0
17672,3557,55,1,10
17673,23044,71,1,30
17674,23044,73,2,10
17675,10832,146,2,20
17676,10832,30,3,0
17677,10832,135,1,15
17678,10832,141,1,5
17679,3283,84,2,30
17680,9805,1,1,0
17681,11084,54,1,0
17682,6978,125,3,15
17683,1852,75,1,30
17684,24848,144,1,10
17685,24848,126,1,20
17686,24848,60,1,20
17687,12842,126,2,25
17688,12842,26,4,5
17689,6028,31,1,20
17690,19252,29,2,10
17691,19252,142,1,0
17692,21794,99,4,5
17693,14617,28,1,5
17694,20370,14,2,0
17695,58,99,2,10
17696,58,32,1,0
17697,16935,124,3,10
17698,13746,128,2,0
17699,13746,36,1,5
17700,13746,46,1,10
17701,835,84,1,10
17702,835,143,1,0
17703,835,141,1,10
17704,3660,90,2,20
17705,3660,71,2,0
17706,2588,115,1,0
17707,14840,140,1,10
17708,14840,29,3,20
17709,1234,21,1,5
17710,20566,67,1,0
17711,12605,63,1,15
17712,12605,27,1,10
17713,8669,68,2,20
17714,21196,142,1,5
17715,21196,80,1,0
17716,8988,55,1,10
17717,5082,66,1,15
17718,17193,68,2,15
17719,18775,71,2,25
17720,18775,60,1,15
17721,18775,118,2,5
17722,24275,3,1,30
17723,8326,3,1,10
17724,8326,95,1,30
17725,8026,102,2,25
17726,22201,76,1,30
17727,22201,146,3,5
17728,19030,124,1,10
17729,5863,149,2,10
17730,24272,75,1,5
17731,1312,133,1,5
17732,1312,45,3,15
17733,6649,71,1,15
17734,9492,54,1,20
17735,9492,141,3,15
17736,21359,71,2,0
17737,21359,133,1,0
17738,21359,124,1,0
17739,16873,95,1,10
17740,22431,24,2,10
17741,23494,124,2,10
17742,1245,90,1,0
17743,8225,81,1,0
17744,11804,60,1,10
17745,2820,126,1,0
17746,2820,42,2,10
17747,15170,117,1,0
17748,16447,59,2,5
17749,16447,43,2,15
17750,16447,129,1,10
17751,9746,88,2,0
17752,5324,22,1,10
17753,11984,76,2,5
17754,10012,101,1,10
17755,7976,117,3,5
17756,20532,19,1,10
17757,17088,131,4,15
17758,6951,133,3,0
17759,6951,60,1,10
17760,5500,132,1,0
17761,5067,141,2,10
17762,5067,123,1,15
17763,19182,22,4,20
17764,19182,41,2,5
17765,19182,104,1,10
17766,13850,72,3,10
17767,13850,93,1,5
17768,16878,140,1,25
17769,16878,60,3,25
17770,13686,128,1,20
17771,13686,50,1,15
17772,13686,144,1,15
17773,13686,104,4,10
17774,7754,96,2,15
17775,8592,38,2,10
17776,11518,107,1,0
17777,11518,102,4,10
17778,15328,133,1,10
17779,15328,20,1,5
17780,20569,94,1,20
17781,6318,111,1,5
17782,11795,149,1,5
17783,11795,6,1,0
17784,11795,103,4,30
17785,8730,104,1,0
17786,24216,14,1,0
17787,15770,48,2,20
17788,7971,46,1,15
17789,16299,93,1,0
17790,17854,56,2,10
17791,23103,138,2,0
17792,23103,93,2,5
17793,22250,107,2,15
17794,22250,23,1,20
17795,19051,85,1,15
17796,24535,3,3,20
17797,24535,53,2,20
17798,24535,104,1,10
17799,24535,117,1,0
17800,14094,35,1,15
17801,14094,42,2,10
17802,14094,37,1,0
17803,14094,102,1,20
17804,11553,117,1,15
17805,11553,122,1,0
17806,11035,66,1,10
17807,24994,63,1,5
17808,14812,142,1,15
17809,14812,81,1,20
17810,14812,19,1,5
17811,19214,118,2,5
17812,19214,47,1,10
17813,24825,28,1,0
17814,8569,137,2,15
17815,20563,124,1,0
17816,20563,7,2,15
17817,22108,133,1,0
17818,17213,52,1,0
17819,15010,96,1,15
17820,15010,84,2,5
17821,9616,64,2,0
17822,12427,124,1,20
17823,21978,84,2,10
17824,12896,78,1,10
17825,7965,70,1,5
17826,22099,78,2,0
17827,22099,128,1,5
17828,10253,59,1,10
17829,24551,117,1,0
17830,9738,111,1,5
17831,9738,1,4,10
17832,6446,93,1,15
17833,21304,88,1,0
17834,21304,85,1,10
17835,21304,6,1,25
17836,20435,56,2,25
17837,22819,125,1,15
17838,22819,27,4,20
17839,22819,6,3,5
17840,21515,73,1,15
17841,17539,90,1,0
17842,10416,90,2,5
17843,12545,14,1,20
17844,12545,142,1,15
17845,12545,115,1,5
17846,8477,91,2,0
17847,20826,95,1,0
17848,20826,104,1,5
17849,20728,103,1,30
17850,23026,140,1,15
17851,13115,121,1,25
17852,18464,72,2,0
17853,17290,148,3,25
17854,17290,42,2,5
17855,17290,69,1,15
17856,13523,115,2,15
17857,13523,138,1,0
17858,4739,19,1,5
17859,23371,53,1,20
17860,23371,35,1,10
17861,23371,117,1,20
17862,446,95,2,10
17863,23071,95,1,15
17864,23071,93,1,5
17865,23071,53,2,15
17866,21531,133,1,0
17867,14570,76,1,10
17868,14570,107,1,0
17869,14570,54,2,10
17870,14570,16,1,0
17871,12247,76,1,30
17872,14201,90,1,20
17873,14201,42,1,20
17874,3764,85,1,0
17875,11682,142,4,20
17876,11682,84,1,10
17877,11682,91,2,15
17878,11682,133,1,10
17879,10814,146,1,25
17880,10814,141,2,0
17881,10814,60,2,15
17882,8835,78,1,5
17883,15382,20,2,0
17884,15382,40,1,10
17885,20714,68,2,10
17886,20488,95,1,0
17887,18704,36,1,5
17888,18704,70,1,5
17889,18704,66,1,25
17890,2159,102,3,10
17891,2159,143,2,0
17892,243,148,2,0
17893,243,98,2,0
17894,243,73,1,10
17895,3939,124,1,15
17896,16849,117,2,20
17897,10621,81,1,15
17898,10621,101,1,15
17899,10621,63,2,15
17900,10621,91,1,10
17901,23304,84,1,30
17902,20017,17,2,5
17903,2025,3,1,10
17904,24811,51,1,20
17905,24811,90,2,10
17906,24811,38,2,15
17907,23821,25,1,0
17908,16769,46,1,0
17909,12215,68,1,15
17910,12215,95,1,20
17911,3724,129,1,20
17912,3724,117,2,15
17913,8792,102,2,20
17914,2665,133,1,20
17915,2818,21,1,20
17916,14387,145,2,0
17917,14387,105,1,15
17918,3119,81,2,0
17919,4094,140,3,5
17920,4094,14,2,5
17921,4094,62,1,30
17922,4387,125,1,10
17923,4387,47,2,5
17924,23485,137,3,25
17925,7445,41,1,20
17926,7445,124,1,5
17927,7445,63,2,0
17928,11278,53,2,0
17929,3527,128,1,25
17930,9946,118,1,25
17931,15778,8,3,15
17932,15778,73,1,5
17933,15778,100,1,5
17934,17615,17,3,5
17935,3346,59,2,20
17936,20988,42,1,20
17937,19882,90,2,10
17938,19882,124,1,5
17939,5391,36,1,15
17940,11997,73,1,5
17941,23412,145,1,10
17942,23412,7,2,10
17943,10356,34,1,30
17944,10356,40,1,5
17945,23667,47,1,20
17946,4574,28,1,5
17947,4574,111,1,30
17948,4574,47,2,15
17949,4574,141,1,15
17950,4096,55,3,25
17951,21956,129,1,15
17952,5176,30,2,15
17953,8285,143,1,0
17954,8285,71,1,5
17955,16469,94,2,20
17956,13002,139,1,15
17957,2361,87,3,5
17958,2361,37,2,10
17959,276,8,1,0
17960,2303,102,2,20
17961,2303,61,1,20
17962,13914,117,1,0
17963,13914,70,3,5
17964,13914,42,1,5
17965,11336,125,1,30
17966,7367,47,4,10
17967,7367,107,2,5
17968,18549,128,1,5
17969,18549,90,3,10
17970,19757,4,1,0
17971,19757,115,1,10
17972,10895,76,2,5
17973,18445,14,1,20
17974,18445,116,2,30
17975,9780,127,1,5
17976,9780,142,1,20
17977,9780,54,1,25
17978,2899,91,2,0
17979,10719,94,2,0
17980,10719,14,2,5
17981,23404,69,1,0
17982,2168,85,2,20
17983,3766,91,1,5
17984,24679,45,1,10
17985,24679,117,1,25
17986,6461,118,3,15
17987,6461,104,2,15
17988,10776,115,1,10
17989,10776,104,1,5
17990,10776,68,3,15
17991,4405,34,1,25
17992,19349,133,1,10
17993,20828,42,1,0
17994,1912,149,1,25
17995,1912,104,1,20
17996,21948,71,1,0
17997,11042,137,1,20
17998,13414,52,1,30
17999,8327,133,1,15
18000,8327,78,1,25
18001,1884,84,1,5
18002,1884,71,3,5
18003,1884,3,1,30
18004,16033,18,2,5
18005,16033,78,2,5
18006,17269,126,1,20
18007,17269,19,1,20
18008,10806,142,1,5
18009,10806,75,2,25
18010,10806,140,2,25
18011,11238,138,1,30
18012,11238,66,3,10
18013,4413,104,1,5
18014,4413,54,2,5
18015,1637,91,1,15
18016,20745,54,1,20
18017,20745,37,1,10
18018,20745,42,1,5
18019,20745,73,2,10
18020,7155,139,2,5
18021,8674,128,1,25
18022,8251,70,1,20
18023,16195,15,1,5
18024,15963,52,1,30
18025,6273,96,1,15
18026,16268,89,1,25
18027,16268,124,2,10
18028,17683,146,2,10
18029,17683,145,1,25
18030,13580,25,1,5
18031,13580,70,1,10
18032,12849,83,3,15
18033,21264,3,2,15
18034,21264,126,2,15
18035,11422,6,2,0
18036,689,126,1,20
18037,689,124,3,5
18038,6068,63,1,25
18039,6068,140,1,20
18040,15512,42,1,10
18041,15216,102,4,0
18042,13931,51,1,0
18043,13931,102,1,10
18044,13931,1,1,15
18045,19687,54,2,10
18046,19687,66,1,10
18047,4727,142,1,25
18048,11635,133,1,10
18049,22087,142,1,20
18050,22087,21,2,30
18051,22087,90,1,15
18052,14365,139,1,5
18053,24054,20,1,0
18054,24054,148,1,20
18055,24054,103,1,5
18056,23059,26,3,0
18057,3667,98,1,10
18058,3667,46,1,0
18059,8978,60,1,10
18060,4895,54,1,15
18061,9657,46,1,5
18062,19574,66,1,5
18063,19574,64,1,5
18064,24769,2,1,20
18065,24769,28,2,20
18066,18154,139,3,0
18067,16293,71,1,5
18068,4029,140,1,10
18069,4029,14,3,15
18070,19577,89,2,5
18071,4783,104,1,20
18072,2695,141,1,10
18073,1905,42,1,10
18074,15313,40,1,0
18075,4181,90,1,10
18076,14722,94,2,0
18077,18807,118,1,0
18078,18807,133,2,0
18079,18807,137,2,10
18080,5167,35,3,5
18081,5167,146,1,0
18082,9639,140,1,5
18083,23703,8,3,15
18084,23703,136,1,15
18085,15771,40,3,30
18086,391,29,1,0
18087,2802,59,3,25
18088,7708,54,1,0
18089,20518,50,1,10
18090,20518,94,1,25
18091,1053,45,1,5
18092,1053,40,1,20
18093,13551,47,1,0
18094,13551,95,2,10
18095,13551,42,3,15
18096,24967,43,2,5
18097,4904,41,1,5
18098,23473,95,1,10
18099,22298,139,2,10
18100,8664,76,1,15
18101,9240,145,1,5
18102,9240,70,2,15
18103,9240,117,1,15
18104,9240,75,1,10
18105,9812,141,1,10
18106,9812,66,1,5
18107,9812,42,1,10
18108,9812,8,1,5
18109,11069,102,2,15
18110,11069,124,1,0
18111,18644,85,1,30
18112,18644,40,1,20
18113,18644,104,1,20
18114,18644,46,1,10
18115,22174,102,3,20
18116,22174,90,1,20
18117,22174,96,1,10
18118,6665,140,1,10
18119,6665,131,1,25
18120,22588,141,2,5
18121,5168,95,1,10
18122,20034,104,2,30
18123,655,25,1,0
18124,14090,63,1,10
18125,3466,110,2,10
18126,3466,142,1,10
18127,3466,71,2,5
18128,4982,141,2,10
18129,4982,12,3,20
18130,5154,138,3,5
18131,5154,28,2,10
18132,5154,59,1,5
18133,10730,20,2,15
18134,724,60,1,20
18135,23240,101,1,25
18136,6430,142,1,25
18137,7181,71,1,30
18138,3539,124,1,5
18139,3539,62,2,10
18140,24287,37,1,25
18141,24287,48,1,0
18142,24287,42,1,0
18143,10787,20,1,20
18144,11282,73,1,0
18145,10794,104,1,5
18146,13945,70,2,15
18147,13945,71,1,0
18148,13945,122,1,5
18149,5743,91,2,10
18150,5743,70,1,0
18151,3855,76,1,20
18152,6914,139,1,5
18153,8627,47,1,20
18154,8627,75,1,0
18155,8776,93,1,20
18156,8776,71,1,15
18157,6126,111,1,0
18158,6126,112,1,0
18159,6126,24,1,5
18160,23683,141,1,20
18161,23560,7,1,5
18162,1307,60,1,30
18163,1307,123,2,15
18164,19902,73,1,15
18165,20846,140,1,0
18166,20846,124,1,20
18167,11161,63,3,0
18168,11161,11,1,10
18169,16063,42,2,10
18170,3984,71,1,25
18171,3984,141,1,0
18172,3984,29,3,20
18173,3984,76,2,0
18174,287,133,2,0
18175,23767,128,2,25
18176,23767,8,1,15
18177,21067,95,2,15
18178,23779,114,2,20
18179,1646,24,1,10
18180,1646,95,1,15
18181,1646,66,2,15
18182,4951,25,1,0
18183,24678,53,1,15
18184,24678,90,3,5
18185,24678,148,1,15
18186,14742,3,1,0
18187,4943,142,1,10
18188,3299,37,1,10
18189,8247,54,2,5
18190,8247,63,1,5
18191,15472,121,1,10
18192,15472,140,1,10
18193,11574,42,4,0
18194,11574,81,1,5
18195,15235,141,1,0
18196,15235,125,1,0
18197,12092,68,2,15
18198,10549,146,2,0
18199,10549,92,1,5
18200,23242,63,1,10
18201,23242,141,1,5
18202,2095,85,1,5
18203,2095,35,1,25
18204,4622,55,1,10
18205,12960,104,1,20
18206,9886,55,2,20
18207,9886,117,4,15
18208,5873,17,2,15
18209,6450,60,2,5
18210,18751,53,2,5
18211,2435,78,2,10
18212,3248,76,2,25
18213,3248,90,1,25
18214,15918,142,1,0
18215,14931,136,2,0
18216,14931,141,3,25
18217,9286,46,1,20
18218,17936,12,1,5
18219,17936,52,2,10
18220,3633,66,1,15
18221,23870,1,1,10
18222,1791,95,1,15
18223,16542,28,1,15
18224,16542,72,1,0
18225,23820,128,2,0
18226,14782,59,1,10
18227,11808,137,1,25
18228,11808,141,3,30
18229,11808,18,1,25
18230,11808,102,1,10
18231,8411,111,3,0
18232,20582,141,1,5
18233,20582,60,1,15
18234,4860,38,3,30
18235,4860,6,3,0
18236,4860,75,1,20
18237,4860,124,1,15
18238,3318,50,1,20
18239,22090,47,1,5
18240,15855,14,2,10
18241,2993,90,2,5
18242,2993,63,1,30
18243,2993,146,1,20
18244,14596,138,1,5
18245,13871,54,1,0
18246,3011,126,1,0
18247,3011,17,1,5
18248,9968,148,1,0
18249,2555,70,1,0
18250,20284,133,1,15
18251,1961,70,2,5
18252,1961,54,2,15
18253,1901,14,1,10
18254,6876,141,1,10
18255,6817,71,2,0
18256,6817,105,1,5
18257,12255,95,2,0
18258,12255,6,2,0
18259,20452,150,1,15
18260,307,1,1,15
18261,307,146,2,5
18262,14928,36,2,20
18263,14928,104,2,5
18264,14928,6,1,0
18265,14928,68,1,5
18266,23566,2,1,0
18267,14987,14,1,25
18268,18883,95,4,25
18269,18883,83,1,0
18270,19176,136,1,0
18271,19176,28,1,10
18272,6435,142,2,5
18273,6435,70,1,0
18274,6435,16,2,15
18275,6435,60,1,10
18276,21133,67,1,0
18277,9833,59,2,5
18278,12576,124,1,5
18279,24190,100,1,10
18280,24190,3,1,15
18281,20299,21,1,15
18282,23248,128,1,20
18283,954,81,1,15
18284,22312,58,1,0
18285,22312,142,1,5
18286,14267,28,1,10
18287,14267,90,1,10
18288,13488,101,2,5
18289,9587,53,1,10
18290,9587,117,1,5
18291,16574,93,1,0
18292,24193,132,3,10
18293,1430,146,1,30
18294,21632,28,3,5
18295,21632,102,1,5
18296,4637,129,2,5
18297,11479,124,1,20
18298,11479,52,4,25
18299,429,10,2,30
18300,18173,71,1,20
18301,5728,75,1,30
18302,19725,73,1,0
18303,19725,92,2,25
18304,19725,19,1,5
18305,21695,146,1,15
18306,1999,19,3,10
18307,3308,43,1,0
18308,8809,100,1,10
18309,17374,140,1,5
18310,9677,115,1,15
18311,9677,78,2,0
18312,21421,66,3,0
18313,21421,86,1,5
18314,21421,1,3,20
18315,21421,104,1,15
18316,6717,24,1,20
18317,6074,32,2,0
18318,11445,106,1,10
18319,11445,90,2,0
18320,10390,71,2,0
18321,19589,147,1,0
18322,19589,71,1,10
18323,19589,95,1,15
18324,19589,85,1,25
18325,18255,14,1,25
18326,2057,69,1,0
18327,337,68,3,10
18328,18309,143,1,15
18329,19965,42,1,0
18330,21206,55,1,5
18331,21206,42,1,5
18332,21206,136,1,15
18333,20392,3,2,20
18334,20392,51,4,5
18335,24508,6,3,15
18336,24508,117,2,30
18337,24508,76,3,10
18338,22812,24,2,5
18339,10212,67,2,15
18340,24347,42,1,10
18341,22320,4,1,20
18342,22320,91,1,0
18343,7313,129,1,5
18344,184,149,1,5
18345,184,70,1,15
18346,184,66,1,10
18347,184,28,1,5
18348,6066,150,2,0
18349,22064,25,2,0
18350,22064,56,1,15
18351,22064,142,1,10
18352,16302,63,1,0
18353,16768,110,3,10
18354,17135,92,4,25
18355,11037,126,2,15
18356,11037,52,1,5
18357,11037,149,1,10
18358,22459,132,1,0
18359,8943,126,3,15
18360,8943,18,1,10
18361,21584,29,2,0
18362,21584,126,2,20
18363,16416,29,1,5
18364,10788,141,1,15
18365,15590,14,1,5
18366,15590,100,2,20
18367,21279,48,2,15
18368,21279,70,2,20
18369,15086,141,1,10
18370,23749,65,2,5
18371,17558,29,1,10
18372,17558,107,4,0
18373,17558,93,1,15
18374,2262,25,1,10
18375,16620,70,1,0
18376,21566,93,1,5
18377,10752,142,1,10
18378,10164,84,3,0
18379,5702,65,1,10
18380,5702,71,3,20
18381,8144,42,1,0
18382,3426,91,1,15
18383,8320,105,2,0
18384,325,95,1,15
18385,325,137,1,5
18386,325,90,1,20
18387,325,136,3,25
18388,10462,72,1,5
18389,22373,90,1,0
18390,22373,133,1,0
18391,9945,138,1,0
18392,18912,6,1,10
18393,18912,60,4,5
18394,8876,72,2,5
18395,2446,102,1,25
18396,2446,47,1,25
18397,8652,3,1,15
18398,8652,17,1,0
18399,15527,133,1,10
18400,10102,61,1,25
18401,4756,144,1,15
18402,4756,64,1,20
18403,20661,69,1,5
18404,20661,26,1,10
18405,20661,91,1,0
18406,4390,122,1,5
18407,11957,115,1,15
18408,10560,66,1,0
18409,15892,66,1,5
18410,12957,3,4,20
18411,19060,81,1,20
18412,19060,126,2,5
18413,19060,142,1,10
18414,12544,88,4,20
18415,8152,141,1,0
18416,1902,43,1,10
18417,10808,70,1,5
18418,10808,131,1,5
18419,19867,118,1,10
18420,19867,90,1,5
18421,17239,22,2,20
18422,14185,140,1,5
18423,15946,81,3,5
18424,15946,71,1,10
18425,15946,89,3,0
18426,705,103,1,15
18427,705,19,2,5
18428,9260,8,1,10
18429,9260,50,1,25
18430,12630,124,1,10
18431,12630,118,1,10
18432,17055,93,1,20
18433,17055,115,1,25
18434,11902,140,1,0
18435,9625,142,1,15
18436,24248,29,1,25
18437,24248,141,1,0
18438,18299,125,1,0
18439,18299,60,1,0
18440,14524,50,1,20
18441,12776,63,1,25
18442,17288,54,1,15
18443,17288,101,1,20
18444,17288,149,1,20
18445,17288,104,2,5
18446,12280,95,2,10
18447,12280,96,3,10
18448,24580,100,1,10
18449,6911,90,3,30
18450,8559,43,1,5
18451,21023,55,1,15
18452,21023,69,1,0
18453,12956,1,2,0
18454,12956,88,1,10
18455,12956,46,1,15
18456,12956,91,4,20
18457,18350,90,2,25
18458,24032,142,1,25
18459,12919,124,1,10
18460,24215,91,3,20
18461,18604,2,3,15
18462,18604,51,1,25
18463,16399,52,1,10
18464,10492,139,1,15
18465,11990,27,1,10
18466,1509,4,1,30
18467,1509,68,2,30
18468,14868,48,1,20
18469,11503,47,1,0
18470,11503,144,1,0
18471,22293,77,1,20
18472,22293,6,1,10
18473,14982,62,1,15
18474,434,27,1,5
18475,5069,124,1,10
18476,5069,70,1,5
18477,5069,42,3,5
18478,5069,55,2,10
18479,12801,52,1,15
18480,12801,67,2,25
18481,12801,84,1,10
18482,8795,133,1,0
18483,8795,70,1,10
18484,15558,116,1,15
18485,12881,28,1,25
18486,22254,51,3,0
18487,22193,123,3,25
18488,22193,55,2,0
18489,22193,140,1,20
18490,5559,100,3,15
18491,12583,118,1,5
18492,21391,53,2,20
18493,9086,53,1,10
18494,13682,36,1,5
18495,15750,103,3,10
18496,15150,121,1,10
18497,183,11,2,10
18498,17717,75,1,10
18499,17717,128,1,15
18500,578,136,1,0
18501,578,14,1,10
18502,20991,37,1,20
18503,5323,35,1,10
18504,5323,95,1,25
18505,15290,42,1,10
18506,21487,94,1,0
18507,21831,141,3,20
18508,19165,14,2,15
18509,5663,60,3,0
18510,24985,128,1,5
18511,23482,148,1,10
18512,23482,54,1,30
18513,3071,117,1,10
18514,3071,104,1,25
18515,2471,61,3,15
18516,20295,66,1,25
18517,20295,128,2,25
18518,6650,125,1,20
18519,24810,2,1,25
18520,21463,63,2,0
18521,22876,95,1,25
18522,22876,66,1,15
18523,10622,78,3,10
18524,12944,70,1,5
18525,12944,42,2,20
18526,12944,143,2,25
18527,12944,81,1,10
18528,845,55,3,0
18529,845,146,1,25
18530,845,14,1,15
18531,845,70,1,15
18532,7710,17,1,25
18533,11080,12,1,10
18534,11080,42,1,30
18535,11080,7,1,25
18536,3480,54,1,20
18537,3480,93,1,15
18538,16711,63,1,5
18539,16711,133,1,20
18540,7647,86,1,5
18541,19913,129,1,15
18542,19913,56,2,15
18543,19913,133,1,0
18544,19633,88,1,15
18545,19633,93,2,5
18546,19223,73,3,0
18547,19223,117,1,5
18548,20795,14,1,15
18549,18560,143,1,10
18550,18560,41,1,5
18551,7894,54,1,15
18552,7655,56,1,25
18553,7655,37,1,25
18554,7655,140,2,25
18555,353,117,3,25
18556,20492,81,1,20
18557,20492,46,1,30
18558,20492,138,1,20
18559,20492,62,1,0
18560,3489,138,2,25
18561,3489,140,2,0
18562,6099,29,1,0
18563,6099,1,2,15
18564,13848,124,1,30
18565,9796,141,1,5
18566,9796,115,1,25
18567,6125,54,1,5
18568,6125,61,1,10
18569,14443,80,1,15
18570,7194,48,1,5
18571,16798,103,1,25
18572,6025,4,1,10
18573,3947,75,1,10
18574,12457,47,1,10
18575,12457,62,1,15
18576,12457,28,1,20
18577,12457,74,1,5
18578,12112,145,2,15
18579,234,129,1,30
18580,6558,107,1,15
18581,6558,105,1,20
18582,6558,58,1,5
18583,6558,104,1,5
18584,8378,137,4,10
18585,8378,129,1,10
18586,16883,124,1,10
18587,16883,118,2,15
18588,17831,6,1,5
18589,17831,125,2,25
18590,17831,26,1,15
18591,17831,102,1,5
18592,15943,90,2,30
18593,6566,101,1,10
18594,5349,66,3,25
18595,20323,104,1,5
18596,20323,41,1,5
18597,11889,139,1,0
18598,16129,42,3,20
18599,9471,94,1,10
18600,17178,42,1,0
18601,18665,141,2,15
18602,5401,75,1,20
18603,24616,19,1,5
18604,24616,90,1,15
18605,24616,29,1,0
18606,24174,73,1,20
18607,3467,96,3,5
18608,19721,110,2,5
18609,19721,125,4,5
18610,12369,56,1,5
18611,12369,70,1,5
18612,20922,78,1,0
18613,14011,140,2,20
18614,14011,98,2,30
18615,7546,2,2,0
18616,7546,42,1,5
18617,17356,33,1,15
18618,15862,128,1,5
18619,15862,117,3,15
18620,21574,68,2,5
18621,21574,76,1,5
18622,21574,64,3,10
18623,8419,98,2,5
18624,8419,95,1,10
18625,21130,43,2,15
18626,21130,93,1,25
18627,21130,128,1,10
18628,21130,78,2,10
18629,16142,73,2,15
18630,16142,83,2,10
18631,8757,140,1,0
18632,5784,95,1,0
18633,879,140,1,25
18634,13161,141,2,0
18635,13161,128,3,10
18636,13161,10,1,30
18637,1350,117,1,20
18638,18018,68,1,0
18639,18018,52,4,5
18640,18018,24,1,0
18641,18018,91,2,0
18642,13995,104,2,5
18643,13995,149,1,15
18644,13995,140,1,15
18645,1731,24,1,10
18646,1731,107,3,25
18647,16019,141,1,5
18648,16019,123,1,0
18649,16019,146,1,30
18650,335,46,2,25
18651,335,21,2,0
18652,335,124,4,30
18653,3840,14,2,10
18654,20489,95,1,10
18655,11125,62,3,20
18656,11125,29,1,0
18657,11125,64,1,30
18658,19517,10,1,15
18659,1990,106,1,25
18660,24934,121,1,15
18661,24934,78,1,25
18662,21817,115,1,5
18663,21817,42,1,0
18664,21817,133,2,0
18665,24919,51,1,0
18666,9062,102,1,0
18667,9062,133,1,25
18668,9274,128,2,0
18669,23962,67,2,5
18670,14560,140,1,20
18671,14560,128,1,30
18672,3848,93,1,10
18673,5050,84,1,0
18674,24720,76,1,10
18675,24720,64,2,10
18676,12001,70,1,5
18677,12001,53,4,30
18678,23861,101,2,5
18679,23861,78,1,10
18680,19722,141,4,15
18681,2082,146,1,5
18682,9515,85,1,0
18683,9515,42,2,25
18684,15264,110,1,20
18685,15264,111,1,15
18686,15264,126,2,0
18687,16629,3,2,5
18688,12990,110,2,5
18689,24260,81,1,30
18690,11270,141,1,15
18691,19242,69,2,15
18692,11538,103,3,0
18693,15345,42,1,0
18694,22396,43,2,25
18695,22396,72,1,5
18696,18055,42,1,0
18697,13670,50,1,5
18698,12781,40,2,25
18699,12781,143,1,0
18700,12781,56,1,0
18701,20816,124,2,10
18702,11379,7,1,0
18703,16150,98,1,30
18704,16150,138,2,5
18705,11262,139,1,0
18706,11262,75,2,10
18707,25000,93,1,0
18708,25000,129,1,10
18709,25000,135,1,20
18710,1966,78,2,25
18711,6333,125,1,20
18712,6333,93,1,15
18713,3296,131,2,0
18714,3296,2,1,5
18715,10092,117,2,5
18716,10092,146,2,15
18717,6940,91,1,10
18718,6940,53,2,0
18719,6940,2,1,5
18720,6642,122,1,0
18721,5660,105,1,15
18722,3065,90,3,15
18723,6797,132,1,10
18724,14367,139,1,0
18725,14367,91,1,5
18726,4804,60,1,0
18727,18032,29,1,5
18728,20173,143,1,0
18729,20173,53,1,0
18730,20173,87,1,20
18731,20173,20,3,20
18732,23651,2,1,0
18733,23651,10,1,0
18734,13066,139,3,20
18735,18288,88,1,20
18736,20116,99,1,25
18737,20116,42,2,20
18738,20116,72,2,5
18739,24742,72,1,25
18740,6050,102,2,10
18741,21697,72,1,20
18742,15249,26,2,10
18743,15249,91,2,20
18744,15249,62,1,5
18745,4293,60,1,30
18746,4293,103,1,15
18747,15254,63,2,15
18748,15371,141,1,10
18749,13079,137,1,20
18750,13079,90,1,5
18751,7827,93,1,0
18752,11933,102,1,15
18753,14359,54,2,10
18754,14359,55,1,10
18755,14359,68,1,0
18756,14276,21,1,5
18757,2086,143,1,5
18758,2086,37,1,25
18759,2086,75,1,20
18760,14177,54,2,5
18761,9867,141,2,0
18762,4826,73,1,0
18763,2546,17,1,20
18764,5025,78,1,10
18765,5025,61,1,5
18766,16213,88,2,30
18767,22318,102,1,15
18768,8882,50,1,5
18769,17616,117,1,25
18770,20438,42,1,10
18771,2984,91,1,5
18772,2984,20,2,10
18773,2984,72,1,5
18774,2984,37,2,20
18775,16957,31,3,10
18776,15375,81,2,20
18777,4906,140,2,20
18778,7591,91,2,5
18779,7591,15,2,20
18780,7616,100,3,0
18781,7616,139,1,5
18782,7607,133,1,20
18783,7607,42,1,20
18784,7607,45,1,25
18785,11587,36,1,20
18786,20529,71,1,15
18787,20529,60,1,25
18788,22801,20,1,5
18789,22339,123,1,5
18790,10692,124,2,20
18791,10692,121,1,0
18792,22341,139,1,0
18793,16287,104,1,15
18794,16287,96,2,10
18795,11565,117,2,5
18796,22820,148,1,0
18797,4553,71,1,10
18798,13698,133,1,5
18799,13698,117,3,10
18800,14025,17,1,25
18801,20904,124,3,10
18802,20904,98,2,10
18803,20904,75,3,10
18804,1081,71,2,5
18805,8496,46,1,20
18806,1570,37,1,0
18807,1570,95,1,5
18808,24021,116,1,15
18809,24021,76,3,10
18810,1804,62,2,10
18811,1804,95,2,15
18812,15615,140,1,20
18813,4710,28,1,25
18814,4710,62,1,0
18815,23174,101,1,15
18816,23174,14,2,15
18817,23174,104,4,15
18818,2880,45,1,20
18819,14837,66,1,25
18820,14837,9,1,25
18821,15337,142,2,15
18822,15337,53,2,15
18823,15337,57,1,10
18824,16202,76,1,0
18825,2058,73,1,5
18826,13399,52,1,5
18827,2791,146,1,15
18828,14144,116,1,10
18829,14144,14,1,0
18830,12878,147,1,15
18831,12878,121,3,15
18832,12878,14,1,0
18833,3965,141,2,0
18834,3965,54,1,20
18835,16187,138,1,0
18836,16608,64,2,0
18837,4571,143,1,20
18838,7969,49,3,5
18839,22948,84,2,20
18840,11561,53,1,0
18841,3129,42,3,5
18842,3129,29,2,25
18843,3129,124,1,10
18844,17285,141,1,0
18845,13208,35,1,0
18846,5836,128,1,30
18847,1304,60,4,20
18848,1304,61,1,20
18849,9127,95,1,5
18850,9127,74,1,20
18851,6999,72,1,20
18852,13841,141,2,0
18853,13841,68,1,0
18854,9691,66,1,10
18855,9691,90,1,5
18856,138,54,2,0
18857,138,141,4,30
18858,21191,48,2,15
18859,3451,70,2,10
18860,3451,117,2,30
18861,3451,133,1,15
18862,11998,66,1,10
18863,11998,35,1,10
18864,24990,96,2,20
18865,7547,91,1,0
18866,5033,60,3,0
18867,20395,149,1,0
18868,9793,47,4,0
18869,19950,36,1,10
18870,19950,42,1,5
18871,1898,64,1,5
18872,8931,55,1,5
18873,21262,43,2,5
18874,1710,96,1,30
18875,1710,143,2,0
18876,1710,54,1,0
18877,2456,72,2,10
18878,2456,137,1,25
18879,5796,99,1,10
18880,5796,52,1,0
18881,15628,129,1,5
18882,15628,62,1,25
18883,1066,140,1,0
18884,1066,48,1,0
18885,22005,53,1,20
18886,20478,19,1,25
18887,5217,140,2,5
18888,23336,115,1,0
18889,23336,128,1,15
18890,2900,47,2,10
18891,2900,66,1,20
18892,226,40,1,0
18893,4514,102,1,20
18894,15511,55,1,0
18895,3104,20,1,0
18896,2960,75,3,15
18897,2960,76,1,15
18898,12385,128,1,25
18899,12385,117,1,20
18900,4697,84,1,0
18901,4697,113,1,10
18902,4697,142,1,15
18903,4697,102,1,5
18904,17487,91,1,15
18905,17487,72,1,25
18906,15794,43,1,15
18907,5071,45,3,15
18908,13006,114,1,0
18909,1484,94,1,0
18910,20869,36,1,15
18911,20869,134,2,20
18912,17579,21,2,5
18913,17579,14,1,0
18914,17758,141,2,0
18915,17758,124,1,5
18916,18209,3,2,0
18917,17940,18,1,15
18918,18633,14,1,5
18919,10614,142,2,0
18920,10614,134,4,15
18921,10614,19,2,20
18922,10614,72,2,0
18923,17484,124,1,0
18924,17484,41,1,10
18925,17484,133,2,0
18926,13706,72,1,5
18927,13713,149,1,0
18928,898,126,1,5
18929,13787,141,1,25
18930,23349,117,1,10
18931,9300,70,1,10
18932,14726,90,1,5
18933,8256,45,2,30
18934,23376,100,2,25
18935,23376,70,1,10
18936,23376,117,1,0
18937,17511,124,1,5
18938,17511,143,1,30
18939,17511,141,1,0
18940,24768,66,1,0
18941,24768,88,1,5
18942,1318,147,1,25
18943,15269,128,1,5
18944,3130,112,1,5
18945,3130,89,1,20
18946,4593,140,1,15
18947,10684,122,1,0
18948,10684,85,2,20
18949,21336,131,1,20
18950,21336,118,1,5
18951,21336,43,1,15
18952,21336,71,1,10
18953,12711,143,2,5
18954,873,55,2,10
18955,873,122,1,5
18956,5302,93,1,25
18957,5302,143,1,10
18958,3376,133,1,15
18959,21495,142,1,30
18960,21495,42,1,5
18961,11910,141,1,10
18962,11107,142,1,25
18963,14959,143,2,20
18964,14959,70,2,10
18965,9992,14,3,5
18966,9992,53,3,15
18967,15390,92,1,15
18968,16239,28,2,0
18969,16239,66,1,10
18970,11497,25,2,5
18971,8947,60,1,15
18972,16751,142,3,10
18973,16751,56,1,10
18974,22980,15,1,5
18975,22980,3,1,0
18976,22980,36,2,10
18977,22980,126,1,10
18978,6406,141,1,20
18979,21496,117,1,0
18980,3289,124,2,15
18981,3289,138,1,0
18982,24722,11,1,0
18983,23800,74,3,5
18984,8046,115,1,15
18985,8046,139,3,15
18986,664,72,3,0
18987,10276,32,2,0
18988,9371,90,3,5
18989,20234,141,2,10
18990,13446,6,1,0
18991,899,62,4,5
18992,899,128,1,20
18993,20799,72,1,10
18994,20799,77,1,20
18995,1388,88,1,10
18996,20542,42,1,15
18997,20542,81,1,5
18998,11564,149,1,10
18999,15505,19,2,5
19000,15505,98,2,25
19001,15505,8,1,0
19002,1665,27,3,15
19003,1665,127,1,25
19004,18927,138,1,20
19005,11237,93,2,0
19006,11237,88,4,15
19007,10875,110,1,0
19008,10875,78,1,0
19009,10875,125,2,10
19010,5926,75,2,25
19011,5889,76,1,10
19012,22042,81,1,20
19013,22344,63,3,0
19014,1978,47,1,15
19015,1978,1,2,25
19016,2612,144,1,5
19017,5631,59,1,5
19018,5631,120,2,10
19019,5631,55,1,20
19020,11852,105,1,5
19021,12438,71,1,20
19022,1427,136,3,10
19023,21474,67,2,5
19024,12632,117,1,0
19025,3437,76,3,5
19026,9070,75,1,25
19027,9393,142,3,0
19028,9393,26,1,30
19029,9393,28,1,25
19030,1541,53,1,25
19031,1541,64,1,20
19032,14915,95,3,5
19033,1887,145,1,0
19034,1887,42,3,5
19035,11027,141,2,5
19036,11761,19,1,5
19037,22932,128,1,0
19038,11567,59,1,30
19039,11567,135,4,0
19040,11567,142,4,25
19041,15961,20,1,10
19042,15961,150,1,20
19043,12975,133,1,10
19044,12975,122,1,10
19045,7680,128,3,15
19046,10211,28,1,20
19047,10211,146,2,20
19048,10211,15,2,10
19049,7808,140,2,0
19050,7808,102,2,10
19051,7808,128,1,0
19052,7775,51,3,25
19053,19746,128,1,0
19054,19746,48,1,10
19055,23414,60,1,20
19056,7815,88,1,15
19057,10342,90,1,0
19058,1461,4,1,0
19059,21327,73,2,20
19060,21143,54,2,25
19061,3212,70,2,10
19062,3056,51,2,10
19063,20909,131,2,5
19064,20909,30,1,0
19065,20909,146,1,10
19066,20909,142,1,0
19067,1040,95,2,0
19068,11752,45,1,15
19069,20601,102,2,0
19070,20601,104,3,20
19071,20601,141,1,15
19072,11596,111,3,0
19073,19128,73,1,15
19074,17417,3,4,10
19075,5846,64,1,30
19076,24603,5,2,10
19077,7535,51,1,10
19078,12193,126,1,10
19079,12193,1,3,0
19080,19087,11,2,15
19081,16378,73,1,10
19082,24478,54,1,10
19083,8115,117,1,10
19084,8115,60,1,25
19085,892,110,1,20
19086,892,50,2,0
19087,11280,117,2,10
19088,11280,40,2,0
19089,14884,48,3,25
19090,9819,133,1,20
19091,24203,91,2,10
19092,5572,68,3,5
19093,5572,50,1,20
19094,18021,102,1,25
19095,18021,139,4,5
19096,18021,55,1,5
19097,9021,90,1,10
19098,9021,91,2,5
19099,9102,62,1,20
19100,20401,71,1,5
19101,20401,82,1,10
19102,4281,102,1,10
19103,4281,45,2,10
19104,4281,66,1,5
19105,7858,137,3,20
19106,2452,48,2,20
19107,18272,49,1,0
19108,9847,138,1,15
19109,9847,139,1,20
19110,15827,104,3,25
19111,15827,21,1,0
19112,21671,139,1,10
19113,10185,20,1,20
19114,19643,138,1,30
19115,1596,42,2,25
19116,3654,78,1,25
19117,3654,56,1,30
19118,3654,141,3,25
19119,3654,148,2,15
19120,20594,41,3,5
19121,20597,128,1,20
19122,20597,121,2,20
19123,24891,141,1,5
19124,13221,42,1,10
19125,10925,104,2,5
19126,10925,95,2,25
19127,3369,81,1,15
19128,3369,136,2,25
19129,20783,22,1,10
19130,15145,66,1,15
19131,2520,65,1,0
19132,2520,138,1,0
19133,6302,69,1,15
19134,23611,91,1,0
19135,8580,146,1,5
19136,8580,98,1,30
19137,12436,100,1,15
19138,12436,9,2,10
19139,12436,38,2,20
19140,16783,148,1,20
19141,12166,21,1,0
19142,21039,107,1,10
19143,21039,102,1,20
19144,21039,90,2,0
19145,21039,142,1,15
19146,19854,139,1,20
19147,7751,90,1,25
19148,7751,54,1,20
19149,4154,128,2,20
19150,20043,76,1,20
19151,20043,131,1,30
19152,1585,112,3,5
19153,22667,131,2,15
19154,22667,55,1,0
19155,22667,1,1,20
19156,2702,104,1,15
19157,19990,71,3,0
19158,2080,47,1,15
19159,2023,104,1,5
19160,2067,64,1,10
19161,2067,75,1,15
19162,2067,55,1,20
19163,9305,90,1,5
19164,13084,62,1,5
19165,21988,68,4,10
19166,21988,64,3,0
19167,21988,107,2,15
19168,15605,93,4,5
19169,15605,28,2,25
19170,14829,46,1,5
19171,14829,36,1,25
19172,14829,71,3,10
19173,2351,15,1,0
19174,2351,124,2,25
19175,2351,21,1,5
19176,2351,46,1,0
19177,11686,19,3,20
19178,3714,90,1,15
19179,3714,142,1,25
19180,19625,110,1,5
19181,24006,84,2,0
19182,24006,4,2,5
19183,12072,53,1,0
19184,10505,27,2,10
19185,10505,78,1,30
19186,10505,19,1,5
19187,18424,125,4,15
19188,18424,62,1,10
19189,18424,46,1,20
19190,18696,117,1,30
19191,721,117,1,15
19192,12024,144,1,0
19193,21030,134,3,30
19194,21030,67,1,10
19195,19518,91,1,15
19196,2632,84,3,15
19197,24519,33,3,5
19198,12943,141,1,0
19199,12943,2,1,20
19200,12943,52,2,15
19201,12943,38,1,15
19202,20371,55,1,5
19203,20371,28,1,20
19204,7109,66,1,10
19205,7109,64,1,30
19206,17698,106,1,5
19207,21157,117,1,15
19208,24628,54,1,5
19209,24628,38,2,5
19210,7596,20,1,25
19211,7596,48,1,20
19212,7596,78,1,5
19213,13123,103,1,5
19214,15399,142,1,15
19215,15399,87,1,15
19216,15399,126,1,25
19217,3102,67,2,0
19218,3102,25,1,0
19219,3102,60,2,0
19220,21297,60,1,10
19221,21297,141,1,20
19222,4774,66,2,20
19223,4774,7,2,5
19224,21877,150,2,5
19225,21877,66,1,20
19226,21877,110,2,25
19227,18864,71,1,5
19228,18864,116,3,25
19229,18864,140,3,15
19230,18864,138,1,15
19231,18186,67,1,10
19232,2185,8,2,10
19233,20606,84,1,10
19234,1022,149,1,0
19235,20539,55,2,10
19236,20539,121,2,25
19237,13142,104,1,15
19238,13142,141,2,25
19239,13142,42,2,0
19240,13142,53,2,0
19241,24687,142,1,5
19242,24687,106,1,20
19243,17376,141,1,0
19244,21119,66,1,0
19245,18629,78,1,30
19246,18629,105,1,15
19247,22906,87,1,10
19248,12447,138,1,20
19249,12447,102,1,10
19250,1396,86,2,5
19251,1064,136,2,0
19252,16786,117,1,10
19253,20577,142,2,20
19254,13023,55,1,5
19255,13023,4,1,25
19256,13023,14,2,5
19257,13023,96,1,0
19258,16599,128,1,20
19259,11434,20,1,5
19260,11434,66,1,5
19261,3233,131,2,15
19262,19039,10,1,20
19263,3305,139,2,5
19264,15075,117,2,5
19265,15075,140,2,20
19266,15075,141,1,30
19267,15075,90,1,10
19268,3904,145,2,20
19269,3904,138,1,10
19270,20309,42,1,0
19271,20309,20,2,0
19272,9245,126,1,5
19273,8163,118,1,0
19274,8163,88,2,5
19275,20496,146,1,30
19276,12298,6,1,25
19277,15614,25,1,15
19278,15614,128,3,20
19279,15614,43,1,30
19280,4432,71,2,15
19281,15634,143,1,15
19282,15634,129,3,15
19283,15634,61,1,15
19284,15806,137,3,10
19285,15972,147,2,5
19286,4709,146,2,0
19287,4709,121,1,30
19288,4709,70,3,10
19289,18930,118,2,25
19290,18930,110,2,10
19291,6922,134,1,20
19292,2255,118,1,5
19293,22217,3,1,15
19294,22217,42,1,10
19295,22217,75,1,0
19296,22184,64,1,10
19297,22184,87,2,10
19298,6493,140,1,15
19299,6493,34,1,10
19300,6493,131,1,15
19301,21600,102,1,10
19302,15528,11,2,10
19303,15528,90,1,20
19304,23298,8,1,20
19305,9197,93,3,20
19306,9197,91,1,15
19307,9197,126,1,5
19308,1049,145,1,5
19309,24456,28,1,0
19310,24456,133,1,10
19311,1042,117,1,10
19312,23803,47,2,20
19313,23803,141,1,10
19314,23803,145,1,10
19315,12759,21,1,20
19316,11076,47,1,0
19317,8484,129,1,15
19318,8484,70,1,10
19319,23681,42,1,10
19320,15572,54,1,15
19321,15572,112,3,5
19322,15572,55,1,0
19323,17081,71,1,0
19324,12816,141,1,20
19325,12816,54,1,5
19326,12816,71,1,0
19327,12816,36,2,10
19328,12145,143,1,15
19329,11364,141,1,5
19330,13090,85,1,15
19331,13090,141,1,25
19332,13090,100,3,25
19333,5876,75,1,20
19334,5876,42,1,5
19335,5876,40,1,0
19336,710,117,1,0
19337,710,124,1,10
19338,710,90,1,15
19339,17217,82,1,15
19340,5499,59,2,0
19341,19322,37,2,0
19342,16084,90,1,20
19343,14709,133,1,10
19344,24866,84,3,15
19345,11240,26,1,0
19346,11240,71,1,20
19347,11240,85,1,5
19348,4981,148,2,20
19349,17240,90,1,15
19350,17240,31,2,30
19351,7689,129,1,0
19352,18033,15,2,15
19353,9846,21,3,10
19354,10178,3,2,10
19355,8388,49,1,0
19356,4857,58,1,10
19357,1112,146,1,15
19358,4963,95,1,0
19359,16817,27,1,5
19360,2349,42,1,10
19361,2349,121,1,10
19362,14139,28,1,15
19363,14139,17,1,20
19364,541,42,2,5
19365,541,63,2,15
19366,24913,143,1,10
19367,17093,69,1,5
19368,16621,142,1,5
19369,16621,26,1,15
19370,15974,95,1,0
19371,469,90,2,30
19372,469,52,1,15
19373,469,69,2,25
19374,1935,27,2,20
19375,5642,53,1,25
19376,5642,74,4,15
19377,5642,124,3,20
19378,5642,28,2,15
19379,9897,140,1,20
19380,13192,22,1,10
19381,13192,118,2,10
19382,16893,87,1,15
19383,16893,63,1,25
19384,16893,3,2,0
19385,14614,54,1,5
19386,17089,90,1,30
19387,10578,37,2,10
19388,18283,90,1,5
19389,22710,143,1,10
19390,22710,66,3,5
19391,22710,95,2,0
19392,11414,126,1,5
19393,15588,104,2,20
19394,15415,114,1,10
19395,4887,81,2,20
19396,4887,102,1,0
19397,715,149,2,0
19398,715,143,3,15
19399,14108,118,1,5
19400,8219,126,1,15
19401,20788,27,1,5
19402,10550,26,1,10
19403,10550,2,2,0
19404,14122,102,3,0
19405,16199,67,2,15
19406,16199,22,2,10
19407,16199,105,1,0
19408,16199,59,2,15
19409,4646,64,1,0
19410,4646,29,1,15
19411,20481,111,1,20
19412,20481,6,2,10
19413,20481,36,3,15
19414,22392,60,3,10
19415,5575,29,1,5
19416,19315,90,1,25
19417,19315,139,1,15
19418,19315,76,1,5
19419,13045,31,2,15
19420,13045,72,1,5
19421,13045,141,1,5
19422,14305,29,4,25
19423,22918,62,2,0
19424,15964,88,1,15
19425,21307,146,1,5
19426,14903,129,2,15
19427,14903,126,2,0
19428,15780,100,1,30
19429,7831,26,2,15
19430,7831,21,1,5
19431,7831,88,2,10
19432,22665,142,2,15
19433,22665,86,3,10
19434,7622,42,1,0
19435,7622,136,1,15
19436,7622,6,1,10
19437,24043,129,2,10
19438,24043,111,1,15
19439,24043,6,2,15
19440,24043,102,2,0
19441,13623,76,1,10
19442,13623,102,3,5
19443,13623,124,1,15
19444,10278,110,1,5
19445,10278,66,2,10
19446,1986,117,1,0
19447,11463,140,1,0
19448,11463,62,1,10
19449,23189,145,1,20
19450,23189,142,1,10
19451,21393,66,1,10
19452,23516,71,2,0
19453,9106,132,1,5
19454,1727,71,1,15
19455,14239,102,1,20
19456,14239,60,1,30
19457,14239,62,2,20
19458,14239,69,1,5
19459,8000,77,1,5
19460,8000,95,1,5
19461,8000,6,1,20
19462,18110,142,3,5
19463,18110,47,2,0
19464,15968,3,2,10
19465,15968,133,1,0
19466,15968,139,1,15
19467,3528,39,1,10
19468,3528,142,1,25
19469,3528,87,1,0
19470,8935,55,1,20
19471,8935,81,1,10
19472,12756,96,3,5
19473,5530,90,1,0
19474,9465,54,2,0
19475,9465,78,3,10
19476,9465,96,1,10
19477,16351,45,1,15
19478,18263,33,1,0
19479,18263,78,1,15
19480,18263,111,1,5
19481,18263,70,1,10
19482,17082,3,1,5
19483,17082,90,1,15
19484,12136,43,1,25
19485,11622,139,1,10
19486,5442,3,1,0
19487,19592,88,1,10
19488,20227,16,1,0
19489,20227,149,2,0
19490,682,138,1,20
19491,682,90,1,15
19492,10122,38,2,5
19493,18425,128,1,15
19494,3190,6,1,15
19495,3190,38,1,0
19496,19094,56,1,15
19497,14964,36,1,5
19498,14964,135,1,0
19499,23775,115,1,15
19500,16659,145,1,15
19501,16659,141,3,5
19502,7528,28,2,0
19503,7528,84,3,20
19504,7528,145,1,30
19505,7528,93,1,15
19506,23200,98,1,15
19507,23200,128,1,30
19508,22609,94,1,25
19509,12016,141,3,10
19510,12016,117,1,10
19511,12016,128,1,10
19512,12016,111,2,10
19513,8266,53,1,0
19514,8266,117,1,25
19515,3627,46,2,0
19516,8714,95,1,10
19517,5923,117,2,30
19518,5923,40,3,15
19519,23638,30,1,25
19520,11581,49,1,20
19521,10039,42,1,15
19522,10039,125,4,30
19523,2444,89,3,0
19524,5281,90,1,0
19525,16928,133,1,5
19526,16928,91,1,30
19527,3448,49,2,5
19528,3448,53,2,0
19529,606,68,1,10
19530,2275,42,1,20
19531,2275,72,1,0
19532,6236,128,1,5
19533,1933,28,1,10
19534,22081,118,1,30
19535,22081,54,1,30
19536,10650,117,1,0
19537,997,27,2,20
19538,997,126,2,10
19539,14663,91,1,5
19540,15680,124,1,25
19541,13655,131,4,5
19542,20773,4,4,15
19543,24479,71,1,15
19544,14621,122,1,0
19545,14621,127,1,20
19546,24717,1,1,10
19547,24717,115,1,25
19548,24717,118,1,0
19549,24717,42,2,10
19550,12251,4,1,10
19551,12251,95,2,0
19552,12251,112,1,10
19553,12251,24,3,15
19554,411,2,2,15
19555,411,139,1,5
19556,411,128,1,0
19557,411,1,3,15
19558,11116,42,1,15
19559,11116,83,3,5
19560,11116,53,2,20
19561,6860,50,1,20
19562,24808,133,1,10
19563,24808,142,1,5
19564,11398,136,3,10
19565,4392,31,1,5
19566,4392,102,2,0
19567,4392,78,1,0
19568,3334,2,2,0
19569,22518,63,1,15
19570,16086,88,2,10
19571,16086,142,3,5
19572,4177,81,1,20
19573,21073,70,2,0
19574,206,76,3,0
19575,17606,140,1,25
19576,12189,61,1,0
19577,2313,20,1,0
19578,5770,133,1,15
19579,6408,85,1,0
19580,6408,90,4,10
19581,20574,75,1,20
19582,8179,90,1,0
19583,21413,121,1,0
19584,21413,24,1,25
19585,21413,57,3,5
19586,19605,55,2,0
19587,19605,72,1,5
19588,19605,117,1,25
19589,13618,144,1,20
19590,23227,104,1,0
19591,1535,28,2,5
19592,8958,117,1,20
19593,3205,89,1,0
19594,13274,71,1,20
19595,13274,77,2,0
19596,13274,3,1,15
19597,3709,8,2,5
19598,767,28,1,5
19599,2286,67,3,0
19600,2286,78,1,15
19601,19521,76,1,30
19602,6227,117,3,15
19603,6227,102,3,10
19604,6227,88,2,0
19605,18769,126,1,25
19606,3444,120,1,0
19607,15454,147,2,0
19608,18058,91,2,20
19609,12729,128,1,5
19610,23464,124,1,10
19611,23464,117,2,20
19612,11167,14,1,5
19613,2675,64,1,10
19614,2658,1,1,20
19615,14304,53,1,20
19616,13502,136,1,15
19617,24226,107,1,15
19618,10182,70,1,10
19619,3237,104,2,10
19620,3237,75,1,5
19621,15021,57,4,5
19622,15021,117,1,30
19623,15021,124,1,15
19624,15021,54,3,5
19625,5278,52,1,5
19626,5278,34,4,15
19627,1593,28,2,0
19628,1593,46,1,20
19629,1593,63,2,0
19630,11757,56,1,10
19631,8893,80,1,0
19632,8893,2,1,20
19633,381,24,3,5
19634,22744,104,2,20
19635,22744,21,2,10
19636,2985,95,1,10
19637,2985,24,3,20
19638,14660,90,2,20
19639,3095,17,4,15
19640,3095,60,1,0
19641,17398,116,1,20
19642,20832,81,2,5
19643,20214,3,1,10
19644,20214,127,1,5
19645,20214,139,1,5
19646,3267,6,1,15
19647,14519,96,1,10
19648,12067,62,2,10
19649,12067,54,2,10
19650,24614,26,1,15
19651,21958,45,2,10
19652,21958,71,3,15
19653,22198,117,1,20
19654,7099,124,1,0
19655,1082,144,1,10
19656,19137,48,2,20
19657,24157,84,1,5
19658,16536,62,2,10
19659,23153,141,1,0
19660,6414,90,1,15
19661,6414,70,1,10
19662,6970,146,1,25
19663,9729,25,1,15
19664,17067,53,1,5
19665,1863,41,1,5
19666,17927,48,1,10
19667,1498,93,1,20
19668,4877,70,1,25
19669,18738,46,3,25
19670,18738,23,1,15
19671,18738,137,2,25
19672,20098,90,2,0
19673,10176,129,1,10
19674,10176,67,1,20
19675,10176,54,3,25
19676,18241,142,1,0
19677,18241,20,1,10
19678,18241,90,1,0
19679,18241,141,1,10
19680,24484,141,2,25
19681,24484,28,1,10
19682,6768,63,2,0
19683,958,71,3,0
19684,9642,104,2,20
19685,15134,98,1,30
19686,16796,54,3,25
19687,16796,96,2,0
19688,22434,56,1,15
19689,16757,73,1,20
19690,16757,141,1,10
19691,9137,71,2,5
19692,20797,138,1,10
19693,20797,53,1,25
19694,11002,105,1,15
19695,11002,121,1,20
19696,21424,137,1,10
19697,19454,93,1,0
19698,11169,83,1,30
19699,11169,90,1,25
19700,23692,61,1,0
19701,23672,81,1,10
19702,23672,78,2,5
19703,2856,90,1,10
19704,2074,20,1,15
19705,3118,140,1,5
19706,3118,107,1,5
19707,24770,90,1,10
19708,24770,136,2,20
19709,24770,6,1,20
19710,24770,62,1,10
19711,15285,112,1,30
19712,18884,116,1,10
19713,18884,143,2,0
19714,19399,63,1,5
19715,18875,52,1,30
19716,18875,83,2,10
19717,18875,70,1,5
19718,10542,73,2,15
19719,10542,91,1,15
19720,10542,19,2,10
19721,10542,63,2,10
19722,3326,8,1,0
19723,16969,117,1,25
19724,5180,133,1,20
19725,5180,6,3,10
19726,5180,94,2,30
19727,5180,144,1,0
19728,4854,68,1,0
19729,4854,63,1,10
19730,4854,2,1,0
19731,4854,66,1,10
19732,6106,6,2,10
19733,6106,104,3,5
19734,6106,71,1,5
19735,19963,43,1,10
19736,10670,36,3,0
19737,5682,91,1,15
19738,22972,56,3,15
19739,11299,50,2,20
19740,24493,133,1,20
19741,24493,19,1,30
19742,15967,71,1,10
19743,15967,149,2,30
19744,15967,117,1,15
19745,9422,102,2,15
19746,9422,128,2,5
19747,16410,90,1,5
19748,11650,75,1,0
19749,3446,45,1,10
19750,3446,76,1,0
19751,3446,87,1,20
19752,16694,124,1,25
19753,18772,93,1,5
19754,7349,142,1,15
19755,7349,88,1,20
19756,7349,117,3,5
19757,15148,62,1,5
19758,15148,94,2,5
19759,21701,138,4,10
19760,21701,55,1,20
19761,23383,64,2,0
19762,23383,122,1,10
19763,3252,145,1,0
19764,3252,95,1,15
19765,8542,129,1,5
19766,18616,137,1,20
19767,18616,55,1,20
19768,8824,74,4,15
19769,8824,95,1,5
19770,12543,104,2,15
19771,12543,149,1,5
19772,6289,15,1,30
19773,6289,36,4,20
19774,6289,117,2,20
19775,6289,14,2,0
19776,9486,117,2,10
19777,8844,117,1,10
19778,8844,110,3,10
19779,19433,48,1,10
19780,12656,84,1,0
19781,16397,42,2,15
19782,22454,104,1,10
19783,4504,84,1,5
19784,13443,33,4,15
19785,20353,116,2,10
19786,14098,112,2,10
19787,14098,140,1,5
19788,5377,95,2,0
19789,6231,56,2,10
19790,8573,29,1,30
19791,23720,6,1,30
19792,3288,118,1,25
19793,22287,47,2,20
19794,22287,90,1,0
19795,17891,117,2,15
19796,17891,84,1,0
19797,8846,14,1,20
19798,3780,78,1,0
19799,3780,142,2,10
19800,24100,55,2,10
19801,24100,93,1,5
19802,4256,146,3,20
19803,4256,47,1,0
19804,4256,27,1,0
19805,13340,88,1,5
19806,13340,42,2,0
19807,16784,76,4,10
19808,16784,42,1,0
19809,16784,48,1,0
19810,16784,68,2,30
19811,23493,126,2,10
19812,23493,99,2,0
19813,712,75,1,5
19814,20638,71,4,15
19815,13272,117,1,15
19816,13272,46,1,0
19817,13272,59,1,0
19818,16048,73,3,20
19819,17215,149,1,25
19820,24378,62,1,10
19821,24378,107,1,10
19822,24378,146,1,20
19823,14898,17,1,0
19824,24892,113,3,10
19825,24411,19,3,10
19826,1634,42,2,0
19827,7553,124,2,15
19828,13681,47,3,0
19829,13681,78,1,5
19830,13681,60,1,5
19831,13681,50,1,10
19832,4652,105,1,30
19833,4652,20,2,5
19834,4652,16,1,10
19835,2801,100,2,0
19836,8913,138,1,20
19837,8913,100,3,5
19838,72,29,3,0
19839,8132,71,4,15
19840,8132,56,1,10
19841,16003,139,2,10
19842,23859,113,1,15
19843,3841,66,1,5
19844,5833,18,2,0
19845,5833,141,2,20
19846,5833,75,1,0
19847,9099,33,1,5
19848,9099,114,1,5
19849,10195,19,1,10
19850,10195,28,2,15
19851,13335,73,2,0
19852,13335,1,1,0
19853,12658,69,1,20
19854,4456,14,1,0
19855,20281,143,4,15
19856,11171,95,1,15
19857,11171,84,3,0
19858,15236,37,2,10
19859,15236,141,1,25
19860,24487,1,1,0
19861,21731,53,1,5
19862,21731,37,1,15
19863,12521,70,1,5
19864,12521,1,1,0
19865,654,90,1,0
19866,2822,117,1,0
19867,8428,110,2,0
19868,18378,46,2,5
19869,18378,102,2,20
19870,3048,124,1,10
19871,9489,124,2,10
19872,9489,24,1,15
19873,23144,42,2,0
19874,11672,32,1,10
19875,16233,51,1,5
19876,16233,124,4,5
19877,9545,141,1,10
19878,9545,138,1,15
19879,250,42,2,5
19880,18356,138,1,0
19881,18356,78,1,15
19882,18932,96,3,10
19883,18932,139,2,10
19884,8135,42,2,20
19885,8135,141,1,25
19886,8135,70,1,15
19887,17685,146,1,5
19888,17685,19,2,10
19889,17685,125,1,0
19890,17685,42,1,20
19891,6383,96,1,15
19892,12062,20,1,30
19893,12062,128,3,0
19894,24056,3,1,10
19895,24056,78,2,0
19896,24056,117,1,20
19897,8044,55,1,10
19898,12102,46,1,15
19899,14908,128,1,20
19900,14908,46,2,15
19901,21153,87,1,10
19902,21153,124,1,20
19903,21153,55,1,10
19904,21153,27,2,0
19905,24088,138,1,0
19906,2085,19,1,10
19907,4694,81,1,0
19908,12276,126,1,0
19909,12276,142,1,0
19910,3549,73,2,10
19911,3549,94,1,30
19912,3549,80,3,20
19913,3549,14,3,20
19914,756,2,1,0
19915,756,101,1,15
19916,4132,41,1,15
19917,4132,117,1,10
19918,16639,37,1,15
19919,13872,52,3,10
19920,13872,91,2,10
19921,16681,60,1,5
19922,16681,65,1,10
19923,9674,98,1,5
19924,19139,45,1,30
19925,19139,73,4,0
19926,19139,52,1,25
19927,21653,125,2,0
19928,21653,73,1,25
19929,23395,141,3,10
19930,23395,24,1,15
19931,9199,149,1,20
19932,8602,95,1,15
19933,13705,81,1,0
19934,16586,42,1,10
19935,16586,117,1,10
19936,16111,62,3,10
19937,16111,124,4,10
19938,8306,60,1,5
19939,8306,140,1,25
19940,3953,104,1,0
19941,23293,125,1,0
19942,23293,52,1,10
19943,21683,12,1,5
19944,21683,98,2,15
19945,13804,137,2,0
19946,13401,62,2,5
19947,19579,124,1,15
19948,10179,131,1,15
19949,2186,1,2,0
19950,2186,62,1,10
19951,11175,94,1,20
19952,4245,78,1,5
19953,4245,90,1,10
19954,15434,28,1,5
19955,24017,138,4,0
19956,24017,102,2,10
19957,24017,120,2,0
19958,22890,105,2,15
19959,20265,143,2,10
19960,6075,50,1,0
19961,6075,93,2,15
19962,6075,15,2,0
19963,6075,64,1,0
19964,18281,76,1,25
19965,3302,33,1,25
19966,3302,69,1,15
19967,21188,50,1,15
19968,21215,102,1,5
19969,21215,143,1,20
19970,15937,28,1,20
19971,15937,73,4,25
19972,1892,96,2,10
19973,9550,90,2,5
19974,9550,46,1,0
19975,9550,38,1,20
19976,9550,14,1,0
19977,1105,30,1,10
19978,23120,84,1,15
19979,9036,71,1,15
19980,16720,136,1,20
19981,16720,68,1,25
19982,13929,71,1,10
19983,13929,107,2,10
19984,22067,60,1,10
19985,18017,6,2,5
19986,18017,64,1,20
19987,1255,37,3,0
19988,24474,129,1,10
19989,24474,1,2,10
19990,23356,72,1,0
19991,23345,96,2,5
19992,23345,53,1,15
19993,23345,70,2,5
19994,14717,95,1,10
19995,4717,91,1,0
19996,4717,115,1,0
19997,3663,14,1,0
19998,3663,142,2,0
19999,18567,128,1,0
20000,18567,50,1,15
20001,18567,86,2,0
20002,18567,116,1,10
20003,1606,144,1,0
20004,10801,19,1,10
20005,18353,128,1,10
20006,19603,124,1,10
20007,24125,78,4,5
20008,24125,33,1,10
20009,861,138,2,0
20010,861,14,2,20
20011,20131,117,1,5
20012,22303,18,1,15
20013,15901,126,1,15
20014,4543,145,1,25
20015,4543,102,1,5
20016,7381,66,4,15
20017,6439,14,3,20
20018,13000,60,1,10
20019,13172,36,1,0
20020,9336,54,1,10
20021,22817,76,1,10
20022,22817,131,4,15
20023,413,41,1,10
20024,24322,139,1,0
20025,7384,84,1,15
20026,23008,48,1,20
20027,9664,38,1,10
20028,13473,91,2,20
20029,15673,107,2,20
20030,15673,147,1,5
20031,15673,95,2,20
20032,21055,81,2,20
20033,5567,59,3,5
20034,5567,94,1,30
20035,17394,139,1,0
20036,14193,34,4,0
20037,1959,132,3,10
20038,1959,55,3,0
20039,17114,38,1,10
20040,24005,116,3,15
20041,20462,102,1,5
20042,20462,134,1,0
20043,20462,91,1,30
20044,12528,148,3,15
20045,4240,73,1,0
20046,23621,140,3,0
20047,11257,132,1,25
20048,11257,102,4,10
20049,12198,50,3,20
20050,13303,78,2,5
20051,17720,115,1,10
20052,17720,121,3,25
20053,15260,93,1,15
20054,15260,141,1,20
20055,15260,84,1,15
20056,1260,125,1,10
20057,14785,37,2,5
20058,14785,91,2,15
20059,8915,105,2,10
20060,8915,124,2,10
20061,14172,139,1,10
20062,8041,138,2,25
20063,8100,53,3,5
20064,8100,131,1,0
20065,8100,111,2,20
20066,8100,72,1,10
20067,3892,15,2,10
20068,1788,4,1,0
20069,16136,142,3,5
20070,16136,66,1,0
20071,16136,59,1,0
20072,10469,121,2,0
20073,10606,104,1,0
20074,10606,29,1,20
20075,10606,10,1,15
20076,925,96,1,10
20077,2232,81,1,30
20078,2232,54,1,20
20079,9000,58,1,20
20080,22383,105,1,25
20081,3938,67,1,25
20082,6354,142,1,0
20083,6354,10,3,15
20084,14230,104,1,15
20085,9084,98,1,0
20086,9084,52,1,15
20087,9461,129,2,15
20088,17022,14,3,10
20089,17022,37,1,10
20090,9799,127,2,15
20091,13603,101,2,0
20092,4309,130,1,10
20093,6792,146,1,5
20094,10004,129,1,0
20095,10004,141,3,15
20096,21443,14,3,5
20097,20621,69,1,30
20098,15648,141,1,20
20099,15648,20,1,5
20100,5951,27,1,10
20101,5951,124,1,5
20102,5951,14,3,20
20103,23423,142,1,0
20104,15144,132,2,15
20105,4917,48,1,15
20106,10108,84,1,15
20107,7931,84,2,30
20108,19741,143,4,25
20109,11618,57,1,10
20110,11618,76,1,0
20111,11509,90,2,0
20112,11509,66,1,10
20113,336,129,2,20
20114,22138,124,1,25
20115,22138,111,1,5
20116,18521,14,1,0
20117,9741,90,1,15
20118,10600,61,1,10
20119,12848,54,1,0
20120,12848,132,1,20
20121,15278,24,2,0
20122,15278,34,1,5
20123,15278,132,1,20
20124,12841,141,2,5
20125,8894,34,1,30
20126,8894,133,1,0
20127,8894,90,1,20
20128,8894,16,1,15
20129,10950,140,3,25
20130,12671,93,1,5
20131,7092,68,4,0
20132,7092,107,1,20
20133,8190,146,2,20
20134,8190,141,1,25
20135,8190,124,1,0
20136,8190,128,1,15
20137,6229,73,1,25
20138,6229,65,1,0
20139,22879,93,1,10
20140,13175,67,1,15
20141,15908,17,2,10
20142,21090,91,1,0
20143,1628,117,3,10
20144,19203,137,1,5
20145,19203,138,1,0
20146,19203,73,1,10
20147,7729,96,3,30
20148,17110,4,1,0
20149,17110,70,1,10
20150,17110,138,1,15
20151,5504,148,1,0
20152,16767,91,2,15
20153,3133,85,1,30
20154,2083,78,1,5
20155,2083,20,1,0
20156,7599,122,2,0
20157,9628,99,1,15
20158,23056,118,2,0
20159,4893,100,1,5
20160,17246,89,1,5
20161,3246,75,1,20
20162,18843,55,1,0
20163,22353,15,2,10
20164,11764,85,1,30
20165,14943,48,1,10
20166,15952,124,2,0
20167,21881,67,1,5
20168,21881,106,1,25
20169,21881,73,1,0
20170,10438,124,1,10
20171,10438,45,1,10
20172,10438,60,2,20
20173,14221,117,4,10
20174,11277,38,1,0
20175,13925,90,2,0
20176,13925,23,1,15
20177,13925,128,3,20
20178,16335,115,1,5
20179,16335,73,1,20
20180,19780,90,1,15
20181,18756,136,1,20
20182,8057,42,1,20
20183,1700,12,2,25
20184,21146,126,4,0
20185,21146,118,1,15
20186,21376,115,1,25
20187,443,33,1,0
20188,443,69,1,0
20189,443,14,1,10
20190,20040,124,1,5
20191,3180,137,2,10
20192,1075,31,1,15
20193,1075,27,2,5
20194,1075,20,3,15
20195,14473,133,1,10
20196,19384,48,2,0
20197,23596,66,1,0
20198,23596,27,2,0
20199,14576,51,1,20
20200,14576,143,1,5
20201,12601,42,1,20
20202,12601,56,1,10
20203,12601,43,1,15
20204,23440,136,4,15
20205,23440,105,2,25
20206,23440,88,1,5
20207,13429,66,2,0
20208,17279,84,1,25
20209,17279,104,1,15
20210,15737,64,1,10
20211,15737,117,1,0
20212,15737,20,2,20
20213,8632,30,1,5
20214,8632,95,3,15
20215,8632,104,1,5
20216,1624,70,1,10
20217,1624,102,2,15
20218,24567,76,3,5
20219,8891,4,1,15
20220,8891,95,1,15
20221,3736,124,1,0
20222,8250,141,4,10
20223,19765,70,1,25
20224,11030,28,3,5
20225,11030,128,1,20
20226,11030,41,1,0
20227,7804,63,1,25
20228,20732,93,2,30
20229,18832,143,1,0
20230,10699,17,1,15
20231,14179,14,1,0
20232,24767,143,2,20
20233,7210,46,1,10
20234,7210,66,1,10
20235,7210,73,4,20
20236,13961,128,2,30
20237,13961,140,1,15
20238,23729,139,3,15
20239,23729,59,2,5
20240,23729,6,1,10
20241,8628,18,1,10
20242,8628,138,2,20
20243,22483,118,1,15
20244,22483,104,2,5
20245,22483,51,2,25
20246,11148,117,2,0
20247,11148,142,1,15
20248,4830,22,2,0
20249,4830,91,1,0
20250,3310,51,1,10
20251,11989,54,1,15
20252,18417,139,1,15
20253,7487,146,1,10
20254,20648,91,1,10
20255,5518,48,1,5
20256,16462,79,1,0
20257,16462,84,1,0
20258,16462,46,1,20
20259,9685,96,1,25
20260,15587,70,1,10
20261,12397,71,1,5
20262,18062,75,3,0
20263,18062,122,3,15
20264,18080,141,1,0
20265,18080,34,2,10
20266,7067,101,2,0
20267,4647,133,1,5
20268,4647,132,1,25
20269,20949,124,1,0
20270,21412,129,1,10
20271,12461,24,1,15
20272,1752,53,1,20
20273,16933,69,1,10
20274,7587,69,2,20
20275,7587,47,1,25
20276,7587,121,2,15
20277,7587,142,1,15
20278,11283,148,1,5
20279,7302,138,1,0
20280,7302,110,2,5
20281,7302,142,1,20
20282,23952,66,1,20
20283,14291,141,1,5
20284,14291,105,2,30
20285,14291,78,3,15
20286,14291,64,2,20
20287,6919,51,2,5
20288,6919,73,1,15
20289,6919,104,1,5
20290,10281,147,1,15
20291,10281,68,1,10
20292,8532,142,1,10
20293,3163,117,3,5
20294,23139,29,3,25
20295,24721,142,2,10
20296,19352,37,2,10
20297,14910,126,1,20
20298,24691,29,2,0
20299,11332,99,2,5
20300,19968,135,2,5
20301,13259,53,4,5
20302,2831,29,1,25
20303,2831,55,1,5
20304,3673,123,1,15
20305,3673,113,1,5
20306,14083,43,1,10
20307,14083,24,1,0
20308,16188,40,4,15
20309,16188,53,1,25
20310,2334,137,1,15
20311,2334,73,1,5
20312,2336,57,1,10
20313,2336,43,2,10
20314,1154,116,3,5
20315,22059,91,2,0
20316,13034,20,1,10
20317,8466,42,2,20
20318,8466,73,2,5
20319,9364,49,2,10
20320,9364,84,1,20
20321,3352,60,1,0
20322,3352,29,1,0
20323,7575,89,1,15
20324,7575,12,3,25
20325,6256,28,2,10
20326,6256,97,1,10
20327,24138,71,1,5
20328,14832,90,1,0
20329,4937,105,1,15
20330,13418,88,1,0
20331,10186,67,1,15
20332,20224,68,2,10
20333,20224,84,1,30
20334,20224,104,1,10
20335,21691,122,1,15
20336,18121,42,1,0
20337,18121,63,1,15
20338,18121,81,1,10
20339,6994,126,2,5
20340,6994,7,2,0
20341,24367,149,2,10
20342,24367,46,1,5
20343,14431,66,1,15
20344,14431,142,1,5
20345,12974,90,4,15
20346,22671,58,1,10
20347,23897,53,1,15
20348,13150,45,1,10
20349,10765,7,2,15
20350,14976,117,1,20
20351,9026,55,1,5
20352,19718,52,3,0
20353,13291,133,1,25
20354,1446,37,1,20
20355,16457,142,1,30
20356,23801,49,2,25
20357,8879,75,1,10
20358,7787,43,1,0
20359,10161,12,1,0
20360,10161,66,1,0
20361,3772,144,1,0
20362,3772,12,1,15
20363,3772,121,3,15
20364,3772,81,1,15
20365,9724,133,1,25
20366,9724,129,1,15
20367,12994,112,1,5
20368,12994,136,2,15
20369,17902,141,1,0
20370,12068,141,4,0
20371,5022,29,1,5
20372,15361,16,1,5
20373,20137,124,3,0
20374,22761,71,1,5
20375,22761,140,1,20
20376,22761,136,1,25
20377,6513,94,1,20
20378,21865,83,2,15
20379,5633,52,3,5
20380,5633,66,1,0
20381,3487,14,2,0
20382,3487,78,1,10
20383,1858,71,1,15
20384,1858,137,1,25
20385,17857,91,2,15
20386,17857,64,2,10
20387,17857,141,1,0
20388,13844,91,2,0
20389,13844,141,3,10
20390,10935,27,1,0
20391,14649,102,4,10
20392,14578,129,1,0
20393,23377,84,3,0
20394,15329,105,1,20
20395,15329,30,2,0
20396,8245,56,1,10
20397,10615,20,1,0
20398,10615,74,2,10
20399,10615,98,1,0
20400,11512,21,1,10
20401,8403,85,1,10
20402,20448,88,2,25
20403,20448,124,2,25
20404,6568,101,2,20
20405,6568,13,1,25
20406,1282,136,1,20
20407,1282,148,2,15
20408,24705,85,2,5
20409,13568,94,1,5
20410,7039,100,1,20
20411,7039,111,1,5
20412,2069,88,1,20
20413,2069,84,1,0
20414,16503,133,1,15
20415,16503,75,1,20
20416,24371,73,1,20
20417,24371,3,1,20
20418,22530,76,2,5
20419,12682,128,1,5
20420,2677,68,3,0
20421,2677,63,1,5
20422,17061,138,4,30
20423,17061,142,1,0
20424,14800,149,3,10
20425,9540,61,1,15
20426,9540,106,3,25
20427,9540,126,2,25
20428,18874,42,1,0
20429,18874,43,1,10
20430,18874,15,1,10
20431,19212,42,2,5
20432,4311,47,2,10
20433,11065,143,3,15
20434,11065,1,2,25
20435,14952,29,1,15
20436,2403,53,2,5
20437,2403,93,1,25
20438,14983,12,1,15
20439,9996,124,1,20
20440,22433,123,2,5
20441,24243,128,1,0
20442,24243,12,4,10
20443,24922,68,1,25
20444,12254,19,1,20
20445,14255,66,1,10
20446,14255,28,3,0
20447,473,90,1,10
20448,473,71,2,5
20449,473,98,1,20
20450,12889,95,1,10
20451,12889,133,2,5
20452,12889,90,3,25
20453,12889,117,2,5
20454,12217,115,2,15
20455,12217,21,3,10
20456,12217,55,3,0
20457,12217,67,3,0
20458,1580,128,1,5
20459,11524,149,1,20
20460,24929,128,1,25
20461,24929,104,3,5
20462,24929,88,1,10
20463,1395,144,3,10
20464,22983,20,1,30
20465,19659,50,3,5
20466,18664,70,1,5
20467,18664,78,1,10
20468,18664,104,1,25
20469,10897,67,1,15
20470,2076,37,1,5
20471,2076,6,3,15
20472,2076,16,1,20
20473,882,29,1,5
20474,5503,115,1,25
20475,24268,88,2,10
20476,3873,3,1,0
20477,3873,102,3,0
20478,11796,106,2,5
20479,11796,62,1,5
20480,11796,12,1,10
20481,18584,54,2,5
20482,15743,124,1,30
20483,18714,8,2,15
20484,18714,131,2,10
20485,18714,66,2,5
20486,7447,2,3,0
20487,7447,67,1,5
20488,7447,124,1,5
20489,6016,103,1,5
20490,6016,65,1,10
20491,8023,139,1,15
20492,9854,6,4,20
20493,7228,89,1,0
20494,20808,85,1,5
20495,18635,63,1,0
20496,23853,3,4,10
20497,23853,146,1,5
20498,15561,134,1,5
20499,11286,29,1,15
20500,11286,112,4,25
20501,11286,54,4,5
20502,21233,16,2,0
20503,21233,75,1,5
20504,21233,14,1,0
20505,16453,14,1,5
20506,16453,141,1,10
20507,18939,28,1,15
20508,3656,42,2,20
20509,3656,26,1,15
20510,3656,142,1,5
20511,9075,141,1,10
20512,16527,64,1,15
20513,12709,137,1,0
20514,24240,42,1,10
20515,4255,131,1,20
20516,6181,37,3,5
20517,6181,68,2,30
20518,6181,3,1,5
20519,6181,124,2,10
20520,11433,65,2,20
20521,11433,76,1,10
20522,11433,70,3,0
20523,17402,102,2,15
20524,23976,75,1,25
20525,23976,78,1,10
20526,23976,91,1,20
20527,23976,17,1,5
20528,16296,75,2,5
20529,16296,93,1,5
20530,16296,28,1,10
20531,16296,16,2,25
20532,465,48,3,10
20533,4044,136,4,0
20534,4044,94,3,0
20535,19898,28,1,15
20536,19898,121,1,25
20537,19898,141,1,10
20538,16355,35,1,20
20539,16355,78,1,5
20540,15815,130,2,0
20541,2450,78,4,25
20542,2450,74,3,20
20543,2450,14,1,5
20544,2380,6,1,0
20545,2380,110,1,15
20546,7392,71,1,10
20547,17820,128,2,5
20548,6956,43,1,0
20549,10215,102,1,5
20550,7463,140,1,30
20551,7282,150,1,20
20552,19375,64,3,10
20553,19375,75,3,10
20554,19375,66,1,5
20555,16937,46,2,5
20556,16937,141,4,25
20557,18339,139,1,15
20558,20871,129,1,5
20559,21788,118,2,15
20560,21788,95,2,5
20561,21788,81,2,10
20562,8665,55,1,25
20563,22182,124,1,0
20564,22182,57,2,15
20565,22182,70,1,0
20566,22182,11,3,30
20567,975,124,1,0
20568,20595,19,4,0
20569,14152,139,1,5
20570,11657,104,1,10
20571,3559,20,1,5
20572,20155,128,2,15
20573,20155,111,2,5
20574,20155,78,1,5
20575,11569,139,1,10
20576,1674,101,1,25
20577,1674,35,1,5
20578,1674,131,1,15
20579,1674,118,1,10
20580,3934,122,1,5
20581,3934,137,1,0
20582,3934,70,1,10
20583,3934,40,1,15
20584,7884,28,1,5
20585,16718,6,1,10
20586,16718,136,1,0
20587,16718,56,1,10
20588,21437,73,1,5
20589,21437,142,2,0
20590,12115,46,1,15
20591,12115,139,1,0
20592,17471,141,1,15
20593,17471,47,1,15
20594,1730,137,1,30
20595,24070,140,1,0
20596,24070,85,1,5
20597,19306,91,1,20
20598,21341,116,3,15
20599,21341,115,1,0
20600,11593,141,1,0
20601,11666,73,4,5
20602,11666,14,2,10
20603,11666,128,2,5
20604,19442,8,1,15
20605,7453,70,2,25
20606,18071,93,1,20
20607,1278,75,2,15
20608,8918,118,1,10
20609,8918,143,1,5
20610,9655,31,3,15
20611,9655,126,1,5
20612,9655,41,2,20
20613,16967,93,1,25
20614,16967,146,2,10
20615,16967,64,2,15
20616,23286,139,1,0
20617,23286,50,1,15
20618,20346,45,1,10
20619,8314,95,1,10
20620,3713,144,3,10
20621,3713,142,2,15
20622,3713,14,2,30
20623,4769,70,1,20
20624,4769,30,1,25
20625,7807,50,1,0
20626,7807,124,4,10
20627,14257,118,1,30
20628,16081,141,1,10
20629,8712,7,3,0
20630,16592,73,1,15
20631,16592,102,1,20
20632,24646,58,1,20
20633,16508,124,1,10
20634,21369,102,1,15
20635,21991,138,2,15
20636,21991,141,2,25
20637,21991,107,1,5
20638,6795,60,1,5
20639,6795,124,3,10
20640,6795,63,1,20
20641,20884,124,2,30
20642,20884,6,2,5
20643,2573,145,1,30
20644,18014,124,1,25
20645,11820,31,1,10
20646,13965,66,1,0
20647,4858,25,1,5
20648,8400,20,1,15
20649,5564,124,1,15
20650,5564,42,2,5
20651,1729,36,2,20
20652,1729,14,1,0
20653,1729,60,2,30
20654,1729,70,1,5
20655,19886,95,1,15
20656,22998,45,1,20
20657,258,37,1,20
20658,5068,124,1,25
20659,9256,124,1,20
20660,9256,75,1,10
20661,1787,107,2,15
20662,1775,75,2,10
20663,9255,122,1,15
20664,9255,6,1,10
20665,9255,53,2,15
20666,2238,141,2,10
20667,2238,6,2,20
20668,4704,103,1,5
20669,4704,75,1,15
20670,19480,64,1,15
20671,13889,141,1,10
20672,4124,42,1,25
20673,5814,149,2,10
20674,3312,69,4,15
20675,13357,141,1,20
20676,13357,91,1,20
20677,755,27,2,5
20678,755,105,3,10
20679,11287,142,3,15
20680,4393,59,1,15
20681,4393,94,2,15
20682,24690,126,1,10
20683,4964,21,1,0
20684,20257,106,1,20
20685,20257,132,1,0
20686,20257,127,1,5
20687,3500,106,1,20
20688,3500,104,3,10
20689,4988,23,2,0
20690,4988,47,1,0
20691,3193,32,3,25
20692,23239,37,3,10
20693,22798,67,1,15
20694,17172,54,1,20
20695,17172,48,1,10
20696,17172,20,1,15
20697,8437,144,2,15
20698,15987,117,1,10
20699,15987,70,1,0
20700,15987,102,3,10
20701,13756,19,1,25
20702,22440,54,1,10
20703,16264,28,1,20
20704,16264,128,1,10
20705,16264,102,1,10
20706,22168,82,2,0
20707,22168,10,1,15
20708,7611,66,1,15
20709,19436,139,4,10
20710,19436,104,1,30
20711,17893,140,2,5
20712,17893,104,2,15
20713,17893,66,1,10
20714,17893,47,1,20
20715,2487,66,2,15
20716,11611,116,1,15
20717,18052,124,2,0
20718,18052,34,1,10
20719,5065,144,2,0
20720,4777,90,4,10
20721,3721,89,2,0
20722,3721,107,1,20
20723,15848,138,1,5
20724,8612,132,3,0
20725,8612,105,4,15
20726,16517,50,1,20
20727,16517,68,3,20
20728,14037,52,1,5
20729,14037,42,2,20
20730,13501,93,2,5
20731,13501,61,2,15
20732,13501,133,1,15
20733,22302,129,4,20
20734,9546,66,3,30
20735,9546,54,1,0
20736,22345,6,1,0
20737,12765,42,1,20
20738,12765,81,1,25
20739,22867,115,1,15
20740,14163,99,3,20
20741,14163,141,1,10
20742,21084,71,2,5
20743,21084,46,1,10
20744,21084,67,1,20
20745,20334,47,1,5
20746,20334,65,2,10
20747,2921,66,1,0
20748,2921,19,3,0
20749,2921,105,1,0
20750,2921,75,1,0
20751,14097,30,3,5
20752,14097,84,1,20
20753,5028,88,1,10
20754,24204,15,2,5
20755,4212,94,1,10
20756,9731,134,1,10
20757,6747,66,1,0
20758,23776,2,1,15
20759,23776,4,1,0
20760,19414,54,3,5
20761,216,70,1,0
20762,16103,141,1,0
20763,16103,133,2,5
20764,9320,88,1,0
20765,16024,123,1,10
20766,18933,104,2,5
20767,23958,63,2,0
20768,23958,71,2,10
20769,14678,63,1,20
20770,14678,37,1,20
20771,11449,73,1,20
20772,11449,28,1,20
20773,11449,95,4,15
20774,16288,24,1,25
20775,11351,74,1,5
20776,11351,30,1,0
20777,20719,19,1,15
20778,18363,55,1,25
20779,24148,124,1,10
20780,24148,121,1,15
20781,10363,47,3,10
20782,4958,133,3,5
20783,2988,32,1,0
20784,18671,118,1,15
20785,18671,72,1,25
20786,19670,74,1,5
20787,19670,52,1,10
20788,16421,140,1,15
20789,16421,75,4,0
20790,16421,28,3,20
20791,24955,91,2,30
20792,15093,90,2,20
20793,10708,69,1,5
20794,10708,138,4,10
20795,10708,146,1,5
20796,6460,139,1,15
20797,23927,133,1,0
20798,17077,13,2,0
20799,17077,26,1,25
20800,16678,76,1,20
20801,6142,124,3,20
20802,22199,46,3,0
20803,22199,140,2,20
20804,16130,1,3,0
20805,16130,143,1,25
20806,7399,70,1,10
20807,22376,34,2,0
20808,22376,73,3,5
20809,22376,102,2,15
20810,18687,96,1,0
20811,19346,107,2,25
20812,19346,61,2,25
20813,14158,42,3,10
20814,14158,68,1,30
20815,660,115,1,5
20816,8713,141,1,15
20817,8713,21,1,10
20818,3421,12,1,5
20819,13900,96,3,0
20820,13900,71,4,0
20821,19456,136,1,30
20822,19456,84,1,5
20823,19456,140,2,0
20824,19456,90,1,0
20825,9593,96,1,25
20826,20482,117,1,15
20827,21581,70,1,10
20828,6659,3,3,0
20829,4848,133,1,5
20830,4848,3,1,0
20831,4848,20,1,20
20832,1007,128,1,10
20833,1007,137,3,25
20834,4985,146,2,10
20835,2017,142,1,20
20836,15730,97,1,0
20837,15730,84,1,25
20838,3251,96,1,10
20839,3251,24,1,10
20840,6997,143,1,15
20841,20228,70,1,20
20842,16868,95,1,20
20843,13239,88,4,10
20844,13239,36,1,0
20845,2084,98,1,15
20846,2084,117,2,0
20847,5574,50,1,15
20848,14384,95,1,10
20849,18127,78,1,5
20850,18127,68,1,20
20851,3733,21,1,5
20852,10827,43,1,0
20853,10827,91,1,20
20854,21551,63,1,10
20855,21645,117,2,25
20856,9615,145,1,0
20857,14933,95,4,15
20858,14933,124,4,10
20859,14933,141,2,20
20860,14933,71,2,5
20861,11883,93,2,20
20862,14481,90,1,25
20863,4947,74,3,5
20864,4947,136,1,20
20865,12895,55,1,10
20866,12895,66,1,10
20867,8703,1,1,0
20868,8703,140,1,10
20869,6616,27,1,15
20870,9385,60,1,15
20871,16612,46,2,0
20872,16612,98,3,10
20873,14370,103,1,5
20874,491,125,2,10
20875,21187,93,1,25
20876,21187,125,2,30
20877,21187,59,1,0
20878,22567,140,2,10
20879,22567,110,1,15
20880,7410,114,1,0
20881,9292,46,1,0
20882,7167,85,1,0
20883,7167,143,1,25
20884,24301,105,1,0
20885,24301,48,2,10
20886,18123,68,1,0
20887,15632,140,2,15
20888,15632,80,4,0
20889,22535,117,1,25
20890,4049,28,1,5
20891,4335,74,1,15
20892,4335,114,1,15
20893,23951,2,1,20
20894,23951,74,1,5
20895,23951,19,1,20
20896,15403,91,1,25
20897,15403,69,3,25
20898,20837,117,1,10
20899,20837,141,3,0
20900,20256,90,1,20
20901,20676,90,1,5
20902,20676,17,1,5
20903,20676,25,2,0
20904,12056,126,2,15
20905,12056,42,1,25
20906,12056,63,1,15
20907,12056,146,1,20
20908,12057,6,1,0
20909,12057,55,1,20
20910,18810,69,1,20
20911,18810,136,3,20
20912,18810,41,1,15
20913,20266,91,1,0
20914,20266,71,1,15
20915,20266,66,2,5
20916,14806,117,1,20
20917,14806,3,1,30
20918,18785,88,1,0
20919,18785,58,1,25
20920,18785,75,2,25
20921,18785,143,1,20
20922,2596,33,1,5
20923,2596,21,1,5
20924,11423,34,1,0
20925,11423,84,1,10
20926,2216,129,1,15
20927,2216,98,1,15
20928,14404,125,1,10
20929,14404,3,2,0
20930,18266,141,1,15
20931,18266,19,1,15
20932,18266,130,4,0
20933,14587,96,1,10
20934,14587,87,1,30
20935,14587,138,4,10
20936,20741,78,1,15
20937,1836,28,1,5
20938,20232,117,1,10
20939,80,149,3,15
20940,80,9,2,15
20941,80,91,1,10
20942,80,3,1,10
20943,18214,84,1,5
20944,18148,69,1,0
20945,18148,60,1,5
20946,24059,140,1,0
20947,24059,59,1,5
20948,6781,41,1,5
20949,6887,63,3,25
20950,6887,141,2,0
20951,901,62,1,25
20952,901,11,2,5
20953,901,16,1,0
20954,901,24,1,10
20955,2485,24,2,10
20956,2485,128,2,20
20957,745,37,3,10
20958,745,129,1,0
20959,745,64,2,0
20960,745,88,2,15
20961,20833,76,2,5
20962,20833,136,2,20
20963,20833,36,1,5
20964,8645,142,1,0
20965,15579,16,1,10
20966,15579,91,1,10
20967,11784,84,1,5
20968,1372,141,2,0
20969,1372,28,1,25
20970,4737,58,1,0
20971,4970,111,3,15
20972,16211,141,2,15
20973,14014,52,2,10
20974,5053,28,3,10
20975,5053,139,1,25
20976,21269,29,1,10
20977,9212,31,2,10
20978,12701,34,1,0
20979,3191,12,2,15
20980,3191,29,3,5
20981,3191,128,3,5
20982,3191,100,3,0
20983,929,130,4,25
20984,15553,7,1,15
20985,15553,72,2,20
20986,19324,90,3,5
20987,10279,43,1,20
20988,24850,76,1,10
20989,24850,46,2,20
20990,24850,95,1,0
20991,24522,84,4,15
20992,4563,141,1,5
20993,2305,3,1,10
20994,2305,28,1,20
20995,16884,124,2,15
20996,16884,47,1,5
20997,16884,95,2,0
20998,2283,63,1,20
20999,12968,142,1,10
21000,5994,46,1,0
21001,5994,70,1,0
21002,19869,95,2,10
21003,19869,14,1,0
21004,6932,97,1,15
21005,3638,144,1,15
21006,3638,95,4,5
21007,10861,107,1,0
21008,21583,141,2,25
21009,4135,117,1,30
21010,4135,66,1,0
21011,11516,71,1,5
21012,7570,8,1,0
21013,7570,12,1,30
21014,7570,9,1,5
21015,5470,30,1,5
21016,20297,66,1,5
21017,7391,70,1,5
21018,13424,89,1,10
21019,21896,139,1,5
21020,21896,71,1,15
21021,21896,100,3,5
21022,5764,56,1,20
21023,22063,28,1,0
21024,22063,33,1,10
21025,5716,145,2,15
21026,5716,63,4,15
21027,8508,94,3,0
21028,18746,133,3,5
21029,23832,141,1,10
21030,16483,19,1,10
21031,3979,42,2,20
21032,3979,145,1,10
21033,24915,104,1,0
21034,6505,84,1,0
21035,6505,42,1,15
21036,6505,98,1,30
21037,16987,35,2,30
21038,4527,133,2,5
21039,20979,42,1,15
21040,5344,2,3,0
21041,5344,118,1,5
21042,18606,104,2,0
21043,18606,141,1,25
21044,1000,24,1,5
21045,5411,149,1,0
21046,10620,87,1,0
21047,10620,74,1,10
21048,10620,147,1,25
21049,10620,91,1,15
21050,9074,84,2,10
21051,735,139,2,5
21052,735,127,2,5
21053,12066,136,1,5
21054,10246,102,2,15
21055,13086,75,1,5
21056,13086,72,4,5
21057,13086,142,2,5
21058,20389,145,1,20
21059,20389,31,2,25
21060,20434,95,3,25
21061,20434,66,1,20
21062,23346,3,2,20
21063,23346,137,1,5
21064,18708,70,1,5
21065,18708,142,2,15
21066,18708,133,1,0
21067,9183,117,3,5
21068,9183,96,2,10
21069,3875,60,2,20
21070,3875,19,1,5
21071,3875,131,1,20
21072,16887,14,1,0
21073,877,42,1,10
21074,14623,23,1,0
21075,1945,16,3,0
21076,6411,76,1,0
21077,6411,14,1,0
21078,20705,76,1,10
21079,20705,70,1,30
21080,7786,102,1,0
21081,6266,29,1,15
21082,17001,115,1,0
21083,1781,103,1,10
21084,3270,66,2,20
21085,3270,3,1,20
21086,10949,102,1,15
21087,10949,125,1,0
21088,22762,144,1,0
21089,20646,31,4,5
21090,5142,110,1,10
21091,5142,96,1,0
21092,5142,107,1,10
21093,16531,129,1,25
21094,16531,48,2,0
21095,16531,63,1,25
21096,21779,126,2,15
21097,3073,12,1,5
21098,3073,78,2,15
21099,3073,69,1,5
21100,3073,66,2,15
21101,21887,149,2,5
21102,21887,91,4,0
21103,8128,76,1,0
21104,13921,29,4,5
21105,13921,103,1,20
21106,13921,101,1,15
21107,24533,14,1,0
21108,16408,134,1,10
21109,16408,28,2,0
21110,16408,61,4,5
21111,16408,143,1,0
21112,6895,71,2,10
21113,22275,87,1,5
21114,14698,33,1,5
21115,23168,124,1,5
21116,23168,104,1,0
21117,12824,71,1,25
21118,1530,116,3,15
21119,1530,125,1,20
21120,2917,41,1,30
21121,2917,98,1,15
21122,2917,118,1,0
21123,19939,84,2,20
21124,18130,117,1,5
21125,4696,75,1,0
21126,4696,74,1,0
21127,4696,2,2,20
21128,12278,106,2,15
21129,14738,103,2,25
21130,10634,88,1,5
21131,10634,122,2,5
21132,10634,60,2,20
21133,16401,40,1,10
21134,16401,36,1,10
21135,12954,104,1,0
21136,12954,17,4,10
21137,9128,110,1,0
21138,10547,145,3,0
21139,22194,102,2,10
21140,13620,90,1,0
21141,22177,103,1,15
21142,11850,114,2,20
21143,18743,36,1,5
21144,180,142,2,5
21145,15731,96,1,10
21146,8483,33,1,15
21147,3468,76,2,10
21148,3468,78,1,30
21149,279,3,1,0
21150,279,124,2,15
21151,15480,46,2,5
21152,15480,93,1,15
21153,16377,139,1,10
21154,12616,103,1,5
21155,7374,90,2,25
21156,2127,1,3,25
21157,2127,71,1,25
21158,2127,65,1,15
21159,2127,21,1,30
21160,12777,141,3,15
21161,22319,117,2,10
21162,804,67,2,10
21163,14691,139,2,0
21164,10842,53,1,25
21165,10842,6,1,20
21166,16159,104,2,10
21167,16159,121,1,0
21168,16826,8,1,15
21169,3488,29,2,5
21170,17550,1,2,25
21171,17550,128,1,30
21172,17550,63,2,10
21173,23058,93,1,10
21174,14363,34,2,10
21175,17369,69,1,15
21176,23908,17,1,10
21177,23908,2,1,15
21178,7747,55,2,20
21179,7747,53,2,25
21180,20620,2,1,10
21181,14504,73,1,0
21182,14504,100,1,5
21183,21379,56,2,15
21184,23343,1,1,20
21185,4987,42,1,15
21186,8482,84,2,15
21187,8482,38,1,10
21188,20834,95,2,25
21189,20834,73,1,5
21190,20834,112,2,20
21191,20834,128,2,10
21192,3036,149,2,15
21193,3036,16,2,5
21194,3036,93,2,0
21195,17923,138,1,0
21196,17923,3,3,20
21197,17923,136,1,0
21198,17923,91,2,5
21199,9925,29,2,20
21200,17959,93,1,20
21201,7556,110,2,10
21202,7556,46,2,5
21203,8153,45,3,10
21204,1605,140,2,10
21205,4881,93,2,10
21206,20504,58,1,10
21207,13637,64,1,30
21208,18359,42,1,25
21209,13743,95,2,10
21210,15435,86,1,15
21211,15435,21,1,10
21212,15435,47,1,10
21213,23152,139,1,15
21214,23152,116,1,15
21215,23152,16,1,0
21216,12422,28,3,10
21217,12422,66,1,5
21218,6377,124,1,20
21219,6377,8,1,0
21220,20342,63,1,5
21221,20342,64,1,5
21222,20342,6,2,0
21223,20342,131,3,15
21224,11029,28,1,0
21225,19101,90,1,5
21226,7610,98,1,25
21227,6006,42,2,10
21228,4625,118,1,5
21229,12178,29,1,10
21230,11728,12,1,25
21231,11728,60,1,5
21232,11728,128,1,10
21233,10623,15,1,10
21234,17458,132,1,15
21235,17458,124,1,25
21236,17458,146,3,10
21237,9343,88,1,15
21238,9343,131,1,15
21239,9343,146,2,20
21240,15048,76,1,20
21241,1225,66,1,0
21242,1225,72,1,25
21243,5610,102,1,0
21244,18093,46,1,20
21245,22741,16,1,25
21246,22118,6,1,0
21247,23108,124,2,0
21248,23108,114,4,0
21249,12578,141,3,20
21250,7702,72,1,15
21251,7702,42,2,5
21252,7702,56,1,5
21253,24280,16,1,20
21254,24280,42,3,30
21255,16679,29,1,15
21256,16679,62,2,0
21257,16679,117,1,30
21258,16679,4,4,30
21259,6673,136,3,20
21260,6673,4,1,0
21261,6673,95,1,20
21262,8598,21,1,0
21263,8598,71,2,25
21264,427,42,1,5
21265,20964,87,1,20
21266,17767,54,1,0
21267,17767,71,1,25
21268,5505,149,2,10
21269,5505,96,1,20
21270,10030,111,2,5
21271,10030,69,1,0
21272,16156,52,2,10
21273,11409,132,2,0
21274,11409,78,1,20
21275,11409,144,1,5
21276,8168,70,1,5
21277,14323,71,1,0
21278,18448,124,1,10
21279,19110,87,1,20
21280,19110,21,1,10
21281,10588,143,1,10
21282,11786,90,2,0
21283,8575,28,1,20
21284,13918,4,2,10
21285,146,50,2,15
21286,13417,90,2,15
21287,22678,90,3,0
21288,12820,124,1,5
21289,23629,28,3,5
21290,23629,56,1,0
21291,7878,28,1,15
21292,4879,90,3,15
21293,4879,132,1,25
21294,4879,93,1,30
21295,4879,136,1,15
21296,16372,63,2,25
21297,16372,71,3,25
21298,23761,125,2,15
21299,23761,64,1,0
21300,23475,53,1,20
21301,5890,91,3,5
21302,5890,95,1,0
21303,5890,148,1,25
21304,22378,34,3,10
21305,22378,3,1,20
21306,24983,55,1,10
21307,15618,11,2,10
21308,15618,70,4,15
21309,9123,73,3,10
21310,9123,61,1,10
21311,3600,143,3,25
21312,3600,39,1,25
21313,241,137,2,30
21314,4616,56,2,15
21315,4616,33,2,20
21316,1074,112,1,0
21317,1074,116,1,25
21318,1074,128,4,20
21319,3685,45,2,20
21320,3685,90,2,15
21321,24781,147,1,0
21322,24781,124,1,10
21323,24781,8,3,15
21324,22097,142,1,20
21325,1295,142,2,25
21326,1295,96,1,5
21327,3506,40,2,20
21328,3687,88,3,25
21329,3687,2,1,5
21330,23396,111,2,0
21331,23396,107,1,25
21332,4722,15,3,10
21333,4722,46,2,10
21334,1939,96,2,20
21335,1939,42,1,15
21336,7792,76,2,20
21337,7792,128,1,15
21338,19468,54,2,0
21339,11325,142,2,20
21340,11325,104,1,15
21341,425,91,4,0
21342,425,52,1,25
21343,425,102,1,0
21344,16323,31,2,5
21345,16323,15,2,5
21346,12372,91,1,20
21347,12372,103,1,0
21348,7818,141,3,0
21349,7818,101,3,0
21350,7818,68,1,20
21351,15068,90,2,20
21352,23306,68,3,5
21353,9604,72,1,5
21354,8067,143,1,5
21355,8067,117,3,20
21356,2863,139,1,0
21357,5842,95,1,0
21358,11317,91,1,0
21359,13362,143,1,0
21360,3263,126,1,15
21361,3263,40,1,0
21362,3263,6,1,0
21363,3263,21,1,15
21364,17336,133,2,15
21365,15839,42,1,25
21366,18215,126,4,20
21367,18215,28,2,0
21368,8242,54,1,20
21369,9773,115,2,25
21370,11962,88,1,10
21371,14080,17,1,25
21372,14080,41,1,30
21373,14080,104,1,5
21374,2350,68,2,15
21375,2350,53,2,5
21376,2350,16,1,10
21377,15167,90,3,0
21378,1916,28,3,5
21379,1916,117,1,20
21380,303,128,2,5
21381,303,121,4,10
21382,16866,60,1,10
21383,16866,90,1,0
21384,16866,19,3,10
21385,18096,85,1,10
21386,23110,147,1,15
21387,23110,85,3,30
21388,22106,140,1,10
21389,22106,70,3,30
21390,22989,7,2,0
21391,22989,34,1,25
21392,22989,144,2,5
21393,10291,138,1,5
21394,282,125,1,10
21395,282,75,1,15
21396,282,148,1,25
21397,6464,50,1,10
21398,6464,124,2,10
21399,12950,71,1,5
21400,12950,117,1,25
21401,2757,21,3,20
21402,2757,58,1,10
21403,15560,75,2,5
21404,12361,137,2,30
21405,15432,37,1,15
21406,1442,24,2,15
21407,10644,103,1,10
21408,10173,90,1,5
21409,16558,115,1,10
21410,16558,93,1,15
21411,11073,70,1,10
21412,11054,19,1,25
21413,11054,31,1,30
21414,11054,117,1,5
21415,3485,47,2,25
21416,3485,81,2,30
21417,11477,126,1,0
21418,11477,140,2,25
21419,4515,4,1,10
21420,1015,53,1,5
21421,24751,54,2,25
21422,24751,96,1,10
21423,24751,1,1,30
21424,24751,148,3,10
21425,13145,142,2,25
21426,7157,142,1,20
21427,24295,60,1,20
21428,5685,37,1,10
21429,20612,23,1,5
21430,20249,94,1,20
21431,15898,62,1,0
21432,6085,28,1,0
21433,6085,115,3,25
21434,24871,90,1,20
21435,12527,150,1,0
21436,15388,105,1,10
21437,15388,60,1,20
21438,15388,142,1,15
21439,15388,51,2,5
21440,1661,29,1,0
21441,21940,72,1,0
21442,12485,105,2,5
21443,12485,124,3,10
21444,12485,28,1,15
21445,12485,60,3,10
21446,2260,41,4,10
21447,2260,58,2,5
21448,2260,133,1,0
21449,16161,25,1,15
21450,16161,78,1,0
21451,15326,93,1,15
21452,14934,19,1,5
21453,19558,81,1,15
21454,18073,65,4,10
21455,18073,43,2,20
21456,11760,126,1,0
21457,20939,139,2,0
21458,20939,118,1,0
21459,19308,54,1,10
21460,19308,126,1,10
21461,4461,4,1,0
21462,4461,71,1,30
21463,4461,117,4,0
21464,11302,99,3,5
21465,11406,85,3,10
21466,16266,4,2,0
21467,16266,143,1,0
21468,18335,128,2,10
21469,17174,59,3,0
21470,17174,98,1,25
21471,17174,88,1,10
21472,17981,149,1,20
21473,17981,139,2,25
21474,17981,2,2,0
21475,17981,90,1,15
21476,3431,42,1,5
21477,21355,70,4,20
21478,8263,73,2,5
21479,8263,128,1,20
21480,15163,52,1,15
21481,15163,75,1,30
21482,20421,88,1,20
21483,20421,64,3,20
21484,20421,95,1,10
21485,4436,54,1,5
21486,4436,149,1,20
21487,4436,144,1,0
21488,4436,133,1,10
21489,18415,68,2,25
21490,3883,103,2,25
21491,3883,149,2,10
21492,8080,102,2,20
21493,1998,67,1,20
21494,5722,129,1,5
21495,5722,41,1,25
21496,5722,35,1,10
21497,19507,144,1,0
21498,19507,41,3,10
21499,19507,54,1,0
21500,249,75,2,5
21501,249,68,1,25
21502,16951,15,1,10
21503,3662,84,1,10
21504,3662,118,3,0
21505,3662,98,2,20
21506,3662,60,2,15
21507,5495,143,1,5
21508,1397,125,3,5
21509,1397,46,1,0
21510,17976,117,1,0
21511,12992,63,1,10
21512,12992,42,1,5
21513,16573,3,1,0
21514,3693,26,1,10
21515,5984,91,1,0
21516,7705,90,1,0
21517,7705,128,1,5
21518,16115,1,1,10
21519,16115,99,1,10
21520,17933,95,2,15
21521,17933,56,2,10
21522,24969,147,1,15
21523,24969,55,3,5
21524,366,53,1,15
21525,366,64,1,5
21526,366,146,1,15
21527,9938,3,1,5
21528,9938,118,1,5
21529,9938,42,3,5
21530,9938,136,1,25
21531,13410,104,1,0
21532,4808,91,2,15
21533,24004,126,1,5
21534,19709,143,1,10
21535,19709,59,1,0
21536,170,69,2,5
21537,170,77,1,20
21538,170,139,3,15
21539,170,116,1,5
21540,11616,102,1,5
21541,19224,121,4,10
21542,19224,73,1,0
21543,19224,71,1,30
21544,19224,8,2,30
21545,14544,146,1,20
21546,14544,26,1,15
21547,18184,78,1,5
21548,2269,11,1,0
21549,2269,107,1,0
21550,10259,129,1,0
21551,10259,103,2,0
21552,10259,139,1,20
21553,2272,20,1,0
21554,2272,46,1,0
21555,2272,124,1,20
21556,2272,96,1,5
21557,17392,94,1,5
21558,17392,93,1,0
21559,17392,147,2,20
21560,17392,16,2,20
21561,16922,14,1,0
21562,9231,128,1,5
21563,24447,138,4,0
21564,24447,140,2,5
21565,16812,29,2,10
21566,12964,62,2,0
21567,15004,69,2,15
21568,9408,3,1,5
21569,5496,55,2,10
21570,5496,71,1,0
21571,6522,46,1,15
21572,6522,54,1,15
21573,12180,140,1,25
21574,12180,76,2,10
21575,14320,138,1,10
21576,14320,91,3,0
21577,14320,149,1,15
21578,14320,90,4,20
21579,9277,6,1,5
21580,1363,105,1,25
21581,7051,40,2,0
21582,13450,136,3,15
21583,13450,70,1,10
21584,23484,20,3,0
21585,11632,3,1,15
21586,11632,140,1,0
21587,23885,141,1,15
21588,4379,59,1,15
21589,4379,133,1,15
21590,4379,37,1,10
21591,7419,94,1,10
21592,14019,3,1,10
21593,14074,27,1,0
21594,14074,124,1,10
21595,12615,75,2,25
21596,12615,117,1,15
21597,13088,97,1,0
21598,16444,138,1,10
21599,13368,126,2,10
21600,21526,56,2,10
21601,20444,140,1,15
21602,20444,75,2,10
21603,20444,6,1,20
21604,20444,61,3,5
21605,15499,117,3,5
21606,15499,68,1,0
21607,15696,70,1,0
21608,13366,98,1,5
21609,13366,77,2,10
21610,13366,125,1,0
21611,7216,91,1,10
21612,7216,126,1,15
21613,15370,133,3,0
21614,15370,104,1,5
21615,12988,104,2,5
21616,12988,128,1,10
21617,7613,41,4,25
21618,7573,125,2,0
21619,13652,61,1,0
21620,13652,15,1,10
21621,9333,26,4,15
21622,6943,116,1,20
21623,6943,124,4,0
21624,6943,94,2,0
21625,16466,6,2,30
21626,9434,95,1,0
21627,8228,107,4,0
21628,9326,104,1,30
21629,23314,50,1,10
21630,18181,70,2,0
21631,11366,71,2,15
21632,11366,85,2,30
21633,23018,141,1,0
21634,23018,66,1,10
21635,18655,93,1,5
21636,10056,131,1,15
21637,1259,129,1,0
21638,1259,19,1,0
21639,5704,46,1,10
21640,5704,8,3,5
21641,21885,39,2,15
21642,21885,126,3,10
21643,21885,35,1,0
21644,21885,65,1,15
21645,6277,96,1,15
21646,6277,28,2,15
21647,6277,48,1,10
21648,19071,61,4,0
21649,19071,90,2,5
21650,18564,125,1,0
21651,17548,115,1,25
21652,17548,139,1,0
21653,11216,47,1,25
21654,16841,117,1,20
21655,22399,54,2,20
21656,22399,59,1,10
21657,22399,3,1,20
21658,7276,140,1,0
21659,14953,66,2,10
21660,14953,6,1,0
21661,14953,148,1,5
21662,14953,104,1,0
21663,16381,73,2,15
21664,16381,24,1,10
21665,18853,73,2,15
21666,18853,91,1,30
21667,1284,50,1,10
21668,2724,102,2,0
21669,5111,124,2,10
21670,18791,14,2,20
21671,18791,128,1,0
21672,18791,126,3,15
21673,21854,28,1,10
21674,21854,140,3,0
21675,21854,69,1,0
21676,4085,63,1,10
21677,4085,81,1,0
21678,4085,105,2,15
21679,21699,3,1,30
21680,21699,43,1,15
21681,18465,68,1,5
21682,16564,17,1,5
21683,7999,139,3,10
21684,18422,29,2,30
21685,5469,33,2,20
21686,14236,97,3,20
21687,14236,51,1,15
21688,4871,140,1,25
21689,4871,50,1,10
21690,15734,73,1,5
21691,15734,81,1,10
21692,17641,93,2,15
21693,17641,4,1,15
21694,16614,139,2,10
21695,16614,94,1,15
21696,16614,75,1,15
21697,1230,121,2,10
21698,1230,149,2,0
21699,1230,25,1,5
21700,16674,118,1,20
21701,16674,95,1,5
21702,16674,14,3,5
21703,15261,94,1,0
21704,1947,93,3,20
21705,10449,98,2,10
21706,10449,42,1,20
21707,21981,76,1,0
21708,19566,89,1,5
21709,19566,67,3,0
21710,1175,14,2,10
21711,1175,105,2,5
21712,4401,140,3,10
21713,4401,128,1,20
21714,18097,75,1,20
21715,18097,63,1,20
21716,1751,71,2,10
21717,1751,138,2,0
21718,1751,128,2,10
21719,18623,70,2,10
21720,22497,83,4,5
21721,22497,35,4,10
21722,22837,126,1,15
21723,22721,125,2,25
21724,17415,139,3,25
21725,9969,16,2,20
21726,9969,91,1,10
21727,9969,19,1,10
21728,12503,16,1,10
21729,6867,59,3,0
21730,6867,124,1,25
21731,870,90,1,10
21732,870,21,2,20
21733,6872,3,1,5
21734,6872,91,2,5
21735,6872,142,1,10
21736,1387,124,1,30
21737,1469,124,1,30
21738,1469,126,2,25
21739,15573,122,1,20
21740,15573,146,1,10
21741,18092,17,1,15
21742,18092,139,1,0
21743,1450,112,2,15
21744,18850,133,1,0
21745,13536,68,2,15
21746,9139,3,1,10
21747,15629,128,2,30
21748,15629,28,2,0
21749,15629,73,2,15
21750,12443,55,2,0
21751,17353,84,1,15
21752,17353,66,2,5
21753,4636,127,4,20
21754,4636,28,4,10
21755,24754,90,1,15
21756,24754,88,2,30
21757,20242,112,1,25
21758,9521,28,1,0
21759,973,90,1,5
21760,10223,124,1,25
21761,23579,118,3,20
21762,23579,123,1,15
21763,24026,121,4,25
21764,15088,148,1,5
21765,15088,6,1,15
21766,15088,115,1,10
21767,5226,130,1,25
21768,5226,6,1,30
21769,11983,117,1,0
21770,17127,71,1,20
21771,13525,56,3,30
21772,825,6,1,5
21773,825,91,1,10
21774,21668,141,1,0
21775,21668,110,2,0
21776,17785,56,3,10
21777,2234,95,1,10
21778,2234,117,1,5
21779,7707,16,2,25
21780,7707,48,1,15
21781,7707,60,1,10
21782,4473,75,1,10
21783,7726,131,2,30
21784,7726,87,1,5
21785,7726,51,1,15
21786,11156,45,1,20
21787,10824,93,1,25
21788,10824,12,3,5
21789,1302,104,1,5
21790,19046,111,2,0
21791,19046,138,2,25
21792,7860,70,1,10
21793,4389,69,4,0
21794,15123,27,2,10
21795,15123,128,2,15
21796,15123,90,1,0
21797,15123,62,1,15
21798,22352,1,1,0
21799,22352,62,1,5
21800,7484,70,1,15
21801,7484,15,1,0
21802,14532,125,1,25
21803,14532,67,3,0
21804,21555,116,1,10
21805,10882,46,1,0
21806,2770,117,3,20
21807,2770,42,2,15
21808,2770,55,2,0
21809,9117,66,2,0
21810,5398,87,1,5
21811,5398,149,1,20
21812,23764,66,2,10
21813,24232,90,1,0
21814,12013,68,1,0
21815,24249,81,2,5
21816,902,140,1,5
21817,22206,29,3,20
21818,16404,131,2,0
21819,4424,101,1,20
21820,2877,81,2,15
21821,2877,24,1,25
21822,2877,117,3,0
21823,12191,140,1,20
21824,12191,141,1,0
21825,11202,122,2,15
21826,5594,129,1,10
21827,5594,42,1,15
21828,17932,66,1,5
21829,17932,96,1,15
21830,17928,63,4,20
21831,11551,53,2,10
21832,3597,95,1,5
21833,8240,74,3,15
21834,1398,145,1,5
21835,16271,142,1,20
21836,16271,141,1,15
21837,6288,96,3,25
21838,11010,41,2,20
21839,11010,55,1,0
21840,7643,42,1,5
21841,14297,66,3,0
21842,14297,142,1,0
21843,14297,70,1,20
21844,13600,124,2,0
21845,12237,128,1,5
21846,12237,105,1,0
21847,4058,73,2,10
21848,17098,128,2,30
21849,17098,63,1,25
21850,17098,42,1,0
21851,17098,146,1,15
21852,19135,146,1,15
21853,19135,116,1,15
21854,19135,37,1,5
21855,19135,122,2,10
21856,20811,104,1,25
21857,20811,8,1,0
21858,20811,81,2,15
21859,6838,39,1,0
21860,6838,128,3,5
21861,420,28,1,10
21862,420,6,2,0
21863,18967,82,3,15
21864,18967,16,1,20
21865,18967,83,1,5
21866,12417,128,1,5
21867,8799,107,1,5
21868,3816,90,1,25
21869,8754,26,1,25
21870,23898,125,1,0
21871,22155,115,1,10
21872,23781,36,3,10
21873,23781,47,1,20
21874,23781,48,1,15
21875,3433,34,3,10
21876,3433,90,1,0
21877,1143,43,3,5
21878,12604,84,1,5
21879,12604,76,2,10
21880,15655,66,1,20
21881,13717,100,1,10
21882,20296,139,1,5
21883,10844,95,1,0
21884,23490,17,4,5
21885,20008,145,3,25
21886,21920,81,1,5
21887,21920,71,1,20
21888,1134,61,3,20
21889,5419,28,1,0
21890,357,121,1,15
21891,14356,126,4,15
21892,14356,81,2,15
21893,23709,78,1,20
21894,8585,88,2,0
21895,23698,96,3,15
21896,23698,42,1,25
21897,23698,64,1,10
21898,24596,11,1,5
21899,24596,51,2,25
21900,9560,107,3,10
21901,9560,149,1,0
21902,9560,102,1,0
21903,15412,88,2,0
21904,15412,14,2,20
21905,15412,104,3,10
21906,15412,12,1,30
21907,20376,17,1,20
21908,1475,66,1,25
21909,12774,87,1,10
21910,983,6,2,10
21911,983,32,1,5
21912,1827,82,2,15
21913,1827,134,1,10
21914,14941,70,2,20
21915,14941,102,2,10
21916,16078,16,4,10
21917,16078,78,1,0
21918,16078,60,1,25
21919,12743,6,1,15
21920,12743,102,3,0
21921,22580,84,3,20
21922,562,24,1,5
21923,430,123,1,10
21924,13902,124,3,25
21925,22364,63,1,25
21926,22364,46,2,10
21927,22364,36,1,25
21928,23277,126,1,15
21929,11583,3,1,10
21930,14879,16,1,10
21931,14879,64,2,30
21932,14879,110,3,5
21933,11074,78,1,10
21934,11074,46,1,0
21935,23983,141,1,30
21936,1219,81,2,15
21937,1219,58,1,10
21938,1219,46,1,5
21939,1786,90,1,5
21940,1786,54,1,10
21941,1039,92,1,15
21942,1039,95,1,0
21943,536,63,3,20
21944,536,3,1,5
21945,536,124,1,15
21946,536,128,2,0
21947,19551,131,2,20
21948,19551,62,3,0
21949,19551,16,1,0
21950,1139,124,1,15
21951,1139,69,2,25
21952,16307,139,2,10
21953,17134,76,1,0
21954,17134,61,1,0
21955,17134,52,3,0
21956,14772,52,2,15
21957,18627,128,1,20
21958,7122,146,2,10
21959,7122,16,1,15
21960,2385,112,3,10
21961,2385,111,2,30
21962,8993,95,1,5
21963,8993,42,2,10
21964,6905,33,1,15
21965,912,91,2,30
21966,912,149,4,20
21967,4663,146,2,15
21968,1100,26,1,10
21969,16807,126,1,10
21970,10662,75,1,15
21971,10662,71,2,5
21972,10662,85,1,25
21973,4835,20,3,0
21974,3338,60,1,20
21975,3338,144,4,10
21976,22645,28,1,0
21977,24635,63,1,0
21978,24635,104,1,25
21979,24635,75,1,0
21980,5988,107,1,5
21981,7094,84,1,10
21982,24824,147,1,0
21983,24824,88,1,10
21984,24824,141,2,5
21985,21530,55,1,0
21986,21530,67,4,20
21987,24450,105,1,0
21988,12858,53,2,5
21989,17006,126,3,30
21990,16425,31,3,10
21991,17099,112,2,0
21992,18777,112,1,15
21993,14900,28,2,0
21994,3868,115,3,10
21995,8325,149,3,20
21996,8097,31,3,0
21997,6190,14,1,10
21998,6190,33,2,30
21999,23545,115,3,5
22000,23545,21,1,10
22001,21058,60,1,20
22002,554,66,2,5
22003,554,121,1,10
22004,5652,123,2,0
22005,5652,78,1,30
22006,24228,43,2,10
22007,5316,37,1,10
22008,10899,71,3,10
22009,10899,68,2,20
22010,15037,137,1,5
22011,15037,142,1,15
22012,7461,136,1,25
22013,14846,140,1,30
22014,22025,42,2,15
22015,22025,78,1,5
22016,22025,81,1,0
22017,19467,75,2,5
22018,19467,90,2,5
22019,1771,139,3,15
22020,1771,104,1,5
22021,1771,148,1,10
22022,23268,96,1,15
22023,14454,137,2,5
22024,11674,75,2,15
22025,11674,67,1,25
22026,19026,134,1,5
22027,5692,81,2,5
22028,19172,53,1,10
22029,19172,54,1,25
22030,19168,73,2,10
22031,1452,64,1,25
22032,4979,49,3,0
22033,21401,104,2,5
22034,21401,42,1,0
22035,21401,112,1,5
22036,21401,54,3,20
22037,17244,6,2,25
22038,17244,34,1,0
22039,678,61,1,20
22040,678,78,2,5
22041,17012,117,2,10
22042,17349,117,1,15
22043,17349,91,2,5
22044,17349,141,1,0
22045,13292,28,1,10
22046,13292,73,3,10
22047,13292,12,1,5
22048,13292,35,1,10
22049,13771,140,2,0
22050,13771,70,1,5
22051,13771,66,1,0
22052,22923,25,1,10
22053,9633,21,2,15
22054,6958,73,1,10
22055,6958,42,2,5
22056,6958,124,2,15
22057,6958,47,2,10
22058,12937,71,1,25
22059,23868,75,1,20
22060,23868,42,2,15
22061,8353,63,3,15
22062,8353,103,2,0
22063,8353,60,2,15
22064,13004,92,1,30
22065,9825,55,1,30
22066,9825,66,1,25
22067,9825,48,1,20
22068,10058,53,1,15
22069,10058,117,1,30
22070,16803,144,1,20
22071,16803,146,2,5
22072,5116,3,1,10
22073,9195,78,1,15
22074,9195,124,2,5
22075,15105,95,2,15
22076,15105,75,1,15
22077,16049,115,1,0
22078,9617,124,1,0
22079,9617,90,2,20
22080,9617,17,1,5
22081,3179,90,1,0
22082,20291,42,1,5
22083,20291,89,1,15
22084,20291,140,1,0
22085,20291,138,1,15
22086,13822,19,2,0
22087,13822,127,1,0
22088,13822,1,1,15
22089,21352,117,1,0
22090,21352,1,1,30
22091,21352,28,2,15
22092,2803,125,3,20
22093,2803,25,1,10
22094,13301,91,1,15
22095,23923,46,1,5
22096,23923,91,4,10
22097,23923,21,1,5
22098,23923,85,1,10
22099,20009,146,2,20
22100,10364,81,2,15
22101,3991,19,3,5
22102,957,66,1,0
22103,957,33,1,5
22104,19501,93,2,20
22105,19501,68,1,15
22106,19501,143,1,0
22107,15141,45,1,0
22108,13949,106,1,15
22109,21844,139,1,25
22110,21844,46,3,20
22111,21844,54,2,5
22112,13454,96,2,5
22113,13454,107,1,10
22114,17138,54,3,10
22115,2135,98,1,10
22116,2135,95,2,0
22117,17021,39,1,10
22118,9313,55,2,15
22119,2859,46,1,25
22120,2859,43,1,15
22121,11776,143,2,0
22122,11776,50,1,10
22123,11776,37,1,0
22124,11776,76,2,10
22125,19946,42,3,10
22126,22650,70,3,10
22127,22650,28,2,5
22128,24547,66,1,5
22129,22468,77,1,0
22130,22468,117,1,10
22131,22468,59,1,25
22132,12626,70,2,5
22133,12626,93,1,10
22134,1210,126,1,15
22135,1210,73,2,0
22136,19752,50,1,20
22137,14650,4,2,10
22138,14650,29,1,15
22139,14204,19,1,10
22140,2995,124,3,30
22141,2173,64,1,0
22142,2173,47,2,0
22143,2173,52,2,15
22144,12306,38,1,5
22145,20279,91,1,5
22146,24634,66,1,0
22147,24634,137,1,20
22148,24634,96,1,15
22149,24634,90,1,20
22150,20209,124,1,15
22151,4807,138,1,25
22152,13152,49,1,20
22153,19100,14,1,5
22154,3508,14,1,5
22155,3508,130,2,15
22156,13789,55,1,0
22157,13789,142,1,10
22158,13789,78,1,10
22159,910,66,1,10
22160,1675,24,1,5
22161,1675,124,1,0
22162,14708,95,2,5
22163,10996,133,1,0
22164,15169,34,1,0
22165,15169,89,1,0
22166,13582,45,4,15
22167,15906,125,2,15
22168,10933,115,1,5
22169,3409,101,1,15
22170,3409,19,2,15
22171,3409,102,1,20
22172,23042,2,3,10
22173,5780,102,1,25
22174,5780,126,3,0
22175,9610,32,2,15
22176,9610,76,1,10
22177,9610,140,1,30
22178,8963,124,1,10
22179,23831,28,2,5
22180,23831,88,1,10
22181,15060,29,1,25
22182,15060,84,1,20
22183,15060,10,1,0
22184,9445,137,2,15
22185,7316,63,1,0
22186,21107,93,3,0
22187,20618,124,1,5
22188,4416,19,1,5
22189,4416,3,1,0
22190,23609,90,3,20
22191,13051,126,1,0
22192,13051,112,3,5
22193,13051,81,1,0
22194,13051,93,1,10
22195,9586,139,1,15
22196,4899,91,2,25
22197,4899,28,1,5
22198,4586,30,1,0
22199,16092,42,1,15
22200,14288,143,1,5
22201,14288,103,1,5
22202,19559,46,1,20
22203,19559,139,2,10
22204,16034,28,2,0
22205,6640,91,1,0
22206,23467,133,1,0
22207,20193,83,2,0
22208,20193,71,1,15
22209,2764,138,1,20
22210,2764,75,1,15
22211,10889,14,2,20
22212,10889,2,1,5
22213,16162,70,1,5
22214,16162,81,1,0
22215,2834,28,1,20
22216,2834,101,1,25
22217,24571,1,1,10
22218,23724,21,1,10
22219,18174,42,3,10
22220,19823,90,1,30
22221,14227,68,1,15
22222,3608,128,1,0
22223,10412,2,2,15
22224,10412,124,1,10
22225,24239,31,1,5
22226,24239,121,1,0
22227,6744,149,1,10
22228,14622,96,2,20
22229,14622,81,2,0
22230,13151,95,1,0
22231,13151,42,1,10
22232,12316,126,1,10
22233,24358,71,2,25
22234,24358,148,1,5
22235,23302,111,1,20
22236,23302,96,2,15
22237,9758,88,1,0
22238,9758,31,2,0
22239,24876,93,1,20
22240,24876,104,3,5
22241,24876,56,2,25
22242,11099,95,1,0
22243,3453,118,1,25
22244,3453,94,1,30
22245,17443,141,1,15
22246,17443,139,1,5
22247,1671,90,1,0
22248,1516,81,2,0
22249,1516,66,1,15
22250,1516,131,1,15
22251,2750,50,1,5
22252,23865,66,1,25
22253,23865,45,3,15
22254,19225,91,1,25
22255,3821,85,1,15
22256,10857,134,1,15
22257,490,78,2,25
22258,23226,50,1,0
22259,14877,133,1,15
22260,21856,122,3,5
22261,21856,61,1,20
22262,7972,124,1,15
22263,19164,95,1,0
22264,19164,85,1,0
22265,12489,140,2,0
22266,3818,78,1,10
22267,24457,124,2,30
22268,305,3,2,15
22269,1476,117,1,5
22270,1476,146,1,0
22271,4786,68,1,0
22272,20268,140,1,25
22273,20268,46,1,15
22274,18324,6,4,20
22275,7433,35,2,5
22276,7433,69,1,0
22277,5366,46,1,15
22278,19133,64,1,10
22279,19133,92,1,0
22280,91,19,1,5
22281,11915,2,1,10
22282,11915,8,2,15
22283,11915,93,1,25
22284,11915,141,3,20
22285,2513,66,1,0
22286,2513,85,1,0
22287,2513,104,2,10
22288,12181,105,1,5
22289,12181,64,2,30
22290,12181,139,1,30
22291,12181,117,1,10
22292,2659,104,1,5
22293,1725,54,3,5
22294,10270,66,1,15
22295,10270,117,1,10
22296,10270,46,1,10
22297,13108,47,2,5
22298,13108,89,2,0
22299,14351,99,1,5
22300,8456,75,3,10
22301,5901,131,1,15
22302,5901,124,2,10
22303,5901,102,2,5
22304,22700,42,1,10
22305,4932,66,1,10
22306,4932,84,4,10
22307,4932,103,1,5
22308,15347,88,1,25
22309,8874,88,1,20
22310,11507,46,1,5
22311,11507,91,1,0
22312,13383,95,1,10
22313,13383,20,1,25
22314,22611,68,2,0
22315,22611,55,1,30
22316,22611,110,2,0
22317,20874,72,1,5
22318,2362,53,1,5
22319,2362,75,1,5
22320,14135,87,2,5
22321,2240,29,1,5
22322,6847,103,3,5
22323,6847,150,1,20
22324,5860,86,1,10
22325,5860,101,1,0
22326,19948,19,2,30
22327,16385,63,4,10
22328,16385,43,1,5
22329,16385,84,1,15
22330,7053,46,1,5
22331,7053,76,3,10
22332,7053,132,2,10
22333,13118,143,1,15
22334,20136,107,1,15
22335,20136,71,1,15
22336,20136,2,1,0
22337,5819,107,1,30
22338,20317,72,1,15
22339,12566,80,1,0
22340,12566,71,2,5
22341,12703,94,1,20
22342,10061,70,1,20
22343,18715,132,1,0
22344,24328,66,1,25
22345,20976,52,1,0
22346,24841,133,1,5
22347,5597,61,1,10
22348,5597,128,1,20
22349,18344,93,1,15
22350,18344,89,1,0
22351,12183,80,1,20
22352,17503,117,1,10
22353,17503,115,3,0
22354,1276,20,1,0
22355,114,71,3,20
22356,114,139,1,10
22357,114,96,1,15
22358,114,55,4,0
22359,17194,113,1,5
22360,17194,104,1,5
22361,13309,134,1,15
22362,13309,142,2,25
22363,12392,104,1,20
22364,16653,50,3,10
22365,16653,95,1,25
22366,16653,26,1,0
22367,8582,95,1,0
22368,12669,21,1,15
22369,12669,2,1,5
22370,12669,16,1,10
22371,12669,85,1,5
22372,7258,98,1,10
22373,4264,105,1,10
22374,4264,95,1,0
22375,4264,85,2,0
22376,4264,147,2,5
22377,16232,14,1,25
22378,16232,117,1,15
22379,16232,90,1,5
22380,16232,122,2,15
22381,9056,70,1,5
22382,17291,142,1,15
22383,17291,95,1,5
22384,17679,70,1,0
22385,17679,46,1,5
22386,17326,66,1,25
22387,17326,124,1,10
22388,6339,128,3,5
22389,7016,52,1,25
22390,7016,125,1,15
22391,17675,1,1,20
22392,17675,29,1,10
22393,17675,46,1,30
22394,6380,20,1,0
22395,11025,71,1,15
22396,18979,105,1,25
22397,18979,141,1,5
22398,3458,70,2,15
22399,3880,95,1,0
22400,19200,116,1,10
22401,11844,105,1,10
22402,11844,123,1,20
22403,15722,12,3,5
22404,201,117,2,25
22405,3491,94,3,20
22406,24418,107,2,15
22407,20369,21,1,10
22408,22682,124,2,15
22409,22682,41,1,0
22410,9410,75,2,10
22411,6778,84,1,15
22412,135,90,2,10
22413,18966,70,2,15
22414,18966,124,1,15
22415,18966,81,1,10
22416,18966,102,1,10
22417,1923,143,2,30
22418,1923,6,1,5
22419,1923,93,2,20
22420,1923,90,1,0
22421,5276,54,1,5
22422,23543,21,1,25
22423,17817,104,1,10
22424,14062,93,1,25
22425,10024,121,1,15
22426,2824,139,1,0
22427,15791,42,1,0
22428,10883,121,1,10
22429,21635,132,1,30
22430,21635,117,2,10
22431,4706,144,1,20
22432,4706,40,1,0
22433,13853,103,1,0
22434,13578,96,1,20
22435,13578,133,1,20
22436,4016,67,4,25
22437,6987,12,3,5
22438,6987,17,1,0
22439,6544,139,1,0
22440,13608,18,2,5
22441,13608,143,1,15
22442,13608,115,1,10
22443,16205,136,2,5
22444,24388,141,2,15
22445,9242,137,1,0
22446,14672,60,1,10
22447,7904,124,1,0
22448,7904,95,1,0
22449,18982,134,2,10
22450,14978,117,1,10
22451,14978,20,1,30
22452,14978,139,1,0
22453,14978,72,2,0
22454,9726,34,1,10
22455,4428,63,2,20
22456,4428,54,2,5
22457,20122,107,2,10
22458,20122,147,1,10
22459,5272,137,1,0
22460,9406,102,1,15
22461,6805,115,1,25
22462,20751,138,1,15
22463,20751,129,3,0
22464,22011,72,1,5
22465,22011,117,4,5
22466,24206,142,1,15
22467,3577,68,1,15
22468,3623,42,4,0
22469,3623,65,1,10
22470,3623,91,1,20
22471,9787,124,1,10
22472,15506,100,1,5
22473,8606,24,1,10
22474,296,91,1,0
22475,296,128,1,5
22476,12501,54,3,5
22477,12501,128,1,5
22478,12501,90,1,25
22479,4099,75,2,5
22480,16537,95,1,30
22481,16185,71,2,0
22482,1324,64,1,0
22483,8922,146,1,0
22484,8371,19,1,20
22485,11905,76,2,5
22486,7790,87,1,25
22487,350,146,1,10
22488,16571,104,2,0
22489,16571,149,1,25
22490,15660,17,1,15
22491,7544,118,1,10
22492,1462,142,2,0
22493,1462,67,1,5
22494,24334,123,1,15
22495,24879,27,1,25
22496,9808,42,1,20
22497,6662,66,4,0
22498,6662,68,1,10
22499,6662,104,1,0
22500,9803,14,2,30
22501,13677,14,1,15
22502,13677,65,1,20
22503,13677,111,1,15
22504,6552,122,1,5
22505,6552,91,2,20
22506,10744,142,1,20
22507,10754,3,1,25
22508,23857,141,2,5
22509,8261,142,2,10
22510,8261,29,2,15
22511,15473,142,4,0
22512,13339,133,1,0
22513,19833,84,2,5
22514,7802,68,1,0
22515,23225,38,1,5
22516,9396,129,1,15
22517,21493,71,3,10
22518,21493,117,1,0
22519,21493,66,1,10
22520,7353,28,2,5
22521,7353,128,2,0
22522,12308,136,1,25
22523,12308,73,3,10
22524,21409,113,1,5
22525,22959,98,2,10
22526,22959,73,2,0
22527,22959,1,1,15
22528,22348,19,1,20
22529,22094,93,1,25
22530,22094,98,1,10
22531,24281,104,1,0
22532,24281,74,1,10
22533,24281,28,1,5
22534,21109,54,1,5
22535,17195,38,1,0
22536,2592,81,1,15
22537,2592,110,1,20
22538,2592,149,1,0
22539,22757,128,3,10
22540,23747,63,2,5
22541,23747,105,1,20
22542,11670,60,1,15
22543,11670,1,1,25
22544,5812,59,1,10
22545,24016,90,2,10
22546,24016,53,1,15
22547,21811,6,1,20
22548,21811,90,1,20
22549,10873,45,3,0
22550,12116,124,1,15
22551,6638,100,4,0
22552,23523,121,2,10
22553,23523,142,1,5
22554,11927,107,3,0
22555,12930,35,4,30
22556,13219,45,1,0
22557,16430,141,1,10
22558,5888,71,1,0
22559,24200,117,2,5
22560,24200,138,3,30
22561,3865,4,1,0
22562,22416,132,2,0
22563,22416,42,2,0
22564,16392,3,2,10
22565,22175,48,1,0
22566,1280,67,2,5
22567,9569,76,1,0
22568,13552,90,1,25
22569,5607,102,2,0
22570,15873,102,2,5
22571,647,41,1,0
22572,647,94,2,15
22573,4581,95,1,15
22574,15706,20,1,5
22575,6564,78,1,25
22576,6564,142,1,5
22577,4520,38,1,5
22578,4520,142,1,10
22579,4520,33,1,15
22580,20430,48,1,10
22581,20430,62,1,0
22582,22715,73,3,5
22583,22715,101,3,0
22584,24627,84,1,15
22585,24627,126,3,15
22586,17390,55,1,20
22587,24413,66,1,25
22588,24413,73,1,0
22589,16071,90,1,0
22590,16071,135,1,20
22591,16071,142,2,5
22592,21846,117,1,0
22593,21846,23,1,5
22594,47,90,2,5
22595,47,68,1,0
22596,7460,67,1,0
22597,7460,140,1,15
22598,19008,96,2,0
22599,6630,146,1,5
22600,16991,90,1,10
22601,10008,69,2,0
22602,4063,121,1,10
22603,2274,72,1,30
22604,2274,141,1,30
22605,2274,69,1,30
22606,2274,142,1,10
22607,23558,140,1,5
22608,18527,35,1,10
22609,4162,71,1,0
22610,4162,118,2,5
22611,4162,53,1,0
22612,18169,20,3,25
22613,18169,78,3,25
22614,11160,48,1,30
22615,11160,126,2,10
22616,12445,95,1,10
22617,12445,6,2,20
22618,12445,102,1,0
22619,12445,104,1,10
22620,14557,115,2,10
22621,23725,142,1,15
22622,23725,69,1,10
22623,23725,53,3,20
22624,23725,102,2,20
22625,12287,128,1,5
22626,11737,71,2,10
22627,11307,126,1,0
22628,9466,146,1,10
22629,2647,139,1,5
22630,2647,30,1,10
22631,10045,93,1,25
22632,5839,31,1,20
22633,5839,16,1,15
22634,5839,117,1,15
22635,11654,137,3,10
22636,11654,37,1,5
22637,9401,78,1,30
22638,9401,73,1,10
22639,9401,146,1,0
22640,9401,138,1,0
22641,21080,75,1,15
22642,1676,42,1,20
22643,14433,134,1,15
22644,4957,149,1,15
22645,7202,133,3,20
22646,7202,104,2,30
22647,3316,94,1,10
22648,14597,85,1,25
22649,24531,76,2,10
22650,23830,130,1,15
22651,3329,141,2,30
22652,1329,139,2,10
22653,1329,91,1,20
22654,1329,102,1,5
22655,14734,129,2,0
22656,8350,121,1,15
22657,8350,124,1,10
22658,20823,81,1,15
22659,20823,70,1,15
22660,10737,49,1,5
22661,10737,55,1,15
22662,10737,133,3,10
22663,10737,121,4,10
22664,20164,138,1,10
22665,7476,72,1,30
22666,10138,136,1,10
22667,10138,105,1,25
22668,18669,128,1,25
22669,12584,2,2,10
22670,15513,139,2,30
22671,5406,6,1,5
22672,10251,139,1,20
22673,18391,128,1,0
22674,6991,133,1,5
22675,6991,2,1,5
22676,6991,95,1,25
22677,6991,124,3,0
22678,648,144,2,5
22679,8708,107,3,15
22680,4901,128,1,10
22681,4901,45,2,5
22682,4237,67,1,20
22683,23267,140,1,0
22684,10576,91,3,30
22685,10576,63,1,25
22686,10576,128,1,15
22687,10576,81,1,15
22688,9460,138,1,30
22689,5035,66,1,10
22690,5035,54,1,0
22691,7583,141,1,5
22692,9475,136,2,5
22693,18658,75,1,10
22694,5162,69,1,30
22695,5162,142,1,0
22696,7086,93,2,10
22697,21722,19,1,30
22698,11578,28,1,20
22699,17597,46,2,0
22700,17597,95,1,30
22701,19504,14,4,10
22702,19504,110,4,20
22703,19834,91,1,20
22704,15653,118,2,10
22705,15653,8,1,5
22706,15653,47,1,30
22707,15653,17,3,5
22708,1420,124,1,15
22709,1420,14,1,10
22710,1420,72,1,10
22711,1420,90,1,5
22712,10920,90,3,10
22713,10920,2,1,30
22714,3522,43,1,5
22715,15781,101,2,15
22716,22257,144,1,0
22717,22257,84,1,0
22718,2478,2,1,20
22719,2478,141,1,10
22720,7525,121,1,5
22721,7525,76,1,10
22722,7525,96,3,0
22723,12673,28,2,5
22724,8309,117,1,30
22725,4518,45,1,10
22726,1046,69,1,0
22727,1046,6,1,10
22728,21160,129,1,5
22729,21160,104,1,15
22730,4286,139,1,0
22731,4286,66,1,10
22732,4286,125,2,15
22733,22725,124,1,20
22734,22725,100,1,10
22735,440,124,2,15
22736,24432,48,1,5
22737,9048,14,1,5
22738,15199,149,1,10
22739,8423,140,2,0
22740,17934,66,1,5
22741,17934,9,2,5
22742,17934,89,1,20
22743,22420,126,1,15
22744,22420,124,3,30
22745,21483,148,1,0
22746,21483,68,1,0
22747,21483,42,1,0
22748,6359,117,1,0
22749,6359,66,1,10
22750,6359,123,3,5
22751,6359,71,2,0
22752,7229,68,1,20
22753,7229,58,1,10
22754,22504,124,1,0
22755,22504,93,1,0
22756,624,67,2,10
22757,624,76,2,10
22758,624,68,1,5
22759,21984,14,2,20
22760,21984,143,2,0
22761,21984,133,1,10
22762,3038,141,2,15
22763,19535,149,1,10
22764,15876,4,1,30
22765,19092,124,2,0
22766,7826,76,2,20
22767,7826,71,2,10
22768,5777,29,4,0
22769,18183,62,1,0
22770,18183,24,1,15
22771,12500,14,1,5
22772,12500,70,1,20
22773,12854,31,1,5
22774,9669,71,1,5
22775,9669,124,1,25
22776,9669,52,2,5
22777,11995,144,2,0
22778,11995,71,3,10
22779,11995,37,1,0
22780,11995,143,1,5
22781,12564,147,1,25
22782,3452,78,1,0
22783,2065,19,2,5
22784,2974,73,1,15
22785,9218,38,1,20
22786,9218,48,1,0
22787,10676,73,4,10
22788,4468,136,1,5
22789,4468,50,1,5
22790,7781,14,1,15
22791,6371,46,1,10
22792,6371,9,1,5
22793,18346,70,2,5
22794,18346,95,1,30
22795,18990,140,3,15
22796,18990,117,4,0
22797,22156,148,4,10
22798,22156,28,1,5
22799,22156,141,3,10
22800,22156,36,3,0
22801,21614,106,1,15
22802,12555,1,1,15
22803,7383,2,1,5
22804,7383,71,2,10
22805,2772,89,2,20
22806,24387,145,1,5
22807,3596,113,1,20
22808,3596,125,1,0
22809,5958,6,1,5
22810,16877,70,1,5
22811,6550,142,1,10
22812,15213,46,1,10
22813,15213,93,1,10
22814,20442,138,1,25
22815,7603,90,1,0
22816,7603,124,1,10
22817,7603,104,1,30
22818,7603,73,2,15
22819,6613,98,1,0
22820,6613,88,1,10
22821,19676,144,1,5
22822,619,75,1,15
22823,619,107,1,0
22824,13064,111,1,0
22825,24312,28,2,0
22826,3441,94,2,15
22827,16658,17,4,5
22828,13467,40,1,15
22829,16228,141,1,5
22830,16228,65,3,0
22831,23555,45,2,20
22832,23555,27,2,15
22833,23555,8,1,0
22834,23555,126,3,25
22835,12884,131,1,0
22836,12884,140,2,0
22837,16823,46,1,15
22838,10053,65,2,10
22839,10053,25,1,0
22840,24424,116,1,15
22841,8372,21,2,5
22842,8372,141,4,10
22843,6146,12,2,0
22844,6146,64,1,0
22845,6146,28,1,15
22846,6146,116,3,0
22847,6164,42,1,15
22848,21822,8,1,0
22849,2875,149,1,10
22850,2875,22,3,20
22851,19514,142,1,15
22852,922,125,3,15
22853,9705,8,1,5
22854,11326,136,1,10
22855,11326,147,1,30
22856,22088,139,3,10
22857,2257,66,1,25
22858,2257,61,1,20
22859,2257,14,1,10
22860,6754,71,1,15
22861,6754,73,1,15
22862,6754,69,1,20
22863,14436,20,1,10
22864,20408,124,1,10
22865,1837,63,4,10
22866,1837,144,1,5
22867,17367,60,1,0
22868,17367,96,1,10
22869,5332,70,1,20
22870,10596,28,1,25
22871,10596,133,1,5
22872,730,141,1,0
22873,1656,102,3,10
22874,4665,137,1,0
22875,4665,73,1,25
22876,4665,124,1,15
22877,17543,71,3,20
22878,8386,91,3,0
22879,8386,75,1,15
22880,2443,93,1,5
22881,23737,102,1,0
22882,14947,89,1,10
22883,23730,141,1,0
22884,15299,64,2,30
22885,15299,15,2,15
22886,15299,126,2,20
22887,15299,51,3,0
22888,5566,62,1,0
22889,18367,95,1,5
22890,18367,8,1,0
22891,14199,59,1,0
22892,14199,62,1,0
22893,24938,107,1,25
22894,19404,6,1,5
22895,19404,87,1,30
22896,10373,124,1,10
22897,12444,104,2,10
22898,12444,66,1,0
22899,12444,73,3,0
22900,18734,88,1,5
22901,13500,98,1,5
22902,1203,124,4,0
22903,16576,87,2,0
22904,16576,141,3,5
22905,16576,118,2,15
22906,5983,65,1,0
22907,16853,72,1,15
22908,19753,63,2,10
22909,6038,47,2,0
22910,6038,126,1,15
22911,6038,63,1,15
22912,6038,68,1,0
22913,2410,142,1,0
22914,1168,141,1,15
22915,1168,96,1,5
22916,9553,90,2,0
22917,9553,133,2,15
22918,9553,104,2,15
22919,13483,103,1,0
22920,13483,139,1,0
22921,13483,67,2,15
22922,13483,50,1,10
22923,2755,128,2,5
22924,2755,50,4,20
22925,2755,90,1,15
22926,22137,90,1,15
22927,22137,141,1,5
22928,22137,146,1,15
22929,1076,70,4,0
22930,1076,28,1,15
22931,15663,70,1,5
22932,19445,46,2,10
22933,19445,146,3,15
22934,19445,51,1,25
22935,14912,93,1,25
22936,14912,55,1,25
22937,7962,53,4,30
22938,7962,20,1,20
22939,2904,66,1,0
22940,2904,75,1,25
22941,15168,105,1,10
22942,6387,56,2,0
22943,22573,147,3,0
22944,18285,66,3,5
22945,13792,150,2,15
22946,13792,129,2,5
22947,9932,36,1,5
22948,10529,95,1,30
22949,13107,63,1,25
22950,13107,146,1,10
22951,23515,137,1,10
22952,13779,121,1,30
22953,19134,2,1,10
22954,15684,75,1,15
22955,15684,70,2,20
22956,15684,42,2,0
22957,17520,136,1,15
22958,19745,125,2,0
22959,19745,72,1,0
22960,6821,100,2,25
22961,802,138,1,5
22962,16283,28,2,5
22963,20633,34,1,0
22964,7497,133,2,0
22965,7497,136,1,20
22966,4313,66,1,5
22967,4313,141,1,15
22968,5755,14,1,10
22969,5755,91,1,10
22970,5755,70,1,10
22971,21727,68,2,5
22972,13833,52,3,5
22973,13833,148,1,0
22974,11780,38,2,0
22975,11780,132,1,15
22976,245,65,3,10
22977,24199,105,1,10
22978,2898,81,2,10
22979,2898,86,1,5
22980,2898,104,1,25
22981,4821,16,2,0
22982,4821,105,2,0
22983,18338,124,1,5
22984,2608,90,2,15
22985,24065,53,2,25
22986,24065,142,2,25
22987,15398,88,1,15
22988,15398,91,1,5
22989,15398,20,2,10
22990,8003,93,1,20
22991,11218,128,1,0
22992,24475,93,1,0
22993,7735,91,1,5
22994,23420,91,2,0
22995,23426,90,1,0
22996,23426,42,2,20
22997,18529,37,1,20
22998,18529,117,1,5
22999,16126,102,1,0
23000,16126,56,2,0
23001,22849,126,1,0
23002,5303,126,2,15
23003,5303,117,2,10
23004,5303,140,2,25
23005,11473,25,1,10
23006,11473,140,2,5
23007,13689,82,1,15
23008,13689,73,1,15
23009,14327,142,1,20
23010,22225,141,1,25
23011,22225,90,1,0
23012,22225,17,2,0
23013,22225,63,1,5
23014,10689,81,1,10
23015,10877,53,3,10
23016,10197,111,3,5
23017,10197,14,2,10
23018,2365,142,1,20
23019,18926,117,1,5
23020,18926,88,1,10
23021,18926,54,1,15
23022,20974,73,1,25
23023,20974,124,1,20
23024,23837,2,1,20
23025,3809,38,1,5
23026,3809,146,1,15
23027,13709,133,3,25
23028,13709,4,2,10
23029,13709,140,1,0
23030,13709,17,1,30
23031,23768,90,1,15
23032,23768,14,3,10
23033,5856,45,1,10
23034,20677,125,1,30
23035,830,133,1,25
23036,19218,70,1,0
23037,19218,149,1,5
23038,22591,20,2,20
23039,22591,91,2,0
23040,22591,78,1,10
23041,19336,128,1,5
23042,10568,74,2,15
23043,10568,103,3,25
23044,10568,37,2,0
23045,10568,88,1,20
23046,19894,28,1,15
23047,13475,33,1,20
23048,13475,107,1,0
23049,15468,117,1,20
23050,22045,83,1,0
23051,13662,141,3,10
23052,9233,23,1,25
23053,15732,71,1,25
23054,20553,43,1,10
23055,20553,31,1,20
23056,20553,32,1,15
23057,4410,66,2,5
23058,18260,47,1,10
23059,16749,124,1,0
23060,14425,142,2,0
23061,14425,141,1,25
23062,14425,40,2,5
23063,8145,118,1,20
23064,8145,136,2,0
23065,19393,57,1,25
23066,19393,104,1,10
23067,19393,78,2,5
23068,12367,117,1,5
23069,12367,110,2,20
23070,6560,115,1,0
23071,6560,128,1,10
23072,1991,74,1,5
23073,1991,78,1,20
23074,13991,28,1,15
23075,13991,142,1,5
23076,20192,37,2,10
23077,2595,93,2,5
23078,14274,50,1,15
23079,14274,80,1,5
23080,14274,21,1,20
23081,9858,142,1,5
23082,12411,124,1,10
23083,11322,144,1,5
23084,11322,147,3,0
23085,20916,24,2,10
23086,11950,90,1,25
23087,11950,75,2,0
23088,11950,68,1,0
23089,11950,88,1,20
23090,14994,128,3,25
23091,14994,48,1,10
23092,2437,66,1,20
23093,2437,63,1,20
23094,10837,142,2,15
23095,10837,37,1,5
23096,7879,42,1,10
23097,7879,142,1,20
23098,7879,78,1,0
23099,7865,3,2,5
23100,7865,96,1,25
23101,7865,104,3,10
23102,22630,52,1,20
23103,22630,89,3,0
23104,22630,141,1,0
23105,22630,46,1,0
23106,23942,118,1,0
23107,23942,43,3,15
23108,18400,128,1,5
23109,18400,47,1,5
23110,3899,117,2,0
23111,3899,46,1,0
23112,12241,125,1,0
23113,11295,142,1,30
23114,14893,63,3,25
23115,8393,29,3,5
23116,8393,55,2,10
23117,8393,96,1,15
23118,8393,14,1,15
23119,11595,107,3,0
23120,8658,145,2,10
23121,8658,117,1,10
23122,8658,64,2,10
23123,4812,6,2,20
23124,4812,21,2,5
23125,18302,55,1,5
23126,18302,61,1,10
23127,18302,70,2,10
23128,24637,128,1,0
23129,24637,146,2,10
23130,17944,69,1,10
23131,17944,117,1,20
23132,17944,63,1,20
23133,17944,105,1,20
23134,6490,17,1,10
23135,6490,78,1,15
23136,6490,145,2,0
23137,6490,3,1,0
23138,7102,67,2,10
23139,3941,19,2,25
23140,16910,107,1,25
23141,21778,28,1,30
23142,21210,19,1,0
23143,21210,81,2,0
23144,11734,74,1,0
23145,11734,88,1,0
23146,13897,43,1,0
23147,13897,107,2,0
23148,13897,83,1,15
23149,13897,42,1,10
23150,8387,145,1,0
23151,4703,116,1,15
23152,4703,40,1,15
23153,4703,84,1,10
23154,19437,28,2,25
23155,19437,144,2,20
23156,4277,78,2,0
23157,13669,66,1,20
23158,10237,128,1,10
23159,10237,21,1,15
23160,10237,90,1,5
23161,10237,117,1,0
23162,22229,137,1,20
23163,22229,103,2,0
23164,22229,146,2,0
23165,10481,37,2,0
23166,10481,143,1,0
23167,3561,12,3,0
23168,21484,113,2,10
23169,3562,40,3,0
23170,12429,72,3,20
23171,18537,78,1,5
23172,18537,104,2,5
23173,16838,53,1,10
23174,2209,21,1,5
23175,2209,84,1,5
23176,2209,55,1,15
23177,2209,70,1,10
23178,23290,147,2,25
23179,23290,58,3,5
23180,23290,45,2,5
23181,23444,99,4,15
23182,23444,118,1,10
23183,7684,141,1,5
23184,7684,36,2,15
23185,20817,69,2,10
23186,18519,24,1,0
23187,18519,148,2,0
23188,571,101,1,20
23189,5749,107,1,10
23190,5749,141,1,5
23191,5749,10,1,10
23192,19621,126,1,0
23193,19656,15,1,15
23194,19656,78,1,5
23195,7028,59,1,20
23196,7028,115,3,0
23197,14008,55,2,5
23198,14008,71,1,0
23199,14008,81,2,15
23200,4599,146,1,0
23201,10209,91,2,0
23202,10209,140,2,30
23203,10209,139,1,30
23204,5549,8,1,5
23205,6192,66,1,10
23206,10520,12,2,0
23207,10520,88,3,25
23208,6027,105,3,10
23209,6027,62,1,10
23210,6027,71,1,20
23211,15428,59,1,20
23212,2066,71,1,0
23213,2066,84,2,10
23214,2066,124,1,5
23215,10471,71,4,20
23216,12894,142,1,15
23217,12894,3,2,0
23218,12894,75,1,15
23219,2329,12,1,15
23220,3124,41,1,20
23221,7418,105,1,10
23222,7418,136,1,15
23223,21629,140,1,15
23224,21629,146,1,20
23225,9169,81,1,10
23226,14429,87,1,10
23227,15301,52,2,20
23228,15301,84,1,20
23229,7439,56,1,25
23230,14825,142,1,15
23231,14825,66,3,0
23232,14003,50,1,15
23233,266,146,2,5
23234,266,104,1,5
23235,266,133,1,0
23236,266,91,2,10
23237,3578,19,3,0
23238,16095,93,1,0
23239,16095,141,2,25
23240,19987,35,1,10
23241,19987,78,1,20
23242,19482,40,2,0
23243,6307,87,1,20
23244,1831,56,1,0
23245,1831,60,2,10
23246,13364,63,1,0
23247,13364,75,1,10
23248,13364,149,2,25
23249,13364,92,1,10
23250,3987,73,1,15
23251,15125,6,1,20
23252,4534,117,1,0
23253,4534,126,1,0
23254,7973,95,1,5
23255,7973,88,1,25
23256,7973,141,2,0
23257,8810,84,1,0
23258,16497,91,3,0
23259,16497,123,2,5
23260,1699,69,1,20
23261,1699,141,1,15
23262,1699,95,3,10
23263,19728,142,1,10
23264,19144,91,1,30
23265,19144,55,2,30
23266,11090,15,1,25
23267,19599,50,1,15
23268,19599,90,1,15
23269,22914,50,1,20
23270,13926,63,1,15
23271,13926,35,1,5
23272,20765,8,1,0
23273,20765,53,3,25
23274,20765,145,2,15
23275,21714,96,3,10
23276,21714,91,2,10
23277,12301,93,1,10
23278,7095,90,2,15
23279,21828,136,1,5
23280,6086,39,2,0
23281,6086,1,1,10
23282,8165,72,2,5
23283,8165,46,1,0
23284,10410,28,1,10
23285,21954,133,1,20
23286,11469,14,1,5
23287,11469,95,2,15
23288,10637,29,1,10
23289,11956,125,1,5
23290,14986,142,2,20
23291,14986,24,1,0
23292,8868,102,1,20
23293,5861,102,1,0
23294,5861,69,1,30
23295,5861,117,1,20
23296,5861,73,1,5
23297,18511,75,1,5
23298,18511,149,1,20
23299,18511,90,1,15
23300,10885,55,1,20
23301,10885,60,1,0
23302,10885,149,1,15
23303,88,4,1,0
23304,88,7,1,0
23305,88,50,1,10
23306,19723,70,2,25
23307,19723,141,1,10
23308,19723,91,1,25
23309,21177,90,1,15
23310,21177,73,1,20
23311,21177,54,1,0
23312,20402,59,2,0
23313,20402,117,1,0
23314,20402,19,1,0
23315,19241,93,1,20
23316,19241,24,1,0
23317,19241,90,2,25
23318,105,129,1,20
23319,105,7,1,0
23320,16624,139,1,10
23321,16624,137,1,15
23322,16624,141,1,10
23323,2448,130,1,5
23324,8116,64,1,30
23325,8116,95,1,15
23326,17553,73,1,15
23327,21441,33,1,5
23328,21441,117,1,0
23329,10243,66,2,0
23330,19155,85,1,0
23331,5985,42,1,0
23332,5985,93,1,15
23333,2603,84,1,5
23334,2603,146,1,0
23335,24675,74,3,0
23336,24675,117,3,5
23337,560,125,1,15
23338,560,90,1,25
23339,10990,116,1,20
23340,10990,123,3,20
23341,553,48,1,10
23342,2621,55,4,20
23343,2621,81,2,15
23344,16356,37,1,10
23345,23630,96,2,0
23346,16379,84,2,0
23347,16379,32,4,0
23348,21295,58,1,10
23349,21295,85,1,10
23350,24179,36,1,15
23351,24179,124,2,0
23352,24179,90,2,15
23353,24179,70,2,5
23354,19694,49,1,5
23355,19694,102,4,30
23356,22516,140,4,15
23357,22516,124,2,5
23358,22516,3,2,5
23359,22516,54,2,25
23360,20647,128,3,0
23361,11527,104,1,0
23362,11527,87,2,5
23363,3278,95,1,25
23364,14730,61,1,10
23365,7734,124,2,5
23366,7734,39,1,15
23367,3199,91,1,15
23368,3199,63,2,25
23369,20758,111,1,20
23370,20758,81,2,0
23371,18538,142,1,15
23372,5058,64,2,10
23373,5058,42,1,25
23374,5058,4,1,5
23375,2994,78,1,30
23376,18781,102,1,20
23377,7291,3,1,5
23378,7291,17,4,20
23379,7291,42,1,25
23380,11576,36,1,30
23381,11576,141,3,5
23382,4082,91,1,20
23383,4082,50,1,10
23384,4082,148,1,0
23385,16551,76,1,25
23386,5824,46,2,30
23387,5824,54,1,5
23388,17645,21,1,30
23389,17645,104,1,10
23390,2367,128,1,0
23391,2367,36,1,15
23392,5914,46,1,0
23393,23943,117,1,15
23394,23943,28,1,30
23395,23943,142,1,0
23396,24304,114,1,25
23397,24304,20,1,5
23398,20598,104,1,25
23399,20598,25,1,15
23400,20840,28,3,15
23401,20840,61,1,10
23402,12008,102,1,0
23403,24341,104,1,25
23404,24341,19,3,25
23405,7132,51,1,5
23406,7132,75,2,15
23407,7132,146,1,10
23408,11244,46,3,10
23409,18630,75,2,20
23410,18630,55,1,0
23411,1954,84,1,10
23412,17752,128,1,10
23413,17752,123,1,20
23414,17752,134,1,25
23415,268,92,2,20
23416,268,117,1,25
23417,268,14,1,20
23418,268,54,3,20
23419,24325,70,1,15
23420,24325,122,1,5
23421,24325,60,1,10
23422,20066,29,1,0
23423,20066,93,3,5
23424,9782,75,2,5
23425,9782,139,1,25
23426,2918,102,1,0
23427,24080,90,1,10
23428,24080,65,4,5
23429,2119,19,1,0
23430,2119,141,1,25
23431,15001,43,3,0
23432,17094,47,1,10
23433,17094,41,1,5
23434,13748,69,2,25
23435,24053,54,1,15
23436,5117,2,3,0
23437,5117,80,1,5
23438,5117,14,1,5
23439,4903,81,1,20
23440,19808,105,1,25
23441,19808,129,1,5
23442,20650,137,1,10
23443,6317,91,1,5
23444,15549,71,1,20
23445,15549,100,1,10
23446,22751,72,4,5
23447,13955,3,1,0
23448,3810,104,1,15
23449,12837,76,2,30
23450,12837,139,1,15
23451,12837,93,3,0
23452,13612,42,1,10
23453,20970,139,1,5
23454,20970,24,1,5
23455,20970,136,1,5
23456,21709,10,1,5
23457,18046,29,1,0
23458,18046,117,2,15
23459,20031,140,1,20
23460,20031,98,2,25
23461,19458,95,1,10
23462,19458,91,2,20
23463,8434,96,1,15
23464,14615,56,1,5
23465,14615,14,1,15
23466,18733,55,1,15
23467,18733,104,1,25
23468,18733,42,1,20
23469,8342,72,3,30
23470,8342,66,1,10
23471,8342,19,1,10
23472,8342,139,1,0
23473,20733,33,1,5
23474,22730,78,1,0
23475,22730,90,1,10
23476,11088,30,1,0
23477,8553,76,1,5
23478,8553,141,1,15
23479,8553,32,3,20
23480,8553,71,2,15
23481,9658,90,2,25
23482,16240,111,1,0
23483,20526,25,1,20
23484,20526,28,1,15
23485,17438,144,1,0
23486,22008,149,1,10
23487,11150,3,1,10
23488,11150,95,1,20
23489,11924,95,1,0
23490,5150,52,1,5
23491,5150,22,2,10
23492,23410,17,1,20
23493,23410,36,1,0
23494,23410,20,1,30
23495,23410,66,2,20
23496,15999,133,2,0
23497,3249,96,1,0
23498,9619,84,2,10
23499,10580,60,2,5
23500,10163,149,2,10
23501,10163,76,3,15
23502,9627,139,1,0
23503,3030,140,1,0
23504,8870,29,1,0
23505,6348,89,2,5
23506,2972,78,2,10
23507,2972,51,1,0
23508,1025,61,1,15
23509,16493,42,1,15
23510,19742,141,1,0
23511,8159,47,2,20
23512,8159,135,3,0
23513,8159,104,2,20
23514,8159,28,1,20
23515,18213,97,1,15
23516,10629,66,1,5
23517,20640,149,1,0
23518,20640,124,1,0
23519,6733,3,1,10
23520,6733,117,2,20
23521,9464,53,2,10
23522,9464,70,3,10
23523,9464,122,1,0
23524,9464,124,3,5
23525,3427,98,2,25
23526,3427,52,1,10
23527,3427,122,1,15
23528,15694,46,1,10
23529,15694,91,3,20
23530,8887,86,1,25
23531,23007,67,4,15
23532,23007,124,1,0
23533,23007,141,1,10
23534,16016,137,1,15
23535,4214,101,1,0
23536,4214,47,1,0
23537,10437,142,1,20
23538,6957,25,1,15
23539,6957,140,1,0
23540,18441,31,1,0
23541,18441,21,1,25
23542,18441,17,1,15
23543,18441,124,1,5
23544,24657,36,1,20
23545,24657,91,1,20
23546,24657,141,1,5
23547,12752,12,2,15
23548,131,66,1,20
23549,23502,129,1,0
23550,16305,141,1,5
23551,16305,73,1,10
23552,7294,3,1,10
23553,3587,117,1,10
23554,14390,28,1,20
23555,22292,107,1,20
23556,22292,1,2,15
23557,22292,46,1,25
23558,10035,118,3,0
23559,10035,128,1,20
23560,10035,56,1,15
23561,23208,34,1,0
23562,7532,115,1,20
23563,7532,53,1,5
23564,15640,111,1,0
23565,15640,77,1,5
23566,15640,109,1,0
23567,21690,71,1,0
23568,21690,50,1,0
23569,21690,61,1,0
23570,11131,43,1,10
23571,5350,42,3,10
23572,5350,149,3,5
23573,7869,149,2,25
23574,3609,47,1,30
23575,12269,105,3,25
23576,18361,22,1,25
23577,18361,143,2,30
23578,18361,6,1,15
23579,11129,131,1,0
23580,11129,125,1,20
23581,853,60,1,15
23582,10853,74,2,10
23583,17727,110,1,0
23584,17727,139,2,10
23585,1264,124,1,30
23586,1264,61,1,5
23587,9811,124,1,20
23588,9811,6,2,15
23589,9811,60,3,15
23590,9811,112,2,0
23591,16114,55,1,0
23592,14665,104,1,0
23593,14378,124,1,10
23594,8798,93,1,10
23595,2810,73,1,30
23596,15691,63,1,0
23597,21238,121,1,0
23598,24471,94,2,30
23599,24471,122,2,0
23600,24471,70,2,0
23601,7264,88,1,5
23602,7264,3,2,5
23603,13476,31,3,15
23604,13476,3,1,10
23605,15200,150,2,10
23606,977,124,1,15
23607,19028,85,2,15
23608,19028,69,1,10
23609,16369,66,1,10
23610,23653,69,1,20
23611,19342,102,1,25
23612,10756,142,3,0
23613,10756,102,2,10
23614,11544,124,1,15
23615,2273,27,1,5
23616,2273,102,2,5
23617,2273,68,2,10
23618,2273,116,1,5
23619,23184,46,2,5
23620,24593,103,2,0
23621,22625,66,3,5
23622,22625,68,1,0
23623,22625,140,2,0
23624,1263,89,1,0
23625,1263,102,2,0
23626,1263,133,4,5
23627,11952,111,1,10
23628,13962,142,1,20
23629,2679,13,1,15
23630,2679,8,2,10
23631,8914,72,1,0
23632,16172,69,3,0
23633,2727,142,1,5
23634,11996,52,1,5
23635,11996,45,1,15
23636,11996,37,1,20
23637,11996,96,1,0
23638,16753,96,1,25
23639,13990,30,1,20
23640,23050,66,1,10
23641,4531,43,1,20
23642,4531,24,2,5
23643,4531,89,2,15
23644,23496,59,1,10
23645,23496,149,1,10
23646,23496,64,1,5
23647,23496,73,1,20
23648,17063,1,2,15
23649,17063,69,1,5
23650,17063,75,1,10
23651,16004,71,2,0
23652,7524,141,3,15
23653,3111,3,3,10
23654,18320,117,4,5
23655,18320,141,3,5
23656,22569,90,1,5
23657,22569,53,1,10
23658,19641,86,2,20
23659,19641,70,1,15
23660,12250,110,2,10
23661,12250,67,3,0
23662,23852,141,2,20
23663,24250,91,2,15
23664,4073,139,1,10
23665,4073,146,1,15
23666,4073,124,3,0
23667,4073,6,1,5
23668,1207,46,1,15
23669,3503,92,2,5
23670,18170,46,1,15
23671,18170,68,2,20
23672,18170,105,1,0
23673,18170,35,2,15
23674,13887,6,3,25
23675,13887,124,1,30
23676,18041,118,2,5
23677,3716,118,1,25
23678,3716,149,2,0
23679,10663,94,4,20
23680,10663,41,1,20
23681,20103,64,1,15
23682,21382,139,1,10
23683,21382,66,1,10
23684,14793,66,1,5
23685,18368,107,1,0
23686,6674,105,2,20
23687,6674,90,1,0
23688,6674,17,2,5
23689,6674,140,1,10
23690,21521,95,2,30
23691,21521,135,1,10
23692,22240,93,1,0
23693,17406,70,2,10
23694,2582,137,2,20
23695,5713,141,1,25
23696,5713,95,1,5
23697,1578,105,1,20
23698,1578,20,1,5
23699,17826,12,1,20
23700,17826,94,3,10
23701,24048,69,1,5
23702,23325,76,1,10
23703,23325,57,1,5
23704,23325,68,2,0
23705,523,122,1,20
23706,19862,132,1,0
23707,19862,141,3,0
23708,19862,131,1,25
23709,6454,76,2,25
23710,6454,42,1,15
23711,4962,71,1,5
23712,3052,84,2,20
23713,1326,90,4,20
23714,11818,28,2,0
23715,12868,98,1,30
23716,2190,81,1,0
23717,2190,131,1,15
23718,2190,104,1,20
23719,23256,81,2,5
23720,21969,42,1,15
23721,21969,133,1,15
23722,21969,121,1,20
23723,20300,66,2,0
23724,20300,142,1,20
23725,20300,133,1,20
23726,10333,95,1,10
23727,10333,6,1,20
23728,10333,75,1,0
23729,12135,141,1,20
23730,12135,45,1,15
23731,8635,138,1,15
23732,14377,149,3,25
23733,17883,50,4,15
23734,12071,90,3,25
23735,10088,70,1,0
23736,5400,105,1,10
23737,5400,117,1,25
23738,5400,27,2,5
23739,8389,99,1,15
23740,8389,142,3,25
23741,1471,141,1,0
23742,1471,99,1,0
23743,15518,47,1,10
23744,15518,12,1,5
23745,22266,68,2,30
23746,22266,133,1,25
23747,22266,144,1,10
23748,12873,107,3,5
23749,12873,46,1,25
23750,22374,50,1,10
23751,22374,107,3,5
23752,22374,112,2,30
23753,10442,65,1,30
23754,10442,42,2,5
23755,8701,117,2,25
23756,4299,133,1,15
23757,4299,59,1,0
23758,4299,146,1,10
23759,28,107,1,10
23760,18515,101,1,0
23761,10859,146,4,5
23762,93,93,1,15
23763,10514,93,1,0
23764,16996,6,1,0
23765,17003,38,2,30
23766,23391,37,2,0
23767,23391,137,1,0
23768,23391,125,1,15
23769,23391,66,1,10
23770,692,134,1,15
23771,19416,90,1,10
23772,6319,104,1,0
23773,24605,104,1,5
23774,18069,124,1,0
23775,18069,95,1,0
23776,18069,141,2,30
23777,22560,143,4,5
23778,7069,43,3,20
23779,21678,133,1,0
23780,20845,64,1,15
23781,18618,73,1,10
23782,18618,95,1,5
23783,18618,8,2,0
23784,15720,141,1,25
23785,15720,78,1,5
23786,15720,93,2,5
23787,8407,145,3,10
23788,8407,129,1,0
23789,8407,136,2,20
23790,19967,66,1,0
23791,20322,146,2,0
23792,10910,141,1,0
23793,12799,117,2,10
23794,12799,104,1,5
23795,15710,69,1,5
23796,3740,112,1,25
23797,14237,136,1,5
23798,14237,85,1,15
23799,14237,81,2,20
23800,14237,60,2,25
23801,12790,114,1,0
23802,12790,101,1,0
23803,14592,43,1,0
23804,14592,117,1,10
23805,7128,146,1,30
23806,718,42,1,10
23807,22942,36,2,30
23808,22942,52,1,0
23809,16530,14,1,25
23810,16530,19,1,15
23811,16530,98,1,5
23812,21113,78,1,10
23813,21113,29,1,0
23814,8649,144,1,10
23815,531,1,1,20
23816,5662,61,2,0
23817,5239,129,2,0
23818,12598,99,1,10
23819,12598,133,1,20
23820,4671,62,2,15
23821,4671,21,1,20
23822,4671,73,2,10
23823,4671,2,1,15
23824,5872,19,1,10
23825,5872,133,1,5
23826,5872,59,3,5
23827,8817,3,1,10
23828,8817,46,4,15
23829,14165,115,1,15
23830,14165,147,1,15
23831,16135,128,1,10
23832,3392,34,1,0
23833,3392,97,2,5
23834,3392,14,4,0
23835,21669,128,1,15
23836,17146,124,1,15
23837,17146,118,1,30
23838,14186,48,1,0
23839,13243,10,1,5
23840,13243,91,1,5
23841,20579,61,4,10
23842,20896,8,1,20
23843,14824,50,1,0
23844,24663,95,1,5
23845,24663,75,3,0
23846,20150,95,1,10
23847,20183,70,2,0
23848,20183,12,1,15
23849,676,28,1,30
23850,5218,140,3,25
23851,1573,55,1,20
23852,20777,87,1,10
23853,20777,117,1,20
23854,20777,139,4,25
23855,5689,126,1,20
23856,16000,139,1,25
23857,16000,1,1,5
23858,19475,62,2,20
23859,1377,124,2,10
23860,1377,37,1,20
23861,12593,104,1,15
23862,16310,68,2,10
23863,16310,19,2,25
23864,19276,124,1,15
23865,22551,104,1,10
23866,18382,63,1,5
23867,10238,20,1,10
23868,10238,81,1,15
23869,16671,66,2,5
23870,16671,143,1,5
23871,16671,144,3,10
23872,16671,4,2,5
23873,12505,86,2,15
23874,24942,38,1,15
23875,24942,59,2,10
23876,953,6,3,15
23877,953,128,1,10
23878,9503,55,1,0
23879,9503,78,1,20
23880,9503,42,2,15
23881,21899,70,1,0
23882,5971,61,1,15
23883,5971,84,1,20
23884,14973,54,3,0
23885,7669,14,1,10
23886,3996,80,1,0
23887,22539,66,2,0
23888,4006,141,1,15
23889,4011,68,1,0
23890,5671,71,2,0
23891,5671,72,1,15
23892,5671,6,1,5
23893,5671,141,1,15
23894,17513,3,1,15
23895,17513,126,1,10
23896,454,122,1,5
23897,5060,95,2,20
23898,5060,71,1,5
23899,7059,64,2,10
23900,17204,27,1,5
23901,16328,66,1,15
23902,16328,70,1,25
23903,17364,66,1,0
23904,2508,43,1,5
23905,2508,40,3,0
23906,12177,73,1,20
23907,11115,75,2,25
23908,10367,91,1,0
23909,2242,123,2,20
23910,18576,54,1,15
23911,18576,141,2,0
23912,5083,52,1,10
23913,19061,99,1,5
23914,19061,105,1,25
23915,22349,19,2,0
23916,5114,133,1,0
23917,5114,21,1,15
23918,5114,54,1,5
23919,21270,56,1,15
23920,24802,17,1,5
23921,4478,53,1,25
23922,4478,118,2,0
23923,326,25,1,10
23924,14426,104,3,5
23925,22714,36,3,15
23926,16303,101,1,5
23927,9477,53,1,10
23928,13166,28,1,0
23929,13166,53,3,0
23930,17867,101,1,10
23931,11313,128,1,15
23932,23320,68,1,10
23933,23320,28,1,15
23934,12275,141,1,15
23935,19097,91,1,30
23936,19097,141,1,0
23937,19097,22,1,5
23938,4825,67,1,5
23939,21660,125,1,5
23940,21660,45,2,15
23941,21989,76,1,15
23942,12322,137,1,15
23943,12322,103,1,0
23944,12322,73,2,20
23945,10286,129,1,5
23946,10286,91,1,10
23947,13441,54,2,15
23948,13441,2,1,10
23949,13441,95,1,30
23950,17149,93,1,0
23951,17149,148,1,20
23952,12618,48,1,0
23953,12618,47,1,0
23954,12618,128,1,10
23955,19610,146,1,15
23956,19610,67,1,15
23957,19610,140,1,20
23958,13571,76,3,0
23959,13571,138,1,0
23960,13571,28,3,0
23961,13571,54,1,10
23962,8134,51,2,0
23963,8134,76,2,5
23964,1298,95,1,0
23965,10425,141,1,15
23966,13852,140,1,5
23967,13852,128,2,5
23968,4672,14,1,20
23969,4672,41,1,5
23970,1534,146,1,10
23971,5735,71,1,25
23972,13987,96,1,5
23973,10052,59,2,20
23974,10052,90,1,15
23975,10052,54,1,0
23976,10052,14,2,10
23977,5534,128,1,10
23978,11055,90,1,15
23979,11055,4,3,0
23980,11055,66,3,5
23981,5036,31,2,10
23982,20177,137,1,15
23983,15713,6,3,5
23984,15713,19,1,0
23985,15713,93,4,25
23986,15713,142,4,10
23987,16908,31,1,5
23988,1432,124,1,10
23989,22153,115,3,15
23990,22153,149,2,10
23991,154,95,1,30
23992,1266,90,1,15
23993,1266,42,1,0
23994,1266,105,2,15
23995,1266,54,1,10
23996,22362,105,1,5
23997,22362,126,3,0
23998,16791,42,1,15
23999,22935,41,1,10
24000,18437,144,1,10
24001,18437,36,1,20
24002,18015,28,2,10
24003,11068,107,1,5
24004,11068,42,3,10
24005,16364,41,4,25
24006,6879,146,1,5
24007,6879,141,1,5
24008,12892,105,2,15
24009,1184,88,1,25
24010,1184,78,3,30
24011,3715,43,1,5
24012,822,91,4,10
24013,822,6,3,10
24014,18433,81,1,0
24015,18433,71,1,15
24016,18433,140,2,15
24017,657,128,1,5
24018,14261,117,1,10
24019,5703,117,1,10
24020,2429,139,3,30
24021,9931,54,3,20
24022,9931,61,1,15
24023,10763,96,1,0
24024,17199,51,1,5
24025,17199,73,1,5
24026,13660,12,1,5
24027,13660,125,1,15
24028,13660,136,1,20
24029,13660,104,2,10
24030,19401,54,2,25
24031,11854,93,2,15
24032,11854,42,2,0
24033,13529,19,1,0
24034,20045,149,1,15
24035,19719,95,1,0
24036,19719,104,2,5
24037,5471,85,1,5
24038,5471,25,1,5
24039,5471,90,1,15
24040,5471,145,4,0
24041,18863,24,1,5
24042,5472,90,2,0
24043,5472,19,1,10
24044,2696,36,1,25
24045,2696,142,1,15
24046,17713,55,1,10
24047,17713,122,3,15
24048,12996,147,1,0
24049,12996,78,2,20
24050,16587,10,1,0
24051,6888,90,1,5
24052,6888,41,1,10
24053,5231,89,2,0
24054,9994,124,2,15
24055,11652,66,1,5
24056,11652,28,1,5
24057,3517,60,1,30
24058,9444,27,1,10
24059,9444,52,1,20
24060,22620,93,2,30
24061,9308,90,1,0
24062,15181,124,1,10
24063,5697,132,1,20
24064,5697,45,2,10
24065,7967,136,1,10
24066,7967,96,3,5
24067,23382,142,4,10
24068,11026,81,3,10
24069,24706,143,1,0
24070,11187,59,2,0
24071,15868,54,1,20
24072,15868,66,1,25
24073,5937,91,1,20
24074,5937,87,2,10
24075,5937,59,2,20
24076,5937,127,1,10
24077,11205,142,1,10
24078,11205,42,1,15
24079,11205,91,1,15
24080,16285,16,1,20
24081,16285,42,1,0
24082,10194,62,2,25
24083,1454,133,1,15
24084,24550,78,2,15
24085,24550,103,2,20
24086,24550,68,1,15
24087,14413,102,1,30
24088,14413,145,1,5
24089,14413,2,3,0
24090,14413,59,1,0
24091,8517,139,2,10
24092,8517,114,1,10
24093,8517,124,1,0
24094,1451,138,2,0
24095,1451,53,1,0
24096,1451,68,1,0
24097,17292,62,1,25
24098,17292,2,1,0
24099,17292,106,1,0
24100,3330,27,1,5
24101,3330,128,1,10
24102,3330,40,1,0
24103,6601,48,1,5
24104,6601,14,1,5
24105,16797,73,1,0
24106,17399,95,2,0
24107,17399,75,1,0
24108,19220,68,1,20
24109,19220,2,1,5
24110,3443,99,1,0
24111,21738,95,1,10
24112,14862,43,3,10
24113,7364,26,1,15
24114,7364,1,1,10
24115,7364,137,1,20
24116,4356,37,2,15
24117,4356,66,2,15
24118,24159,28,3,15
24119,17256,71,1,25
24120,13959,54,1,25
24121,19520,139,2,15
24122,19520,46,1,30
24123,15215,72,1,25
24124,15215,84,1,20
24125,2046,78,1,15
24126,2046,58,1,0
24127,2046,96,1,15
24128,2046,136,3,20
24129,13880,70,1,20
24130,4838,31,4,5
24131,800,144,1,5
24132,11318,111,1,5
24133,18682,128,1,20
24134,4238,14,1,25
24135,16419,67,1,10
24136,3327,142,1,15
24137,3327,55,1,0
24138,3327,117,1,5
24139,20540,41,2,25
24140,14427,31,1,10
24141,14427,43,1,10
24142,20208,19,1,25
24143,20894,95,2,5
24144,20894,128,2,20
24145,21610,90,2,20
24146,9810,124,1,20
24147,20508,64,2,5
24148,12114,19,1,10
24149,9096,128,2,5
24150,10978,96,1,15
24151,10978,72,2,5
24152,11482,117,2,20
24153,10782,3,1,20
24154,10782,124,1,30
24155,12182,74,1,0
24156,16521,144,1,0
24157,921,104,1,15
24158,921,28,1,0
24159,921,105,1,10
24160,921,117,1,15
24161,19629,48,2,5
24162,19629,53,1,5
24163,19629,64,1,0
24164,11937,54,2,15
24165,8359,81,2,10
24166,8359,14,1,15
24167,6098,124,1,5
24168,3340,75,2,5
24169,11340,78,2,5
24170,13449,14,1,10
24171,13449,40,2,5
24172,13449,69,1,20
24173,13449,76,1,20
24174,18125,4,2,5
24175,18125,134,1,5
24176,18125,73,1,20
24177,2500,90,1,10
24178,6478,66,1,0
24179,6478,112,1,10
24180,10111,133,2,15
24181,15232,14,3,5
24182,9170,62,1,20
24183,12508,73,1,5
24184,22036,12,1,0
24185,12995,2,2,20
24186,5599,90,1,0
24187,3100,29,1,5
24188,2868,91,1,5
24189,2868,85,2,5
24190,9263,71,1,0
24191,2804,133,3,15
24192,4458,27,2,15
24193,4458,118,1,15
24194,4458,138,1,5
24195,4458,102,1,30
24196,11144,149,1,25
24197,24468,142,1,5
24198,15817,117,1,10
24199,3982,43,1,0
24200,3982,99,2,10
24201,5804,88,1,20
24202,5804,142,1,10
24203,5804,104,2,5
24204,23266,21,1,0
24205,18294,68,1,10
24206,1638,128,1,5
24207,4288,32,1,0
24208,7104,65,3,10
24209,9764,42,2,0
24210,9764,56,2,0
24211,9764,3,1,15
24212,23450,139,1,25
24213,23450,90,1,0
24214,16533,95,1,0
24215,24851,116,1,5
24216,14685,138,1,15
24217,7656,78,1,0
24218,22189,71,1,15
24219,22189,26,2,0
24220,22189,53,1,0
24221,21993,46,1,10
24222,21971,129,1,10
24223,21971,143,1,20
24224,17914,71,1,10
24225,16544,117,2,0
24226,8930,3,1,5
24227,16943,3,1,5
24228,9118,27,1,10
24229,9118,42,2,10
24230,15735,90,1,0
24231,19257,54,1,0
24232,2937,71,3,10
24233,2937,136,1,5
24234,2937,81,3,25
24235,19943,36,1,25
24236,4105,63,1,10
24237,11382,63,3,25
24238,6546,6,2,20
24239,6546,28,4,10
24240,6546,23,2,0
24241,13947,95,1,0
24242,1953,106,1,25
24243,18677,53,2,20
24244,18677,37,1,25
24245,9051,149,1,10
24246,9051,75,2,5
24247,5634,34,1,5
24248,5634,139,1,30
24249,1115,143,2,5
24250,7823,139,1,15
24251,7823,60,1,15
24252,8807,75,1,10
24253,18429,93,1,15
24254,6316,96,1,5
24255,6316,68,1,15
24256,20386,101,1,5
24257,8107,117,1,0
24258,8107,36,1,0
24259,11710,68,3,10
24260,13182,42,1,15
24261,8487,140,2,15
24262,11329,110,1,0
24263,20671,128,1,15
24264,118,140,3,15
24265,14577,142,1,10
24266,14577,29,1,20
24267,14577,90,1,10
24268,14577,116,2,25
24269,23125,56,1,10
24270,5577,4,1,10
24271,5577,76,3,20
24272,5577,139,2,10
24273,19332,106,1,20
24274,19666,142,3,20
24275,6420,91,1,0
24276,16684,90,2,0
24277,16684,93,1,0
24278,8530,34,3,30
24279,8530,141,1,5
24280,17266,40,1,15
24281,17266,95,1,5
24282,17266,37,2,0
24283,17266,21,3,25
24284,12129,63,2,0
24285,672,141,2,0
24286,12665,66,1,5
24287,12665,124,1,15
24288,8028,81,1,25
24289,1368,47,2,20
24290,8375,141,1,5
24291,22745,111,3,15
24292,2120,99,1,25
24293,2120,3,2,25
24294,2120,84,2,5
24295,3831,137,1,15
24296,3831,63,2,5
24297,3831,141,4,15
24298,185,66,1,5
24299,185,143,1,15
24300,185,72,2,10
24301,2427,6,3,0
24302,11958,24,1,25
24303,9108,75,3,0
24304,9108,123,2,0
24305,9108,46,1,5
24306,10903,148,3,15
24307,10903,65,2,5
24308,10645,17,1,0
24309,14088,46,1,5
24310,14088,133,1,10
24311,20186,24,2,0
24312,17283,71,2,0
24313,3007,38,1,5
24314,3007,70,1,25
24315,7817,70,4,10
24316,7817,55,1,30
24317,13133,121,2,10
24318,13133,47,1,0
24319,13133,90,1,5
24320,13133,68,1,0
24321,23680,37,1,0
24322,23680,115,1,15
24323,23680,123,2,20
24324,14809,71,1,25
24325,12779,117,1,15
24326,12779,46,1,10
24327,3197,54,1,20
24328,3197,72,1,10
24329,15762,46,1,15
24330,15762,42,1,20
24331,15762,95,1,0
24332,15762,94,2,15
24333,7773,95,1,0
24334,11383,114,1,0
24335,11383,129,3,5
24336,3554,149,1,5
24337,14491,141,1,0
24338,19892,78,2,20
24339,17284,84,1,25
24340,673,140,4,0
24341,673,29,1,30
24342,3235,42,2,15
24343,3235,6,2,20
24344,14954,54,1,5
24345,6736,53,1,15
24346,6736,124,1,15
24347,6736,104,2,5
24348,6736,19,2,10
24349,15596,133,1,0
24350,17954,111,1,0
24351,17954,107,1,0
24352,23249,46,1,10
24353,13371,112,1,20
24354,11648,2,2,0
24355,11964,1,1,15
24356,11964,121,1,5
24357,11964,70,1,0
24358,18487,105,1,0
24359,5555,99,2,0
24360,5555,28,1,5
24361,5555,142,1,5
24362,5555,45,1,0
24363,6986,146,2,5
24364,23384,16,1,20
24365,22899,53,3,20
24366,22899,90,1,5
24367,22899,38,2,20
24368,22340,22,1,0
24369,22340,104,2,10
24370,22340,60,1,5
24371,20217,64,1,25
24372,13790,73,1,0
24373,13163,6,3,10
24374,136,84,1,15
24375,136,73,1,30
24376,136,60,1,25
24377,5573,143,2,20
24378,5573,138,2,0
24379,5573,118,1,0
24380,10175,91,2,30
24381,19792,20,1,0
24382,19792,145,3,0
24383,4025,73,1,5
24384,19449,146,1,15
24385,18193,25,1,15
24386,18193,57,3,15
24387,20575,128,1,20
24388,21950,128,1,25
24389,21950,130,2,15
24390,3169,19,1,5
24391,20558,78,1,0
24392,21287,48,1,5
24393,6902,71,2,10
24394,9502,144,2,10
24395,18019,38,2,0
24396,18019,71,1,0
24397,18019,138,1,30
24398,19544,84,3,20
24399,19544,129,2,20
24400,19544,47,1,5
24401,16484,15,1,20
24402,17322,115,1,20
24403,17322,68,1,15
24404,10339,14,1,20
24405,10339,145,1,0
24406,7888,70,1,10
24407,7888,17,1,20
24408,9098,139,1,0
24409,9098,48,1,10
24410,18869,115,1,5
24411,10851,17,3,25
24412,10851,72,2,15
24413,10851,52,1,5
24414,19378,69,1,10
24415,383,21,2,15
24416,17492,141,1,0
24417,23049,2,2,5
24418,23049,105,1,5
24419,11471,94,4,20
24420,21256,122,1,10
24421,20058,68,1,25
24422,20058,66,1,5
24423,20058,117,1,0
24424,13894,27,2,30
24425,4909,91,1,25
24426,4909,141,4,0
24427,1946,140,2,20
24428,1946,37,4,0
24429,1946,24,2,5
24430,21077,74,3,10
24431,4427,68,1,5
24432,13027,149,1,10
24433,13027,45,1,25
24434,13027,18,2,0
24435,14012,118,3,0
24436,14012,138,2,5
24437,23658,14,1,0
24438,19974,141,1,0
24439,2247,107,2,10
24440,18941,54,1,10
24441,18941,115,1,30
24442,18941,104,1,15
24443,8541,46,1,20
24444,8541,42,1,30
24445,19246,122,1,0
24446,7145,128,2,10
24447,5326,141,1,15
24448,5326,42,3,0
24449,16642,104,2,5
24450,5627,89,1,0
24451,18122,124,3,15
24452,18122,56,2,10
24453,18122,96,1,10
24454,18122,55,1,25
24455,14652,123,1,15
24456,21520,117,2,20
24457,2346,66,1,0
24458,9414,110,2,25
24459,20580,124,1,10
24460,20580,28,1,20
24461,23337,17,1,5
24462,5177,142,1,10
24463,5177,28,1,15
24464,5177,54,1,0
24465,10668,52,2,5
24466,10668,46,1,10
24467,7809,81,2,0
24468,23449,141,1,10
24469,23449,41,1,5
24470,23785,2,1,15
24471,23785,105,2,25
24472,23785,124,1,10
24473,8661,80,1,10
24474,8661,91,1,20
24475,8661,142,2,25
24476,15624,128,1,15
24477,15624,76,1,0
24478,4483,14,1,10
24479,4483,63,2,25
24480,6739,117,1,10
24481,6739,104,1,10
24482,20404,21,1,10
24483,21606,95,2,10
24484,17499,142,2,25
24485,17499,63,1,30
24486,7504,42,4,5
24487,13616,16,1,10
24488,1620,41,1,25
24489,1620,71,1,10
24490,22995,125,3,0
24491,22995,74,1,30
24492,22995,88,2,25
24493,17350,63,2,0
24494,3003,144,2,0
24495,3003,68,1,10
24496,12027,89,2,25
24497,3096,91,3,15
24498,936,92,1,5
24499,936,42,1,10
24500,9790,90,2,0
24501,4793,78,2,15
24502,21775,88,3,10
24503,21775,14,4,5
24504,21775,130,1,20
24505,21775,84,1,10
24506,18133,93,1,15
24507,1468,42,1,20
24508,14932,74,1,0
24509,14932,63,1,0
24510,17748,114,1,15
24511,20198,128,2,25
24512,4789,148,1,25
24513,20095,42,1,25
24514,17423,6,1,0
24515,49,115,2,5
24516,49,68,1,10
24517,8521,126,1,10
24518,8521,6,2,15
24519,8521,43,1,10
24520,8521,71,1,0
24521,20590,104,3,5
24522,8146,9,1,10
24523,8146,90,2,20
24524,8146,124,1,15
24525,8146,72,1,0
24526,17659,128,1,5
24527,17659,65,3,25
24528,8855,75,1,10
24529,8855,70,3,20
24530,8855,146,1,0
24531,13794,77,1,5
24532,14422,47,3,20
24533,18731,16,2,10
24534,8200,84,1,0
24535,8460,73,1,0
24536,8460,71,2,5
24537,9125,65,1,0
24538,9125,55,1,5
24539,17366,124,1,25
24540,17366,60,1,0
24541,20910,14,1,0
24542,20910,41,3,10
24543,4201,52,1,15
24544,2118,53,4,20
24545,20933,92,1,5
24546,4024,67,1,25
24547,4024,90,1,30
24548,2012,128,2,10
24549,2012,149,1,0
24550,21549,84,1,20
24551,21549,103,1,20
24552,18634,36,2,5
24553,18634,66,1,0
24554,18634,84,3,5
24555,3572,117,1,0
24556,11922,40,2,30
24557,21033,128,3,10
24558,21033,101,2,10
24559,21033,141,1,15
24560,16522,138,3,0
24561,12204,12,1,0
24562,17828,12,1,0
24563,12063,102,1,0
24564,22648,67,1,15
24565,22648,38,2,10
24566,13144,76,3,15
24567,13144,61,1,25
24568,19297,55,2,0
24569,6538,72,2,10
24570,4673,149,2,10
24571,5113,39,1,5
24572,5113,4,1,0
24573,5113,115,1,5
24574,18461,81,2,0
24575,8514,48,1,20
24576,17252,42,1,30
24577,13048,17,1,25
24578,17062,16,2,15
24579,1292,2,1,10
24580,5535,95,3,20
24581,5535,126,1,5
24582,5535,104,1,0
24583,23914,46,4,15
24584,21348,54,1,15
24585,12050,29,1,10
24586,12050,75,2,15
24587,4206,117,1,10
24588,18711,95,1,10
24589,18711,16,3,10
24590,18702,128,2,5
24591,20852,107,2,15
24592,8743,64,3,20
24593,8743,78,1,25
24594,720,66,1,10
24595,720,89,2,15
24596,720,71,1,5
24597,6633,107,1,5
24598,14235,76,1,0
24599,14235,91,2,15
24600,16686,19,1,20
24601,16686,116,1,5
24602,16686,17,2,20
24603,2865,63,1,0
24604,14102,91,1,5
24605,13569,12,1,0
24606,13569,19,2,10
24607,13569,148,1,25
24608,13569,95,1,5
24609,11603,14,1,0
24610,11603,67,1,0
24611,11345,124,1,10
24612,21455,141,2,25
24613,21455,28,1,10
24614,20403,43,1,10
24615,20403,46,1,5
24616,17221,28,1,10
24617,17221,136,1,15
24618,15054,71,1,15
24619,5991,121,1,0
24620,19623,60,1,5
24621,19623,12,2,0
24622,24055,111,3,0
24623,24055,42,1,5
24624,6495,115,2,0
24625,6495,16,2,0
24626,6495,95,1,0
24627,6495,74,3,5
24628,2536,94,2,10
24629,3142,18,4,15
24630,3142,28,2,10
24631,3142,85,1,5
24632,19754,73,2,25
24633,20960,128,2,10
24634,20960,3,1,25
24635,16345,3,2,25
24636,2226,55,1,25
24637,20708,98,1,25
24638,7295,145,2,0
24639,21420,14,1,20
24640,23584,67,1,5
24641,15135,6,2,25
24642,4898,73,2,25
24643,20561,90,1,25
24644,6694,126,4,25
24645,6694,124,1,25
24646,15551,112,3,15
24647,15567,76,3,15
24648,1576,55,1,10
24649,13119,41,1,5
24650,13119,136,1,15
24651,19689,76,1,20
24652,22558,95,1,5
24653,22558,6,2,15
24654,22558,90,1,10
24655,9857,136,2,20
24656,21200,3,3,0
24657,21200,42,2,0
24658,6267,6,1,0
24659,21036,141,1,30
24660,21036,139,1,0
24661,386,90,1,15
24662,386,93,2,20
24663,5757,74,1,20
24664,5757,3,2,5
24665,17323,134,1,5
24666,17323,124,1,10
24667,17323,2,2,30
24668,1560,69,1,0
24669,1560,29,1,0
24670,5138,76,4,10
24671,19920,140,1,20
24672,19920,29,1,10
24673,23124,115,1,15
24674,22384,55,3,15
24675,1554,60,2,5
24676,1554,91,1,10
24677,1554,12,1,5
24678,20700,143,1,10
24679,21194,104,4,20
24680,21194,2,1,15
24681,4998,124,1,10
24682,4998,103,1,5
24683,19885,55,2,25
24684,19885,128,1,10
24685,19885,134,3,5
24686,19885,20,1,25
24687,5933,26,1,10
24688,5933,96,1,30
24689,5933,126,2,20
24690,5933,141,1,10
24691,11430,85,1,0
24692,15530,61,1,15
24693,15530,6,2,0
24694,14084,131,1,5
24695,21824,124,1,20
24696,3347,53,2,15
24697,18199,82,1,20
24698,1090,42,2,15
24699,1090,10,2,5
24700,17264,37,1,15
24701,18237,64,1,25
24702,18237,145,1,5
24703,18237,103,3,20
24704,6946,141,1,25
24705,8581,138,1,25
24706,8581,42,1,5
24707,21308,71,2,20
24708,11486,3,2,5
24709,2422,37,1,15
24710,14478,105,1,5
24711,14478,142,1,10
24712,14478,141,2,0
24713,11664,139,2,25
24714,1228,142,1,10
24715,1228,3,1,0
24716,11315,48,2,20
24717,3777,142,1,5
24718,3777,71,3,5
24719,3777,19,2,30
24720,3777,63,3,0
24721,18458,136,1,15
24722,18458,24,3,0
24723,14810,16,1,15
24724,14810,93,2,20
24725,16787,90,1,0
24726,9469,139,2,10
24727,10979,148,1,25
24728,10979,25,1,0
24729,10979,133,1,10
24730,5609,133,1,20
24731,5609,126,1,5
24732,23998,55,2,10
24733,23998,142,1,10
24734,8417,45,1,0
24735,12039,3,1,20
24736,12039,131,2,15
24737,4226,22,1,30
24738,8252,66,2,20
24739,8252,42,1,10
24740,8252,63,1,20
24741,8252,140,1,0
24742,15335,76,1,15
24743,11368,123,1,0
24744,11368,94,2,10
24745,11368,93,2,10
24746,11368,100,2,15
24747,5252,122,2,25
24748,17930,37,3,15
24749,24865,3,3,0
24750,24865,55,1,0
24751,24865,18,2,0
24752,24865,149,1,15
24753,584,46,1,5
24754,584,60,1,0
24755,14045,140,2,25
24756,14045,90,1,5
24757,14045,81,4,5
24758,8777,28,1,15
24759,21681,28,1,5
24760,22158,71,1,5
24761,12923,43,1,5
24762,12923,102,1,0
24763,8169,42,1,20
24764,8169,146,2,0
24765,8169,90,3,0
24766,14143,149,1,5
24767,14143,66,2,10
24768,17559,148,1,0
24769,17559,26,2,15
24770,20412,57,1,0
24771,20094,38,1,5
24772,20094,142,1,5
24773,1859,37,1,20
24774,13885,140,1,0
24775,8343,93,3,0
24776,16424,59,4,10
24777,16424,6,2,5
24778,3921,136,1,10
24779,22030,30,4,5
24780,15151,28,1,20
24781,15151,73,1,15
24782,15151,46,1,15
24783,15151,65,1,0
24784,4922,66,2,20
24785,14838,140,1,10
24786,14838,45,2,15
24787,12054,76,3,20
24788,12054,139,2,5
24789,12054,94,2,10
24790,18803,101,3,10
24791,1095,38,1,15
24792,1095,141,1,15
24793,8133,73,1,20
24794,14120,102,3,10
24795,2786,32,1,5
24796,1163,146,1,20
24797,10677,102,3,30
24798,10677,15,2,10
24799,3122,54,1,5
24800,8405,148,1,20
24801,8405,38,1,10
24802,16291,123,1,10
24803,16291,14,1,0
24804,16291,7,2,10
24805,995,127,2,10
24806,995,149,1,10
24807,995,68,3,5
24808,995,16,1,5
24809,3705,115,1,0
24810,3705,78,2,0
24811,3705,96,1,0
24812,19470,15,1,5
24813,19470,96,1,0
24814,10746,104,1,5
24815,10746,75,1,10
24816,3915,96,1,20
24817,6707,140,3,15
24818,6707,141,1,15
24819,20207,63,1,5
24820,5074,72,1,10
24821,18960,144,1,0
24822,2522,1,2,5
24823,2522,124,1,10
24824,21796,81,1,0
24825,22792,72,2,10
24826,20851,143,1,15
24827,18800,140,1,5
24828,18800,149,1,20
24829,20447,73,1,10
24830,14506,91,1,15
24831,74,17,1,0
24832,74,37,1,10
24833,74,76,1,25
24834,17315,47,1,5
24835,16852,3,1,5
24836,24793,110,4,10
24837,24793,42,1,5
24838,24793,133,1,10
24839,15279,117,1,10
24840,20335,33,1,15
24841,20335,143,2,0
24842,20335,67,1,30
24843,926,54,2,5
24844,20610,105,1,10
24845,20610,41,3,10
24846,20610,95,1,20
24847,20610,124,1,5
24848,19198,21,1,0
24849,4927,141,1,0
24850,6469,94,1,0
24851,6469,140,1,0
24852,6469,60,1,0
24853,19927,18,1,0
24854,15556,50,1,5
24855,9189,93,1,5
24856,1104,95,2,10
24857,1104,124,1,5
24858,1104,134,3,0
24859,16965,113,1,10
24860,16965,29,1,20
24861,16685,14,2,10
24862,15379,53,1,0
24863,12563,140,1,10
24864,12932,53,2,5
24865,19772,73,4,0
24866,19772,21,2,10
24867,17319,41,3,5
24868,808,120,2,10
24869,6245,143,1,15
24870,6245,102,3,5
24871,52,30,1,10
24872,20839,133,1,20
24873,20839,54,3,0
24874,10518,72,1,0
24875,10518,17,2,0
24876,10518,105,1,5
24877,9979,78,3,25
24878,6141,28,1,15
24879,6141,42,1,15
24880,18749,144,1,10
24881,7183,145,1,10
24882,20223,29,2,0
24883,17722,107,2,5
24884,57,117,1,0
24885,57,112,1,0
24886,13812,141,1,0
24887,2506,28,1,25
24888,2506,146,1,20
24889,2506,21,1,25
24890,7866,128,4,0
24891,11012,117,2,20
24892,11012,16,1,5
24893,7035,111,1,25
24894,7035,81,4,10
24895,7035,118,1,0
24896,8290,117,1,0
24897,9722,141,1,15
24898,9722,148,3,0
24899,589,139,1,0
24900,589,34,1,25
24901,5296,31,1,5
24902,24010,48,1,10
24903,22532,141,2,0
24904,22574,87,1,20
24905,17309,33,2,15
24906,432,91,3,15
24907,23166,62,1,0
24908,14175,66,2,0
24909,2563,88,1,25
24910,14609,136,3,20
24911,14609,144,1,0
24912,6882,90,1,10
24913,11385,104,2,10
24914,12118,78,1,0
24915,12118,93,1,10
24916,9913,122,2,10
24917,19519,55,1,0
24918,495,3,2,0
24919,13409,53,1,20
24920,22661,118,1,10
24921,22661,126,2,0
24922,22661,136,1,20
24923,22661,20,4,0
24924,18608,54,2,10
24925,8973,54,1,10
24926,20037,117,1,0
24927,7232,64,1,15
24928,13492,16,1,5
24929,22093,42,1,0
24930,19126,141,2,0
24931,14930,137,1,0
24932,14930,95,1,15
24933,6696,64,1,15
24934,6696,72,2,0
24935,22541,37,1,30
24936,22541,75,4,20
24937,22541,118,2,5
24938,19013,45,4,15
24939,19013,70,2,10
24940,19013,41,1,0
24941,19013,85,1,5
24942,4929,126,2,10
24943,16256,99,1,15
24944,16256,104,2,0
24945,3494,100,1,20
24946,3494,64,1,15
24947,3494,71,1,10
24948,6062,34,1,20
24949,21802,42,2,30
24950,18716,90,1,0
24951,18716,25,2,25
24952,18716,91,3,10
24953,18716,137,1,25
24954,18820,30,1,15
24955,18820,132,2,0
24956,18820,28,4,30
24957,12311,23,2,0
24958,5977,137,1,10
24959,5977,111,1,10
24960,5977,128,1,15
24961,7422,32,1,0
24962,18597,105,1,15
24963,18597,42,1,10
24964,9930,46,2,30
24965,8764,141,3,25
24966,1213,146,1,0
24967,19929,6,1,15
24968,10665,140,2,10
24969,7113,146,1,0
24970,7113,81,1,5
24971,7113,3,1,10
24972,8288,146,1,5
24973,21267,50,1,5
24974,24700,73,1,25
24975,6365,128,1,0
24976,6365,75,1,10
24977,17142,137,1,0
24978,6637,30,3,15
24979,12109,5,2,25
24980,18779,64,1,10
24981,18779,142,1,25
24982,538,93,1,10
24983,538,137,1,10
24984,538,71,1,30
24985,538,104,1,0
24986,8101,28,4,10
24987,21253,149,1,10
24988,21253,141,1,5
24989,8623,28,2,5
24990,8623,124,1,20
24991,11333,78,1,20
24992,11333,46,4,0
24993,8999,72,1,0
24994,8999,117,1,0
24995,8999,112,1,10
24996,3874,69,1,15
24997,8863,127,2,30
24998,8863,138,2,30
24999,11062,21,1,15
25000,11062,20,2,0
25001,11062,17,4,0
25002,1962,11,2,10
25003,19292,124,2,30
25004,19292,31,1,0
25005,24412,53,1,15
25006,24412,110,1,25
25007,24412,141,1,0
25008,24412,66,2,5
25009,22332,76,2,10
25010,22332,25,1,5
25011,13247,68,1,5
25012,9661,104,1,15
25013,13884,4,2,15
25014,13884,82,2,30
25015,13884,139,2,5
25016,24889,36,1,15
25017,24889,66,1,30
25018,21026,63,1,10
25019,21026,140,1,30
25020,7336,68,1,0
25021,14092,127,1,15
25022,14092,18,1,25
25023,22397,146,3,10
25024,6067,121,2,0
25025,23617,95,1,15
25026,16971,103,1,20
25027,4292,90,1,5
25028,21651,61,4,30
25029,9999,52,2,10
25030,9999,59,1,20
25031,20790,137,1,20
25032,20790,63,1,0
25033,8813,38,1,0
25034,8813,35,2,10
25035,8813,102,1,5
25036,20591,139,1,10
25037,8382,71,2,25
25038,8382,19,3,0
25039,12903,45,3,10
25040,15152,104,1,20
25041,15152,128,2,15
25042,1419,117,3,0
25043,15760,3,1,5
25044,15760,62,1,30
25045,15760,36,1,15
25046,8203,140,2,5
25047,8203,117,1,15
25048,8203,2,1,20
25049,21577,3,1,0
25050,18074,115,2,15
25051,18074,36,2,15
25052,7413,90,1,10
25053,7413,101,1,10
25054,7413,95,3,25
25055,7413,4,2,0
25056,12744,91,1,5
25057,23222,131,2,25
25058,23222,12,3,20
25059,15837,105,1,15
25060,15837,91,2,20
25061,15837,81,1,5
25062,15837,40,1,15
25063,10075,94,1,15
25064,24395,142,3,20
25065,24395,59,1,10
25066,4798,8,1,10
25067,4798,131,1,25
25068,4798,141,1,0
25069,4798,96,2,15
25070,18387,100,2,15
25071,18387,97,2,0
25072,7753,138,1,30
25073,12599,64,1,10
25074,4801,138,1,0
25075,4801,50,2,0
25076,11121,72,1,10
25077,19871,26,1,20
25078,7079,45,1,5
25079,7079,43,1,15
25080,7079,107,4,0
25081,10743,6,1,15
25082,10743,90,3,15
25083,18369,103,1,5
25084,18369,52,1,20
25085,18369,138,4,5
25086,20631,149,1,0
25087,10402,117,2,10
25088,10402,133,2,5
25089,23289,28,3,20
25090,11545,76,2,0
25091,19099,120,2,15
25092,19099,72,1,10
25093,19099,107,1,15
25094,6274,63,1,20
25095,6274,52,1,0
25096,17714,28,1,0
25097,7977,82,1,10
25098,7977,57,3,10
25099,7977,60,1,0
25100,18656,14,1,10
25101,12262,140,1,5
25102,22273,150,1,20
25103,4792,84,2,5
25104,6259,54,1,10
25105,6259,122,2,25
25106,6259,124,1,10
25107,1159,124,1,25
25108,6585,75,1,0
25109,6585,90,1,10
25110,149,6,1,25
25111,24647,102,2,0
25112,10849,93,1,0
25113,10849,141,3,25
25114,10480,71,1,0
25115,13625,35,1,10
25116,24940,94,2,5
25117,23524,132,1,10
25118,23524,61,1,5
25119,23551,142,1,10
25120,23551,73,1,10
25121,2949,111,3,0
25122,1973,118,1,15
25123,21469,93,1,0
25124,5388,78,3,20
25125,5388,66,1,15
25126,24389,123,1,30
25127,24389,128,3,5
25128,18545,59,2,15
25129,16059,45,2,5
25130,15796,88,1,10
25131,6691,105,2,5
25132,6691,90,2,0
25133,6691,43,1,5
25134,17298,46,1,5
25135,15568,141,1,0
25136,15568,66,1,25
25137,15568,103,1,15
25138,13691,141,2,20
25139,8053,115,1,0
25140,8053,24,3,5
25141,5718,148,1,0
25142,5718,46,1,5
25143,24840,58,1,5
25144,11462,145,1,10
25145,11462,76,1,15
25146,4191,91,3,5
25147,24051,140,1,10
25148,8867,150,1,30
25149,5533,124,1,0
25150,3745,81,1,10
25151,17454,41,1,15
25152,21457,70,1,0
25153,9459,60,1,25
25154,9459,117,1,5
25155,9459,71,1,10
25156,9459,139,1,20
25157,8751,71,2,20
25158,8751,146,1,0
25159,18341,124,4,25
25160,8271,20,2,5
25161,8271,124,1,25
25162,24853,118,1,0
25163,24853,107,1,25
25164,24853,145,4,20
25165,19431,117,1,25
25166,19431,42,3,30
25167,15306,136,1,15
25168,7382,143,1,5
25169,23441,14,1,15
25170,15548,88,2,5
25171,1705,90,1,0
25172,1705,132,3,25
25173,23177,48,1,15
25174,14692,133,1,10
25175,14692,4,2,15
25176,18552,117,1,25
25177,18552,56,3,25
25178,17449,52,2,5
25179,17449,71,1,0
25180,10169,129,1,20
25181,3725,42,1,20
25182,6839,91,2,15
25183,6839,38,1,0
25184,9835,20,1,5
25185,20725,75,2,25
25186,20725,84,1,25
25187,6171,101,2,25
25188,13970,66,2,0
25189,10038,87,1,0
25190,10038,55,1,5
25191,11623,142,1,5
25192,11623,128,1,0
25193,22403,126,2,25
25194,6378,107,2,30
25195,6378,3,1,25
25196,6378,81,1,10
25197,9984,81,1,20
25198,3913,104,1,15
25199,20218,134,1,5
25200,9956,124,1,15
25201,7513,60,2,25
25202,7513,142,2,25
25203,24897,51,1,20
25204,24897,2,1,0
25205,24897,10,1,15
25206,21479,42,1,5
25207,10820,114,1,5
25208,10820,25,1,0
25209,10820,55,3,10
25210,2847,136,1,20
25211,17862,100,4,5
25212,23773,141,2,0
25213,955,141,2,5
25214,955,133,1,5
25215,20016,64,1,0
25216,20016,104,1,15
25217,9555,137,1,10
25218,9555,142,1,20
25219,6791,70,1,15
25220,6791,140,1,5
25221,23147,91,2,15
25222,20450,90,4,0
25223,12134,67,1,20
25224,261,133,2,15
25225,5583,35,1,5
25226,5583,112,1,5
25227,5583,95,1,5
25228,5583,63,1,0
25229,15482,128,1,20
25230,16058,46,2,25
25231,23844,132,1,10
25232,20362,66,2,30
25233,3317,12,1,25
25234,3317,103,1,15
25235,8014,116,1,0
25236,22822,25,1,15
25237,17185,139,2,15
25238,18599,84,1,5
25239,6541,34,1,5
25240,6541,96,1,15
25241,6541,98,1,15
25242,13426,29,1,5
25243,16952,117,1,20
25244,4431,19,1,0
25245,4431,75,3,10
25246,19080,70,1,20
25247,13509,32,2,15
25248,4503,144,1,10
25249,1474,95,4,25
25250,17027,148,1,0
25251,3989,143,2,5
25252,20204,64,1,15
25253,3575,146,2,15
25254,10188,66,3,15
25255,17772,72,2,15
25256,17772,58,1,30
25257,9259,29,2,15
25258,9259,62,3,5
25259,9259,141,1,0
25260,9259,102,1,5
25261,7115,56,1,10
25262,8394,117,2,15
25263,11446,136,1,10
25264,3148,55,1,0
25265,3148,68,1,0
25266,20906,35,1,10
25267,20906,133,1,15
25268,21812,38,1,5
25269,13981,53,1,5
25270,13981,142,4,5
25271,2157,69,3,10
25272,15271,21,1,10
25273,15271,55,1,10
25274,15271,94,1,0
25275,15271,141,1,0
25276,16348,139,1,0
25277,16348,59,1,20
25278,16348,64,2,5
25279,18176,72,1,5
25280,15895,66,1,20
25281,18855,85,1,0
25282,18855,100,1,10
25283,18855,131,1,5
25284,10272,29,1,30
25285,10272,140,3,15
25286,22692,90,1,5
25287,9914,71,1,20
25288,9914,19,3,20
25289,9914,20,2,10
25290,24834,141,2,10
25291,23606,54,2,20
25292,23406,46,1,20
25293,1001,53,1,25
25294,9089,28,2,5
25295,15939,104,3,0
25296,15939,116,1,30
25297,15939,68,1,5
25298,6196,134,1,20
25299,2280,12,1,0
25300,2280,117,1,5
25301,15259,28,3,0
25302,8796,128,3,5
25303,1308,144,1,10
25304,18202,128,1,15
25305,14630,96,1,0
25306,14630,104,1,25
25307,13684,102,1,0
25308,13684,23,1,5
25309,13046,21,1,5
25310,16255,42,3,5
25311,16255,115,1,5
25312,5832,87,1,5
25313,5832,142,1,0
25314,15132,128,2,5
25315,15132,63,1,10
25316,15132,75,2,5
25317,6575,43,1,10
25318,6575,91,3,5
25319,2235,65,3,5
25320,5315,104,1,0
25321,14774,21,2,20
25322,5815,42,2,10
25323,5815,75,2,15
25324,24546,24,1,10
25325,15773,12,2,20
25326,6969,75,1,0
25327,9376,12,1,0
25328,7437,87,1,20
25329,7437,137,1,0
25330,1059,53,1,20
25331,2736,28,1,5
25332,2736,1,3,10
25333,2736,139,4,15
25334,12646,117,1,5
25335,14268,63,2,0
25336,16801,133,1,5
25337,15058,117,1,10
25338,15058,76,1,0
25339,15058,66,1,0
25340,15220,116,2,20
25341,5288,96,1,20
25342,5288,124,2,0
25343,5288,43,1,15
25344,5288,62,2,0
25345,20706,1,2,5
25346,20706,73,2,25
25347,18310,132,1,5
25348,15352,82,2,10
25349,19509,105,1,0
25350,2642,96,1,0
25351,18452,91,1,0
25352,18452,54,1,10
25353,18452,95,1,15
25354,19493,140,1,0
25355,24645,104,2,5
25356,21647,65,1,30
25357,21647,3,1,25
25358,5955,142,1,0
25359,6482,96,2,0
25360,6482,28,1,20
25361,23796,141,4,15
25362,23796,20,1,10
25363,23796,62,1,10
25364,23796,144,2,15
25365,14548,54,2,5
25366,22540,19,3,0
25367,22540,95,1,5
25368,24320,139,1,20
25369,12488,73,2,0
25370,15793,46,1,20
25371,20439,143,1,5
25372,20439,42,1,20
25373,20439,54,1,10
25374,20439,70,2,20
25375,24528,53,1,0
25376,24528,96,1,30
25377,6182,133,1,20
25378,5979,20,1,10
25379,5979,93,1,0
25380,5979,142,2,0
25381,1648,90,2,5
25382,16336,50,1,15
25383,4590,124,2,10
25384,4590,51,2,10
25385,1594,24,1,0
25386,1594,98,3,0
25387,1594,142,1,5
25388,1594,95,2,0
25389,1591,11,1,0
25390,17612,3,1,15
25391,17612,53,1,10
25392,17612,84,1,25
25393,9727,96,1,20
25394,9727,56,1,10
25395,13665,141,1,25
25396,13665,22,1,10
25397,19638,37,1,10
25398,19638,117,1,15
25399,5438,16,1,0
25400,5438,117,1,5
25401,5438,68,1,10
25402,12482,98,1,0
25403,24292,95,1,10
25404,16032,19,1,15
25405,16032,94,2,5
25406,16032,8,1,20
25407,16032,52,1,0
25408,19748,112,1,25
25409,19748,96,2,25
25410,3853,29,1,25
25411,7941,142,3,0
25412,7941,140,1,15
25413,17474,72,3,15
25414,17846,73,2,15
25415,4359,6,1,20
25416,18231,98,2,20
25417,9666,142,2,10
25418,708,40,4,20
25419,16968,10,1,5
25420,108,55,3,15
25421,108,41,1,5
25422,10540,36,1,5
25423,4450,81,2,5
25424,15416,62,1,10
25425,15416,144,1,0
25426,20194,147,1,15
25427,1439,112,1,15
25428,1439,143,1,15
25429,16540,75,1,15
25430,16540,101,1,0
25431,13542,76,1,5
25432,23592,144,1,30
25433,23592,147,2,5
25434,23592,62,1,0
25435,117,133,1,25
25436,117,75,1,20
25437,117,126,1,0
25438,12747,108,1,30
25439,2379,124,2,25
25440,15804,109,1,10
25441,15804,142,2,10
25442,15804,90,3,15
25443,15804,52,2,0
25444,5340,107,1,10
25445,22736,47,2,30
25446,22736,104,4,5
25447,22736,141,1,10
25448,7852,20,1,15
25449,7852,104,3,0
25450,23066,21,1,10
25451,9351,98,2,20
25452,23860,120,2,10
25453,21921,91,1,30
25454,1715,102,2,0
25455,1715,2,3,0
25456,5558,128,3,0
25457,5558,31,3,5
25458,5558,102,3,10
25459,5558,142,1,0
25460,18575,73,1,5
25461,18575,12,1,5
25462,22089,101,1,10
25463,18349,133,1,0
25464,4575,148,1,10
25465,4273,148,3,20
25466,4273,31,1,0
25467,4273,43,2,10
25468,4273,126,1,10
25469,16777,105,1,5
25470,16777,36,2,10
25471,17076,138,2,15
25472,13341,42,1,5
25473,23782,11,1,5
25474,10887,133,1,20
25475,10887,96,1,10
25476,348,95,1,5
25477,348,72,2,0
25478,348,76,1,20
25479,19801,68,2,30
25480,9365,121,2,20
25481,9365,124,1,20
25482,11717,46,1,10
25483,11717,1,1,0
25484,10918,78,2,0
25485,10918,142,4,0
25486,20085,117,1,20
25487,7131,73,1,0
25488,7131,28,2,30
25489,7131,134,2,10
25490,2930,1,1,0
25491,5451,115,1,5
25492,8391,83,1,0
25493,805,2,1,20
25494,805,102,1,20
25495,805,96,2,10
25496,805,53,2,15
25497,10196,96,3,0
25498,20344,16,4,5
25499,10156,50,1,15
25500,3857,125,1,5
25501,13810,103,3,15
25502,13810,115,2,0
25503,4351,70,1,20
25504,4351,126,2,5
25505,21924,64,2,10
25506,21924,26,2,5
25507,21924,95,3,0
25508,20994,103,1,5
25509,20994,26,3,20
25510,18039,103,1,10
25511,13087,129,1,20
25512,23409,104,2,15
25513,23409,42,1,25
25514,23409,88,1,10
25515,23409,141,1,5
25516,11554,124,3,10
25517,11554,144,4,10
25518,11554,138,2,15
25519,11554,54,1,10
25520,522,34,2,10
25521,17946,105,3,20
25522,17946,53,1,20
25523,17946,70,2,10
25524,3256,28,2,15
25525,3256,56,1,10
25526,23797,104,1,25
25527,21931,81,2,30
25528,21931,133,1,5
25529,12151,99,1,15
25530,12151,140,2,20
25531,22441,29,1,0
25532,19353,126,1,0
25533,19353,40,1,15
25534,22829,43,4,20
25535,376,133,1,15
25536,376,136,1,15
25537,16822,3,1,0
25538,16822,136,1,5
25539,14998,141,1,20
25540,14998,70,2,10
25541,14998,128,1,5
25542,14998,104,1,0
25543,231,55,1,15
25544,6390,65,1,0
25545,2650,129,1,20
25546,2650,45,2,10
25547,18872,17,1,10
25548,16979,144,1,20
25549,22925,98,1,25
25550,24880,133,4,5
25551,14739,50,1,15
25552,7509,85,3,10
25553,7509,146,1,10
25554,1367,48,1,25
25555,19731,66,3,5
25556,19731,1,1,5
25557,19731,45,1,15
25558,19731,115,1,10
25559,4529,27,1,30
25560,4529,50,3,20
25561,19538,88,1,5
25562,19538,124,1,5
25563,19095,28,2,25
25564,12794,102,1,15
25565,24211,122,3,0
25566,24211,70,1,15
25567,5245,3,2,25
25568,15576,68,1,10
25569,15576,54,1,0
25570,24993,73,1,20
25571,23610,96,1,25
25572,8275,96,2,25
25573,8275,88,1,5
25574,20665,146,1,15
25575,20665,46,1,15
25576,4771,56,1,15
25577,4771,129,2,15
25578,12955,89,1,15
25579,19367,104,3,20
25580,2604,54,1,5
25581,16467,104,4,5
25582,13695,115,1,0
25583,16280,3,2,5
25584,6111,3,1,10
25585,6111,138,2,5
25586,3397,71,2,0
25587,3397,125,1,20
25588,3397,142,4,0
25589,4065,139,1,20
25590,19906,84,1,25
25591,17100,139,1,5
25592,24127,2,1,0
25593,24127,124,1,5
25594,24127,126,1,0
25595,11843,75,1,20
25596,12006,99,1,0
25597,12006,52,2,10
25598,11061,144,2,30
25599,11061,2,1,10
25600,17674,143,1,10
25601,17674,117,1,10
25602,23488,3,1,0
25603,11132,63,3,10
25604,11132,145,2,10
25605,5026,129,1,5
25606,5026,35,2,25
25607,160,68,1,0
25608,160,93,2,10
25609,3349,111,2,0
25610,19183,19,2,10
25611,4645,66,1,10
25612,4645,76,1,5
25613,3277,94,1,15
25614,3277,55,1,25
25615,3277,84,4,5
25616,7482,87,3,10
25617,7482,104,1,20
25618,12270,110,2,15
25619,12270,1,1,20
25620,12270,78,1,0
25621,14875,42,1,30
25622,17360,68,4,25
25623,17162,128,1,20
25624,17162,118,1,10
25625,16879,115,2,15
25626,16879,139,2,20
25627,17411,78,1,20
25628,20715,76,2,15
25629,20715,124,1,5
25630,24338,59,2,20
25631,24338,100,1,10
25632,9480,116,2,0
25633,10345,85,1,30
25634,10345,127,3,10
25635,10345,42,1,15
25636,10345,95,2,5
25637,4530,64,1,0
25638,10718,104,1,10
25639,10718,133,2,5
25640,10718,90,1,5
25641,10718,91,2,15
25642,24870,71,2,15
25643,3512,72,1,10
25644,3512,110,1,30
25645,5389,126,1,10
25646,16715,141,1,10
25647,16715,53,2,5
25648,10055,93,1,20
25649,10055,128,1,15
25650,20827,16,3,20
25651,20827,70,2,0
25652,20827,128,1,25
25653,14683,52,2,20
25654,14683,137,3,0
25655,14683,19,1,10
25656,14683,35,1,15
25657,11347,141,2,15
25658,11347,90,2,0
25659,11347,93,1,15
25660,4800,104,1,15
25661,8109,104,1,5
25662,9097,63,1,20
25663,64,23,2,25
25664,441,52,2,15
25665,441,122,1,15
25666,12778,124,2,0
25667,6892,142,1,10
25668,20054,86,1,15
25669,20054,67,2,5
25670,21685,21,1,5
25671,21685,60,2,30
25672,21685,85,1,10
25673,20668,142,2,15
25674,10565,128,2,5
25675,10565,143,1,0
25676,2016,75,1,5
25677,6918,116,1,0
25678,6918,16,1,30
25679,120,110,1,0
25680,120,88,1,0
25681,6703,95,1,20
25682,6703,93,1,10
25683,6703,21,1,25
25684,24037,67,1,5
25685,24037,3,2,5
25686,24037,34,2,15
25687,24037,33,2,5
25688,2762,121,1,20
25689,2762,75,1,0
25690,2762,118,1,10
25691,2762,52,2,30
25692,1689,128,2,10
25693,1689,66,1,5
25694,4014,146,1,0
25695,466,117,1,5
25696,7076,6,4,20
25697,5479,128,1,0
25698,11271,141,1,20
25699,11271,115,1,15
25700,8888,42,2,15
25701,8888,63,2,5
25702,8888,14,1,10
25703,8888,133,1,5
25704,19320,46,2,30
25705,19320,2,1,5
25706,13216,1,1,5
25707,13216,36,1,10
25708,7275,82,1,15
25709,11864,84,1,5
25710,19389,42,4,25
25711,19389,66,1,0
25712,7996,104,1,0
25713,7996,116,1,10
25714,7996,54,1,0
25715,4419,116,1,0
25716,4419,128,1,15
25717,5099,54,1,20
25718,20099,78,1,25
25719,20099,141,1,5
25720,4023,126,4,15
25721,4023,81,1,15
25722,2652,52,3,25
25723,2652,63,1,10
25724,18964,3,2,30
25725,15833,56,1,5
25726,20415,67,2,25
25727,11349,38,1,20
25728,11349,60,1,15
25729,4361,56,1,0
25730,22863,60,1,0
25731,9694,133,1,25
25732,5264,128,1,30
25733,3645,74,1,0
25734,5759,90,3,5
25735,14919,57,2,5
25736,14919,143,1,15
25737,3964,118,1,10
25738,3964,12,2,20
25739,24806,62,1,20
25740,24806,122,1,20
25741,6567,5,1,0
25742,6567,124,1,0
25743,10210,21,3,0
25744,8741,3,1,0
25745,8741,102,1,20
25746,9268,76,2,0
25747,19151,12,3,10
25748,43,117,1,5
25749,43,66,1,15
25750,43,111,1,0
25751,43,14,2,30
25752,6037,91,1,15
25753,15,71,2,15
25754,15,117,1,5
25755,11892,123,1,25
25756,11892,118,3,5
25757,11892,142,1,5
25758,23159,91,1,5
25759,16958,26,1,15
25760,16958,75,1,5
25761,20349,40,1,10
25762,3502,73,2,10
25763,21060,90,2,5
25764,21060,121,1,5
25765,15517,76,2,0
25766,24121,14,2,30
25767,17605,76,1,0
25768,13586,70,1,15
25769,13586,117,2,5
25770,13604,87,1,20
25771,22804,104,1,0
25772,21862,68,1,25
25773,21862,65,1,15
25774,21862,140,2,30
25775,21862,19,1,5
25776,302,104,1,10
25777,302,64,2,25
25778,302,103,1,0
25779,21677,60,1,10
25780,21677,140,1,25
25781,6586,139,2,15
25782,6586,53,2,10
25783,17408,128,1,10
25784,6984,66,1,10
25785,5920,64,1,10
25786,22038,85,1,5
25787,22038,67,1,0
25788,24469,72,3,25
25789,24469,103,4,10
25790,24469,137,4,10
25791,24469,140,1,15
25792,15183,99,1,5
25793,644,37,2,0
25794,644,117,1,10
25795,14321,64,1,20
25796,2561,19,2,10
25797,12515,126,4,5
25798,12515,24,1,0
25799,10044,124,2,20
25800,10044,141,1,5
25801,17212,73,1,5
25802,9646,63,1,25
25803,10284,88,2,20
25804,23646,28,2,10
25805,23646,133,1,5
25806,23646,132,1,15
25807,20484,20,2,0
25808,8599,47,1,10
25809,11977,46,1,25
25810,11977,146,1,15
25811,22151,140,1,5
25812,4630,46,1,20
25813,4630,19,1,10
25814,4630,145,1,10
25815,2740,3,1,10
25816,2740,75,1,5
25817,13939,28,1,0
25818,13939,133,1,10
25819,15305,71,1,10
25820,18479,117,2,0
25821,18479,66,2,20
25822,2090,142,1,20
25823,2090,51,2,5
25824,10,90,1,25
25825,14457,126,2,5
25826,14457,71,1,0
25827,14457,50,1,15
25828,5151,52,1,10
25829,8794,54,1,0
25830,17790,141,1,30
25831,12877,104,1,20
25832,12877,145,1,0
25833,13112,53,1,5
25834,385,106,1,5
25835,22887,73,1,5
25836,22887,66,1,15
25837,22887,56,1,10
25838,22887,68,1,20
25839,13765,104,1,25
25840,6114,50,1,25
25841,6114,67,1,15
25842,5014,123,2,15
25843,5014,10,1,0
25844,13843,54,3,0
25845,11266,131,1,10
25846,2812,78,1,0
25847,23634,140,1,10
25848,23634,44,2,10
25849,1035,70,2,20
25850,6173,2,2,0
25851,2943,94,1,15
25852,7197,81,1,10
25853,7197,18,1,0
25854,10584,42,1,0
25855,10584,91,1,5
25856,4391,6,1,15
25857,4391,96,1,25
25858,4391,91,2,0
25859,8459,81,1,30
25860,22429,136,1,10
25861,13842,122,1,0
25862,16722,57,2,10
25863,17152,46,3,0
25864,17152,139,1,10
25865,17152,118,1,15
25866,17152,140,1,0
25867,12387,39,1,0
25868,9472,124,1,30
25869,8061,63,1,20
25870,16365,110,1,20
25871,6767,15,4,20
25872,16375,81,1,0
25873,558,37,2,15
25874,558,32,1,5
25875,558,68,2,10
25876,3791,12,4,15
25877,3791,53,1,10
25878,16077,66,3,10
25879,16077,124,3,25
25880,20701,103,1,10
25881,20701,121,1,25
25882,24306,84,1,10
25883,24306,65,2,20
25884,24306,124,1,10
25885,21904,60,1,0
25886,21904,111,1,0
25887,21904,104,2,15
25888,6893,139,1,10
25889,11310,68,1,5
25890,10309,139,2,15
25891,21644,121,1,20
25892,21644,115,1,10
25893,19698,76,2,0
25894,19698,139,2,0
25895,21225,81,2,5
25896,21225,128,3,0
25897,21225,67,1,20
25898,7861,112,1,0
25899,6725,102,3,30
25900,6725,72,1,15
25901,6725,6,1,20
25902,13744,43,3,15
25903,24644,71,1,5
25904,23997,24,3,15
25905,23211,7,1,5
25906,23211,91,1,15
25907,23211,124,1,30
25908,23211,73,1,15
25909,19729,139,2,5
25910,19729,124,4,5
25911,19729,55,1,5
25912,16402,90,1,15
25913,16402,95,1,10
25914,14249,117,1,0
25915,14249,136,2,15
25916,14249,63,2,10
25917,14249,128,1,15
25918,8416,112,1,20
25919,6967,74,1,10
25920,6967,89,1,0
25921,2970,142,1,0
25922,2970,107,2,15
25923,5085,62,1,25
25924,7153,139,1,0
25925,21550,52,2,10
25926,14989,115,1,5
25927,6713,90,1,0
25928,6713,6,1,10
25929,2293,62,1,30
25930,16262,105,1,10
25931,14146,38,1,5
25932,14146,146,1,10
25933,1701,47,1,20
25934,1701,66,3,20
25935,4323,141,1,0
25936,8621,90,1,10
25937,2116,21,2,10
25938,2116,139,1,20
25939,1857,48,1,5
25940,1857,3,1,30
25941,21332,33,2,30
25942,23034,64,2,10
25943,23034,118,3,20
25944,16133,95,2,10
25945,16133,3,1,15
25946,22629,70,1,5
25947,4095,64,3,25
25948,7920,88,1,5
25949,12456,146,1,0
25950,2981,124,2,15
25951,2981,93,2,0
25952,19688,141,1,10
25953,19688,6,2,0
25954,19688,24,1,10
25955,2457,98,1,10
25956,2457,54,1,0
25957,11753,99,2,20
25958,2760,96,2,5
25959,2760,124,1,10
25960,1846,103,1,0
25961,17488,52,3,5
25962,17488,93,1,0
25963,17488,54,2,0
25964,12203,145,2,5
25965,12203,98,1,0
25966,12737,81,3,5
25967,12737,121,1,0
25968,19743,34,1,0
25969,14787,74,3,0
25970,14787,113,1,10
25971,14787,66,1,5
25972,10932,138,1,0
25973,10932,14,2,10
25974,7279,128,1,10
25975,7279,25,1,25
25976,7279,46,1,10
25977,1770,124,1,20
25978,17702,104,2,0
25979,17702,68,1,0
25980,17702,66,1,15
25981,17702,140,1,10
25982,8348,14,1,5
25983,20352,104,2,5
25984,20615,20,1,20
25985,161,46,1,0
25986,161,90,3,10
25987,4034,31,1,15
25988,4034,71,2,10
25989,24780,47,1,15
25990,24780,42,1,15
25991,16192,138,1,5
25992,77,91,1,0
25993,12495,143,2,10
25994,12495,66,2,10
25995,7260,50,1,20
25996,7260,73,1,25
25997,7260,150,2,25
25998,23740,143,1,15
25999,23740,61,2,15
26000,11811,94,1,0
26001,11811,47,1,15
26002,11811,52,1,15
26003,14585,46,1,5
26004,18952,60,1,15
26005,5614,96,1,15
26006,5614,35,2,5
26007,24375,24,1,15
26008,9783,56,2,0
26009,23570,37,1,0
26010,2635,72,3,0
26011,2635,20,1,15
26012,2635,140,1,15
26013,970,104,1,30
26014,970,54,1,15
26015,13223,126,2,20
26016,13223,37,1,0
26017,13223,141,2,15
26018,32,10,1,15
26019,23920,99,1,30
26020,23920,101,3,10
26021,16366,60,1,15
26022,11619,6,1,0
26023,16562,70,3,15
26024,16562,124,1,20
26025,3284,88,3,25
26026,12610,16,1,10
26027,22162,145,4,15
26028,22163,95,3,0
26029,9702,3,1,10
26030,7077,71,2,5
26031,16496,98,1,10
26032,16496,146,1,20
26033,21012,124,2,10
26034,8923,42,1,20
26035,11861,43,1,5
26036,10491,142,2,15
26037,7716,55,2,10
26038,10515,3,2,15
26039,19119,84,1,10
26040,19119,29,1,5
26041,7289,71,2,15
26042,13723,71,1,25
26043,13723,127,2,30
26044,19113,84,2,20
26045,19113,125,1,5
26046,19113,36,1,10
26047,22323,31,1,20
26048,22323,128,2,20
26049,22323,70,1,10
26050,12381,93,1,5
26051,12381,103,2,0
26052,4938,40,1,5
26053,4938,26,1,20
26054,23794,124,2,0
26055,20358,141,3,10
26056,24093,53,1,20
26057,24093,8,2,20
26058,24093,40,1,5
26059,9483,78,2,10
26060,17131,93,1,10
26061,13930,14,1,5
26062,13930,136,3,30
26063,13531,49,1,5
26064,13531,12,1,15
26065,22809,126,1,5
26066,22809,29,1,0
26067,17819,53,1,25
26068,17819,121,1,15
26069,17819,78,3,10
26070,8948,46,3,5
26071,9692,12,2,15
26072,9692,56,1,10
26073,5193,56,1,10
26074,5193,117,2,5
26075,3589,70,2,30
26076,3589,37,1,10
26077,4724,64,1,25
26078,14453,141,1,10
26079,4831,105,2,5
26080,13528,124,1,5
26081,4896,14,3,0
26082,4104,46,1,10
26083,4104,4,2,15
26084,21057,8,4,5
26085,21057,54,2,0
26086,21057,11,1,10
26087,24353,91,1,0
26088,2324,47,4,5
26089,20806,28,1,15
26090,20806,104,1,10
26091,2470,101,3,15
26092,4867,67,1,0
26093,6140,122,1,10
26094,20810,86,2,0
26095,20810,33,2,10
26096,20810,4,2,0
26097,10697,38,1,10
26098,10697,54,2,0
26099,10697,102,1,25
26100,13158,61,1,0
26101,13158,145,1,0
26102,9564,104,1,10
26103,9564,14,1,0
26104,16476,34,3,10
26105,16476,139,1,25
26106,17523,47,2,20
26107,17523,124,3,25
26108,24750,140,1,5
26109,15154,20,2,5
26110,19513,98,3,30
26111,19999,90,1,0
26112,19999,52,1,5
26113,19999,141,2,30
26114,23134,53,1,5
26115,23134,122,3,25
26116,6299,144,1,25
26117,6299,52,1,5
26118,5601,117,1,5
26119,5601,121,1,10
26120,6706,124,1,20
26121,14345,92,1,25
26122,14345,90,2,10
26123,12432,47,2,5
26124,12432,90,2,5
26125,12432,42,1,20
26126,10350,22,1,20
26127,10350,3,2,10
26128,24103,141,2,20
26129,24103,66,1,10
26130,24103,128,1,15
26131,24103,90,2,5
26132,13740,138,3,0
26133,13791,93,1,0
26134,5827,43,1,0
26135,5827,117,2,0
26136,5827,128,2,0
26137,7715,60,1,5
26138,23546,73,2,0
26139,23546,75,4,5
26140,4344,70,1,15
26141,4344,71,2,0
26142,10001,117,1,15
26143,6476,142,1,0
26144,6474,20,3,10
26145,6474,3,2,20
26146,23378,53,1,0
26147,21024,127,1,5
26148,3076,107,1,0
26149,17155,61,1,10
26150,14937,124,1,20
26151,14937,24,1,20
26152,16025,146,1,15
26153,16025,68,3,0
26154,16025,90,1,5
26155,6276,1,1,5
26156,4991,73,2,30
26157,4991,24,2,20
26158,6666,132,2,5
26159,11919,95,2,30
26160,17401,17,1,25
26161,17401,107,3,20
26162,4526,148,1,15
26163,7322,84,1,25
26164,1335,91,1,5
26165,1335,41,1,15
26166,23742,91,1,15
26167,23742,73,1,15
26168,23348,71,2,15
26169,10307,110,2,5
26170,24049,141,2,20
26171,24049,6,3,25
26172,5526,52,2,15
26173,2738,56,2,15
26174,20877,69,2,25
26175,20877,99,1,20
26176,20877,137,1,30
26177,18279,50,3,10
26178,18279,117,2,10
26179,18279,107,1,15
26180,21932,139,1,10
26181,21932,70,2,15
26182,358,11,1,15
26183,358,69,1,10
26184,358,76,3,20
26185,358,17,1,30
26186,11594,90,1,5
26187,23678,132,1,5
26188,14620,141,2,10
26189,7022,140,1,10
26190,20046,141,1,0
26191,11982,88,2,0
26192,12764,84,1,10
26193,12764,73,3,10
26194,12764,20,1,15
26195,6305,142,1,15
26196,3583,132,1,5
26197,22858,136,1,0
26198,13315,60,1,5
26199,13315,96,1,5
26200,13315,138,3,5
26201,13315,51,1,5
26202,20784,28,1,0
26203,20784,70,3,25
26204,1662,60,1,5
26205,14349,29,1,5
26206,14349,84,1,5
26207,1880,91,1,15
26208,9283,144,2,0
26209,9283,103,1,0
26210,9283,50,2,0
26211,20171,47,1,0
26212,20171,126,1,20
26213,20171,55,3,5
26214,9849,67,1,5
26215,9849,143,1,5
26216,9849,90,1,15
26217,17409,71,1,10
26218,478,42,3,20
26219,20078,129,2,5
26220,20078,83,1,5
26221,20078,72,1,15
26222,12666,88,3,20
26223,1897,141,1,0
26224,1897,90,1,25
26225,300,131,1,10
26226,3946,87,1,15
26227,3946,90,4,15
26228,3946,21,2,5
26229,24290,56,3,5
26230,18232,56,3,25
26231,18232,43,1,5
26232,22565,66,1,10
26233,15825,23,1,0
26234,15825,17,1,0
26235,7600,142,1,10
26236,7600,96,1,15
26237,7030,141,1,30
26238,22252,68,1,10
26239,3315,66,1,5
26240,3315,124,3,0
26241,7672,128,1,5
26242,18605,107,2,15
26243,18605,69,4,20
26244,18958,90,1,30
26245,18958,48,1,5
26246,15656,14,1,0
26247,15656,78,1,0
26248,15656,117,2,0
26249,15656,114,1,10
26250,3150,6,2,0
26251,20312,118,1,10
26252,20312,103,1,0
26253,20312,148,3,20
26254,13320,63,3,0
26255,13320,62,1,0
26256,16984,125,2,0
26257,384,29,1,0
26258,14243,4,1,15
26259,14243,67,1,15
26260,14243,42,1,10
26261,4218,60,1,5
26262,4218,20,1,15
26263,4218,84,1,0
26264,12847,140,1,0
26265,4266,17,1,5
26266,23532,137,1,15
26267,23532,146,1,10
26268,10504,97,1,0
26269,10504,145,1,0
26270,10504,81,1,0
26271,1297,124,1,5
26272,10226,73,1,0
26273,2176,99,2,30
26274,22564,71,1,0
26275,16325,93,1,10
26276,5124,98,4,15
26277,23620,28,1,20
26278,15544,38,2,10
26279,15544,91,2,30
26280,15544,37,1,10
26281,8938,139,1,0
26282,8938,146,1,30
26283,8938,88,1,20
26284,8938,90,2,10
26285,5507,66,2,5
26286,5507,76,1,10
26287,7682,146,1,0
26288,13967,139,1,10
26289,13967,72,1,5
26290,14580,86,1,5
26291,14580,71,1,10
26292,14580,132,1,20
26293,14580,90,3,15
26294,15314,90,2,20
26295,15314,43,1,0
26296,68,12,1,20
26297,68,91,1,20
26298,68,47,1,0
26299,22120,66,1,25
26300,3406,81,2,10
26301,22105,71,3,20
26302,22105,42,2,15
26303,18407,142,2,0
26304,14369,117,1,5
26305,14369,63,1,15
26306,4770,46,1,20
26307,4770,129,1,0
26308,17971,29,1,30
26309,17971,111,1,0
26310,17590,139,2,5
26311,2504,150,1,5
26312,2504,12,1,5
26313,11802,63,1,10
26314,10927,115,1,5
26315,2747,75,1,15
26316,2747,63,2,0
26317,2747,142,3,10
26318,18153,42,1,15
26319,7257,80,1,0
26320,7257,63,2,20
26321,7257,100,1,0
26322,7257,133,2,20
26323,14640,61,2,5
26324,14640,146,3,15
26325,14640,133,1,15
26326,22755,55,3,10
26327,7034,126,1,20
26328,7034,61,1,5
26329,7034,137,3,5
26330,18823,8,1,15
26331,1463,134,1,10
26332,1655,90,2,0
26333,7457,88,1,5
26334,7457,148,1,20
26335,7457,124,1,10
26336,7457,75,1,0
26337,23734,139,1,10
26338,11575,107,3,0
26339,19761,71,1,0
26340,19761,146,1,5
26341,19357,24,3,15
26342,21576,19,1,30
26343,21576,139,1,5
26344,5665,80,1,5
26345,23791,43,1,5
26346,9372,12,1,10
26347,6614,96,1,0
26348,6614,117,1,25
26349,6614,89,1,0
26350,6614,71,1,0
26351,4592,90,1,0
26352,4592,46,1,15
26353,4592,75,4,0
26354,7417,83,1,0
26355,10617,128,1,5
26356,10617,129,2,25
26357,10617,64,1,10
26358,16007,60,1,20
26359,16007,85,1,15
26360,15202,61,3,5
26361,13567,9,2,0
26362,13567,143,1,0
26363,21165,121,1,5
26364,3819,66,2,5
26365,9254,29,1,0
26366,18087,76,3,25
26367,22191,129,1,0
26368,19260,133,2,20
26369,19260,139,1,15
26370,5450,38,2,15
26371,5450,137,1,0
26372,8470,84,2,20
26373,16529,96,1,5
26374,16529,31,1,15
26375,16529,65,2,25
26376,24165,28,1,20
26377,24165,76,1,20
26378,21700,11,1,5
26379,19074,123,2,5
26380,9629,141,1,5
26381,9629,18,1,15
26382,9629,33,1,5
26383,9629,144,1,20
26384,21239,125,2,20
26385,21239,110,1,10
26386,21239,88,1,15
26387,21239,78,2,5
26388,15357,19,1,15
26389,15357,96,1,30
26390,10490,136,1,0
26391,22859,50,1,0
26392,24833,60,2,0
26393,504,29,1,25
26394,1500,101,4,10
26395,1500,42,2,15
26396,1500,142,1,20
26397,6163,140,1,0
26398,6163,142,2,0
26399,6163,48,1,0
26400,20509,98,1,15
26401,14182,149,1,0
26402,9262,143,1,0
26403,9262,129,3,25
26404,20639,63,1,15
26405,6526,124,1,0
26406,6526,150,1,15
26407,19156,10,2,30
26408,19156,48,1,25
26409,2653,90,1,25
26410,2653,96,1,25
26411,22113,95,1,0
26412,20384,68,1,5
26413,10009,107,2,5
26414,12338,84,1,25
26415,12338,75,1,30
26416,24117,28,2,20
26417,16244,81,1,5
26418,16244,94,2,0
26419,16244,29,1,20
26420,11582,59,1,5
26421,11582,14,1,25
26422,11582,146,1,0
26423,1930,76,1,15
26424,1930,53,1,15
26425,1838,22,1,0
26426,3646,133,1,10
26427,4620,71,2,20
26428,4620,102,3,5
26429,6562,103,3,0
26430,13890,2,1,20
26431,8436,54,1,15
26432,21181,36,2,10
26433,21181,2,1,0
26434,1355,90,1,20
26435,6857,3,1,0
26436,5024,129,1,0
26437,8806,85,2,20
26438,8806,117,1,15
26439,8806,68,1,15
26440,8806,37,1,10
26441,4314,67,1,10
26442,8458,98,1,5
26443,11394,72,1,15
26444,11394,36,1,25
26445,13218,104,1,5
26446,13218,117,1,20
26447,18617,19,1,10
26448,18617,49,1,0
26449,18617,141,1,10
26450,18617,126,1,10
26451,23390,19,1,20
26452,12107,47,1,20
26453,16863,61,1,10
26454,12948,8,3,5
26455,12948,2,1,5
26456,12948,4,1,0
26457,19077,17,1,0
26458,15826,56,1,5
26459,15826,124,1,5
26460,10170,37,1,25
26461,13785,128,1,0
26462,13610,96,1,10
26463,13610,55,2,15
26464,13610,47,1,15
26465,4165,95,1,5
26466,4165,72,1,15
26467,15758,47,2,5
26468,15758,139,3,0
26469,15758,36,1,10
26470,13230,70,1,30
26471,15153,71,2,20
26472,20039,149,1,0
26473,20039,93,1,0
26474,23834,133,1,10
26475,22889,71,1,10
26476,22889,103,3,0
26477,21436,66,1,15
26478,11560,28,1,10
26479,11560,46,2,25
26480,11560,146,3,10
26481,8462,88,3,20
26482,8462,90,1,10
26483,4375,53,1,10
26484,4375,117,3,20
26485,17721,90,2,15
26486,17721,124,3,0
26487,18700,54,1,20
26488,11597,117,4,10
26489,10974,128,1,0
26490,10974,149,1,0
26491,10974,146,1,10
26492,5325,142,1,5
26493,20165,65,1,10
26494,17030,72,1,10
26495,17030,137,1,10
26496,17030,139,1,15
26497,20669,133,4,15
26498,362,37,1,10
26499,362,66,3,0
26500,362,112,3,0
26501,10406,65,2,30
26502,10406,146,1,0
26503,10406,99,1,0
26504,9481,29,1,0
26505,9481,66,1,15
26506,6720,126,2,0
26507,1504,128,1,20
26508,1504,75,1,0
26509,6095,28,1,0
26510,6095,101,1,0
26511,23213,139,2,0
26512,8670,139,1,10
26513,8670,84,3,10
26514,8670,10,1,20
26515,8670,90,1,20
26516,21615,139,1,5
26517,21615,46,2,25
26518,21615,38,2,15
26519,21615,124,1,0
26520,21300,66,3,15
26521,18812,71,1,10
26522,24660,53,2,5
26523,17381,60,1,15
26524,17743,19,1,10
26525,17743,117,1,10
26526,11226,4,1,25
26527,11226,104,2,20
26528,11226,61,2,30
26529,11226,142,1,0
26530,3849,59,1,25
26531,3849,124,1,30
26532,21179,12,1,0
26533,11870,90,3,10
26534,22414,15,1,5
26535,22414,21,1,0
26536,4054,143,1,25
26537,4054,103,1,5
26538,10078,35,1,20
26539,8051,81,2,20
26540,8051,140,2,10
26541,8051,66,3,0
26542,14332,128,1,0
26543,3885,73,1,20
26544,3885,72,2,15
26545,9719,1,2,10
26546,9719,17,1,0
26547,9719,29,2,10
26548,19811,75,1,15
26549,19811,50,2,5
26550,19811,84,2,30
26551,2952,42,1,0
26552,2952,68,3,0
26553,3804,131,1,5
26554,3804,71,2,20
26555,10720,91,2,15
26556,10720,76,1,15
26557,10720,140,1,15
26558,8510,117,1,25
26559,8510,141,1,10
26560,19868,146,2,0
26561,6621,90,1,10
26562,15893,117,2,5
26563,15893,42,2,15
26564,15893,46,2,15
26565,15893,126,1,15
26566,12206,103,3,30
26567,12206,53,1,5
26568,12206,132,2,5
26569,12206,80,1,20
26570,9258,124,1,10
26571,5548,14,1,15
26572,5548,125,1,0
26573,19169,62,2,15
26574,13453,20,3,5
26575,13453,129,1,0
26576,14330,105,4,10
26577,14330,54,1,20
26578,8167,91,1,5
26579,8167,52,2,20
26580,3293,2,1,0
26581,3293,99,4,0
26582,3293,37,3,0
26583,13375,139,2,15
26584,13375,101,1,25
26585,13375,42,1,20
26586,17719,59,1,10
26587,17719,114,1,10
26588,24423,140,2,10
26589,24423,95,1,10
26590,13633,132,1,15
26591,13633,74,1,10
26592,8062,52,1,0
26593,8062,140,1,25
26594,8062,102,2,25
26595,8062,62,2,0
26596,5322,102,2,20
26597,240,138,2,20
26598,5098,116,4,10
26599,5098,67,2,10
26600,15752,124,1,10
26601,15752,96,2,30
26602,15752,42,1,20
26603,15752,117,3,10
26604,12620,139,1,10
26605,12620,102,2,15
26606,10040,95,1,15
26607,10040,138,1,5
26608,20391,80,4,15
26609,20391,21,1,20
26610,20391,149,1,0
26611,20391,43,2,10
26612,18493,95,2,0
26613,42,55,1,10
26614,42,27,1,25
26615,42,60,1,5
26616,12003,85,1,20
26617,12003,72,1,20
26618,12003,133,1,20
26619,5396,75,1,15
26620,5396,93,1,5
26621,5396,88,1,5
26622,6456,67,1,0
26623,15291,3,1,25
26624,15291,10,1,0
26625,9995,143,1,10
26626,9995,4,1,0
26627,2032,28,1,5
26628,11716,69,1,5
26629,13828,90,3,15
26630,12343,45,1,0
26631,12897,102,1,15
26632,3706,147,1,0
26633,16811,95,1,25
26634,13814,67,2,10
26635,11335,124,1,10
26636,20779,50,2,30
26637,20779,96,1,15
26638,20779,141,2,20
26639,5308,2,1,0
26640,11126,117,1,5
26641,11126,50,1,0
26642,6889,71,1,5
26643,1969,42,2,10
26644,19982,129,1,0
26645,19982,16,2,10
26646,23361,124,3,20
26647,17404,116,1,0
26648,17404,42,2,10
26649,17404,141,4,0
26650,17404,47,3,10
26651,3195,93,1,10
26652,3195,6,1,0
26653,14364,54,2,0
26654,21155,128,1,5
26655,21155,46,1,5
26656,5629,16,1,0
26657,5629,81,1,0
26658,9060,128,4,0
26659,5793,128,1,30
26660,9145,100,2,5
26661,18600,32,3,10
26662,9916,14,1,0
26663,18265,6,2,0
26664,4394,142,1,15
26665,23119,142,2,10
26666,23119,109,1,0
26667,116,42,2,0
26668,19063,64,2,15
26669,18645,101,1,20
26670,18645,91,1,20
26671,18645,124,1,15
26672,18645,22,1,10
26673,23476,121,2,5
26674,23476,24,2,5
26675,8360,53,1,25
26676,23413,8,2,15
26677,23413,64,1,0
26678,22313,107,4,0
26679,16105,47,2,20
26680,7588,86,1,0
26681,7588,90,2,10
26682,4850,50,1,0
26683,24185,33,2,15
26684,22391,96,1,5
26685,347,148,1,0
26686,347,149,1,10
26687,347,102,1,0
26688,347,117,1,0
26689,968,140,3,0
26690,11555,43,1,0
26691,11555,118,2,5
26692,11555,90,1,15
26693,3322,55,3,5
26694,4202,145,1,20
26695,4202,81,1,0
26696,12187,36,2,20
26697,23628,131,1,30
26698,15196,117,1,25
26699,22079,141,3,15
26700,22079,90,2,15
26701,20467,75,3,0
26702,21500,70,1,0
26703,17346,104,1,0
26704,13985,78,1,5
26705,2308,50,3,5
26706,2308,28,1,0
26707,1084,102,3,5
26708,22797,144,1,10
26709,22797,139,2,5
26710,24207,43,1,15
26711,24207,90,1,15
26712,24207,81,3,30
26713,2855,50,1,0
26714,11124,112,1,10
26715,7209,12,1,0
26716,16514,14,1,0
26717,16514,114,1,10
26718,16514,1,1,0
26719,16514,90,1,20
26720,24129,133,1,10
26721,23704,124,1,15
26722,2051,46,1,0
26723,16332,53,1,10
26724,19301,104,2,0
26725,19301,126,3,30
26726,16390,50,1,30
26727,16390,76,1,0
26728,21710,68,1,0
26729,23027,78,1,25
26730,5097,141,3,20
26731,13105,92,1,20
26732,13105,48,1,10
26733,13105,124,2,5
26734,13105,38,1,30
26735,17368,61,1,15
26736,17368,10,2,10
26737,6693,52,1,5
26738,6693,131,4,0
26739,16260,126,1,10
26740,18229,147,1,20
26741,18229,29,2,10
26742,18229,1,1,25
26743,24393,137,1,0
26744,24393,54,1,0
26745,23081,76,1,10
26746,8408,132,1,20
26747,89,70,1,5
26748,23812,71,1,30
26749,23812,75,1,25
26750,2512,45,1,10
26751,2512,143,1,5
26752,3123,62,1,0
26753,3123,122,1,10
26754,3123,117,2,5
26755,13268,16,1,10
26756,11863,19,1,0
26757,11863,43,2,15
26758,11863,91,1,5
26759,14210,64,1,5
26760,14210,128,1,0
26761,14210,78,1,10
26762,14310,150,1,15
26763,14310,40,4,0
26764,14310,117,1,0
26765,4001,54,2,10
26766,4001,90,2,5
26767,19573,78,1,0
26768,13753,92,1,25
26769,13753,141,1,5
26770,483,20,1,10
26771,483,141,2,20
26772,483,75,1,0
26773,483,149,1,10
26774,3916,84,2,0
26775,4691,72,2,5
26776,22204,78,1,0
26777,21562,3,1,5
26778,21562,6,1,20
26779,15124,33,1,5
26780,17863,73,1,5
26781,7720,143,2,25
26782,6222,54,2,15
26783,6222,95,1,25
26784,6222,82,1,10
26785,1102,14,1,5
26786,20720,133,1,5
26787,9647,29,1,10
26788,9647,61,2,25
26789,8572,128,2,10
26790,8572,45,2,5
26791,8572,65,1,20
26792,8572,14,1,10
26793,21633,102,1,10
26794,21633,36,1,25
26795,21633,141,2,0
26796,7245,132,1,20
26797,7245,124,1,0
26798,20605,133,3,10
26799,20605,55,1,0
26800,20605,126,1,10
26801,4030,104,1,25
26802,22895,6,4,0
26803,1807,36,2,10
26804,17073,28,1,10
26805,5571,149,2,5
26806,23585,42,1,15
26807,3239,141,2,5
26808,9594,143,1,0
26809,17706,63,2,5
26810,17706,126,1,15
26811,16400,139,1,15
26812,16400,14,1,0
26813,19463,129,2,15
26814,19463,91,1,5
26815,19463,146,2,30
26816,19463,56,1,15
26817,5850,10,1,0
26818,5126,118,2,5
26819,5126,70,2,25
26820,16207,118,1,15
26821,12648,71,3,0
26822,4460,142,1,5
26823,18454,48,2,10
26824,18454,66,2,0
26825,18454,98,1,20
26826,18454,12,1,15
26827,11702,77,2,20
26828,4687,31,2,0
26829,24526,148,1,20
26830,20117,93,1,0
26831,20117,75,1,0
26832,22716,111,3,15
26833,22716,55,1,10
26834,15866,96,1,10
26835,15866,24,1,20
26836,5284,129,1,20
26837,5284,95,2,15
26838,11917,28,3,15
26839,14895,136,1,10
26840,19312,86,3,20
26841,15475,128,1,25
26842,15475,46,1,10
26843,15475,56,1,0
26844,4480,133,1,10
26845,21410,56,2,10
26846,18102,37,1,30
26847,24640,55,2,25
26848,6303,117,1,10
26849,21628,81,1,5
26850,10003,63,3,20
26851,12164,14,1,5
26852,3343,142,2,15
26853,3343,141,1,20
26854,11017,70,1,20
26855,11017,53,1,5
26856,11017,128,1,10
26857,7055,124,1,10
26858,7055,50,1,0
26859,2347,21,1,5
26860,2347,128,2,15
26861,11426,91,2,20
26862,11426,6,2,25
26863,11426,128,2,0
26864,11426,81,1,0
26865,17943,85,1,5
26866,17943,128,1,0
26867,17943,33,2,0
26868,5851,142,1,10
26869,2886,71,1,0
26870,3374,54,1,15
26871,15601,52,1,0
26872,15601,46,1,0
26873,9034,60,1,10
26874,6503,139,2,10
26875,6503,95,1,5
26876,6731,141,3,20
26877,6731,144,2,20
26878,16907,6,2,10
26879,16907,47,2,25
26880,7325,43,1,10
26881,7325,88,2,10
26882,7325,90,1,15
26883,10331,149,3,25
26884,1299,71,1,0
26885,556,12,1,25
26886,556,62,1,15
26887,556,2,1,5
26888,2873,60,1,0
26889,2873,6,1,0
26890,13860,148,3,15
26891,18023,21,1,5
26892,18023,83,2,10
26893,5579,21,1,20
26894,19187,115,1,10
26895,17762,103,1,0
26896,19412,139,2,20
26897,20570,84,1,0
26898,20513,136,1,15
26899,20513,69,1,30
26900,4744,73,1,15
26901,17684,2,2,20
26902,9751,20,1,0
26903,9751,149,1,10
26904,9751,75,2,0
26905,14645,133,1,0
26906,14645,14,3,10
26907,20937,146,1,20
26908,20937,128,1,0
26909,20937,56,1,20
26910,20937,126,1,10
26911,14971,3,3,0
26912,10521,142,1,10
26913,13849,24,1,0
26914,13849,15,1,10
26915,15639,64,1,15
26916,15639,124,1,10
26917,1695,126,2,5
26918,1695,50,1,20
26919,6645,99,2,20
26920,6645,105,1,0
26921,24187,92,1,0
26922,2405,137,1,10
26923,23967,128,1,0
26924,16513,117,2,5
26925,12805,129,1,10
26926,12805,89,1,20
26927,12805,95,2,15
26928,1156,113,1,10
26929,15718,138,1,20
26930,5418,37,1,20
26931,4115,141,3,10
26932,19602,62,1,20
26933,10919,149,1,15
26934,10919,94,1,10
26935,12785,109,2,10
26936,776,28,3,10
26937,776,117,2,10
26938,1994,1,1,5
26939,21096,63,1,0
26940,22361,148,1,15
26941,22361,28,2,5
26942,1018,124,3,10
26943,5165,63,3,15
26944,10679,103,1,0
26945,1293,100,1,10
26946,1293,96,3,10
26947,1293,140,1,30
26948,1293,72,1,15
26949,4304,116,1,10
26950,4304,81,1,5
26951,4304,62,1,15
26952,5939,104,1,15
26953,904,90,2,25
26954,238,28,1,5
26955,24441,91,1,20
26956,2853,146,3,5
26957,23745,105,4,0
26958,23745,42,1,15
26959,11842,36,1,10
26960,11842,46,1,0
26961,16411,55,1,10
26962,16411,73,1,15
26963,7009,18,2,10
26964,14696,139,2,10
26965,13919,96,1,25
26966,9809,120,4,0
26967,19337,42,1,5
26968,21890,56,2,10
26969,21890,129,1,5
26970,21843,104,3,0
26971,12506,69,3,25
26972,12506,34,1,5
26973,24901,76,1,15
26974,7230,66,1,25
26975,14496,70,4,10
26976,14496,138,2,25
26977,12446,117,2,10
26978,12861,6,1,0
26979,12861,102,2,5
26980,13147,81,1,15
26981,11435,2,1,10
26982,5335,140,1,15
26983,24025,74,1,15
26984,12236,7,1,0
26985,15408,42,4,20
26986,15408,146,2,0
26987,11696,105,1,15
26988,11696,129,2,15
26989,14154,16,1,0
26990,13690,73,1,20
26991,16237,60,1,15
26992,4714,96,2,5
26993,15462,90,2,10
26994,15462,95,1,20
26995,15462,64,1,30
26996,10201,67,2,0
26997,12157,16,1,5
26998,12157,136,1,25
26999,2341,87,1,20
27000,2341,60,1,15
27001,4000,117,1,20
27002,10288,84,1,25
27003,1714,36,1,10
27004,588,117,2,15
27005,588,142,1,0
27006,588,21,1,0
27007,588,145,3,0
27008,24003,73,1,0
27009,8110,3,3,15
27010,12668,94,1,0
27011,5339,91,2,10
27012,5339,125,1,10
27013,5339,23,1,20
27014,3824,35,2,30
27015,7320,2,1,15
27016,15623,69,1,0
27017,15623,70,3,15
27018,15623,117,1,10
27019,17709,126,1,0
27020,17709,91,4,15
27021,12978,96,1,0
27022,1070,128,2,15
27023,1070,100,1,15
27024,8500,134,4,15
27025,8500,101,2,5
27026,8500,117,1,10
27027,6952,28,3,5
27028,17461,95,1,20
27029,20332,75,2,20
27030,4885,91,3,0
27031,1821,96,2,25
27032,19880,126,2,0
27033,7043,73,1,5
27034,1441,74,3,15
27035,1441,104,3,10
27036,21458,94,1,5
27037,21458,140,1,15
27038,16953,145,1,5
27039,8197,71,1,0
27040,8197,66,1,0
27041,22462,47,1,10
27042,16289,146,3,0
27043,16289,124,1,0
27044,16289,32,1,10
27045,12144,105,3,10
27046,12144,4,1,0
27047,16275,72,1,5
27048,16275,104,1,5
27049,7824,90,2,0
27050,18489,27,2,15
27051,18489,90,1,25
27052,18471,124,2,25
27053,295,124,1,15
27054,295,140,2,5
27055,13238,136,2,5
27056,13238,91,1,30
27057,13238,14,1,0
27058,5800,28,1,15
27059,17607,54,1,15
27060,24391,54,1,15
27061,4764,70,1,0
27062,12044,60,2,20
27063,8562,129,2,20
27064,17064,145,1,10
27065,8233,70,3,0
27066,5900,103,1,10
27067,20608,98,2,15
27068,20608,14,2,0
27069,20608,140,1,5
27070,20608,141,1,25
27071,17595,56,1,25
27072,17595,121,3,25
27073,9682,2,1,15
27074,24578,135,3,10
27075,24999,147,2,10
27076,3044,9,1,10
27077,6035,124,3,0
27078,8537,115,1,5
27079,16442,78,2,0
27080,24155,67,2,10
27081,24155,87,2,0
27082,24155,145,2,10
27083,24155,63,2,0
27084,20418,142,1,0
27085,20418,140,2,5
27086,16693,54,1,10
27087,16693,137,1,20
27088,21797,146,2,0
27089,24342,54,1,10
27090,111,128,1,20
27091,7518,24,1,15
27092,16591,28,1,25
27093,24085,42,1,5
27094,17726,50,1,30
27095,21011,62,1,10
27096,18248,141,2,0
27097,9829,68,1,0
27098,9829,76,1,15
27099,801,114,2,0
27100,801,64,2,5
27101,801,29,1,5
27102,3704,142,1,5
27103,3704,50,2,15
27104,1206,46,1,10
27105,18636,8,2,0
27106,10793,140,3,20
27107,10793,134,1,10
27108,10793,93,1,5
27109,16765,42,1,25
27110,16765,91,1,20
27111,4250,72,1,5
27112,10845,12,2,15
27113,5746,124,1,10
27114,4506,137,3,0
27115,4506,115,1,10
27116,8257,87,1,0
27117,17911,63,1,0
27118,14911,138,1,0
27119,15131,73,1,25
27120,15131,31,2,10
27121,15131,81,2,10
27122,11339,50,1,10
27123,3747,28,1,15
27124,9733,55,1,30
27125,2651,126,1,10
27126,2651,101,1,15
27127,2651,91,1,0
27128,2651,42,2,10
27129,14109,63,1,10
27130,14109,139,1,0
27131,14109,78,1,15
27132,19865,66,1,10
27133,20470,139,1,25
27134,21829,149,2,25
27135,20873,129,1,5
27136,15244,24,2,20
27137,6498,65,1,20
27138,22538,74,3,10
27139,22538,106,3,5
27140,22538,90,2,15
27141,2089,75,1,20
27142,2089,91,1,10
27143,10171,59,1,5
27144,10171,47,1,5
27145,10171,138,1,20
27146,2166,70,1,20
27147,10603,46,1,0
27148,10531,95,1,15
27149,10531,43,1,0
27150,10531,117,1,0
27151,10531,84,2,30
27152,3259,90,1,5
27153,3259,68,1,10
27154,3259,140,2,10
27155,17667,117,2,5
27156,19029,124,2,15
27157,19029,95,1,10
27158,17961,104,1,20
27159,17961,124,1,20
27160,2381,42,1,5
27161,15761,138,1,10
27162,1934,43,1,15
27163,8141,139,1,0
27164,8141,65,1,10
27165,18113,54,1,20
27166,18113,141,1,10
27167,10577,91,1,20
27168,23299,42,1,15
27169,23299,117,1,25
27170,23299,26,4,0
27171,23299,105,3,15
27172,15348,70,1,0
27173,15348,115,2,10
27174,10489,122,2,5
27175,20128,42,1,5
27176,8821,66,2,5
27177,8821,8,1,5
27178,7930,139,2,0
27179,20536,71,2,15
27180,20536,28,2,5
27181,20536,89,1,15
27182,6228,71,1,0
27183,22808,72,1,5
27184,21014,107,1,10
27185,21014,150,1,5
27186,8561,26,1,10
27187,8561,136,1,0
27188,10572,81,1,25
27189,23260,36,2,30
27190,23260,66,1,20
27191,23260,29,1,20
27192,13008,140,1,5
27193,6678,122,1,20
27194,7326,96,1,5
27195,23895,67,3,30
27196,23895,45,1,10
27197,617,141,1,0
27198,617,48,1,10
27199,15137,71,1,0
27200,1014,16,4,0
27201,1014,76,1,20
27202,19238,48,1,20
27203,19238,131,1,0
27204,8865,51,1,5
27205,6628,2,1,25
27206,9061,3,1,15
27207,9061,137,2,30
27208,7597,146,1,0
27209,7597,138,1,0
27210,24501,70,2,0
27211,3669,38,1,0
27212,17995,91,3,10
27213,15580,146,2,25
27214,15580,53,1,5
27215,15580,91,1,5
27216,18826,90,1,10
27217,24366,149,1,0
27218,24366,140,1,10
27219,24366,46,1,25
27220,1820,136,1,5
27221,1820,125,1,0
27222,1820,124,1,20
27223,22884,110,1,0
27224,11186,15,1,5
27225,2610,64,1,5
27226,13802,56,2,5
27227,13802,116,1,10
27228,7152,141,1,10
27229,618,104,1,25
27230,618,125,1,0
27231,11109,111,1,5
27232,11109,46,1,30
27233,12522,80,2,20
27234,12522,124,1,15
27235,6863,17,2,15
27236,6863,54,1,0
27237,10261,76,1,5
27238,18913,45,1,20
27239,12223,117,1,0
27240,13415,125,1,25
27241,13415,71,3,0
27242,7281,90,1,20
27243,16499,36,1,20
27244,16499,102,1,5
27245,24796,14,1,20
27246,24796,104,1,10
27247,24796,149,1,10
27248,17196,125,1,25
27249,17196,118,1,15
27250,10992,150,1,5
27251,21508,118,1,20
27252,21508,30,2,10
27253,21508,104,1,5
27254,14984,128,1,0
27255,12396,43,1,0
27256,729,30,1,5
27257,18893,29,3,25
27258,18893,110,1,5
27259,24316,81,3,0
27260,14818,46,1,0
27261,14818,95,1,15
27262,21213,3,2,0
27263,19106,70,1,0
27264,19106,133,2,15
27265,19106,48,2,5
27266,2152,140,1,0
27267,2152,24,3,5
27268,2535,3,2,5
27269,6295,63,1,10
27270,17701,52,1,25
27271,13561,45,3,0
27272,1505,4,4,25
27273,1505,128,2,0
27274,7342,42,1,0
27275,7342,126,1,25
27276,7342,143,1,0
27277,10734,136,1,30
27278,22143,128,2,0
27279,22143,73,2,0
27280,17139,68,1,10
27281,17139,139,1,10
27282,14712,73,2,0
27283,14712,142,1,10
27284,16995,70,2,25
27285,16995,46,1,10
27286,4544,1,1,10
27287,4544,117,1,15
27288,9997,90,1,0
27289,8499,124,1,10
27290,21938,89,1,0
27291,22760,73,1,15
27292,22760,66,2,10
27293,7625,90,2,0
27294,7625,53,3,30
27295,7543,65,1,10
27296,23932,34,1,0
27297,23335,53,2,10
27298,3457,142,1,15
27299,3457,46,1,20
27300,6955,124,1,10
27301,6955,66,1,10
27302,6955,63,4,5
27303,1262,48,1,15
27304,19593,36,1,10
27305,24124,141,1,10
27306,24124,37,1,5
27307,8449,38,1,5
27308,16318,117,2,5
27309,16318,104,1,10
27310,16318,71,1,0
27311,14446,66,1,15
27312,10144,105,1,10
27313,22800,55,2,15
27314,22800,93,1,20
27315,14162,115,1,0
27316,10119,104,2,5
27317,5120,63,1,5
27318,3603,125,1,5
27319,12674,76,1,5
27320,12674,140,1,0
27321,18977,66,2,0
27322,786,24,3,0
27323,9575,116,1,15
27324,14247,56,4,15
27325,3801,28,1,10
27326,3801,76,2,25
27327,14737,3,3,10
27328,5225,143,3,20
27329,11081,140,3,0
27330,6724,54,2,0
27331,6724,95,2,5
27332,16744,11,1,10
27333,398,143,1,10
27334,18221,65,2,25
27335,22912,81,3,5
27336,22912,73,1,10
27337,22912,90,1,20
27338,919,3,1,15
27339,3320,5,1,5
27340,3320,39,1,0
27341,3320,104,3,15
27342,17486,37,2,5
27343,13173,34,1,20
27344,22222,133,1,10
27345,22222,47,2,0
27346,1691,117,2,0
27347,1691,96,1,0
27348,1691,40,1,15
27349,7112,141,1,0
27350,7112,78,2,10
27351,9130,11,3,15
27352,10707,81,1,20
27353,10707,149,2,5
27354,10707,132,3,20
27355,13160,136,2,5
27356,23819,21,2,25
27357,23935,36,2,15
27358,17694,55,1,25
27359,4371,76,1,10
27360,13479,73,1,10
27361,12420,28,1,0
27362,9207,3,1,5
27363,14700,140,2,0
27364,3967,124,2,10
27365,3967,118,2,0
27366,3967,139,1,10
27367,18469,139,1,5
27368,9772,69,2,15
27369,9772,126,1,25
27370,16017,64,1,30
27371,16017,149,1,5
27372,16017,141,1,15
27373,13387,52,2,0
27374,22075,117,1,10
27375,22075,95,3,5
27376,24839,42,1,20
27377,24648,136,3,20
27378,11418,60,1,20
27379,862,142,1,0
27380,17812,78,2,0
27381,23839,93,3,20
27382,19465,141,3,5
27383,17873,71,1,0
27384,23393,59,1,20
27385,23393,93,1,30
27386,9870,90,1,10
27387,9870,140,1,0
27388,9870,146,3,5
27389,4409,124,1,10
27390,20311,55,1,20
27391,20311,146,1,0
27392,20311,71,2,0
27393,20731,19,2,30
27394,20731,100,2,0
27395,13663,55,1,10
27396,10759,73,1,5
27397,19783,25,1,20
27398,1542,45,1,20
27399,1542,15,1,10
27400,18311,3,1,25
27401,8691,64,1,0
27402,12383,140,1,10
27403,12383,125,1,5
27404,13085,118,4,0
27405,13085,128,1,5
27406,1099,64,1,0
27407,1099,75,1,20
27408,21326,64,2,25
27409,21383,55,4,15
27410,21383,32,1,10
27411,4284,31,2,0
27412,1023,53,1,5
27413,1023,78,1,5
27414,19208,17,2,25
27415,10792,128,1,0
27416,4609,3,1,5
27417,4609,121,1,10
27418,4609,104,4,20
27419,21192,91,1,10
27420,7327,145,2,5
27421,7327,53,1,20
27422,5197,95,1,0
27423,5197,110,1,15
27424,5197,28,1,25
27425,4089,73,1,15
27426,12890,71,1,15
27427,12890,54,2,0
27428,12890,25,1,25
27429,18512,73,2,5
27430,18512,66,1,25
27431,13820,21,1,0
27432,22586,42,1,15
27433,22586,55,1,15
27434,2599,104,1,5
27435,2599,71,1,0
27436,18172,133,1,5
27437,18172,18,1,25
27438,18172,19,2,5
27439,731,33,1,15
27440,21813,42,1,0
27441,21813,20,1,5
27442,21813,96,1,0
27443,19209,66,1,15
27444,17906,115,1,0
27445,17906,91,1,0
27446,13866,149,1,0
27447,2019,2,3,0
27448,23121,102,1,0
27449,14106,31,1,15
27450,14106,121,1,15
27451,14106,73,2,0
27452,12224,139,2,5
27453,1237,104,2,10
27454,1237,91,2,25
27455,6784,110,1,10
27456,13864,133,2,10
27457,21504,20,2,0
27458,15085,85,2,0
27459,15085,138,4,5
27460,15085,147,1,5
27461,23999,124,2,0
27462,23999,69,2,25
27463,23999,104,1,5
27464,5646,146,2,10
27465,14004,70,1,0
27466,6592,104,1,15
27467,11615,75,1,25
27468,11615,141,1,0
27469,17437,110,1,0
27470,17437,54,4,15
27471,17437,84,1,25
27472,17437,148,1,15
27473,19275,60,1,25
27474,19275,75,1,0
27475,19275,87,1,5
27476,19045,144,4,15
27477,19045,90,4,30
27478,19045,20,1,20
27479,14775,124,1,10
27480,14775,40,1,20
27481,14775,47,1,10
27482,10599,90,2,0
27483,10599,143,2,0
27484,10599,78,1,0
27485,8940,54,1,5
27486,8940,36,2,0
27487,14859,134,1,15
27488,14859,25,1,10
27489,11712,11,1,30
27490,22575,42,1,10
27491,18914,141,1,25
27492,8801,17,2,0
27493,8801,55,2,0
27494,8801,70,1,20
27495,15996,88,1,0
27496,15849,67,2,10
27497,15849,63,1,5
27498,15849,94,2,5
27499,20948,54,1,5
27500,20948,124,1,5
27501,20948,94,1,0
27502,23025,133,1,10
27503,299,42,1,0
27504,22309,141,1,5
27505,11948,3,1,5
27506,19041,1,2,10
27507,22902,65,1,10
27508,22902,36,3,15
27509,408,42,1,10
27510,408,12,1,30
27511,408,142,2,0
27512,408,133,1,10
27513,11886,45,1,15
27514,11886,17,1,0
27515,21944,88,1,20
27516,11746,43,1,5
27517,13433,128,1,0
27518,23598,42,3,0
27519,23598,103,1,10
27520,23598,71,1,5
27521,15289,42,2,0
27522,15289,117,1,20
27523,7666,75,1,25
27524,7666,91,2,0
27525,7666,43,1,10
27526,18621,42,2,5
27527,18621,65,1,25
27528,11718,28,1,15
27529,2306,96,1,0
27530,6391,17,1,5
27531,6391,54,1,10
27532,6391,16,2,25
27533,24895,115,1,0
27534,24895,21,1,10
27535,24895,112,1,15
27536,24162,124,2,5
27537,24162,91,1,20
27538,24162,67,2,30
27539,2835,98,4,15
27540,2835,141,1,5
27541,8223,43,1,25
27542,3719,85,1,25
27543,3719,91,1,10
27544,7653,121,1,0
27545,7063,59,1,5
27546,12384,78,1,5
27547,8442,124,1,0
27548,19304,67,1,30
27549,3348,117,1,10
27550,19358,129,2,0
27551,19358,124,1,10
27552,6701,71,2,20
27553,6060,90,1,20
27554,1690,52,1,10
27555,1690,88,1,10
27556,12653,100,1,30
27557,12499,143,3,15
27558,13638,46,1,10
27559,13638,75,1,5
27560,13638,61,1,5
27561,21752,90,1,15
27562,21752,76,1,25
27563,23285,90,3,10
27564,15281,121,2,15
27565,1004,117,2,30
27566,3268,124,1,15
27567,3268,60,1,5
27568,3268,52,1,15
27569,3268,134,1,20
27570,3181,42,1,25
27571,1231,116,1,5
27572,14451,125,1,25
27573,14451,118,3,5
27574,7126,6,4,5
27575,15909,21,2,20
27576,24859,149,3,5
27577,24859,141,1,15
27578,15319,140,2,10
27579,9855,51,1,10
27580,23549,142,4,15
27581,23549,133,1,20
27582,23549,59,1,20
27583,13042,42,1,0
27584,24421,143,1,15
27585,18685,90,1,15
27586,11960,90,1,5
27587,11960,21,1,10
27588,11973,138,1,0
27589,23116,149,2,10
27590,23116,128,1,15
27591,23116,146,1,0
27592,795,24,3,15
27593,8617,81,1,0
27594,8617,3,2,15
27595,8617,47,1,25
27596,8617,69,1,0
27597,10567,76,1,10
27598,10567,46,2,25
27599,48,41,1,0
27600,48,142,1,10
27601,48,101,4,5
27602,48,75,1,30
27603,10353,146,1,5
27604,5030,124,1,30
27605,18451,68,1,10
27606,18451,139,1,5
27607,5942,149,2,20
27608,4341,95,2,5
27609,4341,137,2,0
27610,5386,12,1,10
27611,20113,142,1,10
27612,3526,90,1,10
27613,3918,2,1,10
27614,3918,67,1,5
27615,3918,20,2,10
27616,14527,61,1,10
27617,24738,66,1,20
27618,6881,100,1,10
27619,6881,124,2,20
27620,7889,118,1,5
27621,7889,28,1,10
27622,747,73,1,5
27623,1443,81,1,30
27624,15644,66,1,30
27625,15644,145,3,0
27626,8681,96,1,0
27627,8681,117,1,5
27628,7947,81,1,30
27629,21156,72,1,5
27630,21156,43,1,25
27631,267,4,2,20
27632,267,30,2,10
27633,15883,16,1,0
27634,15883,6,2,15
27635,15883,132,2,10
27636,15883,122,1,25
27637,22705,29,1,25
27638,22705,126,1,0
27639,24212,50,1,5
27640,24212,42,2,15
27641,24212,142,2,0
27642,24212,71,4,0
27643,16568,116,1,10
27644,7737,45,1,5
27645,7737,126,1,20
27646,20130,146,1,0
27647,3079,33,1,5
27648,4942,12,1,5
27649,7982,43,2,10
27650,3091,21,2,5
27651,3271,141,1,20
27652,3271,73,1,25
27653,3271,132,1,20
27654,13408,141,1,15
27655,13408,81,2,5
27656,23826,73,1,25
27657,21903,3,1,5
27658,6012,33,1,10
27659,18256,72,2,0
27660,18256,128,1,20
27661,2198,81,1,10
27662,10900,127,1,25
27663,12735,63,1,30
27664,12169,67,2,0
27665,11381,48,1,5
27666,11381,94,1,10
27667,12084,147,1,5
27668,16759,141,1,0
27669,16759,66,1,15
27670,2495,102,1,0
27671,12938,90,2,5
27672,17506,42,1,5
27673,370,140,1,0
27674,2243,59,1,25
27675,2243,62,2,25
27676,2243,60,1,5
27677,2243,65,1,20
27678,12935,20,1,20
27679,23979,48,2,15
27680,23979,62,1,10
27681,12377,73,1,20
27682,16164,141,1,5
27683,16164,71,1,5
27684,16164,143,1,5
27685,24180,24,1,0
27686,13836,24,1,25
27687,13836,91,1,10
27688,13836,136,1,20
27689,13836,57,1,30
27690,23402,21,3,10
27691,5062,81,2,10
27692,17745,52,1,0
27693,17745,19,1,10
27694,17745,102,1,0
27695,20206,142,1,0
27696,4102,126,1,5
27697,21951,142,1,15
27698,21951,34,1,10
27699,19700,42,1,30
27700,19523,118,1,15
27701,15436,75,3,10
27702,21138,96,2,10
27703,21138,95,1,10
27704,21138,90,2,10
27705,21138,49,1,10
27706,22670,40,1,0
27707,16909,73,1,0
27708,8739,37,2,5
27709,8739,68,1,20
27710,8739,122,4,0
27711,17048,14,1,20
27712,17048,46,1,10
27713,4847,128,1,10
27714,12815,88,1,10
27715,13832,70,2,5
27716,13832,28,1,0
27717,10710,28,1,5
27718,17774,70,1,15
27719,13471,42,1,25
27720,13471,84,1,15
27721,13471,90,1,10
27722,7254,124,3,25
27723,7254,108,1,0
27724,6853,90,3,30
27725,2248,60,2,10
27726,13104,46,1,0
27727,15914,28,1,5
27728,511,107,2,0
27729,15275,73,1,10
27730,15275,103,1,20
27731,15275,141,1,15
27732,7778,93,1,20
27733,19466,91,1,25
27734,19466,54,1,20
27735,17464,90,1,0
27736,15675,22,2,5
27737,10411,95,3,10
27738,14999,81,1,10
27739,14999,72,2,5
27740,14999,146,1,25
27741,13089,90,1,15
27742,5867,139,2,10
27743,21292,70,4,5
27744,21292,42,1,10
27745,24505,55,1,15
27746,24505,17,1,20
27747,24505,54,1,5
27748,13742,54,4,30
27749,10484,141,1,0
27750,10484,128,1,5
27751,3361,141,1,5
27752,3361,117,2,5
27753,5394,128,1,20
27754,5394,145,2,10
27755,21365,95,1,20
27756,3825,124,1,15
27757,3825,42,1,0
27758,872,28,1,10
27759,15748,40,2,10
27760,1622,6,2,0
27761,24822,78,1,10
27762,11890,93,1,0
27763,11890,125,3,20
27764,11890,25,1,20
27765,11890,2,1,15
27766,5230,66,1,10
27767,24869,37,2,25
27768,22296,29,1,25
27769,23828,68,1,30
27770,10795,139,1,10
27771,1608,58,2,10
27772,1608,100,2,10
27773,23091,140,1,30
27774,16246,37,1,0
27775,16209,36,2,20
27776,9695,121,1,0
27777,719,19,3,30
27778,13277,110,1,0
27779,18238,146,2,5
27780,18238,63,1,30
27781,19201,81,1,25
27782,14141,6,1,5
27783,14141,62,1,20
27784,14141,129,1,20
27785,14141,60,1,15
27786,1343,61,3,10
27787,15559,70,2,10
27788,15559,63,1,5
27789,15559,53,1,0
27790,1222,75,2,5
27791,23001,99,1,0
27792,20105,74,2,5
27793,20105,30,1,0
27794,9119,66,2,0
27795,9119,42,1,5
27796,20251,28,1,10
27797,7854,143,2,0
27798,20859,47,1,25
27799,8653,132,1,30
27800,13420,30,2,10
27801,13420,100,3,0
27802,19503,3,1,0
27803,19503,19,1,5
27804,15418,95,1,0
27805,15418,104,1,10
27806,16319,143,1,0
27807,3905,24,1,0
27808,22377,52,1,5
27809,19681,91,1,20
27810,8412,85,1,30
27811,10283,146,2,20
27812,10283,26,1,10
27813,11496,90,1,0
27814,8823,9,1,15
27815,8823,17,1,5
27816,12629,90,3,5
27817,9630,27,1,15
27818,11106,42,1,10
27819,12906,142,1,0
27820,16940,124,1,20
27821,20698,78,1,30
27822,8329,149,2,0
27823,8329,143,1,25
27824,8329,76,1,5
27825,7251,115,1,5
27826,7251,47,2,5
27827,18507,41,1,25
27828,18507,118,1,15
27829,18507,66,1,25
27830,17384,70,2,5
27831,17384,76,2,5
27832,17384,42,1,30
27833,9314,71,1,15
27834,9314,67,1,10
27835,9275,90,3,10
27836,9275,132,2,25
27837,24741,78,3,25
27838,24741,20,1,0
27839,22976,133,2,0
27840,22976,85,1,0
27841,2598,49,1,15
27842,2598,52,1,5
27843,2598,131,1,5
27844,22421,20,2,10
27845,9934,141,1,5
27846,9934,70,1,0
27847,9934,73,1,15
27848,21765,14,1,5
27849,21765,136,1,0
27850,13920,140,1,10
27851,13920,42,2,10
27852,734,105,3,10
27853,734,63,1,25
27854,734,64,1,10
27855,3710,139,1,0
27856,3710,140,1,15
27857,3710,128,3,5
27858,12382,2,1,10
27859,5010,63,1,0
27860,5010,31,1,30
27861,5010,35,1,5
27862,11092,142,2,10
27863,20793,71,3,20
27864,22231,54,4,15
27865,15845,146,1,0
27866,875,124,1,10
27867,19652,149,2,10
27868,10432,128,2,15
27869,11440,30,1,0
27870,11440,91,2,15
27871,18051,117,1,15
27872,18051,8,1,5
27873,18051,64,1,5
27874,11823,74,2,5
27875,22578,141,3,5
27876,22578,93,1,0
27877,15214,42,1,10
27878,15214,98,2,20
27879,15008,90,3,25
27880,15008,42,2,5
27881,2178,54,1,20
27882,2178,141,4,5
27883,17608,81,1,0
27884,17608,48,1,0
27885,8689,118,1,10
27886,3341,19,3,0
27887,3341,111,1,15
27888,3341,42,2,5
27889,6203,66,1,10
27890,12305,81,1,20
27891,21186,96,1,20
27892,1332,78,3,5
27893,5286,139,1,0
27894,5286,125,2,5
27895,16069,71,3,0
27896,15911,84,1,30
27897,8127,104,2,25
27898,8127,21,1,0
27899,7190,42,2,25
27900,7190,14,1,30
27901,7190,66,1,5
27902,7190,115,1,15
27903,12958,66,3,0
27904,8269,133,3,10
27905,14078,140,1,0
27906,24454,77,2,30
27907,22891,90,1,15
27908,8750,133,1,10
27909,9285,96,4,10
27910,20340,95,1,15
27911,6452,28,1,15
27912,6452,102,3,15
27913,12307,90,1,10
27914,12307,117,2,10
27915,3546,91,3,25
27916,3631,14,1,10
27917,24577,70,1,5
27918,7177,72,2,20
27919,21171,33,1,20
27920,24988,42,1,15
27921,24988,115,1,10
27922,17507,90,1,15
27923,17507,128,4,25
27924,663,37,2,0
27925,11972,85,1,30
27926,11972,71,1,5
27927,17695,133,2,0
27928,17695,41,1,0
27929,17695,141,1,15
27930,3712,84,1,10
27931,11743,141,3,0
27932,12612,39,4,25
27933,12022,149,1,25
27934,12022,99,1,10
27935,12022,124,1,10
27936,3170,54,2,5
27937,3170,128,3,15
27938,9978,22,1,25
27939,9978,146,1,15
27940,9978,112,1,5
27941,9978,26,1,15
27942,21468,145,1,15
27943,21468,136,1,20
27944,21468,29,1,5
27945,7199,81,4,10
27946,18053,8,1,5
27947,18053,117,4,15
27948,12651,66,1,0
27949,24139,84,1,25
27950,24139,73,1,15
27951,24139,54,1,0
27952,24139,62,1,0
27953,3574,114,1,0
27954,3574,65,1,5
27955,10654,96,1,20
27956,2220,78,3,20
27957,20451,80,1,25
27958,11208,105,2,25
27959,2440,148,1,0
27960,23905,45,1,10
27961,7685,36,1,15
27962,2201,20,3,15
27963,4137,29,1,15
27964,20672,137,1,5
27965,20672,73,1,15
27966,23607,98,1,10
27967,23607,89,3,15
27968,7412,75,1,20
27969,7412,107,1,25
27970,22921,6,2,0
27971,22921,9,1,0
27972,18059,124,1,10
27973,18059,21,2,5
27974,16174,107,3,5
27975,16174,88,1,15
27976,16174,61,1,15
27977,13969,149,1,15
27978,20160,81,1,5
27979,20160,60,1,0
27980,3684,136,1,10
27981,3684,64,1,15
27982,13978,62,1,5
27983,6936,45,2,0
27984,6936,84,3,5
27985,4582,14,2,0
27986,4582,72,1,0
27987,4582,88,1,15
27988,4582,54,1,0
27989,10604,54,1,20
27990,14776,128,1,5
27991,16440,140,3,20
27992,7997,91,1,0
27993,7997,117,1,5
27994,13331,102,2,10
27995,13331,4,1,20
27996,19818,104,2,5
27997,19818,54,1,10
27998,19818,114,1,20
27999,21961,31,1,15
28000,21961,42,1,5
28001,11402,142,2,25
28002,11402,117,2,20
28003,524,136,1,10
28004,12843,42,3,30
28005,18201,21,1,20
28006,18201,70,1,5
28007,24560,102,1,0
28008,24560,95,1,5
28009,10160,39,3,0
28010,19580,70,1,10
28011,19580,38,2,10
28012,20216,118,4,20
28013,19794,54,1,10
28014,18224,124,1,5
28015,8095,66,1,10
28016,16329,78,1,20
28017,16329,97,1,25
28018,16329,43,3,0
28019,18789,2,1,20
28020,8942,71,1,0
28021,13585,68,1,0
28022,122,106,1,20
28023,9487,141,2,10
28024,9487,97,2,25
28025,10306,3,1,15
28026,24460,88,1,10
28027,11700,81,3,15
28028,742,122,1,25
28029,742,146,3,5
28030,2106,123,1,15
28031,2106,93,1,30
28032,2106,65,1,5
28033,2106,140,1,10
28034,19120,29,2,25
28035,15692,90,1,0
28036,15692,37,1,15
28037,15692,52,4,0
28038,7196,129,3,0
28039,6041,26,2,15
28040,12758,51,2,10
28041,12758,140,1,5
28042,9433,76,1,20
28043,18365,9,3,20
28044,4651,89,2,25
28045,4651,128,1,0
28046,4651,149,1,5
28047,24950,143,1,20
28048,24950,139,3,5
28049,24950,95,3,10
28050,9055,141,2,10
28051,9055,70,1,20
28052,3108,139,4,20
28053,3108,144,2,15
28054,3108,125,2,0
28055,5506,42,1,20
28056,4834,48,2,25
28057,4834,129,1,10
28058,23316,149,3,0
28059,23316,71,1,0
28060,23316,146,1,10
28061,13015,48,1,10
28062,11641,14,1,5
28063,11641,90,1,0
28064,11641,141,1,5
28065,11641,148,1,0
28066,19418,50,1,20
28067,19418,124,1,10
28068,19418,21,1,20
28069,4894,64,2,0
28070,4894,59,1,5
28071,13512,107,1,5
28072,13512,90,1,0
28073,6388,142,1,10
28074,6388,15,1,15
28075,6388,141,4,10
28076,5348,142,2,0
28077,21875,20,1,0
28078,21875,145,1,25
28079,21875,136,1,15
28080,20071,11,1,0
28081,2320,2,1,5
28082,7897,101,1,0
28083,7897,96,2,0
28084,4716,29,2,10
28085,11467,42,1,5
28086,2165,139,1,0
28087,7874,140,1,10
28088,11777,15,1,0
28089,18061,6,1,10
28090,18061,78,1,15
28091,18061,64,1,20
28092,18710,97,3,15
28093,22875,75,1,10
28094,3498,103,4,15
28095,3498,21,2,10
28096,4698,14,1,0
28097,23138,142,3,10
28098,3591,66,1,10
28099,4829,59,2,20
28100,895,17,1,10
28101,895,142,1,0
28102,10358,104,3,0
28103,14463,96,3,20
28104,24113,63,1,5
28105,17905,46,2,15
28106,4806,6,1,5
28107,4806,148,1,0
28108,4806,21,1,15
28109,20573,141,1,10
28110,14196,122,3,0
28111,14196,73,1,15
28112,11197,134,4,10
28113,11197,141,1,20
28114,11197,71,1,0
28115,3469,126,2,15
28116,6355,46,1,5
28117,16727,42,1,30
28118,16727,134,3,5
28119,20138,69,1,5
28120,8614,117,1,5
28121,8614,46,2,10
28122,8614,105,1,10
28123,8614,126,1,25
28124,24583,126,2,25
28125,24583,117,3,15
28126,13963,136,1,15
28127,24020,51,1,25
28128,24020,6,1,15
28129,5170,59,4,0
28130,5170,95,2,15
28131,2455,63,1,0
28132,2455,73,3,20
28133,16864,90,2,25
28134,16864,134,1,0
28135,24653,6,1,0
28136,23140,95,1,0
28137,20190,14,2,5
28138,20107,14,2,5
28139,20107,134,1,10
28140,15707,128,1,15
28141,15707,62,3,10
28142,17696,66,1,10
28143,17696,138,1,0
28144,17696,80,1,10
28145,11096,144,3,30
28146,11096,54,1,10
28147,10803,110,2,25
28148,10803,75,1,15
28149,6995,72,1,15
28150,6995,63,1,5
28151,6995,140,1,5
28152,18652,149,1,30
28153,5587,75,1,25
28154,5587,42,1,0
28155,621,24,2,20
28156,621,140,4,15
28157,7146,142,2,0
28158,7146,98,2,10
28159,14706,131,1,10
28160,19658,133,1,15
28161,9031,90,1,20
28162,9031,42,2,15
28163,9031,91,1,15
28164,126,20,1,20
28165,2657,35,1,20
28166,3217,91,1,10
28167,3217,145,1,10
28168,3217,46,1,10
28169,7534,133,1,5
28170,9085,43,1,20
28171,16173,87,1,5
28172,16173,114,1,15
28173,16173,98,3,15
28174,16173,31,1,20
28175,3793,133,2,0
28176,24097,141,1,5
28177,24097,117,1,0
28178,11023,102,1,0
28179,6282,27,3,0
28180,13933,73,3,0
28181,18436,54,1,20
28182,2617,24,1,0
28183,2340,138,3,20
28184,2340,70,2,0
28185,21973,115,1,20
28186,12551,124,2,10
28187,12551,133,3,20
28188,164,142,1,10
28189,18973,72,1,10
28190,8448,12,1,10
28191,8448,61,1,20
28192,8448,31,1,5
28193,21783,75,1,15
28194,16509,16,2,10
28195,15529,71,1,10
28196,12132,85,1,5
28197,444,20,1,10
28198,444,116,1,5
28199,10332,115,2,0
28200,10332,95,1,15
28201,13047,90,4,10
28202,13047,117,1,0
28203,13047,148,2,30
28204,15959,6,1,10
28205,17988,128,1,0
28206,17988,136,2,20
28207,15242,46,1,0
28208,15242,91,3,15
28209,13507,102,3,5
28210,13507,91,1,5
28211,19545,29,1,10
28212,22116,74,1,5
28213,7585,29,2,0
28214,2717,139,1,10
28215,10396,140,3,15
28216,21893,101,1,25
28217,13210,37,1,10
28218,9206,146,1,20
28219,9206,100,2,0
28220,9206,104,1,20
28221,3358,73,1,20
28222,19261,126,2,0
28223,19261,50,4,10
28224,10014,85,1,15
28225,8509,71,3,20
28226,8509,143,1,15
28227,8509,142,3,10
28228,24194,91,2,15
28229,6540,142,1,25
28230,2779,21,1,0
28231,2779,144,1,0
28232,24943,81,1,10
28233,17957,112,1,0
28234,5072,93,1,0
28235,15672,12,3,15
28236,15672,19,2,10
28237,15672,90,3,5
28238,8222,42,1,0
28239,6848,140,2,15
28240,6848,91,1,25
28241,17518,117,2,5
28242,19314,125,1,20
28243,19314,93,2,10
28244,21914,117,1,20
28245,11810,50,2,15
28246,11810,6,2,20
28247,2741,41,3,25
28248,2741,21,3,20
28249,2741,46,1,0
28250,17661,52,1,15
28251,7998,21,1,20
28252,7998,104,2,25
28253,22911,40,3,0
28254,22911,55,1,25
28255,5086,36,1,25
28256,13937,53,1,15
28257,1347,66,3,0
28258,14155,46,1,10
28259,3314,37,3,0
28260,3314,117,2,15
28261,22763,10,2,15
28262,4667,75,3,0
28263,125,53,1,5
28264,5039,124,3,15
28265,5039,88,2,20
28266,19981,90,1,30
28267,23790,60,1,10
28268,23790,89,3,25
28269,9721,90,2,10
28270,9721,143,1,0
28271,18319,54,4,0
28272,6210,28,1,0
28273,8335,93,1,0
28274,16677,90,3,30
28275,16677,71,1,10
28276,2397,142,1,10
28277,22359,118,1,30
28278,22359,33,2,5
28279,22359,139,1,5
28280,22359,91,1,0
28281,4776,1,3,0
28282,627,55,1,10
28283,627,38,1,0
28284,3046,3,1,15
28285,19901,68,1,15
28286,19901,56,1,0
28287,20328,87,1,0
28288,20328,145,1,10
28289,20328,21,2,0
28290,2718,117,1,10
28291,2718,75,2,0
28292,2718,78,1,10
28293,13298,78,1,30
28294,12989,123,2,25
28295,17919,104,1,15
28296,17919,117,2,15
28297,5760,76,1,20
28298,3399,46,1,25
28299,3399,71,1,5
28300,3399,4,1,25
28301,20818,126,1,0
28302,20818,2,1,0
28303,1673,144,1,20
28304,22448,124,1,15
28305,6399,89,2,10
28306,4185,104,3,0
28307,20771,104,1,5
28308,14511,124,4,10
28309,14511,12,1,20
28310,14511,46,1,15
28311,4291,78,1,5
28312,7833,91,3,5
28313,7833,87,1,10
28314,3094,29,1,20
28315,3094,145,1,10
28316,12293,120,1,30
28317,16860,66,1,5
28318,21850,56,2,5
28319,2105,20,3,20
28320,16082,100,2,5
28321,16082,60,1,15
28322,16082,47,2,15
28323,16082,62,3,15
28324,2842,101,1,0
28325,3114,36,2,0
28326,3114,47,1,15
28327,8337,2,1,10
28328,8337,43,1,0
28329,8337,85,3,15
28330,8337,148,1,0
28331,18688,141,1,20
28332,18688,71,2,5
28333,19359,91,2,25
28334,22738,113,2,15
28335,2836,76,1,15
28336,2836,6,1,15
28337,2836,73,1,15
28338,2836,20,1,0
28339,4381,53,4,15
28340,4381,68,2,0
28341,23712,2,1,30
28342,23712,71,2,15
28343,19192,138,4,0
28344,19192,71,1,10
28345,20943,139,1,0
28346,20943,143,2,5
28347,15083,102,1,0
28348,1982,32,3,15
28349,9752,144,1,0
28350,13078,16,1,5
28351,13078,111,1,10
28352,24854,73,1,5
28353,24854,143,2,15
28354,24854,55,1,5
28355,9131,91,1,5
28356,9131,139,1,15
28357,11834,99,1,15
28358,11834,90,1,20
28359,11834,142,2,5
28360,12239,70,1,10
28361,12239,66,2,25
28362,11290,94,1,5
28363,11290,53,1,10
28364,17388,139,3,20
28365,17388,104,1,10
28366,17388,141,1,5
28367,17388,6,2,5
28368,19736,72,1,0
28369,19736,70,3,0
28370,19736,14,1,5
28371,19736,116,2,15
28372,24095,28,1,20
28373,24095,59,1,5
28374,5880,76,1,20
28375,2330,88,1,5
28376,2330,124,1,5
28377,2330,14,1,10
28378,19307,75,1,0
28379,16667,95,1,15
28380,16667,85,1,0
28381,17297,24,3,0
28382,8186,118,1,0
28383,8328,96,1,5
28384,18131,126,1,20
28385,6442,56,1,0
28386,3864,46,2,5
28387,14117,43,4,0
28388,10198,22,1,10
28389,2957,78,2,5
28390,2957,54,1,0
28391,2957,75,1,20
28392,2957,6,1,15
28393,12274,6,2,15
28394,9324,2,2,20
28395,1958,139,1,0
28396,1958,29,1,0
28397,6518,138,1,5
28398,6518,35,1,0
28399,24419,111,3,20
28400,24419,73,2,5
28401,21719,60,1,10
28402,11772,145,2,10
28403,3541,102,3,20
28404,3541,124,1,15
28405,14372,12,2,0
28406,20867,28,3,5
28407,18370,2,2,15
28408,18370,85,1,15
28409,18370,56,4,0
28410,18590,62,1,0
28411,18590,146,2,0
28412,15594,139,1,0
28413,15594,118,3,0
28414,22080,4,1,25
28415,16506,92,2,0
28416,16506,66,1,5
28417,12476,133,3,15
28418,12476,117,1,10
28419,9309,95,3,5
28420,21481,105,3,15
28421,21481,70,1,15
28422,24144,87,3,15
28423,17295,64,2,15
28424,23627,90,1,0
28425,9388,54,2,10
28426,9388,90,1,5
28427,21838,149,3,10
28428,21838,70,2,0
28429,20057,73,1,20
28430,23131,37,1,5
28431,23131,140,1,5
28432,2093,141,2,10
28433,2093,90,1,15
28434,15882,59,2,15
28435,15882,46,1,10
28436,18136,61,2,15
28437,18136,102,1,15
28438,18136,90,1,25
28439,5532,59,1,0
28440,5532,128,2,0
28441,5532,142,1,0
28442,9391,142,1,5
28443,9391,81,1,15
28444,1642,78,1,15
28445,22640,55,1,0
28446,13692,102,2,10
28447,5181,75,1,0
28448,20753,61,2,10
28449,20753,72,2,10
28450,10006,31,3,10
28451,10006,78,1,20
28452,10907,84,1,0
28453,22263,121,1,10
28454,13693,141,1,20
28455,13693,143,1,5
28456,7503,147,2,10
28457,7503,55,1,10
28458,7503,142,2,0
28459,7503,104,1,10
28460,17749,81,1,0
28461,17565,107,1,15
28462,17565,143,1,15
28463,21795,134,1,10
28464,21795,89,1,10
28465,17101,141,3,20
28466,9349,133,2,30
28467,9349,138,3,5
28468,9349,42,1,0
28469,9349,26,1,0
28470,5184,28,1,20
28471,5184,37,1,0
28472,5184,105,2,30
28473,19490,117,1,0
28474,19490,99,1,20
28475,18601,36,1,25
28476,20956,145,3,30
28477,20956,73,1,15
28478,18042,36,1,20
28479,18042,117,2,10
28480,11493,129,1,10
28481,11493,117,1,20
28482,11493,66,1,5
28483,11493,111,1,10
28484,8498,101,2,15
28485,8498,25,1,15
28486,8498,63,1,15
28487,8498,75,3,20
28488,8555,76,2,20
28489,8555,117,2,0
28490,12303,30,1,25
28491,12303,141,1,0
28492,19928,6,1,5
28493,11229,148,1,5
28494,339,129,4,20
28495,339,31,1,0
28496,22886,25,3,0
28497,2465,147,1,5
28498,2465,99,1,30
28499,784,93,1,25
28500,784,70,1,0
28501,16580,68,1,0
28502,13903,52,1,10
28503,13903,14,1,10
28504,15038,53,1,0
28505,23330,129,1,0
28506,23330,3,1,20
28507,22785,63,1,10
28508,1830,71,1,0
28509,20240,74,1,10
28510,3850,90,1,30
28511,3850,113,2,0
28512,15087,126,1,0
28513,15087,51,1,10
28514,9417,90,1,10
28515,9417,2,1,0
28516,7456,14,1,0
28517,11316,21,2,20
28518,11316,121,1,0
28519,11316,88,1,25
28520,10033,142,1,0
28521,6102,128,1,10
28522,457,72,1,0
28523,457,34,1,5
28524,457,42,1,15
28525,13781,143,1,10
28526,13781,65,2,25
28527,21836,66,1,15
28528,12081,90,1,5
28529,12081,76,2,20
28530,12081,55,1,0
28531,24045,55,3,0
28532,24045,142,1,15
28533,24045,64,1,15
28534,6278,75,1,5
28535,6278,91,2,0
28536,6278,41,1,25
28537,21623,81,2,15
28538,21623,143,1,0
28539,16350,96,1,0
28540,16350,91,1,0
28541,18518,143,1,5
28542,21527,71,1,25
28543,21527,26,1,15
28544,10862,45,2,25
28545,10862,71,1,5
28546,4331,137,1,10
28547,4331,140,1,0
28548,17277,21,1,10
28549,17277,86,1,10
28550,17277,114,1,10
28551,17277,2,1,20
28552,17839,142,2,0
28553,17839,147,2,10
28554,21204,92,2,15
28555,21204,128,4,0
28556,1686,147,2,20
28557,1686,137,1,15
28558,1686,37,2,15
28559,1686,46,2,10
28560,21418,112,1,5
28561,16701,104,1,5
28562,16701,53,1,5
28563,16701,22,2,0
28564,18784,81,1,5
28565,18784,66,1,15
28566,18784,26,1,25
28567,14821,11,1,10
28568,14821,107,1,5
28569,5973,140,1,5
28570,6426,69,3,20
28571,10768,65,1,25
28572,10768,143,1,20
28573,14273,64,3,5
28574,9232,37,2,30
28575,9232,25,3,25
28576,7119,118,1,5
28577,13120,67,1,0
28578,11213,53,2,0
28579,11213,88,1,0
28580,292,75,1,5
28581,4440,90,3,5
28582,4440,73,2,20
28583,12786,38,2,15
28584,12786,100,1,20
28585,13282,93,2,0
28586,23880,146,3,25
28587,8183,95,1,0
28588,31,14,1,15
28589,31,34,2,10
28590,31,59,1,5
28591,8944,21,3,15
28592,6836,21,1,10
28593,15764,142,1,0
28594,15764,53,1,20
28595,17382,42,1,15
28596,9179,45,2,10
28597,9179,26,1,0
28598,9179,90,1,15
28599,9179,129,2,20
28600,18322,124,1,15
28601,18322,73,1,0
28602,2892,98,2,5
28603,8321,90,1,20
28604,8321,17,2,20
28605,9703,91,1,0
28606,9703,74,1,25
28607,2155,121,1,5
28608,496,16,1,10
28609,12097,78,2,0
28610,7631,12,1,10
28611,7631,89,1,0
28612,14860,129,2,10
28613,21712,124,2,15
28614,13606,89,1,10
28615,20253,117,1,10
28616,20253,121,1,10
28617,20253,91,1,0
28618,20253,81,1,5
28619,9859,138,2,25
28620,5200,25,2,5
28621,9861,70,1,15
28622,14215,117,2,15
28623,17477,45,2,25
28624,21693,70,1,15
28625,21693,148,2,25
28626,21052,42,1,5
28627,21052,142,1,0
28628,21052,141,2,20
28629,14573,70,2,20
28630,14573,141,2,20
28631,14573,62,1,15
28632,24598,98,1,15
28633,17262,145,2,25
28634,17262,71,2,0
28635,18470,141,1,0
28636,24465,137,1,15
28637,15816,96,1,10
28638,10618,117,1,0
28639,10618,103,1,30
28640,10618,34,1,25
28641,2906,146,1,20
28642,18835,145,1,20
28643,19421,86,2,10
28644,19421,64,1,0
28645,21423,62,1,15
28646,21423,46,1,15
28647,18048,76,1,10
28648,18048,19,2,10
28649,18048,37,1,10
28650,4693,103,1,25
28651,1848,137,1,5
28652,15766,125,1,5
28653,11819,28,2,10
28654,11393,140,1,20
28655,24111,64,1,10
28656,23433,47,1,10
28657,23433,6,1,15
28658,23433,75,1,15
28659,23433,145,2,0
28660,10879,85,1,10
28661,10879,122,1,0
28662,10539,66,1,5
28663,10539,128,1,0
28664,20238,66,1,10
28665,8934,111,1,0
28666,8934,14,1,0
28667,8934,141,1,15
28668,18703,46,1,10
28669,8928,3,1,0
28670,22903,128,1,20
28671,18760,117,1,5
28672,24064,101,1,0
28673,24064,42,1,5
28674,8344,140,2,0
28675,11228,42,1,30
28676,2413,42,1,5
28677,2413,107,1,0
28678,24976,88,1,0
28679,24976,91,2,10
28680,24976,75,1,10
28681,24976,93,1,5
28682,1271,45,2,10
28683,1271,2,2,0
28684,1271,54,2,20
28685,1271,11,1,5
28686,10605,90,2,0
28687,13434,78,2,0
28688,13434,126,1,15
28689,24989,17,1,5
28690,19265,112,2,10
28691,13825,50,4,20
28692,18886,17,1,10
28693,20583,54,3,0
28694,15111,129,1,0
28695,1123,126,4,15
28696,1123,117,1,20
28697,22136,104,1,0
28698,22136,145,2,10
28699,22136,131,1,5
28700,3265,91,1,10
28701,3265,90,1,5
28702,6732,29,2,5
28703,6732,14,3,0
28704,6732,98,1,10
28705,18969,48,2,10
28706,10969,42,3,15
28707,15136,78,2,10
28708,15136,73,2,25
28709,13953,128,2,5
28710,13953,144,2,15
28711,13138,71,1,25
28712,13138,139,3,10
28713,13138,68,1,20
28714,9991,132,2,0
28715,20537,75,1,5
28716,20829,95,3,0
28717,15652,104,2,15
28718,8633,124,3,30
28719,8633,106,2,10
28720,8633,128,1,5
28721,8633,139,1,15
28722,22616,69,3,0
28723,22616,19,1,10
28724,22616,20,1,30
28725,20785,42,1,20
28726,20785,8,1,25
28727,12636,75,2,0
28728,12636,3,1,5
28729,12636,90,1,0
28730,12636,126,1,0
28731,5969,118,2,15
28732,7814,104,1,5
28733,20112,101,1,0
28734,20112,142,1,0
28735,22728,66,1,0
28736,20324,66,1,5
28737,20324,43,2,30
28738,10686,69,1,10
28739,10686,51,1,15
28740,10686,115,1,20
28741,10686,36,1,15
28742,15339,29,1,20
28743,15339,68,1,5
28744,24231,20,1,15
28745,9294,118,2,15
28746,9294,93,1,25
28747,9294,66,1,20
28748,20023,54,2,0
28749,20023,95,2,15
28750,5156,36,2,0
28751,5156,118,2,0
28752,21266,12,1,25
28753,17197,107,1,10
28754,3459,76,1,20
28755,16168,27,2,5
28756,7402,93,1,5
28757,7402,125,2,20
28758,7402,66,1,5
28759,7402,86,1,10
28760,14392,53,1,10
28761,14392,117,1,25
28762,876,37,1,10
28763,13279,31,1,0
28764,13279,19,1,30
28765,1445,53,1,10
28766,16638,43,2,0
28767,10135,139,2,5
28768,10135,53,1,5
28769,8600,137,1,0
28770,8600,16,2,0
28771,8600,11,2,0
28772,11773,71,1,15
28773,21639,129,1,0
28774,3017,104,1,0
28775,18915,72,1,20
28776,18915,124,1,0
28777,16641,61,1,0
28778,15723,53,3,20
28779,15723,125,1,20
28780,2774,28,1,20
28781,2774,4,1,15
28782,9501,148,1,25
28783,9501,81,2,20
28784,17130,51,1,5
28785,11151,133,2,5
28786,11151,60,1,0
28787,15182,42,2,15
28788,20144,76,1,15
28789,17334,37,1,0
28790,2462,46,1,10
28791,19478,90,1,25
28792,19478,41,3,5
28793,12647,42,2,30
28794,1993,48,1,0
28795,6357,149,1,5
28796,6357,91,1,30
28797,21756,139,2,0
28798,8336,36,1,0
28799,633,121,2,0
28800,6636,16,1,20
28801,6636,63,1,0
28802,9041,17,2,5
28803,13566,125,1,25
28804,13566,124,1,5
28805,13566,138,3,5
28806,10446,138,1,20
28807,1609,128,1,15
28808,16108,13,3,10
28809,14781,6,1,0
28810,14781,64,2,5
28811,22642,145,2,15
28812,2147,103,2,0
28813,2147,143,1,0
28814,2399,102,1,25
28815,2399,91,2,0
28816,7531,43,1,10
28817,5380,71,2,15
28818,5380,47,2,5
28819,5380,80,1,15
28820,5380,115,1,15
28821,11232,143,1,10
28822,1300,38,2,15
28823,1300,81,1,5
28824,645,28,1,10
28825,645,56,1,15
28826,10483,124,1,5
28827,8660,73,1,15
28828,8660,146,1,10
28829,8660,22,2,0
28830,8660,141,1,25
28831,10896,73,1,0
28832,16664,72,1,5
28833,16664,73,2,0
28834,6777,140,1,0
28835,6777,117,1,5
28836,18795,69,1,0
28837,1130,139,4,20
28838,1130,134,1,20
28839,18428,91,2,0
28840,18428,107,1,10
28841,14366,26,1,0
28842,24453,63,1,0
28843,24453,41,2,30
28844,11693,25,1,20
28845,11693,81,3,15
28846,2476,143,1,5
28847,9214,122,1,10
28848,2816,63,2,10
28849,4583,96,1,20
28850,20101,111,1,30
28851,20101,112,1,0
28852,17452,70,2,5
28853,17452,47,4,10
28854,17452,90,1,30
28855,16523,100,2,0
28856,16523,63,1,5
28857,16523,99,1,10
28858,17964,145,1,0
28859,17964,138,3,20
28860,23534,88,1,15
28861,14250,96,1,15
28862,14250,46,1,5
28863,16089,67,1,10
28864,12421,62,2,15
28865,12421,93,1,10
28866,24058,42,1,25
28867,12749,71,1,0
28868,13968,138,1,15
28869,18740,127,1,10
28870,8735,28,3,10
28871,20614,42,2,15
28872,7298,83,1,0
28873,7298,5,1,10
28874,11206,105,1,25
28875,20717,149,1,0
28876,5705,46,1,5
28877,5705,72,2,5
28878,14905,115,1,5
28879,14905,52,2,0
28880,5328,140,1,5
28881,5328,62,1,15
28882,17482,141,1,0
28883,21892,98,1,10
28884,21892,42,2,5
28885,4485,148,2,10
28886,4485,59,1,30
28887,611,61,1,10
28888,611,41,1,0
28889,4259,102,2,0
28890,10581,141,3,25
28891,10581,3,1,0
28892,2858,139,3,0
28893,21004,53,2,10
28894,21004,55,1,0
28895,5365,94,1,15
28896,5365,66,1,15
28897,5365,91,2,30
28898,5736,57,1,20
28899,12902,6,1,0
28900,12902,145,3,15
28901,15591,12,1,10
28902,15591,2,1,10
28903,8749,117,2,0
28904,11859,97,1,25
28905,20185,78,4,10
28906,1258,144,1,5
28907,6042,47,2,10
28908,6042,64,1,10
28909,13741,124,1,10
28910,13741,136,2,0
28911,13741,32,2,10
28912,8986,3,1,25
28913,8986,42,2,5
28914,23186,62,1,5
28915,23186,123,1,15
28916,1604,4,1,15
28917,15116,48,1,5
28918,15116,3,1,10
28919,6971,78,1,10
28920,6971,57,2,0
28921,18410,128,1,20
28922,18410,2,1,20
28923,17233,61,1,20
28924,19079,63,2,5
28925,15799,63,1,0
28926,4817,71,1,0
28927,8883,3,2,20
28928,11906,41,1,20
28929,11225,118,1,25
28930,11225,1,1,0
28931,11923,143,2,5
28932,20636,66,1,5
28933,20636,31,1,10
28934,10823,133,1,10
28935,10823,95,2,20
28936,10823,33,3,0
28937,12162,107,3,5
28938,12162,96,1,5
28939,9621,42,1,5
28940,21987,146,1,15
28941,21987,54,1,5
28942,21987,21,3,0
28943,23878,76,1,5
28944,11525,143,1,20
28945,11525,1,1,0
28946,2319,19,2,0
28947,2319,28,3,5
28948,8630,48,1,5
28949,8630,110,1,0
28950,9891,93,2,5
28951,9891,54,1,25
28952,19807,56,1,25
28953,5269,16,2,15
28954,5269,27,1,25
28955,5269,29,1,15
28956,4057,128,2,5
28957,12793,2,4,25
28958,6237,91,1,10
28959,6237,94,1,0
28960,6237,6,1,20
28961,6237,62,1,10
28962,18393,61,2,0
28963,18393,130,1,20
28964,9944,8,2,5
28965,9944,68,1,15
28966,14833,21,1,10
28967,14833,118,2,10
28968,14833,110,1,30
28969,24970,116,2,5
28970,12788,117,1,0
28971,18085,3,1,5
28972,24756,90,2,25
28973,24756,43,2,5
28974,13001,50,2,10
28975,13001,64,1,10
28976,1428,71,2,15
28977,1428,66,1,5
28978,1428,49,2,10
28979,1339,117,2,20
28980,1339,139,1,5
28981,17634,19,1,0
28982,17634,142,1,10
28983,5538,141,1,15
28984,3919,35,2,5
28985,8841,28,1,10
28986,8841,128,1,5
28987,22342,17,3,20
28988,22342,101,2,25
28989,22342,128,1,15
28990,17122,89,1,5
28991,22835,115,2,20
28992,13225,117,3,25
28993,23430,73,1,10
28994,5782,146,1,0
28995,5782,78,1,20
28996,5782,73,1,5
28997,5782,104,2,0
28998,20955,29,3,20
28999,20955,87,1,0
29000,20955,141,1,10
29001,21317,72,3,0
29002,21317,43,1,0
29003,13322,146,1,10
29004,13322,90,1,0
29005,24105,146,1,10
29006,8082,70,1,0
29007,8082,117,1,15
29008,8082,71,1,15
29009,8082,75,1,20
29010,13068,3,1,20
29011,13068,14,2,5
29012,18308,117,3,10
29013,18308,115,1,0
29014,18308,141,1,20
29015,21209,139,1,10
29016,13054,42,1,25
29017,13054,46,1,10
29018,24091,133,1,0
29019,24091,143,1,5
29020,24091,104,1,5
29021,14180,69,4,15
29022,4230,104,1,30
29023,12526,19,3,10
29024,19536,70,2,10
29025,19536,141,1,0
29026,11978,81,1,20
29027,11978,66,1,15
29028,11978,67,1,5
29029,4573,117,1,0
29030,20616,19,3,10
29031,10082,121,2,20
29032,22015,127,1,20
29033,1835,93,1,15
29034,1835,140,1,5
29035,1767,54,2,5
29036,10551,118,1,5
29037,10551,55,1,10
29038,16555,54,1,15
29039,16555,141,2,25
29040,21912,46,2,20
29041,21912,94,1,0
29042,21912,64,4,0
29043,19093,20,1,5
29044,19093,71,1,0
29045,1631,35,1,30
29046,1631,70,1,0
29047,1631,117,1,20
29048,14549,37,1,0
29049,14549,34,3,20
29050,14549,20,1,0
29051,14549,46,1,5
29052,17337,76,1,5
29053,17337,90,3,30
29054,17337,14,1,10
29055,17337,88,1,10
29056,21834,134,2,25
29057,3775,96,1,5
29058,4736,68,1,30
29059,4736,141,4,5
29060,4736,85,1,0
29061,17300,105,1,0
29062,1327,53,1,25
29063,12723,140,2,5
29064,12723,71,3,10
29065,12723,3,3,25
29066,12723,12,1,0
29067,21097,49,2,10
29068,21097,30,1,25
29069,21097,47,1,15
29070,8102,128,2,5
29071,10548,38,1,15
29072,10548,121,1,0
29073,10548,52,2,15
29074,10740,81,1,15
29075,10740,47,1,15
29076,15809,142,1,10
29077,11884,100,2,10
29078,20152,85,2,0
29079,7746,46,1,0
29080,7746,21,1,15
29081,7746,128,2,5
29082,4075,26,1,15
29083,17167,42,1,25
29084,1741,94,1,0
29085,21876,63,1,0
29086,17386,124,1,25
29087,17386,140,1,20
29088,17386,145,2,15
29089,17386,5,1,15
29090,7084,28,3,15
29091,22556,42,1,25
29092,22556,132,1,15
29093,19293,53,1,0
29094,8857,103,1,15
29095,8857,72,1,10
29096,19639,133,1,0
29097,19639,129,1,10
29098,20424,85,1,10
29099,1805,54,1,10
29100,20998,138,1,0
29101,20998,139,2,25
29102,8363,96,1,15
29103,21572,98,2,20
29104,21572,95,1,15
29105,6166,36,4,30
29106,437,78,1,15
29107,437,2,2,15
29108,19108,68,1,5
29109,15354,149,4,0
29110,15354,81,2,0
29111,23896,90,1,10
29112,23896,42,1,10
29113,23896,61,2,15
29114,6525,10,1,0
29115,6525,138,4,0
29116,6525,142,1,30
29117,10032,95,3,25
29118,24308,97,3,5
29119,7679,15,1,0
29120,942,60,3,0
29121,942,73,1,25
29122,942,100,1,20
29123,2357,91,2,15
29124,2357,88,1,15
29125,1314,53,2,0
29126,1314,40,1,5
29127,1314,91,1,0
29128,1314,81,1,0
29129,9346,54,1,10
29130,4403,24,1,5
29131,24996,76,2,10
29132,24996,124,2,0
29133,24477,117,1,25
29134,24477,31,2,30
29135,12645,64,1,10
29136,7648,90,1,5
29137,13572,146,4,10
29138,13572,75,1,5
29139,9261,36,1,5
29140,9261,124,2,5
29141,9261,37,1,20
29142,15689,84,1,0
29143,22596,142,3,10
29144,12477,61,2,0
29145,3773,102,2,10
29146,3773,125,1,5
29147,3773,41,1,15
29148,7360,3,1,15
29149,6121,141,4,25
29150,6121,78,2,20
29151,6121,107,1,10
29152,6121,129,3,20
29153,15119,104,2,10
29154,17052,28,4,10
29155,17052,3,1,15
29156,17052,84,3,10
29157,22444,142,2,0
29158,23936,143,1,5
29159,23936,98,1,0
29160,23936,70,1,10
29161,9107,142,4,5
29162,5295,75,1,0
29163,5295,42,2,15
29164,9151,16,3,15
29165,9151,129,1,10
29166,9151,141,1,15
29167,15171,96,1,5
29168,20696,42,1,20
29169,20696,105,2,30
29170,7898,137,1,10
29171,18763,78,2,25
29172,18763,104,1,0
29173,19596,91,1,30
29174,9821,17,2,10
29175,9821,2,1,0
29176,1467,61,1,25
29177,23182,3,1,10
29178,2104,66,1,5
29179,2104,43,1,5
29180,21259,117,1,10
29181,905,54,1,15
29182,905,142,1,15
29183,23514,131,1,30
29184,23514,45,1,10
29185,16124,20,1,10
29186,14624,90,1,5
29187,14624,141,2,10
29188,16656,141,1,5
29189,9779,54,1,10
29190,9779,8,4,15
29191,5183,121,2,5
29192,5183,37,1,20
29193,5183,68,3,30
29194,21723,54,2,15
29195,21723,90,2,5
29196,4624,141,1,0
29197,4624,12,1,10
29198,8198,129,1,15
29199,4031,20,1,10
29200,7334,93,1,30
29201,7334,13,1,20
29202,3206,29,3,10
29203,3206,75,1,0
29204,18571,91,1,10
29205,12691,139,1,15
29206,12691,116,1,25
29207,2197,117,1,5
29208,2197,86,1,5
29209,18106,19,1,0
29210,18106,93,1,5
29211,4316,85,2,0
29212,15521,28,2,0
29213,15521,71,3,5
29214,23474,54,1,20
29215,23474,94,1,5
29216,23474,107,1,5
29217,23474,26,4,15
29218,22598,102,1,15
29219,17263,91,1,15
29220,17263,107,1,15
29221,17263,76,2,10
29222,11626,33,2,5
29223,11626,73,2,0
29224,23046,113,2,10
29225,24664,49,1,5
29226,24664,90,2,0
29227,6438,116,1,10
29228,6438,74,1,5
29229,4615,101,1,30
29230,8297,90,2,10
29231,7870,126,1,10
29232,7480,149,1,5
29233,7480,117,2,5
29234,8078,145,1,15
29235,18764,60,1,10
29236,18764,104,2,5
29237,17341,53,1,5
29238,12537,55,1,10
29239,17160,124,2,15
29240,13901,133,4,15
29241,18730,90,1,15
29242,18730,2,1,10
29243,18730,124,2,10
29244,8303,28,2,10
29245,8303,90,1,15
29246,2698,147,1,15
29247,345,36,1,15
29248,345,98,2,10
29249,345,126,2,10
29250,14145,48,1,5
29251,1726,40,3,30
29252,1726,22,1,10
29253,21705,124,1,5
29254,21705,45,1,0
29255,21705,23,1,5
29256,12289,134,2,20
29257,12289,141,1,25
29258,21670,60,1,0
29259,22571,29,1,25
29260,24835,115,2,5
29261,21721,3,2,20
29262,21721,141,1,20
29263,6324,133,3,5
29264,6324,104,1,5
29265,14606,128,2,25
29266,16752,68,2,25
29267,23676,50,1,5
29268,976,46,2,10
29269,1672,116,1,0
29270,1672,53,2,0
29271,17091,53,1,15
29272,17091,63,1,10
29273,11699,40,3,20
29274,4634,70,3,15
29275,4634,128,3,15
29276,4634,76,1,30
29277,4634,90,1,30
29278,21381,28,1,5
29279,16367,146,2,0
29280,16367,100,1,0
29281,8618,141,4,20
29282,8618,104,1,15
29283,19717,128,2,0
29284,18949,60,1,20
29285,18262,2,1,0
29286,24398,126,1,5
29287,7719,141,1,10
29288,7719,43,1,10
29289,7719,29,1,5
29290,7719,55,2,20
29291,22013,142,1,25
29292,9009,146,1,25
29293,9009,28,1,15
29294,9009,6,1,0
29295,9009,71,3,15
29296,6873,3,2,0
29297,6873,21,4,5
29298,16942,54,1,15
29299,16942,88,2,15
29300,16942,117,2,0
29301,22375,28,4,5
29302,22375,3,1,10
29303,3002,104,1,20
29304,3002,56,1,10
29305,15979,73,2,0
29306,15979,133,1,10
29307,13562,66,1,10
29308,190,14,1,5
29309,16109,59,2,5
29310,16109,98,2,15
29311,9972,105,1,5
29312,12684,141,1,0
29313,19300,102,3,5
29314,19300,54,3,15
29315,11354,139,1,10
29316,23723,43,1,15
29317,23723,102,1,20
29318,5886,149,2,10
29319,5886,42,1,10
29320,5886,131,1,15
29321,5886,88,1,5
29322,8059,118,2,5
29323,3415,71,1,15
29324,3415,117,3,0
29325,12474,71,1,0
29326,12474,66,2,15
29327,12474,69,3,0
29328,8447,21,4,5
29329,8447,146,2,10
29330,8447,144,1,10
29331,16628,73,1,30
29332,702,35,1,0
29333,702,15,2,0
29334,21858,104,1,25
29335,21858,91,1,0
29336,21858,143,1,25
29337,16230,77,2,10
29338,13452,62,3,10
29339,13452,117,1,10
29340,1823,71,1,20
29341,188,70,1,0
29342,6982,6,2,0
29343,6982,105,1,25
29344,9977,137,1,20
29345,1867,61,2,5
29346,1867,1,3,25
29347,1867,141,4,0
29348,1867,143,1,15
29349,13658,94,1,0
29350,9518,74,2,10
29351,9518,1,1,20
29352,9518,37,1,10
29353,6875,82,1,0
29354,23977,58,2,5
29355,817,90,1,5
29356,26,104,1,5
29357,2049,45,1,0
29358,2049,90,1,15
29359,2049,135,1,10
29360,17230,139,2,10
29361,16648,149,4,30
29362,16648,104,2,15
29363,16648,66,1,0
29364,16648,90,1,30
29365,10154,143,1,30
29366,10154,36,1,10
29367,14605,43,1,30
29368,18947,148,3,10
29369,18753,28,1,15
29370,8966,122,1,15
29371,23825,56,1,5
29372,23825,70,1,0
29373,20743,81,1,10
29374,10020,15,1,5
29375,10020,132,1,0
29376,2055,144,1,5
29377,2055,95,4,5
29378,10355,27,1,30
29379,1333,78,2,5
29380,6169,70,3,5
29381,10785,94,2,20
29382,24143,71,1,10
29383,3164,55,1,20
29384,3164,76,1,0
29385,3759,70,2,20
29386,22686,128,1,10
29387,12045,42,1,0
29388,12045,102,1,20
29389,12045,98,1,0
29390,24339,84,2,20
29391,3335,137,1,10
29392,3335,55,1,20
29393,3335,141,1,10
29394,3335,21,2,25
29395,6437,95,1,25
29396,3741,28,1,20
29397,3741,75,1,0
29398,17515,91,1,10
29399,17515,68,2,5
29400,17515,54,4,10
29401,740,36,1,10
29402,18054,124,1,15
29403,18054,91,1,10
29404,6704,75,1,15
29405,6930,90,2,5
29406,7117,55,1,25
29407,7117,137,1,20
29408,7117,146,1,25
29409,19522,141,1,10
29410,1817,63,1,10
29411,22806,132,1,0
29412,22806,31,1,10
29413,18145,10,1,10
29414,18145,70,2,20
29415,16099,12,3,5
29416,20303,62,1,10
29417,24912,76,1,10
29418,24912,138,3,5
29419,8259,66,2,10
29420,8259,140,3,0
29421,3313,93,4,15
29422,18612,95,1,0
29423,20397,66,2,5
29424,20397,5,1,5
29425,21684,15,1,10
29426,21684,48,1,0
29427,13317,126,1,5
29428,13317,85,1,10
29429,9632,141,1,10
29430,21575,20,1,10
29431,21575,141,1,0
29432,19409,136,1,0
29433,19409,43,2,0
29434,11822,129,1,0
29435,11822,26,2,0
29436,12142,126,3,0
29437,22073,72,1,0
29438,20,136,1,0
29439,7540,122,2,10
29440,11429,25,2,10
29441,6689,150,1,10
29442,12840,75,1,30
29443,12840,70,1,15
29444,12840,1,1,25
29445,12516,102,4,10
29446,12516,12,1,10
29447,12516,138,1,5
29448,4702,37,1,10
29449,4702,140,1,20
29450,11021,56,2,5
29451,11021,91,1,20
29452,24867,136,1,5
29453,2236,42,1,20
29454,2236,55,1,20
29455,11060,139,2,0
29456,22511,6,1,15
29457,22511,71,1,20
29458,20091,70,1,20
29459,12852,46,1,0
29460,4042,47,1,15
29461,6091,142,3,20
29462,6091,70,1,15
29463,6092,141,2,25
29464,3837,66,1,5
29465,22474,49,2,5
29466,22474,36,2,10
29467,22474,37,1,5
29468,18049,46,1,5
29469,18049,20,1,10
29470,18049,4,2,0
29471,18049,21,1,30
29472,24606,88,1,5
29473,11909,122,1,10
29474,15941,112,1,15
29475,15941,93,3,0
29476,16426,100,3,10
29477,9667,81,2,5
29478,15821,105,2,5
29479,15821,37,1,5
29480,15821,138,1,25
29481,12904,63,2,20
29482,17754,21,4,15
29483,1249,75,2,10
29484,1249,102,1,5
29485,23000,17,1,20
29486,23955,142,1,0
29487,23955,131,2,0
29488,15017,141,1,5
29489,15017,36,1,5
29490,10079,136,1,30
29491,7959,91,2,0
29492,7959,9,3,0
29493,6618,90,1,0
29494,12582,104,2,10
29495,12582,91,3,20
29496,12582,15,2,10
29497,12582,83,1,0
29498,4163,66,3,10
29499,13602,41,1,10
29500,13602,46,1,0
29501,22542,104,1,0
29502,22542,14,1,15
29503,22542,95,2,0
29504,22542,43,2,10
29505,10704,117,1,30
29506,3475,54,1,0
29507,19779,64,1,20
29508,8235,85,1,15
29509,697,53,1,15
29510,697,112,2,15
29511,697,92,1,25
29512,697,71,2,0
29513,12825,122,1,15
29514,21435,139,1,0
29515,21435,60,1,5
29516,16625,14,1,10
29517,16625,84,1,0
29518,9921,17,1,10
29519,18917,129,1,0
29520,6774,89,1,15
29521,6774,42,2,15
29522,4232,139,1,15
29523,4232,124,3,15
29524,4232,69,1,0
29525,4232,134,1,5
29526,4418,121,1,15
29527,4418,117,3,15
29528,8424,43,2,5
29529,8424,138,1,20
29530,8424,140,2,0
29531,8424,147,3,10
29532,5972,41,1,0
29533,5972,118,1,0
29534,5972,90,2,0
29535,5972,55,1,10
29536,5999,25,2,25
29537,5999,47,1,10
29538,21320,81,4,0
29539,21320,121,1,25
29540,21320,43,1,10
29541,21320,142,1,25
29542,5619,59,2,20
29543,5619,91,1,15
29544,5619,6,1,0
29545,5680,63,1,5
29546,2778,39,2,15
29547,13732,14,1,0
29548,2979,96,1,15
29549,2979,46,1,20
29550,2979,71,1,5
29551,22125,124,1,0
29552,15739,140,1,20
29553,18793,140,1,5
29554,20373,42,1,15
29555,20373,61,1,10
29556,20373,55,1,0
29557,20373,37,1,25
29558,24283,144,1,0
29559,24283,66,1,30
29560,14315,133,1,10
29561,10513,138,1,10
29562,10513,76,1,10
29563,3465,142,1,5
29564,3465,87,2,15
29565,18124,142,1,5
29566,4101,149,1,15
29567,4221,4,4,15
29568,16721,149,2,30
29569,16721,86,2,0
29570,16721,90,3,5
29571,16721,62,2,0
29572,22963,19,1,10
29573,22963,75,2,5
29574,22963,56,1,5
29575,1466,96,1,10
29576,1466,6,1,5
29577,17480,127,1,0
29578,20929,75,4,5
29579,23411,68,4,0
29580,16651,136,1,5
29581,16651,125,1,15
29582,10733,56,2,20
29583,5224,95,1,30
29584,5224,61,2,25
29585,22269,76,2,0
29586,22269,146,1,10
29587,22269,43,1,5
29588,5143,13,2,25
29589,14485,63,1,25
29590,16346,62,1,0
29591,23342,104,3,25
29592,16746,38,1,0
29593,16746,141,1,10
29594,16746,91,1,20
29595,16746,140,3,0
29596,22492,29,1,15
29597,22492,99,1,25
29598,22492,52,2,30
29599,22492,64,1,10
29600,1353,104,1,10
29601,1353,149,1,5
29602,18762,30,1,0
29603,18762,142,1,25
29604,12258,112,1,5
29605,12258,116,2,25
29606,1529,70,3,10
29607,9534,54,2,10
29608,15457,71,2,10
29609,20552,118,1,25
29610,20552,90,2,25
29611,8731,80,1,15
29612,8731,37,1,15
29613,22021,73,1,10
29614,22021,26,2,20
29615,12589,30,1,10
29616,12589,118,1,5
29617,12589,146,3,30
29618,12589,114,1,30
29619,332,144,2,10
29620,9525,124,1,0
29621,9525,52,1,30
29622,12487,66,1,10
29623,12487,131,1,0
29624,12257,118,1,15
29625,12257,73,2,30
29626,15223,59,1,20
29627,7887,141,1,20
29628,7887,134,1,5
29629,9468,112,1,25
29630,1056,93,1,0
29631,19310,95,1,5
29632,14076,116,1,25
29633,20124,41,1,20
29634,10839,90,1,30
29635,10839,111,1,10
29636,14187,75,3,15
29637,7989,19,1,10
29638,19171,90,2,30
29639,19171,68,2,15
29640,13037,38,2,10
29641,13037,45,2,10
29642,13037,140,2,20
29643,15383,104,1,5
29644,15383,123,4,10
29645,15383,149,2,15
29646,2843,54,1,0
29647,2843,7,1,10
29648,2843,68,3,15
29649,8042,71,2,20
29650,8042,75,1,20
29651,8042,140,1,10
29652,6002,140,1,20
29653,2887,88,1,5
29654,2887,128,2,20
29655,2887,123,1,0
29656,4217,36,1,20
29657,4217,138,2,15
29658,4217,68,2,10
29659,343,76,1,10
29660,1006,126,1,15
29661,21159,148,1,15
29662,22562,138,1,25
29663,22562,124,1,20
29664,14263,52,1,10
29665,11297,139,1,15
29666,2374,47,1,30
29667,2374,142,1,10
29668,22282,94,2,0
29669,22282,104,3,5
29670,10245,95,3,25
29671,10245,94,1,5
29672,23055,139,3,10
29673,9311,140,2,0
29674,9311,15,3,20
29675,9311,19,3,0
29676,1889,28,1,25
29677,1514,66,3,25
29678,8637,127,1,20
29679,8637,49,1,0
29680,8637,42,2,30
29681,8637,90,1,10
29682,886,70,1,0
29683,886,3,1,20
29684,4741,28,1,10
29685,6748,24,2,10
29686,6748,150,1,10
29687,24861,141,3,0
29688,24861,140,3,5
29689,5821,104,1,25
29690,23810,6,2,15
29691,23810,38,1,20
29692,22666,142,1,5
29693,22666,81,2,25
29694,4726,35,1,10
29695,3828,22,1,5
29696,11550,6,1,20
29697,15247,50,1,25
29698,20925,12,1,10
29699,20925,63,2,25
29700,20925,17,1,25
29701,20925,81,2,0
29702,24658,129,1,10
29703,8047,122,4,20
29704,8047,75,1,10
29705,5248,59,1,0
29706,3730,43,1,0
29707,15657,18,3,5
29708,15657,54,1,30
29709,12859,67,1,0
29710,15812,128,1,10
29711,14541,115,1,10
29712,14541,118,2,0
29713,14541,102,1,0
29714,19678,68,1,25
29715,3064,93,2,0
29716,3064,63,1,0
29717,21999,93,2,0
29718,24823,90,1,20
29719,24823,125,1,0
29720,22740,128,1,10
29721,23311,89,2,10
29722,8207,121,3,0
29723,16212,42,1,15
29724,16212,148,1,10
29725,8700,21,1,0
29726,8700,6,1,25
29727,8700,110,2,20
29728,19601,117,4,15
29729,7924,128,1,10
29730,21228,93,2,10
29731,21735,71,1,25
29732,21735,14,3,5
29733,21735,96,4,0
29734,15524,25,1,5
29735,6343,60,1,5
29736,7370,76,1,20
29737,7370,6,1,10
29738,7370,68,1,30
29739,7370,29,3,25
29740,22531,141,2,5
29741,8728,68,2,25
29742,7308,40,1,10
29743,7308,81,2,25
29744,6993,134,1,5
29745,12997,6,1,5
29746,18194,52,1,0
29747,18194,87,1,10
29748,5285,19,4,30
29749,22675,91,1,30
29750,17108,55,1,20
29751,17105,52,1,5
29752,17105,15,1,20
29753,17105,104,1,10
29754,7123,137,3,15
29755,7123,144,2,10
29756,8781,126,1,0
29757,8781,50,3,10
29758,832,133,1,10
29759,832,93,2,5
29760,832,117,2,10
29761,13288,88,1,20
29762,14916,78,1,10
29763,14916,66,4,15
29764,21919,85,4,15
29765,21919,50,1,5
29766,21919,138,4,20
29767,13392,90,1,5
29768,13392,139,1,10
29769,16054,132,2,0
29770,5158,14,1,0
29771,5158,98,2,0
29772,22308,117,2,5
29773,4683,42,4,15
29774,7918,19,2,0
29775,7918,93,1,0
29776,7918,72,1,0
29777,7918,117,1,10
29778,9981,75,1,0
29779,2787,26,1,10
29780,2787,84,1,5
29781,16463,47,3,10
29782,8121,28,1,0
29783,7129,92,3,25
29784,7129,146,2,15
29785,7129,76,1,15
29786,9734,100,2,0
29787,9734,139,1,10
29788,13984,66,2,10
29789,13984,126,1,15
29790,13984,97,1,0
29791,9789,42,1,30
29792,10150,129,1,15
29793,5092,134,1,20
29794,10207,81,1,0
29795,10207,102,3,20
29796,22861,147,1,5
29797,13010,20,1,25
29798,13010,53,2,20
29799,3137,117,2,15
29800,11798,1,1,5
29801,14079,107,1,10
29802,22550,63,1,20
29803,19158,137,1,15
29804,5110,6,2,5
29805,5110,20,1,0
29806,3016,143,2,15
29807,3324,17,3,0
29808,3324,19,2,20
29809,3324,149,2,0
29810,23234,141,1,10
29811,20426,43,1,15
29812,20426,110,1,15
29813,15032,111,1,15
29814,23673,75,1,10
29815,23673,18,2,10
29816,19662,85,2,20
29817,19662,68,4,0
29818,19991,29,1,15
29819,19991,126,1,30
29820,19991,128,1,10
29821,21878,55,1,0
29822,3006,75,1,0
29823,19000,105,2,5
29824,14419,91,1,15
29825,14419,142,2,15
29826,9767,72,1,25
29827,24495,124,1,30
29828,9312,149,1,20
29829,9312,117,1,10
29830,2833,64,2,10
29831,23453,48,1,10
29832,23453,125,2,20
29833,23387,3,1,15
29834,23387,17,2,10
29835,23387,90,1,15
29836,20624,86,3,5
29837,11470,115,1,0
29838,11470,57,1,0
29839,11470,125,1,10
29840,11832,81,1,0
29841,11832,15,2,25
29842,17582,46,1,25
29843,8208,68,2,10
29844,17680,20,2,15
29845,17680,42,1,15
29846,18780,93,1,10
29847,18780,126,2,10
29848,18780,66,3,10
29849,18780,78,1,0
29850,13220,139,3,10
29851,13220,141,1,15
29852,13220,1,1,5
29853,23615,50,1,10
29854,23615,10,2,0
29855,24311,126,2,15
29856,1371,38,3,5
29857,8409,142,1,20
29858,8050,146,2,15
29859,16309,54,3,5
29860,2,42,1,5
29861,8737,3,1,5
29862,8737,73,1,5
29863,17794,148,1,0
29864,14662,66,1,0
29865,13556,26,2,15
29866,5247,103,1,0
29867,1928,66,1,15
29868,2139,87,1,20
29869,21417,29,1,15
29870,21417,62,3,5
29871,7609,95,1,10
29872,7609,124,1,0
29873,7609,137,3,5
29874,7609,56,1,5
29875,15057,49,1,5
29876,13211,14,2,15
29877,13211,142,1,5
29878,13211,4,1,15
29879,19479,21,1,25
29880,11647,141,1,5
29881,11647,98,1,10
29882,15835,71,1,15
29883,6416,68,1,15
29884,11392,74,2,25
29885,11392,128,3,5
29886,11392,28,1,5
29887,4973,55,1,15
29888,1209,63,1,0
29889,23806,58,3,15
29890,1597,102,1,15
29891,8619,141,1,5
29892,18639,67,2,0
29893,2631,139,2,30
29894,626,21,2,20
29895,21916,61,1,0
29896,21916,31,1,0
29897,21761,90,3,15
29898,213,3,2,10
29899,23956,67,2,5
29900,5279,125,1,10
29901,1533,46,1,15
29902,23616,143,4,10
29903,2543,28,4,0
29904,2543,37,1,10
29905,3430,40,1,10
29906,3430,21,1,10
29907,3430,78,3,30
29908,3430,58,1,0
29909,19159,34,1,5
29910,19159,73,1,25
29911,11552,141,1,15
29912,11552,34,2,15
29913,6248,30,2,15
29914,18128,28,2,25
29915,18128,140,1,10
29916,18128,42,2,25
29917,18128,24,3,0
29918,9757,17,2,10
29919,24476,104,1,20
29920,6751,62,2,5
29921,6751,132,1,20
29922,6751,111,1,25
29923,20178,104,2,20
29924,20178,125,2,15
29925,11094,141,1,0
29926,7578,101,1,30
29927,6964,42,1,5
29928,6964,46,1,15
29929,17455,20,2,20
29930,19984,145,1,20
29931,16729,36,1,0
29932,21397,96,1,15
29933,9958,27,1,5
29934,17712,6,2,5
29935,13776,6,1,5
29936,13784,67,1,5
29937,18151,19,2,5
29938,21816,61,1,25
29939,21816,149,1,5
29940,17556,146,3,10
29941,11407,123,1,10
29942,5997,90,1,10
29943,171,145,2,0
29944,171,24,1,30
29945,171,84,2,0
29946,9304,84,2,15
29947,9304,93,1,5
29948,21197,87,1,15
29949,21197,53,1,10
29950,640,49,1,15
29951,12808,128,1,15
29952,13596,136,2,15
29953,8425,146,3,25
29954,12736,143,1,10
29955,984,117,1,10
29956,10769,62,4,25
29957,10769,55,1,20
29958,9543,1,1,25
29959,989,100,1,0
29960,22933,146,3,0
29961,15227,96,1,10
29962,15227,63,1,15
29963,3711,116,1,5
29964,3711,50,1,25
29965,5106,124,1,20
29966,4580,70,2,0
29967,4580,60,1,20
29968,4580,28,1,15
29969,3567,9,1,15
29970,3567,28,2,10
29971,22982,124,1,20
29972,22656,60,1,10
29973,22656,14,2,0
29974,22656,91,1,20
29975,15487,24,1,10
29976,15487,2,1,5
29977,19512,132,2,20
29978,19512,90,1,15
29979,19512,72,2,15
29980,15709,90,1,20
29981,15709,84,1,15
29982,21682,29,1,15
29983,21682,14,1,5
29984,993,70,3,5
29985,22534,93,1,10
29986,9940,2,1,5
29987,9940,64,1,20
29988,6018,142,2,0
29989,2524,42,2,0
29990,17993,137,1,20
29991,10121,84,2,25
29992,10121,90,1,0
29993,21425,71,3,0
29994,21425,78,1,15
29995,21425,68,1,15
29996,21425,21,1,5
29997,14817,81,4,0
29998,9926,117,3,0
29999,9926,102,1,15
30000,851,70,2,10
30001,851,75,1,0
30002,851,68,1,0
30003,831,128,1,15
30004,19578,46,2,20
30005,19578,148,1,20
30006,19578,66,1,0
30007,19578,132,2,5
30008,5265,48,2,25
30009,22213,50,1,20
30010,22213,142,1,5
30011,4396,52,2,5
30012,8981,104,1,15
30013,6168,107,1,0
30014,15157,41,1,5
30015,15157,124,3,25
30016,11034,60,3,5
30017,11034,93,2,0
30018,12558,74,1,10
30019,13724,124,1,25
30020,20710,106,1,0
30021,8248,19,1,15
30022,24344,32,1,10
30023,16229,49,1,0
30024,16229,134,3,0
30025,16229,47,1,15
30026,5696,76,2,5
30027,5696,3,1,5
30028,6549,52,1,10
30029,16680,91,1,15
30030,15642,141,1,0
30031,10929,94,1,15
30032,24804,66,1,20
30033,6603,91,1,5
30034,2946,60,2,15
30035,13893,128,2,5
30036,8533,104,1,10
30037,6080,40,3,0
30038,6080,107,1,0
30039,23251,124,1,20
30040,23251,29,1,20
30041,13207,90,1,0
30042,13207,141,1,20
30043,16828,141,2,5
30044,13859,23,2,0
30045,13294,42,1,25
30046,14625,107,3,0
30047,8030,149,1,0
30048,659,31,2,0
30049,17173,71,2,0
30050,13343,128,2,5
30051,18037,70,1,10
30052,14269,42,2,5
30053,14269,29,1,5
30054,3962,26,2,10
30055,3962,104,1,10
30056,3962,142,1,0
30057,14595,28,1,15
30058,14595,3,1,15
30059,18166,69,1,10
30060,12261,143,2,10
30061,539,122,3,20
30062,539,74,2,10
30063,6624,96,1,15
30064,6624,114,1,10
30065,13376,70,4,10
30066,13376,17,2,15
30067,2713,21,1,10
30068,1915,125,1,25
30069,17378,90,1,15
30070,14791,124,1,0
30071,8770,81,1,10
30072,4815,31,1,0
30073,17481,28,2,25
30074,24574,98,1,20
30075,24574,37,1,30
30076,24574,25,1,0
30077,1920,20,1,5
30078,1920,84,2,15
30079,1920,90,1,20
30080,1920,24,2,20
30081,17841,40,1,15
30082,16018,138,1,0
30083,21019,6,1,0
30084,21019,101,2,0
30085,22369,122,1,15
30086,10080,53,1,20
30087,10080,23,2,5
30088,10080,28,2,15
30089,19058,3,2,0
30090,5741,141,4,10
30091,10865,47,3,10
30092,10865,67,1,10
30093,10865,124,2,10
30094,13229,142,2,25
30095,22499,60,4,10
30096,22499,50,1,0
30097,22499,132,2,15
30098,14482,78,1,5
30099,14482,117,2,30
30100,14482,104,1,20
30101,5882,10,1,5
30102,5882,94,1,30
30103,17560,62,2,0
30104,13783,126,3,10
30105,21223,46,2,15
30106,21223,93,3,20
30107,21223,23,3,25
30108,20556,140,1,30
30109,20556,72,1,10
30110,10653,38,1,0
30111,18624,16,1,5
30112,18624,145,2,5
30113,18624,139,1,10
30114,2148,124,1,10
30115,2148,123,1,5
30116,2148,52,2,15
30117,13428,91,1,15
30118,6480,107,1,25
30119,14960,141,2,10
30120,14808,88,2,0
30121,14808,71,1,10
30122,18663,16,1,5
30123,18663,90,1,10
30124,3665,81,1,30
30125,18453,20,2,10
30126,23727,53,3,25
30127,23727,96,1,10
30128,23727,133,1,25
30129,750,139,1,5
30130,750,31,1,10
30131,750,90,1,0
30132,4980,51,1,15
30133,4980,131,1,5
30134,10149,63,3,10
30135,10149,71,1,0
30136,10149,141,1,5
30137,10149,56,1,20
30138,6497,71,1,10
30139,6497,63,1,25
30140,6497,142,1,15
30141,6497,2,2,0
30142,1577,149,2,10
30143,1577,76,1,0
30144,1577,41,3,5
30145,2667,61,1,10
30146,2667,28,1,5
30147,15662,117,1,30
30148,15662,64,1,25
30149,12724,81,2,0
30150,17180,82,1,20
30151,19360,76,1,15
30152,11241,55,1,10
30153,11241,48,1,25
30154,9029,63,1,5
30155,14869,53,1,20
30156,24488,95,4,15
30157,19530,4,1,10
30158,19530,142,3,25
30159,312,117,2,0
30160,22277,59,1,30
30161,22277,53,2,5
30162,22277,21,2,0
30163,22277,128,2,20
30164,12689,67,1,10
30165,2196,66,1,15
30166,706,42,1,30
30167,706,145,2,20
30168,14341,55,1,15
30169,14341,21,2,0
30170,14341,75,2,0
30171,13613,10,1,0
30172,565,148,1,15
30173,6162,38,2,5
30174,13469,66,1,0
30175,13469,21,1,20
30176,13469,146,2,5
30177,13469,141,1,0
30178,24621,15,1,0
30179,24621,124,3,0
30180,24621,72,1,10
30181,1549,37,1,5
30182,3185,137,1,25
30183,3185,133,3,30
30184,19650,123,1,0
30185,19650,28,1,15
30186,15646,42,1,20
30187,196,142,1,20
30188,196,70,1,15
30189,196,3,2,0
30190,17733,69,1,20
30191,13400,115,1,0
30192,13400,62,1,20
30193,12288,63,1,5
30194,1720,127,1,0
30195,1720,45,1,15
30196,23053,142,3,0
30197,8043,71,1,20
30198,4021,74,2,15
30199,4021,21,3,10
30200,16088,17,1,15
30201,1011,104,1,15
30202,19487,91,1,0
30203,15740,12,2,5
30204,15740,21,1,25
30205,12760,72,4,15
30206,12760,121,2,25
30207,24749,96,1,20
30208,22507,42,2,0
30209,22507,107,1,15
30210,22507,105,2,20
30211,9335,117,1,15
30212,20531,127,2,5
30213,17414,65,3,20
30214,17414,74,2,10
30215,10141,92,1,10
30216,19207,137,1,20
30217,10015,68,1,5
30218,10015,139,1,25
30219,6511,3,1,15
30220,6511,117,1,10
30221,6511,124,1,15
30222,5875,6,1,0
30223,5875,141,1,5
30224,14354,142,1,5
30225,12185,72,1,0
30226,12185,142,1,0
30227,12185,41,1,0
30228,19055,14,3,10
30229,10602,41,2,0
30230,12009,27,1,15
30231,8895,61,1,15
30232,14948,142,1,15
30233,1488,140,1,10
30234,128,49,1,15
30235,128,71,1,10
30236,128,46,1,5
30237,128,124,3,10
30238,10117,10,1,15
30239,5061,12,1,20
30240,24002,140,1,5
30241,6382,117,1,10
30242,14695,90,1,30
30243,14695,81,1,5
30244,15478,105,1,15
30245,7407,17,1,0
30246,11568,125,1,5
30247,3244,71,1,25
30248,1508,121,1,0
30249,1508,20,1,30
30250,4870,28,1,0
30251,10418,73,1,10
30252,17551,81,1,15
30253,701,2,1,5
30254,701,70,2,10
30255,21607,109,1,5
30256,4488,55,1,25
30257,5754,136,1,5
30258,7945,128,1,5
30259,7945,88,1,15
30260,7945,54,2,5
30261,22753,88,1,10
30262,12502,72,1,5
30263,12502,53,1,10
30264,23836,20,4,10
30265,23836,47,1,0
30266,15926,52,4,10
30267,15926,100,1,0
30268,15926,105,2,0
30269,6047,40,2,15
30270,6047,68,1,5
30271,20468,115,1,5
30272,20468,141,2,15
30273,11155,142,1,15
30274,9374,14,1,15
30275,10227,51,2,0
30276,8620,42,1,25
30277,12963,85,1,30
30278,12963,128,3,25
30279,2210,101,1,30
30280,2210,64,1,0
30281,13464,33,2,15
30282,13464,21,1,0
30283,13464,93,1,15
30284,2662,31,1,0
30285,17527,71,1,15
30286,9091,28,1,5
30287,9091,79,2,5
30288,20220,141,2,0
30289,20220,62,1,15
30290,20220,104,1,0
30291,20220,69,1,15
30292,10385,54,1,0
30293,14814,75,1,20
30294,8056,72,1,10
30295,21048,121,2,0
30296,23203,56,2,5
30297,23203,65,1,20
30298,19612,136,1,10
30299,18140,146,1,20
30300,18140,124,1,20
30301,1765,37,4,5
30302,1765,129,2,10
30303,14195,88,1,0
30304,14195,66,3,15
30305,19450,56,1,5
30306,15822,75,1,0
30307,21757,141,1,15
30308,7835,85,2,15
30309,7835,63,1,15
30310,7928,75,2,5
30311,7928,118,2,20
30312,18908,60,2,10
30313,10901,138,2,5
30314,19082,101,1,20
30315,19082,70,1,0
30316,19082,33,2,0
30317,19082,143,1,30
30318,8431,63,1,20
30319,8431,12,3,10
30320,8431,28,1,0
30321,11162,21,1,10
30322,17557,124,2,25
30323,4352,125,1,15
30324,4352,102,2,0
30325,13231,34,1,30
30326,13231,104,2,20
30327,19175,71,1,10
30328,24372,102,3,0
30329,24372,124,1,0
30330,24372,118,1,5
30331,12712,142,1,10
30332,5776,27,1,15
30333,5776,29,3,15
30334,5776,42,1,25
30335,15886,120,1,5
30336,15886,95,1,0
30337,8120,60,1,10
30338,1749,129,2,20
30339,1749,69,1,15
30340,1749,111,1,5
30341,1749,66,2,10
30342,8267,67,2,10
30343,8267,37,1,10
30344,22355,89,1,5
30345,22355,29,2,0
30346,22355,149,1,25
30347,7551,56,1,30
30348,4782,16,2,15
30349,4782,117,1,10
30350,22765,84,2,15
30351,22765,107,2,0
30352,24379,145,1,15
30353,24379,68,1,20
30354,21748,70,1,30
30355,21748,117,1,5
30356,21748,91,2,20
30357,20282,84,3,15
30358,23185,49,1,10
30359,23185,28,1,10
30360,11288,76,2,5
30361,22284,73,1,25
30362,22284,104,1,0
30363,17033,47,1,30
30364,21472,63,1,5
30365,21472,141,2,20
30366,9423,101,1,0
30367,11876,33,1,10
30368,22334,31,2,10
30369,4050,111,1,10
30370,3959,38,1,10
30371,10951,81,1,15
30372,10951,63,1,20
30373,14138,87,1,5
30374,14138,55,1,10
30375,823,87,3,0
30376,9567,66,3,20
30377,9567,55,1,10
30378,9567,70,1,10
30379,9567,148,3,15
30380,10065,37,1,5
30381,16120,6,1,10
30382,5220,87,2,5
30383,1449,66,1,5
30384,1449,102,1,5
30385,1449,58,2,25
30386,20360,14,3,15
30387,15819,24,3,0
30388,23180,33,1,15
30389,23180,141,1,0
30390,20511,75,1,10
30391,20511,55,1,10
30392,16731,76,1,10
30393,12787,142,4,20
30394,12787,102,2,25
30395,12787,42,1,0
30396,18036,60,1,15
30397,20744,138,1,5
30398,8890,91,1,10
30399,8890,81,1,15
30400,24745,62,1,10
30401,24745,48,1,5
30402,7218,90,1,25
30403,7218,49,1,0
30404,5806,28,1,5
30405,17924,43,2,20
30406,17924,91,1,30
30407,17924,102,1,0
30408,17924,71,1,10
30409,9435,126,4,0
30410,8283,100,1,0
30411,17777,90,1,15
30412,17777,31,3,0
30413,4578,66,1,0
30414,13581,25,1,0
30415,13103,22,1,0
30416,13103,129,1,5
30417,3593,99,2,10
30418,14039,55,2,0
30419,19075,104,3,0
30420,20110,141,1,10
30421,20110,67,2,10
30422,13423,99,1,10
30423,23011,141,1,20
30424,20179,117,1,0
30425,20179,114,2,15
30426,20179,102,1,10
30427,14234,46,1,10
30428,9094,118,4,5
30429,16315,149,1,25
30430,827,73,3,15
30431,3670,68,2,10
30432,19147,42,1,10
30433,19147,43,2,10
30434,24694,45,2,0
30435,4497,96,1,0
30436,15501,138,1,5
30437,19584,53,1,5
30438,19584,71,1,15
30439,19584,3,1,10
30440,17736,57,1,0
30441,4090,74,1,20
30442,6718,143,1,0
30443,6718,28,1,5
30444,2199,40,1,25
30445,22697,134,1,10
30446,21380,140,1,10
30447,5410,142,1,10
30448,8587,103,1,0
30449,8587,149,1,0
30450,8587,66,2,10
30451,4384,129,1,20
30452,16626,117,3,15
30453,13913,91,1,20
30454,9078,60,4,5
30455,1645,54,1,0
30456,9500,90,1,20
30457,20425,117,1,5
30458,7317,78,2,20
30459,6485,55,1,0
30460,17600,25,1,15
30461,7732,42,1,10
30462,13344,117,4,10
30463,2767,121,3,0
30464,22739,141,1,15
30465,8379,102,1,0
30466,9684,98,1,15
30467,15302,76,1,10
30468,4721,15,1,5
30469,12882,143,1,30
30470,12882,42,1,25
30471,12882,60,1,15
30472,11048,90,1,5
30473,11048,20,1,0
30474,15355,70,1,10
30475,4915,52,3,20
30476,14830,21,1,15
30477,14830,70,2,5
30478,9641,124,1,5
30479,2424,128,2,0
30480,22897,40,1,15
30481,8678,101,1,5
30482,8678,22,3,15
30483,16041,115,2,25
30484,24303,121,1,10
30485,24945,139,1,20
30486,1273,25,1,5
30487,7235,87,1,15
30488,7235,135,2,25
30489,10987,124,1,5
30490,10817,126,1,0
30491,10817,145,2,15
30492,14137,87,1,15
30493,14137,81,2,20
30494,449,55,2,15
30495,10199,117,2,15
30496,10199,102,2,10
30497,9714,83,1,0
30498,9714,118,2,30
30499,9714,67,1,10
30500,9714,129,2,10
30501,9843,144,2,5
30502,18660,52,1,20
30503,18660,117,3,15
30504,18660,54,1,5
30505,9133,54,2,5
30506,12184,3,2,15
30507,12184,103,3,0
30508,12184,15,1,25
30509,12184,24,1,10
30510,10440,60,1,10
30511,17519,42,1,0
30512,17519,50,1,20
30513,17519,78,1,15
30514,19851,29,1,0
30515,8797,28,2,10
30516,8797,117,3,25
30517,2498,101,3,25
30518,22826,75,1,15
30519,24253,59,1,10
30520,24253,81,2,15
30521,17545,24,2,20
30522,17545,75,1,25
30523,17545,91,1,25
30524,19859,133,1,15
30525,2768,149,3,10
30526,10379,146,1,25
30527,10379,132,1,15
30528,10379,28,1,20
30529,10379,90,1,5
30530,7577,111,2,0
30531,23739,42,2,25
30532,16458,90,1,10
30533,5370,118,1,10
30534,15070,73,2,10
30535,2725,149,2,0
30536,2725,124,2,0
30537,24686,28,2,25
30538,15380,124,1,10
30539,5064,42,1,10
30540,1779,84,1,10
30541,23689,74,4,10
30542,13245,36,1,20
30543,13245,73,1,15
30544,13245,6,1,10
30545,20551,55,2,10
30546,20551,71,1,10
30547,20551,143,1,0
30548,8982,143,1,15
30549,8982,42,1,10
30550,15080,140,3,25
30551,15080,67,1,15
30552,15341,55,3,5
30553,15503,28,1,15
30554,13319,75,1,5
30555,13319,117,2,20
30556,13319,73,2,0
30557,8349,19,1,15
30558,12119,117,1,10
30559,17395,128,1,20
30560,17395,62,1,0
30561,17395,21,1,5
30562,17395,107,1,10
30563,20298,141,1,10
30564,20298,140,1,0
30565,20298,54,1,30
30566,5686,73,1,0
30567,1506,48,3,0
30568,1506,38,1,5
30569,1506,111,1,10
30570,8347,84,3,25
30571,4965,133,1,5
30572,5090,142,1,20
30573,5090,91,2,0
30574,17888,136,3,10
30575,17888,143,1,15
30576,17888,65,1,10
30577,16436,141,1,10
30578,16436,149,1,30
30579,16436,104,1,5
30580,16436,121,2,10
30581,19543,73,3,0
30582,21780,6,1,15
30583,1746,72,2,5
30584,1746,101,1,5
30585,14104,117,1,10
30586,14104,141,1,15
30587,14104,111,1,0
30588,9770,42,1,0
30589,23123,130,1,25
30590,20995,59,1,20
30591,7922,93,3,0
30592,7922,95,1,15
30593,683,78,1,5
30594,683,51,1,10
30595,683,70,1,5
30596,683,71,2,0
30597,14398,133,3,0
30598,14398,76,2,15
30599,14398,122,1,15
30600,14398,81,1,20
30601,17425,67,2,0
30602,7793,42,1,15
30603,16450,62,1,25
30604,5457,31,4,25
30605,4295,117,1,10
30606,4295,95,2,0
30607,2869,69,1,5
30608,15619,68,1,0
30609,15619,98,1,20
30610,2366,141,1,20
30611,2366,51,2,10
30612,13657,141,3,10
30613,17806,59,4,5
30614,7154,146,1,20
30615,19679,85,1,10
30616,19679,66,2,10
30617,189,68,1,15
30618,7864,15,1,10
30619,6897,95,1,25
30620,18277,18,1,0
30621,18277,6,2,10
30622,18277,140,1,5
30623,18277,51,2,30
30624,11920,146,1,0
30625,11920,54,1,15
30626,11920,55,3,0
30627,11920,17,3,5
30628,974,66,2,15
30629,21170,146,2,0
30630,21170,36,2,0
30631,22208,48,1,15
30632,20073,43,3,0
30633,17361,75,1,5
30634,17361,93,1,30
30635,17361,128,1,5
30636,20100,141,1,5
30637,20100,105,1,10
30638,4020,63,1,20
30639,1037,128,1,0
30640,19821,96,1,10
30641,14767,101,3,0
30642,22022,23,3,5
30643,7868,28,1,25
30644,21344,71,2,10
30645,12755,128,1,5
30646,12755,115,1,5
30647,5897,104,2,5
30648,13956,142,1,10
30649,13956,46,1,5
30650,13462,6,1,0
30651,1002,56,2,10
30652,1002,116,1,0
30653,6077,100,1,0
30654,12096,101,1,0
30655,12096,63,1,25
30656,12096,3,2,15
30657,838,139,1,10
30658,19934,124,3,10
30659,13762,66,1,15
30660,6726,8,2,15
30661,6726,75,2,5
30662,2654,101,3,25
30663,21360,1,1,5
30664,1537,141,1,10
30665,14537,78,1,30
30666,14537,89,1,10
30667,14537,109,1,5
30668,14383,99,1,15
30669,14383,105,1,5
30670,19661,95,2,0
30671,7387,136,2,20
30672,10815,90,1,10
30673,10815,12,1,15
30674,481,8,1,5
30675,22706,66,1,5
30676,24655,95,1,5
30677,23961,4,3,10
30678,21763,12,1,15
30679,2888,63,1,10
30680,8260,115,1,20
30681,22438,133,3,25
30682,22438,117,1,0
30683,199,63,2,25
30684,199,65,1,0
30685,1124,93,2,15
30686,1124,89,1,5
30687,21510,139,3,20
30688,5899,98,1,20
30689,19502,133,1,5
30690,19502,137,1,0
30691,12761,69,1,10
30692,22726,54,1,0
30693,22726,144,1,15
30694,22726,71,2,5
30695,24607,117,1,0
30696,3495,138,1,10
30697,17829,63,2,20
30698,17829,78,1,15
30699,22750,68,1,5
30700,24264,104,1,0
30701,23472,72,2,10
30702,23472,104,2,0
30703,4108,29,3,10
30704,4108,54,1,25
30705,6677,34,1,25
30706,4762,99,1,0
30707,19371,52,1,0
30708,1650,31,1,10
30709,1650,117,1,20
30710,13817,104,2,10
30711,13817,47,1,0
30712,13817,31,1,0
30713,9613,128,1,25
30714,9750,3,1,10
30715,9345,71,1,20
30716,9345,28,1,5
30717,9345,15,3,15
30718,9345,148,1,0
30719,13014,121,2,0
30720,13014,100,4,10
30721,14773,104,2,20
30722,20044,8,1,15
30723,20044,70,1,10
30724,20044,72,1,5
30725,20044,14,1,30
30726,12625,47,1,15
30727,12625,70,1,10
30728,1754,141,1,20
30729,16030,95,1,10
30730,16030,69,1,25
30731,7581,84,1,0
30732,7581,63,2,5
30733,12263,128,1,0
30734,22608,102,1,10
30735,22608,141,1,5
30736,16267,90,1,5
30737,4269,6,3,0
30738,4269,64,3,15
30739,2453,117,1,5
30740,4328,144,1,5
30741,4328,124,1,5
30742,4328,146,1,15
30743,7304,72,3,20
30744,22759,49,2,25
30745,23930,12,1,20
30746,6523,66,1,0
30747,6523,9,1,30
30748,1477,117,1,0
30749,1477,115,1,0
30750,13131,115,2,10
30751,13131,66,2,5
30752,13131,76,2,20
30753,13131,3,1,15
30754,13796,55,1,15
30755,6981,78,3,10
30756,6981,21,2,20
30757,13022,107,1,10
30758,4934,76,1,5
30759,4934,91,2,20
30760,4585,137,1,5
30761,16557,27,2,10
30762,1044,105,1,30
30763,1044,78,1,0
30764,17588,122,2,15
30765,6759,60,2,0
30766,375,70,3,10
30767,12238,98,1,0
30768,14667,140,4,20
30769,20748,13,3,15
30770,13141,40,2,15
30771,13141,55,1,0
30772,1951,96,2,10
30773,14070,40,1,5
30774,14070,70,1,15
30775,13176,66,4,15
30776,13176,93,1,20
30777,13176,112,1,15
30778,11214,137,1,20
30779,11214,104,1,0
30780,938,33,1,20
30781,8908,112,2,0
30782,8908,62,1,10
30783,4167,112,2,0
30784,4167,28,1,30
30785,10717,117,1,10
30786,23728,133,1,0
30787,24181,24,1,0
30788,24181,42,1,0
30789,24181,126,1,15
30790,19841,67,1,15
30791,3937,36,2,15
30792,3937,71,1,0
30793,24408,88,1,5
30794,24408,128,1,5
30795,10828,115,2,5
30796,3580,141,1,10
30797,10773,31,1,10
30798,13031,58,2,0
30799,13031,137,1,10
30800,3019,138,2,0
30801,779,149,2,20
30802,24258,6,1,10
30803,10022,66,1,0
30804,11234,106,2,10
30805,11234,6,3,5
30806,11234,94,2,5
30807,1351,107,1,0
30808,1145,91,2,10
30809,1145,78,1,10
30810,1145,25,1,20
30811,3893,54,1,10
30812,17255,100,1,20
30813,21720,137,1,20
30814,15423,73,2,30
30815,15423,91,2,10
30816,15423,110,1,15
30817,15423,47,1,10
30818,23911,19,1,15
30819,21591,91,1,10
30820,21591,78,1,15
30821,21597,49,1,0
30822,20798,42,1,0
30823,20798,62,2,5
30824,20798,55,1,0
30825,24011,36,1,0
30826,193,45,1,5
30827,7529,10,2,10
30828,7529,85,3,10
30829,310,133,1,10
30830,13330,12,2,15
30831,7501,3,1,15
30832,7501,90,1,10
30833,15046,56,1,0
30834,11294,61,1,0
30835,11294,67,1,0
30836,11294,90,2,10
30837,4528,124,1,0
30838,4219,133,1,0
30839,4219,20,1,0
30840,11724,42,1,20
30841,23083,24,1,20
30842,4160,128,2,10
30843,4160,19,1,25
30844,5455,26,1,25
30845,5455,75,1,25
30846,7978,42,1,20
30847,7978,71,1,10
30848,7978,72,1,15
30849,19363,124,1,5
30850,7832,77,2,20
30851,7832,143,1,5
30852,23626,73,1,5
30853,12029,68,1,0
30854,19634,141,1,5
30855,22457,90,1,5
30856,17900,20,1,0
30857,17900,126,1,5
30858,17900,28,3,10
30859,21486,6,1,10
30860,21486,91,1,10
30861,806,121,1,30
30862,21257,10,1,5
30863,2637,42,2,25
30864,8880,20,4,15
30865,5731,146,1,25
30866,16218,76,3,15
30867,16218,124,2,10
30868,6651,90,1,0
30869,18998,49,2,10
30870,18998,71,3,20
30871,19683,141,1,15
30872,4092,42,1,10
30873,7740,138,1,25
30874,7740,21,2,10
30875,20766,136,2,15
30876,10026,141,1,5
30877,10026,149,1,10
30878,10026,123,1,15
30879,24145,104,1,0
30880,24145,35,1,0
30881,9264,2,1,10
30882,17289,25,1,10
30883,17289,95,1,25
30884,17289,143,1,0
30885,16006,47,2,0
30886,12234,124,2,15
30887,12234,40,1,15
30888,8924,67,2,0
30889,19179,70,1,10
30890,19179,42,1,10
30891,7430,6,1,15
30892,7430,21,1,0
30893,1613,4,2,0
30894,1613,3,2,25
30895,12571,100,3,25
30896,22585,38,2,0
30897,22585,37,3,5
30898,22585,72,1,10
30899,1567,42,1,5
30900,21841,128,1,10
30901,21841,88,3,0
30902,9257,21,1,0
30903,7201,73,1,10
30904,7201,63,1,10
30905,23841,142,1,0
30906,2031,62,1,10
30907,2031,72,1,20
30908,2031,32,1,20
30909,10321,56,1,10
30910,10321,138,1,25
30911,18171,139,1,0
30912,18171,141,2,5
30913,18443,103,1,25
30914,13587,48,1,10
30915,15607,25,1,10
30916,13391,129,2,10
30917,3262,101,4,5
30918,3262,142,1,30
30919,3680,8,1,5
30920,4869,76,1,15
30921,4869,104,1,10
30922,6479,117,1,5
30923,12565,75,2,0
30924,12565,76,1,20
30925,12565,33,2,25
30926,1680,43,1,15
30927,9936,6,1,30
30928,509,104,3,5
30929,509,91,1,10
30930,509,125,2,15
30931,509,137,1,0
30932,2579,71,3,0
30933,5952,63,1,0
30934,5952,65,1,10
30935,17103,63,1,30
30936,7255,46,1,15
30937,14251,96,4,25
30938,13605,16,1,0
30939,13605,87,3,30
30940,13605,129,1,5
30941,13605,124,1,15
30942,24182,71,1,5
30943,5865,110,2,0
30944,17699,19,1,25
30945,4715,91,1,15
30946,4715,107,1,10
30947,4715,96,1,0
30948,4715,138,1,10
30949,7305,140,1,0
30950,10338,104,1,0
30951,24255,42,2,0
30952,6859,122,2,0
30953,6859,62,1,5
30954,6859,128,1,30
30955,6859,124,1,15
30956,24225,28,1,0
30957,24225,137,1,10
30958,8154,15,1,25
30959,8154,146,1,15
30960,24543,39,1,10
30961,833,105,2,10
30962,833,63,4,30
30963,833,78,4,15
30964,17321,142,2,0
30965,17321,11,2,20
30966,17321,138,1,15
30967,9005,91,1,15
30968,1963,28,1,10
30969,10573,91,1,15
30970,13935,70,2,10
30971,2739,88,1,0
30972,18374,48,1,20
30973,18374,72,1,10
30974,3908,138,4,15
30975,19035,124,2,15
30976,19035,72,4,0
30977,1641,55,2,5
30978,346,90,1,15
30979,15471,64,1,20
30980,9337,95,1,0
30981,19804,1,1,25
30982,8513,90,1,5
30983,153,116,2,5
30984,8720,147,1,25
30985,21358,142,2,10
30986,21358,116,1,0
30987,932,144,1,10
30988,14703,42,1,15
30989,14703,95,1,20
30990,13284,71,3,20
30991,13284,33,3,5
30992,7766,70,1,0
30993,7766,121,1,0
30994,7766,66,1,5
30995,10649,81,1,0
30996,10649,100,3,0
30997,10649,116,1,30
30998,15007,31,1,5
30999,15007,110,1,5
31000,3493,144,1,0
31001,3493,115,1,10
31002,3493,16,4,10
31003,2893,141,2,0
31004,10702,70,1,0
31005,12539,117,1,5
31006,22523,90,1,0
31007,22523,63,1,25
31008,162,60,1,0
31009,16915,139,1,0
31010,16915,42,1,0
31011,16915,141,1,20
31012,16915,126,1,20
31013,8515,65,2,0
31014,8515,68,1,15
31015,8515,88,1,20
31016,3524,47,3,0
31017,3524,84,2,15
31018,3524,19,1,10
31019,21422,91,2,20
31020,21422,19,2,15
31021,20645,1,1,0
31022,16314,135,1,10
31023,3678,117,1,5
31024,9965,59,1,5
31025,5149,109,1,0
31026,15138,71,1,0
31027,15138,27,1,5
31028,6314,46,1,0
31029,18978,133,2,0
31030,18978,72,2,0
31031,18978,70,4,5
31032,18978,17,1,0
31033,24549,75,1,15
31034,24549,85,4,0
31035,23978,133,1,15
31036,23978,49,1,10
31037,16102,29,3,15
31038,16110,73,1,20
31039,16110,91,1,25
31040,12567,63,1,0
31041,19570,61,1,15
31042,7446,72,2,5
31043,24349,84,2,20
31044,24263,138,3,25
31045,4731,29,1,10
31046,4731,102,2,10
31047,20230,121,1,25
31048,15931,104,2,0
31049,15931,117,2,20
31050,15931,140,1,10
31051,6112,96,1,5
31052,20250,70,1,20
31053,20250,124,1,10
31054,20250,131,1,10
31055,20796,100,1,10
31056,24809,37,1,10
31057,3944,91,1,15
31058,3944,3,1,0
31059,14749,25,1,5
31060,662,14,2,30
31061,662,144,3,10
31062,19966,105,1,20
31063,7162,28,1,5
31064,7162,85,1,0
31065,7162,137,2,0
31066,14579,70,1,0
31067,14579,50,1,0
31068,14579,141,1,0
31069,6216,131,1,0
31070,12314,71,1,10
31071,21041,121,2,10
31072,9725,90,3,15
31073,5769,121,1,20
31074,5769,104,2,25
31075,5769,87,2,5
31076,19916,124,1,0
31077,5080,88,1,5
31078,5080,90,1,0
31079,5080,66,1,5
31080,16855,99,2,5
31081,16855,126,2,0
31082,15491,135,2,15
31083,15491,136,1,10
31084,12465,149,1,25
31085,15705,66,2,10
31086,809,36,1,25
31087,23308,20,2,5
31088,6826,3,1,10
31089,1317,36,1,5
31090,2676,90,1,10
31091,2676,104,1,0
31092,1233,43,2,25
31093,1233,74,1,0
31094,21603,66,1,10
31095,21603,93,1,5
31096,2881,46,1,20
31097,2881,143,2,5
31098,2881,117,2,15
31099,14765,4,1,0
31100,10132,6,1,5
31101,22249,138,1,10
31102,5481,149,2,15
31103,18038,76,1,15
31104,428,26,1,5
31105,19140,34,1,30
31106,23618,81,1,10
31107,14424,146,1,10
31108,21281,67,2,25
31109,21281,36,1,10
31110,11066,35,2,10
31111,11066,50,2,25
31112,11066,70,1,20
31113,8286,51,2,5
31114,8286,52,2,15
31115,7699,56,1,15
31116,7699,47,1,25
31117,24798,72,1,20
31118,24798,149,1,20
31119,24449,141,1,15
31120,24449,77,2,0
31121,19127,42,1,10
31122,17307,31,1,5
31123,23754,38,1,15
31124,13255,84,1,15
31125,1644,84,1,10
31126,1644,76,2,20
31127,10322,128,1,0
31128,10322,54,4,25
31129,10322,90,1,15
31130,13289,73,2,10
31131,13289,61,1,0
31132,22179,41,1,20
31133,24269,66,1,10
31134,24269,85,3,0
31135,13411,133,2,20
31136,803,103,1,25
31137,803,81,1,5
31138,9415,71,1,0
31139,9415,99,3,20
31140,9415,133,1,20
31141,9415,31,1,5
31142,2499,53,2,10
31143,2499,46,1,0
31144,18206,64,1,5
31145,23924,138,1,30
31146,11363,140,3,15
31147,11363,102,2,15
31148,11363,46,2,0
31149,6842,139,1,10
31150,2550,81,1,15
31151,2550,52,1,5
31152,9606,35,1,5
31153,9606,66,1,15
31154,463,115,1,20
31155,463,90,1,20
31156,463,59,2,10
31157,463,101,1,5
31158,3226,3,1,5
31159,3226,53,2,5
31160,3226,144,1,15
31161,22683,116,3,0
31162,22683,114,2,5
31163,16730,84,3,25
31164,1668,46,1,20
31165,1668,50,1,0
31166,18351,36,1,10
31167,18351,90,1,20
31168,11745,91,1,5
31169,11745,149,1,30
31170,12807,139,1,5
31171,12807,42,1,10
31172,19023,27,1,20
31173,11817,95,1,25
31174,11817,23,2,20
31175,10371,139,1,20
31176,10371,118,1,10
31177,5129,53,1,5
31178,22101,21,1,5
31179,22101,63,2,10
31180,18331,145,2,10
31181,18331,143,2,10
31182,16353,37,1,0
31183,16353,102,3,5
31184,16353,96,2,0
31185,16353,118,1,5
31186,7052,145,1,10
31187,535,51,1,15
31188,535,23,1,10
31189,1092,73,1,0
31190,10190,19,1,0
31191,20843,34,3,0
31192,24285,64,1,10
31193,24285,34,1,10
31194,24285,38,1,20
31195,17529,142,1,10
31196,17529,91,1,15
31197,17529,115,2,5
31198,21818,124,2,15
31199,21818,65,2,10
31200,21818,133,2,20
31201,21818,46,1,10
31202,7628,140,3,15
31203,7628,42,2,25
31204,15717,38,1,25
31205,15717,66,1,0
31206,2249,75,1,15
31207,15016,139,1,5
31208,813,9,3,5
31209,12419,124,3,20
31210,12419,94,1,20
31211,14292,148,3,0
31212,7514,16,1,10
31213,7520,118,1,15
31214,7520,142,1,0
31215,7520,14,1,0
31216,17087,52,2,15
31217,17087,2,1,20
31218,16021,142,1,10
31219,16502,117,2,15
31220,16502,129,1,20
31221,4612,50,1,10
31222,4612,90,1,20
31223,24119,50,1,15
31224,24119,138,1,10
31225,24119,102,2,0
31226,17861,123,1,10
31227,17861,121,1,10
31228,17861,47,1,5
31229,17861,140,2,0
31230,12867,60,1,0
31231,9200,66,1,0
31232,9200,12,1,0
31233,9200,87,1,10
31234,9200,81,2,5
31235,5569,105,1,0
31236,686,7,2,20
31237,8071,1,1,10
31238,6962,90,1,0
31239,6962,21,1,5
31240,6962,141,1,30
31241,6962,117,1,0
31242,9494,52,1,20
31243,548,28,1,0
31244,548,53,1,5
31245,8688,19,1,20
31246,13156,117,1,5
31247,13156,42,1,10
31248,13156,72,1,0
31249,13156,53,1,25
31250,8916,106,3,0
31251,20699,117,1,20
31252,19524,21,1,5
31253,19524,126,1,10
31254,22350,74,1,0
31255,18222,84,1,0
31256,18222,46,1,10
31257,5964,8,1,20
31258,445,131,1,0
31259,22215,106,1,10
31260,22215,68,4,15
31261,12872,42,2,0
31262,12872,28,1,0
31263,12872,64,1,10
31264,14834,49,2,25
31265,21093,84,2,5
31266,21093,66,2,10
31267,21093,105,1,5
31268,7118,149,1,10
31269,14217,90,1,0
31270,14217,138,1,20
31271,14217,141,2,0
31272,177,98,1,0
31273,23813,124,1,20
31274,1305,70,3,0
31275,8410,134,2,15
31276,20061,143,1,0
31277,1633,107,2,5
31278,1633,131,1,10
31279,1633,138,1,0
31280,1633,149,1,0
31281,5008,70,1,10
31282,5008,16,1,10
31283,24921,94,1,0
31284,10219,34,1,15
31285,17403,63,1,5
31286,17403,67,1,25
31287,17403,92,1,20
31288,22928,71,3,15
31289,22928,93,1,10
31290,8568,86,2,5
31291,4013,71,1,5
31292,20891,6,1,5
31293,4261,100,1,10
31294,4345,19,1,25
31295,2586,1,1,10
31296,23941,105,1,10
31297,1407,146,1,5
31298,616,25,2,0
31299,616,142,1,5
31300,461,143,2,5
31301,461,2,2,20
31302,461,68,3,30
31303,11966,141,3,5
31304,11966,28,4,5
31305,24494,48,1,0
31306,18086,46,2,15
31307,1177,90,4,15
31308,1177,98,1,0
31309,21050,54,1,10
31310,19952,66,1,10
31311,19952,19,1,0
31312,1212,146,1,5
31313,1212,117,3,0
31314,1212,118,1,10
31315,1212,85,3,5
31316,7474,110,1,0
31317,7474,128,1,0
31318,7474,107,2,10
31319,20850,96,2,15
31320,20850,84,2,0
31321,13250,124,1,20
31322,13250,85,3,5
31323,13250,70,1,5
31324,14209,104,1,5
31325,14209,70,1,15
31326,5766,116,1,0
31327,15894,2,1,10
31328,12019,17,1,10
31329,12019,145,1,5
31330,10330,102,4,10
31331,6040,91,1,20
31332,6040,105,1,5
31333,6040,117,2,5
31334,10893,68,1,15
31335,1794,117,1,10
31336,1794,12,2,0
31337,1183,128,1,15
31338,24018,70,2,0
31339,10488,89,1,25
31340,17624,107,3,20
31341,10892,90,1,15
31342,10892,141,1,0
31343,10892,76,3,20
31344,10892,96,2,25
31345,18230,133,1,0
31346,12005,67,2,15
31347,20176,12,1,5
31348,20176,56,3,10
31349,20176,146,2,10
31350,12518,66,1,5
31351,12518,146,2,20
31352,10716,90,1,0
31353,11113,104,1,5
31354,12942,72,4,5
31355,12942,46,1,5
31356,18336,104,1,0
31357,18336,52,1,0
31358,18336,117,2,5
31359,7038,140,3,15
31360,9899,138,4,0
31361,9899,149,1,10
31362,6983,69,4,20
31363,18043,89,1,0
31364,12533,42,1,10
31365,2811,48,2,25
31366,21128,46,1,15
31367,21128,140,1,5
31368,13036,141,2,10
31369,9221,93,1,5
31370,13149,24,2,10
31371,5473,6,1,15
31372,22102,125,1,15
31373,22102,145,1,10
31374,22102,143,2,0
31375,22102,118,3,0
31376,311,139,1,5
31377,311,91,4,0
31378,5282,42,1,30
31379,13854,149,2,20
31380,21127,115,1,10
31381,21127,147,4,0
31382,5280,66,1,20
31383,5280,69,1,20
31384,15120,104,2,5
31385,15120,12,2,20
31386,2214,75,2,15
31387,11658,72,1,0
31388,18654,124,1,5
31389,18654,70,1,15
31390,5412,99,1,15
31391,6675,136,1,10
31392,16619,87,3,20
31393,16619,141,2,0
31394,23491,62,1,15
31395,23491,37,1,10
31396,23491,124,1,15
31397,23491,6,2,5
31398,5635,143,1,25
31399,5635,48,2,5
31400,4207,33,1,20
31401,4207,90,2,5
31402,5196,141,1,30
31403,5196,111,1,15
31404,5196,104,2,30
31405,5196,128,1,0
31406,19557,42,1,10
31407,6547,124,1,15
31408,1436,140,1,15
31409,1436,52,4,15
31410,5779,70,1,0
31411,10994,71,1,15
31412,10994,105,1,5
31413,19167,76,1,0
31414,6608,87,1,10
31415,24352,47,2,5
31416,24352,142,1,5
31417,17534,10,3,20
31418,17534,27,3,20
31419,17534,1,1,5
31420,8281,141,1,25
31421,8281,110,2,10
31422,2521,136,1,0
31423,2521,124,1,5
31424,18591,91,2,20
31425,18591,65,1,15
31426,18591,116,1,15
31427,17991,76,1,10
31428,7988,17,1,30
31429,20863,140,1,15
31430,18282,52,2,30
31431,18282,96,1,20
31432,14041,140,1,15
31433,12150,72,1,5
31434,10848,125,1,20
31435,6402,12,1,10
31436,9281,54,1,15
31437,18553,46,1,0
31438,18553,2,1,15
31439,18553,39,3,25
31440,19145,124,1,5
31441,6670,133,2,25
31442,6670,27,1,10
31443,6670,110,1,20
31444,2099,28,4,5
31445,2099,124,3,0
31446,2099,126,2,15
31447,21777,104,1,15
31448,18065,69,2,25
31449,5941,117,1,10
31450,5941,110,1,5
31451,23544,46,1,10
31452,23544,146,2,20
31453,22044,55,1,0
31454,22044,42,2,0
31455,22044,2,1,15
31456,18928,91,4,10
31457,6211,53,1,0
31458,6211,102,2,5
31459,17331,40,1,20
31460,6235,140,3,5
31461,6235,141,3,15
31462,11188,88,3,20
31463,24417,69,1,25
31464,13438,31,2,0
31465,11511,148,1,10
31466,20527,28,2,5
31467,3702,117,1,30
31468,23468,20,1,0
31469,10962,54,1,15
31470,24195,107,2,0
31471,15984,73,3,20
31472,5238,149,1,0
31473,5238,70,1,5
31474,5238,126,1,15
31475,18861,16,3,5
31476,18861,118,1,0
31477,10993,3,2,0
31478,9698,76,1,20
31479,14460,102,1,30
31480,14460,72,2,20
31481,14460,90,1,5
31482,14460,124,1,10
31483,3018,90,1,20
31484,14852,100,3,10
31485,9386,87,3,20
31486,9386,149,2,20
31487,9386,15,1,20
31488,9386,1,1,5
31489,16428,89,1,5
31490,24090,124,1,10
31491,24910,126,1,5
31492,18900,146,1,20
31493,10255,15,1,0
31494,5434,117,1,10
31495,5434,145,1,25
31496,1800,85,1,0
31497,13702,118,1,30
31498,12415,117,2,20
31499,5216,124,1,25
31500,5216,141,2,25
31501,3445,91,1,10
31502,14278,128,2,0
31503,19217,117,1,15
31504,19217,124,3,10
31505,17759,53,1,5
31506,23900,117,1,15
31507,24974,19,1,20
31508,2709,26,1,10
31509,10430,65,1,0
31510,12425,69,2,10
31511,15165,54,2,10
31512,3078,90,1,10
31513,3078,141,3,5
31514,14664,39,2,10
31515,14664,60,1,5
31516,18434,68,1,0
31517,21608,47,3,20
31518,22121,6,1,0
31519,22121,55,1,0
31520,11303,90,2,10
31521,11303,141,1,25
31522,14965,141,1,5
31523,14965,101,1,30
31524,14965,89,1,15
31525,21657,102,1,0
31526,352,15,3,25
31527,352,128,2,10
31528,9269,102,1,5
31529,13951,52,1,5
31530,19682,100,3,15
31531,19682,128,2,20
31532,9581,32,1,0
31533,9581,124,1,0
31534,12133,111,2,10
31535,6798,31,2,15
31536,6798,72,1,5
31537,9763,110,1,5
31538,9763,63,1,5
31539,6657,129,2,0
31540,12149,121,1,0
31541,12149,20,1,0
31542,6699,122,2,15
31543,6699,96,1,10
31544,5372,42,4,20
31545,5372,146,1,10
31546,18895,146,1,10
31547,18895,59,1,15
31548,7510,14,2,5
31549,7526,73,2,0
31550,7526,125,1,0
31551,7526,37,2,0
31552,7526,91,1,0
31553,121,125,2,0
31554,13360,26,1,10
31555,21860,76,2,5
31556,8534,121,1,10
31557,7015,60,2,25
31558,20596,73,1,0
31559,11447,102,1,0
31560,9539,137,2,15
31561,9539,121,1,10
31562,8811,42,2,15
31563,11180,43,1,20
31564,11180,102,1,0
31565,17280,104,1,20
31566,17280,118,1,0
31567,5460,148,1,30
31568,5460,67,1,25
31569,5460,4,1,20
31570,5844,149,3,10
31571,17856,60,1,10
31572,4129,104,1,5
31573,4129,6,1,15
31574,4129,121,1,0
31575,4129,61,1,20
31576,15081,90,1,25
31577,17040,3,1,10
31578,3093,125,1,15
31579,11001,146,1,0
31580,11001,84,1,10
31581,11001,149,1,15
31582,2629,26,1,10
31583,2629,6,1,0
31584,2629,41,1,15
31585,2629,96,1,15
31586,3344,146,1,20
31587,3344,93,2,30
31588,7319,85,1,0
31589,7124,85,1,5
31590,7124,117,1,0
31591,7124,43,1,15
31592,7124,74,2,10
31593,11296,93,2,10
31594,21884,2,2,30
31595,21884,133,1,0
31596,6833,140,1,15
31597,6833,77,1,5
31598,237,1,1,0
31599,237,33,1,0
31600,6583,93,1,25
31601,6583,104,1,0
31602,24619,126,4,20
31603,24619,140,1,25
31604,6315,87,1,0
31605,6315,103,2,5
31606,14087,52,1,25
31607,14087,126,4,0
31608,22276,29,1,25
31609,22276,124,1,25
31610,22279,8,2,10
31611,13442,149,2,20
31612,9648,124,1,15
31613,9648,65,1,25
31614,11038,84,1,20
31615,3601,124,3,0
31616,787,143,1,10
31617,3274,105,1,5
31618,3274,68,3,10
31619,21083,133,2,15
31620,19279,124,1,10
31621,16552,3,1,10
31622,16552,66,3,0
31623,3245,139,1,5
31624,3245,73,4,10
31625,3245,29,2,10
31626,16948,149,1,20
31627,16948,75,2,30
31628,16948,28,2,15
31629,4623,93,1,25
31630,20047,95,1,20
31631,20895,60,1,10
31632,17467,64,1,15
31633,17467,128,1,25
31634,17467,26,1,10
31635,17467,136,1,5
31636,4596,40,2,25
31637,14988,15,1,30
31638,3388,1,1,10
31639,3388,32,1,10
31640,5811,124,1,30
31641,5811,84,1,20
31642,5811,59,1,5
31643,23604,80,1,10
31644,23608,145,1,15
31645,11374,21,1,5
31646,11374,74,1,15
31647,14878,133,2,30
31648,1366,98,1,15
31649,19193,117,2,10
31650,7361,146,2,10
31651,7212,56,1,0
31652,7212,124,1,5
31653,4796,1,2,15
31654,4796,72,2,0
31655,8722,78,1,10
31656,17968,73,3,10
31657,17968,90,1,10
31658,17968,71,1,0
31659,19581,74,1,0
31660,19581,146,1,30
31661,18694,59,1,0
31662,8873,129,3,0
31663,8873,142,2,10
31664,8873,59,2,0
31665,17352,40,1,0
31666,17352,88,2,20
31667,9850,106,3,10
31668,433,60,1,0
31669,433,142,2,25
31670,433,42,1,0
31671,13666,43,2,20
31672,6122,36,1,0
31673,10911,42,1,5
31674,18968,59,1,10
31675,1587,96,1,30
31676,1587,51,1,5
31677,1587,42,1,0
31678,20747,85,2,25
31679,20747,70,1,10
31680,20747,138,1,15
31681,4176,95,1,10
31682,4176,43,3,0
31683,6924,143,1,25
31684,16,3,2,15
31685,3737,117,1,10
31686,3737,5,1,20
31687,70,133,2,5
31688,12414,140,1,5
31689,1556,141,1,10
31690,1556,71,2,15
31691,23814,17,2,25
31692,23814,126,1,0
31693,23814,149,3,25
31694,23814,52,2,5
31695,24033,52,2,15
31696,24033,139,1,10
31697,24033,90,1,10
31698,10796,3,1,0
31699,2325,20,1,15
31700,22205,92,1,0
31701,3806,24,1,25
31702,9498,82,1,10
31703,2007,47,1,20
31704,14430,74,1,5
31705,10498,3,1,15
31706,10498,67,3,0
31707,15207,37,1,5
31708,15207,134,1,5
31709,8089,149,1,5
31710,8089,50,2,0
31711,8089,42,3,15
31712,8089,32,1,0
31713,9454,93,2,5
31714,9454,144,2,20
31715,9454,145,3,0
31716,21622,90,2,10
31717,17191,3,3,0
31718,18659,54,1,5
31719,2134,71,3,30
31720,16489,93,1,25
31721,16489,36,1,25
31722,16560,139,2,5
31723,14465,26,1,0
31724,14465,117,1,0
31725,14465,42,1,0
31726,24422,90,1,10
31727,13719,126,2,20
31728,24918,63,1,5
31729,24918,20,1,0
31730,24918,11,1,5
31731,24918,73,1,10
31732,3043,101,1,5
31733,20035,42,3,15
31734,20035,78,1,15
31735,20035,104,1,10
31736,19009,90,1,5
31737,1047,90,1,10
31738,1047,95,1,25
31739,4234,141,1,15
31740,3138,70,1,5
31741,3138,72,1,20
31742,8244,50,2,10
31743,1065,133,3,0
31744,1065,17,2,30
31745,1579,90,2,0
31746,2628,144,2,5
31747,2628,23,1,0
31748,4399,145,1,5
31749,4399,94,2,15
31750,5675,107,1,10
31751,9536,133,1,5
31752,9536,38,1,10
31753,3923,42,2,0
31754,3204,7,2,10
31755,3204,71,3,0
31756,20336,62,1,0
31757,5188,73,2,5
31758,5188,52,1,20
31759,22673,38,1,5
31760,15774,90,1,25
31761,9678,67,2,0
31762,14894,71,1,25
31763,14894,97,1,0
31764,5416,47,1,20
31765,13766,75,1,20
31766,13766,99,1,0
31767,13766,89,2,10
31768,7623,102,1,15
31769,19822,53,2,15
31770,7303,20,2,5
31771,7303,43,2,15
31772,16622,102,1,5
31773,8092,85,1,10
31774,8204,14,1,0
31775,5399,75,2,30
31776,5399,107,1,25
31777,22054,28,2,0
31778,17226,92,1,20
31779,8224,105,1,20
31780,8224,87,2,10
31781,18757,16,1,0
31782,24360,133,1,5
31783,24360,149,1,15
31784,9781,62,1,10
31785,7337,70,4,10
31786,18867,21,1,0
31787,20528,43,1,0
31788,9527,42,3,0
31789,13111,73,1,15
31790,13111,40,3,15
31791,13111,126,1,0
31792,13111,105,1,0
31793,6831,118,1,5
31794,6831,100,1,0
31795,5338,141,3,15
31796,547,17,1,10
31797,547,14,1,0
31798,9735,102,1,5
31799,15500,149,1,0
31800,15500,72,1,10
31801,15500,78,1,5
31802,8884,124,1,0
31803,6698,20,1,25
31804,6698,137,1,10
31805,6949,56,1,5
31806,6949,139,1,20
31807,22905,58,1,15
31808,22905,117,1,5
31809,22905,124,1,0
31810,16278,95,2,5
31811,1971,41,1,10
31812,1971,20,1,20
31813,1971,40,1,20
31814,9093,145,1,10
31815,9093,70,1,0
31816,11769,46,1,20
31817,6542,64,1,0
31818,6542,104,1,25
31819,11572,81,2,15
31820,12025,14,1,30
31821,12025,49,1,30
31822,12025,42,1,20
31823,15043,91,2,15
31824,4183,141,1,15
31825,21804,117,1,0
31826,21804,90,1,10
31827,21804,87,3,0
31828,5318,34,2,0
31829,5318,15,1,20
31830,13619,48,1,0
31831,9202,145,2,5
31832,9202,36,1,0
31833,3851,4,4,10
31834,3851,86,1,5
31835,3851,124,1,0
31836,9954,94,2,5
31837,9954,4,1,0
31838,9404,62,1,10
31839,9404,60,4,5
31840,14435,86,2,15
31841,21942,104,1,15
31842,21942,84,1,0
31843,11914,90,1,25
31844,4549,63,1,0
31845,22295,91,1,10
31846,5157,133,2,0
31847,17164,118,1,20
31848,17164,149,2,5
31849,5584,127,1,15
31850,5918,59,1,5
31851,5918,89,1,15
31852,5918,71,1,0
31853,17786,84,2,0
31854,1279,54,3,0
31855,9566,124,1,5
31856,9566,60,2,15
31857,9566,100,1,5
31858,21439,91,1,15
31859,14764,140,1,20
31860,14764,93,1,5
31861,14764,84,1,10
31862,1320,19,4,0
31863,13954,46,1,15
31864,6788,40,1,20
31865,20180,117,1,15
31866,2491,139,1,15
31867,2491,19,1,15
31868,2491,100,1,0
31869,9817,53,1,10
31870,9817,146,1,15
31871,4856,128,1,0
31872,4856,104,1,0
31873,14029,128,3,20
31874,23792,3,1,25
31875,23792,140,1,15
31876,23792,81,1,15
31877,12402,141,1,10
31878,13710,104,1,10
31879,13710,140,1,0
31880,19178,88,1,15
31881,19178,124,1,0
31882,24351,139,1,20
31883,2425,91,3,10
31884,7686,138,2,0
31885,12209,10,1,15
31886,19400,3,2,25
31887,19400,54,1,10
31888,19400,116,1,30
31889,19400,141,4,0
31890,21354,52,3,5
31891,21354,98,1,0
31892,21354,31,1,5
31893,21568,123,1,20
31894,22830,94,2,5
31895,3412,58,2,5
31896,3412,88,1,15
31897,19554,67,1,20
31898,3089,68,1,15
31899,20487,116,2,15
31900,20487,95,3,5
31901,20487,129,1,10
31902,20205,137,1,5
31903,20205,14,1,25
31904,19829,45,2,0
31905,19829,111,1,10
31906,23060,65,2,0
31907,1960,96,1,5
31908,1960,30,1,20
31909,5589,55,1,15
31910,14786,98,1,0
31911,14786,41,4,15
31912,14786,93,1,0
31913,4955,8,1,25
31914,9623,75,1,0
31915,9623,138,1,5
31916,6123,75,1,5
31917,7485,45,1,25
31918,7485,74,3,0
31919,17396,125,1,20
31920,5590,79,2,15
31921,5409,96,1,0
31922,5409,105,3,5
31923,17092,117,1,15
31924,13312,143,1,5
31925,17639,2,3,0
31926,17639,102,1,20
31927,17639,3,1,5
31928,17639,21,2,5
31929,5192,2,1,30
31930,16766,91,3,10
31931,16766,12,1,0
31932,9155,128,1,0
31933,9155,65,3,10
31934,13520,90,1,5
31935,12252,147,2,5
31936,19660,66,2,10
31937,3613,28,3,20
31938,8996,104,3,5
31939,8996,128,1,10
31940,5570,38,1,10
31941,2245,124,2,10
31942,1589,34,1,0
31943,1589,105,1,20
31944,24220,148,1,5
31945,24220,3,1,5
31946,5390,149,1,10
31947,5390,46,1,30
31948,5390,78,1,10
31949,8772,72,1,15
31950,8772,88,1,0
31951,8772,90,1,5
31952,3757,141,1,0
31953,3757,2,1,10
31954,2056,144,2,15
31955,2056,136,3,0
31956,10470,146,1,15
31957,16999,107,1,5
31958,16999,14,1,10
31959,13998,142,2,30
31960,14907,93,1,10
31961,2897,132,2,25
31962,3439,38,2,25
31963,23710,61,1,20
31964,23710,115,2,0
31965,23710,129,2,5
31966,5346,56,4,20
31967,5346,84,1,15
31968,5346,146,1,5
31969,7515,52,1,10
31970,15502,141,3,0
31971,7651,75,2,10
31972,21760,141,2,15
31973,21760,66,2,25
31974,19415,141,1,5
31975,21392,128,2,20
31976,21392,78,1,15
31977,24733,142,1,15
31978,12450,75,1,5
31979,22170,27,1,25
31980,11735,117,4,20
31981,772,67,2,0
31982,13942,73,1,0
31983,13942,104,2,25
31984,10563,94,3,5
31985,10612,142,1,10
31986,22862,43,2,10
31987,22862,17,2,25
31988,3550,133,1,0
31989,12052,23,1,0
31990,14208,141,1,20
31991,14208,3,1,10
31992,10724,29,2,0
31993,10724,140,1,0
31994,10724,105,2,10
31995,2837,81,1,15
31996,22356,67,3,0
31997,18389,129,1,10
31998,18187,66,1,5
31999,18187,41,2,15
32000,3866,66,1,20
32001,10486,103,4,5
32002,9973,91,2,5
32003,9973,142,1,15
32004,21118,128,2,0
32005,21118,20,2,5
32006,17083,96,1,0
32007,15452,121,1,10
32008,1199,29,2,30
32009,1199,139,2,5
32010,15036,42,1,10
32011,15036,116,1,5
32012,21935,141,1,25
32013,21935,56,1,0
32014,16241,113,1,5
32015,11698,142,1,0
32016,23333,20,2,15
32017,23333,88,2,0
32018,20881,111,1,5
32019,12454,1,2,5
32020,4505,45,3,25
32021,4505,133,2,0
32022,18678,90,1,10
32023,20959,14,1,5
32024,11184,47,1,0
32025,8399,18,1,20
32026,8399,139,1,15
32027,8399,125,1,0
32028,7105,57,1,20
32029,7539,90,2,0
32030,7539,70,2,25
32031,18028,140,2,5
32032,22502,128,2,20
32033,22502,142,1,10
32034,9083,46,2,20
32035,24548,12,1,10
32036,20301,91,4,5
32037,14067,46,1,15
32038,14067,99,2,15
32039,15133,75,1,20
32040,15133,64,1,15
32041,15133,17,2,5
32042,15133,2,1,10
32043,23495,145,1,15
32044,3895,75,1,10
32045,3895,103,2,20
32046,20341,140,1,25
32047,15958,110,2,10
32048,2389,74,3,15
32049,21833,28,1,10
32050,21833,144,1,20
32051,9611,121,1,15
32052,9611,133,1,10
32053,17456,128,3,30
32054,17456,28,1,5
32055,6136,46,1,25
32056,5681,54,1,20
32057,24154,101,1,15
32058,24154,61,3,0
32059,24154,24,1,0
32060,7083,149,1,5
32061,3718,71,1,10
32062,10271,128,2,15
32063,10271,149,1,10
32064,22104,128,1,0
32065,22104,71,1,0
32066,22104,42,1,20
32067,22104,129,1,15
32068,15362,14,1,10
32069,15362,143,1,5
32070,15362,104,1,0
32071,24445,50,3,15
32072,24445,103,1,15
32073,9600,66,1,20
32074,9600,128,1,0
32075,19439,142,1,0
32076,10786,75,2,30
32077,10786,137,4,0
32078,14119,115,1,5
32079,14119,6,3,5
32080,14119,93,1,10
32081,1172,70,2,20
32082,1172,102,1,25
32083,1172,73,2,10
32084,1172,45,1,0
32085,11289,101,3,0
32086,11289,99,1,10
32087,11289,46,1,15
32088,4411,91,1,10
32089,4411,53,1,5
32090,10074,138,1,25
32091,12365,124,3,25
32092,20670,3,1,5
32093,18090,66,2,0
32094,18090,121,1,5
32095,15574,94,2,20
32096,10202,104,1,10
32097,21051,2,3,20
32098,21051,64,1,10
32099,21051,5,2,10
32100,21051,60,1,20
32101,20666,140,2,5
32102,21331,37,1,5
32103,21331,87,1,25
32104,21331,124,1,25
32105,21025,14,1,15
32106,11502,64,1,5
32107,22681,13,2,0
32108,22681,62,2,5
32109,22681,78,1,25
32110,4954,146,2,10
32111,6249,140,1,15
32112,6249,8,1,25
32113,8124,91,1,10
32114,1055,124,1,10
32115,1055,141,1,5
32116,5906,131,1,5
32117,11391,136,1,10
32118,11391,145,1,20
32119,11391,29,2,10
32120,17345,123,1,25
32121,24096,47,1,25
32122,24096,117,1,25
32123,24096,94,1,0
32124,24096,42,2,25
32125,4002,70,1,15
32126,24467,84,1,5
32127,24467,66,1,15
32128,4446,17,2,0
32129,21724,103,1,25
32130,2882,1,2,15
32131,2882,137,1,0
32132,2882,36,1,0
32133,14689,96,1,5
32134,2553,50,2,5
32135,2162,47,1,5
32136,18226,148,1,0
32137,1334,98,1,10
32138,14632,90,1,30
32139,14632,81,1,10
32140,24245,126,1,0
32141,24245,3,3,0
32142,24245,116,1,0
32143,24245,50,1,15
32144,15459,139,1,15
32145,15459,138,1,10
32146,557,125,1,10
32147,557,96,1,15
32148,13445,91,1,5
32149,13445,124,1,20
32150,13445,121,1,10
32151,20471,17,1,20
32152,20471,107,1,5
32153,22512,136,3,15
32154,22512,75,2,15
32155,22512,14,2,25
32156,22512,122,1,20
32157,23657,140,2,5
32158,8516,30,3,20
32159,8516,90,1,25
32160,8516,47,1,15
32161,12874,124,2,0
32162,17904,29,2,25
32163,23319,96,4,5
32164,23319,3,1,0
32165,23319,123,1,10
32166,16669,129,2,5
32167,21319,46,1,0
32168,21319,27,1,0
32169,21319,142,1,15
32170,16986,90,1,0
32171,16986,68,1,0
32172,16986,2,3,20
32173,16986,33,1,20
32174,10884,21,4,5
32175,1949,133,1,20
32176,1949,98,1,0
32177,24676,72,1,10
32178,2541,102,3,30
32179,3820,46,2,10
32180,23556,139,1,5
32181,23556,45,1,15
32182,21821,95,1,10
32183,21821,102,1,5
32184,22880,139,2,15
32185,8253,129,1,5
32186,8253,107,1,15
32187,8253,128,2,30
32188,15142,14,4,20
32189,24725,72,1,0
32190,24725,127,1,15
32191,21465,90,2,20
32192,21465,101,2,15
32193,24513,11,1,10
32194,9688,28,3,5
32195,9688,40,1,0
32196,9688,31,2,20
32197,15062,67,1,5
32198,11985,124,2,25
32199,14811,146,1,10
32200,6545,133,1,15
32201,6545,100,2,10
32202,6545,63,3,5
32203,17770,2,1,10
32204,4883,36,1,15
32205,4883,21,2,5
32206,13018,95,1,5
32207,13018,131,1,10
32208,3474,93,1,10
32209,3474,55,1,20
32210,3474,140,1,25
32211,17897,62,1,20
32212,17897,54,1,0
32213,17897,50,1,5
32214,20545,42,2,25
32215,10826,115,2,20
32216,10826,91,2,0
32217,9068,98,2,0
32218,8398,93,1,0
32219,4584,66,1,30
32220,24661,138,1,25
32221,9813,97,3,15
32222,9813,91,2,10
32223,7917,117,1,20
32224,10324,6,1,20
32225,10324,139,1,20
32226,14347,67,3,25
32227,14347,98,1,15
32228,17005,124,2,10
32229,11377,136,2,0
32230,15166,96,1,5
32231,15166,50,2,15
32232,15166,70,4,10
32233,15166,37,1,5
32234,10501,23,2,10
32235,17125,102,1,5
32236,17125,48,2,0
32237,17125,72,1,20
32238,17125,75,1,15
32239,17383,104,1,15
32240,10128,42,1,20
32241,10128,46,1,5
32242,10424,58,2,25
32243,12434,138,1,5
32244,12434,86,1,30
32245,10048,55,1,20
32246,10048,117,1,0
32247,15807,128,1,5
32248,7300,140,2,0
32249,7300,68,1,5
32250,19351,38,3,25
32251,5647,140,2,25
32252,5993,105,1,0
32253,5993,48,4,0
32254,5993,138,2,5
32255,5993,139,1,25
32256,7634,125,1,10
32257,7634,104,1,0
32258,7634,19,1,25
32259,7634,68,1,10
32260,17652,124,1,0
32261,17644,5,1,10
32262,14131,3,1,10
32263,19546,137,2,20
32264,8138,76,2,0
32265,20259,88,1,5
32266,14754,42,1,0
32267,14754,144,2,0
32268,867,68,1,10
32269,867,128,1,0
32270,867,90,2,5
32271,2954,71,2,25
32272,12899,128,1,0
32273,2128,17,1,20
32274,2128,136,2,10
32275,18269,60,1,10
32276,16789,139,1,5
32277,16789,102,1,20
32278,15414,95,1,15
32279,19483,139,2,10
32280,20644,42,2,5
32281,15090,142,3,5
32282,11510,58,1,10
32283,11510,131,1,15
32284,11510,4,2,10
32285,5990,117,1,20
32286,4143,35,2,25
32287,23471,53,3,10
32288,23471,63,2,20
32289,14207,20,2,10
32290,10939,91,4,30
32291,10939,88,1,10
32292,3015,75,1,5
32293,17019,69,3,10
32294,8502,28,2,10
32295,8502,149,1,15
32296,10113,102,2,20
32297,16594,104,2,5
32298,16594,68,2,15
32299,16594,144,1,0
32300,16594,71,1,10
32301,9602,28,2,15
32302,9602,54,1,10
32303,9602,141,1,0
32304,5622,74,1,10
32305,17150,138,1,10
32306,17150,84,1,15
32307,18619,20,1,15
32308,23948,66,1,0
32309,23948,136,1,0
32310,17738,66,1,0
32311,462,15,1,15
32312,462,48,2,0
32313,1988,66,1,15
32314,24110,42,1,5
32315,3752,129,1,0
32316,21915,45,1,30
32317,21915,25,1,15
32318,21688,70,1,0
32319,21688,78,1,10
32320,18329,53,2,15
32321,8839,149,2,5
32322,8875,149,1,10
32323,8875,138,1,10
32324,8875,37,1,20
32325,22584,42,1,30
32326,9177,13,1,5
32327,9177,99,3,0
32328,9177,102,1,20
32329,9177,149,1,15
32330,10329,48,2,20
32331,5894,84,2,0
32332,5894,17,2,20
32333,5894,138,2,25
32334,471,98,1,20
32335,471,95,2,20
32336,471,54,1,15
32337,471,93,1,5
32338,14888,60,1,25
32339,12277,139,1,5
32340,13576,146,1,15
32341,13576,34,1,10
32342,13576,10,1,15
32343,13576,116,2,10
32344,14922,69,1,10
32345,12720,69,2,20
32346,12720,59,1,25
32347,19648,15,1,10
32348,19900,78,1,15
32349,5016,96,1,10
32350,5016,28,1,10
32351,764,70,2,15
32352,19594,124,1,15
32353,19594,21,1,10
32354,12070,117,1,0
32355,12070,20,2,10
32356,12070,118,1,10
32357,12070,60,3,10
32358,20759,69,1,5
32359,4621,69,1,0
32360,4621,139,1,10
32361,4621,84,1,10
32362,6296,133,2,0
32363,6296,90,2,0
32364,21960,116,2,10
32365,3763,143,1,0
32366,12657,66,4,25
32367,7462,90,1,30
32368,7462,71,1,10
32369,7462,100,1,0
32370,13513,100,2,30
32371,13513,54,4,15
32372,13513,117,1,30
32373,10234,96,2,5
32374,16330,66,1,0
32375,14505,52,3,10
32376,468,42,1,15
32377,468,25,1,5
32378,468,23,3,5
32379,468,82,1,0
32380,16773,6,1,0
32381,22943,124,3,15
32382,13260,25,2,10
32383,22461,4,1,5
32384,3492,70,1,0
32385,3009,50,1,10
32386,10477,16,1,20
32387,10477,3,1,10
32388,21268,45,1,10
32389,19917,91,3,25
32390,19917,72,3,10
32391,7020,144,2,15
32392,5424,139,2,10
32393,5424,4,1,10
32394,5424,140,1,10
32395,16331,66,1,20
32396,24335,84,1,0
32397,24335,46,1,15
32398,431,63,1,20
32399,2878,94,1,0
32400,10208,28,2,15
32401,10538,141,1,10
32402,18953,31,1,10
32403,18953,66,1,5
32404,18953,2,1,5
32405,18953,124,2,15
32406,18907,63,1,10
32407,2704,1,1,10
32408,2704,75,1,15
32409,2704,142,1,0
32410,2704,117,1,10
32411,23015,76,1,15
32412,23015,66,1,15
32413,18366,71,1,10
32414,22864,101,1,10
32415,22864,124,1,25
32416,5464,134,1,5
32417,5464,145,2,5
32418,7624,67,1,0
32419,7624,124,1,10
32420,7624,66,1,10
32421,4,140,1,20
32422,83,135,2,20
32423,83,51,4,0
32424,17778,129,1,15
32425,17778,141,4,10
32426,17778,84,2,10
32427,6334,46,2,0
32428,6334,54,2,0
32429,15303,118,1,10
32430,11450,123,2,20
32431,20902,6,1,5
32432,11236,121,1,0
32433,18026,116,1,0
32434,18026,20,1,5
32435,18026,146,1,15
32436,24063,1,1,5
32437,18506,130,1,0
32438,18506,96,2,20
32439,18139,139,1,5
32440,15338,94,4,25
32441,15338,117,1,15
32442,23520,1,1,15
32443,12284,118,2,25
32444,4600,69,1,10
32445,16258,84,1,5
32446,16258,78,2,20
32447,16258,146,1,0
32448,22975,95,1,15
32449,5715,90,2,0
32450,1085,84,1,10
32451,1085,26,1,0
32452,13100,147,1,0
32453,12458,102,1,15
32454,12458,28,1,20
32455,12458,143,1,15
32456,24480,28,2,15
32457,1540,146,3,20
32458,13271,46,1,5
32459,13271,105,1,10
32460,6375,14,1,5
32461,6375,122,3,10
32462,9038,96,1,0
32463,9038,74,2,0
32464,9038,124,1,15
32465,5298,114,1,15
32466,21485,42,1,15
32467,21371,37,3,15
32468,20757,69,2,5
32469,21593,147,1,15
32470,21593,84,1,15
32471,21593,76,3,0
32472,21593,122,2,15
32473,8380,53,1,5
32474,8380,117,2,10
32475,1760,102,2,0
32476,8450,24,1,5
32477,8450,73,1,10
32478,16247,139,1,15
32479,16247,40,3,10
32480,23220,72,1,25
32481,23220,149,1,15
32482,2537,90,1,5
32483,8036,126,1,5
32484,23273,140,1,20
32485,7142,50,1,15
32486,1809,25,1,5
32487,1809,115,1,10
32488,1809,66,1,20
32489,18249,85,2,20
32490,12643,118,2,0
32491,12643,42,2,10
32492,12643,67,4,25
32493,15309,124,2,15
32494,15309,72,1,5
32495,15309,30,1,5
32496,15309,63,1,5
32497,3612,80,2,15
32498,16880,70,2,10
32499,7056,103,1,25
32500,15541,128,1,15
32501,15541,117,1,0
32502,593,104,2,30
32503,24235,143,1,0
32504,11334,84,1,0
32505,11334,48,2,0
32506,20379,140,2,10
32507,20379,12,1,5
32508,20379,48,2,30
32509,16649,53,2,0
32510,13020,105,2,15
32511,8724,83,2,15
32512,7560,138,1,15
32513,1080,100,1,20
32514,15397,142,1,0
32515,8788,93,2,15
32516,17228,42,2,5
32517,6093,3,4,25
32518,6093,142,2,25
32519,18975,90,3,10
32520,18975,66,1,15
32521,9010,128,1,25
32522,9010,113,2,20
32523,9010,58,3,20
32524,9010,96,1,0
32525,20189,32,3,0
32526,20189,26,3,0
32527,10318,91,2,0
32528,24789,81,1,25
32529,16949,47,1,10
32530,16949,78,2,20
32531,22335,90,2,5
32532,16251,66,1,5
32533,9663,142,1,10
32534,19469,102,1,20
32535,19469,124,1,0
32536,22590,141,1,15
32537,22590,18,1,30
32538,14758,71,2,25
32539,14697,138,2,10
32540,23104,146,1,25
32541,23663,129,1,10
32542,23663,115,2,5
32543,22587,73,1,10
32544,3564,31,2,5
32545,21120,3,3,20
32546,21800,132,2,15
32547,21800,82,1,15
32548,21800,71,1,10
32549,1321,137,4,5
32550,24659,138,1,20
32551,24659,75,1,10
32552,1572,28,1,10
32553,8545,88,1,25
32554,8545,124,2,0
32555,4187,141,1,10
32556,4187,61,1,0
32557,13634,117,1,20
32558,21851,117,1,5
32559,21851,100,2,15
32560,18399,17,1,0
32561,18689,63,3,5
32562,18689,12,3,15
32563,9828,59,1,0
32564,3136,128,1,0
32565,3136,122,3,10
32566,10735,101,1,10
32567,10300,3,2,25
32568,16843,48,2,10
32569,16843,30,1,10
32570,16843,100,1,15
32571,15251,67,2,20
32572,15251,43,1,20
32573,15251,94,1,0
32574,15251,136,3,15
32575,20053,128,2,5
32576,20053,133,1,20
32577,20053,104,2,5
32578,20053,43,1,0
32579,11252,71,3,25
32580,11252,73,1,0
32581,7395,18,1,0
32582,3149,63,2,20
32583,3149,118,1,0
32584,8170,70,1,15
32585,15597,17,1,0
32586,8726,75,2,20
32587,20339,29,1,15
32588,20339,60,4,0
32589,19586,42,1,0
32590,23150,42,1,5
32591,23150,137,1,5
32592,24979,20,1,15
32593,24979,6,4,0
32594,24979,31,1,20
32595,24979,133,1,25
32596,24776,2,1,0
32597,24047,29,1,25
32598,19372,46,1,15
32599,1561,137,1,15
32600,1561,28,1,15
32601,19388,60,1,0
32602,19447,106,1,10
32603,6963,42,1,25
32604,6963,90,1,15
32605,6963,50,1,10
32606,17177,47,1,10
32607,20980,102,1,15
32608,10959,21,1,15
32609,10959,111,1,15
32610,24707,67,1,0
32611,22978,121,1,0
32612,22978,60,1,5
32613,6844,52,1,15
32614,6844,145,1,0
32615,6844,68,1,15
32616,6844,90,1,20
32617,20119,69,1,5
32618,20119,21,4,25
32619,20119,101,1,10
32620,20119,34,1,10
32621,21035,20,1,30
32622,16733,102,1,10
32623,5378,90,1,25
32624,14147,132,2,5
32625,19735,115,1,10
32626,6606,128,2,10
32627,6606,60,1,10
32628,17925,26,1,5
32629,17925,98,1,20
32630,10214,73,3,5
32631,10214,63,1,10
32632,10214,14,1,15
32633,23954,81,1,5
32634,23954,121,2,0
32635,23954,74,1,5
32636,20135,131,1,15
32637,20135,2,2,10
32638,2221,95,1,15
32639,5600,117,1,0
32640,2748,104,1,0
32641,2748,146,1,10
32642,2748,3,1,5
32643,6644,29,1,5
32644,475,93,3,15
32645,475,6,1,10
32646,475,65,2,5
32647,24241,140,4,25
32648,24241,104,2,20
32649,12860,95,1,10
32650,12860,118,2,15
32651,11304,50,3,10
32652,11304,40,1,5
32653,10131,66,2,5
32654,23636,89,1,10
32655,23636,138,1,20
32656,12318,37,1,5
32657,568,28,1,20
32658,9087,139,3,25
32659,24024,138,2,5
32660,24024,137,1,30
32661,11499,8,1,10
32662,9653,15,2,15
32663,16327,66,2,5
32664,1678,75,1,30
32665,1678,21,2,15
32666,23588,59,1,30
32667,23588,100,1,0
32668,5492,67,1,10
32669,5492,4,1,5
32670,5492,71,1,20
32671,4535,143,1,5
32672,4145,144,1,20
32673,4145,51,1,15
32674,4145,93,1,25
32675,19693,27,2,10
32676,7442,16,1,15
32677,7442,20,2,5
32678,7442,73,3,25
32679,19206,73,1,10
32680,8339,70,1,10
32681,8339,59,1,5
32682,10700,69,1,5
32683,10700,38,1,5
32684,12321,90,1,0
32685,12321,95,1,30
32686,18719,42,2,0
32687,14553,6,2,10
32688,14553,131,2,5
32689,1713,42,2,15
32690,1713,139,1,25
32691,15751,94,1,15
32692,8365,30,1,5
32693,6150,31,1,5
32694,17377,117,1,30
32695,17377,69,2,10
32696,2534,136,1,25
32697,16554,43,1,20
32698,16554,76,1,5
32699,14546,10,1,25
32700,14418,102,1,10
32701,1491,142,1,15
32702,1491,93,4,15
32703,24812,68,1,25
32704,24812,6,1,10
32705,13592,38,1,5
32706,18887,140,2,25
32707,18887,143,2,5
32708,8570,141,1,5
32709,8570,75,3,0
32710,8570,124,3,5
32711,14013,70,1,0
32712,6953,23,3,10
32713,15547,81,1,20
32714,15547,95,1,20
32715,15547,58,1,0
32716,22178,142,1,5
32717,22178,90,3,10
32718,22178,121,1,15
32719,22178,104,2,10
32720,18142,75,1,5
32721,2231,90,2,5
32722,2231,142,1,0
32723,14487,91,2,0
32724,6947,67,1,30
32725,6947,117,3,15
32726,6947,75,3,0
32727,2997,142,1,20
32728,15118,69,1,10
32729,18610,66,1,5
32730,22428,42,1,0
32731,17833,117,2,15
32732,18101,50,1,15
32733,18101,142,1,10
32734,5137,28,1,0
32735,5137,75,1,25
32736,10783,142,1,10
32737,18414,142,1,5
32738,3812,102,1,15
32739,3812,139,1,0
32740,17531,87,2,30
32741,3628,125,1,0
32742,10389,109,1,0
32743,10389,67,1,0
32744,5678,42,2,5
32745,8262,63,1,0
32746,8262,111,4,0
32747,8262,17,2,10
32748,8262,69,1,0
32749,10775,66,1,30
32750,10775,142,2,20
32751,20233,6,1,15
32752,5554,149,2,5
32753,5554,28,1,10
32754,4272,102,1,15
32755,9338,124,1,25
32756,22490,136,1,10
32757,3862,91,1,15
32758,23400,24,1,0
32759,23400,60,1,10
32760,23400,141,1,0
32761,23400,53,1,0
32762,8648,117,1,0
32763,8648,63,1,5
32764,8648,73,1,0
32765,23392,141,1,0
32766,23392,37,1,15
32767,23392,93,1,10
32768,13477,42,1,20
32769,13477,141,1,25
32770,13477,91,4,20
32771,13477,88,1,15
32772,11570,53,1,20
32773,11570,89,4,5
32774,900,71,1,10
32775,900,42,1,10
32776,14082,90,1,30
32777,24170,115,1,15
32778,24170,73,1,5
32779,1511,51,1,15
32780,24369,112,1,10
32781,24369,19,1,0
32782,24369,141,2,5
32783,7426,55,1,25
32784,7426,42,1,0
32785,10361,11,1,15
32786,10361,84,1,15
32787,21221,42,2,20
32788,1370,146,1,0
32789,17085,100,1,25
32790,8962,90,1,5
32791,4827,22,1,30
32792,4827,143,4,10
32793,6830,20,1,10
32794,24336,14,1,5
32795,24336,102,3,0
32796,10497,133,2,25
32797,10497,36,2,25
32798,10497,64,1,5
32799,18385,122,2,5
32800,18385,124,1,25
32801,19532,150,1,10
32802,19532,63,1,20
32803,8366,19,1,20
32804,17648,107,2,10
32805,19014,123,1,5
32806,19014,68,2,15
32807,17504,105,1,0
32808,9778,55,1,0
32809,8472,139,1,10
32810,8472,140,1,0
32811,8472,74,1,25
32812,15476,128,1,15
32813,15476,88,1,30
32814,22371,131,1,20
32815,15612,149,1,0
32816,15612,71,2,10
32817,15489,69,2,10
32818,15489,74,1,25
32819,8313,70,1,15
32820,8954,124,1,10
32821,8954,53,1,25
32822,4348,88,1,5
32823,4348,43,3,10
32824,4348,107,4,25
32825,10401,117,1,20
32826,17879,81,1,30
32827,24787,67,3,5
32828,688,104,1,10
32829,688,54,1,20
32830,16222,104,1,20
32831,16222,90,4,0
32832,16222,96,3,5
32833,16222,25,1,15
32834,10705,93,2,0
32835,1877,54,2,15
32836,8838,140,2,0
32837,10334,73,1,15
32838,18419,126,2,25
32839,6548,29,1,5
32840,2284,104,1,5
32841,2284,143,2,0
32842,2284,55,2,5
32843,16926,64,2,0
32844,13712,59,1,30
32845,13712,105,1,0
32846,10007,112,1,5
32847,5089,134,3,25
32848,3020,146,1,5
32849,16433,81,2,0
32850,22467,81,3,0
32851,22242,140,1,0
32852,22242,131,1,30
32853,18959,139,2,25
32854,18959,35,1,10
32855,18959,54,1,15
32856,18959,1,2,15
32857,5987,67,1,10
32858,5987,42,1,0
32859,5987,25,1,20
32860,11441,105,3,0
32861,3534,140,1,0
32862,3534,16,1,25
32863,8990,91,1,20
32864,18258,73,2,20
32865,11256,132,1,5
32866,14242,36,1,10
32867,14223,102,1,10
32868,14223,96,1,0
32869,14223,15,2,10
32870,14223,53,1,15
32871,15698,96,3,20
32872,16520,133,3,10
32873,16520,46,1,5
32874,16520,40,1,0
32875,20957,125,2,30
32876,14075,66,1,20
32877,8213,105,1,0
32878,17542,95,1,5
32879,17542,46,1,10
32880,865,140,1,15
32881,865,29,3,10
32882,23062,117,1,5
32883,23062,84,2,5
32884,14757,140,1,20
32885,14757,55,2,0
32886,11247,71,2,15
32887,11247,28,1,10
32888,17475,107,1,10
32889,18674,84,3,5
32890,22418,81,2,10
32891,3858,1,2,15
32892,16897,139,2,10
32893,16053,144,1,30
32894,6423,129,2,15
32895,6423,84,1,5
32896,6423,143,2,5
32897,5191,150,1,15
32898,5191,52,2,15
32899,22543,146,1,15
32900,23702,128,2,15
32901,23702,149,4,15
32902,23702,59,4,0
32903,7097,60,1,5
32904,7097,81,1,10
32905,12946,145,1,10
32906,12946,105,2,15
32907,16096,71,1,10
32908,1845,19,2,25
32909,582,72,1,5
32910,16083,123,1,15
32911,1759,34,1,30
32912,1759,95,1,15
32913,1759,91,1,10
32914,13332,55,1,0
32915,22034,124,3,25
32916,22034,142,1,5
32917,13824,21,1,15
32918,13824,133,1,25
32919,13824,114,1,5
32920,344,96,2,0
32921,2594,55,1,0
32922,3891,71,1,25
32923,3891,91,1,5
32924,19491,93,1,10
32925,12681,117,2,30
32926,21338,102,4,20
32927,21338,60,1,0
32928,21338,98,1,10
32929,21338,68,1,10
32930,18535,42,1,0
32931,12323,94,1,15
32932,10922,136,2,20
32933,13351,124,1,10
32934,9252,124,1,15
32935,7138,124,1,10
32936,7138,102,1,0
32937,21567,107,2,15
32938,21567,124,1,0
32939,21567,146,1,15
32940,11785,141,1,10
32941,24451,62,2,10
32942,24451,68,1,0
32943,2053,96,1,0
32944,8525,45,1,10
32945,8525,71,1,0
32946,8525,101,4,10
32947,8525,85,3,0
32948,8920,20,1,5
32949,2844,126,1,15
32950,4052,16,2,5
32951,4052,62,4,0
32952,13358,99,1,10
32953,14133,102,1,25
32954,6119,95,1,15
32955,6119,73,1,15
32956,6119,112,1,0
32957,7207,104,1,15
32958,7207,28,1,25
32959,7495,88,1,15
32960,23732,3,1,10
32961,17086,95,1,0
32962,17086,70,1,15
32963,10414,43,1,15
32964,10414,28,1,0
32965,10414,90,1,0
32966,15162,121,1,10
32967,15162,141,1,10
32968,15162,94,3,0
32969,24523,51,1,10
32970,7144,52,1,0
32971,2112,139,1,20
32972,5045,102,2,0
32973,5045,94,1,0
32974,5045,23,2,0
32975,5045,73,1,20
32976,1291,67,1,30
32977,24564,124,1,5
32978,24564,117,2,10
32979,1364,42,1,0
32980,14388,70,2,0
32981,14388,138,1,10
32982,15832,52,1,10
32983,24555,62,1,5
32984,4357,60,1,10
32985,17472,64,3,5
32986,17472,21,1,20
32987,17472,46,1,15
32988,2891,73,2,0
32989,2891,136,2,25
32990,2891,74,1,10
32991,1389,127,1,10
32992,1389,125,1,15
32993,1389,136,1,20
32994,1868,74,1,10
32995,1868,117,1,0
32996,1868,8,3,20
32997,8232,122,1,25
32998,8232,71,1,5
32999,8232,20,1,5
33000,21659,141,1,5
33001,20857,20,1,0
33002,9204,104,1,10
33003,9204,70,1,10
33004,20866,50,1,10
33005,20866,146,1,5
33006,20866,42,1,10
33007,20866,31,1,15
33008,18765,90,2,20
33009,17535,34,2,0
33010,17658,61,1,0
33011,14287,39,3,5
33012,14287,62,2,0
33013,5267,110,1,0
33014,5267,27,1,5
33015,5785,75,1,25
33016,14516,148,4,15
33017,14516,134,2,5
33018,14516,136,2,0
33019,21529,129,1,5
33020,4220,41,1,20
33021,3555,37,1,10
33022,17343,66,1,10
33023,16180,63,1,15
33024,21732,50,2,0
33025,5452,110,1,10
33026,5452,142,4,5
33027,24039,21,2,10
33028,24452,39,2,0
33029,19632,39,1,10
33030,21001,146,1,25
33031,7267,115,1,5
33032,7267,46,3,0
33033,7267,75,1,5
33034,4855,43,1,0
33035,4855,141,1,10
33036,20271,100,2,5
33037,24557,95,2,0
33038,24557,143,4,15
33039,17756,76,1,5
33040,19998,138,1,0
33041,20514,52,1,10
33042,1171,20,2,15
33043,1693,121,1,5
33044,1693,117,1,20
33045,23313,86,1,5
33046,8933,117,2,0
33047,14385,127,1,0
33048,22402,28,2,10
33049,19105,124,1,5
33050,17620,7,1,25
33051,22494,68,1,5
33052,9672,96,1,10
33053,19328,68,2,5
33054,19328,88,1,15
33055,23191,4,1,25
33056,16805,96,1,10
33057,1359,140,2,5
33058,1359,2,1,0
33059,540,123,2,25
33060,3373,42,1,25
33061,24845,84,1,10
33062,24845,131,1,10
33063,1719,117,2,5
33064,22307,38,1,30
33065,22307,88,1,20
33066,3273,100,2,10
33067,10204,142,1,0
33068,10204,121,1,5
33069,10204,87,1,5
33070,17751,61,2,15
33071,17751,53,1,0
33072,17751,142,1,15
33073,17751,84,1,25
33074,24813,141,2,0
33075,24813,128,1,20
33076,24813,67,2,5
33077,5001,28,1,25
33078,20502,46,1,0
33079,24591,63,1,30
33080,1129,136,2,0
33081,1129,90,1,0
33082,1129,78,1,0
33083,8279,8,1,5
33084,18008,91,1,15
33085,18008,122,1,15
33086,18008,68,2,0
33087,18622,131,1,20
33088,18622,95,1,5
33089,12804,59,1,5
33090,9339,117,1,15
33091,22746,144,1,10
33092,13180,89,2,5
33093,7421,53,1,10
33094,7421,115,1,20
33095,3756,76,3,10
33096,11331,128,2,0
33097,2710,28,1,5
33098,17850,68,1,15
33099,4790,68,1,0
33100,4790,56,1,0
33101,815,143,2,25
33102,9273,71,2,5
33103,12244,84,3,20
33104,24001,55,1,15
33105,13329,78,2,15
33106,17835,28,1,30
33107,17835,21,1,10
33108,5522,52,1,10
33109,5674,76,1,0
33110,22904,71,1,5
33111,22904,3,1,20
33112,19383,94,1,10
33113,6453,125,1,0
33114,5638,105,3,5
33115,5638,129,3,20
33116,2630,39,2,15
33117,2630,117,1,10
33118,2254,21,1,10
33119,2254,107,1,15
33120,13278,76,2,20
33121,13278,73,1,0
33122,13278,65,1,10
33123,13278,102,2,15
33124,19671,7,2,5
33125,19671,93,1,25
33126,24595,132,1,25
33127,5745,81,1,0
33128,5745,42,2,5
33129,5745,72,1,5
33130,5745,117,1,10
33131,16703,85,2,15
33132,16703,29,3,10
33133,4513,42,1,10
33134,4513,66,4,30
33135,4513,102,1,5
33136,4513,17,2,25
33137,22486,104,1,0
33138,9440,75,1,10
33139,3209,138,1,10
33140,2821,70,1,5
33141,3691,72,1,15
33142,3691,42,1,20
33143,3691,4,1,0
33144,15899,55,2,25
33145,9322,149,2,5
33146,186,54,2,30
33147,13539,88,1,20
33148,14379,48,2,30
33149,14379,139,1,25
33150,14379,71,1,10
33151,8987,134,1,0
33152,8987,101,1,25
33153,8987,140,1,0
33154,8987,76,1,5
33155,15888,105,2,0
33156,18314,55,1,25
33157,16724,136,3,10
33158,16724,1,1,5
33159,20880,42,1,0
33160,23280,66,1,15
33161,24743,112,2,5
33162,24743,95,1,0
33163,24743,70,1,0
33164,5066,115,1,0
33165,5719,71,1,30
33166,6373,90,1,0
33167,19398,95,1,10
33168,19398,71,1,15
33169,5825,141,1,5
33170,5825,6,1,20
33171,5825,120,2,15
33172,2671,50,1,0
33173,2671,142,1,15
33174,23772,143,2,25
33175,5352,85,1,5
33176,8277,117,1,5
33177,8277,85,1,5
33178,5153,95,2,0
33179,56,14,2,0
33180,56,70,1,15
33181,1910,37,1,15
33182,9838,66,1,5
33183,5576,142,2,10
33184,7828,133,1,0
33185,7828,83,2,15
33186,513,31,1,15
33187,513,34,1,5
33188,513,14,2,0
33189,23216,121,2,10
33190,3881,118,3,0
33191,2551,56,2,20
33192,13482,29,1,20
33193,4367,63,2,10
33194,2982,105,1,0
33195,17985,67,2,10
33196,2961,93,1,15
33197,9856,53,1,0
33198,9856,21,1,5
33199,3571,75,1,0
33200,3571,104,1,0
33201,3571,86,2,5
33202,3571,132,3,15
33203,7396,69,1,0
33204,7396,37,1,25
33205,20613,100,1,10
33206,14382,133,3,20
33207,14382,149,2,15
33208,14616,86,1,25
33209,18402,133,2,25
33210,18402,141,1,0
33211,18402,128,2,15
33212,18402,78,1,10
33213,18735,46,1,15
33214,24902,75,1,0
33215,24902,6,2,5
33216,17571,92,1,10
33217,17571,146,1,15
33218,20849,128,1,0
33219,23975,84,2,5
33220,22445,81,4,0
33221,12464,139,1,10
33222,19333,88,1,15
33223,20962,21,1,15
33224,20962,62,1,10
33225,17947,88,1,10
33226,17947,65,3,20
33227,1376,6,1,0
33228,1376,126,2,10
33229,8019,63,1,20
33230,8019,142,1,5
33231,8019,95,1,5
33232,8019,145,1,5
33233,2001,93,1,15
33234,11631,140,1,15
33235,6916,124,2,5
33236,6916,147,1,5
33237,16704,22,1,20
33238,16704,126,1,30
33239,23499,20,3,5
33240,23499,28,1,0
33241,24128,52,1,20
33242,24128,112,1,0
33243,23221,31,1,0
33244,752,133,3,15
33245,11992,46,1,5
33246,11992,121,1,10
33247,15451,2,2,20
33248,13950,40,2,30
33249,13950,55,2,20
33250,9961,112,1,10
33251,14502,61,2,0
33252,9243,64,1,15
33253,17024,30,1,0
33254,17024,111,1,20
33255,1828,71,2,20
33256,10351,131,3,10
33257,10351,147,1,0
33258,807,38,4,15
33259,12171,17,3,0
33260,12624,81,1,10
33261,11513,104,2,5
33262,11024,90,1,20
33263,11024,73,1,5
33264,18475,48,1,20
33265,17795,75,3,15
33266,17795,138,3,10
33267,257,135,3,5
33268,257,69,1,25
33269,17363,43,2,15
33270,3385,104,2,10
33271,12346,55,1,0
33272,17760,42,1,20
33273,17760,3,2,25
33274,5341,91,1,20
33275,14554,124,1,20
33276,1583,118,2,25
33277,3887,70,1,5
33278,10945,124,1,25
33279,6308,73,1,5
33280,6308,27,1,20
33281,11837,46,1,0
33282,15582,148,1,25
33283,21564,25,2,10
33284,2819,93,1,20
33285,1607,3,3,30
33286,1607,42,3,0
33287,1607,66,1,10
33288,8377,129,1,20
33289,6188,117,2,0
33290,10831,42,4,10
33291,10831,63,1,25
33292,19864,124,2,30
33293,22888,76,1,0
33294,14005,63,1,15
33295,3805,141,1,0
33296,5405,128,2,5
33297,5405,115,1,0
33298,16871,70,2,25
33299,1635,69,1,10
33300,6291,56,2,5
33301,20083,104,3,10
33302,20083,28,3,30
33303,16487,111,1,10
33304,14064,149,1,15
33305,14064,90,1,0
33306,23984,143,2,10
33307,23984,60,2,30
33308,16634,102,1,15
33309,16634,3,1,15
33310,2789,73,1,5
33311,2789,40,2,0
33312,11492,133,1,20
33313,5430,31,1,5
33314,5430,42,1,10
33315,11865,117,1,15
33316,11865,95,1,10
33317,11488,36,1,0
33318,11488,3,1,0
33319,7355,85,1,0
33320,21450,76,2,0
33321,21450,98,1,0
33322,21450,72,1,30
33323,21450,28,1,0
33324,18839,42,2,20
33325,18839,126,1,15
33326,18839,49,1,15
33327,2092,47,1,0
33328,2092,110,2,10
33329,13674,138,2,5
33330,13674,29,4,25
33331,15053,128,1,10
33332,15053,103,2,15
33333,15053,45,1,30
33334,21546,142,2,20
33335,21546,6,2,0
33336,11258,93,1,20
33337,9146,97,1,0
33338,9146,33,1,15
33339,12358,125,1,10
33340,12358,56,1,5
33341,4263,3,1,15
33342,4263,50,2,0
33343,4263,84,1,10
33344,23479,21,1,25
33345,15485,149,2,20
33346,15485,73,1,0
33347,11856,34,1,5
33348,11856,118,1,5
33349,11856,121,3,10
33350,11856,142,1,10
33351,20252,71,1,30
33352,22954,141,1,5
33353,22954,6,1,25
33354,19210,100,1,25
33355,224,142,1,15
33356,10553,21,1,0
33357,17992,138,1,15
33358,3081,47,1,15
33359,3081,149,1,10
33360,3081,100,3,25
33361,24390,137,4,10
33362,16763,128,1,5
33363,16763,149,1,20
33364,16763,72,2,0
33365,7389,100,1,15
33366,19184,107,1,5
33367,19184,133,2,10
33368,15992,86,1,10
33369,15992,103,2,0
33370,2328,113,2,5
33371,2328,142,1,10
33372,20278,84,1,0
33373,20278,25,1,5
33374,5528,64,1,5
33375,1548,117,3,10
33376,11412,133,1,25
33377,13735,45,1,5
33378,24500,74,4,15
33379,16528,36,1,10
33380,24515,81,1,15
33381,24515,141,1,0
33382,24515,124,1,0
33383,24515,107,1,10
33384,11803,142,1,0
33385,7261,14,3,0
33386,13154,141,1,20
33387,3276,131,1,25
33388,15488,96,2,10
33389,15488,7,2,10
33390,15488,25,1,10
33391,20226,75,1,15
33392,20226,126,2,10
33393,16146,71,1,20
33394,16146,141,1,10
33395,16146,2,1,5
33396,1380,2,1,20
33397,1380,31,1,0
33398,12472,91,1,30
33399,12472,146,1,10
33400,3332,102,1,15
33401,3429,75,2,0
33402,18103,36,1,10
33403,18103,54,1,25
33404,2996,6,3,25
33405,5664,28,1,0
33406,5679,20,2,15
33407,5679,139,1,15
33408,5679,143,2,15
33409,3355,134,1,15
33410,3355,15,2,5
33411,3355,51,1,15
33412,2060,95,1,10
33413,2060,42,1,15
33414,4318,52,1,15
33415,4318,143,2,20
33416,16738,124,2,0
33417,21974,2,1,0
33418,38,55,1,30
33419,4017,4,1,10
33420,4017,72,2,0
33421,16534,41,3,15
33422,9296,141,2,15
33423,17184,52,2,0
33424,17184,85,2,10
33425,13342,142,1,20
33426,7886,8,1,15
33427,7886,73,1,15
33428,218,42,1,5
33429,21046,106,2,0
33430,638,42,2,15
33431,24442,107,1,5
33432,24442,121,1,25
33433,24442,70,3,10
33434,19032,84,1,15
33435,7001,141,1,25
33436,7001,96,2,10
33437,7001,24,1,5
33438,23771,89,1,5
33439,23771,40,2,5
33440,23771,42,2,0
33441,15525,146,1,15
33442,15525,102,3,0
33443,13093,141,1,10
33444,8610,42,2,10
33445,8610,93,1,10
33446,1543,91,1,25
33447,14159,89,1,0
33448,14159,141,1,15
33449,14159,133,1,5
33450,14159,142,1,15
33451,9962,67,2,20
33452,9962,50,3,10
33453,9962,48,2,5
33454,1626,41,1,0
33455,1855,3,1,15
33456,3158,56,2,30
33457,3158,115,1,25
33458,3158,124,2,10
33459,6870,68,1,10
33460,6849,91,1,10
33461,10126,139,1,0
33462,10126,143,1,25
33463,8852,73,2,15
33464,19576,124,1,10
33465,21997,37,2,30
33466,8805,36,2,20
33467,17496,102,1,10
33468,6419,69,1,30
33469,8651,63,1,0
33470,3058,47,1,15
33471,12704,102,2,25
33472,12704,54,3,20
33473,12704,46,3,5
33474,11828,103,1,25
33475,5077,99,2,10
33476,7464,132,2,25
33477,7464,128,1,20
33478,7464,61,1,20
33479,7464,15,1,10
33480,8673,100,1,10
33481,11279,52,1,0
33482,11279,96,2,0
33483,6029,127,1,15
33484,6757,139,1,20
33485,17814,69,1,25
33486,9626,139,3,0
33487,10394,73,1,0
33488,10625,54,1,5
33489,10625,93,1,15
33490,10625,143,2,0
33491,14346,46,1,20
33492,6076,118,1,0
33493,6076,121,1,5
33494,21407,95,1,10
33495,3449,78,3,5
33496,3449,101,1,0
33497,19598,117,1,15
33498,23498,104,1,15
33499,23498,8,2,10
33500,23498,62,1,0
33501,10487,28,2,30
33502,7434,66,2,0
33503,13382,42,1,15
33504,20318,38,1,10
33505,20318,60,1,10
33506,9871,124,1,5
33507,7876,46,1,30
33508,3983,28,1,10
33509,15874,102,3,0
33510,15874,143,2,25
33511,15874,86,4,20
33512,15310,67,1,0
33513,10834,147,3,10
33514,10834,63,1,15
33515,10834,21,3,10
33516,10834,105,1,10
33517,12028,70,1,0
33518,10421,142,1,30
33519,10657,75,1,15
33520,7984,29,2,15
33521,7984,73,1,10
33522,7984,121,1,10
33523,7984,139,1,15
33524,2309,51,4,5
33525,2309,117,1,10
33526,2309,138,2,10
33527,15013,76,1,0
33528,15013,81,3,25
33529,4548,146,1,10
33530,7178,105,3,5
33531,14022,96,3,5
33532,21637,50,2,5
33533,6877,54,2,5
33534,6877,124,3,20
33535,22488,95,1,20
33536,22488,150,1,5
33537,22488,41,1,0
33538,5919,132,1,15
33539,11141,146,3,0
33540,18672,105,1,0
33541,18672,140,1,10
33542,18672,81,2,5
33543,11894,121,2,20
33544,11894,124,3,25
33545,21475,139,2,5
33546,12426,54,2,20
33547,7226,124,3,25
33548,11881,90,1,15
33549,11881,126,1,25
33550,3917,146,1,20
33551,3917,124,2,20
33552,1051,125,2,10
33553,1051,141,1,15
33554,1051,124,1,0
33555,13181,45,1,20
33556,13181,136,2,0
33557,19471,20,2,0
33558,691,93,1,15
33559,15824,141,2,5
33560,15824,73,1,20
33561,23522,117,1,0
33562,23522,34,1,20
33563,18067,141,1,15
33564,4067,148,2,25
33565,18011,139,2,15
33566,24112,93,1,20
33567,24112,28,1,20
33568,24112,43,1,20
33569,23619,149,1,10
33570,23619,63,4,0
33571,23619,19,1,0
33572,23619,115,1,5
33573,7221,15,1,25
33574,7221,90,3,20
33575,18295,126,1,5
33576,11137,128,1,0
33577,11137,142,2,0
33578,6030,107,1,0
33579,20114,126,1,25
33580,24261,88,1,20
33581,15981,117,1,0
33582,1331,52,2,5
33583,18318,138,2,20
33584,20015,20,1,5
33585,6279,20,1,20
33586,6279,71,4,15
33587,6279,117,3,20
33588,6279,14,1,15
33589,11779,8,1,10
33590,20432,66,1,10
33591,3086,46,2,10
33592,3086,141,1,10
33593,19067,141,2,25
33594,19067,133,1,15
33595,19067,69,4,15
33596,18242,112,1,0
33597,18242,71,1,5
33598,19979,90,1,30
33599,19979,112,1,10
33600,13758,84,1,0
33601,3595,96,1,10
33602,3595,92,1,10
33603,3595,71,1,25
33604,12371,33,1,20
33605,21541,139,1,30
33606,14518,131,1,10
33607,14518,136,1,10
33608,8063,93,1,25
33609,12987,90,1,15
33610,17119,28,1,15
33611,6134,74,1,0
33612,20458,121,1,0
33613,20458,28,2,0
33614,8330,15,3,0
33615,13490,118,1,25
33616,24761,55,1,15
33617,24965,95,2,15
33618,2987,140,1,0
33619,24437,138,1,15
33620,17766,24,1,20
33621,11224,77,1,10
33622,11043,90,1,0
33623,24472,138,1,10
33624,24472,71,1,10
33625,15155,45,1,15
33626,15867,69,1,0
33627,6433,126,2,25
33628,10764,69,1,0
33629,9077,90,1,15
33630,5858,105,1,0
33631,5858,70,1,10
33632,5858,55,1,0
33633,5858,89,2,20
33634,15175,3,1,20
33635,15175,70,1,10
33636,23946,104,1,30
33637,15581,8,1,15
33638,9495,90,1,15
33639,623,68,2,5
33640,623,115,2,10
33641,11858,20,1,25
33642,11858,95,1,10
33643,20029,90,1,10
33644,7314,11,2,25
33645,19852,140,3,5
33646,24688,34,1,5
33647,4280,81,1,0
33648,2140,28,2,10
33649,2140,34,4,25
33650,2140,12,1,5
33651,14282,1,3,0
33652,4204,46,2,15
33653,4204,37,3,0
33654,11098,120,2,10
33655,13667,125,2,0
33656,13667,137,1,5
33657,19377,66,2,5
33658,5720,104,1,0
33659,5720,6,1,10
33660,5720,84,1,0
33661,5720,117,1,10
33662,7116,60,2,5
33663,573,96,1,20
33664,573,149,1,15
33665,5,149,1,15
33666,5,63,1,0
33667,11900,143,1,15
33668,923,97,2,5
33669,923,90,1,30
33670,923,3,3,25
33671,3297,52,1,15
33672,3297,87,2,10
33673,18016,121,1,10
33674,18009,42,3,0
33675,18009,17,1,15
33676,18009,85,4,0
33677,8310,3,3,20
33678,5385,28,1,10
33679,5385,61,1,5
33680,22754,74,3,15
33681,9348,121,2,10
33682,2826,78,2,15
33683,13811,68,2,25
33684,13621,19,1,10
33685,3732,68,1,5
33686,11200,42,1,0
33687,19285,53,1,10
33688,1438,146,3,20
33689,3844,143,2,25
33690,5141,62,1,0
33691,5141,3,1,0
33692,3109,141,3,0
33693,3109,42,1,0
33694,3109,139,1,5
33695,3109,41,2,25
33696,15082,85,1,0
33697,8234,94,1,0
33698,8495,96,1,15
33699,4729,48,1,10
33700,4729,76,2,20
33701,4729,25,1,25
33702,4648,17,1,20
33703,6008,107,1,5
33704,542,41,1,10
33705,4223,3,1,20
33706,20543,95,2,15
33707,20543,117,4,30
33708,14279,2,1,0
33709,1666,55,2,10
33710,1666,143,2,20
33711,1666,141,1,5
33712,5862,17,1,25
33713,5862,143,1,0
33714,5862,6,1,10
33715,1869,125,4,5
33716,1110,141,1,5
33717,472,90,1,15
33718,472,128,1,0
33719,7615,14,1,10
33720,3292,93,2,0
33721,22641,43,1,0
33722,22641,142,1,5
33723,22641,103,1,20
33724,7842,86,2,0
33725,7842,41,1,25
33726,16550,81,3,20
33727,235,49,1,20
33728,9328,141,2,5
33729,21022,24,3,0
33730,2597,85,2,10
33731,23463,144,1,5
33732,15872,8,1,15
33733,15872,71,1,10
33734,12798,118,1,10
33735,12798,124,2,5
33736,12798,56,2,0
33737,12798,104,2,5
33738,24022,144,3,0
33739,2616,68,1,25
33740,2616,61,4,0
33741,2616,66,1,15
33742,15470,126,1,10
33743,6082,139,2,15
33744,6082,46,3,5
33745,16598,28,2,10
33746,16598,90,2,10
33747,2271,102,1,10
33748,22637,6,3,25
33749,19738,146,1,20
33750,19738,136,1,20
33751,19738,72,1,15
33752,19738,133,1,5
33753,19229,149,1,10
33754,20498,83,2,5
33755,7125,74,2,25
33756,17097,107,2,20
33757,17097,19,1,0
33758,15836,136,1,5
33759,13805,76,3,10
33760,6668,62,1,30
33761,21263,88,1,0
33762,6507,140,1,5
33763,6507,59,2,0
33764,6507,100,3,25
33765,927,125,1,10
33766,14486,135,1,15
33767,14486,148,4,5
33768,14486,105,1,20
33769,14486,75,1,5
33770,3800,126,1,5
33771,3800,28,1,5
33772,3800,71,1,15
33773,3800,124,1,15
33774,15158,142,2,0
33775,435,124,2,15
33776,435,141,1,5
33777,8683,64,1,30
33778,8683,6,2,0
33779,8683,67,1,0
33780,15312,60,1,10
33781,15312,70,1,30
33782,782,148,2,0
33783,782,89,1,10
33784,782,143,2,0
33785,13025,104,1,5
33786,6868,117,1,25
33787,6868,89,2,20
33788,10536,66,1,25
33789,10536,78,1,15
33790,10536,140,1,15
33791,12196,102,1,0
33792,1603,100,1,10
33793,10858,124,1,15
33794,10858,12,3,5
33795,3565,26,1,25
33796,3565,91,2,0
33797,7502,37,2,15
33798,24837,68,1,20
33799,8782,117,2,10
33800,8782,60,1,10
33801,8782,140,2,15
33802,15526,20,1,10
33803,5700,76,1,5
33804,22219,66,1,0
33805,22219,131,1,5
33806,22219,87,1,0
33807,20872,3,2,0
33808,7393,49,1,10
33809,6127,28,2,20
33810,6127,136,2,25
33811,12827,133,1,0
33812,9881,64,2,5
33813,19062,124,2,10
33814,19062,70,1,15
33815,21630,120,2,15
33816,21630,121,1,0
33817,21630,138,2,25
33818,21624,70,2,15
33819,21624,90,1,0
33820,20926,117,3,5
33821,10256,107,1,10
33822,10256,114,1,5
33823,10256,61,2,15
33824,14188,146,1,25
33825,14188,66,1,15
33826,5608,19,1,0
33827,19547,148,3,5
33828,3306,46,2,15
33829,3306,8,3,25
33830,18490,28,1,20
33831,18490,36,1,0
33832,18490,138,3,20
33833,18490,63,1,30
33834,7508,2,1,15
33835,19668,6,1,0
33836,19668,124,2,15
33837,134,149,1,10
33838,18427,40,3,15
33839,24819,65,4,25
33840,23668,38,1,15
33841,23668,127,1,0
33842,23668,42,1,0
33843,4939,81,1,15
33844,4939,103,2,0
33845,6787,71,2,5
33846,6787,140,3,15
33847,16363,122,1,5
33848,13273,138,2,10
33849,13273,2,1,15
33850,13273,145,1,15
33851,12714,46,1,5
33852,22464,21,1,5
33853,24744,48,2,15
33854,24744,41,1,0
33855,24744,87,1,10
33856,2390,139,1,10
33857,21883,98,1,5
33858,21883,143,1,10
33859,7262,46,1,20
33860,5966,43,2,15
33861,15889,140,4,10
33862,24911,136,3,10
33863,24911,11,1,15
33864,17223,142,1,15
33865,13071,32,1,10
33866,1885,105,2,5
33867,1885,19,1,20
33868,674,75,1,5
33869,674,118,2,10
33870,4886,28,1,5
33871,4886,90,2,15
33872,3792,139,1,10
33873,3792,146,1,10
33874,6925,128,1,0
33875,6925,53,1,0
33876,6925,29,1,15
33877,6925,71,1,5
33878,23793,81,1,10
33879,16938,95,1,25
33880,4700,117,1,20
33881,4700,6,2,0
33882,22085,67,1,5
33883,22085,148,3,0
33884,22085,91,1,5
33885,24256,66,1,5
33886,24256,27,3,15
33887,24573,50,1,20
33888,24573,23,1,20
33889,24573,52,1,0
33890,11813,21,1,0
33891,11813,26,1,5
33892,17444,123,1,25
33893,15930,72,2,15
33894,23438,67,1,20
33895,24175,29,1,20
33896,1360,3,1,15
33897,2890,107,1,15
33898,2890,128,1,15
33899,2890,90,1,15
33900,14942,115,4,10
33901,17201,39,3,15
33902,12887,90,1,15
33903,12887,102,1,25
33904,12887,128,1,5
33905,15864,73,2,15
33906,15190,26,1,5
33907,15190,91,1,20
33908,15190,124,1,15
33909,14753,127,2,10
33910,24019,73,1,5
33911,1899,55,3,15
33912,23527,28,2,25
33913,23527,35,2,5
33914,723,115,1,15
33915,17973,124,2,25
33916,17973,96,1,10
33917,8446,138,3,15
33918,8446,70,4,15
33919,12158,140,1,0
33920,12158,75,1,10
33921,12158,53,3,15
33922,12158,117,1,0
33923,23195,120,2,25
33924,23195,37,1,10
33925,8842,121,3,0
33926,20512,15,1,0
33927,8815,149,1,10
33928,13029,107,1,10
33929,13029,140,1,5
33930,9590,65,1,10
33931,22791,12,3,5
33932,1103,75,2,20
33933,5320,54,2,0
33934,5320,60,1,10
33935,11763,20,1,0
33936,2751,8,1,15
33937,2751,118,2,30
33938,6372,149,1,5
33939,6372,59,3,20
33940,14034,68,2,10
33941,14034,60,1,0
33942,14034,88,1,30
33943,17041,42,1,25
33944,12065,124,2,10
33945,23675,87,1,10
33946,20289,46,1,5
33947,20289,20,2,15
33948,20289,138,2,10
33949,2743,134,2,15
33950,1403,124,1,20
33951,1403,141,1,5
33952,18824,105,1,0
33953,18824,75,1,0
33954,18824,102,3,20
33955,14851,55,3,0
33956,10068,96,1,20
33957,6605,100,1,20
33958,15870,70,1,15
33959,16764,11,1,15
33960,16764,31,3,0
33961,16764,81,1,15
33962,19644,118,2,15
33963,19644,128,1,25
33964,19644,24,2,0
33965,3032,107,1,0
33966,19345,140,1,15
33967,10415,63,1,15
33968,20161,133,1,5
33969,20161,126,2,10
33970,4487,123,1,0
33971,16646,141,1,0
33972,16646,81,1,20
33973,4112,41,1,30
33974,24509,14,1,20
33975,24509,100,1,10
33976,14639,84,3,5
33977,14639,103,1,15
33978,10512,46,1,10
33979,6345,63,1,20
33980,8693,100,1,0
33981,8693,46,1,15
33982,9873,121,1,5
33983,9873,102,1,5
33984,24857,3,2,15
33985,6015,141,1,20
33986,6015,90,1,10
33987,6015,66,1,5
33988,946,85,1,5
33989,6032,27,1,20
33990,7309,21,3,15
33991,7309,96,1,5
33992,24735,90,1,10
33993,17104,118,1,0
33994,6389,124,1,0
33995,6389,137,1,10
33996,23264,54,1,20
33997,23264,133,1,20
33998,23264,94,1,15
33999,8961,45,1,15
34000,5552,141,2,5
34001,7697,26,2,0
34002,23169,71,1,0
34003,15616,25,1,10
34004,6641,42,1,5
34005,4224,143,2,0
34006,4224,54,1,15
34007,6779,48,2,0
34008,13806,81,1,15
34009,13806,127,1,5
34010,791,117,1,5
34011,6688,125,1,15
34012,6688,76,1,0
34013,24666,90,1,10
34014,16963,31,1,5
34015,16963,71,1,10
34016,17303,21,1,25
34017,17303,100,1,15
34018,7408,71,4,20
34019,19699,71,1,5
34020,19699,2,1,15
34021,19699,20,4,10
34022,19699,112,1,20
34023,3501,117,1,0
34024,9827,71,1,15
34025,2693,139,1,15
34026,23685,90,1,10
34027,23685,65,1,20
34028,21503,74,2,5
34029,21503,47,1,0
34030,1303,149,1,0
34031,1303,48,1,20
34032,21492,70,2,20
34033,21492,11,2,5
34034,22111,137,1,5
34035,16395,90,2,5
34036,16395,137,1,5
34037,4657,128,1,15
34038,10524,136,3,5
34039,17948,16,1,5
34040,17948,42,1,5
34041,15798,128,1,5
34042,9452,64,1,20
34043,8421,28,3,10
34044,8421,145,1,20
34045,11235,54,1,20
34046,1768,81,1,15
34047,14325,50,2,0
34048,14563,73,1,20
34049,14563,59,4,0
34050,19484,46,2,0
34051,17365,146,1,0
34052,23160,54,1,20
34053,9248,136,1,10
34054,18840,122,1,10
34055,18840,117,1,10
34056,13829,75,1,15
34057,13829,143,1,15
34058,4469,140,1,0
34059,4469,93,1,10
34060,20855,71,1,25
34061,20855,135,2,5
34062,9244,63,1,0
34063,9244,71,1,30
34064,18104,149,1,0
34065,11308,102,1,20
34066,11308,20,1,10
34067,19847,66,1,30
34068,4315,99,1,5
34069,22000,19,1,10
34070,22000,115,2,10
34071,22000,93,1,20
34072,2796,29,2,10
34073,1283,36,1,20
34074,8969,123,1,10
34075,3236,103,1,5
34076,24935,90,2,15
34077,17744,76,3,20
34078,2188,128,1,25
34079,4128,46,1,25
34080,2557,140,1,15
34081,2557,71,1,20
34082,22055,46,3,20
34083,22055,29,1,0
34084,19098,139,2,0
34085,19098,70,1,10
34086,4397,133,1,5
34087,3666,140,2,20
34088,3666,117,1,0
34089,3666,146,2,20
34090,16477,42,1,0
34091,16477,20,2,0
34092,11192,95,2,10
34093,21535,71,2,25
34094,21535,81,2,0
34095,21535,2,2,0
34096,13976,126,1,0
34097,986,73,2,30
34098,986,75,2,10
34099,986,60,1,15
34100,24916,95,1,5
34101,9907,61,1,5
34102,21043,124,2,0
34103,18568,9,1,10
34104,1323,64,1,20
34105,23748,128,2,5
34106,23748,137,3,5
34107,11533,103,2,5
34108,11533,117,3,10
34109,19853,140,1,10
34110,6654,145,1,5
34111,6654,121,1,10
34112,6654,139,1,5
34113,9429,71,2,0
34114,5581,128,1,5
34115,1987,141,3,10
34116,1987,149,1,10
34117,1987,3,1,15
34118,1987,116,1,10
34119,20202,91,2,5
34120,4091,100,1,5
34121,16688,138,2,20
34122,16688,128,2,15
34123,11404,142,2,10
34124,3001,26,1,15
34125,6756,117,2,15
34126,15427,139,4,0
34127,15427,141,1,25
34128,8195,67,1,20
34129,8195,122,1,15
34130,4984,142,1,15
34131,4984,121,1,20
34132,17080,95,2,30
34133,9014,87,2,15
34134,9014,63,1,0
34135,9014,142,2,15
34136,14874,42,2,20
34137,14874,73,1,10
34138,14874,141,4,20
34139,13558,28,1,0
34140,5896,78,3,20
34141,3717,149,1,15
34142,13412,18,1,0
34143,13412,81,1,15
34144,13412,70,2,5
34145,13412,75,2,15
34146,24324,72,1,0
34147,17941,136,4,20
34148,17941,144,1,0
34149,1943,126,4,5
34150,1943,125,2,30
34151,6107,118,1,5
34152,6107,106,1,5
34153,5422,138,1,10
34154,5422,90,1,25
34155,5422,80,2,20
34156,5422,64,2,30
34157,16119,46,1,15
34158,16119,28,1,15
34159,19899,28,1,5
34160,11675,124,1,0
34161,11675,81,1,5
34162,11675,72,1,25
34163,20934,22,2,25
34164,20934,59,1,0
34165,5480,122,3,10
34166,4554,28,1,0
34167,18792,87,3,5
34168,18792,128,2,15
34169,14713,29,1,10
34170,14713,1,1,5
34171,19390,55,1,0
34172,10098,28,2,0
34173,10098,81,3,0
34174,21349,126,1,10
34175,6807,136,2,15
34176,6807,141,1,5
34177,21275,146,1,0
34178,12817,85,1,25
34179,2758,127,1,10
34180,19025,66,1,20
34181,6851,27,1,30
34182,6851,56,1,15
34183,2813,71,2,0
34184,21839,71,1,10
34185,15991,124,1,20
34186,3664,118,1,10
34187,12253,138,2,10
34188,7538,16,2,25
34189,11049,125,1,30
34190,11049,73,1,10
34191,18699,102,1,25
34192,18699,59,3,10
34193,649,24,2,25
34194,21823,78,1,15
34195,13129,116,2,5
34196,8529,122,3,30
34197,1896,139,1,10
34198,1896,78,2,0
34199,1896,96,1,20
34200,3370,141,1,10
34201,3370,28,1,20
34202,3370,90,1,5
34203,22395,117,1,0
34204,22395,81,1,0
34205,22395,61,1,10
34206,22395,29,2,20
34207,19152,117,1,10
34208,2395,69,1,5
34209,2395,71,2,15
34210,2395,16,1,15
34211,2395,101,2,0
34212,15842,52,1,25
34213,15842,73,2,5
34214,15842,126,1,5
34215,15738,94,1,10
34216,7536,63,2,5
34217,6436,120,1,10
34218,6436,134,1,10
34219,15330,104,1,0
34220,11589,128,1,25
34221,11589,142,2,5
34222,11589,34,2,15
34223,12719,102,2,15
34224,4452,121,1,5
34225,18497,98,3,0
34226,18497,142,1,20
34227,11272,94,1,5
34228,11272,66,2,5
34229,11272,91,2,0
34230,11704,46,1,10
34231,17,112,4,30
34232,11602,19,3,10
34233,11602,145,4,10
34234,5101,130,1,25
34235,12390,54,2,15
34236,12390,66,1,20
34237,6908,90,3,0
34238,20654,146,1,0
34239,20654,45,2,0
34240,15552,46,1,15
34241,15552,90,1,20
34242,15552,3,1,5
34243,20307,116,2,20
34244,20307,15,1,25
34245,20307,76,1,0
34246,23652,66,1,10
34247,22247,90,1,15
34248,22247,102,1,15
34249,17909,144,1,5
34250,17909,2,3,0
34251,17909,140,2,10
34252,21345,139,3,15
34253,17633,78,1,15
34254,17633,6,3,15
34255,15421,139,1,10
34256,15421,124,1,0
34257,15421,141,1,0
34258,15421,63,1,10
34259,6116,138,1,0
34260,22370,28,1,5
34261,22370,141,3,0
34262,22370,42,3,0
34263,8783,63,1,10
34264,8783,100,1,30
34265,8783,125,1,15
34266,10457,47,1,10
34267,920,117,4,0
34268,920,141,1,30
34269,920,94,2,0
34270,13178,29,1,5
34271,13178,88,3,20
34272,9163,90,1,10
34273,9163,138,1,0
34274,22695,143,2,25
34275,20679,87,1,30
34276,20679,65,2,25
34277,19196,147,1,10
34278,19196,69,4,0
34279,20026,124,2,0
34280,5317,133,2,5
34281,9095,81,2,10
34282,9290,61,2,15
34283,21111,146,1,30
34284,1128,68,3,10
34285,1128,60,1,0
34286,1128,14,3,0
34287,3927,24,1,0
34288,20081,41,1,25
34289,20081,16,2,25
34290,11341,67,1,20
34291,11341,61,1,15
34292,8280,52,2,0
34293,8280,71,1,10
34294,8280,23,1,5
34295,980,105,2,5
34296,980,73,2,10
34297,980,12,1,10
34298,21361,66,4,0
34299,21361,94,1,10
34300,9280,99,2,15
34301,9280,141,2,10
34302,9280,134,1,0
34303,9280,96,3,25
34304,21868,81,2,0
34305,5615,66,1,25
34306,19022,8,1,5
34307,19022,124,1,10
34308,380,48,1,10
34309,9529,133,2,5
34310,9529,147,2,15
34311,9529,141,1,5
34312,15159,141,2,15
34313,15159,14,2,15
34314,17635,91,2,5
34315,17635,66,1,20
34316,17635,31,1,15
34317,994,51,1,20
34318,6180,90,1,10
34319,6180,140,1,5
34320,9845,62,1,20
34321,22617,141,2,10
34322,1647,29,1,15
34323,1647,143,1,0
34324,10571,72,2,20
34325,6942,88,1,25
34326,12972,6,4,25
34327,12782,99,2,0
34328,12782,64,1,0
34329,3640,90,1,30
34330,19703,67,1,5
34331,19703,106,1,25
34332,18460,141,2,30
34333,7469,28,2,5
34334,7469,48,1,20
34335,22529,64,1,20
34336,17275,121,1,10
34337,17275,50,1,10
34338,5005,73,1,20
34339,23694,98,1,0
34340,2297,60,1,15
34341,17583,41,1,5
34342,17583,90,1,0
34343,4512,61,1,15
34344,16148,90,1,0
34345,17730,63,3,25
34346,2270,98,2,15
34347,2270,34,3,25
34348,15241,104,2,25
34349,15241,117,2,20
34350,11401,149,1,15
34351,526,93,2,5
34352,10265,54,1,15
34353,438,75,1,5
34354,23931,139,1,5
34355,23931,19,3,30
34356,12702,141,1,5
34357,2171,60,2,20
34358,14670,70,1,10
34359,14670,73,1,0
34360,5649,12,2,25
34361,5649,146,1,30
34362,18227,24,3,0
34363,18227,73,1,5
34364,18227,14,1,10
34365,16905,32,2,20
34366,16905,96,2,0
34367,16905,66,1,15
34368,16905,143,1,10
34369,6440,70,1,0
34370,8149,146,1,0
34371,8149,73,2,0
34372,8149,61,1,20
34373,23401,78,1,5
34374,23401,117,2,0
34375,1527,81,1,0
34376,11219,117,1,15
34377,11219,84,2,5
34378,13877,54,2,20
34379,13877,114,1,15
34380,5898,98,1,0
34381,8010,90,4,15
34382,8010,117,1,15
34383,8010,141,2,15
34384,20635,90,2,10
34385,4254,117,1,20
34386,22908,21,2,15
34387,17325,117,1,10
34388,17325,129,2,10
34389,9017,63,2,20
34390,9017,150,1,0
34391,14575,91,2,25
34392,14575,100,1,20
34393,14575,20,1,30
34394,14575,141,1,20
34395,6031,102,2,10
34396,6031,38,4,5
34397,6031,70,1,0
34398,9531,63,1,15
34399,17305,102,2,0
34400,17305,71,1,5
34401,17305,128,1,10
34402,11547,117,1,20
34403,11547,149,1,30
34404,4560,98,1,20
34405,17075,47,1,15
34406,17075,75,1,0
34407,8381,19,2,15
34408,8381,93,1,5
34409,5301,46,1,15
34410,18481,68,2,10
34411,18984,50,1,5
34412,18984,43,2,5
34413,12655,29,1,10
34414,11932,76,1,10
34415,6306,66,4,5
34416,10395,48,2,0
34417,10395,90,1,10
34418,10395,86,1,10
34419,16816,16,2,15
34420,18698,65,1,10
34421,6572,6,2,0
34422,6572,42,1,10
34423,6572,123,1,15
34424,6572,99,1,5
34425,20064,122,1,15
34426,14752,66,2,5
34427,14752,54,1,25
34428,11305,76,4,10
34429,20931,142,3,20
34430,9906,82,1,10
34431,9906,117,1,0
34432,9637,142,3,0
34433,22919,54,1,10
34434,4116,53,1,5
34435,4116,19,2,0
34436,4116,76,2,5
34437,18409,145,4,10
34438,18409,20,1,10
34439,18409,71,2,10
34440,5073,136,4,10
34441,5073,47,1,10
34442,5073,81,1,25
34443,22672,93,2,0
34444,22672,1,1,10
34445,23758,142,4,5
34446,23480,141,2,5
34447,23480,1,1,5
34448,23480,66,2,0
34449,16800,58,1,15
34450,2895,128,1,5
34451,3748,63,1,0
34452,3748,14,2,5
34453,22652,75,1,15
34454,21021,102,2,25
34455,21298,97,2,0
34456,21298,146,1,5
34457,14936,124,1,5
34458,4227,84,1,0
34459,4227,21,2,15
34460,4227,85,1,0
34461,4227,42,1,5
34462,20407,99,2,20
34463,13353,117,1,0
34464,1717,91,1,20
34465,1717,53,4,0
34466,5630,16,1,5
34467,2042,145,1,25
34468,2042,95,1,15
34469,2042,140,1,20
34470,1614,53,2,25
34471,1614,28,1,15
34472,3560,90,3,15
34473,3560,142,1,5
34474,17320,90,1,15
34475,11750,43,2,20
34476,11750,8,1,10
34477,11750,14,1,0
34478,11750,103,1,20
34479,21832,95,1,0
34480,21832,87,2,30
34481,2638,86,1,0
34482,17555,3,2,15
34483,17555,85,3,5
34484,3674,91,1,25
34485,9424,54,1,10
34486,19888,63,1,15
34487,19888,21,1,0
34488,14863,73,2,15
34489,15875,93,1,5
34490,4060,29,1,0
34491,13550,140,2,25
34492,13550,148,1,25
34493,13550,28,1,15
34494,18849,117,1,10
34495,18858,103,2,15
34496,1697,69,1,10
34497,1697,20,1,10
34498,1697,98,1,15
34499,21975,60,1,5
34500,21975,86,2,30
34501,21975,150,1,30
34502,21975,68,2,15
34503,3878,75,1,5
34504,3878,27,1,20
34505,10460,90,2,5
34506,10460,138,1,10
34507,21898,128,3,5
34508,9167,46,1,10
34509,9167,70,3,5
34510,18342,46,1,15
34511,7602,55,1,5
34512,7602,14,1,0
34513,7602,124,1,0
34514,7602,100,1,20
34515,8523,53,2,0
34516,6761,144,1,5
34517,6761,139,1,25
34518,6761,17,2,25
34519,6761,39,1,10
34520,16548,136,2,15
34521,16548,81,1,0
34522,16548,100,2,0
34523,7979,128,1,0
34524,7979,91,1,10
34525,7979,72,2,15
34526,6812,42,1,25
34527,12161,90,1,0
34528,14086,104,1,15
34529,14086,91,2,10
34530,19037,6,1,15
34531,19037,117,2,0
34532,8351,63,1,20
34533,18505,28,1,25
34534,18505,4,1,10
34535,18505,14,1,25
34536,24636,45,2,10
34537,15240,121,2,0
34538,15240,141,1,0
34539,4139,72,1,10
34540,8773,125,1,10
34541,8773,2,1,0
34542,21330,149,1,0
34543,20885,56,2,20
34544,24030,70,2,0
34545,14550,128,2,10
34546,14550,43,1,0
34547,13898,122,1,10
34548,13898,75,1,0
34549,18105,129,1,30
34550,18105,86,3,0
34551,14077,81,1,0
34552,14077,128,1,20
34553,14077,98,1,10
34554,3761,124,1,25
34555,1244,61,1,5
34556,8471,50,2,5
34557,6421,102,1,25
34558,6421,3,3,20
34559,15222,21,1,0
34560,15222,64,1,0
34561,12915,118,2,15
34562,12915,42,1,15
34563,12915,63,3,0
34564,9765,104,1,10
34565,9765,8,3,10
34566,20981,14,1,20
34567,20981,88,2,0
34568,20981,140,1,10
34569,20981,122,2,30
34570,2945,60,1,0
34571,17243,63,1,0
34572,24807,102,1,15
34573,24807,54,3,10
34574,24807,90,1,25
34575,7286,122,1,15
34576,7286,141,1,10
34577,22358,16,1,10
34578,22358,128,1,5
34579,8,35,1,0
34580,8,24,2,15
34581,17071,117,1,0
34582,17071,3,2,10
34583,17071,55,4,10
34584,19382,81,1,10
34585,19382,37,1,0
34586,11969,27,1,20
34587,11969,60,1,15
34588,11969,143,1,20
34589,18829,50,1,5
34590,24863,104,3,5
34591,14471,84,1,0
34592,14471,104,1,10
34593,14471,146,1,0
34594,17577,12,1,0
34595,22970,46,2,0
34596,22970,142,1,5
34597,8021,124,1,5
34598,11480,96,1,10
34599,20814,71,2,0
34600,7608,140,1,10
34601,7608,75,1,30
34602,3513,143,1,5
34603,3513,32,1,5
34604,3513,60,1,5
34605,3513,68,1,15
34606,17990,78,4,20
34607,17990,117,1,30
34608,880,102,1,20
34609,5903,78,1,20
34610,7923,112,1,10
34611,23972,61,1,5
34612,23972,91,1,20
34613,23972,124,1,0
34614,11293,2,2,20
34615,7161,148,1,30
34616,7161,67,1,10
34617,7161,3,1,25
34618,7161,74,4,0
34619,3536,20,1,25
34620,7559,104,2,0
34621,15674,54,2,30
34622,15674,20,1,10
34623,3027,56,2,10
34624,4725,138,1,5
34625,4725,148,2,25
34626,19555,67,3,5
34627,1417,52,1,15
34628,10502,70,2,20
34629,2430,71,1,20
34630,24671,83,1,15
34631,5109,66,1,5
34632,10067,68,1,15
34633,10067,124,1,5
34634,10067,121,1,10
34635,13543,68,2,0
34636,13543,53,1,0
34637,23434,27,1,10
34638,23434,54,2,5
34639,5364,60,2,20
34640,13435,111,1,5
34641,13435,91,2,5
34642,21907,128,2,0
34643,21907,136,2,15
34644,20290,53,2,10
34645,20290,70,1,15
34646,20290,51,1,15
34647,19434,104,1,5
34648,19434,45,1,5
34649,19434,21,2,20
34650,19354,75,1,10
34651,24461,68,2,0
34652,1494,14,2,0
34653,7211,94,1,15
34654,9455,146,1,10
34655,7208,68,1,10
34656,8571,78,1,0
34657,20592,51,1,5
34658,20592,25,1,15
34659,4781,126,1,5
34660,10049,117,1,5
34661,24307,67,1,0
34662,24307,1,1,25
34663,19477,19,1,0
34664,19477,142,2,25
34665,22413,146,2,30
34666,10275,129,1,20
34667,17498,24,4,0
34668,17498,93,1,10
34669,22631,104,1,5
34670,23456,141,1,15
34671,18876,29,1,5
34672,23016,54,1,0
34673,23016,91,2,10
34674,23176,35,1,25
34675,16630,104,3,0
34676,7877,39,2,10
34677,7877,59,3,20
34678,23291,63,3,5
34679,16876,146,2,20
34680,1875,85,1,5
34681,871,140,2,15
34682,9164,147,1,15
34683,9164,76,3,30
34684,9164,29,3,0
34685,11732,42,1,15
34686,19541,42,3,10
34687,19541,90,1,30
34688,19541,40,3,30
34689,16370,28,1,0
34690,22961,13,1,0
34691,1932,136,1,15
34692,1932,28,2,0
34693,1932,92,1,0
34694,12491,43,1,10
34695,10721,63,2,15
34696,5100,116,1,10
34697,5100,3,1,30
34698,5100,19,1,25
34699,4495,9,1,20
34700,4495,46,1,15
34701,23478,64,1,30
34702,14410,142,1,0
34703,14410,67,1,5
34704,14410,125,2,10
34705,16670,117,2,0
34706,20999,143,2,10
34707,10968,93,2,10
34708,23940,28,2,20
34709,23940,16,1,20
34710,23940,140,2,0
34711,23940,1,1,10
34712,15193,138,1,20
34713,15193,102,3,5
34714,3389,137,1,5
34715,9511,42,2,25
34716,9511,78,1,10
34717,9511,85,1,20
34718,12738,7,1,0
34719,12738,26,1,5
34720,3943,60,1,15
34721,3943,78,2,25
34722,3943,1,1,10
34723,3943,74,1,0
34724,23995,28,1,15
34725,9983,117,4,0
34726,9983,66,1,0
34727,9400,104,1,0
34728,9400,138,1,5
34729,9400,124,1,20
34730,11649,90,1,10
34731,479,75,2,15
34732,479,73,1,10
34733,479,138,1,10
34734,479,78,3,5
34735,2043,72,1,20
34736,2043,55,1,5
34737,17931,85,1,5
34738,8906,84,2,10
34739,8906,111,1,10
34740,20019,96,2,10
34741,16665,12,1,0
34742,16665,81,2,20
34743,15957,46,1,5
34744,15957,116,2,25
34745,6532,45,1,5
34746,6532,91,3,10
34747,6532,57,1,15
34748,7496,21,3,5
34749,22885,54,2,15
34750,22885,146,1,10
34751,17840,6,2,0
34752,4243,36,1,5
34753,4243,142,2,10
34754,4243,28,2,5
34755,1799,25,1,0
34756,1799,12,1,5
34757,1799,46,1,20
34758,3797,48,1,20
34759,3797,29,3,0
34760,20079,60,1,0
34761,20079,140,1,10
34762,21524,90,1,15
34763,21524,52,1,20
34764,21524,147,1,0
34765,8696,124,1,20
34766,24932,42,3,5
34767,18970,142,4,10
34768,20049,37,1,0
34769,13554,126,3,0
34770,13554,6,2,5
34771,10641,107,2,5
34772,422,54,1,0
34773,8595,137,1,25
34774,10715,141,2,25
34775,5656,10,1,5
34776,16312,28,1,30
34777,8088,142,1,15
34778,8088,12,1,25
34779,8088,123,1,5
34780,8088,28,1,10
34781,4674,116,1,0
34782,8833,141,1,20
34783,8833,139,1,0
34784,12128,139,1,5
34785,5271,131,3,5
34786,15130,103,1,10
34787,6398,96,1,10
34788,6398,26,2,20
34789,3196,47,2,0
34790,20443,85,1,5
34791,8070,17,1,0
34792,3782,68,3,20
34793,3782,64,1,30
34794,3782,38,1,5
34795,22770,124,1,0
34796,10463,149,4,0
34797,10463,107,1,10
34798,10628,128,2,15
34799,10628,54,1,20
34800,10784,107,2,10
34801,11028,27,1,5
34802,11028,141,1,15
34803,11028,42,1,10
34804,11028,84,2,10
34805,14677,102,2,20
34806,18500,62,1,15
34807,18500,85,1,5
34808,18500,12,1,0
34809,99,140,1,20
34810,99,124,2,10
34811,17818,63,1,15
34812,23901,139,1,25
34813,16939,31,3,5
34814,16939,141,1,20
34815,3022,117,2,20
34816,12319,86,2,0
34817,12319,66,1,20
34818,15282,146,1,0
34819,9462,118,1,5
34820,9462,107,1,0
34821,6808,1,1,0
34822,6808,61,1,15
34823,11806,78,1,15
34824,255,117,1,30
34825,255,21,3,5
34826,255,91,1,20
34827,255,138,1,20
34828,3681,54,1,15
34829,15704,59,4,30
34830,10461,73,3,15
34831,17796,41,2,0
34832,19980,28,2,0
34833,13869,14,2,15
34834,20750,73,1,10
34835,20750,86,2,5
34836,20750,40,1,15
34837,23550,124,1,0
34838,11532,70,2,30
34839,22717,63,2,10
34840,5229,149,1,5
34841,20887,54,3,25
34842,20887,66,1,0
34843,12232,78,1,5
34844,13011,139,1,5
34845,22389,78,1,10
34846,22389,71,1,0
34847,17649,76,2,25
34848,9002,118,1,25
34849,5982,59,3,15
34850,5802,117,1,0
34851,24446,134,1,10
34852,8480,149,1,25
34853,8480,124,1,20
34854,23633,144,1,0
34855,23633,128,1,15
34856,15746,53,2,15
34857,15746,128,1,5
34858,2040,149,2,5
34859,2040,138,1,25
34860,15714,54,1,20
34861,6052,68,1,10
34862,4923,112,2,30
34863,4923,129,1,0
34864,11490,82,1,5
34865,11490,21,1,20
34866,11490,42,1,15
34867,19846,141,1,25
34868,1702,60,1,0
34869,1702,37,1,0
34870,1702,61,1,20
34871,16261,84,1,25
34872,5171,29,1,10
34873,11476,45,2,5
34874,2846,136,1,20
34875,2846,71,1,0
34876,3594,3,1,15
34877,14654,54,1,10
34878,14654,132,2,10
34879,9306,90,1,0
34880,9306,99,2,20
34881,8111,42,1,30
34882,8111,128,1,10
34883,8111,55,3,25
34884,10337,131,1,10
34885,4743,141,1,25
34886,4743,124,4,15
34887,17327,70,2,20
34888,17327,128,1,25
34889,22758,6,1,20
34890,5367,20,1,0
34891,20428,132,1,15
34892,20428,66,2,5
34893,20428,55,2,0
34894,15763,102,1,10
34895,15763,66,2,5
34896,17308,91,1,5
34897,8594,91,1,0
34898,22032,20,2,0
34899,23759,24,1,10
34900,23759,60,1,10
34901,23759,124,2,15
34902,23759,44,1,5
34903,4353,46,4,15
34904,4353,95,1,10
34905,8157,63,1,15
34906,8157,14,1,5
34907,8157,3,1,30
34908,15320,139,2,25
34909,6272,94,1,0
34910,3896,92,1,10
34911,3896,95,1,20
34912,14319,91,3,20
34913,14319,42,1,0
34914,18126,81,1,10
34915,5752,71,1,5
34916,5752,110,2,10
34917,5752,31,1,25
34918,11986,141,1,0
34919,7816,128,1,25
34920,7816,70,2,5
34921,7816,42,1,5
34922,23670,55,2,25
34923,6639,126,1,20
34924,22365,146,4,0
34925,10917,54,1,20
34926,10751,102,1,15
34927,10751,105,1,25
34928,13293,109,1,10
34929,4107,105,2,0
34930,4107,136,1,20
34931,8953,100,2,30
34932,8953,125,2,5
34933,14997,70,1,10
34934,19500,46,1,15
34935,19500,116,2,0
34936,6782,128,1,15
34937,6782,71,1,5
34938,6782,139,2,10
34939,19160,93,2,20
34940,2459,53,1,20
34941,5123,90,1,25
34942,22251,67,2,15
34943,24153,138,2,15
34944,24153,3,1,5
34945,14101,117,4,5
34946,17746,81,1,10
34947,14285,139,1,0
34948,17153,139,1,20
34949,17153,146,1,0
34950,20036,46,1,0
34951,10352,90,1,15
34952,9659,146,1,5
34953,9659,124,1,25
34954,9659,54,2,15
34955,9659,88,1,20
34956,7004,60,2,0
34957,16139,28,2,10
34958,16139,53,1,15
34959,14272,72,2,5
34960,575,37,2,10
34961,16930,76,1,5
34962,21255,43,1,0
34963,9609,142,1,10
34964,13005,109,3,5
34965,2683,28,2,15
34966,12929,90,1,15
34967,23084,145,1,10
34968,17589,112,2,5
34969,17589,141,3,20
34970,20087,129,3,5
34971,20087,141,3,10
34972,20087,107,1,20
34973,20398,75,1,20
34974,20398,139,1,10
34975,20398,133,2,0
34976,20398,14,1,5
34977,20163,84,2,5
34978,20163,141,1,15
34979,11971,14,1,5
34980,6175,87,2,0
34981,13737,139,1,20
34982,13737,137,1,5
34983,21872,121,2,15
34984,10268,112,2,5
34985,10268,123,3,0
34986,16389,66,2,10
34987,5314,133,1,15
34988,2999,64,4,5
34989,2999,141,1,25
34990,1856,93,1,0
34991,1856,12,1,0
34992,13080,105,1,20
34993,1938,75,1,5
34994,1938,93,1,15
34995,16178,28,1,10
34996,16903,117,1,15
34997,19890,74,2,10
34998,9924,14,2,10
34999,2278,126,1,5
35000,2278,40,2,0
35001,4824,141,1,20
35002,17312,36,1,5
35003,17312,33,1,10
35004,17312,121,4,5
35005,8291,14,1,0
35006,8291,146,2,20
35007,14290,140,1,15
35008,1630,67,1,10
35009,1630,124,1,5
35010,1630,19,1,0
35011,13823,28,1,25
35012,11371,91,2,15
35013,11371,90,1,0
35014,18948,28,4,15
35015,18948,75,1,15
35016,21675,2,2,15
35017,21675,29,1,0
35018,21675,139,1,15
35019,17136,91,1,15
35020,16916,75,2,20
35021,911,8,2,5
35022,911,68,1,20
35023,18534,146,1,0
35024,6128,63,2,5
35025,13847,17,1,10
35026,13847,141,3,5
35027,16708,31,2,5
35028,24439,41,1,5
35029,16075,122,1,20
35030,14010,137,2,10
35031,14010,127,1,15
35032,23587,61,2,0
35033,7929,55,2,5
35034,10393,144,1,15
35035,10393,47,1,10
35036,7075,90,2,25
35037,17389,24,2,5
35038,17495,68,2,10
35039,17987,54,1,20
35040,17987,60,1,20
35041,17987,128,1,10
35042,17942,70,1,10
35043,17942,66,2,5
35044,9032,149,1,0
35045,2639,55,1,0
35046,12137,60,1,10
35047,12137,45,1,0
35048,7926,102,1,5
35049,7926,24,2,15
35050,5081,146,1,20
35051,5081,21,3,30
35052,5081,20,2,0
35053,10630,27,2,20
35054,10630,122,2,20
35055,10630,128,1,30
35056,20272,6,1,0
35057,20272,117,1,15
35058,20272,90,2,15
35059,16250,52,1,20
35060,16250,68,1,5
35061,8338,91,2,25
35062,4184,52,1,10
35063,4184,126,1,0
35064,11485,21,1,0
35065,11485,70,1,10
35066,1652,1,2,0
35067,1652,20,1,5
35068,18860,102,1,0
35069,18860,71,1,10
35070,22548,93,3,0
35071,6202,116,1,5
35072,6202,6,1,15
35073,19287,24,3,30
35074,2312,146,1,0
35075,2312,126,1,20
35076,2312,90,1,20
35077,18991,136,1,10
35078,6556,139,1,20
35079,22579,8,1,10
35080,22579,62,3,5
35081,22579,78,1,15
35082,10162,46,1,5
35083,10162,115,1,0
35084,19809,36,1,15
35085,16294,114,2,0
35086,2827,42,2,25
35087,2132,78,1,15
35088,20380,59,1,30
35089,7134,104,2,20
35090,338,101,2,10
35091,338,102,1,10
35092,22016,66,1,5
35093,22016,69,1,30
35094,16039,61,1,5
35095,21166,84,3,0
35096,10241,59,2,0
35097,3942,28,3,10
35098,3942,102,1,0
35099,3942,149,1,15
35100,16924,141,1,15
35101,16924,46,1,20
35102,12266,22,1,15
35103,2777,96,1,5
35104,470,115,2,5
35105,8406,14,1,25
35106,9008,145,2,10
35107,9008,116,1,15
35108,20106,78,2,10
35109,13728,3,3,20
35110,13728,94,1,0
35111,8035,139,1,10
35112,8035,21,2,5
35113,11748,88,1,0
35114,11748,60,1,5
35115,13830,96,2,15
35116,18050,37,2,5
35117,18050,23,3,0
35118,18050,61,2,15
35119,18050,69,1,15
35120,16661,136,1,15
35121,16734,42,1,30
35122,13626,6,1,0
35123,13626,90,1,20
35124,13626,53,3,10
35125,13577,122,1,20
35126,21099,135,2,20
35127,21099,147,2,0
35128,21918,138,2,20
35129,13964,12,1,15
35130,13964,90,1,5
35131,11741,53,2,25
35132,21328,81,1,15
35133,21328,88,2,5
35134,24455,70,2,15
35135,24455,14,2,15
35136,10294,105,1,10
35137,10294,71,1,30
35138,22347,141,2,10
35139,16337,125,3,25
35140,16337,12,1,15
35141,19651,142,1,20
35142,19651,50,1,15
35143,6682,122,4,5
35144,19425,2,1,0
35145,19425,45,2,25
35146,24489,141,2,0
35147,24489,117,1,0
35148,24489,143,3,0
35149,24886,101,1,25
35150,17157,67,1,20
35151,15441,144,1,20
35152,9807,117,2,0
35153,1194,139,1,20
35154,10508,64,1,20
35155,4239,132,1,5
35156,4239,127,3,15
35157,10136,93,1,0
35158,10136,84,2,0
35159,15831,37,1,10
35160,17351,51,1,10
35161,17351,67,1,5
35162,9196,53,1,20
35163,24189,16,1,5
35164,24189,39,2,5
35165,12971,136,2,20
35166,12971,46,2,5
35167,17625,26,2,0
35168,6217,124,4,15
35169,6217,111,1,10
35170,1243,140,1,15
35171,18358,71,1,25
35172,18358,21,2,30
35173,18358,136,1,10
35174,18358,63,1,0
35175,12370,90,4,5
35176,8949,36,2,15
35177,6700,73,1,5
35178,12404,12,1,20
35179,12404,91,1,25
35180,18897,140,1,10
35181,18897,50,2,10
35182,18897,3,1,25
35183,1180,147,1,10
35184,1285,4,1,30
35185,1285,121,1,0
35186,497,28,1,5
35187,497,141,1,20
35188,19904,28,1,0
35189,19904,58,2,15
35190,1981,58,1,10
35191,1981,99,1,30
35192,11781,149,1,0
35193,11781,102,1,5
35194,11781,66,1,15
35195,11781,117,1,25
35196,44,47,2,10
35197,24633,116,2,10
35198,10172,66,1,5
35199,15838,51,1,15
35200,15838,69,1,15
35201,5508,71,1,25
35202,5508,52,2,25
35203,5823,40,1,0
35204,14955,62,2,25
35205,14056,30,2,10
35206,6033,32,1,10
35207,6033,124,1,5
35208,10244,128,1,0
35209,10244,84,1,15
35210,10244,101,1,10
35211,19663,143,2,5
35212,19663,102,1,0
35213,19663,98,1,0
35214,3901,96,1,0
35215,3901,20,1,5
35216,14582,81,3,5
35217,14582,77,2,5
35218,7659,139,1,0
35219,7659,62,1,10
35220,7659,14,2,0
35221,12562,136,2,10
35222,12562,21,1,10
35223,2438,54,1,0
35224,2438,42,2,10
35225,2438,113,1,10
35226,2438,50,3,5
35227,19831,65,1,10
35228,19831,78,2,20
35229,24626,49,1,5
35230,24626,81,3,5
35231,15858,14,1,15
35232,18135,94,1,0
35233,18135,37,1,0
35234,17864,115,1,15
35235,17864,121,1,10
35236,12240,61,1,0
35237,12240,34,1,25
35238,15860,126,2,15
35239,15860,124,1,10
35240,14626,46,1,5
35241,14626,88,1,5
35242,8401,126,1,20
35243,22202,14,2,15
35244,22202,23,3,0
35245,22202,70,1,15
35246,9411,144,1,20
35247,12398,78,1,0
35248,8142,62,2,5
35249,8142,140,1,5
35250,4350,6,1,15
35251,1114,50,1,30
35252,22436,8,2,10
35253,12595,141,2,15
35254,9399,142,4,10
35255,24632,88,1,10
35256,16362,32,1,10
35257,419,102,1,10
35258,6187,21,2,10
35259,1148,87,4,10
35260,1148,24,1,15
35261,18380,55,2,15
35262,18380,139,2,5
35263,13899,142,1,5
35264,13899,37,2,10
35265,9354,63,3,15
35266,9354,128,2,25
35267,10028,84,1,30
35268,23593,93,1,10
35269,23593,29,2,20
35270,1322,46,1,5
35271,1322,66,2,30
35272,3031,136,2,25
35273,3031,88,1,5
35274,15915,118,1,10
35275,4486,63,1,5
35276,4486,15,2,10
35277,14741,134,1,15
35278,11935,122,1,5
35279,18822,4,4,15
35280,6776,28,1,20
35281,20097,78,1,5
35282,6825,143,3,0
35283,6825,138,1,0
35284,6825,73,1,5
35285,544,96,1,15
35286,8087,28,3,5
35287,17115,102,1,10
35288,5254,105,1,10
35289,5107,105,2,20
35290,12845,70,1,10
35291,12845,75,1,15
35292,12845,88,1,10
35293,3616,73,1,25
35294,3616,81,2,10
35295,13863,141,1,30
35296,13863,60,2,20
35297,8215,72,1,30
35298,4072,90,2,20
35299,14598,63,1,0
35300,3039,140,1,5
35301,11275,42,2,10
35302,13704,140,1,20
35303,16042,75,1,0
35304,16042,124,2,5
35305,16042,55,1,0
35306,16042,88,2,10
35307,2852,35,1,5
35308,2852,75,1,15
35309,1374,107,2,15
35310,15686,30,1,25
35311,15686,104,1,25
35312,5432,70,3,25
35313,18292,3,2,20
35314,23695,142,1,20
35315,10404,81,1,15
35316,21930,96,2,20
35317,21930,61,1,0
35318,21930,47,1,30
35319,3787,118,1,5
35320,11217,72,2,10
35321,11217,90,2,10
35322,11217,107,1,10
35323,21092,50,3,0
35324,13729,53,2,10
35325,13729,68,2,20
35326,11788,60,3,5
35327,9071,124,2,5
35328,9071,68,1,0
35329,3551,55,1,0
35330,13632,48,1,30
35331,13632,84,1,20
35332,13632,66,1,20
35333,17764,104,2,20
35334,17764,71,3,5
35335,15184,71,1,5
35336,15184,78,2,5
35337,15184,54,1,30
35338,15184,90,1,5
35339,202,96,1,10
35340,202,27,1,15
35341,13143,149,1,10
35342,13143,142,2,5
35343,7184,74,1,15
35344,1795,142,3,20
35345,1795,104,1,10
35346,4803,63,2,10
35347,4803,95,2,10
35348,11624,24,1,15
35349,11624,42,2,0
35350,11526,91,1,15
35351,11526,138,1,0
35352,4196,103,2,15
35353,23656,53,1,15
35354,4992,144,1,15
35355,23351,104,1,5
35356,23351,70,1,20
35357,23351,93,2,0
35358,5443,110,3,15
35359,13397,92,4,10
35360,11520,141,2,25
35361,11520,63,2,10
35362,3182,43,2,0
35363,6053,19,1,20
35364,6053,78,2,10
35365,23017,96,1,20
35366,16858,14,1,15
35367,22840,100,3,10
35368,22840,63,1,0
35369,1753,75,1,10
35370,1753,58,1,25
35371,16326,93,1,0
35372,4126,1,2,10
35373,4126,78,2,0
35374,4126,90,1,20
35375,20651,21,1,10
35376,20651,90,1,0
35377,17844,80,1,5
35378,359,93,1,20
35379,359,141,1,10
35380,359,20,1,10
35381,21909,133,1,15
35382,10691,132,1,15
35383,10691,118,3,0
35384,933,54,1,10
35385,933,60,1,10
35386,13809,21,1,0
35387,22756,31,1,15
35388,9826,68,2,10
35389,1819,42,3,25
35390,18739,90,1,5
35391,8316,74,1,5
35392,8316,42,1,10
35393,9679,19,1,10
35394,22991,103,3,10
35395,22991,72,1,0
35396,1068,115,1,5
35397,11999,93,1,5
35398,11999,69,2,5
35399,11999,101,3,0
35400,11285,101,1,20
35401,11285,81,1,0
35402,11285,94,1,30
35403,11285,95,1,5
35404,5956,95,1,0
35405,5956,141,1,30
35406,3414,139,1,15
35407,3414,107,4,10
35408,3414,125,1,5
35409,19448,117,1,15
35410,19448,140,2,5
35411,19448,90,1,5
35412,19448,51,2,5
35413,24953,19,1,10
35414,24953,12,1,5
35415,24953,142,1,10
35416,24953,38,2,25
35417,9413,28,1,0
35418,9413,63,1,10
35419,11337,50,2,5
35420,3515,78,2,15
35421,16009,93,2,10
35422,960,71,1,15
35423,960,28,1,10
35424,3958,3,1,0
35425,3958,46,2,25
35426,14897,99,2,15
35427,14897,96,1,5
35428,15787,103,1,5
35429,8897,30,1,10
35430,15205,61,4,30
35431,15205,138,1,10
35432,14610,137,2,0
35433,15180,78,3,15
35434,15180,80,1,5
35435,15180,131,1,0
35436,15180,54,1,20
35437,18081,75,1,15
35438,24958,146,1,0
35439,15284,32,4,0
35440,15284,53,1,0
35441,21396,46,1,5
35442,21396,60,1,20
35443,4079,75,2,15
35444,3581,14,1,10
35445,3581,149,2,15
35446,22209,148,1,20
35447,22209,36,1,15
35448,5476,105,1,0
35449,5476,128,2,0
35450,5476,91,1,25
35451,7057,117,1,15
35452,7057,125,1,20
35453,7057,62,3,10
35454,7057,70,1,15
35455,3936,88,1,20
35456,3936,50,1,0
35457,4325,138,1,0
35458,4447,128,1,10
35459,4447,142,1,10
35460,7060,122,2,25
35461,15368,26,1,0
35462,15368,74,1,5
35463,15368,54,1,20
35464,4602,103,1,25
35465,1870,141,2,10
35466,18804,6,1,15
35467,20013,24,3,15
35468,3367,56,2,0
35469,3367,32,1,20
35470,3367,143,1,30
35471,3367,124,2,5
35472,947,75,1,25
35473,5783,71,1,30
35474,9862,115,2,0
35475,9862,23,1,5
35476,9862,42,1,5
35477,9862,102,1,10
35478,21953,141,1,25
35479,21953,75,1,0
35480,21953,47,1,10
35481,7519,46,1,10
35482,10308,81,1,25
35483,10308,91,1,5
35484,14417,95,2,10
35485,14417,78,2,0
35486,14417,120,3,0
35487,14417,70,2,10
35488,24511,65,3,0
35489,7441,102,2,0
35490,7441,50,4,0
35491,4541,129,2,0
35492,4541,58,1,25
35493,15577,110,1,0
35494,15577,17,1,5
35495,3460,117,1,20
35496,3460,124,2,0
35497,3460,65,1,10
35498,5568,19,2,0
35499,21000,41,3,0
35500,22069,53,1,0
35501,5934,149,1,5
35502,792,94,1,0
35503,792,115,1,10
35504,4310,45,3,10
35505,2745,81,3,10
35506,18405,19,2,20
35507,14761,128,1,25
35508,12466,16,1,25
35509,15246,133,1,0
35510,21175,65,1,5
35511,21175,42,2,0
35512,18477,104,1,20
35513,18477,126,1,0
35514,18477,63,2,15
35515,17427,46,1,0
35516,13711,115,1,10
35517,17222,23,1,0
35518,17222,56,1,10
35519,17222,134,1,30
35520,20027,141,4,10
35521,20027,99,1,20
35522,972,12,1,0
35523,972,117,3,0
35524,972,95,1,20
35525,12572,73,1,20
35526,8230,102,1,15
35527,11087,6,4,10
35528,3461,67,1,5
35529,3461,37,2,10
35530,3461,75,1,0
35531,11824,104,2,15
35532,883,6,2,15
35533,883,127,1,5
35534,24703,138,1,20
35535,24803,78,2,5
35536,24803,31,3,0
35537,24803,66,1,15
35538,13345,42,1,0
35539,13345,124,1,5
35540,23699,73,2,25
35541,23699,98,3,20
35542,20801,70,1,0
35543,14394,47,1,25
35544,16235,28,2,20
35545,16235,142,1,15
35546,22602,70,2,0
35547,1425,149,3,15
35548,1425,48,2,25
35549,1425,75,2,30
35550,16713,137,4,5
35551,16713,54,1,20
35552,16713,141,1,0
35553,10660,46,1,10
35554,10660,20,3,5
35555,13992,128,2,15
35556,13992,124,1,20
35557,13992,142,3,0
35558,17357,95,1,20
35559,21911,150,1,15
35560,9547,17,1,20
35561,7757,20,1,25
35562,7757,29,1,0
35563,7757,92,1,10
35564,448,61,2,15
35565,448,91,1,0
35566,7668,42,1,15
35567,18788,50,4,15
35568,3229,43,1,25
35569,3229,102,1,5
35570,3229,94,3,10
35571,3229,129,1,0
35572,18421,124,2,0
35573,18421,73,1,5
35574,19081,147,1,5
35575,9352,129,2,5
35576,8767,60,1,20
35577,1098,78,1,15
35578,1098,102,1,0
35579,1098,139,1,5
35580,9166,141,1,5
35581,4268,81,1,25
35582,4268,10,1,10
35583,16583,93,4,30
35584,6975,53,1,10
35585,6975,81,1,5
35586,6975,117,1,20
35587,6975,17,1,20
35588,13197,117,1,0
35589,13197,142,2,0
35590,10643,49,1,10
35591,10643,98,2,15
35592,9341,140,1,5
35593,9341,63,1,10
35594,9341,54,1,0
35595,21247,66,2,20
35596,21247,150,2,0
35597,18175,93,1,0
35598,18175,60,2,0
35599,18923,124,1,5
35600,22164,28,3,10
35601,10155,138,1,20
35602,10155,51,1,0
35603,10155,88,1,10
35604,10155,90,1,20
35605,23510,62,1,25
35606,23510,91,1,20
35607,23510,54,2,15
35608,23255,46,1,15
35609,17916,6,1,25
35610,13891,52,1,30
35611,13891,84,1,5
35612,7779,105,2,30
35613,17208,69,1,15
35614,17208,118,3,0
35615,17208,8,3,10
35616,6252,69,1,0
35617,6252,126,2,5
35618,6252,65,3,10
35619,17015,91,1,5
35620,5954,55,2,20
35621,2560,125,1,0
35622,6484,104,3,0
35623,9490,114,1,10
35624,9490,88,1,10
35625,3823,140,1,20
35626,12188,9,2,0
35627,9755,70,1,25
35628,15700,129,1,15
35629,15700,141,2,10
35630,15700,105,1,0
35631,6935,52,1,15
35632,6935,78,1,0
35633,7821,82,4,15
35634,21952,136,1,0
35635,9900,66,2,15
35636,9900,98,1,0
35637,9900,94,1,5
35638,20115,14,1,25
35639,20115,16,1,20
35640,20115,55,1,10
35641,9173,111,1,20
35642,9173,125,3,15
35643,9173,67,1,0
35644,10240,55,1,15
35645,21542,6,1,5
35646,21542,36,3,0
35647,6349,17,2,15
35648,6349,42,1,25
35649,6349,142,1,10
35650,6349,26,1,10
35651,1790,143,1,10
35652,1790,12,1,20
35653,22268,90,1,10
35654,22268,98,1,5
35655,22268,67,4,10
35656,22268,139,2,15
35657,8539,104,2,10
35658,11601,90,4,30
35659,7711,40,1,0
35660,7711,85,1,10
35661,13819,14,2,0
35662,13819,42,1,15
35663,13819,121,1,0
35664,10914,149,1,10
35665,10914,54,1,5
35666,15823,47,2,30
35667,15823,148,2,10
35668,15823,128,1,10
35669,9082,17,1,25
35670,12634,71,1,15
35671,12634,104,2,5
35672,12634,46,1,25
35673,12634,126,1,15
35674,12791,132,2,5
35675,22435,72,1,5
35676,2581,115,2,10
35677,2581,84,1,10
35678,9592,107,1,5
35679,12037,19,2,25
35680,7058,32,2,10
35681,19202,93,1,0
35682,6193,124,3,15
35683,6193,145,3,10
35684,3570,141,1,25
35685,3570,47,1,10
35686,3570,133,2,5
35687,23403,138,2,15
35688,13838,65,1,0
35689,7803,117,1,30
35690,7803,21,2,0
35691,14386,73,1,0
35692,7017,146,1,0
35693,7017,73,1,10
35694,7017,72,1,10
35695,10569,96,4,10
35696,4753,62,3,10
35697,11963,96,1,25
35698,5553,73,3,10
35699,5553,61,1,30
35700,13974,14,1,0
35701,13974,53,2,10
35702,13974,56,2,5
35703,22409,105,2,0
35704,22409,117,3,10
35705,19272,66,1,20
35706,2316,54,1,20
35707,2316,64,2,10
35708,21217,150,1,15
35709,2719,69,1,5
35710,2719,35,1,0
35711,9794,90,1,15
35712,908,20,3,5
35713,908,7,3,20
35714,13839,141,1,15
35715,13839,139,1,20
35716,13839,68,2,15
35717,20997,59,1,30
35718,20997,71,1,15
35719,19044,25,3,25
35720,19044,28,1,5
35721,19044,128,1,10
35722,19379,144,1,5
35723,19379,133,1,5
35724,15210,141,1,0
35725,12649,71,3,20
35726,2338,88,1,0
35727,2338,95,1,20
35728,11617,62,2,10
35729,17735,95,1,5
35730,19318,60,2,25
35731,19318,81,3,0
35732,3034,90,1,10
35733,19317,20,2,5
35734,19317,86,1,25
35735,17637,78,1,10
35736,7296,76,3,10
35737,7296,67,1,20
35738,203,70,1,5
35739,3472,67,1,5
35740,3472,117,2,15
35741,3472,91,1,25
35742,3472,76,1,5
35743,5767,140,2,15
35744,21592,149,1,0
35745,18838,117,2,10
35746,4968,9,1,15
35747,7724,141,2,20
35748,492,110,2,0
35749,492,66,1,30
35750,492,76,2,25
35751,492,89,2,5
35752,6974,128,1,10
35753,3275,74,1,0
35754,95,78,2,25
35755,11189,23,1,25
35756,985,138,1,25
35757,985,2,1,20
35758,10523,93,1,5
35759,6428,42,4,10
35760,13916,104,2,0
35761,13916,22,3,5
35762,3005,147,1,5
35763,3005,28,1,10
35764,3976,51,3,15
35765,13021,104,2,25
35766,13979,32,1,15
35767,13979,2,1,0
35768,13979,117,1,15
35769,13979,74,4,20
35770,3106,19,1,25
35771,3106,3,3,20
35772,3106,33,1,20
35773,9001,85,1,15
35774,9001,73,1,0
35775,20815,97,2,15
35776,21848,6,1,5
35777,7970,143,2,25
35778,7970,96,1,5
35779,7970,74,1,0
35780,6500,142,1,10
35781,6500,133,1,15
35782,6500,136,2,20
35783,24497,17,1,5
35784,18625,141,1,15
35785,18625,94,2,5
35786,19635,76,2,10
35787,19635,143,1,15
35788,19635,2,1,0
35789,2539,143,1,15
35790,2539,128,3,10
35791,2539,1,1,20
35792,5078,68,2,10
35793,4641,93,2,5
35794,4641,4,1,10
35795,11706,12,1,10
35796,11706,85,3,20
35797,11706,137,1,15
35798,13241,19,2,0
35799,19861,141,1,5
35800,19861,143,2,0
35801,12819,70,1,20
35802,16850,131,1,15
35803,16850,134,1,25
35804,21864,69,1,0
35805,1698,14,2,10
35806,11342,63,1,5
35807,23350,80,1,0
35808,23237,59,1,10
35809,23237,146,1,30
35810,22734,2,2,0
35811,12715,117,1,5
35812,12715,142,1,15
35813,12715,16,1,15
35814,12459,98,1,10
35815,22764,60,4,0
35816,19973,123,1,25
35817,9795,104,1,5
35818,3749,136,1,15
35819,16778,115,1,10
35820,16778,124,1,20
35821,11529,141,2,0
35822,9479,139,1,0
35823,5436,52,1,10
35824,5436,96,2,15
35825,8997,129,1,15
35826,15195,28,1,0
35827,15195,88,2,25
35828,9950,71,1,10
35829,9950,145,1,10
35830,8939,143,3,5
35831,8939,128,1,0
35832,12272,42,2,10
35833,2416,139,1,15
35834,2416,47,1,25
35835,19141,117,1,20
35836,19141,84,1,10
35837,19141,102,1,20
35838,14718,68,2,5
35839,14371,48,2,0
35840,9397,17,1,5
35841,13352,78,1,15
35842,13352,36,1,0
35843,23439,139,1,20
35844,9394,46,1,10
35845,23525,141,1,15
35846,14434,68,1,0
35847,14434,54,1,10
35848,7227,107,1,10
35849,7227,28,1,25
35850,12079,90,1,0
35851,19392,88,1,0
35852,17102,149,1,15
35853,17102,124,1,10
35854,21742,28,1,5
35855,21742,37,1,5
35856,21742,91,1,10
35857,14679,105,1,15
35858,14679,104,1,0
35859,14679,142,1,0
35860,1764,91,1,10
35861,1764,56,1,20
35862,13579,124,2,25
35863,13579,24,2,30
35864,13579,91,1,25
35865,7425,63,3,5
35866,2317,70,2,0
35867,17651,63,2,20
35868,17651,90,1,10
35869,17651,93,1,10
35870,3604,85,1,30
35871,7825,21,1,5
35872,19129,52,1,5
35873,19129,122,4,30
35874,7621,21,2,10
35875,7621,28,2,20
35876,7621,68,1,15
35877,13136,149,1,0
35878,5490,35,1,15
35879,5490,28,1,10
35880,5490,59,1,25
35881,7601,121,2,5
35882,7601,85,1,10
35883,7601,42,1,5
35884,24565,115,1,25
35885,15715,90,1,5
35886,15715,42,1,10
35887,18195,124,1,10
35888,18195,117,2,20
35889,11390,88,1,5
35890,11390,8,2,20
35891,7713,100,1,0
35892,7713,115,1,10
35893,7713,90,1,0
35894,1711,137,2,0
35895,2975,93,1,20
35896,13348,87,1,10
35897,13348,91,1,20
35898,16037,33,1,0
35899,13253,117,1,20
35900,18261,117,1,0
35901,18261,80,1,15
35902,272,87,1,15
35903,21180,35,1,15
35904,2288,141,1,10
35905,21871,12,2,5
35906,21871,28,2,0
35907,21871,75,1,10
35908,7070,19,1,0
35909,4525,146,3,15
35910,9662,117,1,0
35911,9662,14,1,0
35912,19830,104,1,15
35913,8333,54,2,0
35914,16429,107,1,20
35915,16429,149,1,0
35916,16429,2,1,0
35917,6593,61,1,15
35918,6593,141,1,15
35919,6593,64,1,30
35920,8921,57,1,15
35921,2391,92,1,20
35922,2391,6,1,20
35923,631,128,2,10
35924,4457,50,1,0
35925,4457,107,1,10
35926,4457,121,1,15
35927,62,47,1,0
35928,18852,62,1,0
35929,11506,17,1,0
35930,21809,129,1,0
35931,21809,29,1,10
35932,6078,120,1,10
35933,6078,123,3,5
35934,18889,96,1,20
35935,6396,138,1,0
35936,9124,89,1,15
35937,9124,42,2,20
35938,9180,10,1,10
35939,20972,21,1,5
35940,20972,138,1,10
35941,18768,73,2,5
35942,17803,28,1,15
35943,19221,145,4,25
35944,19221,64,4,10
35945,19221,50,2,20
35946,19221,73,2,15
35947,7806,76,2,20
35948,7806,28,2,10
35949,1211,50,1,15
35950,6533,81,3,0
35951,6533,29,2,10
35952,9064,142,3,15
35953,14637,70,1,0
35954,18563,117,3,10
35955,10798,93,1,5
35956,10798,125,1,15
35957,10798,148,1,10
35958,10798,81,1,10
35959,6594,143,2,25
35960,6594,49,1,0
35961,14026,146,1,0
35962,12,50,3,25
35963,9223,71,1,15
35964,9223,37,1,10
35965,9223,45,1,5
35966,11455,141,1,15
35967,11455,117,2,15
35968,11455,56,1,15
35969,11455,94,1,20
35970,24987,141,2,10
35971,5519,33,2,0
35972,16495,95,1,15
35973,19007,147,2,0
35974,19007,145,2,15
35975,19007,97,1,0
35976,23538,42,1,10
35977,4611,68,1,15
35978,4611,93,1,25
35979,13033,71,1,25
35980,9330,95,3,25
35981,10680,129,1,20
35982,961,140,1,10
35983,9080,117,3,10
35984,24084,124,1,20
35985,2577,139,1,5
35986,6543,117,1,0
35987,9360,134,1,25
35988,8899,124,3,25
35989,3405,141,2,10
35990,17304,140,1,0
35991,6457,21,3,10
35992,6457,99,1,30
35993,2386,131,1,10
35994,8881,139,3,5
35995,8881,149,1,20
35996,8881,2,1,15
35997,8881,55,1,10
35998,8979,99,1,15
35999,8979,91,2,25
36000,8979,90,3,0
36001,2377,122,1,0
36002,2377,115,1,15
36003,4832,19,1,20
36004,9355,101,1,10
36005,9355,18,2,20
36006,11011,2,1,15
36007,11011,129,1,25
36008,7758,129,1,30
36009,1048,140,1,20
36010,20936,118,1,0
36011,20936,69,1,0
36012,14794,78,1,10
36013,11830,84,2,10
36014,11830,11,1,15
36015,4178,91,1,25
36016,7173,26,2,15
36017,24544,103,3,20
36018,24544,146,3,0
36019,24544,70,2,0
36020,14219,142,1,5
36021,14219,117,1,20
36022,16121,35,1,25
36023,2133,137,1,5
36024,21389,112,1,10
36025,19124,25,1,0
36026,17618,124,2,10
36027,15011,73,1,10
36028,15011,95,1,5
36029,15011,52,1,0
36030,20523,28,2,15
36031,20523,136,1,0
36032,9457,43,1,5
36033,16597,28,2,0
36034,16597,101,2,30
36035,1162,121,1,10
36036,5711,76,1,0
36037,4632,129,2,0
36038,3618,54,3,0
36039,16040,74,2,10
36040,14115,12,2,15
36041,21251,75,1,20
36042,23679,54,1,15
36043,23679,41,1,15
36044,23679,133,3,25
36045,19712,126,3,20
36046,19712,71,1,10
36047,19712,111,1,15
36048,21288,6,1,5
36049,21288,95,1,10
36050,5330,91,1,25
36051,10767,81,3,15
36052,13468,95,1,0
36053,21449,121,1,10
36054,21449,141,1,10
36055,13314,140,1,10
36056,13314,146,3,5
36057,6022,28,1,5
36058,10739,141,3,15
36059,20381,65,1,0
36060,20381,75,1,20
36061,8468,92,2,15
36062,8468,117,3,0
36063,16839,117,2,10
36064,14918,96,1,15
36065,20080,74,1,10
36066,20080,54,1,5
36067,2870,73,1,0
36068,2870,137,2,20
36069,12213,50,2,5
36070,12213,93,1,25
36071,79,104,1,25
36072,5491,28,1,10
36073,14522,76,2,10
36074,4032,3,1,0
36075,21540,29,2,0
36076,21540,142,2,10
36077,21540,2,1,0
36078,3473,126,1,20
36079,19309,70,1,20
36080,6370,85,1,10
36081,15366,75,1,15
36082,15327,78,3,25
36083,7916,93,2,10
36084,2411,52,1,5
36085,9715,34,1,10
36086,9715,44,1,10
36087,9715,133,1,0
36088,14871,63,1,25
36089,14871,121,2,0
36090,8634,70,1,5
36091,3401,20,1,0
36092,16080,134,1,5
36093,8181,117,1,20
36094,7080,70,1,5
36095,7080,69,1,5
36096,9058,57,2,10
36097,12652,14,1,10
36098,12652,4,2,0
36099,12652,37,2,20
36100,12652,117,2,15
36101,2292,96,2,20
36102,23275,147,1,25
36103,71,99,2,0
36104,71,112,3,0
36105,71,20,2,0
36106,10384,124,1,25
36107,6858,133,1,5
36108,6858,61,1,15
36109,11018,8,2,20
36110,11018,87,1,20
36111,1369,133,1,0
36112,16485,40,2,0
36113,11738,68,1,5
36114,16616,128,1,10
36115,16616,86,1,10
36116,16616,66,1,5
36117,16616,139,2,5
36118,9697,104,3,10
36119,9697,91,1,25
36120,9697,72,3,20
36121,12561,28,2,0
36122,16932,54,2,20
36123,16932,37,2,0
36124,14885,117,1,20
36125,14885,125,1,20
36126,22424,66,1,0
36127,4493,46,1,10
36128,4493,142,2,5
36129,5625,57,2,10
36130,9903,14,1,0
36131,15293,28,1,25
36132,2489,126,1,0
36133,22496,141,1,25
36134,17974,72,3,5
36135,14368,128,2,10
36136,6735,53,1,5
36137,13595,3,4,20
36138,13595,19,2,10
36139,13595,31,1,0
36140,13595,78,1,20
36141,19734,90,1,0
36142,11928,117,1,15
36143,14161,90,2,15
36144,14161,96,2,5
36145,22838,66,1,15
36146,3762,98,1,10
36147,21532,87,3,20
36148,1692,95,1,0
36149,9342,63,1,20
36150,9342,90,1,10
36151,11464,81,2,10
36152,11464,73,2,0
36153,11464,101,1,25
36154,19857,99,1,10
36155,620,84,1,30
36156,5037,50,1,10
36157,5037,116,2,5
36158,5037,78,2,0
36159,14600,121,1,5
36160,14116,103,1,10
36161,23863,73,1,15
36162,24615,146,1,15
36163,24615,25,1,20
36164,24178,70,1,15
36165,24178,88,1,0
36166,22913,3,3,0
36167,22913,66,1,15
36168,8591,143,1,15
36169,20800,93,1,0
36170,24077,88,1,0
36171,24077,51,1,20
36172,13299,134,2,5
36173,700,19,3,15
36174,15742,100,1,10
36175,15742,76,2,0
36176,15742,141,3,10
36177,7143,49,1,15
36178,7143,60,1,0
36179,13128,18,1,20
36180,13128,73,1,0
36181,5645,118,1,10
36182,3435,128,1,5
36183,24052,117,1,10
36184,23228,46,1,10
36185,24952,16,1,0
36186,23815,104,1,20
36187,6517,146,2,15
36188,15424,129,1,25
36189,14784,84,1,5
36190,9868,137,1,15
36191,6280,91,3,15
36192,6280,98,1,0
36193,6280,139,1,15
36194,2279,3,1,25
36195,20126,149,1,0
36196,10976,30,1,25
36197,10976,85,1,30
36198,6937,129,1,10
36199,6937,134,1,5
36200,12140,117,2,5
36201,12140,124,2,5
36202,12140,55,2,25
36203,12140,63,1,20
36204,467,28,1,10
36205,467,35,2,10
36206,467,20,1,20
36207,8611,73,1,5
36208,8611,95,1,20
36209,2486,42,1,0
36210,5187,53,1,5
36211,5187,73,1,15
36212,5283,87,2,25
36213,21395,10,1,15
36214,21395,55,2,15
36215,2782,50,1,5
36216,2782,27,3,20
36217,12099,2,2,10
36218,12099,136,3,20
36219,21726,6,1,10
36220,8910,28,1,0
36221,22604,67,1,20
36222,22604,122,2,0
36223,22604,71,2,10
36224,3935,122,1,25
36225,3935,76,2,30
36226,943,1,1,25
36227,943,73,1,10
36228,943,8,1,0
36229,943,43,1,20
36230,22061,46,1,20
36231,22061,1,1,5
36232,7670,141,1,0
36233,7670,53,3,0
36234,21980,111,2,10
36235,24821,82,2,0
36236,24821,141,1,0
36237,22478,141,1,15
36238,23980,19,1,15
36239,23980,29,1,10
36240,10532,142,1,20
36241,16739,137,1,10
36242,16739,138,3,20
36243,17866,68,1,25
36244,17866,143,1,10
36245,22203,61,1,20
36246,1224,90,3,20
36247,1224,4,2,15
36248,14036,72,1,0
36249,82,127,1,10
36250,22993,41,2,10
36251,8977,118,1,10
36252,22784,6,1,15
36253,22784,2,2,5
36254,20952,148,2,15
36255,20952,29,2,15
36256,21939,72,1,0
36257,21939,79,1,0
36258,18929,126,1,0
36259,3952,85,2,10
36260,3952,142,2,10
36261,22235,29,1,15
36262,22235,116,1,30
36263,6271,29,2,5
36264,14275,34,1,30
36265,4279,73,2,20
36266,10066,78,2,5
36267,10066,133,2,30
36268,5186,95,2,15
36269,5186,12,1,5
36270,1063,81,1,0
36271,4733,107,1,25
36272,11344,139,1,10
36273,11344,46,4,10
36274,23068,117,1,0
36275,16498,109,1,0
36276,22823,94,3,0
36277,14099,88,1,0
36278,14099,141,3,10
36279,14099,118,2,15
36280,7764,38,1,0
36281,15659,72,1,10
36282,13124,146,1,10
36283,13124,131,4,20
36284,10002,67,1,0
36285,9760,17,1,15
36286,9760,43,1,20
36287,9892,121,1,10
36288,9892,128,2,5
36289,9892,78,2,25
36290,22354,121,2,10
36291,17537,107,1,20
36292,4484,133,1,10
36293,18013,140,1,0
36294,18013,142,1,10
36295,18013,21,1,0
36296,18642,88,1,10
36297,7618,30,1,0
36298,7618,66,1,15
36299,23808,16,4,0
36300,23808,141,3,0
36301,364,37,1,0
36302,364,133,1,0
36303,5261,104,1,25
36304,8194,139,3,15
36305,751,72,1,5
36306,13701,63,4,30
36307,16308,64,1,0
36308,7,103,1,5
36309,7,23,1,20
36310,14747,90,1,5
36311,14747,141,1,5
36312,14747,20,1,0
36313,6322,81,2,15
36314,11976,137,1,25
36315,12871,46,1,0
36316,214,149,1,10
36317,214,71,2,0
36318,14547,140,1,20
36319,11356,126,2,15
36320,11356,64,1,0
36321,21323,125,1,15
36322,21323,79,1,20
36323,2298,101,1,0
36324,2298,113,2,10
36325,2298,141,1,0
36326,11119,50,2,10
36327,13980,144,3,5
36328,13980,32,3,5
36329,2302,140,1,10
36330,2302,70,1,0
36331,2302,1,1,0
36332,18653,136,1,10
36333,18653,96,1,30
36334,16875,68,1,10
36335,16875,133,2,0
36336,3470,74,1,15
36337,14732,117,3,15
36338,15978,73,2,25
36339,679,93,2,20
36340,23074,141,2,5
36341,23074,149,1,10
36342,20724,29,1,10
36343,1045,125,2,5
36344,18574,140,4,20
36345,4026,118,3,10
36346,4026,66,2,0
36347,19550,117,1,15
36348,19550,110,2,10
36349,4080,123,2,0
36350,13242,95,2,0
36351,13242,33,2,15
36352,19278,71,1,15
36353,24008,14,3,0
36354,863,131,2,15
36355,863,3,1,10
36356,20702,50,1,0
36357,20702,142,1,20
36358,372,29,1,10
36359,4491,115,1,15
36360,4491,81,2,10
36361,9909,90,1,15
36362,9909,16,2,5
36363,9909,63,1,15
36364,11101,102,3,10
36365,11101,65,1,0
36366,19552,90,1,5
36367,18178,96,1,15
36368,18178,124,2,0
36369,9431,128,3,15
36370,9431,122,1,5
36371,19270,142,2,10
36372,21561,117,1,20
36373,21561,93,2,10
36374,613,111,1,10
36375,9584,61,3,0
36376,9584,50,1,15
36377,9584,88,1,15
36378,5454,55,2,30
36379,5379,142,1,0
36380,3371,75,1,0
36381,10590,47,1,10
36382,8574,31,1,20
36383,13074,96,1,25
36384,2643,45,4,20
36385,2643,20,2,5
36386,2643,3,1,0
36387,652,122,1,0
36388,1956,104,2,5
36389,1956,40,1,0
36390,1956,143,1,0
36391,18420,70,1,15
36392,10147,76,2,25
36393,10147,139,1,25
36394,15386,107,2,0
36395,15386,137,2,5
36396,15386,91,2,0
36397,15386,46,1,0
36398,4158,128,1,0
36399,18267,55,3,0
36400,18267,95,1,25
36401,15840,61,1,5
36402,14127,71,3,0
36403,14127,95,3,5
36404,14127,67,1,10
36405,713,139,1,0
36406,10106,23,1,10
36407,7681,104,1,10
36408,16941,143,1,5
36409,16941,117,3,15
36410,790,93,1,0
36411,790,43,3,10
36412,790,21,1,25
36413,790,35,1,5
36414,4921,47,4,15
36415,14648,115,1,20
36416,2239,31,1,15
36417,6695,52,1,5
36418,6695,78,1,5
36419,19997,62,3,15
36420,14759,75,4,0
36421,816,104,1,25
36422,816,140,1,25
36423,4433,107,1,5
36424,4433,27,4,20
36425,6840,6,1,10
36426,15896,104,3,10
36427,15896,139,1,0
36428,15483,136,2,20
36429,15483,28,1,0
36430,15483,54,1,0
36431,15483,118,1,0
36432,18328,78,1,15
36433,19777,40,1,5
36434,14705,95,2,0
36435,14705,125,3,0
36436,10934,63,1,15
36437,3454,68,1,10
36438,3454,42,2,10
36439,1437,46,4,5
36440,284,143,1,5
36441,22592,141,1,10
36442,4735,43,2,10
36443,40,80,1,5
36444,17610,15,1,10
36445,17610,3,2,5
36446,17610,99,2,10
36447,13165,56,2,15
36448,1431,75,1,20
36449,19528,3,2,5
36450,19528,64,1,10
36451,19528,133,2,15
36452,18579,42,2,30
36453,15708,141,1,20
36454,15708,24,1,5
36455,17526,89,2,25
36456,3629,42,3,10
36457,2666,128,1,10
36458,2666,117,1,0
36459,8022,141,3,0
36460,8022,142,1,5
36461,8022,14,1,20
36462,1079,124,3,25
36463,1079,64,1,5
36464,21318,86,1,15
36465,21318,141,2,5
36466,21318,143,2,10
36467,1166,143,1,30
36468,20368,31,3,15
36469,20368,34,2,10
36470,1182,88,1,10
36471,1182,128,3,10
36472,16123,85,1,0
36473,18813,72,3,15
36474,18813,1,1,0
36475,18813,90,1,25
36476,18813,70,3,0
36477,12733,136,1,15
36478,1252,94,1,25
36479,1252,90,1,5
36480,1252,3,1,10
36481,11548,52,1,5
36482,11548,65,1,0
36483,6054,141,3,10
36484,20063,76,1,15
36485,18513,37,1,10
36486,18513,142,1,20
36487,18513,20,2,0
36488,13162,118,1,5
36489,13162,4,1,25
36490,24936,87,1,20
36491,18603,88,1,0
36492,10732,102,1,20
36493,10732,132,2,25
36494,10732,125,1,20
36495,9650,91,2,0
36496,9650,28,3,10
36497,11768,146,1,10
36498,11768,60,1,15
36499,24031,54,1,5
36500,24031,128,1,10
36501,6680,124,4,0
36502,18598,112,1,15
36503,24223,138,1,0
36504,24223,126,1,30
36505,5118,90,1,10
36506,5118,63,2,20
36507,22557,28,1,20
36508,22557,128,1,10
36509,7344,75,2,5
36510,7344,1,1,10
36511,7344,141,1,10
36512,14680,142,3,0
36513,12292,71,1,5
36514,1050,89,3,0
36515,23872,95,1,15
36516,10971,28,1,15
36517,17598,146,1,25
36518,17598,150,1,0
36519,17598,94,1,15
36520,820,94,3,15
36521,17216,6,2,0
36522,17216,149,1,5
36523,17216,66,1,30
36524,10953,73,1,15
36525,23968,11,1,10
36526,23968,115,1,15
36527,16511,43,1,25
36528,16511,87,2,0
36529,5488,75,1,0
36530,5488,140,2,0
36531,11166,43,2,20
36532,21711,3,1,30
36533,424,46,2,0
36534,21538,42,2,10
36535,21538,141,1,0
36536,21538,101,1,30
36537,21538,52,1,5
36538,8307,71,1,20
36539,1268,17,1,5
36540,1400,86,2,15
36541,1400,127,1,0
36542,10101,87,2,30
36543,24662,3,2,15
36544,19096,29,2,5
36545,19096,43,1,25
36546,19096,71,3,5
36547,19096,118,2,5
36548,10464,124,3,10
36549,18880,28,1,20
36550,11154,124,1,5
36551,11154,16,1,10
36552,20942,84,1,15
36553,20942,88,1,20
36554,725,46,2,15
36555,725,142,1,25
36556,8034,74,1,20
36557,8034,146,1,15
36558,8604,149,1,20
36559,8604,93,1,20
36560,8604,124,2,0
36561,8604,35,2,25
36562,19597,131,1,10
36563,19597,28,1,0
36564,19597,70,1,25
36565,20685,70,1,20
36566,20685,20,1,0
36567,20685,60,1,0
36568,20685,95,2,15
36569,19146,98,1,15
36570,19146,53,1,15
36571,3072,24,2,5
36572,18724,128,1,0
36573,1197,139,4,0
36574,10982,67,1,5
36575,10982,42,2,25
36576,10982,4,1,10
36577,15092,95,1,20
36578,5456,94,1,0
36579,5456,128,2,10
36580,11458,128,1,10
36581,11458,91,1,0
36582,8445,128,2,10
36583,8445,69,3,30
36584,9896,71,3,5
36585,9896,133,2,20
36586,19034,91,2,0
36587,19034,87,1,15
36588,15197,88,2,15
36589,15197,66,1,10
36590,15197,76,1,10
36591,24882,149,1,0
36592,24882,84,3,25
36593,841,37,1,15
36594,23677,70,1,15
36595,23043,128,1,25
36596,23043,104,1,0
36597,5392,142,2,5
36598,5392,145,3,25
36599,5334,17,1,0
36600,19069,53,3,15
36601,19069,36,1,20
36602,19069,129,2,5
36603,24061,90,1,25
36604,24061,142,2,10
36605,12512,91,1,0
36606,12512,69,1,20
36607,17385,129,1,15
36608,8672,147,2,5
36609,8672,28,1,0
36610,4066,29,1,10
36611,4066,141,1,25
36612,5653,3,1,0
36613,5653,47,1,30
36614,846,133,1,25
36615,846,141,1,0
36616,846,106,1,0
36617,846,104,2,0
36618,3061,38,1,10
36619,3061,140,1,15
36620,3061,70,1,0
36621,3061,14,3,20
36622,16134,142,3,0
36623,16134,69,4,0
36624,24007,71,1,15
36625,24007,139,3,0
36626,16563,3,4,30
36627,15063,136,1,20
36628,6617,149,1,30
36629,10029,141,3,5
36630,21329,81,3,0
36631,15393,66,2,10
36632,21013,60,1,20
36633,21013,100,1,15
36634,21013,63,1,5
36635,16896,28,1,0
36636,16896,21,2,10
36637,16896,105,1,15
36638,9576,91,2,0
36639,3621,141,1,0
36640,3621,90,2,5
36641,3621,128,1,25
36642,18079,85,1,15
36643,4926,76,1,5
36644,23300,120,1,5
36645,11274,112,1,25
36646,22432,104,2,15
36647,22432,68,1,20
36648,22432,2,1,5
36649,22432,52,1,20
36650,9649,126,2,0
36651,10742,139,2,15
36652,10742,24,2,20
36653,11007,124,2,10
36654,15042,53,1,5
36655,8747,142,1,5
36656,8747,89,1,0
36657,4864,102,2,10
36658,7780,63,1,25
36659,7780,68,1,0
36660,7780,133,2,20
36661,6790,70,1,0
36662,14909,75,1,10
36663,14909,91,2,5
36664,14909,55,3,10
36665,11612,126,1,15
36666,22818,54,1,15
36667,15099,118,1,5
36668,13688,105,1,15
36669,13688,126,1,10
36670,13688,84,2,30
36671,13688,71,3,5
36672,1980,52,1,0
36673,1980,107,2,5
36674,1980,95,1,10
36675,1980,19,1,25
36676,24764,90,3,20
36677,4569,149,2,5
36678,9967,126,1,30
36679,5801,29,3,5
36680,19017,118,1,0
36681,19017,6,1,0
36682,22271,20,2,0
36683,2096,120,1,0
36684,18532,53,1,15
36685,17903,128,2,5
36686,17945,146,1,0
36687,17945,42,2,15
36688,8771,124,2,0
36689,4312,141,2,5
36690,4312,66,1,20
36691,20611,2,1,20
36692,16526,91,1,0
36693,11260,52,3,5
36694,11260,21,1,10
36695,23040,149,1,20
36696,11327,71,3,0
36697,14591,76,1,20
36698,14591,128,1,10
36699,991,127,1,0
36700,20684,81,2,15
36701,76,30,3,0
36702,76,69,1,30
36703,24361,139,1,25
36704,24361,15,1,20
36705,15775,43,1,5
36706,6233,90,3,25
36707,18868,146,1,5
36708,6989,36,2,0
36709,6989,47,1,15
36710,6989,84,1,10
36711,8397,98,1,5
36712,8397,121,1,5
36713,1851,71,2,0
36714,13394,134,3,0
36715,13394,93,2,0
36716,4577,146,3,0
36717,1429,78,2,5
36718,5478,91,4,0
36719,477,36,2,0
36720,9430,61,1,30
36721,9430,78,1,0
36722,9430,47,2,0
36723,20406,148,2,0
36724,20406,130,1,0
36725,18845,15,3,10
36726,549,121,1,10
36727,549,77,1,0
36728,124,140,1,10
36729,124,28,1,5
36730,20213,69,1,20
36731,20213,118,1,5
36732,20213,50,1,5
36733,15101,78,1,10
36734,675,69,1,15
36735,11517,15,1,30
36736,11517,75,1,5
36737,11517,19,1,25
36738,4077,150,1,15
36739,18494,124,1,5
36740,18494,146,1,10
36741,18494,101,1,20
36742,18494,72,1,25
36743,19489,141,2,5
36744,19489,107,1,5
36745,24975,50,1,15
36746,24975,133,1,0
36747,2401,146,1,25
36748,2401,149,1,5
36749,2401,58,1,0
36750,11853,114,1,20
36751,4916,50,1,15
36752,21652,54,1,0
36753,22439,50,2,5
36754,4276,71,1,15
36755,4276,91,1,10
36756,4276,117,1,20
36757,10073,124,1,10
36758,19964,20,2,25
36759,9249,42,1,0
36760,9249,138,1,0
36761,23051,110,1,10
36762,17489,133,1,5
36763,12662,91,1,15
36764,12662,117,4,25
36765,12662,40,1,15
36766,4193,90,1,10
36767,20069,50,1,5
36768,19673,143,2,10
36769,205,73,2,15
36770,5810,41,1,10
36771,5810,11,1,10
36772,14914,81,1,5
36773,16274,145,1,5
36774,16274,124,1,25
36775,7252,141,1,15
36776,13057,81,2,25
36777,4787,122,1,10
36778,9325,134,1,5
36779,9325,6,1,20
36780,24168,47,1,10
36781,13388,75,1,20
36782,13388,145,1,0
36783,18611,69,1,30
36784,18611,128,2,10
36785,13503,24,1,15
36786,2149,34,1,0
36787,13760,96,1,5
36788,24937,114,1,0
36789,19941,124,1,20
36790,19941,73,2,5
36791,19941,21,1,10
36792,2097,128,3,15
36793,13017,141,2,25
36794,13017,12,1,0
36795,13017,48,2,20
36796,2265,12,1,10
36797,2265,76,1,15
36798,6065,90,1,30
36799,6065,139,1,0
36800,6065,71,1,20
36801,9185,42,2,20
36802,9185,50,2,5
36803,11771,84,3,10
36804,9519,33,1,0
36805,24205,55,1,10
36806,14222,32,1,20
36807,14222,64,1,20
36808,14222,81,4,0
36809,14222,70,1,5
36810,15308,73,2,10
36811,15308,64,1,10
36812,15308,124,1,0
36813,7315,114,1,5
36814,5588,66,1,0
36815,1287,91,1,25
36816,18047,48,1,25
36817,5214,141,2,0
36818,22126,117,1,10
36819,12679,95,3,15
36820,11534,87,1,20
36821,11534,42,2,0
36822,4439,29,1,0
36823,4439,33,2,20
36824,4439,46,1,5
36825,14855,144,1,25
36826,19083,98,1,15
36827,19083,115,2,30
36828,1101,139,1,15
36829,6535,139,2,0
36830,3945,53,2,5
36831,6224,116,1,25
36832,6224,17,1,0
36833,8126,94,1,15
36834,8126,72,2,10
36835,17329,124,4,10
36836,17329,107,3,10
36837,9129,3,1,10
36838,9129,81,1,20
36839,9129,90,1,5
36840,9129,121,1,0
36841,5521,124,1,0
36842,5521,133,1,10
36843,11514,50,1,5
36844,12435,47,2,15
36845,12435,73,3,15
36846,15253,40,1,25
36847,10326,56,1,25
36848,10326,73,1,0
36849,10326,67,2,0
36850,10326,93,1,5
36851,8563,124,1,15
36852,18293,45,1,5
36853,7478,133,1,15
36854,7478,66,1,5
36855,7478,117,1,0
36856,15924,53,1,0
36857,15924,87,3,15
36858,15924,102,3,0
36859,15924,72,1,25
36860,23757,124,2,15
36861,16755,42,2,0
36862,16755,70,1,15
36863,16755,124,1,15
36864,16755,75,2,15
36865,6364,75,1,5
36866,13912,42,1,10
36867,5691,124,1,20
36868,2800,121,1,25
36869,2800,146,1,10
36870,4070,115,1,5
36871,4070,93,2,20
36872,1412,126,4,10
36873,1412,41,3,15
36874,22570,74,1,5
36875,15440,66,1,15
36876,6023,84,1,25
36877,6023,141,1,15
36878,6023,51,2,20
36879,6023,61,1,5
36880,12468,95,1,15
36881,22719,42,1,10
36882,24981,129,1,10
36883,10973,72,1,5
36884,2398,67,1,5
36885,2398,70,1,15
36886,2398,69,2,10
36887,22385,125,1,20
36888,22385,78,1,10
36889,18245,58,1,5
36890,13649,127,1,0
36891,552,104,1,25
36892,552,107,1,10
36893,4376,60,2,0
36894,6770,132,1,20
36895,6770,92,2,25
36896,6770,100,3,0
36897,1723,145,2,0
36898,1723,19,2,5
36899,5621,37,4,0
36900,9739,111,1,5
36901,6721,72,1,15
36902,6721,45,1,5
36903,6721,69,1,15
36904,17669,64,1,15
36905,13504,51,1,5
36906,6850,143,2,10
36907,6850,117,2,25
36908,16925,50,1,10
36909,2830,141,1,10
36910,14676,139,2,10
36911,21291,47,2,0
36912,21291,29,1,0
36913,21291,141,2,10
36914,563,88,2,10
36915,563,91,2,0
36916,18866,81,3,0
36917,18866,60,2,0
36918,19624,74,2,20
36919,4859,131,1,20
36920,5791,90,2,15
36921,5791,138,1,20
36922,5791,99,3,15
36923,19460,96,1,20
36924,9035,69,1,0
36925,9035,123,1,15
36926,13694,73,1,5
36927,13694,25,2,20
36928,13694,16,1,20
36929,17697,102,2,15
36930,5523,2,2,5
36931,18364,107,1,10
36932,19024,14,1,5
36933,19024,141,2,0
36934,19024,126,2,30
36935,9359,117,2,15
36936,9359,4,2,25
36937,223,102,1,10
36938,15569,28,2,15
36939,15569,52,3,10
36940,15569,133,1,15
36941,6477,28,2,25
36942,6477,141,2,0
36943,6477,73,1,15
36944,15651,66,2,0
36945,15681,129,1,10
36946,15681,100,1,15
36947,15681,124,3,20
36948,2028,78,1,0
36949,2179,118,1,15
36950,1776,124,1,10
36951,1776,90,1,10
36952,14307,54,1,10
36953,16719,2,1,5
36954,3396,76,1,25
36955,24074,66,3,15
36956,1712,149,4,0
36957,20803,76,2,25
36958,2584,124,1,15
36959,7054,117,1,15
36960,7054,63,3,0
36961,7054,146,2,5
36962,16182,67,2,0
36963,16182,76,1,0
36964,7800,71,1,10
36965,23989,133,1,0
36966,23989,2,1,5
36967,19762,145,1,0
36968,21211,22,1,0
36969,21211,89,1,0
36970,20308,141,1,15
36971,10013,39,2,20
36972,10013,63,2,0
36973,10013,33,1,20
36974,11918,127,1,15
36975,15744,93,1,10
36976,20889,110,1,10
36977,7341,34,3,5
36978,7341,115,1,5
36979,13782,111,3,5
36980,13782,72,1,5
36981,13782,83,1,10
36982,15465,121,1,15
36983,16618,95,1,10
36984,2670,90,2,5
36985,2670,97,1,5
36986,6580,142,1,15
36987,6580,96,1,10
36988,6580,128,1,0
36989,6580,121,1,0
36990,20025,67,2,15
36991,8312,55,2,20
36992,8312,70,1,15
36993,8312,63,1,20
36994,8312,75,3,5
36995,19891,42,1,0
36996,19891,61,1,10
36997,4978,29,2,15
36998,19845,54,2,15
36999,19845,73,1,25
37000,3,93,2,25
37001,3,89,1,20
37002,9860,137,1,5
37003,7284,63,2,5
37004,20247,74,1,5
37005,20247,94,1,5
37006,10086,89,2,20
37007,24164,118,2,0
37008,24164,61,1,0
37009,19995,121,2,0
37010,19995,132,1,5
37011,1834,111,2,0
37012,1834,117,1,5
37013,24067,50,1,5
37014,18924,139,1,10
37015,18924,71,2,15
37016,18924,104,1,10
37017,783,117,1,10
37018,783,71,1,10
37019,12909,75,1,10
37020,61,27,2,15
37021,61,140,1,0
37022,4875,20,1,5
37023,24115,63,1,5
37024,20760,63,1,10
37025,86,6,1,0
37026,86,52,1,15
37027,22281,112,1,20
37028,22281,16,1,0
37029,11195,90,1,0
37030,13354,146,1,5
37031,21937,42,1,0
37032,21937,66,1,10
37033,15402,107,1,20
37034,15402,76,2,15
37035,15402,150,3,25
37036,23347,90,2,0
37037,16194,124,1,15
37038,3257,136,1,15
37039,3257,143,4,15
37040,499,42,1,10
37041,499,118,2,0
37042,3216,101,3,25
37043,12504,56,1,15
37044,12504,149,2,30
37045,12504,105,1,5
37046,12504,117,1,10
37047,12745,54,2,5
37048,7840,141,1,10
37049,15565,6,2,20
37050,21387,50,1,15
37051,21387,90,1,10
37052,5739,124,3,5
37053,5739,141,4,10
37054,13594,19,1,15
37055,13594,34,1,30
37056,15315,57,3,0
37057,15315,104,2,0
37058,2756,48,1,5
37059,2756,124,3,25
37060,12952,124,2,20
37061,12952,89,1,10
37062,15276,131,1,0
37063,15276,141,1,0
37064,23143,91,1,0
37065,2124,14,2,0
37066,2124,70,2,0
37067,1499,29,2,10
37068,13522,81,1,30
37069,13522,71,2,0
37070,447,88,2,20
37071,447,126,1,5
37072,21339,7,1,15
37073,21339,76,2,15
37074,1925,16,1,30
37075,21005,141,1,25
37076,18592,95,1,10
37077,18911,14,2,15
37078,18911,141,1,5
37079,4109,47,1,15
37080,4109,123,4,20
37081,17301,28,2,15
37082,826,71,1,5
37083,826,68,1,15
37084,826,117,3,30
37085,12581,72,1,0
37086,17281,75,2,5
37087,17281,90,1,20
37088,17281,63,2,0
37089,17281,11,1,0
37090,17123,30,1,20
37091,17123,19,3,0
37092,12265,90,3,5
37093,12265,100,1,10
37094,16854,70,1,15
37095,23097,127,1,10
37096,23097,73,1,0
37097,23097,67,1,0
37098,23705,101,1,10
37099,23903,143,1,25
37100,23903,42,2,25
37101,23903,28,2,15
37102,23903,91,2,10
37103,19086,47,3,25
37104,22833,107,4,0
37105,13205,66,1,10
37106,22853,95,3,5
37107,22853,117,1,15
37108,22853,140,4,0
37109,19402,28,1,5
37110,12086,28,1,10
37111,22057,139,1,0
37112,20382,93,1,10
37113,20382,133,1,20
37114,5002,46,1,15
37115,5002,70,3,0
37116,5002,68,1,10
37117,24711,21,2,15
37118,15902,150,1,0
37119,16644,17,1,15
37120,16644,115,1,0
37121,5805,8,1,25
37122,3672,67,2,20
37123,3672,141,1,10
37124,3672,139,1,10
37125,3672,63,3,15
37126,10954,141,1,5
37127,15960,45,1,10
37128,3860,143,2,25
37129,24482,102,1,5
37130,24482,55,1,15
37131,24482,75,1,5
37132,7136,72,1,5
37133,7136,50,1,30
37134,7136,107,1,5
37135,23799,94,1,15
37136,11871,24,2,5
37137,15292,137,3,0
37138,15534,110,1,5
37139,15534,59,2,0
37140,15534,55,2,0
37141,15534,93,1,5
37142,3298,33,2,0
37143,3298,56,2,20
37144,3298,121,1,25
37145,16788,67,1,5
37146,5103,121,1,5
37147,13518,122,1,5
37148,13518,117,1,0
37149,17859,134,1,10
37150,17859,71,1,5
37151,15174,141,1,15
37152,15174,71,4,25
37153,19162,117,1,25
37154,19162,53,1,10
37155,7516,76,1,25
37156,21378,141,1,0
37157,11102,103,1,15
37158,12313,67,1,0
37159,11673,141,1,10
37160,18899,96,1,0
37161,6048,28,2,15
37162,7829,15,1,0
37163,11417,3,1,5
37164,14140,90,1,10
37165,7111,98,2,10
37166,7111,6,1,0
37167,12941,146,1,10
37168,12941,21,2,0
37169,12941,3,2,0
37170,13134,16,2,10
37171,21226,3,1,10
37172,21226,117,1,15
37173,20255,27,2,5
37174,9220,117,2,10
37175,21934,139,1,15
37176,21934,46,1,5
37177,6684,122,2,15
37178,22426,75,2,25
37179,22426,90,1,15
37180,6661,56,4,10
37181,23045,37,1,0
37182,21587,29,1,10
37183,11857,117,1,20
37184,11857,12,2,0
37185,11857,131,1,10
37186,11857,21,1,20
37187,19472,28,1,10
37188,19472,72,1,0
37189,19912,128,1,5
37190,19912,43,2,15
37191,16051,102,2,5
37192,10174,104,1,20
37193,10174,42,2,0
37194,21979,71,1,0
37195,21979,103,1,5
37196,20940,117,1,30
37197,20940,96,2,10
37198,1220,68,1,5
37199,482,19,1,5
37200,3753,143,1,25
37201,3753,8,2,0
37202,23766,105,1,20
37203,23766,140,1,0
37204,22337,138,1,0
37205,22337,144,1,25
37206,22337,55,3,5
37207,23038,9,2,0
37208,9140,70,4,10
37209,9140,115,1,10
37210,17688,88,3,5
37211,17688,93,4,10
37212,13167,146,1,15
37213,13167,36,2,15
37214,6551,61,1,10
37215,6551,35,2,15
37216,6551,91,2,10
37217,1413,141,2,10
37218,1413,59,3,15
37219,13997,128,2,10
37220,13997,90,1,25
37221,7451,6,2,5
37222,7451,111,2,0
37223,7451,1,1,25
37224,7451,133,1,15
37225,20879,129,1,0
37226,23643,46,1,10
37227,5381,104,3,5
37228,13815,29,1,15
37229,13815,33,1,25
37230,7562,117,3,0
37231,1223,42,1,15
37232,7728,53,1,15
37233,7728,116,3,30
37234,7728,55,1,10
37235,7605,89,3,20
37236,7605,78,2,0
37237,7605,93,2,0
37238,4464,40,1,15
37239,4464,96,1,10
37240,4464,148,1,15
37241,12536,132,2,5
37242,4056,60,1,30
37243,15104,90,3,25
37244,9563,73,1,15
37245,9563,54,3,10
37246,21296,11,1,0
37247,21296,28,2,5
37248,21296,43,1,0
37249,19956,148,2,0
37250,19956,53,2,0
37251,6320,91,2,5
37252,14921,72,2,15
37253,14921,46,1,20
37254,1152,24,1,15
37255,11645,101,2,20
37256,3099,96,2,5
37257,16196,42,2,20
37258,16196,124,1,10
37259,16196,19,1,0
37260,16196,145,1,20
37261,1974,47,1,20
37262,14171,64,3,15
37263,14171,63,1,15
37264,14171,141,1,25
37265,3632,55,1,5
37266,11008,6,1,0
37267,11008,78,1,15
37268,11008,4,2,15
37269,11008,146,1,15
37270,3920,90,1,0
37271,3920,132,3,0
37272,10871,63,1,0
37273,10871,139,1,15
37274,10871,69,1,10
37275,10166,122,2,10
37276,4168,63,3,10
37277,4168,70,3,0
37278,4168,139,1,0
37279,630,141,1,0
37280,16387,137,1,25
37281,7159,115,3,0
37282,11484,88,1,10
37283,11838,124,1,5
37284,11838,141,1,0
37285,11838,83,1,10
37286,23780,14,1,10
37287,9237,132,1,0
37288,9378,149,1,5
37289,2163,124,1,0
37290,2163,43,2,15
37291,2163,3,1,0
37292,2339,124,1,0
37293,2339,143,1,15
37294,2339,19,2,10
37295,16814,139,2,30
37296,16814,83,1,0
37297,22159,76,2,25
37298,24414,28,3,25
37299,21234,142,2,10
37300,10413,59,1,5
37301,10413,107,1,20
37302,10413,12,3,0
37303,10413,41,1,5
37304,176,49,1,15
37305,2688,148,1,15
37306,17014,128,3,0
37307,17014,64,1,10
37308,17014,117,1,15
37309,23179,46,4,0
37310,11032,37,1,0
37311,11032,89,3,10
37312,11032,95,1,10
37313,11032,49,3,10
37314,23503,93,1,5
37315,11605,91,1,15
37316,11663,27,3,10
37317,10701,84,2,5
37318,23106,6,1,10
37319,23212,133,1,0
37320,22443,42,1,0
37321,23986,93,1,15
37322,23986,122,1,15
37323,23986,90,2,15
37324,23986,55,1,10
37325,10846,130,1,20
37326,10846,90,1,0
37327,10846,72,2,0
37328,642,75,1,0
37329,642,47,1,5
37330,308,81,2,5
37331,23278,104,2,5
37332,23278,3,1,20
37333,23278,135,1,25
37334,23278,140,1,5
37335,4678,121,1,5
37336,4678,104,3,15
37337,4678,125,2,0
37338,10152,73,1,10
37339,10152,123,1,5
37340,9390,1,2,0
37341,9390,54,1,20
37342,9390,104,2,15
37343,14684,54,1,10
37344,14684,73,2,30
37345,14684,12,1,10
37346,14684,117,4,15
37347,13906,145,1,10
37348,13906,86,1,15
37349,13906,100,3,10
37350,13906,49,2,15
37351,12925,124,2,5
37352,17528,62,2,0
37353,17528,90,1,15
37354,3379,139,1,0
37355,3379,102,1,5
37356,3379,64,1,5
37357,19839,136,1,10
37358,19839,36,1,10
37359,19839,19,2,25
37360,18180,33,2,5
37361,20517,125,2,25
37362,20517,85,3,0
37363,9154,14,1,20
37364,18376,96,3,10
37365,21602,42,2,5
37366,3975,59,1,25
37367,3975,8,2,10
37368,3770,120,1,20
37369,6063,78,2,5
37370,6013,102,2,10
37371,12267,68,1,25
37372,2372,149,1,5
37373,2372,17,2,15
37374,2372,105,1,10
37375,2372,66,2,10
37376,8074,122,1,25
37377,16627,118,1,5
37378,16627,124,1,15
37379,16627,134,3,15
37380,3708,141,1,10
37381,2420,52,1,5
37382,16894,19,2,0
37383,16894,142,1,25
37384,16894,143,1,10
37385,19286,37,1,0
37386,10453,6,1,0
37387,10453,71,3,15
37388,16565,141,1,30
37389,16565,84,1,20
37390,16565,104,2,20
37391,16732,32,4,15
37392,16732,68,1,0
37393,16732,3,1,0
37394,16512,3,1,0
37395,16512,145,1,20
37396,13070,90,1,20
37397,9568,124,2,20
37398,8479,14,2,25
37399,8479,143,1,25
37400,8479,117,1,0
37401,8479,43,2,0
37402,21625,134,2,5
37403,21625,96,1,5
37404,24697,71,3,5
37405,5512,51,3,0
37406,5512,77,1,20
37407,18177,42,3,5
37408,18177,12,1,25
37409,1621,63,1,10
37410,1621,123,2,20
37411,11384,77,3,10
37412,5717,90,2,0
37413,21294,56,1,0
37414,21294,50,1,0
37415,15149,6,1,15
37416,15149,93,3,5
37417,3634,54,1,25
37418,3634,128,1,5
37419,10423,100,1,10
37420,10423,74,1,0
37421,21946,143,2,0
37422,21946,95,4,25
37423,21946,54,2,20
37424,2507,75,3,5
37425,2507,91,1,0
37426,13377,132,2,10
37427,19059,140,4,5
37428,18088,24,1,30
37429,21927,45,4,5
37430,21927,20,1,5
37431,6716,42,3,30
37432,20703,43,1,5
37433,7776,132,1,25
37434,15147,62,2,5
37435,15147,42,1,10
37436,15147,90,4,10
37437,8989,96,1,15
37438,24036,128,3,10
37439,24036,140,1,10
37440,24036,149,1,15
37441,15076,138,1,25
37442,15076,66,1,30
37443,24023,105,2,15
37444,24023,122,1,25
37445,10220,63,1,0
37446,10220,53,1,0
37447,7280,21,1,0
37448,7280,128,4,10
37449,7280,140,1,5
37450,7280,28,1,15
37451,5371,14,1,5
37452,5371,29,1,25
37453,2792,54,1,0
37454,2792,141,2,0
37455,2792,50,1,30
37456,14839,111,2,25
37457,9651,117,1,10
37458,9651,141,1,10
37459,9651,107,1,25
37460,9651,125,2,15
37461,5641,140,1,5
37462,5641,70,1,0
37463,7265,148,2,25
37464,7265,2,2,20
37465,16087,30,2,0
37466,7170,19,3,5
37467,11665,6,1,10
37468,21054,95,1,20
37469,21054,116,1,0
37470,21054,75,2,15
37471,17876,53,1,20
37472,17876,46,2,10
37473,6950,104,2,0
37474,6137,59,1,10
37475,12863,3,2,20
37476,6772,93,4,0
37477,15031,140,3,0
37478,22382,43,1,25
37479,22382,8,1,5
37480,6310,6,4,5
37481,9488,53,1,10
37482,16455,33,1,15
37483,16455,55,2,0
37484,16455,118,1,5
37485,15557,143,3,15
37486,22893,121,1,15
37487,22893,132,1,15
37488,22893,90,2,5
37489,4068,52,1,20
37490,23458,91,1,15
37491,14059,55,1,0
37492,14059,136,2,20
37493,14059,102,2,10
37494,14059,70,1,5
37495,4133,117,2,0
37496,4133,118,1,20
37497,4133,124,1,10
37498,5182,128,1,5
37499,5182,137,2,5
37500,14055,111,1,15
37501,14055,100,1,20
37502,13326,86,1,25
37503,16692,131,1,20
37504,19422,46,1,15
37505,19422,23,1,0
37506,2180,139,1,20
37507,18816,105,1,10
37508,18816,54,1,5
37509,18816,137,3,0
37510,18816,43,1,15
37511,13517,76,2,25
37512,13517,54,1,15
37513,13517,12,1,10
37514,13517,133,1,0
37515,7667,28,1,0
37516,7667,98,2,20
37517,7667,143,2,15
37518,7667,29,1,0
37519,20953,140,1,15
37520,7242,117,1,5
37521,15998,6,2,5
37522,369,121,1,20
37523,1354,95,1,5
37524,15712,55,4,10
37525,596,46,1,5
37526,1873,52,1,10
37527,1873,90,1,20
37528,1873,64,1,5
37529,16147,36,4,20
37530,14523,28,1,15
37531,24382,71,1,15
37532,24699,84,2,0
37533,20084,149,1,20
37534,20084,96,2,25
37535,20084,104,1,10
37536,9178,33,2,5
37537,18668,46,1,20
37538,18668,125,1,5
37539,18668,96,2,20
37540,14176,131,1,15
37541,687,139,1,0
37542,687,104,1,10
37543,687,73,1,15
37544,687,95,1,15
37545,13865,70,1,15
37546,13865,73,1,10
37547,13865,149,1,10
37548,18721,124,2,20
37549,18721,60,3,15
37550,19329,88,1,0
37551,19329,75,3,0
37552,6702,3,1,0
37553,23076,99,2,0
37554,2356,71,1,10
37555,2356,67,1,15
37556,2356,79,1,5
37557,24147,83,1,0
37558,24161,66,1,15
37559,2569,55,1,5
37560,7796,34,3,5
37561,23851,126,2,10
37562,6253,101,4,30
37563,3590,66,1,15
37564,3590,28,2,0
37565,7237,138,2,5
37566,7237,15,3,0
37567,14658,56,1,10
37568,6283,131,2,0
37569,6283,93,3,15
37570,6283,83,1,15
37571,21018,142,1,15
37572,21018,81,1,5
37573,21018,24,1,5
37574,21018,128,2,0
37575,13384,76,1,10
37576,17419,72,1,10
37577,17419,56,1,0
37578,22776,147,2,5
37579,22776,129,1,0
37580,22776,91,1,5
37581,22776,97,1,30
37582,11053,63,2,20
37583,9194,67,1,5
37584,12449,142,2,25
37585,1818,31,1,5
37586,1818,70,2,20
37587,15925,31,2,0
37588,15925,53,1,5
37589,20985,65,1,0
37590,20985,74,1,5
37591,11079,31,1,20
37592,11079,124,2,25
37593,7743,93,1,20
37594,7743,102,1,0
37595,13466,48,1,25
37596,8007,141,1,0
37597,20314,145,2,5
37598,20314,124,2,5
37599,12552,117,2,15
37600,7975,147,1,0
37601,16045,121,2,25
37602,12221,7,2,10
37603,12221,100,1,5
37604,12221,41,1,5
37605,12221,96,2,10
37606,7872,73,1,20
37607,7872,111,1,10
37608,13076,68,1,20
37609,14483,140,1,5
37610,14483,117,1,20
37611,14483,22,3,15
37612,9225,66,1,0
37613,9225,46,1,15
37614,9225,132,4,0
37615,10290,90,3,15
37616,22847,139,1,5
37617,22847,84,2,5
37618,8694,149,3,10
37619,8694,94,3,10
37620,8694,53,1,0
37621,8694,55,1,25
37622,641,139,2,15
37623,24364,16,2,5
37624,14771,19,1,5
37625,11498,100,1,0
37626,11498,142,1,10
37627,23369,132,1,30
37628,23369,73,1,0
37629,16754,15,1,20
37630,1392,88,1,0
37631,1392,142,1,15
37632,1392,66,1,15
37633,4039,117,3,15
37634,4039,73,1,10
37635,4699,10,2,25
37636,4699,3,2,0
37637,21076,48,1,10
37638,9788,46,1,0
37639,9788,65,1,15
37640,9788,142,2,15
37641,17057,54,1,0
37642,2572,78,2,5
37643,15024,66,1,5
37644,9072,75,4,5
37645,9072,63,1,5
37646,18278,69,1,0
37647,18278,142,1,10
37648,2986,37,1,10
37649,2986,78,1,10
37650,2986,66,1,15
37651,13797,89,1,10
37652,13797,85,1,5
37653,10299,133,4,10
37654,13494,95,1,10
37655,17804,6,1,5
37656,10444,143,1,20
37657,17602,141,1,10
37658,17602,27,2,0
37659,15009,71,2,0
37660,17858,6,1,10
37661,1310,48,1,0
37662,21195,46,3,10
37663,21195,141,1,10
37664,7770,103,1,20
37665,7770,127,1,0
37666,7378,132,1,5
37667,7378,104,1,15
37668,11263,55,1,15
37669,11263,148,2,0
37670,18528,125,1,0
37671,18528,63,3,5
37672,18528,66,1,15
37673,13193,124,3,0
37674,14525,70,1,5
37675,23425,95,2,10
37676,17960,17,2,5
37677,17960,11,2,15
37678,17896,24,1,0
37679,10096,54,2,0
37680,10096,109,2,15
37681,6130,60,1,5
37682,22981,138,1,5
37683,22981,141,1,0
37684,22981,90,1,20
37685,22981,122,3,10
37686,23232,1,1,0
37687,23232,122,1,5
37688,8113,103,1,10
37689,8113,111,2,5
37690,16750,66,1,10
37691,19256,70,2,0
37692,14957,73,3,15
37693,12290,137,1,20
37694,2360,66,1,30
37695,11731,8,1,5
37696,6287,128,3,15
37697,6287,70,1,15
37698,18588,29,3,15
37699,18588,124,1,10
37700,18588,98,1,0
37701,18588,125,1,5
37702,15620,91,1,10
37703,15620,149,1,20
37704,12216,90,1,20
37705,12216,103,1,10
37706,12216,66,1,10
37707,1229,113,2,25
37708,9966,100,2,5
37709,18726,54,1,5
37710,18726,2,1,0
37711,18726,27,2,10
37712,22955,56,3,15
37713,22955,103,1,15
37714,18755,139,3,5
37715,18755,41,1,0
37716,18755,81,1,15
37717,19011,140,1,15
37718,19011,133,1,20
37719,19011,73,1,0
37720,16830,128,1,15
37721,16830,122,1,25
37722,15928,137,1,10
37723,15928,118,1,0
37724,7293,55,1,10
37725,7293,20,2,5
37726,7293,81,2,5
37727,1528,34,1,5
37728,2088,83,3,10
37729,2088,139,1,20
37730,2321,68,1,10
37731,2321,132,2,10
37732,13630,96,1,5
37733,24904,95,1,15
37734,7706,67,1,15
37735,9512,14,1,10
37736,9512,117,1,10
37737,13609,117,1,5
37738,14711,93,1,0
37739,14711,70,2,30
37740,14711,66,2,10
37741,20364,136,3,5
37742,20364,115,1,25
37743,11703,95,1,0
37744,2730,105,3,25
37745,15844,12,1,0
37746,390,140,1,10
37747,390,36,3,15
37748,4730,45,1,15
37749,9485,42,2,10
37750,9485,17,2,20
37751,8505,50,2,20
37752,8505,16,1,10
37753,20453,81,1,0
37754,20453,124,1,20
37755,753,73,2,15
37756,19038,68,4,5
37757,1031,139,2,10
37758,1031,128,1,10
37759,1031,65,1,0
37760,8305,138,1,0
37761,18078,140,1,10
37762,16992,141,1,0
37763,6024,90,1,0
37764,16611,117,1,10
37765,6534,45,3,0
37766,10323,53,1,5
37767,10323,31,1,0
37768,22929,104,1,15
37769,22929,142,2,10
37770,4925,71,2,0
37771,4925,94,2,5
37772,2749,125,2,0
37773,2749,102,2,15
37774,2749,26,2,20
37775,14543,3,1,15
37776,16023,141,2,10
37777,16023,121,1,15
37778,6218,140,4,20
37779,20258,42,3,5
37780,22546,84,2,20
37781,10872,94,1,0
37782,16689,46,3,30
37783,16689,146,2,5
37784,16155,13,1,15
37785,16155,42,1,20
37786,16155,124,1,0
37787,12940,91,1,10
37788,12940,93,1,10
37789,12940,124,4,20
37790,10626,37,3,30
37791,24035,65,4,30
37792,24035,75,1,20
37793,392,70,2,0
37794,392,126,2,0
37795,392,140,3,15
37796,5235,27,1,0
37797,7797,126,2,15
37798,7797,68,2,0
37799,7797,96,1,20
37800,7797,94,1,20
37801,19790,118,1,10
37802,13671,72,1,0
37803,10904,107,1,20
37804,10904,50,2,5
37805,7494,71,1,0
37806,7494,125,1,0
37807,8706,117,3,20
37808,8706,67,2,5
37809,7652,90,1,10
37810,10302,115,2,0
37811,10302,3,1,5
37812,7405,133,2,10
37813,20938,73,2,5
37814,20938,12,2,10
37815,3783,107,1,10
37816,4429,90,2,20
37817,4429,43,2,20
37818,21596,68,1,10
37819,10242,48,1,0
37820,24838,124,1,20
37821,9115,59,1,10
37822,23445,117,2,5
37823,10937,107,1,5
37824,12754,90,2,0
37825,21164,84,2,0
37826,17977,134,1,0
37827,17977,118,2,0
37828,17176,59,1,5
37829,21992,47,1,5
37830,5270,34,1,20
37831,5270,146,2,10
37832,12082,54,1,15
37833,23332,3,1,10
37834,23332,81,1,10
37835,1405,125,1,10
37836,1405,128,1,5
37837,7333,71,2,10
37838,6177,48,1,5
37839,6177,127,2,15
37840,6177,26,2,0
37841,2771,20,1,10
37842,14638,63,1,20
37843,14638,72,1,10
37844,23073,124,1,25
37845,23073,101,3,5
37846,23073,132,2,10
37847,15985,140,2,0
37848,15985,143,2,25
37849,15985,14,2,5
37850,15985,76,2,5
37851,20736,114,3,5
37852,20736,98,3,10
37853,7995,3,4,25
37854,7995,14,1,30
37855,8429,84,1,0
37856,8429,71,1,0
37857,4820,47,1,20
37858,4820,145,1,5
37859,4820,50,1,15
37860,22851,64,3,10
37861,5509,137,1,0
37862,5387,90,1,10
37863,5354,53,1,0
37864,5354,88,1,0
37865,5354,75,1,0
37866,21311,130,1,10
37867,6988,54,2,5
37868,27,146,2,15
37869,21922,141,2,0
37870,23214,146,1,20
37871,23934,123,2,5
37872,23934,3,2,20
37873,23934,11,2,0
37874,551,28,1,0
37875,551,70,1,0
37876,551,75,2,5
37877,551,149,1,10
37878,9895,88,1,5
37879,9037,137,2,0
37880,21857,95,2,15
37881,351,63,2,5
37882,351,136,1,0
37883,351,6,1,25
37884,14361,115,2,20
37885,14361,53,1,0
37886,14361,125,1,20
37887,17791,68,1,0
37888,17791,104,1,30
37889,23095,66,1,20
37890,23095,16,1,0
37891,14707,66,1,5
37892,4618,83,1,15
37893,18983,34,3,0
37894,18983,73,1,30
37895,14535,85,1,15
37896,1127,62,1,25
37897,1127,100,4,0
37898,13101,84,1,5
37899,13101,49,1,10
37900,5582,67,3,15
37901,5582,91,3,25
37902,3051,3,1,15
37903,3051,34,1,5
37904,3051,117,2,10
37905,3051,62,2,5
37906,10103,17,1,10
37907,10103,65,2,0
37908,10103,81,1,10
37909,10103,146,2,30
37910,11357,4,1,25
37911,2990,34,2,15
37912,3187,3,2,5
37913,10137,91,1,0
37914,15477,20,1,15
37915,15477,3,1,20
37916,13624,60,1,30
37917,13624,144,2,10
37918,13624,50,1,15
37919,17837,42,1,25
37920,8526,95,2,5
37921,8526,21,2,10
37922,21095,46,1,20
37923,21095,124,1,10
37924,21095,55,1,15
37925,15198,136,1,5
37926,8065,141,1,10
37927,19806,93,1,5
37928,16492,118,2,10
37929,16492,42,1,0
37930,14571,48,2,10
37931,14571,128,1,0
37932,14571,91,1,15
37933,13297,85,3,20
37934,13297,48,1,25
37935,2002,29,1,20
37936,20778,67,1,5
37937,20778,19,1,15
37938,7287,71,1,10
37939,24961,87,1,0
37940,12553,24,2,0
37941,12553,1,1,10
37942,12553,139,1,5
37943,8085,136,1,15
37944,486,125,2,25
37945,4608,42,1,15
37946,23258,93,2,10
37947,23258,11,1,5
37948,1069,105,2,20
37949,1069,52,1,5
37950,1069,90,1,25
37951,21713,118,1,30
37952,5087,141,3,0
37953,10405,14,1,10
37954,10405,87,2,25
37955,15443,3,2,0
37956,21142,134,1,5
37957,24917,140,2,25
37958,22831,84,2,0
37959,17999,56,3,0
37960,2538,102,2,5
37961,19281,118,3,5
37962,19281,67,1,5
37963,11179,66,3,5
37964,6115,143,1,0
37965,6115,104,1,5
37966,3210,107,1,25
37967,13699,94,1,15
37968,13699,133,1,20
37969,16920,116,2,20
37970,23172,124,1,25
37971,15298,72,1,15
37972,20024,142,1,10
37973,10315,24,1,20
37974,10315,67,1,0
37975,7380,90,2,5
37976,7380,69,1,25
37977,10946,20,1,5
37978,19953,42,4,10
37979,23451,75,1,0
37980,2003,76,3,0
37981,2003,85,2,10
37982,2003,139,1,5
37983,24538,69,1,25
37984,12159,31,2,15
37985,12159,46,1,20
37986,7851,53,1,15
37987,4994,41,2,5
37988,16145,44,1,15
37989,4536,91,2,15
37990,3900,12,2,5
37991,3900,78,1,25
37992,2203,139,1,5
37993,5547,115,3,20
37994,1378,60,2,5
37995,1378,115,1,10
37996,8601,125,1,15
37997,21666,70,1,25
37998,21666,147,1,0
37999,17224,101,2,0
38000,17224,2,2,0
38001,4559,8,1,5
38002,4559,52,1,25
38003,3731,67,1,15
38004,525,71,2,20
38005,525,20,2,20
38006,13098,68,1,0
38007,17566,141,3,15
38008,7191,63,1,10
38009,19474,70,2,10
38010,16553,93,1,15
38011,16553,54,2,0
38012,2475,27,1,5
38013,2475,73,3,25
38014,2475,14,1,10
38015,2475,66,3,0
38016,20754,17,1,5
38017,278,103,1,5
38018,278,66,1,0
38019,5255,37,2,0
38020,5255,71,2,10
38021,5255,124,1,20
38022,16654,85,2,15
38023,8950,90,1,5
38024,13960,117,2,10
38025,20860,29,1,15
38026,10380,21,2,5
38027,1485,143,1,15
38028,11633,12,1,10
38029,11633,54,2,0
38030,11633,67,1,10
38031,11633,71,1,20
38032,16973,124,1,5
38033,16973,122,2,10
38034,16973,147,2,25
38035,16973,100,3,20
38036,1193,117,3,5
38037,1193,100,1,20
38038,10797,45,1,0
38039,18190,103,1,10
38040,18190,71,2,15
38041,8272,34,1,15
38042,11742,129,1,0
38043,11742,138,1,10
38044,11742,63,1,20
38045,5961,4,1,5
38046,18159,80,1,20
38047,18159,87,3,30
38048,21556,140,1,10
38049,21556,104,1,10
38050,11196,116,1,0
38051,2233,124,1,10
38052,22618,64,2,15
38053,22618,142,1,0
38054,22618,93,1,15
38055,20602,125,1,0
38056,12147,3,1,10
38057,2490,29,2,20
38058,2490,10,1,0
38059,2490,68,3,10
38060,24589,90,1,20
38061,24589,102,1,0
38062,10360,104,1,0
38063,10360,65,2,0
38064,7019,14,1,10
38065,2829,128,1,15
38066,16352,25,1,10
38067,3425,124,1,10
38068,11954,93,1,25
38069,11954,132,1,5
38070,3636,20,2,5
38071,3636,141,1,20
38072,3636,34,2,0
38073,22291,16,2,10
38074,22291,67,1,5
38075,1496,136,1,5
38076,1496,12,2,15
38077,19590,66,3,0
38078,8675,28,3,0
38079,321,68,1,30
38080,20148,124,2,10
38081,4215,6,1,30
38082,21363,42,1,5
38083,21363,70,1,10
38084,15217,140,1,0
38085,15217,139,2,25
38086,15217,124,1,0
38087,7014,145,1,10
38088,7014,40,1,10
38089,2765,48,1,5
38090,19931,72,1,15
38091,7955,93,1,10
38092,12659,107,1,5
38093,11210,105,3,15
38094,11210,128,1,25
38095,14996,99,1,20
38096,6083,111,1,5
38097,6083,68,1,25
38098,6083,133,1,20
38099,21029,104,1,0
38100,21029,98,1,10
38101,18357,75,1,0
38102,18357,51,2,20
38103,6827,24,2,20
38104,21764,85,3,5
38105,21764,91,3,5
38106,21764,84,1,5
38107,21764,124,2,20
38108,11904,126,2,5
38109,11904,89,1,5
38110,3605,102,1,10
38111,3605,14,1,10
38112,3514,24,1,15
38113,5132,7,3,20
38114,23736,117,1,10
38115,4949,51,1,25
38116,4949,3,1,0
38117,21414,29,1,0
38118,24221,76,1,15
38119,24221,90,1,20
38120,24221,93,1,15
38121,11268,60,1,10
38122,11268,71,1,5
38123,10340,12,1,0
38124,10340,70,3,10
38125,20062,131,1,25
38126,20062,54,3,20
38127,23283,81,1,15
38128,1796,21,3,15
38129,22814,25,3,15
38130,20121,127,1,10
38131,20121,90,2,10
38132,20121,10,1,10
38133,7523,50,1,5
38134,15625,124,1,10
38135,13114,107,2,15
38136,210,90,1,25
38137,210,91,2,0
38138,12939,63,1,5
38139,22023,73,3,0
38140,23804,48,1,10
38141,23804,140,1,5
38142,23804,21,1,10
38143,2502,118,1,30
38144,12586,99,2,25
38145,5695,21,3,10
38146,18022,42,1,10
38147,12103,71,2,0
38148,12103,134,2,15
38149,23418,91,2,15
38150,23487,2,2,15
38151,2641,138,1,10
38152,2641,90,1,15
38153,2641,77,1,0
38154,799,53,2,10
38155,799,140,1,5
38156,2934,1,1,25
38157,2934,125,2,25
38158,2934,93,1,25
38159,15884,139,2,10
38160,6407,56,1,20
38161,6407,49,1,5
38162,24843,21,1,10
38163,24843,141,1,5
38164,24843,142,1,0
38165,24843,72,2,5
38166,16128,70,1,5
38167,20752,71,1,15
38168,20752,139,2,0
38169,18240,66,1,10
38170,18240,124,1,10
38171,5809,92,3,20
38172,22576,4,2,30
38173,10841,141,3,15
38174,10841,66,1,15
38175,10841,8,1,10
38176,10841,42,2,15
38177,24864,111,2,10
38178,16234,146,1,20
38179,16234,71,1,10
38180,11016,29,1,30
38181,11016,126,3,20
38182,4083,88,1,25
38183,8491,141,4,0
38184,10115,41,1,10
38185,10115,128,1,10
38186,4076,129,1,0
38187,4076,112,1,10
38188,4076,71,3,25
38189,14030,133,2,5
38190,14030,17,2,0
38191,14030,123,1,0
38192,14030,91,1,0
38193,23021,125,1,0
38194,23021,71,4,15
38195,16561,8,4,5
38196,16561,21,2,5
38197,10543,90,1,15
38198,8055,68,1,5
38199,15667,91,1,0
38200,15667,88,1,20
38201,18462,90,1,15
38202,18462,93,3,15
38203,5102,133,1,10
38204,6864,61,1,15
38205,6864,28,3,15
38206,8552,103,1,0
38207,8552,90,1,10
38208,15444,3,3,5
38209,15444,146,4,25
38210,137,141,1,0
38211,2894,54,1,30
38212,2894,111,1,5
38213,2894,104,2,5
38214,2894,107,2,10
38215,10377,62,4,0
38216,18873,27,1,5
38217,941,129,1,0
38218,22605,126,1,0
38219,18149,140,2,15
38220,18149,65,2,30
38221,16076,81,3,0
38222,16076,42,1,0
38223,16076,91,1,5
38224,16076,141,1,25
38225,17810,102,4,20
38226,20330,54,2,5
38227,20330,96,2,20
38228,10908,21,2,5
38229,16700,129,2,0
38230,16700,12,1,20
38231,16700,59,1,0
38232,3154,68,1,10
38233,8603,66,1,5
38234,7772,146,3,5
38235,13265,66,2,20
38236,24416,42,1,5
38237,24416,139,1,15
38238,24416,30,1,5
38239,3735,55,1,10
38240,635,4,2,20
38241,635,75,1,5
38242,635,54,4,30
38243,24817,42,3,0
38244,17809,52,1,0
38245,2432,62,2,0
38246,2432,59,1,0
38247,8229,137,2,5
38248,8229,97,1,10
38249,3357,37,1,15
38250,24274,103,1,10
38251,20485,145,3,5
38252,22056,66,1,25
38253,23835,142,1,5
38254,23835,144,3,10
38255,22258,61,1,5
38256,13016,93,1,0
38257,3029,54,1,0
38258,24029,124,1,5
38259,24029,46,1,15
38260,10304,112,2,0
38261,10304,55,1,25
38262,10304,76,1,0
38263,17009,146,3,5
38264,17009,90,2,10
38265,20786,142,1,25
38266,20786,52,1,10
38267,18118,117,1,20
38268,518,141,1,10
38269,7511,12,2,25
38270,20662,141,1,25
38271,15194,148,1,15
38272,15194,95,2,0
38273,15194,64,1,10
38274,23661,54,1,5
38275,8832,93,1,0
38276,22132,94,2,0
38277,22132,42,2,0
38278,7633,138,1,20
38279,7633,81,1,10
38280,23963,84,2,10
38281,3331,31,1,10
38282,3331,133,1,20
38283,15603,115,1,5
38284,15603,129,2,5
38285,21642,54,2,0
38286,19706,71,1,5
38287,19706,55,2,10
38288,19669,117,1,30
38289,19669,12,1,10
38290,20917,6,1,15
38291,20917,29,3,15
38292,22582,141,3,10
38293,22582,107,1,15
38294,22582,68,1,0
38295,16891,75,1,20
38296,7723,66,1,10
38297,7723,104,1,0
38298,7723,90,1,5
38299,22973,54,1,10
38300,22973,65,2,0
38301,22615,18,2,20
38302,22615,76,1,10
38303,22615,136,1,25
38304,8315,20,1,0
38305,8315,72,1,20
38306,14395,43,2,10
38307,1703,141,1,10
38308,1703,90,2,10
38309,1703,32,1,5
38310,2468,101,2,10
38311,15665,91,1,5
38312,16516,21,1,20
38313,16516,146,1,0
38314,16516,3,2,20
38315,12865,29,1,10
38316,12865,68,1,15
38317,24779,61,3,0
38318,10928,138,2,15
38319,9720,61,1,15
38320,9720,68,2,25
38321,9720,46,2,0
38322,11211,63,1,10
38323,7756,104,1,30
38324,19714,104,1,5
38325,23178,4,1,15
38326,23178,53,1,25
38327,10124,117,2,5
38328,10124,90,1,10
38329,10124,146,1,10
38330,10124,38,3,0
38331,4306,62,1,5
38332,22821,122,2,10
38333,22821,47,1,15
38334,9953,66,1,5
38335,9953,65,3,0
38336,3833,141,1,0
38337,21990,117,1,0
38338,21990,32,1,10
38339,22568,67,2,25
38340,22568,96,1,15
38341,22568,142,3,0
38342,5310,54,1,20
38343,18485,34,1,15
38344,10952,124,1,30
38345,10952,106,1,25
38346,14520,124,1,15
38347,7026,90,2,20
38348,7026,71,3,15
38349,14399,142,2,20
38350,14399,45,1,0
38351,12680,101,1,0
38352,12680,128,1,25
38353,24184,124,1,15
38354,10090,140,1,0
38355,10090,106,1,10
38356,10090,66,1,0
38357,3287,81,2,20
38358,3287,126,1,15
38359,3287,67,2,5
38360,3287,144,3,15
38361,22451,90,1,10
38362,22451,38,2,5
38363,4914,117,2,5
38364,840,25,2,25
38365,10664,71,2,5
38366,10664,87,2,25
38367,2754,42,1,10
38368,21781,142,1,0
38369,21781,128,4,20
38370,19615,133,2,0
38371,19615,60,2,15
38372,19615,27,1,0
38373,19615,124,4,5
38374,17972,128,1,5
38375,7141,100,1,10
38376,4434,133,1,10
38377,11535,121,1,20
38378,4475,138,2,0
38379,4475,141,2,15
38380,4475,47,1,25
38381,4475,70,1,5
38382,5029,102,1,20
38383,10821,149,1,25
38384,14203,137,1,5
38385,14203,66,2,15
38386,6998,124,3,10
38387,6998,55,2,10
38388,14618,52,4,5
38389,14618,81,3,0
38390,14618,47,1,20
38391,23367,63,2,0
38392,18679,17,1,10
38393,18679,91,1,30
38394,23355,55,3,10
38395,23355,46,2,0
38396,23355,51,3,20
38397,262,6,1,10
38398,4406,73,1,25
38399,4406,43,1,25
38400,4406,117,1,0
38401,4406,115,2,20
38402,9040,63,2,15
38403,17880,100,1,0
38404,10450,2,4,0
38405,10450,102,2,0
38406,10450,139,3,0
38407,17020,29,1,5
38408,17020,124,2,25
38409,17020,2,1,10
38410,17020,123,1,25
38411,24491,78,1,0
38412,11669,124,1,0
38413,11669,95,1,15
38414,18334,51,1,10
38415,18334,43,1,25
38416,21982,12,2,25
38417,6471,75,4,5
38418,11968,124,1,25
38419,11968,128,4,20
38420,3758,36,2,10
38421,8685,45,1,5
38422,20805,117,3,0
38423,23563,12,2,0
38424,24582,64,1,10
38425,19793,118,1,5
38426,19793,68,1,10
38427,19793,124,1,0
38428,17710,53,1,15
38429,17710,81,1,0
38430,17710,139,3,10
38431,17034,90,1,0
38432,17034,118,1,0
38433,13487,19,2,0
38434,13487,60,1,20
38435,13487,104,1,0
38436,13487,47,1,30
38437,19655,14,1,20
38438,10810,64,2,15
38439,23296,93,1,20
38440,2848,128,1,10
38441,15818,81,2,15
38442,15818,66,1,10
38443,13437,6,1,15
38444,7292,93,1,5
38445,23760,142,2,0
38446,16273,124,1,5
38447,22946,139,1,5
38448,22561,37,1,5
38449,22561,100,1,15
38450,22561,66,1,5
38451,21634,66,2,30
38452,21634,104,1,10
38453,11190,76,1,25
38454,11209,19,1,25
38455,15669,146,1,0
38456,24630,111,1,15
38457,9039,63,1,5
38458,9039,41,3,30
38459,9039,53,1,10
38460,9039,65,1,25
38461,22,124,1,0
38462,6671,45,1,0
38463,6671,93,1,0
38464,14729,103,4,5
38465,14729,71,3,20
38466,17792,32,1,10
38467,19194,71,1,10
38468,4567,27,1,15
38469,14295,70,1,15
38470,23379,84,1,20
38471,20363,45,1,10
38472,11153,126,4,10
38473,11153,110,2,15
38474,23733,81,2,0
38475,18522,36,1,15
38476,18522,78,1,10
38477,18522,91,1,5
38478,12486,117,1,0
38479,12486,8,1,5
38480,18614,61,4,30
38481,18614,66,3,20
38482,23559,124,2,25
38483,23559,76,1,15
38484,18315,89,3,20
38485,18315,73,2,0
38486,18307,70,2,0
38487,14651,74,2,20
38488,15666,110,2,0
38489,14826,3,2,0
38490,14826,19,1,15
38491,14826,95,2,0
38492,600,43,1,20
38493,1393,84,1,5
38494,1393,59,1,0
38495,1393,34,1,0
38496,1393,51,1,20
38497,646,76,3,10
38498,650,14,1,10
38499,650,116,1,15
38500,19033,60,2,0
38501,8666,52,2,0
38502,8666,127,1,5
38503,7306,28,3,25
38504,7306,66,1,5
38505,7306,5,4,15
38506,18482,70,2,0
38507,18482,53,1,25
38508,18482,111,3,25
38509,8117,68,1,25
38510,4422,116,1,25
38511,9607,136,1,20
38512,9998,41,2,5
38513,9998,93,1,10
38514,13356,116,1,30
38515,4499,138,1,0
38516,4499,47,1,0
38517,12810,94,1,25
38518,16874,28,1,10
38519,16874,42,1,30
38520,6577,138,1,25
38521,423,141,1,5
38522,17955,104,1,0
38523,13110,131,1,0
38524,13549,136,1,15
38525,13549,141,1,10
38526,13549,29,1,5
38527,13549,124,1,10
38528,2701,91,2,20
38529,2701,69,1,5
38530,3105,20,1,0
38531,3105,95,1,5
38532,3105,91,1,15
38533,21499,12,1,0
38534,22658,101,2,25
38535,22658,60,1,0
38536,21716,129,1,5
38537,1847,58,2,15
38538,2613,129,1,0
38539,11707,72,2,15
38540,11707,69,1,0
38541,22994,72,1,20
38542,22994,110,2,15
38543,22994,6,1,20
38544,2908,42,2,25
38545,4329,50,3,0
38546,23019,20,3,5
38547,18025,19,1,5
38548,4246,98,1,5
38549,7954,149,1,10
38550,327,96,1,10
38551,327,15,1,15
38552,327,53,1,0
38553,8147,132,1,25
38554,8147,91,3,20
38555,13727,15,2,10
38556,18819,66,1,0
38557,9872,98,1,20
38558,3062,75,1,25
38559,8015,6,1,0
38560,12069,42,3,20
38561,12069,93,1,15
38562,8246,18,3,10
38563,17039,67,3,10
38564,17039,40,1,10
38565,11468,101,1,25
38566,3260,42,2,10
38567,13285,51,1,25
38568,1773,132,2,5
38569,1773,15,1,10
38570,1773,42,3,15
38571,24885,149,2,20
38572,1482,52,2,20
38573,14266,46,4,20
38574,14266,69,1,0
38575,12197,122,3,15
38576,12197,74,4,15
38577,12197,76,2,0
38578,13521,54,1,0
38579,211,143,2,10
38580,4508,27,1,15
38581,16038,103,2,5
38582,14063,29,2,15
38583,7156,141,1,0
38584,13233,145,2,15
38585,13233,70,4,20
38586,13233,141,1,5
38587,24208,14,2,10
38588,5773,76,1,0
38589,5822,104,1,0
38590,1067,139,1,15
38591,18854,14,2,5
38592,18854,6,1,0
38593,18854,141,3,30
38594,15805,52,1,10
38595,15805,149,2,15
38596,4828,141,1,5
38597,18114,110,1,15
38598,19820,149,2,30
38599,19820,117,3,0
38600,19820,25,3,20
38601,17650,93,3,5
38602,13458,129,2,20
38603,17355,121,2,5
38604,11688,29,1,0
38605,2549,75,2,5
38606,4267,117,1,10
38607,9104,133,2,10
38608,14309,14,2,0
38609,15245,53,1,10
38610,6828,47,2,0
38611,6828,66,1,20
38612,18094,55,2,0
38613,9975,90,1,15
38614,15258,141,1,10
38615,15258,104,1,25
38616,15258,9,1,5
38617,15258,116,2,30
38618,18066,142,1,5
38619,24160,90,1,15
38620,24160,86,1,5
38621,7130,45,1,10
38622,7130,68,4,0
38623,15185,115,1,20
38624,23973,39,1,0
38625,23973,29,4,5
38626,23973,133,2,10
38627,12462,47,1,10
38628,1382,96,1,10
38629,14728,144,3,5
38630,14728,102,1,30
38631,14728,71,2,15
38632,14728,146,2,15
38633,24083,117,1,0
38634,24083,93,1,20
38635,24701,64,2,5
38636,24701,134,1,25
38637,23890,47,1,10
38638,13267,139,3,25
38639,3266,3,1,5
38640,2004,54,2,10
38641,4253,54,2,15
38642,10335,137,1,10
38643,10942,30,1,10
38644,23654,20,4,5
38645,23654,41,1,25
38646,16215,59,1,15
38647,16215,117,1,5
38648,18690,91,1,0
38649,18690,6,1,0
38650,18690,103,3,15
38651,19170,85,2,15
38652,14850,73,2,15
38653,15756,53,1,20
38654,15756,46,3,0
38655,2703,86,1,5
38656,19505,81,1,10
38657,12317,76,1,15
38658,15847,139,2,25
38659,15847,65,2,10
38660,15847,50,1,15
38661,23565,67,1,10
38662,8586,68,4,5
38663,24977,133,1,15
38664,564,16,2,20
38665,24385,90,1,0
38666,11930,130,1,30
38667,11930,104,1,25
38668,23054,144,1,15
38669,23054,95,2,15
38670,23054,45,1,0
38671,23054,73,3,0
38672,1551,139,2,0
38673,1551,138,1,20
38674,12173,141,1,10
38675,12173,123,1,10
38676,12173,3,1,10
38677,1739,91,1,10
38678,1739,104,1,10
38679,1739,76,1,25
38680,21174,42,1,10
38681,8733,101,3,5
38682,8733,107,1,25
38683,19910,71,2,30
38684,19910,76,1,0
38685,10064,93,4,25
38686,10064,124,1,0
38687,19988,73,1,25
38688,18551,53,2,20
38689,18004,91,1,10
38690,18004,117,1,5
38691,18004,142,1,15
38692,18004,92,1,20
38693,17249,46,4,5
38694,18276,78,1,5
38695,16490,124,3,20
38696,16490,65,1,20
38697,16490,140,1,5
38698,20586,103,2,0
38699,7090,115,1,0
38700,6843,68,1,10
38701,6843,78,1,20
38702,20493,6,1,25
38703,20493,55,2,5
38704,20493,54,1,20
38705,2728,65,2,0
38706,17010,29,1,0
38707,20475,139,1,10
38708,20475,56,1,20
38709,14298,95,2,5
38710,14298,76,3,5
38711,19121,55,2,30
38712,21438,55,1,20
38713,14197,60,4,5
38714,14197,96,1,0
38715,13203,89,1,20
38716,13203,78,1,5
38717,14314,64,3,5
38718,17079,68,3,10
38719,17079,42,1,10
38720,20355,142,1,0
38721,2992,42,3,5
38722,8564,63,1,10
38723,21020,124,3,10
38724,21313,124,1,15
38725,8763,78,1,15
38726,4538,124,1,15
38727,22702,106,1,10
38728,11566,132,1,25
38729,14400,124,1,25
38730,7739,70,1,20
38731,12408,39,1,10
38732,5726,19,1,20
38733,5726,12,2,20
38734,6020,28,2,0
38735,6020,68,3,0
38736,20564,55,1,0
38737,20564,121,1,5
38738,18646,27,1,15
38739,9012,91,1,30
38740,8176,34,1,0
38741,3978,54,2,0
38742,23947,54,1,20
38743,14464,129,1,5
38744,14464,85,2,0
38745,1658,128,1,25
38746,1658,41,1,30
38747,1658,104,3,25
38748,12796,148,1,15
38749,2681,128,1,5
38750,18492,142,1,0
38751,7403,74,2,5
38752,10436,83,1,20
38753,11993,90,1,20
38754,22306,90,1,5
38755,22306,141,2,0
38756,8828,47,2,5
38757,8828,50,1,30
38758,24888,70,1,20
38759,6632,117,3,15
38760,6632,113,1,10
38761,2421,84,1,20
38762,2421,117,4,0
38763,18976,89,3,5
38764,18976,43,3,30
38765,9004,90,1,5
38766,306,3,1,5
38767,13641,123,2,5
38768,17613,28,1,5
38769,1457,42,2,15
38770,1457,98,2,5
38771,18185,62,2,25
38772,8518,72,1,5
38773,12328,25,1,15
38774,3014,127,1,0
38775,17380,142,2,5
38776,17380,110,1,10
38777,18676,20,1,15
38778,18676,27,3,10
38779,14634,14,2,25
38780,14634,142,2,0
38781,16224,36,2,0
38782,6240,149,2,0
38783,6240,126,2,10
38784,23682,118,3,15
38785,23682,141,3,10
38786,5909,104,1,0
38787,10601,149,1,20
38788,10601,124,1,0
38789,1267,51,1,15
38790,1267,49,2,10
38791,1267,68,3,0
38792,1267,55,1,25
38793,14318,3,1,10
38794,1202,121,2,20
38795,13082,52,1,5
38796,13082,126,1,5
38797,3658,50,1,5
38798,24517,96,1,15
38799,19435,80,2,15
38800,5292,4,2,10
38801,23145,32,1,0
38802,23145,81,1,15
38803,23145,78,1,10
38804,9165,135,2,15
38805,9165,66,1,15
38806,3395,90,1,15
38807,3395,66,1,20
38808,3395,24,1,30
38809,3156,33,1,10
38810,23933,47,2,20
38811,23933,131,4,5
38812,7908,55,2,30
38813,11063,146,1,0
38814,11063,98,2,20
38815,11063,102,1,15
38816,6427,133,3,0
38817,21908,95,1,0
38818,21908,14,1,0
38819,21908,142,2,0
38820,23354,15,1,5
38821,23354,20,1,15
38822,5874,147,1,20
38823,850,91,2,10
38824,9740,135,3,0
38825,9526,66,1,0
38826,23829,20,1,20
38827,6705,64,1,15
38828,6705,140,1,30
38829,6705,41,1,0
38830,8301,50,1,15
38831,8301,73,2,10
38832,8301,3,1,0
38833,8301,112,1,10
38834,8175,43,1,0
38835,8287,144,1,0
38836,8287,104,1,20
38837,8287,51,2,0
38838,8287,107,1,15
38839,24641,53,3,25
38840,24641,83,1,20
38841,12083,55,4,20
38842,12083,42,1,0
38843,12083,30,1,15
38844,13837,54,4,10
38845,13837,63,2,25
38846,11254,102,1,5
38847,11254,74,1,25
38848,1557,147,1,15
38849,8009,14,1,5
38850,16944,29,1,15
38851,16944,144,3,20
38852,9597,21,1,0
38853,9597,72,2,10
38854,1797,42,1,0
38855,1797,139,1,5
38856,8677,74,1,0
38857,8677,139,3,0
38858,8677,114,2,5
38859,2264,26,2,20
38860,19935,42,1,0
38861,11911,26,2,5
38862,11911,126,3,10
38863,10593,111,2,10
38864,2905,42,4,5
38865,2905,19,2,5
38866,12431,137,1,10
38867,12431,66,1,0
38868,5848,59,1,0
38869,5848,69,1,15
38870,3579,63,1,10
38871,3579,84,1,0
38872,8451,58,2,0
38873,8451,109,2,25
38874,10224,73,2,5
38875,12146,117,1,5
38876,12146,142,1,30
38877,13808,90,1,10
38878,3699,55,3,20
38879,3699,145,1,0
38880,10638,88,1,15
38881,20841,131,2,10
38882,18542,140,2,10
38883,11885,91,1,0
38884,22070,146,2,5
38885,2244,116,4,15
38886,8527,87,1,5
38887,5911,103,1,15
38888,5911,142,2,0
38889,2364,64,2,10
38890,2364,141,1,5
38891,14656,104,4,5
38892,8114,60,1,5
38893,11328,117,1,10
38894,7339,83,1,20
38895,12448,107,1,15
38896,12448,78,1,10
38897,12448,143,4,0
38898,13013,21,1,0
38899,13013,126,1,15
38900,11172,46,1,0
38901,17493,70,2,15
38902,17493,144,1,15
38903,17493,104,1,10
38904,10063,3,1,15
38905,10063,139,1,10
38906,7517,148,1,0
38907,7517,146,1,15
38908,1158,20,1,10
38909,1158,93,4,5
38910,1158,115,1,10
38911,1158,84,1,10
38912,13590,3,1,5
38913,13590,1,1,0
38914,5145,35,1,20
38915,5145,117,1,10
38916,9198,66,2,15
38917,14049,96,1,5
38918,1239,66,3,5
38919,9158,141,1,20
38920,9158,16,1,15
38921,9158,84,1,15
38922,8646,54,3,5
38923,15606,100,3,25
38924,5513,84,1,0
38925,6366,100,1,15
38926,5159,75,2,15
38927,9156,142,2,10
38928,788,95,2,20
38929,788,142,1,10
38930,788,139,1,5
38931,9321,98,1,0
38932,9321,76,2,20
38933,23254,102,1,10
38934,23254,6,1,5
38935,23254,55,2,10
38936,19303,72,3,25
38937,19303,14,1,10
38938,21456,76,1,0
38939,22241,138,4,15
38940,22241,34,4,5
38941,23665,87,4,10
38942,23665,133,2,10
38943,23665,66,1,10
38944,24218,93,1,0
38945,21184,28,2,15
38946,19355,14,2,10
38947,8013,28,1,20
38948,8013,78,3,15
38949,22253,3,2,0
38950,22253,102,2,15
38951,9589,63,1,15
38952,9589,117,2,5
38953,23833,128,1,25
38954,16870,48,1,30
38955,16870,90,1,0
38956,14603,49,1,10
38957,24222,43,1,5
38958,24222,71,1,15
38959,8872,6,4,20
38960,8872,143,2,15
38961,15945,128,1,0
38962,2078,128,1,20
38963,824,104,1,10
38964,824,42,1,15
38965,824,128,1,15
38966,19232,14,3,15
38967,12141,124,1,10
38968,8016,64,3,20
38969,8016,42,2,10
38970,24592,138,1,20
38971,24592,102,1,0
38972,24592,60,1,0
38973,24592,71,1,25
38974,20118,116,1,5
38975,20118,106,1,10
38976,2646,68,1,15
38977,18587,126,3,0
38978,453,42,2,20
38979,453,16,1,15
38980,18737,90,1,5
38981,8654,149,2,0
38982,19918,138,1,5
38983,16582,138,1,10
38984,18488,66,3,0
38985,18488,133,2,5
38986,15769,10,1,25
38987,191,115,1,10
38988,191,60,1,10
38989,5462,42,4,25
38990,3098,140,2,15
38991,17436,104,1,0
38992,17436,54,1,15
38993,17436,76,1,10
38994,2322,95,1,5
38995,18412,54,1,15
38996,18412,121,1,5
38997,23715,149,1,10
38998,11292,141,1,5
38999,11292,53,2,15
39000,15140,4,1,30
39001,15140,1,2,0
39002,3903,62,1,25
39003,3258,66,1,0
39004,22907,46,2,0
39005,22907,43,1,5
39006,22907,136,3,0
39007,7072,93,2,10
39008,7072,95,2,5
39009,6539,66,1,10
39010,11987,29,1,10
39011,11987,101,3,0
39012,11987,139,3,15
39013,15846,124,2,25
39014,18566,62,1,15
39015,18566,55,2,20
39016,746,141,1,10
39017,746,66,3,15
39018,5088,133,1,25
39019,15977,133,1,0
39020,6465,67,1,15
39021,10193,67,3,0
39022,10193,125,1,0
39023,19825,144,1,0
39024,5429,141,1,10
39025,5429,50,1,0
39026,5429,101,3,25
39027,14462,45,1,25
39028,15564,117,3,0
39029,10876,122,1,15
39030,18383,31,1,5
39031,18383,75,1,25
39032,18383,33,2,5
39033,15204,52,2,10
39034,17258,128,1,5
39035,13636,6,1,5
39036,13636,96,1,5
39037,4670,95,1,0
39038,4670,20,1,10
39039,414,125,2,0
39040,414,3,3,25
39041,11230,110,1,10
39042,11230,145,2,10
39043,11230,24,1,30
39044,7579,125,2,5
39045,7579,26,2,5
39046,20476,73,1,15
39047,13908,43,1,10
39048,11671,128,2,15
39049,5859,95,1,15
39050,17442,16,3,10
39051,17442,143,1,0
39052,13886,101,1,25
39053,12202,43,1,5
39054,12202,117,1,5
39055,1117,32,1,30
39056,1117,73,1,15
39057,12926,81,3,15
39058,12926,115,1,25
39059,7046,76,1,5
39060,7046,73,1,15
39061,11112,76,1,5
39062,22856,78,1,0
39063,22856,67,2,5
39064,12775,146,1,0
39065,17045,71,3,15
39066,17045,95,1,25
39067,17045,93,4,0
39068,21373,75,1,5
39069,18670,139,1,20
39070,18670,101,1,30
39071,18670,118,1,15
39072,15695,121,2,30
39073,15695,141,1,10
39074,9092,12,1,5
39075,9092,104,1,20
39076,9092,66,1,10
39077,11281,34,3,5
39078,11281,134,3,5
39079,197,66,1,5
39080,4125,78,2,5
39081,21078,137,1,25
39082,19150,2,2,10
39083,19150,90,1,20
39084,17705,145,1,0
39085,17705,28,1,10
39086,17705,141,1,0
39087,12524,71,1,15
39088,12524,117,3,20
39089,12524,142,1,0
39090,12949,144,1,5
39091,15089,125,1,20
39092,7000,121,1,20
39093,3998,84,1,5
39094,17202,20,4,10
39095,17202,116,2,5
39096,17202,21,2,0
39097,17202,129,1,0
39098,11970,96,3,15
39099,12124,6,3,15
39100,12124,68,1,20
39101,12124,2,1,15
39102,12124,78,2,0
39103,19653,9,2,10
39104,1265,94,1,5
39105,1265,64,2,25
39106,1286,78,1,25
39107,1286,37,2,20
39108,16762,84,1,0
39109,1997,6,1,5
39110,1997,28,2,0
39111,17287,52,2,5
39112,17287,42,1,15
39113,17420,37,1,10
39114,17420,102,1,5
39115,10125,128,2,5
39116,10125,90,1,10
39117,10125,31,4,20
39118,20366,93,1,15
39119,21631,117,1,25
39120,21631,73,1,5
39121,21631,90,1,0
39122,21631,41,2,20
39123,14289,117,1,10
39124,5881,20,1,5
39125,13545,126,2,25
39126,1136,117,2,10
39127,2205,43,2,10
39128,2205,69,3,5
39129,13915,94,1,30
39130,13915,142,3,15
39131,13915,60,1,5
39132,14843,24,1,20
39133,23887,29,2,20
39134,7310,66,1,10
39135,2545,125,1,5
39136,2545,130,1,5
39137,23167,54,2,20
39138,4595,115,1,0
39139,4595,34,2,5
39140,4595,33,2,30
39141,12051,136,1,15
39142,8565,126,1,10
39143,8565,131,2,15
39144,5855,133,2,5
39145,5855,124,2,15
39146,16186,107,2,10
39147,16186,67,1,15
39148,12248,51,2,25
39149,12248,109,1,15
39150,9933,29,2,0
39151,9933,24,1,10
39152,9933,142,2,10
39153,8590,78,2,20
39154,23365,28,1,5
39155,23365,37,1,0
39156,23365,72,1,0
39157,8139,2,4,25
39158,22161,56,1,5
39159,22161,28,2,25
39160,22161,46,1,10
39161,9935,2,1,15
39162,8786,70,2,0
39163,8786,21,1,30
39164,8786,141,1,20
39165,7855,14,1,10
39166,22846,144,2,25
39167,24359,45,1,10
39168,24359,129,1,25
39169,9541,73,1,5
39170,9541,14,1,30
39171,9541,102,3,0
39172,14294,138,1,10
39173,14294,78,2,10
39174,14294,56,2,5
39175,20768,28,1,0
39176,4247,55,3,20
39177,3112,124,1,10
39178,3112,2,1,10
39179,12281,124,2,30
39180,12281,46,4,15
39181,12281,75,1,0
39182,12281,141,1,30
39183,12947,124,1,30
39184,12947,93,1,5
39185,12947,61,1,10
39186,6195,85,1,0
39187,6195,78,1,5
39188,6195,3,1,0
39189,22380,2,1,5
39190,23102,125,1,10
39191,23102,105,1,10
39192,23102,81,3,5
39193,3744,14,1,5
39194,11897,42,1,10
39195,11897,40,1,10
39196,12199,84,2,20
39197,20014,122,1,15
39198,3140,91,2,5
39199,11991,70,3,20
39200,11991,3,1,30
39201,11991,118,2,10
39202,19334,76,1,15
39203,12627,14,4,0
39204,12627,147,1,5
39205,12627,67,3,5
39206,23746,54,2,0
39207,23746,128,3,5
39208,10860,19,1,0
39209,2378,117,1,0
39210,2378,28,3,0
39211,6117,66,3,0
39212,17431,10,1,0
39213,17431,117,1,15
39214,17431,146,4,5
39215,5883,71,2,0
39216,3363,22,1,20
39217,21362,59,2,10
39218,21362,147,1,5
39219,19368,117,1,5
39220,19368,3,1,20
39221,19368,133,4,20
39222,12611,117,2,0
39223,12611,72,1,5
39224,9046,19,1,5
39225,9046,8,4,10
39226,22634,43,1,10
39227,22634,95,3,10
39228,6254,104,3,5
39229,23079,38,2,0
39230,671,136,1,10
39231,671,111,1,25
39232,671,50,1,0
39233,671,90,1,15
39234,20473,88,1,10
39235,20473,47,2,0
39236,20473,128,1,0
39237,20473,133,1,10
39238,15913,78,1,5
39239,155,117,1,5
39240,23090,73,2,25
39241,23090,17,1,20
39242,23090,141,2,30
39243,22456,42,1,0
39244,22456,115,1,5
39245,14428,102,1,15
39246,16474,132,1,10
39247,14528,73,2,5
39248,14528,90,1,20
39249,14528,3,3,0
39250,14528,100,2,15
39251,21324,29,3,10
39252,21324,53,2,10
39253,17106,75,1,20
39254,13044,72,1,20
39255,13044,104,1,5
39256,4619,125,1,10
39257,4619,19,1,25
39258,10417,10,3,15
39259,10375,102,1,0
39260,23170,66,1,0
39261,3198,3,2,30
39262,13484,140,1,10
39263,6627,133,1,0
39264,13878,3,1,5
39265,13878,105,1,5
39266,12718,71,1,10
39267,12718,70,2,5
39268,8002,37,2,10
39269,8478,66,1,15
39270,8478,33,1,0
39271,2402,68,2,0
39272,2402,105,3,15
39273,2402,72,1,10
39274,2402,62,1,20
39275,9951,65,3,10
39276,3760,33,2,20
39277,16742,24,1,25
39278,22152,73,1,25
39279,9814,103,2,0
39280,15023,68,2,20
39281,15023,141,2,20
39282,3214,137,3,20
39283,11500,19,1,0
39284,11500,53,2,0
39285,16056,13,2,20
39286,16947,95,2,5
39287,18284,128,1,0
39288,23424,50,1,30
39289,4686,49,1,5
39290,24428,43,3,15
39291,13316,118,1,15
39292,7932,63,1,20
39293,12010,50,1,0
39294,8160,115,1,25
39295,8160,90,1,15
39296,3867,124,1,10
39297,13540,35,1,10
39298,13540,90,1,20
39299,10341,117,2,10
39300,10341,41,3,0
39301,10341,38,1,15
39302,10341,85,1,20
39303,10781,124,1,20
39304,23848,31,1,20
39305,17273,17,2,10
39306,14607,147,1,0
39307,14607,48,1,5
39308,22002,46,2,10
39309,12831,14,2,15
39310,12831,94,1,5
39311,519,149,1,0
39312,10672,19,1,10
39313,10672,68,1,10
39314,10672,10,1,10
39315,24273,29,1,10
39316,24273,71,1,5
39317,24941,41,1,25
39318,24941,133,1,15
39319,19204,124,1,0
39320,19204,8,1,15
39321,19204,125,1,15
39322,19799,144,1,15
39323,4718,137,2,5
39324,4718,55,2,15
39325,4718,62,1,30
39326,10247,124,1,0
39327,10247,104,1,20
39328,19922,16,2,0
39329,20652,133,4,15
39330,14212,22,1,20
39331,11705,95,1,15
39332,11705,118,1,10
39333,781,43,2,15
39334,21398,49,1,5
39335,21398,52,1,25
39336,21398,28,1,25
39337,21398,117,1,5
39338,20151,102,3,0
39339,21733,96,2,10
39340,24590,81,2,10
39341,11836,140,1,0
39342,18582,66,3,5
39343,20337,117,1,10
39344,20337,116,1,25
39345,1077,71,1,0
39346,24420,105,1,20
39347,24291,59,1,5
39348,19926,125,1,15
39349,19926,20,1,0
39350,19926,100,2,25
39351,24392,104,2,15
39352,6056,73,1,5
39353,23504,117,1,0
39354,23504,91,2,10
39355,18423,13,1,20
39356,18423,74,4,15
39357,3971,66,2,10
39358,24365,40,2,5
39359,9505,133,3,0
39360,9505,6,1,0
39361,23156,84,1,10
39362,23156,72,3,25
39363,6598,68,1,10
39364,11051,45,1,20
39365,3606,2,1,0
39366,3606,117,1,25
39367,5423,96,1,0
39368,14882,1,3,10
39369,9675,141,1,0
39370,9675,142,1,5
39371,24680,5,1,30
39372,24680,125,1,10
39373,12966,149,2,0
39374,12966,95,2,0
39375,12966,91,1,5
39376,12966,21,1,15
39377,16204,42,1,25
39378,14053,96,1,25
39379,14053,91,4,15
39380,16157,103,1,0
39381,16157,117,1,15
39382,53,96,1,0
39383,866,47,1,15
39384,7390,42,2,10
39385,7390,124,1,10
39386,7390,71,1,0
39387,16131,136,2,20
39388,19148,20,3,20
39389,21571,107,2,20
39390,21334,126,3,20
39391,6625,118,1,10
39392,1944,134,1,10
39393,1944,140,1,25
39394,5327,62,1,5
39395,1816,142,1,5
39396,1816,43,1,0
39397,1816,76,4,30
39398,5968,68,3,5
39399,20632,48,1,10
39400,5397,28,1,5
39401,11142,87,1,20
39402,11142,98,1,0
39403,11925,71,2,30
39404,24192,53,1,15
39405,20835,89,1,25
39406,7187,40,1,10
39407,7187,17,1,10
39408,7187,139,1,0
39409,22346,149,2,10
39410,22346,1,1,0
39411,13988,128,2,10
39412,22041,84,1,15
39413,13845,142,1,10
39414,13845,3,1,15
39415,13845,117,2,25
39416,21962,69,1,20
39417,21962,73,1,0
39418,21962,78,1,10
39419,22301,19,1,20
39420,19452,72,4,20
39421,14731,124,2,15
39422,14731,6,2,0
39423,24631,84,1,25
39424,19012,125,2,5
39425,19012,89,2,20
39426,9766,54,2,20
39427,6590,75,1,5
39428,6590,141,3,5
39429,6590,117,1,15
39430,6590,3,1,10
39431,16431,137,1,20
39432,16431,42,2,0
39433,16431,15,1,5
39434,16431,95,1,10
39435,6992,90,4,25
39436,6992,126,1,5
39437,6992,115,1,10
39438,11481,90,1,0
39439,11481,56,1,10
39440,10944,42,1,15
39441,6470,66,2,0
39442,6470,145,1,25
39443,24642,28,1,10
39444,23133,33,1,0
39445,12440,66,3,25
39446,12440,122,1,15
39447,12440,84,2,0
39448,15921,93,2,25
39449,24608,54,1,0
39450,24608,21,1,15
39451,7759,66,3,10
39452,7759,74,1,25
39453,7759,41,3,20
39454,9837,139,2,5
39455,9837,42,2,10
39456,18247,21,1,0
39457,6292,68,1,0
39458,7934,37,2,10
39459,7934,128,1,0
39460,7934,71,1,0
39461,7934,65,1,5
39462,16902,91,1,20
39463,9571,46,1,5
39464,12207,67,2,5
39465,2195,37,1,0
39466,16809,136,2,25
39467,3319,102,2,5
39468,23518,55,2,10
39469,23518,146,1,15
39470,23518,95,4,5
39471,23518,128,1,15
39472,9948,67,1,20
39473,9948,81,1,20
39474,9802,8,1,25
39475,9802,3,3,30
39476,9802,116,1,15
39477,17642,89,3,5
39478,17642,71,2,15
39479,20935,55,2,0
39480,20935,87,1,20
39481,20935,86,2,20
39482,20935,93,1,0
39483,10561,64,1,5
39484,10561,27,2,5
39485,14128,41,2,25
39486,14128,141,1,5
39487,21609,53,1,10
39488,21609,71,3,10
39489,1358,93,1,0
39490,1358,68,2,10
39491,5040,45,2,5
39492,5040,28,1,5
39493,5040,139,1,0
39494,22280,54,1,5
39495,22280,90,1,25
39496,22280,70,1,20
39497,19957,8,1,25
39498,13750,136,3,15
39499,5178,89,1,20
39500,20433,55,2,15
39501,10671,54,1,10
39502,2371,104,3,10
39503,1667,43,1,15
39504,1667,124,2,10
39505,4441,66,1,15
39506,4441,6,1,20
39507,2656,4,1,15
39508,7822,56,1,0
39509,7822,68,1,5
39510,7822,35,1,25
39511,7822,28,1,10
39512,9191,1,1,0
39513,9191,106,1,25
39514,21394,71,4,30
39515,21394,122,1,5
39516,21394,102,1,20
39517,371,76,1,20
39518,9785,126,2,5
39519,16297,117,2,20
39520,14439,128,1,5
39521,21342,71,1,0
39522,21342,90,1,25
39523,8492,54,3,10
39524,8492,117,1,0
39525,15112,117,1,10
39526,15112,83,3,30
39527,15112,144,1,20
39528,3026,53,1,20
39529,3026,66,1,0
39530,1290,146,1,0
39531,8332,90,1,5
39532,1922,19,1,0
39533,17330,73,1,10
39534,17330,45,1,5
39535,12035,110,2,5
39536,19572,141,1,20
39537,19572,73,1,30
39538,19572,41,2,0
39539,8464,145,1,10
39540,2150,20,3,10
39541,8125,14,1,15
39542,8125,76,1,20
39543,8125,30,1,30
39544,2266,26,1,10
39545,1824,88,2,10
39546,9574,91,1,5
39547,9574,29,1,0
39548,1518,28,2,20
39549,9879,128,1,30
39550,9879,71,1,5
39551,9879,73,2,15
39552,19441,68,1,10
39553,12075,14,1,10
39554,12075,96,1,10
39555,987,126,1,10
39556,2544,52,1,30
39557,2544,124,2,10
39558,16588,66,2,10
39559,16588,96,1,15
39560,18455,91,3,15
39561,18455,68,1,15
39562,12596,52,1,10
39563,23194,91,1,5
39564,23194,71,3,0
39565,22040,106,1,20
39566,19259,42,3,10
39567,13235,93,1,20
39568,15372,117,1,5
39569,10159,15,1,20
39570,3842,140,2,5
39571,3842,124,2,10
39572,3842,53,3,15
39573,4385,31,1,20
39574,4360,11,2,0
39575,4360,66,2,20
39576,5586,98,1,30
39577,5586,128,2,10
39578,7990,102,1,20
39579,7990,93,2,25
39580,8802,105,3,5
39581,8802,60,1,0
39582,12922,85,2,10
39583,5516,107,2,15
39584,5516,47,1,5
39585,5516,6,2,5
39586,10383,124,2,20
39587,7002,139,1,10
39588,6405,93,1,15
39589,6405,27,1,5
39590,14815,124,1,10
39591,10313,104,3,0
39592,7108,121,1,20
39593,7108,142,2,30
39594,13398,83,1,25
39595,10564,48,1,0
39596,2192,118,1,10
39597,2192,103,2,20
39598,9570,88,1,20
39599,9570,63,1,15
39600,9570,73,2,15
39601,9570,83,4,5
39602,5251,140,2,20
39603,3171,67,1,0
39604,21254,93,1,10
39605,132,64,3,10
39606,132,144,2,15
39607,2644,81,2,25
39608,2644,117,2,10
39609,2644,73,2,20
39610,2644,124,1,10
39611,23462,6,1,5
39612,14835,91,1,5
39613,12437,70,1,0
39614,19960,63,1,0
39615,19960,90,2,10
39616,21945,104,2,0
39617,15645,102,1,10
39618,14495,32,1,25
39619,16833,102,2,10
39620,16833,124,1,10
39621,22176,62,4,0
39622,12687,121,3,10
39623,18834,50,1,25
39624,18297,121,1,0
39625,18297,67,2,15
39626,10613,102,1,15
39627,5173,45,2,0
39628,19432,63,1,10
39629,9018,144,1,0
39630,9018,102,2,15
39631,19879,35,2,5
39632,19879,66,2,10
39633,19879,141,1,15
39634,13927,98,1,0
39635,4380,64,3,0
39636,9824,93,1,15
39637,11855,56,1,25
39638,18885,73,1,10
39639,7185,70,1,0
39640,7185,20,1,20
39641,10180,63,1,0
39642,10180,60,1,15
39643,21419,102,2,15
39644,13472,88,2,0
39645,2609,90,3,20
39646,2609,118,1,0
39647,1096,136,2,15
39648,1096,31,1,15
39649,21427,98,1,0
39650,6172,128,1,0
39651,6172,73,1,10
39652,6172,14,1,25
39653,8395,66,1,10
39654,24684,96,1,10
39655,24684,81,1,25
39656,13052,124,1,30
39657,2018,115,2,20
39658,2664,146,1,10
39659,2664,35,1,20
39660,2664,139,2,25
39661,2664,86,1,25
39662,18271,116,1,25
39663,24502,145,3,0
39664,24502,128,1,0
39665,1625,19,3,15
39666,1625,138,1,0
39667,3121,141,1,10
39668,2005,115,1,0
39669,2005,113,2,5
39670,2005,139,1,5
39671,5172,101,1,5
39672,5172,105,1,25
39673,5172,128,1,15
39674,5172,123,1,5
39675,1325,83,1,15
39676,1325,28,1,15
39677,9315,116,1,5
39678,5043,144,1,10
39679,5043,53,1,10
39680,5043,117,1,0
39681,17578,91,1,0
39682,19985,90,1,25
39683,11831,73,1,5
39684,11831,14,1,10
39685,5249,133,1,0
39686,5249,71,1,0
39687,5249,113,2,25
39688,35,15,2,25
39689,35,91,1,0
39690,17267,140,1,0
39691,23057,75,1,15
39692,6094,40,4,10
39693,18398,26,3,25
39694,18398,36,3,0
39695,18398,53,2,5
39696,2393,126,2,0
39697,11064,140,2,20
39698,5420,81,1,5
39699,5420,34,1,10
39700,6118,68,2,15
39701,6118,125,1,10
39702,3696,143,3,10
39703,3696,93,2,30
39704,1434,122,1,5
39705,19213,66,1,25
39706,7346,3,1,20
39707,18786,117,2,0
39708,17937,21,2,15
39709,17937,14,3,5
39710,17937,141,1,5
39711,23573,69,3,10
39712,20195,69,1,0
39713,6230,93,2,10
39714,6230,60,1,20
39715,20111,128,1,25
39716,480,38,4,10
39717,7620,10,1,20
39718,8927,104,1,10
39719,18483,84,1,20
39720,18483,100,2,15
39721,18483,142,3,20
39722,10636,20,1,10
39723,10636,60,2,5
39724,12315,91,3,0
39725,12315,70,2,10
39726,12315,42,2,0
39727,3391,135,1,15
39728,8420,102,3,10
39729,8420,32,1,0
39730,13635,90,1,0
39731,4746,128,1,0
39732,4746,123,1,15
39733,4746,117,1,0
39734,6491,75,1,0
39735,23020,136,1,5
39736,24559,138,1,20
39737,7323,14,1,5
39738,7323,126,4,10
39739,3279,132,2,15
39740,3279,141,1,25
39741,24739,148,4,0
39742,1008,98,1,0
39743,1008,105,1,5
39744,19646,130,1,15
39745,19646,6,1,10
39746,19646,116,1,10
39747,23635,19,1,15
39748,17054,133,1,15
39749,18774,93,1,10
39750,8912,81,1,0
39751,8912,139,1,25
39752,8912,24,1,25
39753,24984,29,1,0
39754,2103,42,1,5
39755,20012,73,1,0
39756,14845,88,1,30
39757,22960,91,4,0
39758,4415,56,1,15
39759,4415,28,4,10
39760,20923,90,1,0
39761,20923,132,2,15
39762,20923,89,2,0
39763,13092,96,2,0
39764,20315,25,2,30
39765,18397,45,1,15
39766,16735,14,1,20
39767,16735,147,1,0
39768,5013,136,2,25
39769,5013,90,1,5
39770,5013,91,2,10
39771,1217,95,1,5
39772,6293,95,1,25
39773,3218,20,1,20
39774,19219,104,1,30
39775,14100,149,1,10
39776,14100,81,1,10
39777,14344,124,1,10
39778,5623,73,1,0
39779,21150,34,1,0
39780,7189,65,1,10
39781,6913,142,1,5
39782,18377,54,1,10
39783,18377,65,1,0
39784,15304,21,1,15
39785,15304,128,1,0
39786,15304,107,1,10
39787,21771,53,1,0
39788,21771,102,3,5
39789,4742,66,1,10
39790,22660,116,1,10
39791,11807,6,1,15
39792,11807,136,2,0
39793,5667,16,1,20
39794,5667,142,1,10
39795,36,133,2,10
39796,14883,64,2,25
39797,14883,63,2,15
39798,7914,129,1,25
39799,7914,138,4,15
39800,20774,1,2,0
39801,20774,71,1,5
39802,20774,50,1,20
39803,17989,95,2,10
39804,24758,28,1,30
39805,1670,27,1,0
39806,17159,141,1,20
39807,12076,45,1,0
39808,19817,69,1,25
39809,19102,104,3,10
39810,6800,76,1,5
39811,19795,124,3,15
39812,19795,129,2,20
39813,20263,107,1,15
39814,20263,47,1,15
39815,9319,103,1,0
39816,9319,61,2,10
39817,9319,139,1,0
39818,12053,141,2,10
39819,24785,104,1,20
39820,24785,141,1,0
39821,8547,107,2,5
39822,15006,64,2,0
39823,15006,117,3,0
39824,22404,117,1,30
39825,22404,71,1,0
39826,23965,93,1,0
39827,8358,67,1,15
39828,8358,96,1,10
39829,20966,20,3,30
39830,18666,3,2,0
39831,18666,128,4,5
39832,20530,67,1,25
39833,20530,76,1,15
39834,20530,28,1,15
39835,3826,3,1,20
39836,3826,90,1,15
39837,15061,105,1,0
39838,15061,51,1,5
39839,15061,96,1,10
39840,2117,101,3,15
39841,2117,14,1,5
39842,2851,53,1,5
39843,2851,123,1,10
39844,10850,93,2,15
39845,23429,63,1,25
39846,6001,57,1,30
39847,3977,42,2,0
39848,18343,68,3,15
39849,18343,96,1,5
39850,18343,52,1,30
39851,16929,61,1,20
39852,16929,104,1,0
39853,16929,95,1,5
39854,16929,23,1,10
39855,17314,28,1,20
39856,21087,142,2,10
39857,17265,66,1,10
39858,19618,78,2,5
39859,19618,98,2,0
39860,13199,111,1,10
39861,6298,84,2,10
39862,19370,124,1,5
39863,19370,141,1,15
39864,9645,14,2,15
39865,9645,54,1,15
39866,4669,99,1,30
39867,15266,75,3,5
39868,23807,149,1,10
39869,23807,141,1,15
39870,24120,131,1,0
39871,13318,90,1,20
39872,17929,90,1,15
39873,22430,146,1,15
39874,22430,125,1,5
39875,6221,141,3,0
39876,24581,134,1,10
39877,15994,4,2,10
39878,15994,24,1,10
39879,23117,63,1,20
39880,23117,28,1,20
39881,19498,98,2,20
39882,19498,112,3,5
39883,19323,53,1,10
39884,18501,102,1,25
39885,7236,111,1,20
39886,7236,95,3,5
39887,7163,54,1,20
39888,7163,68,2,10
39889,16106,64,1,20
39890,16106,33,3,20
39891,16106,75,1,0
39892,9491,71,2,30
39893,9491,17,1,5
39894,6885,46,2,10
39895,6885,27,1,20
39896,6885,128,3,10
39897,6885,146,1,10
39898,15784,93,1,20
39899,9003,2,1,25
39900,7479,2,1,5
39901,7479,55,1,0
39902,12036,80,1,0
39903,16279,42,1,5
39904,8404,124,2,15
39905,2933,14,1,10
39906,3768,43,1,5
39907,11926,52,2,0
39908,4136,71,1,0
39909,7182,19,1,5
39910,7373,47,1,25
39911,7373,72,1,25
39912,7373,66,2,15
39913,7373,150,2,10
39914,21845,90,2,0
39915,7467,38,1,15
39916,7580,145,2,10
39917,7580,90,1,15
39918,9303,19,2,10
39919,4884,95,1,15
39920,20767,52,1,10
39921,4975,114,1,0
39922,4975,3,1,25
39923,4656,76,3,20
39924,19299,60,1,10
39925,19299,141,1,25
39926,9920,98,2,10
39927,9920,43,1,10
39928,2472,19,1,10
39929,2472,27,1,0
39930,14472,87,1,0
39931,8331,7,1,5
39932,5540,63,3,5
39933,5540,66,2,5
39934,5540,71,3,10
39935,5540,141,1,0
39936,13601,96,1,10
39937,9161,14,2,5
39938,18557,73,1,25
39939,3988,137,1,10
39940,881,104,1,25
39941,14962,28,1,0
39942,14962,64,2,5
39943,14962,66,1,10
39944,18842,145,2,15
39945,18842,141,2,0
39946,18842,105,1,5
39947,6763,143,2,20
39948,20623,95,1,0
39949,12395,2,1,10
39950,12395,103,1,10
39951,22027,117,2,5
39952,21791,37,1,10
39953,1340,117,2,20
39954,2451,128,2,10
39955,14360,31,2,15
39956,14360,8,1,0
39957,14360,78,1,0
39958,14360,146,1,5
39959,12341,89,1,5
39960,12341,60,1,5
39961,20456,94,1,0
39962,9497,53,2,0
39963,9497,29,2,15
39964,10382,142,1,0
39965,17892,48,4,15
39966,17892,21,1,25
39967,17892,90,4,0
39968,17892,14,1,20
39969,23039,96,1,20
39970,23567,71,2,25
39971,4810,25,2,0
39972,4810,104,2,10
39973,4810,96,1,25
39974,4810,98,1,5
39975,15721,124,1,20
39976,15537,12,1,15
39977,15537,33,1,15
39978,15701,141,1,20
39979,15701,72,2,10
39980,18456,19,2,20
39981,9353,21,1,0
39982,3543,53,1,10
39983,6607,142,1,15
39984,6607,113,1,5
39985,6607,124,1,0
39986,6607,50,1,15
39987,21917,47,1,5
39988,23344,125,2,30
39989,23344,128,1,25
39990,14324,115,1,25
39991,14324,19,2,10
39992,14324,48,1,0
39993,5147,139,1,15
39994,23408,128,3,10
39995,23408,73,2,10
39996,23408,84,2,0
39997,23408,88,3,0
39998,16590,24,4,15
39999,16590,21,3,5
40000,10675,59,1,0
40001,22100,110,1,10
40002,22100,95,3,25
40003,19153,64,1,0
40004,12980,50,3,25
40005,1742,6,1,15
40006,13026,143,2,0
40007,2907,115,1,15
40008,590,140,2,15
40009,2282,146,1,5
40010,2282,43,2,10
40011,2282,71,3,0
40012,2282,86,3,0
40013,18626,138,1,5
40014,18626,46,1,5
40015,6275,3,1,5
40016,16465,62,1,0
40017,10905,88,1,5
40018,10905,117,1,20
40019,10905,36,1,0
40020,23738,115,1,10
40021,23738,42,1,0
40022,10409,45,3,15
40023,22082,84,1,15
40024,21069,68,1,10
40025,3521,141,1,10
40026,6297,93,2,5
40027,6297,54,4,10
40028,17734,111,1,30
40029,10712,28,1,0
40030,14411,46,2,0
40031,14411,70,4,30
40032,23086,26,1,15
40033,20505,52,1,20
40034,9418,149,1,10
40035,9418,63,1,30
40036,22704,15,1,15
40037,22704,118,3,25
40038,1241,148,1,0
40039,1241,109,2,10
40040,8367,64,2,0
40041,9425,47,3,15
40042,9425,12,1,0
40043,19873,104,1,15
40044,6557,104,3,15
40045,19776,148,3,15
40046,6569,2,1,10
40047,7963,88,2,0
40048,7963,75,4,5
40049,21034,37,1,0
40050,21034,117,4,5
40051,21034,46,1,0
40052,8818,91,1,25
40053,6780,60,1,0
40054,1020,31,1,0
40055,17963,28,3,0
40056,17963,96,2,10
40057,6785,55,1,10
40058,16906,81,1,10
40059,4617,46,1,30
40060,18392,103,1,20
40061,18392,102,1,5
40062,22646,91,1,10
40063,6360,43,1,10
40064,6360,84,1,5
40065,2100,140,2,20
40066,2100,90,1,10
40067,2100,124,1,0
40068,2100,81,1,5
40069,7222,78,1,0
40070,23919,129,1,0
40071,22544,78,4,0
40072,4576,37,1,0
40073,19395,125,1,5
40074,3827,140,1,15
40075,4936,148,1,10
40076,5266,116,1,0
40077,12286,102,1,20
40078,14437,143,1,15
40079,13224,76,1,5
40080,20431,142,1,0
40081,3101,128,1,5
40082,2854,145,1,25
40083,17622,55,2,10
40084,17622,94,2,5
40085,17622,105,1,10
40086,17622,3,1,5
40087,12579,126,1,10
40088,10359,72,1,0
40089,21694,128,1,25
40090,6214,6,2,5
40091,891,2,1,5
40092,891,71,2,20
40093,18965,86,1,0
40094,18965,140,1,25
40095,45,141,1,20
40096,45,117,2,0
40097,6945,125,1,0
40098,6945,71,2,0
40099,5910,96,1,5
40100,5910,55,2,20
40101,19089,38,1,5
40102,222,107,1,20
40103,222,25,1,5
40104,5468,147,1,10
40105,8094,110,1,0
40106,21415,133,2,5
40107,12844,54,3,5
40108,22052,63,4,10
40109,15829,66,3,5
40110,15829,10,1,5
40111,15829,140,1,20
40112,15829,124,2,5
40113,14562,137,1,20
40114,18750,117,1,5
40115,18750,124,1,15
40116,5052,141,1,25
40117,5052,72,1,30
40118,7362,3,1,20
40119,15179,146,2,0
40120,15179,98,1,0
40121,15179,75,1,20
40122,15179,117,1,30
40123,208,70,1,10
40124,6611,104,3,10
40125,6611,96,1,20
40126,6611,128,1,0
40127,10459,107,1,15
40128,13240,112,1,15
40129,3505,10,1,5
40130,3505,150,2,10
40131,3856,147,1,5
40132,3856,17,2,20
40133,3856,32,1,5
40134,3856,35,1,10
40135,6629,149,3,20
40136,65,43,4,0
40137,65,52,1,15
40138,1348,65,1,15
40139,5834,68,1,10
40140,5834,61,1,5
40141,1242,14,1,0
40142,1242,69,1,5
40143,12043,139,3,0
40144,12043,15,4,20
40145,12043,121,3,25
40146,12407,77,2,15
40147,19677,34,1,15
40148,23075,31,1,5
40149,23075,128,2,20
40150,22294,136,2,10
40151,22294,46,1,15
40152,22294,90,1,15
40153,15611,128,1,5
40154,10867,96,1,5
40155,10867,69,2,20
40156,22691,99,3,10
40157,19842,66,1,20
40158,19842,2,1,20
40159,20809,60,1,10
40160,20809,71,1,0
40161,4113,124,2,10
40162,4113,62,1,10
40163,16031,140,1,20
40164,16031,146,1,5
40165,20174,75,1,5
40166,20174,116,1,20
40167,11849,43,1,5
40168,4463,117,2,0
40169,4463,61,1,0
40170,4463,37,4,0
40171,23235,61,2,0
40172,23235,91,1,0
40173,23235,14,1,20
40174,4755,21,1,5
40175,4755,28,2,0
40176,4755,148,1,0
40177,4755,56,2,15
40178,5603,139,1,30
40179,5603,93,1,15
40180,23888,128,2,5
40181,23888,130,3,10
40182,23888,60,1,25
40183,9383,122,1,10
40184,9383,42,2,20
40185,18355,76,2,15
40186,18355,52,2,0
40187,18375,56,3,10
40188,18375,126,3,25
40189,18375,101,2,10
40190,17581,105,1,25
40191,11833,118,1,25
40192,4382,144,4,20
40193,4382,14,2,15
40194,4498,112,2,10
40195,4498,141,1,0
40196,3940,47,1,15
40197,15997,77,1,30
40198,15997,148,1,0
40199,15997,28,1,20
40200,15997,128,1,25
40201,21649,75,1,0
40202,21649,124,1,0
40203,2955,143,4,10
40204,2955,26,1,0
40205,1027,6,2,10
40206,16460,19,2,15
40207,14673,62,1,25
40208,3931,29,1,0
40209,24868,60,1,10
40210,16407,140,1,0
40211,2590,116,1,15
40212,24087,141,1,20
40213,24087,122,1,20
40214,16640,60,1,20
40215,7023,56,4,5
40216,6129,54,1,15
40217,6129,91,1,0
40218,6129,100,1,0
40219,16396,30,2,5
40220,12511,14,1,15
40221,12511,126,1,25
40222,9442,149,1,0
40223,9442,37,1,15
40224,464,139,1,10
40225,24561,73,1,0
40226,24561,141,1,20
40227,3509,141,2,15
40228,3509,134,4,0
40229,12326,42,3,10
40230,12326,125,1,0
40231,11868,80,1,10
40232,11868,104,1,0
40233,16500,53,1,0
40234,21315,117,2,20
40235,21364,117,2,15
40236,119,45,1,25
40237,119,116,1,30
40238,11895,6,1,5
40239,13040,117,1,15
40240,8972,45,1,10
40241,8972,118,1,20
40242,8972,128,3,20
40243,15456,42,2,0
40244,639,93,1,25
40245,3530,45,1,5
40246,24399,42,1,15
40247,24399,126,1,10
40248,24399,91,1,10
40249,12007,14,1,15
40250,12007,71,1,15
40251,18870,65,2,15
40252,18870,144,1,10
40253,2527,67,3,5
40254,2527,75,1,15
40255,11940,2,1,20
40256,18548,117,3,20
40257,18548,73,1,15
40258,18548,102,1,0
40259,11457,1,3,15
40260,8686,74,1,0
40261,8686,110,2,20
40262,14924,84,1,30
40263,14924,93,1,15
40264,14924,37,1,15
40265,16227,6,1,0
40266,16227,46,1,15
40267,16227,15,1,5
40268,16227,75,1,20
40269,16934,55,1,30
40270,16934,115,3,5
40271,6226,70,1,15
40272,6226,91,2,0
40273,8119,42,3,5
40274,8119,70,2,15
40275,19771,3,1,5
40276,23358,148,1,0
40277,4758,117,2,10
40278,20396,36,1,20
40279,20396,28,1,20
40280,20396,23,1,0
40281,24609,12,2,5
40282,2473,36,1,5
40283,2473,95,2,10
40284,5355,66,3,0
40285,1338,97,1,10
40286,18916,144,1,15
40287,18916,133,3,5
40288,1523,84,1,5
40289,13874,54,1,15
40290,19708,104,1,15
40291,19708,40,1,15
40292,15857,121,1,15
40293,15857,20,2,10
40294,17723,63,1,0
40295,4398,53,1,0
40296,4398,128,2,15
40297,19163,40,1,0
40298,19163,148,1,5
40299,19163,74,1,15
40300,23265,90,1,0
40301,17676,88,1,10
40302,1743,51,1,0
40303,1743,78,3,25
40304,1743,96,1,5
40305,11083,14,2,30
40306,5976,117,1,0
40307,15910,53,1,15
40308,15910,30,3,15
40309,15910,42,1,20
40310,18994,6,1,25
40311,6972,93,1,10
40312,22768,95,2,5
40313,21686,107,2,15
40314,21686,37,1,0
40315,5672,31,1,25
40316,3436,28,4,10
40317,3436,55,1,15
40318,5565,104,1,0
40319,5565,63,2,20
40320,6634,125,1,5
40321,6634,118,3,5
40322,6634,70,3,5
40323,607,91,2,10
40324,579,146,2,5
40325,288,104,1,0
40326,20132,47,3,15
40327,20132,37,1,25
40328,20132,88,1,15
40329,3588,61,3,5
40330,7691,116,1,20
40331,8636,142,3,30
40332,8636,134,1,10
40333,21926,24,4,0
40334,21926,76,2,10
40335,21926,90,1,0
40336,13228,117,1,10
40337,13228,71,1,10
40338,23489,140,1,15
40339,20585,134,3,0
40340,10485,104,2,0
40341,19216,67,3,20
40342,3463,117,2,0
40343,3463,139,2,20
40344,13751,4,1,15
40345,13751,78,2,5
40346,6155,126,1,10
40347,4644,146,4,30
40348,23827,58,3,0
40349,18164,70,2,20
40350,18164,88,3,10
40351,24782,67,1,5
40352,12479,127,2,0
40353,12479,76,1,5
40354,14565,85,2,0
40355,1144,139,2,20
40356,2556,113,1,0
40357,3053,42,1,15
40358,24257,66,2,0
40359,24257,140,1,0
40360,24257,129,3,5
40361,6775,126,1,20
40362,19138,14,1,10
40363,19138,91,1,5
40364,10659,81,1,20
40365,19937,99,1,0
40366,4265,6,2,0
40367,4265,9,1,0
40368,4265,90,2,0
40369,15995,17,1,10
40370,15995,125,1,10
40371,399,67,1,0
40372,399,90,3,10
40373,3928,60,1,0
40374,24406,28,1,0
40375,3701,29,1,20
40376,17066,43,1,10
40377,17066,133,1,0
40378,12105,137,1,10
40379,12105,42,1,15
40380,12105,64,2,10
40381,10941,141,1,20
40382,10941,99,1,5
40383,16311,3,1,15
40384,16311,28,2,15
40385,5427,7,4,5
40386,18390,19,1,30
40387,18390,37,1,10
40388,23818,132,1,15
40389,20236,63,2,0
40390,20387,73,2,15
40391,20387,96,1,10
40392,20387,1,1,10
40393,2419,91,1,25
40394,2419,8,1,15
40395,11942,133,1,10
40396,11942,45,1,30
40397,22150,14,1,10
40398,5042,140,1,10
40399,19189,76,1,10
40400,5561,140,1,20
40401,5561,37,1,10
40402,5561,103,1,5
40403,5561,148,3,10
40404,9482,102,1,10
40405,5250,124,2,0
40406,5250,3,2,10
40407,3906,60,1,15
40408,3906,141,2,0
40409,4627,43,1,15
40410,4627,139,1,20
40411,12379,143,1,20
40412,2433,42,2,25
40413,10693,87,1,5
40414,10693,124,2,0
40415,10693,143,1,10
40416,13050,29,2,5
40417,13050,75,3,15
40418,13050,14,1,25
40419,13050,126,2,15
40420,2464,48,2,0
40421,2464,41,1,25
40422,19835,54,1,10
40423,20393,71,2,20
40424,16206,54,2,5
40425,24539,28,1,5
40426,24539,122,1,0
40427,24539,63,1,25
40428,24539,128,1,15
40429,15803,14,2,15
40430,15803,125,1,25
40431,5127,87,2,0
40432,5127,118,3,0
40433,7272,36,1,20
40434,7272,102,1,30
40435,12139,124,3,15
40436,23154,93,3,10
40437,12675,117,2,15
40438,3598,140,1,5
40439,19751,129,1,5
40440,19751,96,3,5
40441,15212,27,3,5
40442,15212,38,2,15
40443,15212,117,1,20
40444,19230,67,1,5
40445,24136,90,1,15
40446,21820,95,1,0
40447,21820,42,1,5
40448,20781,54,2,25
40449,20781,127,2,30
40450,20781,118,2,5
40451,23340,65,1,20
40452,349,103,1,0
40453,10317,117,2,5
40454,23127,134,2,10
40455,23127,126,3,30
40456,1547,128,1,15
40457,1547,144,1,0
40458,14477,128,2,0
40459,24490,43,1,0
40460,11607,73,2,15
40461,11607,104,1,5
40462,19027,116,1,10
40463,14940,17,1,10
40464,14940,90,2,10
40465,23210,64,1,30
40466,22405,17,1,0
40467,10852,6,1,10
40468,10852,53,4,10
40469,10852,117,2,15
40470,16417,42,1,5
40471,16417,91,4,25
40472,16417,36,3,10
40473,21125,2,1,25
40474,21125,93,1,25
40475,704,146,1,10
40476,704,143,3,5
40477,704,124,1,10
40478,704,43,1,15
40479,10575,96,2,5
40480,9362,73,3,25
40481,16245,37,1,5
40482,10868,103,1,5
40483,10868,28,1,0
40484,3796,28,1,15
40485,8084,71,3,10
40486,8083,102,1,10
40487,8083,91,1,10
40488,24415,46,1,15
40489,5195,21,1,0
40490,22278,71,2,20
40491,22278,42,1,25
40492,22278,26,1,10
40493,23432,91,2,0
40494,23432,96,1,10
40495,12403,105,1,0
40496,12403,60,3,0
40497,10011,72,1,5
40498,12603,74,1,30
40499,12603,137,3,5
40500,16994,88,1,5
40501,11348,55,2,20
40502,4081,66,3,5
40503,4081,54,1,0
40504,4081,52,1,5
40505,1895,127,4,25
40506,11661,81,1,0
40507,11661,38,1,25
40508,8734,14,1,0
40509,8734,35,1,5
40510,19197,55,1,0
40511,19197,54,2,10
40512,6368,72,1,10
40513,17154,42,1,0
40514,15221,124,1,15
40515,15221,146,2,15
40516,16193,71,2,5
40517,15250,81,1,0
40518,15250,28,2,0
40519,18628,54,1,5
40520,12152,73,2,10
40521,12152,117,1,0
40522,20175,72,2,10
40523,12913,95,2,5
40524,22149,146,2,15
40525,8214,61,1,25
40526,23778,100,2,0
40527,23778,36,1,10
40528,7767,128,1,5
40529,19335,141,2,20
40530,19335,144,1,0
40531,15533,53,1,0
40532,15533,31,2,15
40533,16435,21,1,30
40534,1789,71,1,10
40535,10328,93,1,10
40536,22920,147,1,15
40537,22920,140,1,10
40538,22920,146,1,10
40539,3035,37,2,20
40540,3035,1,1,10
40541,4852,13,2,25
40542,4852,71,2,0
40543,4852,6,2,5
40544,2363,80,1,0
40545,2363,35,2,10
40546,2363,138,1,5
40547,15404,50,1,10
40548,15404,59,1,15
40549,2720,90,4,25
40550,14438,90,1,20
40551,14438,70,1,10
40552,17998,133,2,0
40553,17998,48,2,20
40554,19340,134,1,0
40555,14876,88,4,0
40556,14876,1,1,10
40557,7604,146,1,5
40558,7604,141,2,10
40559,7604,34,1,20
40560,2062,64,1,15
40561,2062,142,1,25
40562,2062,129,1,20
40563,8871,41,1,0
40564,24201,81,4,5
40565,24201,25,1,0
40566,3143,20,1,5
40567,2649,29,1,5
40568,21214,71,2,5
40569,21214,118,1,20
40570,13774,88,1,25
40571,11653,146,1,15
40572,11653,140,1,5
40573,24284,29,1,0
40574,5084,146,2,0
40575,5277,118,1,30
40576,5277,42,1,5
40577,22545,142,4,5
40578,1240,21,2,20
40579,20241,14,1,10
40580,4933,138,1,0
40581,18306,95,1,20
40582,18306,137,1,25
40583,12631,66,2,10
40584,12631,28,1,10
40585,12917,90,1,10
40586,12917,149,1,20
40587,12917,141,3,25
40588,12917,54,2,10
40589,2407,124,1,0
40590,7950,63,1,10
40591,7950,73,1,10
40592,20963,55,1,10
40593,20963,31,1,25
40594,20963,141,2,10
40595,20963,54,1,20
40596,6219,146,2,5
40597,6219,8,1,15
40598,6219,67,1,20
40599,4159,139,1,5
40600,4159,81,2,15
40601,4159,32,2,10
40602,4159,88,2,0
40603,2187,29,2,5
40604,23399,107,1,5
40605,19800,21,1,0
40606,19800,6,2,15
40607,19800,41,2,30
40608,6174,104,1,0
40609,3404,28,3,5
40610,16717,84,2,10
40611,15426,112,1,20
40612,15426,70,1,5
40613,15426,102,1,5
40614,16736,75,1,20
40615,3157,117,1,15
40616,1309,12,2,0
40617,1309,81,3,20
40618,1309,42,1,0
40619,20187,50,1,0
40620,16772,45,1,0
40621,16772,63,1,5
40622,11159,137,1,15
40623,6578,145,1,20
40624,6578,85,1,5
40625,11543,66,2,0
40626,9057,14,1,15
40627,9057,6,2,0
40628,9057,17,3,20
40629,5331,102,1,0
40630,5331,3,1,5
40631,1404,60,2,10
40632,1404,139,1,10
40633,11676,65,3,10
40634,11676,124,2,25
40635,11676,90,1,15
40636,11676,18,1,10
40637,20156,130,1,0
40638,21573,70,1,20
40639,21573,8,1,0
40640,9019,46,1,25
40641,9019,88,1,10
40642,13041,124,1,15
40643,13041,78,1,5
40644,13041,98,1,5
40645,13041,36,1,20
40646,12297,46,2,20
40647,12297,43,1,0
40648,12297,78,2,30
40649,2838,114,1,0
40650,2098,125,1,5
40651,2098,85,3,20
40652,11588,93,1,0
40653,11588,64,1,20
40654,11588,137,2,0
40655,1495,14,1,0
40656,20125,81,3,10
40657,500,81,1,20
40658,500,49,2,10
40659,500,63,1,0
40660,4908,84,2,15
40661,3126,70,2,15
40662,3126,21,1,15
40663,10118,17,1,0
40664,10118,71,1,0
40665,10118,148,1,0
40666,10118,28,1,15
40667,21070,46,1,30
40668,21745,33,3,10
40669,3090,68,1,30
40670,3090,95,1,5
40671,2547,69,1,5
40672,18316,95,1,25
40673,17838,50,1,5
40674,19283,1,1,15
40675,19283,61,1,0
40676,19283,136,1,10
40677,1803,46,3,5
40678,1803,87,1,10
40679,14333,71,2,15
40680,4400,64,2,0
40681,15891,131,3,10
40682,15891,46,2,0
40683,4388,98,1,15
40684,4388,79,1,20
40685,16472,142,1,15
40686,16472,122,2,10
40687,16607,117,1,0
40688,16851,118,1,0
40689,16851,47,1,5
40690,16851,124,1,0
40691,16851,90,1,0
40692,7429,70,1,5
40693,7429,125,1,0
40694,7429,8,1,0
40695,887,85,1,10
40696,6424,117,3,5
40697,6424,131,1,15
40698,7640,124,2,10
40699,22964,90,3,0
40700,8156,133,1,10
40701,2225,141,2,15
40702,2225,42,3,20
40703,21996,90,3,0
40704,21996,128,1,0
40705,10273,28,2,15
40706,12705,104,2,0
40707,12705,21,4,0
40708,12705,1,1,15
40709,12705,141,2,5
40710,7696,54,1,20
40711,7696,60,1,0
40712,7696,93,2,10
40713,2406,66,1,0
40714,2406,42,2,10
40715,12154,102,2,15
40716,19508,70,1,5
40717,19508,141,1,0
40718,14046,73,1,15
40719,1447,100,1,15
40720,1447,42,1,5
40721,2969,1,1,10
40722,8752,90,1,0
40723,22407,28,1,0
40724,19376,14,1,10
40725,19376,137,1,0
40726,4471,141,2,25
40727,16061,117,1,15
40728,11744,124,1,10
40729,1155,95,2,30
40730,22066,91,1,10
40731,20414,117,1,5
40732,18179,141,1,25
40733,14510,124,2,20
40734,14510,71,3,20
40735,2516,117,1,5
40736,3569,104,1,5
40737,1826,90,1,25
40738,16532,41,1,0
40739,5795,146,1,0
40740,717,104,3,10
40741,7398,144,1,5
40742,7398,9,1,10
40743,7398,14,1,10
40744,18821,128,2,15
40745,9276,42,1,30
40746,9276,70,2,10
40747,9276,14,1,20
40748,14590,75,1,5
40749,14590,69,2,0
40750,4462,138,1,20
40751,22917,19,1,5
40752,10880,128,3,0
40753,1373,71,1,15
40754,1373,128,2,5
40755,18701,141,2,0
40756,16740,101,1,15
40757,9939,15,1,20
40758,18002,81,2,25
40759,18002,90,1,5
40760,18002,132,3,0
40761,18002,141,3,0
40762,15186,101,1,15
40763,15186,105,2,25
40764,11559,58,1,0
40765,4689,125,1,0
40766,4689,141,1,5
40767,4689,16,2,15
40768,23307,146,1,0
40769,23307,104,1,10
40770,7819,74,3,0
40771,7819,140,3,25
40772,5794,29,1,5
40773,2514,84,2,15
40774,24552,72,1,10
40775,15273,84,1,0
40776,15273,76,1,0
40777,15273,20,1,0
40778,11642,67,1,15
40779,11642,68,2,15
40780,11642,148,1,15
40781,10711,46,1,0
40782,10711,141,1,10
40783,2467,69,1,5
40784,2467,99,1,5
40785,23171,145,1,5
40786,23171,99,1,20
40787,23171,6,1,5
40788,17218,143,1,10
40789,20109,115,2,0
40790,3455,70,2,15
40791,21570,103,2,15
40792,14584,123,2,20
40793,14584,106,1,5
40794,8086,73,1,5
40795,14913,42,1,0
40796,2068,38,1,5
40797,2068,91,1,20
40798,2068,90,1,20
40799,9453,141,3,20
40800,9453,83,2,15
40801,103,25,2,20
40802,103,6,1,5
40803,7356,99,1,0
40804,15311,72,2,25
40805,4794,132,1,10
40806,4794,29,1,20
40807,2950,118,1,0
40808,11215,121,2,0
40809,23105,76,2,0
40810,22114,42,1,10
40811,22114,66,1,25
40812,22114,96,4,5
40813,15332,60,1,25
40814,15332,107,1,20
40815,12058,140,3,20
40816,2636,1,1,0
40817,2636,54,1,15
40818,23891,91,3,5
40819,19889,19,1,25
40820,24499,42,1,15
40821,24499,124,3,15
40822,18141,129,3,10
40823,18141,91,1,20
40824,23305,2,1,15
40825,23305,60,1,20
40826,8452,73,1,15
40827,8452,88,1,15
40828,8452,90,1,0
40829,15515,66,2,20
40830,15515,73,2,5
40831,10319,90,2,10
40832,8174,31,1,10
40833,17647,117,2,10
40834,19180,149,2,0
40835,19180,102,1,20
40836,19180,71,1,25
40837,23783,118,3,10
40838,23783,136,2,0
40839,23783,23,3,5
40840,23783,84,2,20
40841,2953,58,1,5
40842,1562,1,1,0
40843,1562,26,2,15
40844,1562,129,2,0
40845,18934,104,1,5
40846,4749,101,1,0
40847,22555,141,3,5
40848,22555,128,3,0
40849,15989,86,1,15
40850,5402,12,2,20
40851,12853,71,1,5
40852,12853,15,1,0
40853,20711,95,1,15
40854,20711,117,1,0
40855,20711,76,2,20
40856,22037,48,3,0
40857,12697,146,1,10
40858,6823,66,1,30
40859,7186,118,3,5
40860,1349,124,1,20
40861,1349,33,1,30
40862,24760,72,1,0
40863,24760,60,1,25
40864,6832,102,3,15
40865,6832,124,1,5
40866,6832,19,1,25
40867,1137,14,1,10
40868,6285,104,4,0
40869,18027,55,3,25
40870,21517,28,1,15
40871,5654,42,1,0
40872,13333,41,1,15
40873,13333,149,3,0
40874,21351,122,1,20
40875,4420,22,2,10
40876,4420,103,1,15
40877,17601,70,1,5
40878,20944,33,1,15
40879,20944,105,1,15
40880,3992,72,1,0
40881,3992,46,4,25
40882,18602,12,2,25
40883,18602,118,2,5
40884,11019,66,2,20
40885,11019,63,1,0
40886,11019,104,2,0
40887,23991,20,3,0
40888,7839,40,1,20
40889,17144,68,2,5
40890,17144,42,1,0
40891,17144,117,2,5
40892,17144,28,2,0
40893,19043,139,1,0
40894,19043,76,2,5
40895,890,121,2,5
40896,1876,95,1,10
40897,1876,76,2,20
40898,20819,84,1,20
40899,22684,126,3,20
40900,1146,75,3,0
40901,1146,133,1,0
40902,23315,90,1,0
40903,22141,142,1,5
40904,3811,91,1,10
40905,3811,11,4,10
40906,6403,36,1,20
40907,6403,76,1,15
40908,12862,71,2,15
40909,12862,102,1,10
40910,5727,138,1,25
40911,6738,150,1,5
40912,8355,90,1,20
40913,8355,73,4,5
40914,8355,141,3,10
40915,2808,26,2,10
40916,2808,81,1,10
40917,10562,101,2,5
40918,10562,147,2,5
40919,8289,102,2,30
40920,8289,84,1,5
40921,22236,99,3,10
40922,22236,90,1,5
40923,8755,124,1,20
40924,8755,90,4,25
40925,8755,87,1,20
40926,8755,71,2,5
40927,14225,45,4,20
40928,14225,36,2,15
40929,14225,20,1,10
40930,9412,66,2,15
40931,18077,124,3,15
40932,18077,32,1,10
40933,18077,2,1,15
40934,21466,3,1,5
40935,9749,14,3,10
40936,4708,55,1,0
40937,7269,124,2,15
40938,11542,66,1,0
40939,22460,116,1,0
40940,16600,85,1,20
40941,5813,67,1,0
40942,5813,142,1,5
40943,5813,21,2,10
40944,9947,111,1,25
40945,23031,142,1,0
40946,15772,101,1,25
40947,15772,104,2,5
40948,19233,54,1,0
40949,19233,55,2,20
40950,11255,125,1,30
40951,11255,70,1,5
40952,12219,124,1,5
40953,12219,146,1,0
40954,12219,69,1,5
40955,18274,126,3,10
40956,10495,124,1,30
40957,10495,26,2,5
40958,3951,42,4,10
40959,24905,78,2,20
40960,7477,69,1,0
40961,10537,105,1,20
40962,5947,141,1,25
40963,5947,91,1,10
40964,24370,117,1,25
40965,11045,78,2,0
40966,10761,68,2,15
40967,6813,96,1,25
40968,6813,19,1,20
40969,15851,81,1,15
40970,15851,54,2,0
40971,20357,126,1,20
40972,5486,124,3,5
40973,13788,47,2,25
40974,13788,142,2,0
40975,21805,114,2,10
40976,21805,141,1,10
40977,19234,104,1,0
40978,19234,62,1,20
40979,20354,84,1,30
40980,20390,85,1,5
40981,11598,70,1,15
40982,9033,90,1,15
40983,9033,146,2,15
40984,21565,143,1,20
40985,18596,141,3,10
40986,18596,21,2,25
40987,18596,139,1,5
40988,3626,139,1,0
40989,2480,145,1,5
40990,7259,142,1,5
40991,9551,26,1,5
40992,4745,19,1,25
40993,13334,143,1,15
40994,15494,141,3,25
40995,15494,128,2,5
40996,13395,141,2,25
40997,20010,147,1,10
40998,20010,96,1,15
40999,3387,73,3,15
41000,696,90,1,0
41001,696,64,1,10
41002,18957,37,2,10
41003,20617,124,1,10
41004,12908,140,2,15
41005,8971,141,1,15
41006,8971,102,2,15
41007,8971,123,1,15
41008,7164,47,1,15
41009,7164,143,2,0
41010,15286,71,1,15
41011,15286,88,2,10
41012,2281,40,4,0
41013,2281,48,1,15
41014,11242,19,1,5
41015,23181,93,2,25
41016,23181,64,1,15
41017,23181,24,3,15
41018,14956,81,2,0
41019,21101,66,3,20
41020,21101,95,1,0
41021,8227,102,1,30
41022,20521,28,1,0
41023,20521,8,1,0
41024,20521,128,2,10
41025,14796,43,1,20
41026,8659,75,1,5
41027,8659,118,2,15
41028,5021,14,2,20
41029,11400,141,1,0
41030,11400,126,1,0
41031,12047,95,1,20
41032,18091,118,1,30
41033,18091,42,2,0
41034,14358,68,4,0
41035,14358,137,1,0
41036,2674,78,2,10
41037,7801,6,1,0
41038,1989,76,1,10
41039,15442,37,3,15
41040,22458,96,3,10
41041,15782,90,2,5
41042,15782,139,1,15
41043,22465,71,2,25
41044,22465,45,2,10
41045,22465,75,1,5
41046,2136,116,1,5
41047,2136,136,2,25
41048,2136,65,2,15
41049,2136,76,1,25
41050,21488,19,1,0
41051,15384,72,1,5
41052,12886,14,2,0
41053,12886,104,1,10
41054,12886,85,1,15
41055,12886,76,3,15
41056,8709,15,3,15
41057,8709,10,3,10
41058,10054,47,1,5
41059,17372,89,1,0
41060,11413,66,2,20
41061,3484,30,1,0
41062,6148,122,2,0
41063,17451,140,1,20
41064,17623,72,1,10
41065,7114,54,1,25
41066,8638,146,2,10
41067,14601,137,3,5
41068,14601,104,1,20
41069,14601,20,1,10
41070,21208,102,1,20
41071,21208,28,4,15
41072,24982,48,1,15
41073,24696,20,1,10
41074,24696,117,2,5
41075,24696,89,1,15
41076,8766,124,3,30
41077,10051,139,1,25
41078,10051,124,1,5
41079,22160,70,1,10
41080,5185,104,1,25
41081,22012,80,1,0
41082,18157,95,2,5
41083,18157,142,1,0
41084,18157,54,1,15
41085,23910,28,2,0
41086,7555,141,2,20
41087,17254,147,1,5
41088,20153,3,1,10
41089,20153,43,1,20
41090,16848,142,2,10
41091,16848,66,1,20
41092,21810,142,1,25
41093,21810,66,2,10
41094,21810,80,1,5
41095,849,91,3,10
41096,22657,121,1,10
41097,1385,96,2,0
41098,1385,1,1,10
41099,19362,42,4,25
41100,20222,27,3,15
41101,3328,107,1,15
41102,3328,128,2,0
41103,14827,69,1,5
41104,14095,87,2,15
41105,14095,24,1,10
41106,14095,133,1,5
41107,14214,85,1,10
41108,22733,142,1,0
41109,4153,45,2,5
41110,4153,112,1,15
41111,4153,73,1,25
41112,8058,142,2,20
41113,11794,105,1,15
41114,18119,28,1,20
41115,18119,92,1,0
41116,13761,141,1,15
41117,13761,128,1,10
41118,13761,50,2,15
41119,14301,66,2,25
41120,4290,124,3,20
41121,18650,93,1,0
41122,18705,23,3,0
41123,18705,95,1,5
41124,18705,43,4,15
41125,18767,56,1,5
41126,21445,40,1,10
41127,21445,135,1,0
41128,22737,96,1,10
41129,11474,134,1,5
41130,5425,107,1,10
41131,5425,140,1,20
41132,11438,63,1,15
41133,18555,69,1,30
41134,2326,141,1,20
41135,18208,28,1,10
41136,18208,145,4,15
41137,23557,29,1,10
41138,23557,106,2,10
41139,13244,143,1,0
41140,11133,52,3,10
41141,22244,122,1,15
41142,12569,70,2,0
41143,21062,83,1,0
41144,681,42,1,0
41145,681,93,1,5
41146,681,72,1,30
41147,681,63,1,10
41148,5892,117,2,20
41149,5892,1,2,5
41150,14867,122,1,5
41151,8697,140,1,25
41152,8697,90,4,15
41153,16413,90,1,10
41154,16413,115,1,15
41155,4195,95,1,15
41156,17950,14,2,15
41157,17950,141,2,10
41158,13132,137,1,10
41159,13132,127,1,20
41160,5887,128,2,0
41161,5887,68,1,10
41162,5887,117,2,5
41163,5887,62,1,15
41164,24498,55,1,5
41165,22338,128,4,25
41166,22338,43,3,30
41167,20215,63,2,20
41168,20215,40,1,15
41169,22990,144,1,10
41170,11847,43,1,25
41171,11847,66,1,10
41172,12654,68,2,10
41173,12654,42,1,10
41174,9120,50,1,5
41175,9120,45,1,5
41176,18778,11,1,5
41177,18778,124,2,10
41178,18778,69,1,15
41179,6602,117,1,15
41180,6602,68,1,20
41181,8699,89,1,15
41182,8699,143,1,0
41183,3683,2,1,0
41184,11145,78,1,0
41185,12683,48,1,10
41186,12683,50,1,15
41187,12683,75,1,15
41188,23892,48,1,5
41189,7683,40,3,5
41190,23802,78,1,0
41191,23802,37,1,15
41192,23802,34,1,0
41193,14040,99,3,10
41194,14040,90,1,0
41195,22679,142,2,5
41196,14156,128,1,10
41197,15863,59,1,15
41198,15863,34,2,15
41199,16333,95,1,30
41200,16333,126,1,10
41201,9234,122,1,0
41202,10494,45,1,30
41203,10494,141,1,10
41204,10494,62,3,0
41205,10494,46,1,30
41206,798,128,1,5
41207,19560,67,1,10
41208,19560,14,1,15
41209,9686,51,2,5
41210,14644,74,2,15
41211,22020,95,1,10
41212,22020,125,1,5
41213,17068,2,3,10
41214,17068,42,3,5
41215,260,73,1,10
41216,17296,133,2,15
41217,17296,93,3,0
41218,4148,128,1,10
41219,4148,147,1,10
41220,2102,61,1,0
41221,13904,133,1,5
41222,10819,43,2,0
41223,5550,73,1,20
41224,5550,42,1,0
41225,19305,70,2,30
41226,23089,144,1,0
41227,15091,140,1,0
41228,15091,133,1,0
41229,8164,132,1,10
41230,2318,69,1,20
41231,2318,68,2,30
41232,21124,43,1,10
41233,21124,111,2,15
41234,21124,84,1,25
41235,21124,132,1,0
41236,22051,50,1,5
41237,22051,12,3,10
41238,2528,40,2,5
41239,1871,55,1,5
41240,1871,142,1,0
41241,11267,66,1,0
41242,11539,81,2,25
41243,14461,146,1,25
41244,14461,141,2,0
41245,14461,102,3,15
41246,7783,62,1,5
41247,7783,96,3,30
41248,4036,71,1,25
41249,4036,81,3,5
41250,4036,128,1,15
41251,100,2,2,5
41252,12621,128,2,10
41253,60,104,1,15
41254,60,67,2,25
41255,60,56,1,25
41256,14316,143,1,10
41257,6960,126,2,5
41258,16191,90,2,15
41259,16191,8,1,25
41260,12834,138,1,30
41261,12834,90,1,5
41262,12834,124,1,0
41263,6966,66,1,20
41264,20494,76,2,5
41265,24198,118,3,0
41266,9878,66,1,0
41267,9878,128,1,0
41268,9878,60,1,5
41269,7542,75,1,5
41270,13185,45,1,5
41271,4189,121,1,0
41272,13402,67,1,0
41273,13402,24,1,20
41274,13402,73,3,5
41275,13402,31,1,0
41276,11903,38,1,15
41277,11903,149,1,5
41278,1281,51,1,5
41279,21490,37,2,5
41280,21490,146,1,15
41281,8613,73,1,25
41282,7906,25,1,0
41283,17328,45,1,20
41284,17328,3,1,0
41285,23568,46,2,5
41286,23568,19,1,5
41287,10123,99,1,20
41288,6395,128,2,20
41289,6395,71,2,10
41290,6395,65,1,5
41291,23157,85,1,0
41292,1173,10,1,5
41293,14211,138,2,10
41294,14211,71,1,15
41295,14211,88,1,20
41296,14211,12,1,5
41297,19675,78,3,25
41298,16263,28,1,20
41299,16263,68,2,20
41300,2428,102,3,20
41301,9105,72,3,20
41302,9105,69,1,25
41303,6021,6,3,0
41304,17522,42,1,10
41305,4974,116,2,5
41306,15492,147,1,15
41307,293,78,1,25
41308,5970,40,1,0
41309,5970,118,1,15
41310,8837,92,2,0
41311,20707,46,1,0
41312,20707,21,2,0
41313,18244,98,1,15
41314,18244,71,2,5
41315,14440,117,1,15
41316,14440,14,1,5
41317,4517,128,1,25
41318,4517,117,1,15
41319,2964,46,1,10
41320,2964,93,1,20
41321,19553,117,1,15
41322,19553,134,1,25
41323,7253,70,1,25
41324,24534,88,1,20
41325,12999,37,1,30
41326,12999,141,1,10
41327,20018,126,4,25
41328,12360,76,1,10
41329,12985,142,1,10
41330,12985,141,3,10
41331,9776,144,1,0
41332,9776,10,3,10
41333,685,81,2,0
41334,4307,137,1,15
41335,4307,69,1,30
41336,1657,91,1,10
41337,24131,94,1,10
41338,4972,117,1,20
41339,4972,141,1,10
41340,4972,81,1,5
41341,21216,90,3,10
41342,21216,34,1,5
41343,4588,74,1,10
41344,4588,66,1,25
41345,4588,146,1,0
41346,4588,128,1,0
41347,12433,122,1,10
41348,12433,90,1,20
41349,19764,144,1,20
41350,19764,2,1,15
41351,18,2,1,0
41352,18,115,1,15
41353,18,93,1,5
41354,658,29,1,0
41355,14240,59,1,15
41356,23161,102,2,0
41357,19591,50,1,15
41358,19591,132,2,5
41359,19591,7,1,5
41360,23823,28,2,20
41361,20831,112,1,10
41362,23101,73,1,30
41363,23098,6,2,10
41364,4064,141,1,0
41365,4064,53,1,0
41366,2784,126,1,15
41367,2784,2,1,15
41368,85,146,1,0
41369,85,71,1,10
41370,13381,78,1,0
41371,8031,3,2,5
41372,113,112,1,20
41373,7206,6,1,0
41374,7206,128,1,25
41375,19856,2,2,10
41376,19856,14,1,15
41377,19856,61,1,0
41378,21867,124,3,15
41379,21867,28,1,5
41380,18544,47,1,15
41381,18544,97,1,30
41382,17938,125,1,10
41383,20903,125,1,5
41384,20903,126,1,10
41385,20903,138,1,10
41386,14512,62,1,5
41387,21702,141,1,20
41388,21702,143,2,5
41389,3542,60,2,5
41390,5428,83,1,20
41391,13678,117,2,15
41392,13678,86,1,0
41393,13678,2,2,0
41394,13678,20,3,0
41395,2355,46,3,25
41396,9226,87,2,0
41397,10428,141,1,30
41398,10428,88,4,5
41399,3069,56,2,15
41400,17000,62,4,10
41401,142,60,1,15
41402,22547,148,1,0
41403,9712,52,1,0
41404,16543,128,1,10
41405,24623,110,1,10
41406,6576,73,2,5
41407,18940,146,1,15
41408,18940,87,1,5
41409,18940,46,2,15
41410,9876,43,1,15
41411,9876,141,2,20
41412,13127,68,1,10
41413,10426,98,1,5
41414,10426,62,2,0
41415,21169,143,1,15
41416,4322,97,2,0
41417,5931,87,1,0
41418,5931,73,1,10
41419,6311,125,3,15
41420,16706,42,1,5
41421,16706,90,1,0
41422,16706,139,1,30
41423,16706,71,1,5
41424,24246,90,1,20
41425,24246,139,1,15
41426,17158,66,2,25
41427,24463,144,1,0
41428,373,124,2,25
41429,20210,41,1,0
41430,21081,70,2,25
41431,11269,138,1,15
41432,3059,106,2,25
41433,2574,124,1,25
41434,2574,126,1,5
41435,23193,146,1,10
41436,2941,3,1,0
41437,2941,141,2,15
41438,17970,124,1,0
41439,9049,122,1,25
41440,8385,54,1,25
41441,8385,70,1,10
41442,1844,104,1,15
41443,839,42,2,5
41444,18337,75,1,20
41445,22722,107,3,25
41446,22508,94,1,25
41447,22508,124,2,20
41448,6615,66,1,15
41449,6615,88,1,20
41450,4142,133,2,30
41451,22680,140,1,20
41452,22680,75,1,15
41453,5360,107,1,20
41454,5360,16,4,30
41455,5360,148,1,25
41456,602,41,1,15
41457,602,137,1,10
41458,602,142,1,30
41459,602,67,2,10
41460,9054,144,1,10
41461,9054,47,2,10
41462,9054,51,1,20
41463,9054,6,1,25
41464,14452,146,2,0
41465,14452,12,1,10
41466,4713,121,2,15
41467,4713,45,2,0
41468,4713,81,3,25
41469,4713,41,1,5
41470,608,19,2,25
41471,2332,138,2,20
41472,15446,27,1,15
41473,15446,93,1,10
41474,949,68,1,10
41475,949,71,1,20
41476,949,141,1,0
41477,1041,148,1,10
41478,1041,93,2,0
41479,13870,141,2,5
41480,20294,142,2,0
41481,20294,17,1,10
41482,3930,8,1,10
41483,3930,12,1,5
41484,10407,149,3,5
41485,8975,98,1,20
41486,22084,141,3,0
41487,22084,63,1,10
41488,22192,149,1,10
41489,22192,16,1,10
41490,19970,62,3,5
41491,19970,126,1,0
41492,17387,107,3,0
41493,17387,105,1,20
41494,21491,68,1,10
41495,21491,127,2,0
41496,21491,122,2,0
41497,10231,102,1,10
41498,10231,95,1,5
41499,10231,2,1,15
41500,4995,87,3,15
41501,17261,67,2,0
41502,17261,2,2,10
41503,1538,104,1,10
41504,10399,111,1,15
41505,3423,42,1,15
41506,10153,28,3,0
41507,19813,63,2,15
41508,13019,91,1,10
41509,13019,95,2,0
41510,4601,43,1,10
41511,8829,71,1,0
41512,8829,100,1,5
41513,8829,124,2,15
41514,22142,141,1,10
41515,20643,133,1,0
41516,19958,54,1,20
41517,1841,73,2,10
41518,1841,56,2,10
41519,1841,149,1,10
41520,1841,100,1,10
41521,5095,70,1,10
41522,5095,140,2,10
41523,18987,137,1,20
41524,1522,69,1,10
41525,1522,128,1,5
41526,1522,16,2,15
41527,13882,11,1,20
41528,20491,32,1,15
41529,20491,78,1,25
41530,23259,96,2,15
41531,18954,81,1,20
41532,18954,59,2,10
41533,4110,39,1,5
41534,1907,124,3,30
41535,2692,55,1,15
41536,24625,12,2,20
41537,21706,128,1,25
41538,937,142,3,20
41539,217,52,1,10
41540,217,116,1,10
41541,13091,132,3,30
41542,13091,72,1,0
41543,13091,81,1,0
41544,13091,6,1,15
41545,20992,50,1,0
41546,3238,99,4,20
41547,3238,149,1,0
41548,14967,50,1,25
41549,14967,32,1,10
41550,7062,27,1,10
41551,7062,90,1,25
41552,24331,61,1,10
41553,20941,1,1,5
41554,20941,146,1,0
41555,20941,117,1,10
41556,12970,20,1,15
41557,9643,146,1,25
41558,16857,78,2,10
41559,22685,137,1,30
41560,22685,21,4,30
41561,23600,52,1,25
41562,5792,81,2,20
41563,17885,63,1,0
41564,17885,71,1,15
41565,17885,138,2,25
41566,17885,55,1,20
41567,10120,56,1,20
41568,10254,107,1,5
41569,12696,124,1,20
41570,22265,35,1,0
41571,19084,96,1,5
41572,16743,45,1,10
41573,12762,37,1,5
41574,23204,125,1,30
41575,23204,133,1,10
41576,23204,6,2,5
41577,23204,60,1,0
41578,20437,42,1,30
41579,13831,90,2,0
41580,11713,6,2,5
41581,11713,146,1,20
41582,13763,19,3,0
41583,20730,141,1,25
41584,7692,113,1,10
41585,7692,99,1,10
41586,7692,70,1,0
41587,7692,55,1,15
41588,501,88,1,25
41589,501,104,2,0
41590,14470,90,1,0
41591,7348,3,1,0
41592,17704,133,1,0
41593,13532,149,1,5
41594,1029,90,1,5
41595,19701,66,1,0
41596,19701,124,3,10
41597,21514,146,1,0
41598,17532,126,2,0
41599,17532,68,1,15
41600,10134,127,1,30
41601,73,24,1,15
41602,20316,54,1,10
41603,20316,28,1,15
41604,21007,67,1,0
41605,92,126,1,20
41606,6184,90,1,0
41607,6184,110,1,10
41608,6184,77,2,15
41609,19407,90,1,5
41610,19407,129,1,10
41611,6899,25,1,20
41612,2983,95,2,0
41613,166,110,1,20
41614,13365,42,3,10
41615,2217,98,2,10
41616,20626,136,1,10
41617,20626,17,3,10
41618,20626,139,1,20
41619,14073,143,1,0
41620,21464,53,2,15
41621,7330,129,1,10
41622,7330,55,2,15
41623,7324,98,1,20
41624,7324,90,2,20
41625,9614,90,1,0
41626,9614,142,1,15
41627,9614,66,1,0
41628,9605,48,1,25
41629,9605,139,1,0
41630,9605,84,1,0
41631,935,6,3,5
41632,935,56,2,0
41633,935,70,3,5
41634,4061,20,1,15
41635,4061,14,2,15
41636,4061,104,1,0
41637,8025,124,1,10
41638,8025,141,3,10
41639,14054,145,1,5
41640,22500,55,1,0
41641,22500,128,1,15
41642,22500,65,1,20
41643,12661,146,1,5
41644,12661,141,1,5
41645,14635,66,3,15
41646,4747,76,2,0
41647,4747,91,1,0
41648,4747,14,1,0
41649,4747,128,1,20
41650,24828,67,1,5
41651,24755,96,1,20
41652,22480,26,2,0
41653,7964,73,2,10
41654,7964,116,1,10
41655,259,3,3,15
41656,259,146,1,5
41657,259,66,2,5
41658,259,95,1,0
41659,20996,143,1,0
41660,24980,132,1,0
41661,24980,90,1,0
41662,24980,33,1,10
41663,24980,141,2,0
41664,8849,126,4,5
41665,8849,42,1,10
41666,8849,141,3,5
41667,8241,96,2,0
41668,8241,37,1,20
41669,8241,145,1,5
41670,8241,128,2,0
41671,7176,14,1,0
41672,7176,36,1,25
41673,7031,146,1,0
41674,7031,53,1,0
41675,17260,35,3,5
41676,17260,91,2,10
41677,1087,144,3,0
41678,5393,140,2,15
41679,7475,95,1,15
41680,7475,51,1,15
41681,18192,141,1,0
41682,11041,46,2,5
41683,11041,146,2,10
41684,11041,66,3,30
41685,11041,142,3,15
41686,19715,96,1,20
41687,11667,3,1,10
41688,11667,66,1,25
41689,21218,48,2,15
41690,9421,46,1,0
41691,9421,88,2,10
41692,19149,70,2,20
41693,13125,76,1,25
41694,24572,64,1,20
41695,16427,4,1,0
41696,21664,104,1,0
41697,15115,125,3,5
41698,15115,34,1,25
41699,13534,142,1,5
41700,13155,126,1,30
41701,13155,14,2,0
41702,19684,141,1,15
41703,19684,42,1,25
41704,18212,75,1,0
41705,18212,146,1,20
41706,18212,140,2,20
41707,20769,28,2,15
41708,20769,31,3,15
41709,9246,29,1,15
41710,17090,84,1,15
41711,17090,78,1,10
41712,17090,67,2,0
41713,17090,70,1,15
41714,5658,104,2,0
41715,5658,1,1,20
41716,5658,46,2,0
41717,3599,91,3,30
41718,5756,42,2,15
41719,5232,128,1,20
41720,18589,17,1,15
41721,20158,139,3,20
41722,20158,43,1,10
41723,20158,3,2,20
41724,20184,54,3,15
41725,16461,129,2,20
41726,16461,142,1,5
41727,16461,75,2,10
41728,13538,71,1,5
41729,24448,28,3,0
41730,24448,91,4,10
41731,24448,52,2,0
41732,11122,37,1,20
41733,11122,106,2,25
41734,6596,117,1,25
41735,14902,54,2,0
41736,10070,140,1,20
41737,23655,35,1,10
41738,23655,104,3,0
41739,17962,124,1,5
41740,17962,129,1,5
41741,20726,1,1,10
41742,1811,138,1,5
41743,18347,38,3,10
41744,18347,53,1,10
41745,8756,139,4,15
41746,9820,6,1,5
41747,9820,29,1,0
41748,9820,102,1,25
41749,14184,36,1,15
41750,14184,126,1,5
41751,14184,128,1,10
41752,22401,85,1,10
41753,3088,80,1,30
41754,3088,148,1,10
41755,3088,90,2,10
41756,3088,12,1,5
41757,23035,140,3,0
41758,23035,61,1,20
41759,15059,128,1,30
41760,15059,66,2,0
41761,15059,58,2,20
41762,14671,47,1,5
41763,14671,60,1,0
41764,6871,46,1,0
41765,8298,149,1,10
41766,8298,91,2,25
41767,24133,61,1,10
41768,16238,102,2,10
41769,3882,6,1,15
41770,4368,128,1,0
41771,21333,16,1,20
41772,16001,90,1,15
41773,16001,65,1,5
41774,22632,32,1,0
41775,22632,85,1,15
41776,8354,124,1,15
41777,19836,141,3,15
41778,5729,42,1,5
41779,24991,29,1,5
41780,24991,105,2,10
41781,12829,58,1,10
41782,12829,141,3,15
41783,12829,21,1,5
41784,12829,100,1,20
41785,7641,70,2,15
41786,18070,15,4,0
41787,8512,40,1,15
41788,1026,63,1,0
41789,1026,76,1,0
41790,1026,2,3,20
41791,1026,66,1,5
41792,15801,99,1,0
41793,10311,94,1,0
41794,5287,42,1,20
41795,5287,102,2,10
41796,5287,1,2,5
41797,9201,67,1,10
41798,18950,105,2,0
41799,18950,2,1,10
41800,24319,97,1,10
41801,13827,81,1,15
41802,24299,66,2,10
41803,22019,90,1,5
41804,22019,132,1,15
41805,22019,8,2,10
41806,22019,22,1,0
41807,16167,28,2,5
41808,11662,132,1,0
41809,5545,49,1,25
41810,9622,72,3,25
41811,9622,71,1,0
41812,7268,72,1,15
41813,7268,106,2,5
41814,4241,63,1,10
41815,4241,121,1,10
41816,11475,51,2,5
41817,11475,6,3,25
41818,23553,29,1,20
41819,23521,148,1,15
41820,22264,140,4,0
41821,22264,54,1,15
41822,16609,98,1,5
41823,16609,21,1,5
41824,19569,50,1,20
41825,6886,141,1,0
41826,6886,69,3,0
41827,6886,121,2,0
41828,4668,105,2,0
41829,4668,90,1,20
41830,16790,72,2,5
41831,19056,50,1,25
41832,17192,46,3,5
41833,17192,142,3,25
41834,7985,141,2,0
41835,4303,121,2,5
41836,6508,81,1,10
41837,6508,66,3,10
41838,15203,66,2,0
41839,15203,53,1,0
41840,15203,90,1,20
41841,20466,145,1,10
41842,9528,129,1,0
41843,9528,75,2,0
41844,10980,43,1,5
41845,22122,104,2,5
41846,7619,6,2,5
41847,7619,56,3,10
41848,7619,138,1,5
41849,7619,93,1,15
41850,8716,117,1,20
41851,8716,93,1,0
41852,8716,66,2,0
41853,8716,68,2,10
41854,716,129,1,20
41855,716,139,2,15
41856,24925,18,1,5
41857,21131,28,1,5
41858,20659,14,1,5
41859,20659,102,2,0
41860,7450,81,1,0
41861,7450,12,1,20
41862,11432,133,4,15
41863,11432,143,4,10
41864,20525,95,1,20
41865,7404,68,1,20
41866,7404,138,3,0
41867,4892,16,1,15
41868,11519,129,1,15
41869,7045,48,1,0
41870,7045,136,1,20
41871,4151,124,3,5
41872,4151,49,1,25
41873,24831,139,1,5
41874,12706,54,2,0
41875,12706,147,1,0
41876,12706,71,1,10
41877,12706,3,1,15
41878,6822,28,1,0
41879,18000,93,1,5
41880,18000,149,2,0
41881,18000,142,2,0
41882,18000,124,1,10
41883,17247,103,3,10
41884,22133,54,3,10
41885,22133,48,3,25
41886,22133,104,1,5
41887,23576,125,1,25
41888,23576,96,1,0
41889,23576,50,1,25
41890,23576,2,4,10
41891,7214,98,1,5
41892,7558,129,1,0
41893,7558,70,2,5
41894,17516,141,2,0
41895,17516,105,1,25
41896,14238,40,1,10
41897,3525,29,1,10
41898,17587,61,1,15
41899,17299,70,3,15
41900,6941,70,3,15
41901,6941,93,1,10
41902,19527,139,2,10
41903,5375,141,1,15
41904,5375,115,3,0
41905,10239,78,2,5
41906,19268,90,1,15
41907,2552,71,1,0
41908,2552,133,1,5
41909,6385,10,1,15
41910,13083,62,4,15
41911,18296,96,1,0
41912,14352,47,1,0
41913,14352,4,1,0
41914,14352,46,1,20
41915,1651,90,1,30
41916,15546,90,1,10
41917,5413,126,1,0
41918,2554,76,3,10
41919,23310,54,1,15
41920,7283,145,1,20
41921,9853,141,1,0
41922,9853,91,1,20
41923,8622,141,2,5
41924,8622,35,1,30
41925,8622,56,1,5
41926,8374,112,1,20
41927,24227,14,1,5
41928,10891,2,1,0
41929,10891,90,1,10
41930,19838,56,1,30
41931,19838,26,2,15
41932,19838,66,1,25
41933,20302,133,3,0
41934,20302,47,1,20
41935,20302,125,2,20
41936,20302,69,3,25
41937,12291,124,1,10
41938,12291,28,1,5
41939,22649,124,1,10
41940,7938,102,1,15
41941,7938,142,2,15
41942,7938,71,1,10
41943,10292,90,1,0
41944,11420,47,2,0
41945,11420,52,2,30
41946,1881,88,1,0
41947,9624,96,1,10
41948,8123,63,1,15
41949,16539,124,1,25
41950,16539,145,4,5
41951,16539,122,1,0
41952,16539,139,1,10
41953,13117,81,2,20
41954,13117,54,2,5
41955,24094,60,1,5
41956,23950,29,2,5
41957,23950,38,3,0
41958,2902,71,2,0
41959,1649,26,1,20
41960,1649,149,1,20
41961,1649,46,3,20
41962,1649,50,1,30
41963,17179,75,2,30
41964,20764,56,4,0
41965,22135,149,1,25
41966,22135,141,1,0
41967,2331,37,1,0
41968,19863,118,1,10
41969,19863,51,1,10
41970,20697,143,1,5
41971,20697,124,1,20
41972,20697,95,2,20
41973,8264,139,1,25
41974,8264,131,2,0
41975,8264,71,4,10
41976,1301,145,1,20
41977,1301,37,2,20
41978,23574,141,2,0
41979,23574,90,1,15
41980,2944,67,1,0
41981,13971,141,1,0
41982,20945,61,2,5
