payment_id,order_id,payment_date,payment_method,payment_status,amount
1,8308,2024-01-01,UPI,Paid,15756.7
2,14633,2024-01-01,Credit Card,Paid,60688.5
3,6019,2024-01-01,UPI,Paid,94572.0
4,7663,2024-01-01,UPI,Paid,14120.9
5,4533,2024-01-01,Net Banking,Paid,12796.4
6,13583,2024-01-01,Debit Card,Paid,14478.9
7,5650,2024-01-01,UPI,Paid,92896.8
8,20092,2024-01-01,Net Banking,Paid,21508.4
9,9579,2024-01-01,UPI,Paid,136317.8
10,13204,2024-01-01,UPI,Paid,8593.5
11,21123,2024-01-01,Credit Card,Paid,4832.65
12,6046,2024-01-01,Debit Card,Paid,4306.35
13,14338,2024-01-01,Debit Card,Paid,28731.7
14,10894,2024-01-01,Credit Card,Paid,22831.0
15,14216,2024-01-01,Credit Card,Paid,33098.95
16,8695,2024-01-01,Credit Card,Paid,84812.45
17,7277,2024-01-01,Debit Card,Paid,1138.9
18,17845,2024-01-01,Cash on Delivery,Paid,25292.55
19,19446,2024-01-02,Credit Card,Paid,13606.95
20,16683,2024-01-02,Cash on Delivery,Paid,53860.45
21,19057,2024-01-02,Cash on Delivery,Paid,6728.0
22,9952,2024-01-02,Credit Card,Paid,90682.0
23,10140,2024-01-02,UPI,Paid,32244.0
24,22962,2024-01-02,Debit Card,Paid,1537.0
25,1914,2024-01-02,Credit Card,Paid,3072.6
26,23957,2024-01-02,UPI,Paid,60630.9
27,6845,2024-01-02,Credit Card,Paid,9439.0
28,12264,2024-01-02,Net Banking,Paid,65259.3
29,16847,2024-01-02,Debit Card,Paid,2500.0
30,8905,2024-01-02,Credit Card,Paid,105774.0
31,21282,2024-01-02,Credit Card,Paid,51148.3
32,12726,2024-01-02,Credit Card,Paid,9126.6
33,8049,2024-01-02,Credit Card,Paid,42012.95
34,1708,2024-01-02,Debit Card,Paid,23009.5
35,714,2024-01-02,Credit Card,Paid,6352.9
36,5293,2024-01-02,UPI,Paid,58861.85
37,13416,2024-01-03,UPI,Paid,6275.7
38,476,2024-01-03,Debit Card,Paid,7317.85
39,4874,2024-01-03,Credit Card,Paid,44590.0
40,12535,2024-01-03,Cash on Delivery,Paid,7806.15
41,19787,2024-01-03,Credit Card,Paid,4236.3
42,12773,2024-01-03,Credit Card,Paid,13960.2
43,12304,2024-01-03,Cash on Delivery,Paid,8532.3
44,15256,2024-01-03,Cash on Delivery,Paid,33665.7
45,6250,2024-01-03,UPI,Paid,120525.3
46,20907,2024-01-03,Debit Card,Paid,2563.1
47,15447,2024-01-03,Credit Card,Paid,36162.4
48,18718,2024-01-04,UPI,Paid,47286.0
49,21114,2024-01-04,Credit Card,Paid,7252.3
50,7568,2024-01-04,Cash on Delivery,Paid,21180.25
51,9769,2024-01-04,Credit Card,Paid,60969.6
52,8524,2024-01-04,Debit Card,Paid,13661.7
53,24777,2024-01-04,UPI,Paid,17697.5
54,11609,2024-01-04,Cash on Delivery,Paid,72376.5
55,10184,2024-01-04,Debit Card,Paid,68168.6
56,14136,2024-01-04,Credit Card,Paid,21300.9
57,5605,2024-01-04,UPI,Paid,61607.8
58,16660,2024-01-04,Cash on Delivery,Paid,53962.2
59,24496,2024-01-04,UPI,Paid,5133.6
60,16386,2024-01-04,UPI,Paid,12190.3
61,9689,2024-01-04,UPI,Paid,174277.6
62,24832,2024-01-04,UPI,Paid,49804.0
63,7171,2024-01-04,Cash on Delivery,Paid,62081.0
64,8520,2024-01-04,UPI,Paid,6432.0
65,22844,2024-01-04,Credit Card,Paid,1165.65
66,16904,2024-01-04,UPI,Paid,25714.9
67,20534,2024-01-04,Cash on Delivery,Paid,2563.1
68,12453,2024-01-04,UPI,Paid,118495.7
69,5750,2024-01-05,Net Banking,Paid,6128.1
70,405,2024-01-05,Credit Card,Paid,50264.0
71,16175,2024-01-05,Debit Card,Paid,24327.55
72,1192,2024-01-05,UPI,Paid,21180.25
73,16475,2024-01-05,Cash on Delivery,Paid,30477.7
74,4205,2024-01-05,Debit Card,Paid,122905.3
75,18003,2024-01-05,Debit Card,Paid,3955.8
76,5236,2024-01-05,UPI,Paid,526.3
77,13109,2024-01-05,UPI,Paid,5126.2
78,11751,2024-01-05,UPI,Paid,40476.6
79,8180,2024-01-05,Credit Card,Paid,110287.8
80,14890,2024-01-05,UPI,Paid,41907.0
81,4037,2024-01-05,Credit Card,Paid,28349.5
82,10386,2024-01-05,UPI,Paid,63738.0
83,24600,2024-01-05,Credit Card,Paid,70167.4
84,5661,2024-01-05,UPI,Paid,42861.3
85,1659,2024-01-05,UPI,Paid,7619.4
86,24575,2024-01-05,Cash on Delivery,Paid,31227.35
87,8254,2024-01-05,Credit Card,Paid,47671.15
88,16895,2024-01-05,Credit Card,Paid,49498.05
89,7297,2024-01-05,Debit Card,Paid,1651.1
90,10666,2024-01-05,UPI,Paid,238708.55
91,12155,2024-01-05,Cash on Delivery,Paid,23462.15
92,22315,2024-01-05,Debit Card,Paid,6097.0
93,2686,2024-01-05,Net Banking,Paid,15555.2
94,13,2024-01-05,Cash on Delivery,Paid,3149.55
95,17271,2024-01-05,UPI,Paid,35825.4
96,22783,2024-01-05,UPI,Paid,12613.2
97,11301,2024-01-05,Debit Card,Paid,47437.2
98,14284,2024-01-05,UPI,Paid,16224.65
99,24404,2024-01-05,Debit Card,Paid,2728.0
100,7498,2024-01-05,UPI,Paid,52704.1
101,10633,2024-01-06,UPI,Paid,4323.95
102,6743,2024-01-06,UPI,Paid,14635.7
103,5351,2024-01-06,Net Banking,Paid,7426.4
104,1611,2024-01-06,UPI,Paid,117788.7
105,13460,2024-01-06,Debit Card,Paid,30032.35
106,1493,2024-01-06,Cash on Delivery,Paid,64350.1
107,14675,2024-01-06,Net Banking,Paid,89713.1
108,4210,2024-01-06,Credit Card,Paid,9351.0
109,2640,2024-01-06,Debit Card,Paid,15628.1
110,22709,2024-01-06,UPI,Paid,5418.8
111,8318,2024-01-06,Debit Card,Paid,119400.0
112,16647,2024-01-06,Cash on Delivery,Paid,25845.25
113,16423,2024-01-06,Credit Card,Paid,168883.2
114,13386,2024-01-06,Cash on Delivery,Paid,4605.3
115,22267,2024-01-06,Debit Card,Paid,7196.1
116,11679,2024-01-06,Debit Card,Paid,11696.2
117,13563,2024-01-07,UPI,Paid,3286.95
118,22527,2024-01-07,UPI,Paid,8249.6
119,6425,2024-01-07,UPI,Paid,9665.3
120,23457,2024-01-07,Cash on Delivery,Paid,3173.1
121,22130,2024-01-07,UPI,Paid,10267.2
122,13184,2024-01-07,Credit Card,Paid,658.0
123,10991,2024-01-07,Credit Card,Paid,51273.1
124,12821,2024-01-07,Credit Card,Paid,80305.0
125,20522,2024-01-07,UPI,Paid,7890.55
126,17573,2024-01-07,UPI,Paid,47286.0
127,1247,2024-01-07,Credit Card,Paid,221966.65
128,656,2024-01-08,Net Banking,Paid,207.75
129,12811,2024-01-08,Debit Card,Paid,9283.0
130,22226,2024-01-08,Credit Card,Paid,132826.1
131,10228,2024-01-08,Cash on Delivery,Paid,47354.8
132,2619,2024-01-08,Cash on Delivery,Paid,57543.3
133,15437,2024-01-08,Credit Card,Paid,124966.4
134,13574,2024-01-08,Credit Card,Paid,10808.2
135,10836,2024-01-08,UPI,Paid,16959.6
136,10642,2024-01-08,Credit Card,Paid,38532.0
137,18207,2024-01-08,Cash on Delivery,Paid,7812.3
138,24057,2024-01-08,Credit Card,Paid,59241.35
139,415,2024-01-08,Net Banking,Paid,4925.5
140,5912,2024-01-08,UPI,Paid,12205.65
141,6783,2024-01-08,UPI,Paid,36139.5
142,16501,2024-01-08,UPI,Paid,9666.6
143,3243,2024-01-08,UPI,Paid,720.0
144,15519,2024-01-08,UPI,Paid,105980.7
145,5063,2024-01-08,UPI,Paid,85114.8
146,18484,2024-01-08,UPI,Paid,41343.3
147,12991,2024-01-08,UPI,Paid,141655.9
148,7366,2024-01-09,Cash on Delivery,Paid,4144.45
149,20321,2024-01-09,Debit Card,Paid,5081.9
150,21286,2024-01-09,Cash on Delivery,Paid,57454.1
151,3961,2024-01-09,Cash on Delivery,Paid,9058.5
152,21661,2024-01-09,Credit Card,Paid,8612.7
153,982,2024-01-09,Cash on Delivery,Paid,8818.85
154,12622,2024-01-09,Debit Card,Paid,2027.0
155,4362,2024-01-09,Credit Card,Paid,23708.2
156,6626,2024-01-09,Credit Card,Paid,3197.3
157,24836,2024-01-09,Debit Card,Paid,6952.0
158,17248,2024-01-09,Credit Card,Paid,130630.15
159,10698,2024-01-09,Credit Card,Paid,40274.7
160,24109,2024-01-09,UPI,Paid,17046.4
161,5244,2024-01-09,Net Banking,Paid,47238.45
162,24173,2024-01-10,Cash on Delivery,Paid,30421.8
163,18001,2024-01-10,Debit Card,Paid,3985.2
164,24964,2024-01-10,UPI,Paid,8404.7
165,7193,2024-01-10,UPI,Paid,78881.3
166,22836,2024-01-10,Debit Card,Paid,4435.2
167,4558,2024-01-10,Debit Card,Paid,9516.0
168,20243,2024-01-10,Cash on Delivery,Paid,34629.9
169,13262,2024-01-10,Net Banking,Paid,24993.0
170,18559,2024-01-10,UPI,Paid,53436.6
171,7927,2024-01-10,Cash on Delivery,Paid,1564.2
172,21539,2024-01-10,Net Banking,Paid,4763.0
173,22476,2024-01-10,Debit Card,Paid,3210.75
174,22553,2024-01-10,Debit Card,Paid,6028.0
175,24236,2024-01-10,Cash on Delivery,Paid,13815.9
176,1058,2024-01-11,Debit Card,Paid,32421.3
177,23360,2024-01-11,UPI,Paid,5578.4
178,20089,2024-01-11,UPI,Paid,13703.7
179,6647,2024-01-11,UPI,Paid,11127.7
180,24898,2024-01-11,Net Banking,Paid,139674.0
181,3624,2024-01-11,Cash on Delivery,Paid,4918.75
182,10864,2024-01-11,UPI,Paid,11557.8
183,1964,2024-01-11,UPI,Paid,6710.0
184,156,2024-01-11,Cash on Delivery,Paid,192181.3
185,16982,2024-01-11,Net Banking,Paid,29854.5
186,22896,2024-01-11,Net Banking,Paid,6726.6
187,3188,2024-01-11,Cash on Delivery,Paid,23009.35
188,10736,2024-01-11,Cash on Delivery,Paid,810.0
189,11396,2024-01-11,UPI,Paid,149720.9
190,13269,2024-01-11,Debit Card,Paid,7254.9
191,16633,2024-01-11,Debit Card,Paid,47562.15
192,18273,2024-01-11,UPI,Paid,6925.0
193,1513,2024-01-11,UPI,Paid,3069.0
194,8017,2024-01-12,Net Banking,Paid,450.3
195,16770,2024-01-12,UPI,Paid,263.15
196,15272,2024-01-12,Net Banking,Paid,11704.05
197,9565,2024-01-12,UPI,Paid,121091.85
198,11105,2024-01-12,UPI,Paid,69847.75
199,4164,2024-01-12,UPI,Paid,24831.0
200,14699,2024-01-12,UPI,Paid,36151.2
201,8854,2024-01-12,Cash on Delivery,Paid,57327.75
202,8008,2024-01-12,Cash on Delivery,Paid,4750.8
203,20892,2024-01-12,Cash on Delivery,Paid,10836.0
204,18495,2024-01-12,Debit Card,Paid,91616.0
205,24710,2024-01-12,UPI,Paid,91381.5
206,3995,2024-01-12,Cash on Delivery,Paid,4711.0
207,488,2024-01-12,Cash on Delivery,Paid,1152.75
208,19005,2024-01-12,Credit Card,Paid,189.6
209,24765,2024-01-12,UPI,Paid,17148.2
210,11640,2024-01-12,UPI,Paid,26528.4
211,22723,2024-01-12,UPI,Paid,10294.2
212,8220,2024-01-12,UPI,Paid,2217.6
213,21730,2024-01-12,Net Banking,Paid,16254.0
214,17836,2024-01-12,UPI,Paid,18478.8
215,15690,2024-01-12,Cash on Delivery,Paid,4004.35
216,11451,2024-01-12,UPI,Paid,14200.6
217,10723,2024-01-13,UPI,Paid,13694.45
218,5376,2024-01-13,UPI,Paid,18950.75
219,944,2024-01-13,Net Banking,Paid,2563.1
220,8668,2024-01-13,UPI,Paid,4282.2
221,17084,2024-01-13,Credit Card,Paid,96570.0
222,12004,2024-01-13,Credit Card,Paid,77149.1
223,1555,2024-01-13,Credit Card,Paid,71184.7
224,8941,2024-01-13,Credit Card,Paid,461.55
225,23944,2024-01-13,UPI,Paid,49154.5
226,7873,2024-01-13,Debit Card,Paid,4711.0
227,14191,2024-01-13,Cash on Delivery,Paid,13453.2
228,15759,2024-01-13,Cash on Delivery,Paid,4475.45
229,6057,2024-01-13,UPI,Paid,98130.55
230,22322,2024-01-13,Net Banking,Paid,20535.0
231,14157,2024-01-13,Net Banking,Paid,163541.7
232,21658,2024-01-13,UPI,Paid,7291.5
233,10956,2024-01-13,Cash on Delivery,Paid,8209.85
234,3622,2024-01-13,UPI,Paid,78016.7
235,5529,2024-01-13,UPI,Paid,206082.0
236,15108,2024-01-13,Debit Card,Paid,6828.0
237,15331,2024-01-14,Debit Card,Paid,129521.8
238,5788,2024-01-14,UPI,Paid,18702.0
239,16835,2024-01-14,Cash on Delivery,Paid,38810.4
240,5612,2024-01-14,UPI,Paid,19219.3
241,17874,2024-01-14,Cash on Delivery,Paid,101363.45
242,3428,2024-01-14,Cash on Delivery,Paid,2293.3
243,1774,2024-01-14,Credit Card,Paid,75017.6
244,11893,2024-01-14,Credit Card,Paid,44521.2
245,4814,2024-01-14,Debit Card,Paid,8911.4
246,7629,2024-01-14,UPI,Paid,6973.0
247,2505,2024-01-14,Credit Card,Paid,55472.0
248,8444,2024-01-14,Debit Card,Paid,53962.2
249,19177,2024-01-14,Credit Card,Paid,14070.9
250,10034,2024-01-14,Cash on Delivery,Paid,42557.4
251,8538,2024-01-14,UPI,Paid,76430.2
252,5373,2024-01-14,Debit Card,Paid,16709.4
253,20578,2024-01-14,Cash on Delivery,Paid,42407.05
254,12640,2024-01-14,Net Banking,Paid,33881.75
255,4628,2024-01-14,Cash on Delivery,Paid,7791.3
256,22314,2024-01-15,UPI,Paid,1971.2
257,19785,2024-01-15,Debit Card,Paid,7218.4
258,23263,2024-01-15,Debit Card,Paid,11951.8
259,3147,2024-01-15,UPI,Paid,65092.65
260,11528,2024-01-15,Debit Card,Paid,78763.35
261,11891,2024-01-15,Debit Card,Paid,1903.8
262,10731,2024-01-15,Cash on Delivery,Paid,7474.0
263,5440,2024-01-15,Credit Card,Paid,7619.4
264,19704,2024-01-15,Cash on Delivery,Paid,25961.9
265,7436,2024-01-15,Credit Card,Paid,1848.0
266,18643,2024-01-15,Net Banking,Paid,3412.4
267,18386,2024-01-15,Debit Card,Paid,94702.35
268,5475,2024-01-15,Debit Card,Paid,36149.6
269,23938,2024-01-15,Net Banking,Paid,37815.7
270,14701,2024-01-15,UPI,Paid,42407.05
271,15238,2024-01-15,Debit Card,Paid,875.0
272,4650,2024-01-15,UPI,Paid,8224.15
273,8361,2024-01-15,UPI,Paid,7997.5
274,17898,2024-01-16,Cash on Delivery,Paid,352.75
275,18585,2024-01-16,Debit Card,Paid,24587.95
276,23129,2024-01-16,UPI,Paid,1448.75
277,19695,2024-01-16,Credit Card,Paid,42407.05
278,18692,2024-01-16,Cash on Delivery,Paid,18950.75
279,18697,2024-01-16,Debit Card,Paid,1464.3
280,23613,2024-01-16,Debit Card,Paid,1165.65
281,24071,2024-01-16,Debit Card,Paid,4521.6
282,1118,2024-01-16,Credit Card,Paid,24399.8
283,569,2024-01-16,Net Banking,Paid,121854.8
284,22024,2024-01-16,Cash on Delivery,Paid,31312.0
285,9266,2024-01-16,Cash on Delivery,Paid,84383.1
286,24481,2024-01-16,Debit Card,Paid,69232.2
287,1071,2024-01-16,UPI,Paid,116466.0
288,16281,2024-01-17,Debit Card,Paid,4004.35
289,20641,2024-01-17,Credit Card,Paid,2920.3
290,5433,2024-01-17,UPI,Paid,2348.5
291,20480,2024-01-17,Credit Card,Paid,25884.3
292,4912,2024-01-17,Credit Card,Paid,25304.0
293,12469,2024-01-17,Cash on Delivery,Paid,67162.5
294,13770,2024-01-17,Cash on Delivery,Paid,5553.0
295,19088,2024-01-17,Credit Card,Paid,13141.5
296,16316,2024-01-17,Credit Card,Paid,63453.85
297,17621,2024-01-17,Credit Card,Paid,22008.0
298,9174,2024-01-17,Cash on Delivery,Paid,9351.0
299,11801,2024-01-17,UPI,Paid,5798.0
300,512,2024-01-17,Credit Card,Paid,3855.65
301,10695,2024-01-17,Cash on Delivery,Paid,18566.0
302,14114,2024-01-17,UPI,Paid,108281.5
303,8830,2024-01-17,Credit Card,Paid,4004.35
304,24786,2024-01-17,UPI,Paid,2217.6
305,21059,2024-01-17,Cash on Delivery,Paid,28731.7
306,7347,2024-01-17,UPI,Paid,1448.75
307,8718,2024-01-17,Cash on Delivery,Paid,32134.4
308,5799,2024-01-17,Credit Card,Paid,3593.1
309,19049,2024-01-18,UPI,Paid,20919.0
310,23205,2024-01-18,Net Banking,Paid,7641.0
311,18831,2024-01-18,UPI,Paid,68694.0
312,18683,2024-01-18,Cash on Delivery,Paid,7576.0
313,6242,2024-01-18,UPI,Paid,4004.35
314,2030,2024-01-18,Debit Card,Paid,36882.9
315,16201,2024-01-18,Net Banking,Paid,1724.8
316,2348,2024-01-18,UPI,Paid,6932.7
317,5297,2024-01-18,UPI,Paid,43268.4
318,15164,2024-01-18,UPI,Paid,12202.9
319,12693,2024-01-18,Cash on Delivery,Paid,44823.6
320,21753,2024-01-18,UPI,Paid,87565.45
321,363,2024-01-18,Credit Card,Paid,34842.0
322,24602,2024-01-18,UPI,Paid,60056.45
323,8390,2024-01-18,Cash on Delivery,Paid,48447.0
324,1903,2024-01-19,Net Banking,Paid,6448.8
325,8909,2024-01-19,UPI,Paid,194715.6
326,16152,2024-01-19,Credit Card,Paid,25683.5
327,15749,2024-01-19,Debit Card,Paid,76782.1
328,2781,2024-01-19,UPI,Paid,47286.0
329,12021,2024-01-19,Cash on Delivery,Paid,19251.35
330,5007,2024-01-19,Cash on Delivery,Paid,12145.65
331,19001,2024-01-19,Credit Card,Paid,6820.0
332,12751,2024-01-19,Cash on Delivery,Paid,12716.1
333,18029,2024-01-19,Net Banking,Paid,27844.3
334,6531,2024-01-19,UPI,Paid,23879.6
335,9443,2024-01-19,UPI,Paid,3554.0
336,4407,2024-01-19,UPI,Paid,34579.3
337,15336,2024-01-20,Debit Card,Paid,3806.4
338,1716,2024-01-20,Debit Card,Paid,37827.9
339,8608,2024-01-20,Credit Card,Paid,6973.0
340,1316,2024-01-20,Debit Card,Paid,209278.8
341,9917,2024-01-20,Debit Card,Paid,101057.4
342,10085,2024-01-20,UPI,Paid,10438.15
343,10713,2024-01-20,UPI,Paid,4063.5
344,22412,2024-01-20,Cash on Delivery,Paid,2094.4
345,22167,2024-01-20,UPI,Paid,146034.7
346,13659,2024-01-20,Cash on Delivery,Paid,27737.15
347,10509,2024-01-20,UPI,Paid,7100.3
348,15209,2024-01-20,Cash on Delivery,Paid,50567.25
349,18727,2024-01-20,Cash on Delivery,Paid,4721.25
350,23877,2024-01-20,Net Banking,Paid,40829.0
351,6158,2024-01-20,UPI,Paid,3239.5
352,8994,2024-01-20,Credit Card,Paid,10100.0
353,3830,2024-01-20,Cash on Delivery,Paid,30260.8
354,18713,2024-01-21,Credit Card,Paid,5704.0
355,18945,2024-01-21,UPI,Paid,33902.25
356,140,2024-01-21,Debit Card,Paid,4062.45
357,9025,2024-01-21,UPI,Paid,5231.8
358,17457,2024-01-21,Net Banking,Paid,4549.5
359,319,2024-01-21,UPI,Paid,134107.25
360,14020,2024-01-21,UPI,Paid,38198.7
361,18573,2024-01-21,Net Banking,Paid,202144.0
362,12979,2024-01-21,Cash on Delivery,Paid,10891.75
363,9113,2024-01-21,Net Banking,Paid,25971.0
364,4287,2024-01-21,UPI,Paid,7683.3
365,21433,2024-01-21,Cash on Delivery,Paid,30484.8
366,15263,2024-01-21,Net Banking,Paid,6973.0
367,15900,2024-01-21,UPI,Paid,14098.1
368,20275,2024-01-22,Cash on Delivery,Paid,11304.0
369,21558,2024-01-22,Credit Card,Paid,10090.0
370,13215,2024-01-22,Debit Card,Paid,28772.95
371,6510,2024-01-22,Cash on Delivery,Paid,11194.9
372,20734,2024-01-22,Net Banking,Paid,8323.45
373,2359,2024-01-22,Net Banking,Paid,225192.6
374,14494,2024-01-22,Cash on Delivery,Paid,4079.7
375,2145,2024-01-22,Debit Card,Paid,4763.0
376,19,2024-01-22,Cash on Delivery,Paid,6352.9
377,9761,2024-01-22,Credit Card,Paid,156312.65
378,17479,2024-01-22,Credit Card,Paid,11668.3
379,14828,2024-01-22,UPI,Paid,4106.4
380,4321,2024-01-23,Credit Card,Paid,37905.6
381,9759,2024-01-23,UPI,Paid,7318.8
382,5708,2024-01-23,Debit Card,Paid,80892.8
383,1248,2024-01-23,UPI,Paid,5229.75
384,6917,2024-01-23,Credit Card,Paid,8042.7
385,758,2024-01-23,UPI,Paid,29578.55
386,404,2024-01-23,UPI,Paid,6578.75
387,8226,2024-01-23,UPI,Paid,120729.2
388,18754,2024-01-23,Credit Card,Paid,43973.5
389,13685,2024-01-23,Debit Card,Paid,19229.2
390,12428,2024-01-23,Credit Card,Paid,176058.2
391,19866,2024-01-23,UPI,Paid,5087.0
392,23244,2024-01-23,UPI,Paid,130767.9
393,20423,2024-01-23,Net Banking,Paid,39648.05
394,5753,2024-01-23,Net Banking,Paid,80386.2
395,5032,2024-01-24,Net Banking,Paid,59958.0
396,12492,2024-01-24,Cash on Delivery,Paid,25132.0
397,17773,2024-01-24,Cash on Delivery,Paid,15259.2
398,22316,2024-01-24,Credit Card,Paid,18384.3
399,14072,2024-01-24,UPI,Paid,6820.0
400,18556,2024-01-24,Cash on Delivery,Paid,59947.35
401,13200,2024-01-24,UPI,Paid,50103.2
402,24527,2024-01-24,Cash on Delivery,Paid,6269.25
403,15356,2024-01-24,UPI,Paid,44921.7
404,24380,2024-01-24,Cash on Delivery,Paid,10583.55
405,20056,2024-01-24,Debit Card,Paid,67604.0
406,11604,2024-01-24,Net Banking,Paid,19444.0
407,2924,2024-01-24,Debit Card,Paid,78639.7
408,19758,2024-01-24,UPI,Paid,36801.0
409,16257,2024-01-24,UPI,Paid,18496.0
410,22053,2024-01-24,Cash on Delivery,Paid,71515.95
411,9743,2024-01-25,Net Banking,Paid,96335.7
412,17807,2024-01-25,Cash on Delivery,Paid,4832.65
413,8531,2024-01-25,UPI,Paid,10245.6
414,21350,2024-01-25,Cash on Delivery,Paid,5000.0
415,18691,2024-01-25,UPI,Paid,70929.6
416,7893,2024-01-25,UPI,Paid,13120.3
417,7987,2024-01-25,Debit Card,Paid,11789.8
418,4604,2024-01-25,UPI,Paid,9439.0
419,11687,2024-01-25,Cash on Delivery,Paid,5809.75
420,14149,2024-01-25,Credit Card,Paid,33104.0
421,19600,2024-01-25,Credit Card,Paid,41685.05
422,9866,2024-01-25,Credit Card,Paid,19086.0
423,19457,2024-01-26,UPI,Paid,8263.7
424,6520,2024-01-26,UPI,Paid,3862.0
425,22676,2024-01-26,UPI,Paid,4063.5
426,10031,2024-01-26,Debit Card,Paid,47158.85
427,15726,2024-01-26,Debit Card,Paid,28096.6
428,194,2024-01-26,UPI,Paid,66322.45
429,17690,2024-01-26,UPI,Paid,31469.85
430,20133,2024-01-26,UPI,Paid,8023.15
431,770,2024-01-26,Net Banking,Paid,73842.1
432,12977,2024-01-26,UPI,Paid,60669.0
433,9690,2024-01-26,Credit Card,Paid,18950.75
434,9100,2024-01-26,Cash on Delivery,Paid,92787.5
435,9711,2024-01-26,UPI,Paid,26162.8
436,10296,2024-01-26,UPI,Paid,4002.0
437,19254,2024-01-26,Credit Card,Paid,177696.75
438,15944,2024-01-26,Credit Card,Paid,1397.0
439,8729,2024-01-26,Debit Card,Paid,12443.05
440,12880,2024-01-26,UPI,Paid,19622.55
441,2515,2024-01-27,Cash on Delivery,Paid,17046.9
442,22743,2024-01-27,UPI,Paid,12680.1
443,5059,2024-01-27,Credit Card,Paid,3410.0
444,12580,2024-01-27,UPI,Paid,157215.5
445,13379,2024-01-27,Credit Card,Paid,34390.15
446,5169,2024-01-27,UPI,Paid,101992.8
447,8929,2024-01-27,UPI,Paid,10148.4
448,773,2024-01-27,UPI,Paid,184135.75
449,8826,2024-01-27,UPI,Paid,52812.25
450,24166,2024-01-27,Debit Card,Paid,41166.0
451,24171,2024-01-27,UPI,Paid,75931.05
452,17533,2024-01-27,Credit Card,Paid,6870.6
453,13800,2024-01-27,Cash on Delivery,Paid,11496.6
454,16652,2024-01-27,Debit Card,Paid,1464.3
455,17344,2024-01-27,UPI,Paid,13599.0
456,5808,2024-01-27,UPI,Paid,116779.8
457,2353,2024-01-27,UPI,Paid,2898.5
458,22238,2024-01-27,UPI,Paid,30484.8
459,2211,2024-01-27,Debit Card,Paid,15263.95
460,2668,2024-01-27,UPI,Paid,45069.3
461,7011,2024-01-27,Cash on Delivery,Paid,42445.2
462,2744,2024-01-27,Net Banking,Paid,8277.0
463,2300,2024-01-27,UPI,Paid,3412.4
464,21667,2024-01-27,Debit Card,Paid,56157.75
465,16567,2024-01-27,UPI,Paid,16281.6
466,10422,2024-01-27,Net Banking,Paid,25621.7
467,21537,2024-01-28,UPI,Paid,51371.15
468,3516,2024-01-28,Credit Card,Paid,28180.8
469,24134,2024-01-28,UPI,Paid,58389.9
470,2130,2024-01-28,Cash on Delivery,Paid,56960.1
471,1718,2024-01-28,UPI,Paid,8088.6
472,6079,2024-01-28,Credit Card,Paid,7842.85
473,768,2024-01-28,UPI,Paid,37318.5
474,20277,2024-01-28,Cash on Delivery,Paid,1738.0
475,7730,2024-01-28,Cash on Delivery,Paid,29075.65
476,3192,2024-01-28,Cash on Delivery,Paid,15593.8
477,4175,2024-01-28,UPI,Paid,277.0
478,18508,2024-01-28,Credit Card,Paid,15689.25
479,2926,2024-01-28,Cash on Delivery,Paid,20919.0
480,18565,2024-01-28,UPI,Paid,132046.2
481,9357,2024-01-28,UPI,Paid,8573.4
482,21189,2024-01-28,Cash on Delivery,Paid,2340.8
483,23982,2024-01-28,UPI,Paid,2094.4
484,19004,2024-01-28,UPI,Paid,9449.1
485,22773,2024-01-28,UPI,Paid,26532.35
486,18146,2024-01-28,Credit Card,Paid,32040.9
487,6584,2024-01-29,Credit Card,Paid,61529.1
488,22803,2024-01-29,Credit Card,Paid,62317.5
489,13264,2024-01-29,UPI,Paid,65329.5
490,21676,2024-01-29,Credit Card,Paid,15238.8
491,1681,2024-01-29,UPI,Paid,8761.0
492,6135,2024-01-29,Debit Card,Paid,3679.9
493,1546,2024-01-29,UPI,Paid,50964.3
494,20854,2024-01-29,UPI,Paid,68623.9
495,24545,2024-01-29,Cash on Delivery,Paid,12117.7
496,23687,2024-01-29,UPI,Paid,28784.4
497,14950,2024-01-29,UPI,Paid,5028.8
498,24714,2024-01-29,Credit Card,Paid,8103.5
499,24698,2024-01-29,UPI,Paid,65017.4
500,22533,2024-01-29,Cash on Delivery,Paid,3919.35
501,2323,2024-01-29,UPI,Paid,2654.3
502,9493,2024-01-29,UPI,Paid,1165.65
503,24709,2024-01-29,Net Banking,Paid,49821.75
504,23722,2024-01-29,UPI,Paid,4832.65
505,5902,2024-01-29,UPI,Paid,15801.75
506,21897,2024-01-29,Credit Card,Paid,40763.1
507,7890,2024-01-29,Cash on Delivery,Paid,10062.2
508,13559,2024-01-29,Credit Card,Paid,111598.8
509,3788,2024-01-29,Credit Card,Paid,21672.0
510,2295,2024-01-29,UPI,Paid,16329.0
511,2258,2024-01-30,Credit Card,Paid,20810.1
512,15636,2024-01-30,UPI,Paid,50404.0
513,5551,2024-01-30,UPI,Paid,10215.85
514,13390,2024-01-30,Credit Card,Paid,16682.4
515,11943,2024-01-30,UPI,Paid,8253.6
516,1833,2024-01-30,UPI,Paid,9729.15
517,24726,2024-01-30,Cash on Delivery,Paid,71456.4
518,21754,2024-01-30,Debit Card,Paid,29093.85
519,6996,2024-01-30,Cash on Delivery,Paid,24607.1
520,16589,2024-01-30,UPI,Paid,111394.8
521,10574,2024-01-30,Credit Card,Paid,7703.0
522,19613,2024-01-30,UPI,Paid,4856.4
523,24685,2024-01-30,UPI,Paid,12798.45
524,16093,2024-01-30,Credit Card,Paid,31562.2
525,21162,2024-01-30,Cash on Delivery,Paid,25443.4
526,2909,2024-01-30,UPI,Paid,51433.2
527,8550,2024-01-31,Credit Card,Paid,13479.6
528,13465,2024-01-31,UPI,Paid,3807.6
529,12869,2024-01-31,UPI,Paid,1383.3
530,4172,2024-01-31,UPI,Paid,19168.2
531,5742,2024-01-31,UPI,Paid,166180.0
532,14763,2024-01-31,Credit Card,Paid,1227.0
533,6923,2024-01-31,Debit Card,Paid,3019.5
534,18888,2024-01-31,Credit Card,Paid,10712.2
535,24586,2024-01-31,Net Banking,Paid,78598.0
536,16572,2024-01-31,Cash on Delivery,Paid,4237.0
537,18182,2024-01-31,Credit Card,Paid,12842.0
538,22874,2024-01-31,UPI,Paid,9766.6
539,19302,2024-01-31,Net Banking,Paid,9099.0
540,10804,2024-02-01,UPI,Paid,35443.85
541,5407,2024-02-01,Credit Card,Paid,73381.9
542,3690,2024-02-01,Cash on Delivery,Paid,12842.0
543,14229,2024-02-01,UPI,Paid,1378.95
544,24554,2024-02-01,Credit Card,Paid,5133.0
545,16060,2024-02-01,Cash on Delivery,Paid,15781.1
546,10545,2024-02-01,Credit Card,Paid,45123.15
547,21116,2024-02-01,Cash on Delivery,Paid,2514.6
548,14050,2024-02-01,UPI,Paid,62394.9
549,9230,2024-02-01,Cash on Delivery,Paid,66472.0
550,11483,2024-02-01,UPI,Paid,60551.2
551,9848,2024-02-01,Credit Card,Paid,17112.0
552,13325,2024-02-01,UPI,Paid,5787.65
553,3548,2024-02-02,Cash on Delivery,Paid,12270.6
554,2382,2024-02-02,Debit Card,Paid,31018.0
555,23571,2024-02-02,Debit Card,Paid,19547.8
556,4878,2024-02-02,Debit Card,Paid,1384.65
557,21140,2024-02-02,UPI,Paid,19137.95
558,3291,2024-02-02,Cash on Delivery,Paid,78514.2
559,13447,2024-02-02,Credit Card,Paid,251845.05
560,1909,2024-02-02,Credit Card,Paid,6275.7
561,16972,2024-02-02,Credit Card,Paid,27851.8
562,452,2024-02-02,Debit Card,Paid,10738.8
563,309,2024-02-02,UPI,Paid,3592.0
564,23312,2024-02-02,Credit Card,Paid,6870.6
565,21367,2024-02-02,Debit Card,Paid,11896.05
566,10036,2024-02-02,Credit Card,Paid,7706.1
567,23904,2024-02-02,Credit Card,Paid,13815.9
568,4118,2024-02-02,Net Banking,Paid,9105.35
569,14801,2024-02-02,UPI,Paid,30230.8
570,18773,2024-02-02,Debit Card,Paid,95932.8
571,5304,2024-02-02,Cash on Delivery,Paid,62835.85
572,2431,2024-02-02,Debit Card,Paid,2094.4
573,19109,2024-02-03,UPI,Paid,1651.1
574,14892,2024-02-03,UPI,Paid,55143.9
575,8762,2024-02-03,UPI,Paid,474.0
576,19327,2024-02-03,UPI,Paid,40031.1
577,24639,2024-02-03,UPI,Paid,91050.9
578,14760,2024-02-03,Cash on Delivery,Paid,8354.7
579,18289,2024-02-03,UPI,Paid,137388.0
580,7243,2024-02-03,Net Banking,Paid,5399.0
581,4507,2024-02-03,Net Banking,Paid,1390.4
582,460,2024-02-03,Credit Card,Paid,67763.5
583,12731,2024-02-03,Credit Card,Paid,14392.2
584,24949,2024-02-03,Credit Card,Paid,113254.0
585,22881,2024-02-03,UPI,Paid,54762.25
586,10282,2024-02-03,Credit Card,Paid,46326.2
587,8984,2024-02-03,Cash on Delivery,Paid,9729.0
588,20319,2024-02-03,UPI,Paid,3255.3
589,14024,2024-02-03,Credit Card,Paid,4004.35
590,12573,2024-02-03,Net Banking,Paid,20868.2
591,14,2024-02-04,Debit Card,Paid,125316.8
592,1416,2024-02-04,Cash on Delivery,Paid,8668.8
593,14308,2024-02-04,Cash on Delivery,Paid,3801.9
594,21462,2024-02-04,Cash on Delivery,Paid,11276.0
595,8834,2024-02-04,UPI,Paid,4524.85
596,6854,2024-02-04,Debit Card,Paid,30368.95
597,15504,2024-02-04,Debit Card,Paid,81558.8
598,3619,2024-02-04,UPI,Paid,55454.1
599,15917,2024-02-04,Cash on Delivery,Paid,58577.4
600,14402,2024-02-04,Credit Card,Paid,81028.3
601,22197,2024-02-04,Credit Card,Paid,69837.0
602,19763,2024-02-04,Debit Card,Paid,37562.5
603,6443,2024-02-04,UPI,Paid,62604.15
604,22986,2024-02-04,UPI,Paid,20451.0
605,11300,2024-02-04,Credit Card,Paid,46586.3
606,1208,2024-02-04,Cash on Delivery,Paid,50897.2
607,19191,2024-02-04,UPI,Paid,4431.9
608,1086,2024-02-04,Cash on Delivery,Paid,15535.2
609,22400,2024-02-04,Credit Card,Paid,166745.0
610,1526,2024-02-04,UPI,Paid,3799.0
611,2874,2024-02-04,UPI,Paid,44415.3
612,7444,2024-02-04,UPI,Paid,113506.05
613,23974,2024-02-05,Credit Card,Paid,8920.15
614,16696,2024-02-05,UPI,Paid,18021.35
615,8184,2024-02-05,Debit Card,Paid,3592.0
616,5737,2024-02-05,Debit Card,Paid,50964.3
617,12517,2024-02-05,UPI,Paid,92812.45
618,13932,2024-02-05,Debit Card,Paid,8630.1
619,17227,2024-02-05,UPI,Paid,8818.85
620,16623,2024-02-05,Credit Card,Paid,3029.75
621,2746,2024-02-05,Net Banking,Paid,59624.0
622,13206,2024-02-05,UPI,Paid,4758.0
623,20065,2024-02-05,Credit Card,Paid,66472.0
624,15813,2024-02-05,Credit Card,Paid,4206.6
625,6769,2024-02-05,Credit Card,Paid,22930.0
626,13892,2024-02-05,UPI,Paid,8354.7
627,13336,2024-02-05,UPI,Paid,2516.25
628,9901,2024-02-05,Cash on Delivery,Paid,3419.1
629,21847,2024-02-05,Cash on Delivery,Paid,21097.2
630,17823,2024-02-05,UPI,Paid,1777.0
631,1814,2024-02-05,Debit Card,Paid,15801.75
632,4317,2024-02-05,Debit Card,Paid,4931.25
633,22218,2024-02-05,UPI,Paid,4619.7
634,3869,2024-02-05,UPI,Paid,2514.4
635,3365,2024-02-05,Credit Card,Paid,25904.4
636,1221,2024-02-05,Cash on Delivery,Paid,50873.45
637,19582,2024-02-05,Credit Card,Paid,4015.2
638,22747,2024-02-05,Debit Card,Paid,25367.7
639,7032,2024-02-05,UPI,Paid,33812.1
640,20609,2024-02-05,Credit Card,Paid,8695.5
641,4766,2024-02-05,Credit Card,Paid,55352.8
642,18167,2024-02-05,Debit Card,Paid,189861.0
643,24167,2024-02-06,UPI,Paid,1525.0
644,16691,2024-02-06,UPI,Paid,145417.0
645,6353,2024-02-06,UPI,Paid,9213.0
646,11729,2024-02-06,Debit Card,Paid,48885.9
647,24978,2024-02-06,UPI,Paid,3813.3
648,13060,2024-02-06,UPI,Paid,6232.5
649,598,2024-02-06,UPI,Paid,44629.1
650,4152,2024-02-06,Debit Card,Paid,99056.0
651,5441,2024-02-06,UPI,Paid,5224.55
652,15419,2024-02-06,Cash on Delivery,Paid,8294.7
653,15693,2024-02-06,UPI,Paid,8861.2
654,5047,2024-02-06,Debit Card,Paid,3019.5
655,159,2024-02-06,UPI,Paid,31642.4
656,11309,2024-02-06,UPI,Paid,75702.45
657,13122,2024-02-06,UPI,Paid,8061.0
658,17318,2024-02-06,Credit Card,Paid,1031.7
659,3057,2024-02-06,UPI,Paid,4711.0
660,20273,2024-02-06,Cash on Delivery,Paid,31422.3
661,6176,2024-02-07,Debit Card,Paid,12842.0
662,13650,2024-02-07,UPI,Paid,45416.2
663,19938,2024-02-07,Net Banking,Paid,21326.4
664,10757,2024-02-07,UPI,Paid,3696.0
665,22498,2024-02-07,Debit Card,Paid,9879.05
666,837,2024-02-07,Credit Card,Paid,1117.6
667,22901,2024-02-07,Cash on Delivery,Paid,8224.15
668,11239,2024-02-07,UPI,Paid,4039.2
669,12282,2024-02-07,UPI,Paid,15638.4
670,13807,2024-02-07,Credit Card,Paid,7706.1
671,3172,2024-02-07,Credit Card,Paid,7342.15
672,15474,2024-02-07,Cash on Delivery,Paid,85287.6
673,15879,2024-02-07,UPI,Paid,72275.15
674,2113,2024-02-07,Credit Card,Paid,18673.2
675,12690,2024-02-07,Credit Card,Paid,29875.4
676,12401,2024-02-07,Credit Card,Paid,28768.25
677,23321,2024-02-08,UPI,Paid,332.0
678,7733,2024-02-08,Credit Card,Paid,26537.6
679,11789,2024-02-08,Credit Card,Paid,192733.7
680,23912,2024-02-08,Credit Card,Paid,788.5
681,19282,2024-02-08,Cash on Delivery,Paid,191842.3
682,856,2024-02-08,Cash on Delivery,Paid,13551.3
683,4197,2024-02-08,UPI,Paid,60499.55
684,506,2024-02-08,Credit Card,Paid,144006.6
685,4570,2024-02-08,UPI,Paid,7564.65
686,17789,2024-02-08,UPI,Paid,15268.0
687,21870,2024-02-08,UPI,Paid,43297.5
688,19526,2024-02-08,UPI,Paid,44590.0
689,4750,2024-02-08,Credit Card,Paid,3496.95
690,8808,2024-02-08,Debit Card,Paid,189.6
691,21426,2024-02-08,UPI,Paid,19873.05
692,6737,2024-02-08,UPI,Paid,67350.4
693,4222,2024-02-08,Cash on Delivery,Paid,56960.1
694,14126,2024-02-08,Credit Card,Paid,9254.0
695,16371,2024-02-08,Debit Card,Paid,86541.5
696,7598,2024-02-08,UPI,Paid,45499.2
697,11762,2024-02-08,Credit Card,Paid,5453.6
698,23003,2024-02-08,Credit Card,Paid,77182.9
699,5706,2024-02-08,UPI,Paid,51584.15
700,8161,2024-02-09,Credit Card,Paid,17599.75
701,5006,2024-02-09,Credit Card,Paid,179874.0
702,3722,2024-02-09,Credit Card,Paid,6469.85
703,23917,2024-02-09,Debit Card,Paid,10915.7
704,24862,2024-02-09,UPI,Paid,38436.05
705,23842,2024-02-09,Debit Card,Paid,66472.0
706,23849,2024-02-09,Credit Card,Paid,5447.2
707,18384,2024-02-09,UPI,Paid,543.0
708,3417,2024-02-09,UPI,Paid,5126.25
709,24196,2024-02-09,Debit Card,Paid,3072.6
710,14414,2024-02-09,Credit Card,Paid,6737.6
711,21205,2024-02-09,Cash on Delivery,Paid,11933.1
712,1968,2024-02-09,Credit Card,Paid,8818.85
713,16073,2024-02-09,Debit Card,Paid,49656.0
714,2161,2024-02-09,Cash on Delivery,Paid,3810.4
715,3176,2024-02-09,UPI,Paid,12693.8
716,5917,2024-02-09,Cash on Delivery,Paid,17937.6
717,19564,2024-02-09,Debit Card,Paid,27700.0
718,6045,2024-02-09,Credit Card,Paid,6809.0
719,1798,2024-02-10,Credit Card,Paid,80775.9
720,22437,2024-02-10,Credit Card,Paid,213993.2
721,6191,2024-02-10,UPI,Paid,1227.0
722,7379,2024-02-10,Debit Card,Paid,42557.4
723,21739,2024-02-10,UPI,Paid,6458.3
724,8465,2024-02-10,Credit Card,Paid,10805.4
725,21273,2024-02-10,UPI,Paid,5979.2
726,16149,2024-02-10,Credit Card,Paid,208321.4
727,23352,2024-02-10,Cash on Delivery,Paid,55319.85
728,10985,2024-02-10,Credit Card,Paid,21606.0
729,15002,2024-02-10,Debit Card,Paid,6564.45
730,2250,2024-02-10,Net Banking,Paid,32111.9
731,11495,2024-02-10,Credit Card,Paid,8818.85
732,19411,2024-02-10,UPI,Paid,5790.05
733,18326,2024-02-10,Debit Card,Paid,8126.0
734,12519,2024-02-10,Net Banking,Paid,106008.8
735,577,2024-02-10,Cash on Delivery,Paid,1117.6
736,5166,2024-02-10,Cash on Delivery,Paid,6283.2
737,2734,2024-02-10,Debit Card,Paid,5087.0
738,8964,2024-02-10,Cash on Delivery,Paid,5174.4
739,11646,2024-02-10,UPI,Paid,6476.15
740,23136,2024-02-10,Credit Card,Paid,13690.5
741,14756,2024-02-10,UPI,Paid,4334.4
742,24729,2024-02-10,UPI,Paid,3020.95
743,5384,2024-02-10,Credit Card,Paid,25605.4
744,16861,2024-02-11,Debit Card,Paid,123059.05
745,9716,2024-02-11,Debit Card,Paid,34887.1
746,3966,2024-02-11,Debit Card,Paid,10386.85
747,9660,2024-02-11,Net Banking,Paid,10205.1
748,6681,2024-02-11,UPI,Paid,1303.5
749,15411,2024-02-11,Cash on Delivery,Paid,12256.2
750,3642,2024-02-11,UPI,Paid,17165.7
751,6623,2024-02-11,UPI,Paid,19529.5
752,586,2024-02-11,UPI,Paid,21149.6
753,15540,2024-02-11,Net Banking,Paid,5808.9
754,7933,2024-02-11,Credit Card,Paid,17625.5
755,13553,2024-02-12,UPI,Paid,17909.0
756,16946,2024-02-12,Net Banking,Paid,13716.25
757,14232,2024-02-12,Debit Card,Paid,30636.55
758,11086,2024-02-12,Cash on Delivery,Paid,3302.2
759,24893,2024-02-12,Credit Card,Paid,22863.8
760,17824,2024-02-12,Credit Card,Paid,29181.6
761,16306,2024-02-12,UPI,Paid,101437.6
762,18684,2024-02-12,Cash on Delivery,Paid,7384.8
763,2525,2024-02-12,UPI,Paid,47286.0
764,9310,2024-02-12,UPI,Paid,94954.4
765,19850,2024-02-12,Cash on Delivery,Paid,22175.05
766,4754,2024-02-12,UPI,Paid,8478.0
767,21830,2024-02-12,UPI,Paid,29853.8
768,22930,2024-02-12,Credit Card,Paid,35536.5
769,20901,2024-02-13,UPI,Paid,2340.8
770,8609,2024-02-13,Cash on Delivery,Paid,89937.0
771,17986,2024-02-13,Credit Card,Paid,20065.5
772,9090,2024-02-13,UPI,Paid,69123.4
773,3790,2024-02-13,UPI,Paid,12803.15
774,16062,2024-02-13,Cash on Delivery,Paid,12717.0
775,15143,2024-02-13,Debit Card,Paid,75309.3
776,6816,2024-02-13,UPI,Paid,42643.8
777,22662,2024-02-13,UPI,Paid,332.0
778,19440,2024-02-13,UPI,Paid,42274.45
779,4728,2024-02-13,UPI,Paid,14351.7
780,16595,2024-02-13,Debit Card,Paid,6809.0
781,21374,2024-02-13,Net Banking,Paid,71920.7
782,22724,2024-02-13,UPI,Paid,56988.2
783,2304,2024-02-13,Credit Card,Paid,1873.8
784,1057,2024-02-13,Credit Card,Paid,13667.3
785,22581,2024-02-14,UPI,Paid,90406.0
786,12014,2024-02-14,UPI,Paid,3626.4
787,19515,2024-02-14,UPI,Paid,10267.2
788,13367,2024-02-14,UPI,Paid,56886.3
789,2044,2024-02-14,Debit Card,Paid,8612.7
790,23274,2024-02-14,Net Banking,Paid,3632.4
791,15929,2024-02-14,Cash on Delivery,Paid,9069.65
792,6234,2024-02-14,UPI,Paid,51063.15
793,13059,2024-02-14,Debit Card,Paid,23368.85
794,21612,2024-02-14,UPI,Paid,47966.4
795,6928,2024-02-14,Credit Card,Paid,16193.05
796,6926,2024-02-14,UPI,Paid,11557.8
797,10482,2024-02-14,UPI,Paid,7863.15
798,21853,2024-02-14,Net Banking,Paid,4533.0
799,1510,2024-02-14,UPI,Paid,7998.7
800,13541,2024-02-14,UPI,Paid,54108.6
801,8076,2024-02-14,UPI,Paid,15794.8
802,8131,2024-02-14,Cash on Delivery,Paid,5147.1
803,13393,2024-02-14,Cash on Delivery,Paid,3626.15
804,18865,2024-02-14,Net Banking,Paid,22406.05
805,23359,2024-02-14,UPI,Paid,150814.2
806,18771,2024-02-15,UPI,Paid,154796.95
807,13201,2024-02-15,Credit Card,Paid,169200.9
808,21480,2024-02-15,UPI,Paid,120579.3
809,520,2024-02-15,Credit Card,Paid,12712.6
810,3440,2024-02-15,Credit Card,Paid,19710.6
811,18394,2024-02-15,Credit Card,Paid,543.0
812,18188,2024-02-15,Cash on Delivery,Paid,12842.0
813,20950,2024-02-15,Cash on Delivery,Paid,1343.3
814,1054,2024-02-15,UPI,Paid,16816.5
815,20844,2024-02-15,UPI,Paid,117195.25
816,4861,2024-02-15,Debit Card,Paid,176830.1
817,4438,2024-02-15,UPI,Paid,54808.4
818,1616,2024-02-15,UPI,Paid,17293.05
819,907,2024-02-15,Debit Card,Paid,38931.95
820,22677,2024-02-15,Net Banking,Paid,10992.6
821,24075,2024-02-15,Credit Card,Paid,3853.05
822,508,2024-02-15,Cash on Delivery,Paid,45547.2
823,9957,2024-02-15,Debit Card,Paid,373.5
824,8112,2024-02-16,UPI,Paid,19558.7
825,21755,2024-02-16,Cash on Delivery,Paid,92927.15
826,3290,2024-02-16,Net Banking,Paid,19777.6
827,18828,2024-02-16,Credit Card,Paid,4069.6
828,2175,2024-02-16,Credit Card,Paid,9020.8
829,24872,2024-02-16,Cash on Delivery,Paid,8711.45
830,2011,2024-02-16,Cash on Delivery,Paid,51520.5
831,20378,2024-02-16,UPI,Paid,3799.0
832,4545,2024-02-16,Cash on Delivery,Paid,4428.0
833,23869,2024-02-16,UPI,Paid,28791.2
834,11613,2024-02-16,UPI,Paid,14798.45
835,24968,2024-02-16,Credit Card,Paid,853.2
836,9126,2024-02-16,UPI,Paid,66472.0
837,23874,2024-02-16,Credit Card,Paid,17790.4
838,13731,2024-02-17,Cash on Delivery,Paid,17836.0
839,893,2024-02-17,UPI,Paid,114902.4
840,7127,2024-02-17,UPI,Paid,91084.6
841,16737,2024-02-17,UPI,Paid,6493.25
842,21258,2024-02-17,Debit Card,Paid,2293.3
843,18007,2024-02-17,UPI,Paid,15756.7
844,7777,2024-02-17,UPI,Paid,4334.4
845,4449,2024-02-17,UPI,Paid,50964.3
846,9496,2024-02-17,UPI,Paid,56235.2
847,16163,2024-02-17,Cash on Delivery,Paid,8537.0
848,4910,2024-02-17,UPI,Paid,4079.7
849,21314,2024-02-17,Cash on Delivery,Paid,4533.0
850,2959,2024-02-17,Cash on Delivery,Paid,71073.0
851,15610,2024-02-17,UPI,Paid,5147.1
852,11324,2024-02-17,Cash on Delivery,Paid,7128.0
853,24118,2024-02-17,Cash on Delivery,Paid,74310.95
854,7040,2024-02-18,UPI,Paid,15132.2
855,1566,2024-02-18,UPI,Paid,2131.8
856,6071,2024-02-18,UPI,Paid,46554.85
857,17111,2024-02-18,UPI,Paid,29226.85
858,12302,2024-02-18,UPI,Paid,50629.6
859,9416,2024-02-18,UPI,Paid,1220.25
860,10558,2024-02-18,Credit Card,Paid,9351.0
861,4891,2024-02-18,Debit Card,Paid,5979.2
862,19266,2024-02-18,UPI,Paid,141787.5
863,21588,2024-02-18,Debit Card,Paid,5787.65
864,8166,2024-02-18,UPI,Paid,37527.55
865,8605,2024-02-18,UPI,Paid,9733.35
866,21842,2024-02-18,UPI,Paid,169408.6
867,18717,2024-02-18,UPI,Paid,34824.0
868,24314,2024-02-18,Cash on Delivery,Paid,8761.0
869,23111,2024-02-18,UPI,Paid,43867.8
870,6039,2024-02-18,UPI,Paid,14412.6
871,11415,2024-02-18,Cash on Delivery,Paid,30484.8
872,17569,2024-02-18,UPI,Paid,92960.7
873,23822,2024-02-18,UPI,Paid,12077.95
874,1061,2024-02-18,Credit Card,Paid,10918.4
875,22767,2024-02-18,UPI,Paid,12208.8
876,3815,2024-02-18,Credit Card,Paid,44065.2
877,331,2024-02-18,Credit Card,Paid,6932.7
878,23530,2024-02-18,UPI,Paid,61972.65
879,7449,2024-02-19,UPI,Paid,29396.4
880,12520,2024-02-19,Net Banking,Paid,20020.6
881,1344,2024-02-19,UPI,Paid,1315.0
882,23380,2024-02-19,UPI,Paid,2023.5
883,12559,2024-02-19,UPI,Paid,176923.05
884,16975,2024-02-19,Credit Card,Paid,5231.8
885,4607,2024-02-19,UPI,Paid,124479.9
886,15405,2024-02-19,Debit Card,Paid,14072.4
887,7376,2024-02-19,UPI,Paid,434.4
888,19321,2024-02-19,UPI,Paid,81160.75
889,23331,2024-02-19,UPI,Paid,98767.2
890,2809,2024-02-19,Credit Card,Paid,40175.1
891,9350,2024-02-19,Credit Card,Paid,6465.6
892,13508,2024-02-19,UPI,Paid,69837.0
893,20293,2024-02-19,UPI,Paid,35825.4
894,10791,2024-02-19,Cash on Delivery,Paid,8538.0
895,246,2024-02-19,UPI,Paid,70893.75
896,11643,2024-02-19,Cash on Delivery,Paid,121397.35
897,23155,2024-02-19,UPI,Paid,29378.95
898,21237,2024-02-19,UPI,Paid,3799.0
899,21749,2024-02-19,UPI,Paid,19802.0
900,11178,2024-02-19,UPI,Paid,44966.7
901,20842,2024-02-19,UPI,Paid,44882.1
902,22379,2024-02-20,Credit Card,Paid,7254.9
903,18235,2024-02-20,Net Banking,Paid,115649.6
904,16074,2024-02-20,UPI,Paid,172842.5
905,14819,2024-02-20,UPI,Paid,2293.3
906,12587,2024-02-20,UPI,Paid,225.15
907,10391,2024-02-20,Cash on Delivery,Paid,18211.4
908,3990,2024-02-20,Credit Card,Paid,249.3
909,18693,2024-02-20,UPI,Paid,41509.65
910,3960,2024-02-20,UPI,Paid,108145.2
911,6263,2024-02-20,UPI,Paid,24040.0
912,834,2024-02-20,Cash on Delivery,Paid,3069.0
913,572,2024-02-20,UPI,Paid,16914.0
914,16398,2024-02-20,UPI,Paid,23190.0
915,4818,2024-02-20,UPI,Paid,6829.6
916,12901,2024-02-20,Credit Card,Paid,16100.6
917,13911,2024-02-20,Credit Card,Paid,14664.15
918,18162,2024-02-20,Debit Card,Paid,2293.3
919,8889,2024-02-21,Credit Card,Paid,1384.65
920,12907,2024-02-21,Debit Card,Paid,44921.7
921,15592,2024-02-21,Cash on Delivery,Paid,37924.2
922,21476,2024-02-21,UPI,Paid,7474.0
923,16546,2024-02-21,UPI,Paid,25064.1
924,3041,2024-02-21,Credit Card,Paid,40821.1
925,16055,2024-02-21,UPI,Paid,29854.5
926,5701,2024-02-21,UPI,Paid,18566.0
927,15252,2024-02-21,UPI,Paid,149250.0
928,8370,2024-02-21,Debit Card,Paid,236806.5
929,4301,2024-02-21,UPI,Paid,39806.0
930,3420,2024-02-21,UPI,Paid,33575.65
931,5524,2024-02-21,Debit Card,Paid,6093.7
932,5637,2024-02-21,Cash on Delivery,Paid,21481.5
933,24340,2024-02-21,UPI,Paid,64987.75
934,22017,2024-02-21,UPI,Paid,44067.85
935,12349,2024-02-21,Cash on Delivery,Paid,59700.0
936,7343,2024-02-21,Net Banking,Paid,5453.6
937,7913,2024-02-21,Net Banking,Paid,45354.6
938,5404,2024-02-21,UPI,Paid,8008.35
939,10652,2024-02-21,Credit Card,Paid,6829.6
940,8615,2024-02-21,Credit Card,Paid,6218.2
941,1550,2024-02-22,Credit Card,Paid,50264.0
942,5775,2024-02-22,UPI,Paid,11543.5
943,17975,2024-02-22,UPI,Paid,47901.3
944,17958,2024-02-22,Debit Card,Paid,191062.15
945,6906,2024-02-22,UPI,Paid,1907.4
946,1294,2024-02-22,Credit Card,Paid,5055.0
947,12710,2024-02-22,UPI,Paid,17606.4
948,17797,2024-02-22,UPI,Paid,5418.8
949,11427,2024-02-22,Credit Card,Paid,27062.4
950,168,2024-02-22,Net Banking,Paid,8666.25
951,17025,2024-02-22,UPI,Paid,2898.5
952,3050,2024-02-22,Credit Card,Paid,122512.7
953,1038,2024-02-22,UPI,Paid,46816.7
954,1135,2024-02-22,Credit Card,Paid,8564.4
955,22410,2024-02-23,Debit Card,Paid,35929.0
956,3255,2024-02-23,Credit Card,Paid,8042.7
957,1399,2024-02-23,Debit Card,Paid,27500.15
958,4845,2024-02-23,Credit Card,Paid,94523.5
959,909,2024-02-23,UPI,Paid,26099.1
960,22453,2024-02-23,Debit Card,Paid,9414.0
961,16913,2024-02-23,UPI,Paid,11066.4
962,24310,2024-02-23,Net Banking,Paid,15222.65
963,7522,2024-02-23,UPI,Paid,13667.2
964,14277,2024-02-23,Debit Card,Paid,4063.5
965,16043,2024-02-23,Credit Card,Paid,29746.4
966,4633,2024-02-23,Credit Card,Paid,50800.6
967,16125,2024-02-23,UPI,Paid,68694.0
968,21498,2024-02-23,Cash on Delivery,Paid,35464.5
969,6321,2024-02-23,UPI,Paid,117123.0
970,15507,2024-02-23,Cash on Delivery,Paid,2340.8
971,23645,2024-02-23,UPI,Paid,87162.0
972,17494,2024-02-23,Net Banking,Paid,6732.0
973,21494,2024-02-23,Debit Card,Paid,13027.95
974,14479,2024-02-23,Net Banking,Paid,29966.8
975,11681,2024-02-24,UPI,Paid,4763.0
976,24730,2024-02-24,Net Banking,Paid,8212.8
977,1288,2024-02-24,UPI,Paid,1372.5
978,17165,2024-02-24,Credit Card,Paid,9872.4
979,6026,2024-02-24,Cash on Delivery,Paid,9359.1
980,4251,2024-02-24,Credit Card,Paid,5418.8
981,17440,2024-02-24,UPI,Paid,38670.0
982,8732,2024-02-24,Credit Card,Paid,18741.6
983,13628,2024-02-24,Debit Card,Paid,6547.55
984,21045,2024-02-24,Credit Card,Paid,2244.0
985,4660,2024-02-24,UPI,Paid,21994.0
986,5624,2024-02-24,Cash on Delivery,Paid,55175.75
987,3042,2024-02-24,Credit Card,Paid,2843.2
988,7147,2024-02-24,Cash on Delivery,Paid,100930.2
989,9631,2024-02-24,Cash on Delivery,Paid,2671.9
990,7799,2024-02-24,Cash on Delivery,Paid,8479.8
991,22521,2024-02-24,Debit Card,Paid,148907.25
992,17910,2024-02-24,Debit Card,Paid,41811.6
993,19814,2024-02-24,Credit Card,Paid,1187.5
994,20822,2024-02-24,Credit Card,Paid,62166.6
995,11600,2024-02-24,Credit Card,Paid,7537.6
996,10854,2024-02-25,Debit Card,Paid,4106.4
997,6110,2024-02-25,Cash on Delivery,Paid,5605.5
998,17813,2024-02-25,UPI,Paid,6570.75
999,22423,2024-02-25,UPI,Paid,6474.25
1000,4539,2024-02-25,Credit Card,Paid,11276.0
1001,6011,2024-02-25,UPI,Paid,130749.0
1002,1850,2024-02-25,Credit Card,Paid,40078.65
1003,6342,2024-02-25,Debit Card,Paid,20286.3
1004,1361,2024-02-25,Cash on Delivery,Paid,78935.5
1005,11361,2024-02-25,UPI,Paid,5147.1
1006,3854,2024-02-25,UPI,Paid,50810.15
1007,22699,2024-02-25,UPI,Paid,9633.0
1008,17501,2024-02-25,Cash on Delivery,Paid,41056.0
1009,12694,2024-02-25,Credit Card,Paid,4471.65
1010,3004,2024-02-25,UPI,Paid,1229.6
1011,24092,2024-02-25,UPI,Paid,13016.9
1012,2497,2024-02-25,Credit Card,Paid,2340.8
1013,811,2024-02-25,Cash on Delivery,Paid,331.8
1014,21501,2024-02-25,UPI,Paid,51529.05
1015,21707,2024-02-25,Debit Card,Paid,83927.6
1016,8265,2024-02-25,Net Banking,Paid,8950.9
1017,14589,2024-02-26,Cash on Delivery,Paid,3187.5
1018,19481,2024-02-26,UPI,Paid,55869.6
1019,24506,2024-02-26,Debit Card,Paid,19347.75
1020,20350,2024-02-26,UPI,Paid,10137.95
1021,14556,2024-02-26,UPI,Paid,5106.75
1022,13555,2024-02-26,Debit Card,Paid,5927.05
1023,9332,2024-02-26,UPI,Paid,249.3
1024,789,2024-02-26,Cash on Delivery,Paid,3632.4
1025,21762,2024-02-26,Credit Card,Paid,5055.0
1026,2903,2024-02-26,Cash on Delivery,Paid,16932.0
1027,23707,2024-02-26,Credit Card,Paid,2217.6
1028,3497,2024-02-26,Credit Card,Paid,4036.0
1029,4759,2024-02-26,UPI,Paid,50608.0
1030,7411,2024-02-27,UPI,Paid,2654.3
1031,23407,2024-02-27,Credit Card,Paid,24490.8
1032,8018,2024-02-27,Cash on Delivery,Paid,1075.9
1033,15033,2024-02-27,Cash on Delivery,Paid,45838.45
1034,14355,2024-02-27,Cash on Delivery,Paid,7819.2
1035,3727,2024-02-27,Credit Card,Paid,8467.0
1036,9922,2024-02-27,UPI,Paid,2851.75
1037,19048,2024-02-27,Credit Card,Paid,17959.0
1038,24766,2024-02-27,Debit Card,Paid,810.0
1039,6563,2024-02-27,UPI,Paid,25332.0
1040,2602,2024-02-27,Credit Card,Paid,5440.65
1041,1151,2024-02-27,Net Banking,Paid,27427.5
1042,11577,2024-02-27,Debit Card,Paid,135389.0
1043,8816,2024-02-27,UPI,Paid,39806.0
1044,16340,2024-02-27,Debit Card,Paid,249.3
1045,1599,2024-02-27,Debit Card,Paid,5418.0
1046,20416,2024-02-27,UPI,Paid,4763.0
1047,1733,2024-02-27,Net Banking,Paid,8818.85
1048,10232,2024-02-27,Credit Card,Paid,44124.35
1049,12090,2024-02-27,Net Banking,Paid,6352.9
1050,24784,2024-02-27,UPI,Paid,95932.8
1051,24923,2024-02-27,Credit Card,Paid,3764.9
1052,11684,2024-02-27,UPI,Paid,27416.35
1053,23990,2024-02-27,UPI,Paid,3228.8
1054,4479,2024-02-27,Credit Card,Paid,10186.65
1055,7435,2024-02-28,Cash on Delivery,Paid,15468.0
1056,9192,2024-02-28,UPI,Paid,4881.0
1057,14503,2024-02-28,Credit Card,Paid,4265.0
1058,15176,2024-02-28,UPI,Paid,48323.4
1059,23322,2024-02-28,UPI,Paid,24399.8
1060,2327,2024-02-28,Credit Card,Paid,91149.85
1061,2488,2024-02-28,Credit Card,Paid,26456.55
1062,12846,2024-02-28,Credit Card,Paid,21239.8
1063,9251,2024-02-28,Credit Card,Paid,1212.95
1064,14228,2024-02-28,Net Banking,Paid,8449.6
1065,2311,2024-02-28,Debit Card,Paid,46122.45
1066,17225,2024-02-28,Debit Card,Paid,40193.1
1067,4956,2024-02-28,Cash on Delivery,Paid,27084.7
1068,14531,2024-02-28,UPI,Paid,10792.0
1069,14409,2024-02-28,UPI,Paid,6398.45
1070,9513,2024-02-28,UPI,Paid,29166.0
1071,1296,2024-02-28,Debit Card,Paid,29765.9
1072,12230,2024-02-29,UPI,Paid,30257.7
1073,2542,2024-02-29,Cash on Delivery,Paid,3053.6
1074,23847,2024-02-29,UPI,Paid,6817.0
1075,591,2024-02-29,Cash on Delivery,Paid,3838.5
1076,21774,2024-02-29,UPI,Paid,4475.45
1077,16538,2024-02-29,UPI,Paid,9139.8
1078,2072,2024-02-29,UPI,Paid,36289.1
1079,5199,2024-02-29,UPI,Paid,54096.85
1080,11908,2024-02-29,Cash on Delivery,Paid,5848.75
1081,12866,2024-02-29,UPI,Paid,28890.9
1082,1062,2024-02-29,Credit Card,Paid,9087.3
1083,11586,2024-02-29,UPI,Paid,831.0
1084,9890,2024-02-29,UPI,Paid,7100.3
1085,20704,2024-02-29,Cash on Delivery,Paid,3228.8
1086,23688,2024-02-29,Debit Card,Paid,97771.8
1087,17755,2024-02-29,UPI,Paid,16104.9
1088,315,2024-03-01,UPI,Paid,2900.25
1089,11691,2024-03-01,UPI,Paid,36188.25
1090,8493,2024-03-01,UPI,Paid,1397.0
1091,5948,2024-03-01,Cash on Delivery,Paid,15669.75
1092,15102,2024-03-01,UPI,Paid,20845.9
1093,17663,2024-03-01,UPI,Paid,21109.0
1094,8345,2024-03-01,Cash on Delivery,Paid,7074.95
1095,4950,2024-03-01,Net Banking,Paid,20065.5
1096,23706,2024-03-01,Credit Card,Paid,6295.0
1097,17671,2024-03-01,Credit Card,Paid,3239.5
1098,20168,2024-03-01,UPI,Paid,6732.0
1099,3128,2024-03-01,Credit Card,Paid,12628.55
1100,19707,2024-03-01,Debit Card,Paid,14716.9
1101,11249,2024-03-01,Debit Card,Paid,35536.5
1102,12483,2024-03-01,UPI,Paid,3834.2
1103,12229,2024-03-01,UPI,Paid,92494.2
1104,14189,2024-03-01,Debit Card,Paid,136395.15
1105,8758,2024-03-01,Net Banking,Paid,22489.2
1106,18303,2024-03-01,Debit Card,Paid,1104.3
1107,1900,2024-03-01,UPI,Paid,4239.9
1108,151,2024-03-02,UPI,Paid,33775.7
1109,24271,2024-03-02,UPI,Paid,13336.4
1110,19685,2024-03-02,UPI,Paid,69667.7
1111,19319,2024-03-02,UPI,Paid,143456.4
1112,23366,2024-03-02,Credit Card,Paid,7484.65
1113,6760,2024-03-02,Credit Card,Paid,75631.4
1114,21405,2024-03-02,Cash on Delivery,Paid,16956.0
1115,10619,2024-03-02,UPI,Paid,17225.4
1116,12345,2024-03-02,Debit Card,Paid,37334.3
1117,11515,2024-03-02,UPI,Paid,11596.0
1118,5946,2024-03-02,Credit Card,Paid,61271.0
1119,14283,2024-03-02,UPI,Paid,42643.8
1120,14448,2024-03-02,Credit Card,Paid,1075.9
1121,24060,2024-03-02,UPI,Paid,7619.4
1122,15069,2024-03-02,Debit Card,Paid,9171.5
1123,9524,2024-03-02,UPI,Paid,20707.1
1124,12727,2024-03-02,Credit Card,Paid,4323.95
1125,11790,2024-03-02,Net Banking,Paid,23552.3
1126,7986,2024-03-03,UPI,Paid,61414.4
1127,2607,2024-03-03,Net Banking,Paid,115490.05
1128,13355,2024-03-03,Cash on Delivery,Paid,32134.4
1129,16313,2024-03-03,Credit Card,Paid,4048.55
1130,24363,2024-03-03,UPI,Paid,20401.6
1131,13593,2024-03-03,UPI,Paid,12256.2
1132,17206,2024-03-03,Credit Card,Paid,12303.0
1133,11478,2024-03-03,Credit Card,Paid,4278.0
1134,906,2024-03-03,UPI,Paid,49182.5
1135,3281,2024-03-03,UPI,Paid,120245.3
1136,9329,2024-03-03,Credit Card,Paid,8657.0
1137,5520,2024-03-03,UPI,Paid,3768.8
1138,6379,2024-03-04,Net Banking,Paid,193.9
1139,5807,2024-03-04,Credit Card,Paid,8042.7
1140,6362,2024-03-04,UPI,Paid,3626.15
1141,21285,2024-03-04,Credit Card,Paid,50972.4
1142,13164,2024-03-04,UPI,Paid,3988.95
1143,9271,2024-03-04,Cash on Delivery,Paid,74294.4
1144,24746,2024-03-04,Cash on Delivery,Paid,119400.0
1145,5893,2024-03-04,UPI,Paid,40459.0
1146,13989,2024-03-04,Debit Card,Paid,30126.0
1147,19386,2024-03-04,Credit Card,Paid,6135.3
1148,15225,2024-03-04,Cash on Delivery,Paid,177219.9
1149,11009,2024-03-04,Net Banking,Paid,5418.8
1150,17687,2024-03-04,Cash on Delivery,Paid,8088.6
1151,17002,2024-03-04,UPI,Paid,2293.3
1152,11248,2024-03-04,UPI,Paid,21831.4
1153,2817,2024-03-04,Cash on Delivery,Paid,41867.05
1154,20383,2024-03-04,Credit Card,Paid,9174.15
1155,15307,2024-03-04,Credit Card,Paid,1306.45
1156,2310,2024-03-04,Cash on Delivery,Paid,3801.9
1157,19640,2024-03-04,Credit Card,Paid,7683.3
1158,22415,2024-03-05,Credit Card,Paid,17239.5
1159,5203,2024-03-05,Credit Card,Paid,18880.2
1160,21068,2024-03-05,UPI,Paid,89520.3
1161,20469,2024-03-05,Credit Card,Paid,1907.4
1162,22603,2024-03-05,UPI,Paid,25456.4
1163,11494,2024-03-05,UPI,Paid,70987.3
1164,7290,2024-03-05,Net Banking,Paid,154401.4
1165,5562,2024-03-05,Net Banking,Paid,44639.0
1166,15364,2024-03-05,Credit Card,Paid,60843.6
1167,9882,2024-03-05,Debit Card,Paid,17380.5
1168,2189,2024-03-05,Debit Card,Paid,21408.2
1169,7065,2024-03-05,UPI,Paid,54414.0
1170,11387,2024-03-05,Credit Card,Paid,100563.25
1171,8201,2024-03-05,UPI,Paid,19001.6
1172,24191,2024-03-05,Cash on Delivery,Paid,263.15
1173,20072,2024-03-05,Debit Card,Paid,4265.0
1174,7120,2024-03-05,Cash on Delivery,Paid,21180.25
1175,14646,2024-03-05,Cash on Delivery,Paid,73200.5
1176,21525,2024-03-05,UPI,Paid,94426.3
1177,20804,2024-03-05,Debit Card,Paid,67987.8
1178,1003,2024-03-05,UPI,Paid,23741.45
1179,24510,2024-03-06,UPI,Paid,8881.9
1180,15608,2024-03-06,UPI,Paid,45953.25
1181,3496,2024-03-06,UPI,Paid,63169.5
1182,24818,2024-03-06,UPI,Paid,110412.8
1183,16923,2024-03-06,Cash on Delivery,Paid,10241.5
1184,294,2024-03-06,Net Banking,Paid,46814.5
1185,3798,2024-03-06,UPI,Paid,62830.0
1186,5950,2024-03-06,Cash on Delivery,Paid,62135.8
1187,2111,2024-03-06,Credit Card,Paid,3229.15
1188,12920,2024-03-06,UPI,Paid,6817.0
1189,3949,2024-03-06,UPI,Paid,6621.6
1190,19295,2024-03-06,Debit Card,Paid,81480.6
1191,6719,2024-03-06,Debit Card,Paid,10885.8
1192,22062,2024-03-06,Credit Card,Paid,68433.1
1193,7233,2024-03-06,Net Banking,Paid,52080.35
1194,4930,2024-03-06,UPI,Paid,9156.6
1195,10165,2024-03-06,Cash on Delivery,Paid,146093.85
1196,3165,2024-03-06,Cash on Delivery,Paid,7537.6
1197,24438,2024-03-06,UPI,Paid,4000.95
1198,20656,2024-03-06,Cash on Delivery,Paid,11244.3
1199,610,2024-03-06,Debit Card,Paid,34997.2
1200,12283,2024-03-06,UPI,Paid,10977.25
1201,4271,2024-03-06,Debit Card,Paid,6475.5
1202,7875,2024-03-06,UPI,Paid,37844.2
1203,4472,2024-03-06,Credit Card,Paid,91750.8
1204,23334,2024-03-07,UPI,Paid,6969.15
1205,22987,2024-03-07,Credit Card,Paid,50629.6
1206,8779,2024-03-07,Cash on Delivery,Paid,110622.4
1207,2482,2024-03-07,Cash on Delivery,Paid,2019.6
1208,15114,2024-03-07,Debit Card,Paid,4036.0
1209,1806,2024-03-07,UPI,Paid,1000.0
1210,7318,2024-03-07,Credit Card,Paid,4619.7
1211,18286,2024-03-07,Cash on Delivery,Paid,68262.3
1212,5202,2024-03-07,UPI,Paid,3187.25
1213,157,2024-03-07,UPI,Paid,15222.65
1214,7537,2024-03-07,Net Banking,Paid,119188.2
1215,21278,2024-03-07,Cash on Delivery,Paid,38847.8
1216,7595,2024-03-07,UPI,Paid,165151.05
1217,16813,2024-03-07,Credit Card,Paid,180836.55
1218,23303,2024-03-07,Credit Card,Paid,79938.65
1219,17800,2024-03-07,UPI,Paid,8556.7
1220,16143,2024-03-07,UPI,Paid,5133.6
1221,11949,2024-03-07,UPI,Paid,12163.2
1222,4358,2024-03-07,Cash on Delivery,Paid,75631.4
1223,13168,2024-03-07,Debit Card,Paid,92010.2
1224,20740,2024-03-07,UPI,Paid,53343.2
1225,16663,2024-03-08,Credit Card,Paid,33671.9
1226,18799,2024-03-08,UPI,Paid,77636.75
1227,2660,2024-03-08,Debit Card,Paid,4000.45
1228,18543,2024-03-08,Debit Card,Paid,50284.95
1229,23855,2024-03-08,UPI,Paid,2217.6
1230,15288,2024-03-08,Credit Card,Paid,7626.6
1231,18401,2024-03-08,UPI,Paid,7734.0
1232,10378,2024-03-08,UPI,Paid,56231.3
1233,16443,2024-03-08,UPI,Paid,3019.5
1234,23697,2024-03-08,UPI,Paid,1738.0
1235,21173,2024-03-08,UPI,Paid,86638.8
1236,15934,2024-03-08,UPI,Paid,64305.0
1237,24516,2024-03-08,Credit Card,Paid,235.45
1238,21972,2024-03-09,UPI,Paid,23561.25
1239,6312,2024-03-09,UPI,Paid,12296.0
1240,4275,2024-03-09,Credit Card,Paid,12452.4
1241,6144,2024-03-09,Credit Card,Paid,17450.7
1242,20848,2024-03-09,Credit Card,Paid,41466.25
1243,1707,2024-03-09,Credit Card,Paid,20065.5
1244,3659,2024-03-09,Credit Card,Paid,63734.15
1245,14880,2024-03-09,Cash on Delivery,Paid,8042.7
1246,23069,2024-03-09,Net Banking,Paid,31933.65
1247,21963,2024-03-09,Credit Card,Paid,4768.05
1248,3074,2024-03-10,UPI,Paid,31448.8
1249,4748,2024-03-10,UPI,Paid,238532.4
1250,18524,2024-03-10,Net Banking,Paid,12565.55
1251,23583,2024-03-10,Cash on Delivery,Paid,7948.35
1252,15493,2024-03-10,Credit Card,Paid,33835.1
1253,614,2024-03-10,UPI,Paid,4236.3
1254,592,2024-03-10,Debit Card,Paid,12720.65
1255,12557,2024-03-10,Debit Card,Paid,41228.1
1256,3746,2024-03-10,Net Banking,Paid,7392.0
1257,12354,2024-03-10,UPI,Paid,4000.95
1258,7867,2024-03-10,Credit Card,Paid,7703.0
1259,24875,2024-03-10,Debit Card,Paid,80423.4
1260,16507,2024-03-10,UPI,Paid,7426.4
1261,22360,2024-03-10,Credit Card,Paid,63333.0
1262,7493,2024-03-10,Net Banking,Paid,42054.4
1263,10725,2024-03-10,Cash on Delivery,Paid,3158.25
1264,7331,2024-03-11,Debit Card,Paid,26456.55
1265,229,2024-03-11,Debit Card,Paid,64645.7
1266,7700,2024-03-11,Cash on Delivery,Paid,6107.2
1267,651,2024-03-11,Credit Card,Paid,4475.45
1268,3894,2024-03-11,Credit Card,Paid,35536.5
1269,14613,2024-03-11,Credit Card,Paid,981.6
1270,8064,2024-03-11,UPI,Paid,39806.0
1271,20167,2024-03-11,Debit Card,Paid,16248.85
1272,17465,2024-03-11,UPI,Paid,1327.15
1273,22351,2024-03-11,UPI,Paid,36188.25
1274,18112,2024-03-11,UPI,Paid,38909.6
1275,5246,2024-03-11,UPI,Paid,9066.0
1276,703,2024-03-12,Debit Card,Paid,23721.2
1277,14466,2024-03-12,UPI,Paid,4239.9
1278,7044,2024-03-12,UPI,Paid,10174.0
1279,1769,2024-03-12,Cash on Delivery,Paid,144996.4
1280,21185,2024-03-12,Credit Card,Paid,42407.05
1281,24670,2024-03-12,Cash on Delivery,Paid,57228.3
1282,16295,2024-03-12,UPI,Paid,22922.45
1283,7368,2024-03-12,Credit Card,Paid,27607.75
1284,16044,2024-03-12,Debit Card,Paid,149678.4
1285,3419,2024-03-12,Credit Card,Paid,13089.15
1286,8662,2024-03-12,Cash on Delivery,Paid,3053.6
1287,1214,2024-03-12,UPI,Paid,108898.6
1288,16479,2024-03-13,UPI,Paid,40298.5
1289,7101,2024-03-13,Debit Card,Paid,99430.8
1290,1687,2024-03-13,Cash on Delivery,Paid,21461.2
1291,15586,2024-03-13,Net Banking,Paid,34939.4
1292,22290,2024-03-13,Credit Card,Paid,21239.8
1293,3675,2024-03-13,Credit Card,Paid,21196.7
1294,18413,2024-03-13,UPI,Paid,25874.2
1295,23455,2024-03-13,Credit Card,Paid,30343.5
1296,1019,2024-03-13,Credit Card,Paid,3322.65
1297,14337,2024-03-13,Debit Card,Paid,9516.0
1298,8554,2024-03-13,UPI,Paid,8184.0
1299,24713,2024-03-13,UPI,Paid,32520.6
1300,18163,2024-03-13,Net Banking,Paid,40279.7
1301,12497,2024-03-13,Credit Card,Paid,2374.9
1302,2797,2024-03-13,Net Banking,Paid,1903.8
1303,15039,2024-03-13,UPI,Paid,30315.25
1304,24604,2024-03-13,Credit Card,Paid,2125.0
1305,18516,2024-03-13,UPI,Paid,937.5
1306,20821,2024-03-13,UPI,Paid,41699.2
1307,13007,2024-03-14,UPI,Paid,57607.2
1308,885,2024-03-14,UPI,Paid,8472.6
1309,21613,2024-03-14,Credit Card,Paid,1907.4
1310,13039,2024-03-14,Cash on Delivery,Paid,27119.95
1311,4853,2024-03-14,Cash on Delivery,Paid,72974.5
1312,16210,2024-03-14,Credit Card,Paid,132944.0
1313,2108,2024-03-14,Cash on Delivery,Paid,6128.1
1314,12279,2024-03-14,UPI,Paid,13750.2
1315,10779,2024-03-14,UPI,Paid,70027.1
1316,21243,2024-03-14,UPI,Paid,12842.0
1317,20932,2024-03-14,UPI,Paid,65536.0
1318,16203,2024-03-14,UPI,Paid,75745.5
1319,15295,2024-03-14,Credit Card,Paid,66345.15
1320,23875,2024-03-14,Net Banking,Paid,3673.65
1321,3924,2024-03-14,UPI,Paid,141134.1
1322,11320,2024-03-14,UPI,Paid,68774.3
1323,15897,2024-03-14,Debit Card,Paid,1464.3
1324,14889,2024-03-14,Net Banking,Paid,104161.7
1325,12945,2024-03-14,Debit Card,Paid,25731.4
1326,1921,2024-03-14,UPI,Paid,7498.8
1327,18638,2024-03-14,UPI,Paid,15378.4
1328,8952,2024-03-15,Credit Card,Paid,3019.5
1329,24610,2024-03-15,Net Banking,Paid,69001.7
1330,5258,2024-03-15,UPI,Paid,7612.95
1331,9211,2024-03-15,Cash on Delivery,Paid,13193.45
1332,19262,2024-03-15,Cash on Delivery,Paid,28799.75
1333,14608,2024-03-15,UPI,Paid,5121.0
1334,314,2024-03-15,Cash on Delivery,Paid,59958.0
1335,1783,2024-03-15,Debit Card,Paid,146362.7
1336,14093,2024-03-15,Credit Card,Paid,2873.6
1337,18894,2024-03-15,UPI,Paid,134854.65
1338,771,2024-03-15,Cash on Delivery,Paid,233497.0
1339,19339,2024-03-15,Cash on Delivery,Paid,31570.5
1340,7047,2024-03-15,Debit Card,Paid,245084.0
1341,1584,2024-03-15,Debit Card,Paid,2465.1
1342,10343,2024-03-15,UPI,Paid,1971.2
1343,16236,2024-03-15,UPI,Paid,149131.1
1344,21943,2024-03-15,UPI,Paid,7252.8
1345,19020,2024-03-15,UPI,Paid,11520.15
1346,24858,2024-03-15,UPI,Paid,62310.8
1347,4791,2024-03-15,UPI,Paid,21953.55
1348,3843,2024-03-15,UPI,Paid,78935.5
1349,12570,2024-03-15,Cash on Delivery,Paid,5734.0
1350,6527,2024-03-16,UPI,Paid,5814.2
1351,19464,2024-03-16,Cash on Delivery,Paid,30522.45
1352,17619,2024-03-16,Net Banking,Paid,45121.1
1353,18995,2024-03-16,UPI,Paid,26314.35
1354,13202,2024-03-16,Net Banking,Paid,12919.05
1355,23508,2024-03-16,Net Banking,Paid,51792.2
1356,4967,2024-03-16,Debit Card,Paid,12860.35
1357,24313,2024-03-16,UPI,Paid,19600.5
1358,9409,2024-03-16,Debit Card,Paid,3474.8
1359,13775,2024-03-16,Net Banking,Paid,9844.6
1360,1995,2024-03-16,Debit Card,Paid,2464.0
1361,21104,2024-03-16,UPI,Paid,39264.4
1362,20918,2024-03-16,Cash on Delivery,Paid,5704.0
1363,20157,2024-03-16,Credit Card,Paid,9570.5
1364,24712,2024-03-16,Debit Card,Paid,127855.05
1365,17421,2024-03-16,Credit Card,Paid,99504.05
1366,5835,2024-03-16,UPI,Paid,7668.4
1367,10943,2024-03-16,Net Banking,Paid,80629.65
1368,22237,2024-03-16,Credit Card,Paid,60026.55
1369,13883,2024-03-16,Net Banking,Paid,3053.2
1370,15843,2024-03-16,Cash on Delivery,Paid,15213.6
1371,11146,2024-03-16,UPI,Paid,112293.2
1372,24972,2024-03-16,UPI,Paid,68718.6
1373,2160,2024-03-17,UPI,Paid,20220.0
1374,2729,2024-03-17,Credit Card,Paid,20025.6
1375,7846,2024-03-17,UPI,Paid,18029.85
1376,20231,2024-03-17,UPI,Paid,23561.25
1377,9923,2024-03-17,UPI,Paid,10279.0
1378,9138,2024-03-17,Credit Card,Paid,237.0
1379,9144,2024-03-17,UPI,Paid,29241.25
1380,1315,2024-03-17,Net Banking,Paid,14121.0
1381,20320,2024-03-17,UPI,Paid,26635.7
1382,14170,2024-03-17,Credit Card,Paid,76319.2
1383,10043,2024-03-17,Credit Card,Paid,27281.7
1384,4521,2024-03-17,UPI,Paid,35701.95
1385,9745,2024-03-17,Credit Card,Paid,9283.0
1386,24081,2024-03-17,Credit Card,Paid,9860.85
1387,15316,2024-03-17,Credit Card,Paid,3480.3
1388,10112,2024-03-17,UPI,Paid,41182.65
1389,9334,2024-03-17,Net Banking,Paid,6838.2
1390,16374,2024-03-17,Debit Card,Paid,80274.5
1391,1341,2024-03-17,UPI,Paid,4766.3
1392,1138,2024-03-17,Cash on Delivery,Paid,16709.4
1393,1345,2024-03-17,Credit Card,Paid,6486.6
1394,16676,2024-03-18,Net Banking,Paid,8074.8
1395,17540,2024-03-18,UPI,Paid,3072.6
1396,22446,2024-03-18,Net Banking,Paid,51316.6
1397,16252,2024-03-18,UPI,Paid,7256.45
1398,6746,2024-03-18,UPI,Paid,34390.15
1399,6604,2024-03-18,Credit Card,Paid,105588.25
1400,17069,2024-03-18,Debit Card,Paid,51520.5
1401,16581,2024-03-18,Credit Card,Paid,35938.4
1402,22086,2024-03-18,Cash on Delivery,Paid,6779.2
1403,5747,2024-03-18,UPI,Paid,5573.65
1404,9307,2024-03-18,Credit Card,Paid,4768.05
1405,5536,2024-03-18,UPI,Paid,59361.45
1406,10167,2024-03-18,Debit Card,Paid,37828.8
1407,5070,2024-03-18,Credit Card,Paid,96592.3
1408,21321,2024-03-18,UPI,Paid,268422.1
1409,19073,2024-03-18,Debit Card,Paid,44823.6
1410,18220,2024-03-19,Net Banking,Paid,50964.3
1411,9844,2024-03-19,UPI,Paid,18488.0
1412,16793,2024-03-19,Net Banking,Paid,2151.8
1413,17982,2024-03-19,UPI,Paid,28514.5
1414,20457,2024-03-19,UPI,Paid,8110.15
1415,7506,2024-03-19,Credit Card,Paid,3201.6
1416,13407,2024-03-19,UPI,Paid,181953.9
1417,13302,2024-03-19,Credit Card,Paid,106537.4
1418,39,2024-03-19,UPI,Paid,56276.8
1419,54,2024-03-19,Cash on Delivery,Paid,94049.75
1420,13644,2024-03-19,Net Banking,Paid,9430.5
1421,10963,2024-03-19,UPI,Paid,135609.0
1422,21289,2024-03-19,UPI,Paid,3006.0
1423,18287,2024-03-19,UPI,Paid,14038.35
1424,19249,2024-03-19,Credit Card,Paid,2082.0
1425,22664,2024-03-20,Credit Card,Paid,46652.2
1426,21403,2024-03-20,Credit Card,Paid,32424.0
1427,9193,2024-03-20,Debit Card,Paid,2464.0
1428,14151,2024-03-20,Debit Card,Paid,66345.15
1429,15668,2024-03-20,Debit Card,Paid,23580.8
1430,8158,2024-03-20,UPI,Paid,2698.0
1431,2170,2024-03-20,Credit Card,Paid,47192.7
1432,10658,2024-03-20,Credit Card,Paid,154990.6
1433,1473,2024-03-20,UPI,Paid,104333.5
1434,24677,2024-03-20,Cash on Delivery,Paid,93580.9
1435,5907,2024-03-20,Cash on Delivery,Paid,8263.7
1436,14657,2024-03-20,Credit Card,Paid,2340.8
1437,19816,2024-03-20,UPI,Paid,10312.0
1438,23918,2024-03-20,Cash on Delivery,Paid,36944.65
1439,10105,2024-03-20,Cash on Delivery,Paid,22215.0
1440,550,2024-03-20,UPI,Paid,3355.0
1441,16046,2024-03-20,Credit Card,Paid,8997.7
1442,24346,2024-03-20,Credit Card,Paid,8479.8
1443,14205,2024-03-20,UPI,Paid,4876.35
1444,14192,2024-03-20,Credit Card,Paid,1738.0
1445,4589,2024-03-20,UPI,Paid,7215.3
1446,14517,2024-03-20,UPI,Paid,76858.95
1447,5190,2024-03-20,Credit Card,Paid,7397.35
1448,4907,2024-03-21,UPI,Paid,22250.3
1449,15790,2024-03-21,UPI,Paid,88207.0
1450,6170,2024-03-21,Debit Card,Paid,52377.75
1451,15779,2024-03-21,Cash on Delivery,Paid,13643.7
1452,15044,2024-03-21,Net Banking,Paid,3992.8
1453,6488,2024-03-21,Cash on Delivery,Paid,8354.7
1454,19654,2024-03-21,Cash on Delivery,Paid,119572.2
1455,11782,2024-03-21,Credit Card,Paid,14273.75
1456,12467,2024-03-21,Credit Card,Paid,15606.5
1457,9186,2024-03-21,Debit Card,Paid,6973.0
1458,11221,2024-03-21,Credit Card,Paid,9447.5
1459,12617,2024-03-21,UPI,Paid,13545.75
1460,9554,2024-03-21,UPI,Paid,8657.0
1461,6764,2024-03-21,Debit Card,Paid,12947.25
1462,14015,2024-03-21,UPI,Paid,102583.7
1463,4767,2024-03-21,UPI,Paid,277.0
1464,11,2024-03-21,Debit Card,Paid,13276.5
1465,2685,2024-03-21,Credit Card,Paid,2851.75
1466,127,2024-03-22,UPI,Paid,40175.1
1467,2181,2024-03-22,Credit Card,Paid,25351.5
1468,20200,2024-03-22,Credit Card,Paid,6824.0
1469,17884,2024-03-22,Cash on Delivery,Paid,88791.8
1470,3553,2024-03-22,Cash on Delivery,Paid,169797.2
1471,13455,2024-03-22,UPI,Paid,13157.5
1472,15340,2024-03-22,Debit Card,Paid,46383.8
1473,19485,2024-03-22,Net Banking,Paid,3799.0
1474,3110,2024-03-22,Debit Card,Paid,7631.25
1475,12614,2024-03-22,Debit Card,Paid,4533.0
1476,13752,2024-03-22,Cash on Delivery,Paid,90025.8
1477,21047,2024-03-22,UPI,Paid,46968.0
1478,10133,2024-03-22,Cash on Delivery,Paid,3431.25
1479,9577,2024-03-23,Credit Card,Paid,63412.25
1480,22083,2024-03-23,Debit Card,Paid,7254.9
1481,20497,2024-03-23,UPI,Paid,44639.0
1482,24265,2024-03-23,Cash on Delivery,Paid,66986.9
1483,16008,2024-03-23,Credit Card,Paid,65971.5
1484,6729,2024-03-23,Credit Card,Paid,37788.6
1485,16936,2024-03-23,Debit Card,Paid,1971.2
1486,2174,2024-03-23,UPI,Paid,40274.7
1487,13346,2024-03-23,UPI,Paid,26483.2
1488,11726,2024-03-23,Credit Card,Paid,19927.8
1489,19959,2024-03-23,UPI,Paid,89563.5
1490,4194,2024-03-23,Net Banking,Paid,57101.8
1491,19588,2024-03-23,Cash on Delivery,Paid,41612.05
1492,4603,2024-03-23,Cash on Delivery,Paid,5315.5
1493,12352,2024-03-23,UPI,Paid,13190.8
1494,13116,2024-03-23,Debit Card,Paid,33661.25
1495,8489,2024-03-23,UPI,Paid,86327.0
1496,22971,2024-03-23,Cash on Delivery,Paid,81239.9
1497,8578,2024-03-23,UPI,Paid,6710.0
1498,1201,2024-03-23,Credit Card,Paid,2331.3
1499,23364,2024-03-23,Cash on Delivery,Paid,49585.0
1500,15129,2024-03-23,Credit Card,Paid,16256.4
1501,14929,2024-03-24,UPI,Paid,85885.7
1502,6582,2024-03-24,Cash on Delivery,Paid,8032.1
1503,10909,2024-03-24,Credit Card,Paid,48077.6
1504,14468,2024-03-24,UPI,Paid,747.9
1505,743,2024-03-24,Credit Card,Paid,14583.0
1506,24296,2024-03-24,UPI,Paid,83939.0
1507,18107,2024-03-24,Net Banking,Paid,51796.5
1508,24078,2024-03-24,UPI,Paid,23115.6
1509,11899,2024-03-24,Debit Card,Paid,1031.7
1510,10510,2024-03-24,Debit Card,Paid,5605.5
1511,14798,2024-03-24,UPI,Paid,3673.65
1512,9556,2024-03-24,UPI,Paid,134921.75
1513,4150,2024-03-24,Debit Card,Paid,103426.2
1514,5732,2024-03-24,Credit Card,Paid,12656.7
1515,17183,2024-03-24,Cash on Delivery,Paid,153414.3
1516,888,2024-03-24,UPI,Paid,29034.3
1517,23882,2024-03-24,Credit Card,Paid,19405.65
1518,14403,2024-03-24,Cash on Delivery,Paid,91381.5
1519,11176,2024-03-24,Cash on Delivery,Paid,1243.9
1520,10104,2024-03-24,Credit Card,Paid,2374.9
1521,11233,2024-03-24,Credit Card,Paid,94572.0
1522,14762,2024-03-24,UPI,Paid,7920.0
1523,8073,2024-03-25,Credit Card,Paid,32098.5
1524,21604,2024-03-25,Credit Card,Paid,8042.7
1525,10760,2024-03-25,UPI,Paid,174479.2
1526,367,2024-03-25,Credit Card,Paid,30079.6
1527,11929,2024-03-25,UPI,Paid,20015.55
1528,13834,2024-03-25,Cash on Delivery,Paid,110748.95
1529,16702,2024-03-25,Credit Card,Paid,43649.3
1530,15012,2024-03-25,Debit Card,Paid,42112.0
1531,1169,2024-03-25,UPI,Paid,35820.05
1532,21010,2024-03-25,Cash on Delivery,Paid,9414.0
1533,15349,2024-03-25,UPI,Paid,4768.05
1534,13564,2024-03-25,UPI,Paid,8061.0
1535,24723,2024-03-25,UPI,Paid,70260.0
1536,9175,2024-03-25,UPI,Paid,6828.0
1537,5541,2024-03-25,UPI,Paid,68694.0
1538,22195,2024-03-25,Debit Card,Paid,6493.25
1539,916,2024-03-25,Net Banking,Paid,10266.0
1540,23446,2024-03-25,UPI,Paid,9543.8
1541,5342,2024-03-25,UPI,Paid,4586.6
1542,9943,2024-03-25,Cash on Delivery,Paid,16709.4
1543,11362,2024-03-25,Credit Card,Paid,67929.2
1544,1571,2024-03-26,Credit Card,Paid,2843.2
1545,23569,2024-03-26,UPI,Paid,66258.7
1546,12780,2024-03-26,UPI,Paid,6962.25
1547,4711,2024-03-26,Credit Card,Paid,268943.05
1548,22782,2024-03-26,UPI,Paid,5447.2
1549,1704,2024-03-26,Net Banking,Paid,19043.2
1550,22659,2024-03-26,Debit Card,Paid,106286.4
1551,14459,2024-03-26,Credit Card,Paid,99368.55
1552,1313,2024-03-26,UPI,Paid,61271.0
1553,8558,2024-03-26,UPI,Paid,119233.5
1554,10741,2024-03-26,Credit Card,Paid,96418.8
1555,20082,2024-03-26,Credit Card,Paid,62102.1
1556,18836,2024-03-26,UPI,Paid,74247.0
1557,13614,2024-03-26,UPI,Paid,1510.45
1558,12660,2024-03-26,Net Banking,Paid,66345.15
1559,12100,2024-03-26,UPI,Paid,9414.0
1560,2075,2024-03-26,UPI,Paid,4848.4
1561,21201,2024-03-26,Credit Card,Paid,1499.2
1562,23126,2024-03-26,Cash on Delivery,Paid,47286.0
1563,16171,2024-03-26,Cash on Delivery,Paid,44300.9
1564,21199,2024-03-26,UPI,Paid,3817.0
1565,22233,2024-03-27,UPI,Paid,1769.7
1566,17124,2024-03-27,Cash on Delivery,Paid,20176.45
1567,21665,2024-03-27,Debit Card,Paid,3229.15
1568,8346,2024-03-27,Cash on Delivery,Paid,10499.75
1569,6434,2024-03-27,UPI,Paid,3867.0
1570,6653,2024-03-27,UPI,Paid,10405.65
1571,12153,2024-03-27,UPI,Paid,47249.2
1572,10192,2024-03-27,UPI,Paid,11588.9
1573,19961,2024-03-27,Cash on Delivery,Paid,12002.3
1574,1198,2024-03-27,Net Banking,Paid,29310.8
1575,10097,2024-03-27,Debit Card,Paid,4406.5
1576,21271,2024-03-27,UPI,Paid,16311.7
1577,22357,2024-03-27,Net Banking,Paid,73620.55
1578,3635,2024-03-27,Debit Card,Paid,394.25
1579,14926,2024-03-27,Debit Card,Paid,6624.35
1580,5721,2024-03-27,Credit Card,Paid,12919.05
1581,5152,2024-03-27,UPI,Paid,9156.6
1582,18530,2024-03-28,Cash on Delivery,Paid,7703.0
1583,16448,2024-03-28,Credit Card,Paid,15850.8
1584,5121,2024-03-28,Net Banking,Paid,9828.5
1585,19720,2024-03-28,Cash on Delivery,Paid,64197.0
1586,22537,2024-03-28,Cash on Delivery,Paid,55486.9
1587,9448,2024-03-28,UPI,Paid,37123.2
1588,6323,2024-03-28,Credit Card,Paid,4241.1
1589,23561,2024-03-28,UPI,Paid,4758.0
1590,10293,2024-03-28,Credit Card,Paid,49743.7
1591,12591,2024-03-28,Credit Card,Paid,3632.4
1592,11276,2024-03-28,Cash on Delivery,Paid,3668.9
1593,23028,2024-03-28,Credit Card,Paid,41699.4
1594,247,2024-03-28,UPI,Paid,4048.55
1595,9573,2024-03-28,Credit Card,Paid,29388.35
1596,10266,2024-03-28,UPI,Paid,8950.9
1597,14123,2024-03-28,UPI,Paid,35903.85
1598,19231,2024-03-28,UPI,Paid,15025.0
1599,11677,2024-03-28,Debit Card,Paid,12263.5
1600,7992,2024-03-29,Cash on Delivery,Paid,15327.95
1601,3807,2024-03-29,Debit Card,Paid,11706.5
1602,12608,2024-03-29,Credit Card,Paid,4025.15
1603,4319,2024-03-29,Cash on Delivery,Paid,77201.6
1604,12481,2024-03-29,UPI,Paid,9283.0
1605,7953,2024-03-29,UPI,Paid,89535.5
1606,24321,2024-03-29,Debit Card,Paid,13248.7
1607,24123,2024-03-29,UPI,Paid,20187.8
1608,4797,2024-03-29,UPI,Paid,3412.0
1609,1125,2024-03-29,Cash on Delivery,Paid,7426.4
1610,24384,2024-03-29,UPI,Paid,9723.45
1611,11651,2024-03-29,Net Banking,Paid,20243.2
1612,5510,2024-03-29,Debit Card,Paid,31613.0
1613,18830,2024-03-29,Debit Card,Paid,8647.9
1614,18593,2024-03-29,UPI,Paid,6275.7
1615,23662,2024-03-29,UPI,Paid,10899.7
1616,9791,2024-03-29,Credit Card,Paid,45203.0
1617,5864,2024-03-29,Cash on Delivery,Paid,5453.6
1618,14313,2024-03-29,Net Banking,Paid,70481.8
1619,18878,2024-03-29,UPI,Paid,65940.85
1620,13598,2024-03-29,Net Banking,Paid,28338.5
1621,9101,2024-03-29,Debit Card,Paid,15560.9
1622,7752,2024-03-30,Credit Card,Paid,54416.3
1623,7994,2024-03-30,Debit Card,Paid,2094.4
1624,16112,2024-03-30,Debit Card,Paid,2862.75
1625,1336,2024-03-30,Credit Card,Paid,74610.5
1626,21105,2024-03-30,Net Banking,Paid,6516.0
1627,580,2024-03-30,Cash on Delivery,Paid,33881.75
1628,8356,2024-03-30,Debit Card,Paid,11318.25
1629,6938,2024-03-30,Debit Card,Paid,1777.0
1630,15536,2024-03-30,Net Banking,Paid,2840.45
1631,8249,2024-03-30,UPI,Paid,13303.5
1632,21594,2024-03-30,UPI,Paid,37328.5
1633,18695,2024-03-30,Credit Card,Paid,8657.0
1634,251,2024-03-30,Net Banking,Paid,1907.4
1635,412,2024-03-30,Cash on Delivery,Paid,12958.0
1636,16579,2024-03-30,UPI,Paid,3072.6
1637,4038,2024-03-30,Debit Card,Paid,138675.8
1638,1970,2024-03-30,Credit Card,Paid,142146.0
1639,11629,2024-03-31,UPI,Paid,31448.8
1640,17787,2024-03-31,Credit Card,Paid,3053.2
1641,368,2024-03-31,Credit Card,Paid,54919.6
1642,24956,2024-03-31,Debit Card,Paid,27259.05
1643,14540,2024-03-31,Net Banking,Paid,73327.85
1644,21704,2024-03-31,Cash on Delivery,Paid,150093.35
1645,3416,2024-03-31,UPI,Paid,149562.0
1646,1629,2024-03-31,Cash on Delivery,Paid,4079.7
1647,20420,2024-03-31,UPI,Paid,54589.2
1648,4366,2024-03-31,Credit Card,Paid,92964.15
1649,20212,2024-03-31,Credit Card,Paid,46940.0
1650,517,2024-03-31,Cash on Delivery,Paid,40682.7
1651,21390,2024-03-31,Debit Card,Paid,8608.9
1652,6201,2024-03-31,Net Banking,Paid,8127.0
1653,9079,2024-03-31,UPI,Paid,3867.0
1654,23713,2024-03-31,Debit Card,Paid,7492.15
1655,21388,2024-03-31,UPI,Paid,10385.85
1656,22780,2024-03-31,Debit Card,Paid,50703.0
1657,13431,2024-03-31,Credit Card,Paid,126925.4
1658,6055,2024-04-01,Debit Card,Paid,41313.6
1659,11756,2024-04-01,UPI,Paid,43625.0
1660,22841,2024-04-01,UPI,Paid,37108.7
1661,7096,2024-04-01,Cash on Delivery,Paid,3201.6
1662,10314,2024-04-01,UPI,Paid,47286.0
1663,10940,2024-04-01,Debit Card,Paid,17766.9
1664,1036,2024-04-01,Debit Card,Paid,7528.5
1665,9874,2024-04-01,Credit Card,Paid,27917.4
1666,5300,2024-04-01,UPI,Paid,7819.2
1667,20890,2024-04-01,UPI,Paid,19874.2
1668,7903,2024-04-01,UPI,Paid,12239.1
1669,20090,2024-04-01,UPI,Paid,50716.8
1670,21400,2024-04-01,UPI,Paid,20861.8
1671,6205,2024-04-01,Credit Card,Paid,25496.6
1672,1942,2024-04-01,UPI,Paid,9745.25
1673,16760,2024-04-02,UPI,Paid,290986.8
1674,17822,2024-04-02,Debit Card,Paid,52194.1
1675,4572,2024-04-02,UPI,Paid,263.2
1676,1952,2024-04-02,Debit Card,Paid,22887.95
1677,23389,2024-04-02,UPI,Paid,16747.2
1678,16012,2024-04-02,Debit Card,Paid,96281.2
1679,5233,2024-04-02,Credit Card,Paid,11713.9
1680,3486,2024-04-02,Credit Card,Paid,13095.1
1681,8814,2024-04-02,Cash on Delivery,Paid,3128.4
1682,13647,2024-04-02,Debit Card,Paid,50871.8
1683,22048,2024-04-02,Credit Card,Paid,2873.6
1684,23659,2024-04-03,Net Banking,Paid,15781.1
1685,22393,2024-04-03,Credit Card,Paid,146850.5
1686,254,2024-04-03,Credit Card,Paid,103956.65
1687,19855,2024-04-03,Debit Card,Paid,67162.5
1688,4074,2024-04-03,UPI,Paid,3243.3
1689,17763,2024-04-03,UPI,Paid,54955.2
1690,21656,2024-04-03,UPI,Paid,19875.6
1691,17994,2024-04-03,Credit Card,Paid,100224.2
1692,11722,2024-04-03,UPI,Paid,44639.0
1693,18903,2024-04-03,Debit Card,Paid,240448.5
1694,15988,2024-04-03,UPI,Paid,21260.2
1695,5361,2024-04-03,Net Banking,Paid,113995.7
1696,15633,2024-04-03,Cash on Delivery,Paid,37569.65
1697,14169,2024-04-03,Credit Card,Paid,36754.9
1698,2387,2024-04-03,Debit Card,Paid,27622.05
1699,9116,2024-04-03,Cash on Delivery,Paid,45203.0
1700,23470,2024-04-03,Net Banking,Paid,54083.2
1701,4326,2024-04-03,UPI,Paid,60389.25
1702,23276,2024-04-03,UPI,Paid,6726.6
1703,4640,2024-04-03,Debit Card,Paid,184281.05
1704,14415,2024-04-03,UPI,Paid,63540.75
1705,7220,2024-04-03,Credit Card,Paid,16904.0
1706,21015,2024-04-03,Cash on Delivery,Paid,58007.0
1707,1612,2024-04-03,Cash on Delivery,Paid,9893.1
1708,24736,2024-04-04,UPI,Paid,219331.8
1709,18251,2024-04-04,Net Banking,Paid,29592.55
1710,10100,2024-04-04,Credit Card,Paid,42942.85
1711,21807,2024-04-04,Cash on Delivery,Paid,3480.3
1712,19993,2024-04-04,UPI,Paid,109805.2
1713,8402,2024-04-04,Credit Card,Paid,17186.6
1714,22134,2024-04-04,Cash on Delivery,Paid,159705.2
1715,22793,2024-04-04,Net Banking,Paid,6732.0
1716,2314,2024-04-04,UPI,Paid,21989.8
1717,10771,2024-04-04,UPI,Paid,122902.2
1718,23012,2024-04-04,Credit Card,Paid,3867.0
1719,15800,2024-04-05,Debit Card,Paid,14852.8
1720,14233,2024-04-05,UPI,Paid,13796.85
1721,19290,2024-04-05,Debit Card,Paid,14407.2
1722,1515,2024-04-05,Credit Card,Paid,5809.75
1723,6208,2024-04-05,UPI,Paid,32509.85
1724,14854,2024-04-05,UPI,Paid,10915.7
1725,8268,2024-04-05,Debit Card,Paid,82747.85
1726,13081,2024-04-05,UPI,Paid,18384.3
1727,13905,2024-04-05,Cash on Delivery,Paid,143970.75
1728,2980,2024-04-05,UPI,Paid,789.45
1729,18060,2024-04-05,UPI,Paid,19889.1
1730,11896,2024-04-05,UPI,Paid,2851.75
1731,13187,2024-04-05,UPI,Paid,51868.95
1732,6113,2024-04-05,Debit Card,Paid,15494.6
1733,3686,2024-04-06,UPI,Paid,10273.6
1734,7424,2024-04-06,Cash on Delivery,Paid,40079.75
1735,15029,2024-04-06,UPI,Paid,137564.0
1736,1034,2024-04-06,UPI,Paid,9879.05
1737,17816,2024-04-06,Cash on Delivery,Paid,59572.9
1738,6920,2024-04-06,UPI,Paid,36325.65
1739,17731,2024-04-06,Credit Card,Paid,52966.4
1740,9253,2024-04-06,Net Banking,Paid,1795.2
1741,18783,2024-04-06,UPI,Paid,20176.8
1742,11003,2024-04-06,UPI,Paid,23782.5
1743,20199,2024-04-06,UPI,Paid,81124.8
1744,21793,2024-04-06,UPI,Paid,98763.35
1745,16687,2024-04-06,UPI,Paid,3187.25
1746,1849,2024-04-06,UPI,Paid,7851.6
1747,12677,2024-04-06,Cash on Delivery,Paid,29746.4
1748,11835,2024-04-06,UPI,Paid,4578.3
1749,14009,2024-04-06,UPI,Paid,5087.0
1750,17643,2024-04-06,Debit Card,Paid,95947.85
1751,16027,2024-04-06,Net Banking,Paid,4002.0
1752,14432,2024-04-06,UPI,Paid,36865.8
1753,19874,2024-04-06,Credit Card,Paid,18471.8
1754,19788,2024-04-06,Cash on Delivery,Paid,5392.1
1755,8804,2024-04-06,Cash on Delivery,Paid,34142.8
1756,20858,2024-04-06,Net Banking,Paid,16220.3
1757,6185,2024-04-07,UPI,Paid,28791.2
1758,417,2024-04-07,Credit Card,Paid,33775.7
1759,913,2024-04-07,Debit Card,Paid,4237.0
1760,24014,2024-04-07,UPI,Paid,37943.15
1761,8904,2024-04-07,Credit Card,Paid,140892.25
1762,11585,2024-04-07,Cash on Delivery,Paid,21217.4
1763,2194,2024-04-07,Net Banking,Paid,51300.45
1764,884,2024-04-07,UPI,Paid,7284.6
1765,5313,2024-04-07,Credit Card,Paid,2340.8
1766,19451,2024-04-07,Credit Card,Paid,7078.8
1767,5228,2024-04-07,Cash on Delivery,Paid,66755.2
1768,11692,2024-04-07,Debit Card,Paid,4876.2
1769,12220,2024-04-07,Debit Card,Paid,68232.1
1770,15970,2024-04-07,Credit Card,Paid,138996.0
1771,13506,2024-04-07,UPI,Paid,28222.05
1772,20429,2024-04-07,UPI,Paid,32152.75
1773,11033,2024-04-08,Credit Card,Paid,30421.8
1774,22200,2024-04-08,Debit Card,Paid,78341.6
1775,9297,2024-04-08,Debit Card,Paid,18386.9
1776,19674,2024-04-08,Cash on Delivery,Paid,51286.45
1777,19760,2024-04-08,Debit Card,Paid,9584.6
1778,2661,2024-04-08,UPI,Paid,45697.0
1779,6861,2024-04-08,Credit Card,Paid,24038.8
1780,10870,2024-04-08,UPI,Paid,1402.8
1781,4339,2024-04-08,Net Banking,Paid,14761.65
1782,2212,2024-04-08,UPI,Paid,40682.7
1783,2795,2024-04-08,Credit Card,Paid,13453.2
1784,17473,2024-04-08,Debit Card,Paid,8989.0
1785,22674,2024-04-08,Debit Card,Paid,14927.4
1786,12832,2024-04-08,UPI,Paid,6403.2
1787,15907,2024-04-08,UPI,Paid,64953.45
1788,2625,2024-04-08,Debit Card,Paid,7426.4
1789,8012,2024-04-08,Credit Card,Paid,18978.0
1790,9407,2024-04-08,UPI,Paid,39667.25
1791,9016,2024-04-08,UPI,Paid,6352.9
1792,14002,2024-04-08,UPI,Paid,8598.0
1793,23564,2024-04-08,Net Banking,Paid,131732.1
1794,212,2024-04-09,Cash on Delivery,Paid,1971.2
1795,11770,2024-04-09,Debit Card,Paid,17313.8
1796,15658,2024-04-09,UPI,Paid,63733.7
1797,8038,2024-04-09,Credit Card,Paid,6809.0
1798,24126,2024-04-09,Debit Card,Paid,71492.1
1799,18030,2024-04-09,Debit Card,Paid,6743.7
1800,21786,2024-04-09,UPI,Paid,29566.45
1801,7882,2024-04-09,UPI,Paid,171888.6
1802,23250,2024-04-09,Debit Card,Paid,212258.0
1803,14068,2024-04-09,Credit Card,Paid,19205.7
1804,859,2024-04-09,Cash on Delivery,Paid,27916.75
1805,5253,2024-04-09,Credit Card,Paid,19990.4
1806,22214,2024-04-09,Cash on Delivery,Paid,73490.85
1807,10496,2024-04-09,Debit Card,Paid,1777.0
1808,12641,2024-04-09,Credit Card,Paid,5803.8
1809,18680,2024-04-09,UPI,Paid,6851.85
1810,6449,2024-04-09,UPI,Paid,72302.4
1811,22129,2024-04-09,UPI,Paid,8139.2
1812,10325,2024-04-09,Net Banking,Paid,148936.3
1813,2477,2024-04-10,Credit Card,Paid,25325.25
1814,21663,2024-04-10,Debit Card,Paid,622.5
1815,3504,2024-04-10,Cash on Delivery,Paid,13702.1
1816,4772,2024-04-10,Debit Card,Paid,26456.55
1817,17983,2024-04-10,Credit Card,Paid,131563.0
1818,16892,2024-04-10,Debit Card,Paid,6567.45
1819,22775,2024-04-10,UPI,Paid,1227.0
1820,14611,2024-04-10,Credit Card,Paid,47308.0
1821,24514,2024-04-10,UPI,Paid,8742.4
1822,12300,2024-04-10,UPI,Paid,554.0
1823,13094,2024-04-10,Debit Card,Paid,189.6
1824,709,2024-04-10,UPI,Paid,28703.3
1825,15300,2024-04-10,Cash on Delivery,Paid,20281.1
1826,23270,2024-04-10,Debit Card,Paid,10915.7
1827,11460,2024-04-10,Cash on Delivery,Paid,112371.2
1828,10995,2024-04-10,Cash on Delivery,Paid,3533.25
1829,23533,2024-04-10,Debit Card,Paid,37725.3
1830,13617,2024-04-10,Cash on Delivery,Paid,254945.25
1831,13403,2024-04-10,UPI,Paid,8354.7
1832,14574,2024-04-10,Credit Card,Paid,554.0
1833,24920,2024-04-11,UPI,Paid,95131.5
1834,22449,2024-04-11,Credit Card,Paid,16448.3
1835,14375,2024-04-11,UPI,Paid,13453.2
1836,3592,2024-04-11,Cash on Delivery,Paid,12049.0
1837,22811,2024-04-11,Cash on Delivery,Paid,9283.0
1838,21312,2024-04-11,UPI,Paid,120333.4
1839,20987,2024-04-11,Cash on Delivery,Paid,1603.2
1840,14256,2024-04-11,UPI,Paid,68570.45
1841,11015,2024-04-11,UPI,Paid,169564.45
1842,22510,2024-04-11,Debit Card,Paid,3244.45
1843,14173,2024-04-11,UPI,Paid,3187.25
1844,4944,2024-04-11,Cash on Delivery,Paid,149562.0
1845,129,2024-04-11,UPI,Paid,70027.95
1846,1722,2024-04-11,Cash on Delivery,Paid,1372.5
1847,24068,2024-04-11,UPI,Paid,16932.0
1848,19971,2024-04-12,UPI,Paid,15238.8
1849,20093,2024-04-12,UPI,Paid,11187.4
1850,22636,2024-04-12,Net Banking,Paid,4711.0
1851,18992,2024-04-12,Debit Card,Paid,82442.8
1852,4337,2024-04-12,UPI,Paid,39099.1
1853,11695,2024-04-12,Credit Card,Paid,15210.45
1854,858,2024-04-12,UPI,Paid,5218.2
1855,20853,2024-04-12,Credit Card,Paid,14403.8
1856,3145,2024-04-12,UPI,Paid,19807.2
1857,22146,2024-04-12,Credit Card,Paid,24930.0
1858,23109,2024-04-12,Debit Card,Paid,36106.3
1859,5643,2024-04-12,UPI,Paid,6763.15
1860,10722,2024-04-12,Debit Card,Paid,4407.0
1861,10592,2024-04-12,Credit Card,Paid,7252.8
1862,23751,2024-04-12,UPI,Paid,93766.3
1863,16104,2024-04-12,UPI,Paid,11652.9
1864,406,2024-04-12,Credit Card,Paid,2125.0
1865,4562,2024-04-12,Credit Card,Paid,2901.9
1866,3742,2024-04-12,Net Banking,Paid,61171.4
1867,8859,2024-04-12,Credit Card,Paid,49906.55
1868,18498,2024-04-12,Debit Card,Paid,14235.15
1869,15455,2024-04-12,UPI,Paid,7060.5
1870,20599,2024-04-12,UPI,Paid,8950.9
1871,24373,2024-04-12,Cash on Delivery,Paid,140161.9
1872,7813,2024-04-12,UPI,Paid,16058.8
1873,1615,2024-04-12,UPI,Paid,39755.3
1874,12809,2024-04-12,Cash on Delivery,Paid,25109.6
1875,20427,2024-04-12,UPI,Paid,9280.8
1876,23535,2024-04-12,UPI,Paid,36178.0
1877,6346,2024-04-13,Credit Card,Paid,5704.0
1878,11118,2024-04-13,Credit Card,Paid,2004.0
1879,17870,2024-04-13,UPI,Paid,298160.4
1880,18891,2024-04-13,Credit Card,Paid,11868.85
1881,20503,2024-04-13,Cash on Delivery,Paid,12937.1
1882,22123,2024-04-13,UPI,Paid,59864.75
1883,16269,2024-04-13,UPI,Paid,131067.45
1884,24230,2024-04-13,UPI,Paid,71275.35
1885,9949,2024-04-13,UPI,Paid,98293.2
1886,12814,2024-04-13,Debit Card,Paid,256711.05
1887,3872,2024-04-13,Credit Card,Paid,103229.7
1888,2492,2024-04-13,Net Banking,Paid,28310.1
1889,8878,2024-04-14,UPI,Paid,149250.0
1890,10493,2024-04-14,UPI,Paid,4009.05
1891,18191,2024-04-14,Net Banking,Paid,35825.4
1892,16005,2024-04-14,UPI,Paid,72924.5
1893,21580,2024-04-14,UPI,Paid,6352.9
1894,13537,2024-04-14,UPI,Paid,28566.0
1895,24799,2024-04-14,UPI,Paid,134522.95
1896,12125,2024-04-14,UPI,Paid,6973.0
1897,15951,2024-04-15,Net Banking,Paid,43975.1
1898,22321,2024-04-15,UPI,Paid,31933.65
1899,14534,2024-04-15,UPI,Paid,16805.0
1900,17593,2024-04-15,UPI,Paid,9571.2
1901,14778,2024-04-15,UPI,Paid,21300.9
1902,6451,2024-04-15,Credit Card,Paid,6973.0
1903,20547,2024-04-15,UPI,Paid,3072.6
1904,14058,2024-04-15,Credit Card,Paid,3660.0
1905,17580,2024-04-15,UPI,Paid,3032.1
1906,3384,2024-04-15,Credit Card,Paid,27697.75
1907,8171,2024-04-15,Credit Card,Paid,72625.65
1908,10280,2024-04-15,Cash on Delivery,Paid,23950.5
1909,7029,2024-04-15,UPI,Paid,8455.05
1910,8548,2024-04-15,Net Banking,Paid,3626.4
1911,4298,2024-04-15,UPI,Paid,68502.1
1912,7614,2024-04-15,Credit Card,Paid,48881.9
1913,23281,2024-04-15,Credit Card,Paid,10230.0
1914,1891,2024-04-15,Credit Card,Paid,3294.9
1915,9473,2024-04-15,Debit Card,Paid,109533.5
1916,17852,2024-04-15,UPI,Paid,6624.35
1917,16169,2024-04-15,Cash on Delivery,Paid,76790.6
1918,14265,2024-04-15,UPI,Paid,47063.1
1919,8068,2024-04-15,Cash on Delivery,Paid,34535.25
1920,3533,2024-04-16,UPI,Paid,43642.95
1921,4524,2024-04-16,UPI,Paid,237.0
1922,615,2024-04-16,Credit Card,Paid,6488.9
1923,22046,2024-04-16,Credit Card,Paid,18908.25
1924,15683,2024-04-16,UPI,Paid,24984.0
1925,15904,2024-04-16,Debit Card,Paid,37943.15
1926,4278,2024-04-16,Net Banking,Paid,12290.4
1927,2408,2024-04-16,UPI,Paid,66412.9
1928,13077,2024-04-16,UPI,Paid,54296.1
1929,10127,2024-04-16,Credit Card,Paid,40974.0
1930,13516,2024-04-16,Credit Card,Paid,141787.5
1931,7358,2024-04-16,Credit Card,Paid,1301.6
1932,18459,2024-04-16,Net Banking,Paid,93920.4
1933,24790,2024-04-16,UPI,Paid,7377.05
1934,2307,2024-04-16,Cash on Delivery,Paid,66208.0
1935,1121,2024-04-16,UPI,Paid,8466.0
1936,18595,2024-04-16,UPI,Paid,18904.7
1937,4004,2024-04-16,Credit Card,Paid,3592.0
1938,10807,2024-04-16,Credit Card,Paid,16499.2
1939,21406,2024-04-16,Cash on Delivery,Paid,10242.0
1940,13856,2024-04-16,UPI,Paid,21926.2
1941,16028,2024-04-16,Cash on Delivery,Paid,5418.8
1942,21518,2024-04-16,Credit Card,Paid,2563.1
1943,16802,2024-04-16,UPI,Paid,3525.6
1944,18035,2024-04-16,UPI,Paid,3817.0
1945,17935,2024-04-17,Cash on Delivery,Paid,134630.9
1946,17198,2024-04-17,Credit Card,Paid,26615.2
1947,6084,2024-04-17,UPI,Paid,10318.5
1948,6073,2024-04-17,Credit Card,Paid,16564.2
1949,22712,2024-04-17,UPI,Paid,41334.4
1950,9069,2024-04-17,Debit Card,Paid,33104.0
1951,18748,2024-04-17,Credit Card,Paid,49871.2
1952,12460,2024-04-17,Cash on Delivery,Paid,6135.3
1953,13821,2024-04-17,Debit Card,Paid,13876.95
1954,1073,2024-04-17,Debit Card,Paid,10729.2
1955,9134,2024-04-17,UPI,Paid,108304.0
1956,10931,2024-04-17,UPI,Paid,68759.75
1957,1512,2024-04-18,Net Banking,Paid,1525.0
1958,20288,2024-04-18,UPI,Paid,16814.8
1959,14340,2024-04-18,UPI,Paid,11557.8
1960,3898,2024-04-18,Credit Card,Paid,230580.0
1961,1904,2024-04-18,Cash on Delivery,Paid,41115.2
1962,342,2024-04-18,UPI,Paid,72700.75
1963,23398,2024-04-18,UPI,Paid,10038.0
1964,11558,2024-04-18,Credit Card,Paid,379840.0
1965,22078,2024-04-18,UPI,Paid,7215.0
1966,5938,2024-04-18,Credit Card,Paid,6925.0
1967,21229,2024-04-18,UPI,Paid,6578.75
1968,21091,2024-04-18,Debit Card,Paid,8466.0
1969,16504,2024-04-18,Credit Card,Paid,94572.0
1970,12174,2024-04-18,Credit Card,Paid,7128.0
1971,15678,2024-04-18,Net Banking,Paid,98388.55
1972,8629,2024-04-18,Net Banking,Paid,26456.55
1973,5057,2024-04-18,Debit Card,Paid,6824.8
1974,16867,2024-04-19,Debit Card,Paid,17990.1
1975,6570,2024-04-19,UPI,Paid,45069.35
1976,2689,2024-04-19,Cash on Delivery,Paid,120504.0
1977,11656,2024-04-19,UPI,Paid,22887.25
1978,7205,2024-04-19,UPI,Paid,22121.3
1979,16900,2024-04-19,UPI,Paid,33902.25
1980,18796,2024-04-19,Debit Card,Paid,30221.0
1981,17505,2024-04-19,UPI,Paid,9532.3
1982,23928,2024-04-19,UPI,Paid,119659.1
1983,18323,2024-04-20,UPI,Paid,10305.9
1984,11767,2024-04-20,Credit Card,Paid,5980.25
1985,9865,2024-04-20,UPI,Paid,18533.15
1986,13720,2024-04-20,UPI,Paid,43664.25
1987,5995,2024-04-20,UPI,Paid,59709.0
1988,2246,2024-04-20,UPI,Paid,201.45
1989,18063,2024-04-20,UPI,Paid,16118.1
1990,11265,2024-04-20,UPI,Paid,55321.35
1991,15599,2024-04-20,Debit Card,Paid,3355.0
1992,18859,2024-04-20,UPI,Paid,50573.0
1993,10856,2024-04-20,Credit Card,Paid,1227.0
1994,17446,2024-04-20,UPI,Paid,6275.7
1995,8702,2024-04-20,Net Banking,Paid,226250.4
1996,22128,2024-04-20,Cash on Delivery,Paid,277.0
1997,17370,2024-04-20,Net Banking,Paid,20547.2
1998,23397,2024-04-20,UPI,Paid,155675.6
1999,9904,2024-04-20,Net Banking,Paid,45250.5
2000,6829,2024-04-20,Cash on Delivery,Paid,9729.9
2001,1688,2024-04-20,Debit Card,Paid,8128.45
2002,21207,2024-04-20,Net Banking,Paid,10184.55
2003,9381,2024-04-20,Cash on Delivery,Paid,20243.2
2004,7983,2024-04-20,UPI,Paid,223478.4
2005,6692,2024-04-21,UPI,Paid,169723.9
2006,2375,2024-04-21,Net Banking,Paid,51220.8
2007,8373,2024-04-21,Credit Card,Paid,18553.6
2008,15228,2024-04-21,UPI,Paid,332360.0
2009,10811,2024-04-21,UPI,Paid,55202.8
2010,19050,2024-04-21,Credit Card,Paid,7619.4
2011,21309,2024-04-21,UPI,Paid,3801.9
2012,22701,2024-04-21,UPI,Paid,54342.7
2013,15542,2024-04-21,Credit Card,Paid,47286.0
2014,4940,2024-04-21,Debit Card,Paid,488.7
2015,18099,2024-04-21,Net Banking,Paid,17909.0
2016,5924,2024-04-21,Cash on Delivery,Paid,3355.0
2017,18525,2024-04-21,UPI,Paid,4724.55
2018,24377,2024-04-21,Net Banking,Paid,56716.9
2019,15940,2024-04-21,UPI,Paid,39653.25
2020,5274,2024-04-21,UPI,Paid,21451.5
2021,21782,2024-04-21,UPI,Paid,6039.0
2022,11014,2024-04-22,UPI,Paid,68694.0
2023,10898,2024-04-22,UPI,Paid,37384.45
2024,9683,2024-04-22,UPI,Paid,2849.25
2025,22387,2024-04-22,Net Banking,Paid,31181.5
2026,16881,2024-04-22,Credit Card,Paid,3788.0
2027,22028,2024-04-22,UPI,Paid,67506.4
2028,23735,2024-04-22,Cash on Delivery,Paid,10882.5
2029,21063,2024-04-22,Credit Card,Paid,2560.5
2030,20159,2024-04-22,Cash on Delivery,Paid,3435.3
2031,10597,2024-04-22,Debit Card,Paid,2454.0
2032,812,2024-04-22,UPI,Paid,56960.1
2033,12246,2024-04-22,Cash on Delivery,Paid,13705.05
2034,23531,2024-04-22,UPI,Paid,28451.7
2035,18406,2024-04-22,Net Banking,Paid,3399.75
2036,8415,2024-04-22,Cash on Delivery,Paid,110902.4
2037,10060,2024-04-23,Credit Card,Paid,5418.0
2038,11157,2024-04-23,Debit Card,Paid,3834.2
2039,7638,2024-04-23,UPI,Paid,26298.3
2040,1685,2024-04-23,UPI,Paid,29793.6
2041,9182,2024-04-23,UPI,Paid,1152.75
2042,6687,2024-04-23,Credit Card,Paid,14852.8
2043,14586,2024-04-23,Debit Card,Paid,10235.2
2044,11758,2024-04-23,Debit Card,Paid,18233.9
2045,21235,2024-04-23,UPI,Paid,50629.6
2046,1520,2024-04-23,UPI,Paid,12842.0
2047,18111,2024-04-23,Credit Card,Paid,20359.95
2048,10818,2024-04-23,UPI,Paid,67155.85
2049,18116,2024-04-23,UPI,Paid,40227.75
2050,7471,2024-04-23,UPI,Paid,5462.4
2051,1365,2024-04-23,UPI,Paid,9123.8
2052,24846,2024-04-23,Net Banking,Paid,7250.5
2053,4643,2024-04-23,Debit Card,Paid,19235.85
2054,18152,2024-04-23,Credit Card,Paid,223019.4
2055,21559,2024-04-23,Cash on Delivery,Paid,32080.1
2056,24524,2024-04-23,Cash on Delivery,Paid,54284.0
2057,4453,2024-04-23,Debit Card,Paid,10690.2
2058,7571,2024-04-23,Net Banking,Paid,6498.1
2059,2998,2024-04-23,Cash on Delivery,Paid,1227.0
2060,13535,2024-04-24,Net Banking,Paid,83764.5
2061,18846,2024-04-24,UPI,Paid,50305.2
2062,14723,2024-04-24,Credit Card,Paid,7632.2
2063,5591,2024-04-24,Credit Card,Paid,15241.6
2064,23552,2024-04-24,Debit Card,Paid,10654.0
2065,8430,2024-04-24,UPI,Paid,21069.0
2066,1639,2024-04-24,Debit Card,Paid,20604.6
2067,14334,2024-04-24,UPI,Paid,36987.3
2068,21303,2024-04-24,UPI,Paid,5980.25
2069,7798,2024-04-24,Credit Card,Paid,31613.0
2070,21737,2024-04-24,Cash on Delivery,Paid,15896.7
2071,3189,2024-04-24,Credit Card,Paid,72324.8
2072,21447,2024-04-24,Net Banking,Paid,3355.0
2073,18539,2024-04-24,Debit Card,Paid,29927.75
2074,11725,2024-04-24,UPI,Paid,149250.0
2075,3955,2024-04-24,UPI,Paid,6275.7
2076,3648,2024-04-24,UPI,Paid,12495.75
2077,24933,2024-04-24,UPI,Paid,49468.0
2078,22220,2024-04-24,Net Banking,Paid,1284.3
2079,2027,2024-04-24,Credit Card,Paid,41068.9
2080,3643,2024-04-24,UPI,Paid,74770.0
2081,15409,2024-04-24,Credit Card,Paid,1839.6
2082,1269,2024-04-25,UPI,Paid,67233.0
2083,15562,2024-04-25,Cash on Delivery,Paid,41496.0
2084,15486,2024-04-25,Credit Card,Paid,7829.3
2085,22974,2024-04-25,UPI,Paid,2348.5
2086,15497,2024-04-25,UPI,Paid,5665.5
2087,1643,2024-04-25,Credit Card,Paid,81365.4
2088,19945,2024-04-25,Cash on Delivery,Paid,60223.1
2089,18569,2024-04-25,Net Banking,Paid,2563.1
2090,8579,2024-04-25,Cash on Delivery,Paid,36573.2
2091,6600,2024-04-25,UPI,Paid,109910.4
2092,1091,2024-04-25,UPI,Paid,43683.85
2093,20825,2024-04-25,Credit Card,Paid,31844.8
2094,22589,2024-04-25,UPI,Paid,19169.2
2095,3183,2024-04-25,Debit Card,Paid,26013.1
2096,17047,2024-04-25,Cash on Delivery,Paid,42643.8
2097,11874,2024-04-25,Debit Card,Paid,10273.6
2098,962,2024-04-25,Credit Card,Paid,17940.75
2099,7738,2024-04-25,Credit Card,Paid,202643.2
2100,330,2024-04-25,Credit Card,Paid,48095.15
2101,10607,2024-04-25,UPI,Paid,2331.3
2102,19942,2024-04-25,Credit Card,Paid,88915.5
2103,252,2024-04-25,UPI,Paid,41045.25
2104,198,2024-04-26,UPI,Paid,28002.4
2105,17779,2024-04-26,UPI,Paid,8004.0
2106,16373,2024-04-26,UPI,Paid,143983.2
2107,5206,2024-04-26,UPI,Paid,21095.6
2108,3201,2024-04-26,Debit Card,Paid,58389.9
2109,21141,2024-04-26,Net Banking,Paid,543.0
2110,2823,2024-04-26,Debit Card,Paid,6573.9
2111,17210,2024-04-26,Credit Card,Paid,8864.4
2112,5494,2024-04-26,Debit Card,Paid,34632.75
2113,2115,2024-04-26,UPI,Paid,2851.75
2114,819,2024-04-26,UPI,Paid,10173.6
2115,20260,2024-04-26,UPI,Paid,1257.3
2116,2137,2024-04-26,UPI,Paid,14658.9
2117,8118,2024-04-26,UPI,Paid,8224.15
2118,12412,2024-04-26,UPI,Paid,4239.9
2119,15965,2024-04-26,Credit Card,Paid,89864.4
2120,3694,2024-04-26,UPI,Paid,4079.7
2121,6804,2024-04-26,Cash on Delivery,Paid,14665.75
2122,13607,2024-04-26,Credit Card,Paid,9346.9
2123,15334,2024-04-26,Debit Card,Paid,17278.85
2124,22117,2024-04-26,Cash on Delivery,Paid,54391.15
2125,12619,2024-04-26,Debit Card,Paid,6817.0
2126,2540,2024-04-26,UPI,Paid,16527.4
2127,9970,2024-04-26,UPI,Paid,3562.35
2128,23625,2024-04-27,UPI,Paid,94474.1
2129,19131,2024-04-27,Net Banking,Paid,31539.6
2130,8717,2024-04-27,UPI,Paid,150323.0
2131,24504,2024-04-27,UPI,Paid,2851.75
2132,23624,2024-04-27,UPI,Paid,5185.0
2133,14777,2024-04-27,Credit Card,Paid,6054.25
2134,10525,2024-04-27,UPI,Paid,20221.55
2135,8392,2024-04-27,Cash on Delivery,Paid,1187.5
2136,21461,2024-04-27,Debit Card,Paid,28002.2
2137,14420,2024-04-27,Net Banking,Paid,5418.0
2138,7731,2024-04-27,UPI,Paid,41214.8
2139,21533,2024-04-27,UPI,Paid,103377.05
2140,16541,2024-04-27,UPI,Paid,1963.2
2141,22520,2024-04-27,Cash on Delivery,Paid,7252.3
2142,22984,2024-04-27,Debit Card,Paid,201783.15
2143,23469,2024-04-27,UPI,Paid,65083.7
2144,7658,2024-04-27,Debit Card,Paid,18882.9
2145,4062,2024-04-27,UPI,Paid,5794.45
2146,24254,2024-04-27,UPI,Paid,19861.6
2147,11135,2024-04-27,UPI,Paid,70260.25
2148,7949,2024-04-27,UPI,Paid,20907.6
2149,7956,2024-04-27,UPI,Paid,178084.35
2150,23612,2024-04-28,UPI,Paid,2998.4
2151,7246,2024-04-28,Debit Card,Paid,4631.5
2152,24998,2024-04-28,Cash on Delivery,Paid,112723.2
2153,23541,2024-04-28,Debit Card,Paid,12256.2
2154,6258,2024-04-28,Credit Card,Paid,249.3
2155,8040,2024-04-28,Cash on Delivery,Paid,14070.9
2156,7394,2024-04-28,UPI,Paid,160496.0
2157,17339,2024-04-28,UPI,Paid,5126.2
2158,3558,2024-04-28,Debit Card,Paid,36372.95
2159,5618,2024-04-28,Credit Card,Paid,56642.6
2160,7665,2024-04-28,Cash on Delivery,Paid,5605.5
2161,10467,2024-04-28,UPI,Paid,73212.7
2162,24242,2024-04-28,UPI,Paid,166180.0
2163,3652,2024-04-28,Credit Card,Paid,33104.0
2164,20519,2024-04-28,UPI,Paid,32989.7
2165,3765,2024-04-28,Credit Card,Paid,10510.35
2166,13491,2024-04-28,UPI,Paid,7551.2
2167,1009,2024-04-28,Net Banking,Paid,30460.5
2168,24731,2024-04-28,Credit Card,Paid,101966.05
2169,14124,2024-04-29,UPI,Paid,37690.35
2170,17028,2024-04-29,Cash on Delivery,Paid,8004.0
2171,1737,2024-04-29,UPI,Paid,14026.5
2172,24800,2024-04-29,Debit Card,Paid,31448.8
2173,20365,2024-04-29,Credit Card,Paid,4051.75
2174,22956,2024-04-29,Credit Card,Paid,118072.2
2175,322,2024-04-29,UPI,Paid,565.0
2176,12285,2024-04-29,Credit Card,Paid,20151.2
2177,10010,2024-04-29,UPI,Paid,8955.25
2178,10830,2024-04-29,UPI,Paid,147022.2
2179,3382,2024-04-29,Debit Card,Paid,98996.1
2180,24238,2024-04-29,UPI,Paid,100717.15
2181,15078,2024-04-29,Credit Card,Paid,22696.8
2182,221,2024-04-29,Debit Card,Paid,119916.0
2183,3220,2024-04-29,Debit Card,Paid,5794.45
2184,16170,2024-04-29,UPI,Paid,6652.8
2185,24576,2024-04-29,Credit Card,Paid,8657.0
2186,22390,2024-04-29,UPI,Paid,329.0
2187,16011,2024-04-30,Credit Card,Paid,47313.8
2188,14551,2024-04-30,UPI,Paid,13305.95
2189,17117,2024-04-30,UPI,Paid,10423.2
2190,18974,2024-04-30,Credit Card,Paid,8061.0
2191,2107,2024-04-30,Net Banking,Paid,97759.5
2192,9340,2024-04-30,Cash on Delivery,Paid,18950.75
2193,14447,2024-04-30,UPI,Paid,14932.5
2194,21071,2024-04-30,UPI,Paid,5019.0
2195,15224,2024-04-30,Credit Card,Paid,12256.2
2196,14006,2024-04-30,UPI,Paid,104819.4
2197,12380,2024-04-30,UPI,Paid,28814.1
2198,23065,2024-04-30,UPI,Paid,65362.0
2199,22343,2024-04-30,Net Banking,Paid,53548.2
2200,2911,2024-04-30,Credit Card,Paid,48693.0
2201,1843,2024-04-30,Cash on Delivery,Paid,57962.6
2202,16846,2024-04-30,UPI,Paid,50786.9
2203,8793,2024-04-30,Credit Card,Paid,52755.7
2204,8647,2024-05-01,UPI,Paid,3424.8
2205,10555,2024-05-01,Debit Card,Paid,29246.2
2206,24169,2024-05-01,UPI,Paid,108057.7
2207,14939,2024-05-01,Credit Card,Paid,7683.3
2208,21086,2024-05-01,Debit Card,Paid,31538.15
2209,2518,2024-05-01,UPI,Paid,15976.0
2210,24815,2024-05-01,UPI,Paid,6438.25
2211,15218,2024-05-01,Credit Card,Paid,120622.6
2212,20075,2024-05-01,UPI,Paid,277.0
2213,21074,2024-05-01,Credit Card,Paid,22243.95
2214,19288,2024-05-01,UPI,Paid,48636.0
2215,19347,2024-05-01,UPI,Paid,8472.6
2216,23072,2024-05-01,Cash on Delivery,Paid,565.0
2217,7714,2024-05-01,Cash on Delivery,Paid,1457.4
2218,2832,2024-05-01,Cash on Delivery,Paid,17046.9
2219,8560,2024-05-01,UPI,Paid,66345.15
2220,4009,2024-05-01,UPI,Paid,38436.05
2221,1088,2024-05-01,Credit Card,Paid,77396.75
2222,10083,2024-05-01,Credit Card,Paid,47520.15
2223,1423,2024-05-01,UPI,Paid,11751.5
2224,18944,2024-05-01,Debit Card,Paid,186673.4
2225,11183,2024-05-01,Debit Card,Paid,87212.65
2226,7278,2024-05-01,Net Banking,Paid,44237.7
2227,13547,2024-05-01,UPI,Paid,9706.5
2228,10076,2024-05-02,Credit Card,Paid,259569.4
2229,8707,2024-05-02,Cash on Delivery,Paid,35779.9
2230,21002,2024-05-02,Credit Card,Paid,7256.45
2231,1448,2024-05-02,Credit Card,Paid,48200.15
2232,14044,2024-05-02,Net Banking,Paid,86946.9
2233,1810,2024-05-02,Debit Card,Paid,11209.0
2234,19969,2024-05-02,Net Banking,Paid,977.4
2235,115,2024-05-02,Debit Card,Paid,1738.0
2236,5174,2024-05-02,UPI,Paid,89647.2
2237,7068,2024-05-02,Credit Card,Paid,61815.8
2238,23077,2024-05-02,Credit Card,Paid,53440.4
2239,13639,2024-05-02,Net Banking,Paid,33675.2
2240,20361,2024-05-02,UPI,Paid,8527.2
2241,9447,2024-05-02,Debit Card,Paid,3243.3
2242,5659,2024-05-02,Credit Card,Paid,4619.7
2243,16338,2024-05-02,UPI,Paid,8110.15
2244,3311,2024-05-03,UPI,Paid,1448.75
2245,6499,2024-05-03,Debit Card,Paid,15147.0
2246,22869,2024-05-03,Credit Card,Paid,11772.6
2247,19018,2024-05-03,UPI,Paid,1327.15
2248,17611,2024-05-03,Debit Card,Paid,7585.2
2249,24601,2024-05-03,Credit Card,Paid,14227.85
2250,4823,2024-05-03,UPI,Paid,12836.0
2251,14246,2024-05-03,Credit Card,Paid,6973.0
2252,1470,2024-05-03,UPI,Paid,8479.8
2253,11453,2024-05-03,Cash on Delivery,Paid,102349.6
2254,1552,2024-05-03,Debit Card,Paid,4707.0
2255,21967,2024-05-03,UPI,Paid,6151.5
2256,2494,2024-05-03,Net Banking,Paid,22221.9
2257,11059,2024-05-03,UPI,Paid,2889.75
2258,14746,2024-05-03,Debit Card,Paid,63553.05
2259,5668,2024-05-03,UPI,Paid,38434.1
2260,9818,2024-05-03,Credit Card,Paid,32073.9
2261,10587,2024-05-03,UPI,Paid,1306.45
2262,20568,2024-05-04,UPI,Paid,20640.4
2263,5204,2024-05-04,UPI,Paid,5032.5
2264,23753,2024-05-04,UPI,Paid,8474.0
2265,1030,2024-05-04,UPI,Paid,49016.8
2266,23769,2024-05-04,Cash on Delivery,Paid,80520.1
2267,583,2024-05-04,UPI,Paid,29854.5
2268,2775,2024-05-04,Credit Card,Paid,2208.6
2269,19826,2024-05-04,Debit Card,Paid,18645.1
2270,7856,2024-05-04,Debit Card,Paid,128586.4
2271,15178,2024-05-04,UPI,Paid,51877.1
2272,17584,2024-05-04,UPI,Paid,13284.85
2273,12633,2024-05-04,Net Banking,Paid,10273.6
2274,19132,2024-05-04,Debit Card,Paid,4533.0
2275,23906,2024-05-04,Credit Card,Paid,28053.0
2276,8258,2024-05-04,UPI,Paid,3020.9
2277,15676,2024-05-04,Cash on Delivery,Paid,56021.45
2278,12951,2024-05-04,UPI,Paid,20271.3
2279,15604,2024-05-04,UPI,Paid,6832.5
2280,14619,2024-05-04,UPI,Paid,4265.0
2281,966,2024-05-04,Debit Card,Paid,17658.75
2282,4510,2024-05-05,Debit Card,Paid,115620.0
2283,16382,2024-05-05,UPI,Paid,15408.0
2284,6131,2024-05-05,UPI,Paid,8818.85
2285,11355,2024-05-05,UPI,Paid,25816.8
2286,13793,2024-05-05,Cash on Delivery,Paid,52074.8
2287,9504,2024-05-05,Net Banking,Paid,5704.0
2288,24579,2024-05-05,Net Banking,Paid,15185.8
2289,13056,2024-05-05,Credit Card,Paid,8170.2
2290,14300,2024-05-05,Cash on Delivery,Paid,1873.8
2291,13736,2024-05-05,UPI,Paid,12842.0
2292,8052,2024-05-05,Debit Card,Paid,28225.8
2293,5854,2024-05-05,Credit Card,Paid,24259.2
2294,20603,2024-05-05,UPI,Paid,4867.5
2295,14873,2024-05-05,UPI,Paid,2464.0
2296,7406,2024-05-05,Debit Card,Paid,2659.3
2297,19003,2024-05-05,Cash on Delivery,Paid,1117.6
2298,2565,2024-05-05,Net Banking,Paid,35464.5
2299,7215,2024-05-05,Credit Card,Paid,54862.7
2300,15378,2024-05-05,UPI,Paid,145456.95
2301,14164,2024-05-05,Debit Card,Paid,8322.95
2302,2345,2024-05-05,Net Banking,Paid,29247.6
2303,14836,2024-05-05,UPI,Paid,73242.25
2304,2276,2024-05-05,Debit Card,Paid,3948.25
2305,14069,2024-05-05,Cash on Delivery,Paid,17836.0
2306,16882,2024-05-05,UPI,Paid,4334.4
2307,21482,2024-05-06,Credit Card,Paid,106486.7
2308,17780,2024-05-06,UPI,Paid,39787.45
2309,24394,2024-05-06,Net Banking,Paid,1620.0
2310,10047,2024-05-06,Net Banking,Paid,19571.55
2311,2591,2024-05-06,Debit Card,Paid,33835.1
2312,21446,2024-05-06,Credit Card,Paid,7100.3
2313,533,2024-05-06,Net Banking,Paid,14704.9
2314,7594,2024-05-06,Net Banking,Paid,86377.3
2315,7661,2024-05-06,UPI,Paid,97657.9
2316,10005,2024-05-06,UPI,Paid,29626.0
2317,17632,2024-05-06,UPI,Paid,43532.05
2318,2294,2024-05-06,UPI,Paid,50661.0
2319,12085,2024-05-06,UPI,Paid,14436.5
2320,13179,2024-05-06,Credit Card,Paid,7256.45
2321,14362,2024-05-06,Cash on Delivery,Paid,46567.7
2322,2935,2024-05-06,Cash on Delivery,Paid,11408.2
2323,7345,2024-05-06,Credit Card,Paid,1086.0
2324,5498,2024-05-06,Credit Card,Paid,91342.5
2325,1174,2024-05-06,Cash on Delivery,Paid,44103.5
2326,11821,2024-05-06,UPI,Paid,3626.4
2327,3802,2024-05-06,Debit Card,Paid,149243.4
2328,10387,2024-05-06,UPI,Paid,18929.65
2329,17678,2024-05-06,Debit Card,Paid,9283.0
2330,4494,2024-05-07,UPI,Paid,5605.5
2331,24368,2024-05-07,UPI,Paid,113653.8
2332,21750,2024-05-07,Credit Card,Paid,75664.1
2333,19884,2024-05-07,Credit Card,Paid,3849.75
2334,7350,2024-05-07,UPI,Paid,4296.75
2335,17186,2024-05-07,Credit Card,Paid,4578.3
2336,15014,2024-05-07,UPI,Paid,119984.0
2337,24116,2024-05-07,UPI,Paid,48963.15
2338,999,2024-05-07,Net Banking,Paid,4475.45
2339,13651,2024-05-07,Cash on Delivery,Paid,3435.3
2340,7301,2024-05-07,UPI,Paid,1848.0
2341,16094,2024-05-08,Net Banking,Paid,180812.0
2342,9375,2024-05-08,Credit Card,Paid,9702.65
2343,2916,2024-05-08,Debit Card,Paid,42889.7
2344,13708,2024-05-08,UPI,Paid,37100.4
2345,5000,2024-05-08,UPI,Paid,12621.1
2346,9323,2024-05-08,UPI,Paid,45012.9
2347,9432,2024-05-08,UPI,Paid,42396.75
2348,23623,2024-05-08,UPI,Paid,219059.6
2349,6890,2024-05-08,UPI,Paid,22295.0
2350,8020,2024-05-08,UPI,Paid,100910.7
2351,23452,2024-05-08,UPI,Paid,543.0
2352,14245,2024-05-08,UPI,Paid,43247.7
2353,3000,2024-05-08,Net Banking,Paid,6726.6
2354,24951,2024-05-08,Credit Card,Paid,85114.8
2355,24529,2024-05-09,Credit Card,Paid,22359.55
2356,13940,2024-05-09,UPI,Paid,63867.3
2357,458,2024-05-09,Net Banking,Paid,72244.4
2358,24656,2024-05-09,UPI,Paid,35562.3
2359,13826,2024-05-09,Net Banking,Paid,3810.4
2360,13058,2024-05-09,UPI,Paid,34366.2
2361,21006,2024-05-09,UPI,Paid,13599.0
2362,12452,2024-05-09,Debit Card,Paid,8317.15
2363,16606,2024-05-09,UPI,Paid,10783.3
2364,1682,2024-05-09,Credit Card,Paid,3332.2
2365,8006,2024-05-09,Credit Card,Paid,6835.0
2366,17043,2024-05-09,Debit Card,Paid,3430.6
2367,17967,2024-05-09,UPI,Paid,22702.95
2368,8081,2024-05-09,UPI,Paid,21232.65
2369,7675,2024-05-09,UPI,Paid,18402.0
2370,4519,2024-05-10,UPI,Paid,7196.1
2371,18540,2024-05-10,Credit Card,Paid,37254.7
2372,17109,2024-05-10,Cash on Delivery,Paid,38646.05
2373,15294,2024-05-10,Net Banking,Paid,543.0
2374,19091,2024-05-10,Credit Card,Paid,54364.6
2375,24076,2024-05-10,Credit Card,Paid,4004.35
2376,17161,2024-05-10,Credit Card,Paid,34457.7
2377,7946,2024-05-10,UPI,Paid,6045.75
2378,20264,2024-05-10,UPI,Paid,6135.3
2379,14769,2024-05-10,Debit Card,Paid,67659.6
2380,5049,2024-05-10,UPI,Paid,7077.4
2381,11075,2024-05-10,UPI,Paid,225.15
2382,6865,2024-05-10,Credit Card,Paid,50759.8
2383,22707,2024-05-10,Credit Card,Paid,2706.9
2384,3077,2024-05-10,Net Banking,Paid,13453.2
2385,5699,2024-05-10,Net Banking,Paid,6479.0
2386,17170,2024-05-10,Credit Card,Paid,249387.75
2387,104,2024-05-10,Credit Card,Paid,3626.4
2388,3511,2024-05-10,UPI,Paid,70893.75
2389,18808,2024-05-11,Credit Card,Paid,7683.3
2390,15585,2024-05-11,UPI,Paid,50964.3
2391,5382,2024-05-11,UPI,Paid,50209.4
2392,11839,2024-05-11,Net Banking,Paid,515.85
2393,21375,2024-05-11,Credit Card,Paid,40175.1
2394,17781,2024-05-11,Debit Card,Paid,4619.7
2395,3781,2024-05-11,Debit Card,Paid,23175.6
2396,14721,2024-05-11,Net Banking,Paid,55709.95
2397,9265,2024-05-11,UPI,Paid,2293.3
2398,7263,2024-05-11,UPI,Paid,57675.85
2399,22742,2024-05-11,UPI,Paid,20231.1
2400,4305,2024-05-11,Cash on Delivery,Paid,53795.25
2401,14966,2024-05-12,Credit Card,Paid,36916.1
2402,5852,2024-05-12,Debit Card,Paid,55879.95
2403,4684,2024-05-12,UPI,Paid,32931.75
2404,18847,2024-05-12,UPI,Paid,35536.5
2405,7582,2024-05-12,Debit Card,Paid,14979.2
2406,19495,2024-05-12,UPI,Paid,138323.6
2407,14751,2024-05-12,Debit Card,Paid,30782.3
2408,878,2024-05-12,UPI,Paid,27097.6
2409,21552,2024-05-12,Cash on Delivery,Paid,60921.0
2410,17530,2024-05-12,Credit Card,Paid,6128.1
2411,8507,2024-05-12,Cash on Delivery,Paid,4533.0
2412,21536,2024-05-12,Cash on Delivery,Paid,104229.5
2413,21759,2024-05-12,Cash on Delivery,Paid,7948.35
2414,4653,2024-05-12,Cash on Delivery,Paid,10148.4
2415,11108,2024-05-12,UPI,Paid,1165.65
2416,10589,2024-05-12,Credit Card,Paid,48085.8
2417,24669,2024-05-12,Net Banking,Paid,46586.4
2418,1179,2024-05-12,Cash on Delivery,Paid,4018.7
2419,20120,2024-05-12,Cash on Delivery,Paid,35464.0
2420,3408,2024-05-12,UPI,Paid,4058.6
2421,10690,2024-05-12,Cash on Delivery,Paid,44639.0
2422,4213,2024-05-12,Cash on Delivery,Paid,3406.8
2423,1929,2024-05-12,Debit Card,Paid,747.0
2424,22186,2024-05-12,Credit Card,Paid,28451.7
2425,7087,2024-05-12,UPI,Paid,7948.35
2426,16357,2024-05-12,Cash on Delivery,Paid,235.45
2427,24073,2024-05-13,Credit Card,Paid,1257.3
2428,11754,2024-05-13,UPI,Paid,22167.8
2429,11397,2024-05-13,Debit Card,Paid,4220.85
2430,5289,2024-05-13,UPI,Paid,32520.6
2431,10285,2024-05-13,Debit Card,Paid,37869.4
2432,317,2024-05-13,Cash on Delivery,Paid,59163.5
2433,1157,2024-05-13,Debit Card,Paid,3625.25
2434,17514,2024-05-13,UPI,Paid,57737.1
2435,23648,2024-05-13,Credit Card,Paid,2965.9
2436,532,2024-05-13,UPI,Paid,77700.2
2437,22815,2024-05-13,UPI,Paid,1227.0
2438,8864,2024-05-14,Credit Card,Paid,4055.15
2439,1539,2024-05-14,UPI,Paid,34512.85
2440,23122,2024-05-14,Cash on Delivery,Paid,10266.0
2441,21190,2024-05-14,Cash on Delivery,Paid,21460.0
2442,14253,2024-05-14,Cash on Delivery,Paid,9422.0
2443,13337,2024-05-14,Credit Card,Paid,36967.35
2444,18108,2024-05-14,Credit Card,Paid,10891.75
2445,4417,2024-05-14,Debit Card,Paid,12256.2
2446,4888,2024-05-14,Cash on Delivery,Paid,4605.3
2447,18725,2024-05-14,Cash on Delivery,Paid,5037.7
2448,4890,2024-05-14,Credit Card,Paid,71920.7
2449,8231,2024-05-14,Net Banking,Paid,53965.45
2450,6363,2024-05-14,UPI,Paid,7128.0
2451,14968,2024-05-14,Cash on Delivery,Paid,77890.0
2452,18219,2024-05-14,Credit Card,Paid,31448.8
2453,24288,2024-05-14,UPI,Paid,1688.15
2454,285,2024-05-14,UPI,Paid,4220.8
2455,3253,2024-05-14,Debit Card,Paid,35239.15
2456,16456,2024-05-14,Credit Card,Paid,69719.45
2457,5978,2024-05-14,UPI,Paid,21300.9
2458,4117,2024-05-14,UPI,Paid,283316.0
2459,16022,2024-05-14,Cash on Delivery,Paid,5704.0
2460,13640,2024-05-14,UPI,Paid,9493.85
2461,10998,2024-05-14,Cash on Delivery,Paid,22489.2
2462,8557,2024-05-14,Cash on Delivery,Paid,40168.0
2463,13862,2024-05-14,Debit Card,Paid,71946.6
2464,13747,2024-05-14,UPI,Paid,252454.75
2465,16286,2024-05-14,Cash on Delivery,Paid,69208.7
2466,2806,2024-05-14,Cash on Delivery,Paid,32851.45
2467,9293,2024-05-14,Cash on Delivery,Paid,16118.1
2468,22325,2024-05-15,UPI,Paid,249.3
2469,6515,2024-05-15,Credit Card,Paid,14392.25
2470,17050,2024-05-15,Credit Card,Paid,33104.0
2471,9696,2024-05-15,UPI,Paid,21940.25
2472,11792,2024-05-15,Net Banking,Paid,17637.7
2473,17107,2024-05-15,Credit Card,Paid,17602.0
2474,7791,2024-05-15,Credit Card,Paid,28538.7
2475,10057,2024-05-15,UPI,Paid,34469.75
2476,23987,2024-05-15,UPI,Paid,85114.8
2477,14593,2024-05-15,Debit Card,Paid,2000.0
2478,18463,2024-05-15,Cash on Delivery,Paid,62622.9
2479,8588,2024-05-15,UPI,Paid,95602.05
2480,9030,2024-05-15,Cash on Delivery,Paid,1090.4
2481,21507,2024-05-15,Net Banking,Paid,253725.0
2482,5133,2024-05-15,Cash on Delivery,Paid,32462.05
2483,17426,2024-05-16,Net Banking,Paid,87820.5
2484,21470,2024-05-16,Credit Card,Paid,74781.0
2485,20682,2024-05-16,Credit Card,Paid,8043.25
2486,19583,2024-05-16,Cash on Delivery,Paid,2428.2
2487,10183,2024-05-16,UPI,Paid,3572.25
2488,7550,2024-05-16,Cash on Delivery,Paid,14187.8
2489,265,2024-05-16,Cash on Delivery,Paid,97607.05
2490,15927,2024-05-16,UPI,Paid,112913.6
2491,6209,2024-05-16,UPI,Paid,1651.1
2492,12772,2024-05-16,UPI,Paid,57906.5
2493,17129,2024-05-16,Debit Card,Paid,9328.2
2494,21168,2024-05-16,UPI,Paid,47710.9
2495,23711,2024-05-16,Debit Card,Paid,69837.0
2496,5139,2024-05-16,UPI,Paid,7100.3
2497,3422,2024-05-16,UPI,Paid,9604.8
2498,21089,2024-05-16,Cash on Delivery,Paid,2131.8
2499,2000,2024-05-16,Cash on Delivery,Paid,4636.8
2500,19428,2024-05-16,Credit Card,Paid,19673.6
2501,2562,2024-05-16,UPI,Paid,2125.0
2502,16747,2024-05-17,Cash on Delivery,Paid,64057.0
2503,17926,2024-05-17,UPI,Paid,7128.0
2504,11825,2024-05-17,Cash on Delivery,Paid,62476.8
2505,9366,2024-05-17,Debit Card,Paid,19329.3
2506,2814,2024-05-17,UPI,Paid,8839.15
2507,13097,2024-05-17,UPI,Paid,36599.7
2508,3377,2024-05-17,Debit Card,Paid,4549.5
2509,16113,2024-05-17,Cash on Delivery,Paid,34827.9
2510,10069,2024-05-17,UPI,Paid,18583.2
2511,20694,2024-05-17,Credit Card,Paid,33078.0
2512,16067,2024-05-17,Cash on Delivery,Paid,55492.15
2513,10926,2024-05-17,UPI,Paid,97061.25
2514,19496,2024-05-17,Credit Card,Paid,23861.15
2515,14357,2024-05-17,UPI,Paid,69624.0
2516,8640,2024-05-17,Debit Card,Paid,28453.8
2517,15051,2024-05-17,UPI,Paid,28138.4
2518,7256,2024-05-18,UPI,Paid,8666.25
2519,22572,2024-05-18,Credit Card,Paid,5133.6
2520,2896,2024-05-18,Credit Card,Paid,131188.15
2521,22614,2024-05-18,UPI,Paid,38616.1
2522,23317,2024-05-18,Cash on Delivery,Paid,13734.9
2523,19010,2024-05-18,UPI,Paid,63005.0
2524,13546,2024-05-18,Cash on Delivery,Paid,25821.55
2525,10526,2024-05-18,Debit Card,Paid,5418.0
2526,14023,2024-05-18,Debit Card,Paid,151301.5
2527,2678,2024-05-18,Net Banking,Paid,3331.2
2528,20920,2024-05-18,UPI,Paid,74781.0
2529,8004,2024-05-18,UPI,Paid,5979.2
2530,19117,2024-05-18,Credit Card,Paid,79711.1
2531,5544,2024-05-18,Cash on Delivery,Paid,3626.15
2532,18388,2024-05-18,Debit Card,Paid,2560.5
2533,21638,2024-05-18,Credit Card,Paid,6339.0
2534,10277,2024-05-18,Cash on Delivery,Paid,212681.25
2535,5636,2024-05-18,UPI,Paid,37751.0
2536,9219,2024-05-18,Debit Card,Paid,41522.1
2537,10847,2024-05-18,Cash on Delivery,Paid,16932.0
2538,13349,2024-05-18,Debit Card,Paid,87867.9
2539,18857,2024-05-18,Debit Card,Paid,20886.75
2540,9222,2024-05-18,Debit Card,Paid,118146.6
2541,16707,2024-05-18,Cash on Delivery,Paid,6936.15
2542,19215,2024-05-19,UPI,Paid,18566.0
2543,4157,2024-05-19,UPI,Paid,3020.9
2544,581,2024-05-19,Net Banking,Paid,104755.5
2545,20409,2024-05-19,Cash on Delivery,Paid,56636.0
2546,4248,2024-05-19,Debit Card,Paid,15405.6
2547,1120,2024-05-19,UPI,Paid,18792.75
2548,10216,2024-05-19,Credit Card,Paid,10139.1
2549,6109,2024-05-19,Cash on Delivery,Paid,14240.35
2550,22517,2024-05-19,UPI,Paid,43770.35
2551,5484,2024-05-19,UPI,Paid,11555.0
2552,17342,2024-05-19,UPI,Paid,23633.0
2553,24142,2024-05-19,Cash on Delivery,Paid,7049.2
2554,18935,2024-05-19,UPI,Paid,8042.7
2555,12386,2024-05-19,UPI,Paid,4549.5
2556,1181,2024-05-19,UPI,Paid,10171.55
2557,17775,2024-05-20,Cash on Delivery,Paid,37654.65
2558,11421,2024-05-20,Credit Card,Paid,515.85
2559,4346,2024-05-20,UPI,Paid,5979.2
2560,16584,2024-05-20,Cash on Delivery,Paid,27341.65
2561,13406,2024-05-20,Net Banking,Paid,2293.3
2562,20986,2024-05-20,Cash on Delivery,Paid,415.0
2563,19730,2024-05-20,Credit Card,Paid,23987.2
2564,22663,2024-05-20,Net Banking,Paid,62235.75
2565,8721,2024-05-20,Credit Card,Paid,1104.3
2566,5194,2024-05-20,Cash on Delivery,Paid,25765.7
2567,7991,2024-05-20,Debit Card,Paid,129952.55
2568,19556,2024-05-20,UPI,Paid,8354.7
2569,8820,2024-05-20,Credit Card,Paid,120848.75
2570,4018,2024-05-20,UPI,Paid,7291.5
2571,3394,2024-05-20,Cash on Delivery,Paid,11596.0
2572,12218,2024-05-20,Debit Card,Paid,20034.7
2573,4093,2024-05-20,Cash on Delivery,Paid,15606.5
2574,4953,2024-05-20,UPI,Paid,38193.15
2575,14181,2024-05-20,Credit Card,Paid,4306.35
2576,7688,2024-05-20,UPI,Paid,8504.0
2577,4610,2024-05-20,Debit Card,Paid,8818.85
2578,24541,2024-05-21,Cash on Delivery,Paid,185443.2
2579,12120,2024-05-21,UPI,Paid,16539.7
2580,5219,2024-05-21,Net Banking,Paid,3764.25
2581,8956,2024-05-21,Debit Card,Paid,1229.6
2582,19756,2024-05-21,Net Banking,Paid,14590.95
2583,409,2024-05-21,Credit Card,Paid,13772.0
2584,10745,2024-05-21,Debit Card,Paid,22773.6
2585,2441,2024-05-21,UPI,Paid,4475.45
2586,24224,2024-05-21,Debit Card,Paid,7426.4
2587,9437,2024-05-21,Credit Card,Paid,26748.75
2588,9470,2024-05-21,Cash on Delivery,Paid,5996.7
2589,4244,2024-05-21,Cash on Delivery,Paid,3128.4
2590,21784,2024-05-21,Cash on Delivery,Paid,13141.5
2591,16026,2024-05-21,UPI,Paid,1384.5
2592,23198,2024-05-21,UPI,Paid,44245.55
2593,21772,2024-05-21,Credit Card,Paid,11276.0
2594,15425,2024-05-22,Credit Card,Paid,81769.9
2595,12800,2024-05-22,UPI,Paid,31613.0
2596,5439,2024-05-22,Credit Card,Paid,5396.0
2597,7527,2024-05-22,Cash on Delivery,Paid,12185.3
2598,2645,2024-05-22,Credit Card,Paid,125633.5
2599,2578,2024-05-22,Cash on Delivery,Paid,33675.2
2600,3847,2024-05-22,UPI,Paid,1372.5
2601,7013,2024-05-22,Cash on Delivery,Paid,1547.55
2602,23085,2024-05-22,Net Banking,Paid,49248.7
2603,4106,2024-05-22,UPI,Paid,6624.35
2604,952,2024-05-22,Net Banking,Paid,6835.0
2605,18473,2024-05-22,Cash on Delivery,Paid,56053.0
2606,23067,2024-05-22,UPI,Paid,8087.3
2607,13707,2024-05-22,Debit Card,Paid,103394.2
2608,10357,2024-05-22,UPI,Paid,30981.1
2609,7841,2024-05-23,Debit Card,Paid,8818.85
2610,9937,2024-05-23,UPI,Paid,2019.6
2611,11579,2024-05-23,UPI,Paid,52358.3
2612,6620,2024-05-23,UPI,Paid,7663.0
2613,24433,2024-05-23,UPI,Paid,6135.3
2614,24137,2024-05-23,UPI,Paid,8084.05
2615,1677,2024-05-23,Credit Card,Paid,6623.2
2616,12588,2024-05-23,Debit Card,Paid,13810.0
2617,7328,2024-05-23,UPI,Paid,29910.25
2618,11185,2024-05-23,UPI,Paid,6115.95
2619,15385,2024-05-23,Debit Card,Paid,49281.7
2620,12986,2024-05-23,Net Banking,Paid,81414.85
2621,24674,2024-05-23,Cash on Delivery,Paid,8761.0
2622,18005,2024-05-23,UPI,Paid,10609.55
2623,15077,2024-05-23,UPI,Paid,85287.6
2624,10233,2024-05-23,Credit Card,Paid,80772.8
2625,3692,2024-05-23,Net Banking,Paid,46515.1
2626,1200,2024-05-24,Cash on Delivery,Paid,72007.4
2627,24402,2024-05-24,Cash on Delivery,Paid,6799.5
2628,14507,2024-05-24,UPI,Paid,57463.4
2629,3351,2024-05-24,UPI,Paid,21815.8
2630,20688,2024-05-24,Cash on Delivery,Paid,17457.55
2631,21478,2024-05-24,UPI,Paid,21355.05
2632,18034,2024-05-24,Cash on Delivery,Paid,10915.7
2633,14865,2024-05-24,Credit Card,Paid,104755.5
2634,24298,2024-05-24,UPI,Paid,5793.9
2635,18962,2024-05-24,Cash on Delivery,Paid,4928.0
2636,1119,2024-05-25,Credit Card,Paid,45343.55
2637,11100,2024-05-25,Credit Card,Paid,26457.0
2638,2224,2024-05-25,Credit Card,Paid,11958.4
2639,24997,2024-05-25,UPI,Paid,1651.1
2640,7007,2024-05-25,UPI,Paid,84516.5
2641,6855,2024-05-25,Credit Card,Paid,16986.45
2642,15297,2024-05-25,UPI,Paid,23671.65
2643,11058,2024-05-25,Cash on Delivery,Paid,90222.25
2644,16151,2024-05-25,Debit Card,Paid,53497.5
2645,12916,2024-05-25,UPI,Paid,1803.6
2646,8998,2024-05-25,Debit Card,Paid,17635.8
2647,6284,2024-05-25,UPI,Paid,2602.05
2648,14224,2024-05-25,Debit Card,Paid,8008.7
2649,301,2024-05-25,UPI,Paid,3838.5
2650,3839,2024-05-25,Debit Card,Paid,35902.45
2651,9830,2024-05-25,Debit Card,Paid,37555.8
2652,1984,2024-05-25,Credit Card,Paid,42849.0
2653,15630,2024-05-25,Credit Card,Paid,4856.4
2654,21416,2024-05-25,Credit Card,Paid,52966.4
2655,22484,2024-05-25,Credit Card,Paid,981.6
2656,8173,2024-05-25,Net Banking,Paid,11681.2
2657,17915,2024-05-25,UPI,Paid,4236.3
2658,15514,2024-05-25,UPI,Paid,277.0
2659,24434,2024-05-25,UPI,Paid,18941.0
2660,22727,2024-05-26,UPI,Paid,6824.0
2661,24584,2024-05-26,Debit Card,Paid,4711.0
2662,2871,2024-05-26,Credit Card,Paid,66208.0
2663,1766,2024-05-26,Credit Card,Paid,7474.0
2664,3393,2024-05-26,UPI,Paid,60330.0
2665,22311,2024-05-26,UPI,Paid,12117.7
2666,2394,2024-05-26,Cash on Delivery,Paid,33555.9
2667,10429,2024-05-26,UPI,Paid,7404.35
2668,22363,2024-05-26,Net Banking,Paid,10599.65
2669,24436,2024-05-26,Debit Card,Paid,16598.4
2670,21803,2024-05-26,Cash on Delivery,Paid,197312.6
2671,8278,2024-05-26,UPI,Paid,75533.0
2672,21088,2024-05-26,UPI,Paid,21954.5
2673,9347,2024-05-26,Credit Card,Paid,66116.75
2674,13687,2024-05-26,UPI,Paid,13426.35
2675,1524,2024-05-26,Debit Card,Paid,51762.6
2676,23372,2024-05-26,Debit Card,Paid,37873.5
2677,23368,2024-05-26,Net Banking,Paid,40860.9
2678,4740,2024-05-26,Net Banking,Paid,106290.55
2679,21585,2024-05-26,Cash on Delivery,Paid,42889.75
2680,17798,2024-05-26,Credit Card,Paid,4953.3
2681,18438,2024-05-26,Debit Card,Paid,46197.8
2682,8185,2024-05-26,Credit Card,Paid,225.15
2683,21734,2024-05-26,UPI,Paid,27076.0
2684,5786,2024-05-26,Credit Card,Paid,78765.3
2685,4043,2024-05-27,Credit Card,Paid,9235.9
2686,16603,2024-05-27,UPI,Paid,6973.0
2687,1356,2024-05-27,Debit Card,Paid,35337.05
2688,23959,2024-05-27,UPI,Paid,49813.85
2689,273,2024-05-27,Cash on Delivery,Paid,21588.3
2690,13053,2024-05-27,Debit Card,Paid,177260.9
2691,4120,2024-05-27,UPI,Paid,3412.0
2692,19691,2024-05-27,UPI,Paid,41795.25
2693,17890,2024-05-27,Credit Card,Paid,157871.0
2694,23500,2024-05-27,Credit Card,Paid,44291.85
2695,2376,2024-05-27,Credit Card,Paid,56704.5
2696,14252,2024-05-27,UPI,Paid,51097.1
2697,21283,2024-05-27,UPI,Paid,8000.1
2698,7837,2024-05-27,UPI,Paid,1545.65
2699,4809,2024-05-27,Debit Card,Paid,4778.7
2700,3161,2024-05-27,Credit Card,Paid,174592.65
2701,1882,2024-05-27,Debit Card,Paid,81961.0
2702,2315,2024-05-27,Debit Card,Paid,2812.5
2703,3963,2024-05-27,UPI,Paid,1599.3
2704,19142,2024-05-28,UPI,Paid,84728.45
2705,10579,2024-05-28,UPI,Paid,93717.4
2706,18109,2024-05-28,UPI,Paid,25444.0
2707,19277,2024-05-28,Cash on Delivery,Paid,50964.3
2708,5818,2024-05-28,Cash on Delivery,Paid,12535.5
2709,5758,2024-05-28,Debit Card,Paid,19683.6
2710,22003,2024-05-28,Net Banking,Paid,71431.95
2711,5771,2024-05-28,Credit Card,Paid,50887.55
2712,2968,2024-05-28,Cash on Delivery,Paid,12637.15
2713,1453,2024-05-28,Net Banking,Paid,40274.7
2714,10566,2024-05-28,UPI,Paid,13212.15
2715,19755,2024-05-28,UPI,Paid,7528.5
2716,3789,2024-05-28,UPI,Paid,57634.1
2717,1908,2024-05-28,UPI,Paid,3229.15
2718,22606,2024-05-28,UPI,Paid,47325.45
2719,7907,2024-05-28,UPI,Paid,8990.4
2720,10681,2024-05-28,Credit Card,Paid,30085.7
2721,13835,2024-05-28,UPI,Paid,14098.1
2722,1521,2024-05-28,UPI,Paid,10621.05
2723,14513,2024-05-29,UPI,Paid,11373.75
2724,3254,2024-05-29,UPI,Paid,9693.65
2725,24753,2024-05-29,UPI,Paid,137507.2
2726,794,2024-05-29,Cash on Delivery,Paid,89696.85
2727,18825,2024-05-29,Credit Card,Paid,5979.2
2728,4340,2024-05-29,UPI,Paid,2944.8
2729,1745,2024-05-29,UPI,Paid,224701.7
2730,139,2024-05-29,Credit Card,Paid,8695.5
2731,3464,2024-05-29,UPI,Paid,17420.3
2732,874,2024-05-29,Credit Card,Paid,28767.4
2733,22112,2024-05-29,Cash on Delivery,Paid,130639.5
2734,8710,2024-05-29,Cash on Delivery,Paid,17013.55
2735,17439,2024-05-29,Debit Card,Paid,3765.6
2736,17056,2024-05-29,Credit Card,Paid,174622.35
2737,24946,2024-05-29,UPI,Paid,70626.5
2738,23867,2024-05-30,UPI,Paid,12239.1
2739,23575,2024-05-30,UPI,Paid,12452.6
2740,9344,2024-05-30,UPI,Paid,3449.6
2741,7165,2024-05-30,Credit Card,Paid,10977.25
2742,78,2024-05-30,UPI,Paid,6932.7
2743,23132,2024-05-30,UPI,Paid,3746.5
2744,17400,2024-05-30,UPI,Paid,56547.0
2745,10206,2024-05-30,UPI,Paid,6077.4
2746,15003,2024-05-30,Debit Card,Paid,148639.45
2747,7363,2024-05-30,Debit Card,Paid,36586.0
2748,24315,2024-05-31,Debit Card,Paid,62453.4
2749,20520,2024-05-31,UPI,Paid,181846.8
2750,7375,2024-05-31,UPI,Paid,4549.5
2751,12127,2024-05-31,Debit Card,Paid,6465.6
2752,3519,2024-05-31,UPI,Paid,15152.8
2753,18533,2024-05-31,Cash on Delivery,Paid,41919.3
2754,1328,2024-05-31,Credit Card,Paid,42662.45
2755,2409,2024-05-31,Debit Card,Paid,58363.2
2756,10624,2024-05-31,UPI,Paid,10682.65
2757,13361,2024-05-31,UPI,Paid,170338.5
2758,8690,2024-05-31,UPI,Paid,18962.1
2759,10476,2024-05-31,Credit Card,Paid,37793.55
2760,3424,2024-05-31,Debit Card,Paid,56411.2
2761,17677,2024-05-31,UPI,Paid,89509.5
2762,19325,2024-05-31,Net Banking,Paid,221.6
2763,15448,2024-05-31,UPI,Paid,15118.85
2764,16068,2024-05-31,Cash on Delivery,Paid,64953.8
2765,10146,2024-05-31,UPI,Paid,6962.25
2766,11879,2024-05-31,UPI,Paid,8882.05
2767,24622,2024-06-01,Credit Card,Paid,84012.8
2768,10506,2024-06-01,UPI,Paid,9522.8
2769,8011,2024-06-01,UPI,Paid,16709.4
2770,1272,2024-06-01,Credit Card,Paid,5975.9
2771,24668,2024-06-01,Cash on Delivery,Paid,213.3
2772,22857,2024-06-01,UPI,Paid,13519.8
2773,18476,2024-06-01,UPI,Paid,64197.0
2774,18787,2024-06-01,UPI,Paid,10827.15
2775,15248,2024-06-01,UPI,Paid,6962.25
2776,22180,2024-06-01,Net Banking,Paid,21180.25
2777,12391,2024-06-01,UPI,Paid,12590.0
2778,14490,2024-06-01,UPI,Paid,13196.2
2779,7050,2024-06-01,Cash on Delivery,Paid,11854.1
2780,11264,2024-06-01,Cash on Delivery,Paid,52171.5
2781,4945,2024-06-01,UPI,Paid,37901.5
2782,24034,2024-06-01,Credit Card,Paid,28466.75
2783,3285,2024-06-01,Net Banking,Paid,63005.0
2784,8270,2024-06-01,Debit Card,Paid,36839.8
2785,10556,2024-06-01,Debit Card,Paid,20828.35
2786,12770,2024-06-01,Cash on Delivery,Paid,12371.2
2787,5828,2024-06-01,Cash on Delivery,Paid,31460.75
2788,2773,2024-06-01,Cash on Delivery,Paid,57414.6
2789,10533,2024-06-01,Net Banking,Paid,263.15
2790,14200,2024-06-01,Credit Card,Paid,1545.65
2791,23526,2024-06-01,Net Banking,Paid,17089.8
2792,20149,2024-06-01,Credit Card,Paid,181694.4
2793,6506,2024-06-02,Net Banking,Paid,8088.5
2794,4911,2024-06-02,UPI,Paid,16932.0
2795,10750,2024-06-02,UPI,Paid,5147.1
2796,16360,2024-06-02,UPI,Paid,67804.5
2797,19072,2024-06-02,Credit Card,Paid,664.0
2798,13195,2024-06-02,Debit Card,Paid,73351.65
2799,10528,2024-06-02,Net Banking,Paid,355.5
2800,17007,2024-06-02,Net Banking,Paid,15366.6
2801,6712,2024-06-02,Cash on Delivery,Paid,13431.75
2802,5426,2024-06-02,Debit Card,Paid,5103.45
2803,23252,2024-06-02,UPI,Paid,34811.9
2804,2583,2024-06-02,Credit Card,Paid,9864.6
2805,16320,2024-06-02,Credit Card,Paid,1651.1
2806,6089,2024-06-02,Credit Card,Paid,3551.25
2807,4695,2024-06-02,Debit Card,Paid,61882.35
2808,20372,2024-06-02,Cash on Delivery,Paid,43739.1
2809,18797,2024-06-02,Credit Card,Paid,8319.2
2810,14259,2024-06-02,UPI,Paid,15828.6
2811,15365,2024-06-02,Net Banking,Paid,28107.1
2812,8778,2024-06-02,Cash on Delivery,Paid,64361.55
2813,18805,2024-06-02,Credit Card,Paid,3834.2
2814,23519,2024-06-03,Credit Card,Paid,225.15
2815,19174,2024-06-03,UPI,Paid,17305.6
2816,17118,2024-06-03,Credit Card,Paid,10067.2
2817,17952,2024-06-03,Credit Card,Paid,13331.05
2818,15677,2024-06-03,UPI,Paid,3412.4
2819,8188,2024-06-03,Credit Card,Paid,10273.6
2820,9403,2024-06-03,Credit Card,Paid,1187.45
2821,22232,2024-06-03,UPI,Paid,6817.0
2822,6841,2024-06-03,Credit Card,Paid,54646.05
2823,852,2024-06-03,UPI,Paid,11750.55
2824,21032,2024-06-03,Net Banking,Paid,150124.0
2825,24485,2024-06-03,Cash on Delivery,Paid,11834.95
2826,9964,2024-06-03,Net Banking,Paid,35536.5
2827,21212,2024-06-03,UPI,Paid,7415.1
2828,3547,2024-06-03,UPI,Paid,8042.7
2829,13718,2024-06-03,Debit Card,Paid,24856.6
2830,2483,2024-06-04,Debit Card,Paid,32098.5
2831,1785,2024-06-04,UPI,Paid,10792.0
2832,7561,2024-06-04,UPI,Paid,4025.15
2833,4404,2024-06-04,Cash on Delivery,Paid,1537.0
2834,144,2024-06-04,UPI,Paid,89380.8
2835,6404,2024-06-04,UPI,Paid,96502.0
2836,6010,2024-06-04,Cash on Delivery,Paid,62711.7
2837,4211,2024-06-04,UPI,Paid,2217.6
2838,6880,2024-06-04,Credit Card,Paid,7890.55
2839,3207,2024-06-04,Credit Card,Paid,13248.7
2840,5136,2024-06-04,Cash on Delivery,Paid,28532.0
2841,22832,2024-06-05,Credit Card,Paid,5468.0
2842,22810,2024-06-05,Debit Card,Paid,15984.9
2843,22796,2024-06-05,UPI,Paid,9066.0
2844,17044,2024-06-05,Debit Card,Paid,6621.6
2845,18631,2024-06-05,Credit Card,Paid,19712.25
2846,17672,2024-06-05,Debit Card,Paid,25185.75
2847,17340,2024-06-05,Debit Card,Paid,111624.3
2848,19107,2024-06-05,UPI,Paid,10665.2
2849,9229,2024-06-05,Credit Card,Paid,19255.95
2850,12074,2024-06-05,Credit Card,Paid,3198.6
2851,4568,2024-06-05,UPI,Paid,11895.95
2852,8311,2024-06-05,Debit Card,Paid,56954.25
2853,1602,2024-06-05,Cash on Delivery,Paid,10312.0
2854,19387,2024-06-05,Debit Card,Paid,60226.9
2855,10222,2024-06-05,UPI,Paid,5991.5
2856,2910,2024-06-05,Debit Card,Paid,6426.75
2857,14710,2024-06-05,Cash on Delivery,Paid,6162.4
2858,16820,2024-06-06,UPI,Paid,25362.8
2859,4638,2024-06-06,Credit Card,Paid,86333.75
2860,17585,2024-06-06,Credit Card,Paid,3243.3
2861,23417,2024-06-06,Net Banking,Paid,35407.8
2862,178,2024-06-06,Cash on Delivery,Paid,42643.8
2863,4565,2024-06-06,Debit Card,Paid,141253.0
2864,17362,2024-06-06,Credit Card,Paid,20198.7
2865,13928,2024-06-06,UPI,Paid,76950.2
2866,5356,2024-06-06,UPI,Paid,14540.95
2867,11089,2024-06-06,Credit Card,Paid,2345.9
2868,9636,2024-06-06,UPI,Paid,68431.75
2869,22795,2024-06-06,Cash on Delivery,Paid,8818.85
2870,10374,2024-06-06,Credit Card,Paid,26298.3
2871,17207,2024-06-06,Credit Card,Paid,127221.15
2872,1176,2024-06-06,Debit Card,Paid,113716.8
2873,7431,2024-06-07,Credit Card,Paid,8960.65
2874,20807,2024-06-07,UPI,Paid,25304.0
2875,8803,2024-06-07,Debit Card,Paid,7196.1
2876,14021,2024-06-07,Credit Card,Paid,27849.0
2877,14406,2024-06-07,Net Banking,Paid,91046.8
2878,22166,2024-06-07,Credit Card,Paid,13244.9
2879,15702,2024-06-07,UPI,Paid,12290.9
2880,15469,2024-06-07,Credit Card,Paid,4711.0
2881,1185,2024-06-07,UPI,Paid,7890.55
2882,18480,2024-06-07,UPI,Paid,3072.6
2883,5585,2024-06-07,Cash on Delivery,Paid,77009.3
2884,13295,2024-06-07,Credit Card,Paid,29610.35
2885,11117,2024-06-07,Cash on Delivery,Paid,3239.5
2886,2342,2024-06-07,Credit Card,Paid,39806.0
2887,17715,2024-06-07,Credit Card,Paid,3947.25
2888,21094,2024-06-07,UPI,Paid,31613.0
2889,7859,2024-06-07,Net Banking,Paid,7824.15
2890,12746,2024-06-07,UPI,Paid,92424.95
2891,18259,2024-06-07,UPI,Paid,66294.0
2892,7003,2024-06-08,UPI,Paid,2428.2
2893,16221,2024-06-08,UPI,Paid,5654.2
2894,16179,2024-06-08,UPI,Paid,13779.2
2895,5017,2024-06-08,UPI,Paid,16770.05
2896,9356,2024-06-08,Net Banking,Paid,937.5
2897,15736,2024-06-08,UPI,Paid,117626.4
2898,20479,2024-06-08,Net Banking,Paid,20775.0
2899,8037,2024-06-08,UPI,Paid,4051.75
2900,12981,2024-06-08,Cash on Delivery,Paid,52123.5
2901,12891,2024-06-08,Debit Card,Paid,64206.2
2902,15110,2024-06-08,Credit Card,Paid,18566.0
2903,19631,2024-06-08,UPI,Paid,25169.45
2904,20954,2024-06-08,UPI,Paid,7227.9
2905,18006,2024-06-08,Cash on Delivery,Paid,128876.4
2906,23374,2024-06-08,UPI,Paid,56329.7
2907,23529,2024-06-08,Credit Card,Paid,7798.6
2908,12607,2024-06-08,UPI,Paid,7034.7
2909,7454,2024-06-08,UPI,Paid,120824.1
2910,2434,2024-06-08,UPI,Paid,474.0
2911,23770,2024-06-08,UPI,Paid,216883.65
2912,5263,2024-06-08,UPI,Paid,31415.0
2913,23969,2024-06-08,Debit Card,Paid,16118.1
2914,2966,2024-06-08,UPI,Paid,6275.7
2915,8463,2024-06-08,Credit Card,Paid,38352.6
2916,19907,2024-06-08,Credit Card,Paid,9222.0
2917,16412,2024-06-08,UPI,Paid,17452.1
2918,15953,2024-06-09,UPI,Paid,7040.15
2919,3537,2024-06-09,UPI,Paid,31374.0
2920,22600,2024-06-09,Debit Card,Paid,8324.95
2921,6400,2024-06-09,UPI,Paid,8597.75
2922,23894,2024-06-09,UPI,Paid,17362.95
2923,21792,2024-06-09,UPI,Paid,7865.05
2924,7958,2024-06-09,UPI,Paid,12296.0
2925,3510,2024-06-09,UPI,Paid,21913.0
2926,13778,2024-06-09,Debit Card,Paid,32753.0
2927,8439,2024-06-09,Net Banking,Paid,5703.5
2928,22554,2024-06-09,UPI,Paid,17430.9
2929,4866,2024-06-09,Cash on Delivery,Paid,11520.0
2930,23428,2024-06-09,UPI,Paid,30605.35
2931,16403,2024-06-10,Debit Card,Paid,711.0
2932,9217,2024-06-10,UPI,Paid,38932.8
2933,10023,2024-06-10,Debit Card,Paid,48264.2
2934,5604,2024-06-10,Debit Card,Paid,1448.75
2935,23061,2024-06-10,UPI,Paid,8424.6
2936,13062,2024-06-10,UPI,Paid,2433.2
2937,1906,2024-06-10,Cash on Delivery,Paid,6820.0
2938,5853,2024-06-10,Credit Card,Paid,63233.4
2939,21616,2024-06-10,Cash on Delivery,Paid,35411.4
2940,12334,2024-06-10,UPI,Paid,12102.85
2941,4451,2024-06-10,Net Banking,Paid,67654.9
2942,23112,2024-06-10,UPI,Paid,48806.3
2943,6232,2024-06-10,Debit Card,Paid,10702.8
2944,21440,2024-06-10,Cash on Delivery,Paid,10230.0
2945,20048,2024-06-10,Credit Card,Paid,4363.05
2946,4481,2024-06-10,Credit Card,Paid,55143.9
2947,14500,2024-06-10,Cash on Delivery,Paid,10417.8
2948,10838,2024-06-10,UPI,Paid,84361.5
2949,16889,2024-06-10,Credit Card,Paid,37884.6
2950,12473,2024-06-10,Debit Card,Paid,5447.2
2951,24429,2024-06-11,Credit Card,Paid,53962.2
2952,9181,2024-06-11,Credit Card,Paid,7474.0
2953,8607,2024-06-11,UPI,Paid,6128.1
2954,12688,2024-06-11,Credit Card,Paid,5418.0
2955,9484,2024-06-11,Debit Card,Paid,24038.8
2956,23188,2024-06-11,Debit Card,Paid,18941.0
2957,12117,2024-06-11,Debit Card,Paid,63653.6
2958,6394,2024-06-11,Net Banking,Paid,6870.6
2959,1178,2024-06-11,Cash on Delivery,Paid,29965.0
2960,15982,2024-06-11,Cash on Delivery,Paid,32204.1
2961,12961,2024-06-12,Credit Card,Paid,7203.6
2962,9088,2024-06-12,UPI,Paid,33845.0
2963,8704,2024-06-12,UPI,Paid,6275.7
2964,8396,2024-06-12,Debit Card,Paid,22344.1
2965,15458,2024-06-12,Cash on Delivery,Paid,213417.0
2966,13308,2024-06-12,UPI,Paid,1907.4
2967,19989,2024-06-12,Credit Card,Paid,150693.0
2968,5857,2024-06-12,Debit Card,Paid,44701.6
2969,5517,2024-06-12,Credit Card,Paid,8103.5
2970,11931,2024-06-12,Net Banking,Paid,4475.45
2971,8426,2024-06-12,Net Banking,Paid,87931.0
2972,6257,2024-06-12,Cash on Delivery,Paid,1599.3
2973,16225,2024-06-12,Net Banking,Paid,32111.9
2974,1,2024-06-12,UPI,Paid,18612.1
2975,22850,2024-06-12,Cash on Delivery,Paid,13618.0
2976,20587,2024-06-12,UPI,Paid,1397.0
2977,24140,2024-06-12,UPI,Paid,15692.45
2978,407,2024-06-12,Credit Card,Paid,461.55
2979,20637,2024-06-12,Cash on Delivery,Paid,44639.0
2980,23817,2024-06-12,UPI,Paid,49648.95
2981,102,2024-06-13,UPI,Paid,32201.85
2982,22559,2024-06-13,Cash on Delivery,Paid,53903.0
2983,10516,2024-06-13,Credit Card,Paid,40195.7
2984,4552,2024-06-13,Debit Card,Paid,6083.0
2985,7701,2024-06-13,Cash on Delivery,Paid,8778.0
2986,24015,2024-06-13,UPI,Paid,8495.1
2987,24556,2024-06-13,Credit Card,Paid,1117.6
2988,9656,2024-06-13,Credit Card,Paid,2843.2
2989,3247,2024-06-13,Net Banking,Paid,15413.3
2990,15467,2024-06-13,Debit Card,Paid,21149.6
2991,12095,2024-06-13,UPI,Paid,39421.2
2992,8655,2024-06-13,Cash on Delivery,Paid,3853.05
2993,21219,2024-06-13,Credit Card,Paid,44639.0
2994,3817,2024-06-13,Net Banking,Paid,34840.05
2995,13470,2024-06-13,UPI,Paid,8196.25
2996,3914,2024-06-13,Credit Card,Paid,25684.0
2997,12532,2024-06-13,Credit Card,Paid,45635.05
2998,9774,2024-06-13,Net Banking,Paid,13580.6
2999,22922,2024-06-13,Credit Card,Paid,22773.6
3000,17435,2024-06-13,Net Banking,Paid,10870.55
3001,7140,2024-06-13,UPI,Paid,1977.9
3002,4900,2024-06-13,Credit Card,Paid,152332.6
3003,810,2024-06-13,UPI,Paid,10915.7
3004,22916,2024-06-13,UPI,Paid,3681.0
3005,17166,2024-06-14,Cash on Delivery,Paid,71279.25
3006,1289,2024-06-14,Debit Card,Paid,2044.0
3007,6789,2024-06-14,Debit Card,Paid,10791.7
3008,4260,2024-06-14,Cash on Delivery,Paid,26903.2
3009,13474,2024-06-14,UPI,Paid,1651.1
3010,11143,2024-06-14,Debit Card,Paid,923.1
3011,3832,2024-06-14,UPI,Paid,5704.0
3012,9875,2024-06-14,UPI,Paid,41911.4
3013,15433,2024-06-14,UPI,Paid,33884.5
3014,17627,2024-06-14,Debit Card,Paid,5514.0
3015,18246,2024-06-14,Debit Card,Paid,23661.4
3016,2733,2024-06-14,Credit Card,Paid,177963.7
3017,6361,2024-06-14,UPI,Paid,2425.9
3018,13196,2024-06-14,UPI,Paid,12952.3
3019,4813,2024-06-14,Debit Card,Paid,47477.2
3020,18844,2024-06-14,Debit Card,Paid,35825.4
3021,20802,2024-06-14,Debit Card,Paid,13670.0
3022,3139,2024-06-14,Credit Card,Paid,4681.6
3023,24695,2024-06-14,Debit Card,Paid,977.4
3024,10582,2024-06-15,Debit Card,Paid,25006.65
3025,15255,2024-06-15,Credit Card,Paid,28983.05
3026,15407,2024-06-15,Debit Card,Paid,100519.15
3027,21814,2024-06-15,UPI,Paid,83029.5
3028,24852,2024-06-15,Cash on Delivery,Paid,21513.85
3029,23915,2024-06-15,UPI,Paid,11557.8
3030,18837,2024-06-15,Debit Card,Paid,19048.5
3031,23562,2024-06-15,Debit Card,Paid,8657.0
3032,13668,2024-06-15,Cash on Delivery,Paid,3813.3
3033,24409,2024-06-15,Net Banking,Paid,8657.0
3034,9419,2024-06-15,Cash on Delivery,Paid,6578.75
3035,3799,2024-06-15,Credit Card,Paid,47286.0
3036,555,2024-06-15,Credit Card,Paid,9536.1
3037,19090,2024-06-15,UPI,Paid,7475.6
3038,5677,2024-06-15,Cash on Delivery,Paid,14368.4
3039,6467,2024-06-15,Net Banking,Paid,8494.9
3040,15019,2024-06-15,UPI,Paid,6479.0
3041,8105,2024-06-15,UPI,Paid,28703.15
3042,15777,2024-06-15,Debit Card,Paid,18826.0
3043,18430,2024-06-15,Credit Card,Paid,81948.0
3044,8740,2024-06-16,Cash on Delivery,Paid,108726.2
3045,14568,2024-06-16,Credit Card,Paid,12187.05
3046,13772,2024-06-16,UPI,Paid,86844.1
3047,18851,2024-06-16,UPI,Paid,18623.25
3048,22870,2024-06-16,Credit Card,Paid,1332.75
3049,22329,2024-06-16,Cash on Delivery,Paid,19710.6
3050,21640,2024-06-16,UPI,Paid,42001.0
3051,15394,2024-06-16,UPI,Paid,142146.0
3052,19883,2024-06-16,Debit Card,Paid,29709.2
3053,6968,2024-06-16,Net Banking,Paid,4015.2
3054,9800,2024-06-16,Debit Card,Paid,65259.3
3055,1254,2024-06-16,Cash on Delivery,Paid,2728.0
3056,9270,2024-06-16,Cash on Delivery,Paid,54811.15
3057,23078,2024-06-16,UPI,Paid,13670.0
3058,233,2024-06-16,UPI,Paid,37905.6
3059,16966,2024-06-16,Credit Card,Paid,47458.0
3060,24954,2024-06-17,UPI,Paid,1688.15
3061,10835,2024-06-17,Debit Card,Paid,193345.2
3062,19239,2024-06-17,Cash on Delivery,Paid,7630.5
3063,22196,2024-06-17,UPI,Paid,6925.0
3064,14935,2024-06-17,Debit Card,Paid,48211.05
3065,20967,2024-06-17,UPI,Paid,53405.5
3066,158,2024-06-17,UPI,Paid,149562.0
3067,9993,2024-06-17,UPI,Paid,23671.65
3068,1253,2024-06-17,UPI,Paid,94764.0
3069,10021,2024-06-17,UPI,Paid,71559.8
3070,15942,2024-06-17,Credit Card,Paid,6187.2
3071,2915,2024-06-17,Debit Card,Paid,119992.5
3072,24588,2024-06-17,Debit Card,Paid,6402.75
3073,23988,2024-06-17,Net Banking,Paid,7619.4
3074,10381,2024-06-17,UPI,Paid,5418.8
3075,9538,2024-06-17,Debit Card,Paid,45692.9
3076,23539,2024-06-17,Credit Card,Paid,6835.0
3077,12033,2024-06-17,Net Banking,Paid,28791.2
3078,9398,2024-06-17,Cash on Delivery,Paid,127379.2
3079,18117,2024-06-17,Debit Card,Paid,7819.2
3080,21560,2024-06-17,Cash on Delivery,Paid,17908.65
3081,16284,2024-06-17,UPI,Paid,263.15
3082,19114,2024-06-18,UPI,Paid,20179.8
3083,855,2024-06-18,Debit Card,Paid,4435.2
3084,13263,2024-06-18,Debit Card,Paid,14665.0
3085,17393,2024-06-18,Credit Card,Paid,95551.3
3086,7718,2024-06-18,Debit Card,Paid,1383.3
3087,2063,2024-06-18,Debit Card,Paid,3201.6
3088,19803,2024-06-18,Credit Card,Paid,6932.7
3089,2094,2024-06-18,Credit Card,Paid,7777.6
3090,16931,2024-06-18,Credit Card,Paid,50012.4
3091,7848,2024-06-18,Net Banking,Paid,7884.9
3092,1627,2024-06-18,UPI,Paid,7402.8
3093,22950,2024-06-18,Credit Card,Paid,10440.15
3094,23243,2024-06-18,UPI,Paid,14808.0
3095,5891,2024-06-18,Net Banking,Paid,9283.0
3096,12332,2024-06-18,Net Banking,Paid,55354.0
3097,6903,2024-06-18,UPI,Paid,41609.6
3098,12585,2024-06-18,UPI,Paid,3838.5
3099,15797,2024-06-18,Credit Card,Paid,42360.5
3100,5774,2024-06-18,Credit Card,Paid,6493.25
3101,17235,2024-06-18,UPI,Paid,23825.0
3102,1251,2024-06-19,Cash on Delivery,Paid,3550.35
3103,20235,2024-06-19,UPI,Paid,108246.7
3104,15363,2024-06-19,UPI,Paid,48952.5
3105,20229,2024-06-19,Credit Card,Paid,5147.1
3106,11636,2024-06-19,Cash on Delivery,Paid,2851.75
3107,7169,2024-06-19,Cash on Delivery,Paid,515.85
3108,15631,2024-06-19,Credit Card,Paid,110298.3
3109,2299,2024-06-19,UPI,Paid,78267.0
3110,14032,2024-06-20,Cash on Delivery,Paid,103960.65
3111,19645,2024-06-20,UPI,Paid,11610.2
3112,14248,2024-06-20,Debit Card,Paid,70626.5
3113,6330,2024-06-20,UPI,Paid,2082.0
3114,13478,2024-06-20,Cash on Delivery,Paid,937.5
3115,1089,2024-06-20,Credit Card,Paid,28768.25
3116,2558,2024-06-20,Cash on Delivery,Paid,196551.9
3117,19616,2024-06-20,Debit Card,Paid,10245.85
3118,915,2024-06-20,Debit Card,Paid,168663.2
3119,2861,2024-06-20,Cash on Delivery,Paid,28057.8
3120,3360,2024-06-20,Credit Card,Paid,18939.3
3121,5673,2024-06-20,Net Banking,Paid,33442.5
3122,21502,2024-06-20,Credit Card,Paid,9099.0
3123,5557,2024-06-21,UPI,Paid,130224.1
3124,2942,2024-06-21,Debit Card,Paid,85287.6
3125,7133,2024-06-21,UPI,Paid,58389.9
3126,2923,2024-06-21,Credit Card,Paid,11048.4
3127,2229,2024-06-21,Cash on Delivery,Paid,142657.1
3128,6512,2024-06-21,Net Banking,Paid,48640.25
3129,22898,2024-06-21,Debit Card,Paid,84345.0
3130,12826,2024-06-21,Cash on Delivery,Paid,2004.0
3131,8853,2024-06-21,Credit Card,Paid,29793.6
3132,13444,2024-06-21,UPI,Paid,12409.4
3133,19798,2024-06-21,Credit Card,Paid,11501.6
3134,20878,2024-06-21,UPI,Paid,51794.8
3135,23784,2024-06-21,Credit Card,Paid,15091.05
3136,10235,2024-06-22,Credit Card,Paid,9049.7
3137,945,2024-06-22,UPI,Paid,33281.55
3138,9052,2024-06-22,Debit Card,Paid,5086.8
3139,21240,2024-06-22,UPI,Paid,64223.8
3140,5733,2024-06-22,Credit Card,Paid,8814.0
3141,12101,2024-06-22,Net Banking,Paid,3069.0
3142,3734,2024-06-22,UPI,Paid,82732.3
3143,24930,2024-06-22,Credit Card,Paid,55618.4
3144,17586,2024-06-22,Cash on Delivery,Paid,5147.1
3145,843,2024-06-22,Debit Card,Paid,40775.1
3146,5940,2024-06-22,Cash on Delivery,Paid,52437.6
3147,9929,2024-06-22,UPI,Paid,12842.0
3148,15584,2024-06-22,Credit Card,Paid,47382.0
3149,13519,2024-06-22,Debit Card,Paid,30139.9
3150,12455,2024-06-22,Cash on Delivery,Paid,15242.6
3151,7812,2024-06-22,UPI,Paid,8354.7
3152,22816,2024-06-22,Cash on Delivery,Paid,9007.2
3153,6167,2024-06-22,Debit Card,Paid,139674.0
3154,7369,2024-06-23,Net Banking,Paid,36300.0
3155,4297,2024-06-23,Cash on Delivery,Paid,10827.15
3156,12493,2024-06-23,UPI,Paid,6402.3
3157,17189,2024-06-23,UPI,Paid,10586.0
3158,14629,2024-06-23,Net Banking,Paid,89843.4
3159,13680,2024-06-23,Debit Card,Paid,7008.8
3160,8440,2024-06-23,Cash on Delivery,Paid,58878.95
3161,21598,2024-06-23,Cash on Delivery,Paid,171077.7
3162,18898,2024-06-23,Credit Card,Paid,20504.25
3163,21929,2024-06-23,Credit Card,Paid,18784.9
3164,298,2024-06-23,Credit Card,Paid,7634.0
3165,1582,2024-06-23,Credit Card,Paid,1296.25
3166,10517,2024-06-23,UPI,Paid,3414.0
3167,9476,2024-06-24,Net Banking,Paid,14616.75
3168,14647,2024-06-24,Credit Card,Paid,26456.55
3169,13642,2024-06-24,UPI,Paid,10639.6
3170,836,2024-06-24,Debit Card,Paid,3074.0
3171,21743,2024-06-24,Cash on Delivery,Paid,2158.4
3172,12032,2024-06-24,Debit Card,Paid,8531.75
3173,11147,2024-06-24,Credit Card,Paid,60509.7
3174,546,2024-06-24,Cash on Delivery,Paid,37296.6
3175,2901,2024-06-24,UPI,Paid,16118.1
3176,20127,2024-06-24,UPI,Paid,277.0
3177,13795,2024-06-24,UPI,Paid,64243.95
3178,14007,2024-06-24,UPI,Paid,1777.0
3179,16921,2024-06-24,Credit Card,Paid,22775.1
3180,11536,2024-06-24,UPI,Paid,120692.7
3181,13456,2024-06-24,Cash on Delivery,Paid,22684.0
3182,12494,2024-06-24,UPI,Paid,50264.0
3183,14901,2024-06-24,UPI,Paid,45303.9
3184,978,2024-06-24,UPI,Paid,6726.6
3185,16714,2024-06-25,UPI,Paid,3673.65
3186,22239,2024-06-25,Net Banking,Paid,7037.55
3187,24183,2024-06-25,Debit Card,Paid,14504.6
3188,18827,2024-06-25,UPI,Paid,9283.0
3189,14631,2024-06-25,Cash on Delivery,Paid,144428.25
3190,22259,2024-06-25,UPI,Paid,88207.45
3191,1424,2024-06-25,UPI,Paid,5115.0
3192,11181,2024-06-25,Credit Card,Paid,5927.05
3193,7849,2024-06-25,UPI,Paid,46552.35
3194,17626,2024-06-25,UPI,Paid,5350.75
3195,12912,2024-06-25,Credit Card,Paid,65259.3
3196,3566,2024-06-25,Credit Card,Paid,84307.4
3197,1940,2024-06-25,Cash on Delivery,Paid,46408.9
3198,19173,2024-06-25,UPI,Paid,127672.2
3199,8679,2024-06-25,Credit Card,Paid,126166.5
3200,20154,2024-06-26,Cash on Delivery,Paid,237.0
3201,12540,2024-06-26,Cash on Delivery,Paid,17836.0
3202,5305,2024-06-26,Credit Card,Paid,117042.0
3203,5461,2024-06-26,UPI,Paid,46741.1
3204,561,2024-06-26,Net Banking,Paid,31095.6
3205,361,2024-06-26,Cash on Delivery,Paid,101491.5
3206,18661,2024-06-26,UPI,Paid,3297.7
3207,9065,2024-06-26,Net Banking,Paid,14121.0
3208,4662,2024-06-26,Debit Card,Paid,37828.8
3209,12613,2024-06-26,UPI,Paid,9346.15
3210,10999,2024-06-26,UPI,Paid,4470.4
3211,15635,2024-06-26,Debit Card,Paid,7186.2
3212,14061,2024-06-26,UPI,Paid,3355.0
3213,19116,2024-06-26,Credit Card,Paid,6352.9
3214,2047,2024-06-26,Credit Card,Paid,13248.7
3215,22331,2024-06-26,UPI,Paid,63048.3
3216,3410,2024-06-26,Credit Card,Paid,123129.8
3217,3372,2024-06-26,Cash on Delivery,Paid,12527.3
3218,15219,2024-06-26,UPI,Paid,71381.1
3219,12363,2024-06-26,Credit Card,Paid,114617.9
3220,12498,2024-06-26,Debit Card,Paid,23661.4
3221,24762,2024-06-27,UPI,Paid,664.0
3222,7749,2024-06-27,UPI,Paid,2094.4
3223,2939,2024-06-27,Debit Card,Paid,252020.0
3224,11259,2024-06-27,Cash on Delivery,Paid,4051.75
3225,11941,2024-06-27,Debit Card,Paid,87764.2
3226,18986,2024-06-27,UPI,Paid,65398.7
3227,19726,2024-06-27,Credit Card,Paid,28039.9
3228,11350,2024-06-27,UPI,Paid,3244.45
3229,1669,2024-06-27,UPI,Paid,13089.15
3230,4342,2024-06-27,Cash on Delivery,Paid,14098.1
3231,14018,2024-06-27,Debit Card,Paid,4239.9
3232,8869,2024-06-27,Net Banking,Paid,50264.0
3233,7432,2024-06-27,UPI,Paid,2728.0
3234,14293,2024-06-27,Cash on Delivery,Paid,48636.0
3235,17711,2024-06-27,UPI,Paid,128283.5
3236,7960,2024-06-27,UPI,Paid,1227.0
3237,23708,2024-06-27,UPI,Paid,42279.4
3238,19394,2024-06-27,UPI,Paid,3771.9
3239,14538,2024-06-27,Debit Card,Paid,41623.3
3240,11057,2024-06-27,Credit Card,Paid,10915.7
3241,23405,2024-06-27,UPI,Paid,6488.9
3242,7741,2024-06-27,UPI,Paid,35665.0
3243,20129,2024-06-28,UPI,Paid,223875.0
3244,3698,2024-06-28,UPI,Paid,60110.4
3245,15954,2024-06-28,UPI,Paid,22057.45
3246,14442,2024-06-28,UPI,Paid,6883.8
3247,6521,2024-06-28,Net Banking,Paid,18673.2
3248,6529,2024-06-28,UPI,Paid,3849.75
3249,4363,2024-06-28,Net Banking,Paid,38992.35
3250,19909,2024-06-28,UPI,Paid,16775.6
3251,6934,2024-06-28,UPI,Paid,5665.5
3252,6064,2024-06-28,Credit Card,Paid,17074.0
3253,6929,2024-06-28,Credit Card,Paid,2023.5
3254,3794,2024-06-28,Cash on Delivery,Paid,23709.75
3255,10109,2024-06-28,UPI,Paid,14296.45
3256,12356,2024-06-28,Debit Card,Paid,22974.2
3257,12741,2024-06-28,UPI,Paid,33812.1
3258,8069,2024-06-28,Credit Card,Paid,10977.25
3259,8960,2024-06-28,Credit Card,Paid,16460.1
3260,17686,2024-06-28,Credit Card,Paid,27092.0
3261,13648,2024-06-28,UPI,Paid,1062.5
3262,3378,2024-06-28,UPI,Paid,10915.7
3263,16301,2024-06-28,Debit Card,Paid,64791.8
3264,17728,2024-06-29,UPI,Paid,136665.5
3265,17969,2024-06-29,Debit Card,Paid,18789.5
3266,4071,2024-06-29,Credit Card,Paid,49437.1
3267,18936,2024-06-29,UPI,Paid,5196.6
3268,15885,2024-06-29,Cash on Delivery,Paid,145207.2
3269,2580,2024-06-29,Debit Card,Paid,26089.95
3270,2037,2024-06-29,Cash on Delivery,Paid,39431.2
3271,22594,2024-06-29,Credit Card,Paid,4282.2
3272,24470,2024-06-29,Net Banking,Paid,80386.2
3273,23866,2024-06-29,Net Banking,Paid,20179.55
3274,14682,2024-06-29,Net Banking,Paid,8415.9
3275,20622,2024-06-29,Credit Card,Paid,2944.8
3276,20419,2024-06-29,Credit Card,Paid,20015.55
3277,8900,2024-06-29,Net Banking,Paid,19087.6
3278,14780,2024-06-29,Credit Card,Paid,111196.8
3279,20461,2024-06-29,Cash on Delivery,Paid,6835.45
3280,3607,2024-06-30,Credit Card,Paid,30733.2
3281,12797,2024-06-30,UPI,Paid,30593.7
3282,1801,2024-06-30,UPI,Paid,35665.0
3283,17018,2024-06-30,Credit Card,Paid,123314.75
3284,15453,2024-06-30,UPI,Paid,84497.7
3285,12366,2024-06-30,Debit Card,Paid,6207.75
3286,4448,2024-06-30,Cash on Delivery,Paid,2563.1
3287,11139,2024-06-30,Cash on Delivery,Paid,145490.7
3288,15045,2024-06-30,Debit Card,Paid,90784.5
3289,6588,2024-06-30,Debit Card,Paid,49810.2
3290,796,2024-06-30,UPI,Paid,21828.8
3291,3755,2024-06-30,Net Banking,Paid,64716.2
3292,21933,2024-06-30,Debit Card,Paid,176627.65
3293,4966,2024-06-30,UPI,Paid,71381.1
3294,24718,2024-06-30,Cash on Delivery,Paid,2374.9
3295,22941,2024-06-30,Credit Card,Paid,68320.8
3296,4412,2024-07-01,UPI,Paid,11408.0
3297,19002,2024-07-01,Cash on Delivery,Paid,3681.0
3298,2070,2024-07-01,UPI,Paid,60438.75
3299,9693,2024-07-01,UPI,Paid,136211.8
3300,22839,2024-07-01,UPI,Paid,4763.0
3301,10221,2024-07-01,UPI,Paid,4063.5
3302,8866,2024-07-01,UPI,Paid,12630.15
3303,17270,2024-07-01,Cash on Delivery,Paid,8428.5
3304,328,2024-07-01,UPI,Paid,9368.0
3305,24141,2024-07-01,Cash on Delivery,Paid,104160.7
3306,14951,2024-07-01,Cash on Delivery,Paid,290.5
3307,21193,2024-07-01,UPI,Paid,19478.25
3308,22466,2024-07-01,UPI,Paid,4039.2
3309,355,2024-07-01,UPI,Paid,47384.1
3310,7491,2024-07-01,UPI,Paid,7665.4
3311,13451,2024-07-01,UPI,Paid,6479.0
3312,12268,2024-07-01,Net Banking,Paid,6704.8
3313,10181,2024-07-01,Net Banking,Paid,56960.1
3314,360,2024-07-01,Cash on Delivery,Paid,19183.2
3315,16726,2024-07-01,UPI,Paid,2158.4
3316,24040,2024-07-01,UPI,Paid,1547.55
3317,8455,2024-07-01,Credit Card,Paid,30288.85
3318,9801,2024-07-01,UPI,Paid,130350.95
3319,23726,2024-07-01,Net Banking,Paid,83430.0
3320,11411,2024-07-02,UPI,Paid,235829.75
3321,16036,2024-07-02,UPI,Paid,1907.4
3322,6589,2024-07-02,Cash on Delivery,Paid,6059.9
3323,97,2024-07-02,Credit Card,Paid,11852.8
3324,14148,2024-07-02,Credit Card,Paid,7493.0
3325,16699,2024-07-02,Credit Card,Paid,19954.9
3326,23481,2024-07-02,Credit Card,Paid,40771.2
3327,6834,2024-07-02,UPI,Paid,65890.3
3328,22626,2024-07-02,UPI,Paid,36996.5
3329,12835,2024-07-02,UPI,Paid,101521.5
3330,21044,2024-07-02,UPI,Paid,3053.6
3331,3173,2024-07-02,UPI,Paid,3435.3
3332,934,2024-07-02,Cash on Delivery,Paid,36817.25
3333,22060,2024-07-02,UPI,Paid,515.85
3334,14813,2024-07-02,UPI,Paid,17075.15
3335,8005,2024-07-02,Debit Card,Paid,7774.35
3336,15377,2024-07-02,Credit Card,Paid,55869.6
3337,19497,2024-07-02,Debit Card,Paid,134840.85
3338,9582,2024-07-03,Debit Card,Paid,18702.0
3339,13938,2024-07-03,UPI,Paid,46115.1
3340,14923,2024-07-03,UPI,Paid,4856.4
3341,18896,2024-07-03,Debit Card,Paid,4517.1
3342,14820,2024-07-03,Credit Card,Paid,36413.1
3343,1772,2024-07-03,Credit Card,Paid,9172.0
3344,18581,2024-07-03,Cash on Delivery,Paid,38422.55
3345,24926,2024-07-03,UPI,Paid,21508.4
3346,5768,2024-07-03,Credit Card,Paid,96335.7
3347,21152,2024-07-03,UPI,Paid,5147.1
3348,19542,2024-07-03,Cash on Delivery,Paid,65756.0
3349,22647,2024-07-03,UPI,Paid,45294.35
3350,20011,2024-07-03,Cash on Delivery,Paid,47253.75
3351,24757,2024-07-03,Debit Card,Paid,36257.6
3352,6251,2024-07-03,Net Banking,Paid,39248.1
3353,23233,2024-07-03,UPI,Paid,10128.9
3354,12577,2024-07-03,Cash on Delivery,Paid,565.0
3355,12590,2024-07-03,UPI,Paid,50861.5
3356,3974,2024-07-04,Debit Card,Paid,16199.0
3357,20459,2024-07-04,Credit Card,Paid,112682.1
3358,4229,2024-07-04,Debit Card,Paid,3412.4
3359,15121,2024-07-04,UPI,Paid,11991.6
3360,20483,2024-07-04,UPI,Paid,4455.9
3361,23528,2024-07-04,Credit Card,Paid,62408.5
3362,5210,2024-07-04,Debit Card,Paid,110076.0
3363,7736,2024-07-04,Credit Card,Paid,37453.95
3364,10297,2024-07-04,UPI,Paid,225429.6
3365,4465,2024-07-04,UPI,Paid,16745.5
3366,18084,2024-07-04,UPI,Paid,104160.7
3367,4078,2024-07-04,UPI,Paid,1477.3
3368,16035,2024-07-04,Credit Card,Paid,52237.5
3369,23605,2024-07-04,UPI,Paid,8701.45
3370,8775,2024-07-04,Debit Card,Paid,40635.35
3371,15783,2024-07-04,UPI,Paid,45457.45
3372,15948,2024-07-04,UPI,Paid,35937.45
3373,4097,2024-07-04,UPI,Paid,36813.4
3374,6643,2024-07-04,Net Banking,Paid,2607.0
3375,21680,2024-07-05,Credit Card,Paid,8537.0
3376,2461,2024-07-05,UPI,Paid,51609.95
3377,15381,2024-07-05,Credit Card,Paid,5350.75
3378,6481,2024-07-05,UPI,Paid,33333.2
3379,23002,2024-07-05,Cash on Delivery,Paid,7793.1
3380,18435,2024-07-05,Debit Card,Paid,46533.0
3381,2010,2024-07-05,Cash on Delivery,Paid,2698.0
3382,4134,2024-07-05,UPI,Paid,48663.55
3383,5945,2024-07-05,Credit Card,Paid,1570.8
3384,3024,2024-07-05,Credit Card,Paid,16085.4
3385,20780,2024-07-05,UPI,Paid,6352.9
3386,11936,2024-07-05,UPI,Paid,77395.6
3387,12730,2024-07-05,Cash on Delivery,Paid,4475.45
3388,9013,2024-07-05,UPI,Paid,5725.5
3389,9458,2024-07-05,Credit Card,Paid,89532.75
3390,3563,2024-07-05,Credit Card,Paid,9932.45
3391,5018,2024-07-05,Credit Card,Paid,11211.0
3392,24343,2024-07-05,Credit Card,Paid,74181.8
3393,19944,2024-07-05,UPI,Paid,62927.15
3394,20347,2024-07-05,Cash on Delivery,Paid,3435.3
3395,20961,2024-07-05,UPI,Paid,21522.1
3396,20921,2024-07-05,Cash on Delivery,Paid,5605.5
3397,1052,2024-07-06,Cash on Delivery,Paid,44921.7
3398,22472,2024-07-06,Debit Card,Paid,2428.2
3399,16277,2024-07-06,UPI,Paid,37094.65
3400,21505,2024-07-06,Credit Card,Paid,15969.65
3401,22595,2024-07-06,Credit Card,Paid,25933.3
3402,20581,2024-07-06,UPI,Paid,82552.75
3403,5884,2024-07-06,Cash on Delivery,Paid,19054.65
3404,3814,2024-07-06,Debit Card,Paid,5885.0
3405,22848,2024-07-06,UPI,Paid,35285.75
3406,17732,2024-07-06,Credit Card,Paid,6813.6
3407,17997,2024-07-06,Credit Card,Paid,6151.5
3408,22825,2024-07-06,UPI,Paid,4286.7
3409,13511,2024-07-06,Credit Card,Paid,7191.25
3410,16782,2024-07-06,Credit Card,Paid,4578.3
3411,1758,2024-07-06,Credit Card,Paid,28432.4
3412,19271,2024-07-06,Credit Card,Paid,2387.0
3413,7438,2024-07-06,Debit Card,Paid,6397.5
3414,5651,2024-07-07,UPI,Paid,5019.0
3415,21770,2024-07-07,Credit Card,Paid,16650.0
3416,2501,2024-07-07,UPI,Paid,12023.4
3417,20678,2024-07-07,UPI,Paid,75680.4
3418,4005,2024-07-07,Cash on Delivery,Paid,20092.55
3419,2879,2024-07-07,Cash on Delivery,Paid,20029.65
3420,8216,2024-07-07,Net Banking,Paid,1227.0
3421,24874,2024-07-07,UPI,Paid,56179.5
3422,22026,2024-07-07,UPI,Paid,32765.75
3423,8075,2024-07-07,Credit Card,Paid,3045.4
3424,2041,2024-07-07,Cash on Delivery,Paid,7159.95
3425,10678,2024-07-07,Net Banking,Paid,14345.5
3426,1480,2024-07-07,Net Banking,Paid,7180.8
3427,15177,2024-07-07,Credit Card,Paid,36905.45
3428,16631,2024-07-07,UPI,Paid,73856.8
3429,6326,2024-07-07,Credit Card,Paid,109722.4
3430,9508,2024-07-07,Cash on Delivery,Paid,21168.35
3431,22050,2024-07-07,Cash on Delivery,Paid,11656.9
3432,8299,2024-07-08,Debit Card,Paid,12705.8
3433,18236,2024-07-08,UPI,Paid,8211.85
3434,3339,2024-07-08,Credit Card,Paid,10148.4
3435,5447,2024-07-08,Cash on Delivery,Paid,32262.7
3436,15055,2024-07-08,Credit Card,Paid,10061.75
3437,9864,2024-07-08,UPI,Paid,35825.4
3438,14509,2024-07-08,UPI,Paid,51282.5
3439,20440,2024-07-08,Debit Card,Paid,5055.0
3440,22076,2024-07-08,UPI,Paid,1627.0
3441,5847,2024-07-08,UPI,Paid,14545.2
3442,16837,2024-07-08,Credit Card,Paid,113027.2
3443,2618,2024-07-08,UPI,Paid,2873.6
3444,22653,2024-07-08,UPI,Paid,54382.45
3445,12828,2024-07-08,Credit Card,Paid,149250.0
3446,18815,2024-07-08,Credit Card,Paid,49034.1
3447,10591,2024-07-08,Credit Card,Paid,3108.4
3448,7563,2024-07-08,UPI,Paid,10672.2
3449,87,2024-07-08,Net Banking,Paid,12952.3
3450,16259,2024-07-08,Credit Card,Paid,15196.0
3451,15697,2024-07-08,UPI,Paid,48251.0
3452,23960,2024-07-09,Debit Card,Paid,53962.2
3453,2218,2024-07-09,Credit Card,Paid,6162.4
3454,23128,2024-07-09,Debit Card,Paid,8818.85
3455,17653,2024-07-09,Debit Card,Paid,72817.3
3456,2576,2024-07-09,Credit Card,Paid,1284.3
3457,17939,2024-07-09,Cash on Delivery,Paid,21069.0
3458,19713,2024-07-09,UPI,Paid,10327.45
3459,22957,2024-07-09,Credit Card,Paid,93100.2
3460,12416,2024-07-09,Cash on Delivery,Paid,40265.0
3461,3779,2024-07-09,Credit Card,Paid,48782.95
3462,13510,2024-07-09,Debit Card,Paid,34387.2
3463,23644,2024-07-09,Cash on Delivery,Paid,3942.4
3464,5616,2024-07-10,UPI,Paid,61824.6
3465,18466,2024-07-10,Cash on Delivery,Paid,25398.0
3466,1246,2024-07-10,UPI,Paid,17416.8
3467,3368,2024-07-10,Net Banking,Paid,65518.0
3468,1487,2024-07-10,Debit Card,Paid,6128.1
3469,12378,2024-07-10,Debit Card,Paid,86005.5
3470,2623,2024-07-10,Debit Card,Paid,13453.2
3471,18607,2024-07-10,UPI,Paid,2023.5
3472,24229,2024-07-10,Debit Card,Paid,1971.2
3473,12792,2024-07-10,Credit Card,Paid,2873.6
3474,4546,2024-07-10,Net Banking,Paid,6973.0
3475,3980,2024-07-10,Cash on Delivery,Paid,4306.35
3476,165,2024-07-10,Credit Card,Paid,2862.75
3477,17412,2024-07-10,Cash on Delivery,Paid,352.75
3478,22868,2024-07-10,UPI,Paid,343845.0
3479,8182,2024-07-11,UPI,Paid,25306.0
3480,9681,2024-07-11,Debit Card,Paid,11575.3
3481,11204,2024-07-11,UPI,Paid,747.0
3482,21242,2024-07-11,Debit Card,Paid,14948.0
3483,2841,2024-07-11,Debit Card,Paid,108587.8
3484,13803,2024-07-11,Credit Card,Paid,47459.65
3485,17485,2024-07-11,Credit Card,Paid,77996.4
3486,9208,2024-07-11,Credit Card,Paid,4881.1
3487,24237,2024-07-11,Credit Card,Paid,11057.7
3488,22619,2024-07-11,Debit Card,Paid,296.1
3489,22992,2024-07-11,UPI,Paid,34670.6
3490,23295,2024-07-11,Cash on Delivery,Paid,62624.0
3491,7900,2024-07-11,Credit Card,Paid,166180.0
3492,23809,2024-07-11,UPI,Paid,42648.1
3493,18709,2024-07-11,UPI,Paid,70108.25
3494,22115,2024-07-11,Net Banking,Paid,31331.05
3495,18613,2024-07-11,UPI,Paid,38171.7
3496,24492,2024-07-12,UPI,Paid,71501.2
3497,7415,2024-07-12,Cash on Delivery,Paid,5487.3
3498,2184,2024-07-12,Debit Card,Paid,57393.5
3499,17894,2024-07-12,Credit Card,Paid,42643.8
3500,12336,2024-07-12,Debit Card,Paid,57810.0
3501,10957,2024-07-12,Debit Card,Paid,70893.75
3502,4839,2024-07-12,Net Banking,Paid,7537.6
3503,11875,2024-07-12,Credit Card,Paid,44298.4
3504,8903,2024-07-12,Net Banking,Paid,105776.6
3505,2759,2024-07-12,Cash on Delivery,Paid,27603.6
3506,19047,2024-07-12,Net Banking,Paid,18118.95
3507,19247,2024-07-12,UPI,Paid,213749.6
3508,775,2024-07-12,Debit Card,Paid,788.5
3509,20123,2024-07-12,Cash on Delivery,Paid,93509.2
3510,5714,2024-07-12,Credit Card,Paid,8094.0
3511,10674,2024-07-12,Debit Card,Paid,103265.55
3512,109,2024-07-12,Cash on Delivery,Paid,14047.25
3513,19773,2024-07-12,Credit Card,Paid,16254.0
3514,19887,2024-07-12,Credit Card,Paid,40274.7
3515,3729,2024-07-12,Credit Card,Paid,3632.4
3516,11466,2024-07-12,Credit Card,Paid,2293.3
3517,24737,2024-07-12,Net Banking,Paid,543.0
3518,17128,2024-07-12,Cash on Delivery,Paid,3484.05
3519,11005,2024-07-13,UPI,Paid,34630.0
3520,17716,2024-07-13,Cash on Delivery,Paid,41970.6
3521,12089,2024-07-13,UPI,Paid,67804.5
3522,11369,2024-07-13,UPI,Paid,43605.5
3523,2571,2024-07-13,UPI,Paid,18098.0
3524,7576,2024-07-13,Credit Card,Paid,189270.0
3525,436,2024-07-13,Net Banking,Paid,11588.9
3526,2458,2024-07-13,UPI,Paid,33104.0
3527,10535,2024-07-13,Credit Card,Paid,4876.2
3528,12394,2024-07-13,Credit Card,Paid,2217.6
3529,7137,2024-07-13,UPI,Paid,6516.0
3530,493,2024-07-13,UPI,Paid,4044.3
3531,21798,2024-07-13,Cash on Delivery,Paid,53405.5
3532,15810,2024-07-13,UPI,Paid,3198.75
3533,11093,2024-07-13,Cash on Delivery,Paid,40149.05
3534,9706,2024-07-13,UPI,Paid,3074.0
3535,6944,2024-07-13,UPI,Paid,4832.65
3536,4732,2024-07-13,UPI,Paid,237349.5
3537,13374,2024-07-13,Credit Card,Paid,44459.95
3538,11537,2024-07-14,Cash on Delivery,Paid,16904.0
3539,18956,2024-07-14,UPI,Paid,6925.6
3540,22522,2024-07-14,Net Banking,Paid,1738.0
3541,2566,2024-07-14,Credit Card,Paid,4079.7
3542,13876,2024-07-14,UPI,Paid,33104.0
3543,17708,2024-07-14,Debit Card,Paid,8856.0
3544,1384,2024-07-14,Net Banking,Paid,5229.75
3545,6281,2024-07-14,Net Banking,Paid,7066.5
3546,7645,2024-07-14,Credit Card,Paid,30631.8
3547,6723,2024-07-14,Cash on Delivery,Paid,12771.25
3548,14178,2024-07-14,Debit Card,Paid,32152.75
3549,24086,2024-07-14,Net Banking,Paid,1104.3
3550,19789,2024-07-14,Credit Card,Paid,57960.1
3551,16927,2024-07-15,Credit Card,Paid,16533.15
3552,12194,2024-07-15,UPI,Paid,4306.35
3553,5949,2024-07-15,Credit Card,Paid,30856.1
3554,21231,2024-07-15,UPI,Paid,30347.55
3555,4334,2024-07-15,UPI,Paid,114274.55
3556,8210,2024-07-15,UPI,Paid,26843.4
3557,3184,2024-07-15,UPI,Paid,6039.0
3558,10958,2024-07-15,UPI,Paid,7254.9
3559,13994,2024-07-15,Credit Card,Paid,37828.8
3560,12340,2024-07-15,UPI,Paid,250708.4
3561,22828,2024-07-15,Credit Card,Paid,207.75
3562,2237,2024-07-15,Cash on Delivery,Paid,123058.95
3563,3671,2024-07-15,UPI,Paid,4802.25
3564,9635,2024-07-15,Credit Card,Paid,373.5
3565,3661,2024-07-15,UPI,Paid,2217.6
3566,17682,2024-07-16,Credit Card,Paid,4521.6
3567,12740,2024-07-16,Debit Card,Paid,126906.7
3568,6376,2024-07-16,Credit Card,Paid,1971.2
3569,8317,2024-07-16,UPI,Paid,6879.9
3570,18728,2024-07-16,Net Banking,Paid,4757.3
3571,722,2024-07-16,Credit Card,Paid,2671.9
3572,13907,2024-07-16,Credit Card,Paid,5698.5
3573,5908,2024-07-16,Cash on Delivery,Paid,2563.1
3574,5525,2024-07-16,Debit Card,Paid,4004.35
3575,1394,2024-07-16,Credit Card,Paid,1537.0
3576,20756,2024-07-16,Debit Card,Paid,4237.0
3577,12471,2024-07-16,Credit Card,Paid,56963.1
3578,18411,2024-07-16,Net Banking,Paid,12826.0
3579,12353,2024-07-17,UPI,Paid,19153.5
3580,17830,2024-07-17,Cash on Delivery,Paid,36729.1
3581,8364,2024-07-17,UPI,Paid,31312.0
3582,22965,2024-07-17,Credit Card,Paid,7657.95
3583,18640,2024-07-17,Credit Card,Paid,434.4
3584,24069,2024-07-17,UPI,Paid,13047.7
3585,7414,2024-07-17,Debit Card,Paid,1683.0
3586,13975,2024-07-17,Cash on Delivery,Paid,14688.55
3587,10447,2024-07-17,UPI,Paid,554.0
3588,625,2024-07-17,Credit Card,Paid,173222.2
3589,133,2024-07-17,UPI,Paid,22147.15
3590,21895,2024-07-17,UPI,Paid,40131.0
3591,2400,2024-07-17,UPI,Paid,4002.0
3592,7089,2024-07-17,UPI,Paid,116025.15
3593,6502,2024-07-17,Net Banking,Paid,11066.4
3594,5435,2024-07-17,UPI,Paid,15176.6
3595,13055,2024-07-17,Cash on Delivery,Paid,99130.5
3596,7564,2024-07-17,UPI,Paid,63909.4
3597,707,2024-07-17,Credit Card,Paid,55442.4
3598,13457,2024-07-17,Debit Card,Paid,8530.0
3599,8091,2024-07-18,UPI,Paid,6973.0
3600,19649,2024-07-18,Debit Card,Paid,75811.2
3601,4605,2024-07-18,UPI,Paid,4323.95
3602,23341,2024-07-18,UPI,Paid,11702.15
3603,6301,2024-07-18,Debit Card,Paid,8354.7
3604,20147,2024-07-18,Cash on Delivery,Paid,56960.1
3605,19125,2024-07-18,Debit Card,Paid,1738.0
3606,18577,2024-07-18,UPI,Paid,1977.9
3607,2081,2024-07-18,Cash on Delivery,Paid,8029.4
3608,23416,2024-07-18,Credit Card,Paid,1564.2
3609,17313,2024-07-18,Debit Card,Paid,114600.5
3610,19344,2024-07-18,UPI,Paid,42643.8
3611,3728,2024-07-18,Credit Card,Paid,7703.0
3612,9514,2024-07-18,UPI,Paid,72400.15
3613,13157,2024-07-18,UPI,Paid,8139.2
3614,4146,2024-07-18,Debit Card,Paid,79220.1
3615,6742,2024-07-18,Cash on Delivery,Paid,399837.8
3616,18517,2024-07-18,Credit Card,Paid,4763.0
3617,21827,2024-07-18,Net Banking,Paid,5803.8
3618,20267,2024-07-18,Debit Card,Paid,6207.75
3619,12049,2024-07-18,UPI,Paid,4475.45
3620,17956,2024-07-18,UPI,Paid,39806.0
3621,1619,2024-07-18,UPI,Paid,3187.5
3622,530,2024-07-18,Net Banking,Paid,4605.3
3623,14089,2024-07-18,Credit Card,Paid,4533.0
3624,3132,2024-07-19,Debit Card,Paid,14423.3
3625,18168,2024-07-19,Credit Card,Paid,3853.05
3626,20763,2024-07-19,Debit Card,Paid,4039.2
3627,11273,2024-07-19,Cash on Delivery,Paid,41013.35
3628,3950,2024-07-19,Debit Card,Paid,41033.0
3629,18801,2024-07-19,Credit Card,Paid,76137.45
3630,2766,2024-07-19,UPI,Paid,14970.35
3631,22843,2024-07-19,Credit Card,Paid,3232.8
3632,23460,2024-07-19,UPI,Paid,30619.0
3633,19778,2024-07-19,UPI,Paid,5792.15
3634,1740,2024-07-19,Net Banking,Paid,6128.1
3635,8769,2024-07-19,UPI,Paid,2217.6
3636,2333,2024-07-19,Credit Card,Paid,1627.0
3637,18989,2024-07-19,UPI,Paid,6346.2
3638,16695,2024-07-19,UPI,Paid,7362.3
3639,10631,2024-07-20,UPI,Paid,119418.0
3640,8657,2024-07-20,Credit Card,Paid,1537.0
3641,4053,2024-07-20,Credit Card,Paid,25684.0
3642,4395,2024-07-20,UPI,Paid,10399.5
3643,13615,2024-07-20,UPI,Paid,3198.6
3644,2634,2024-07-20,Cash on Delivery,Paid,15213.6
3645,13589,2024-07-20,UPI,Paid,5979.2
3646,169,2024-07-20,Cash on Delivery,Paid,13023.7
3647,1782,2024-07-20,UPI,Paid,7256.45
3648,16177,2024-07-20,Credit Card,Paid,59942.0
3649,16705,2024-07-20,Cash on Delivery,Paid,30802.8
3650,8032,2024-07-20,UPI,Paid,855.0
3651,7121,2024-07-20,UPI,Paid,91265.4
3652,16885,2024-07-20,UPI,Paid,10789.5
3653,15265,2024-07-20,UPI,Paid,40193.1
3654,5932,2024-07-20,Debit Card,Paid,15894.95
3655,24444,2024-07-20,UPI,Paid,59287.2
3656,15343,2024-07-20,UPI,Paid,351564.15
3657,20042,2024-07-20,Debit Card,Paid,37956.0
3658,8812,2024-07-21,UPI,Paid,8354.7
3659,6350,2024-07-21,UPI,Paid,116414.9
3660,24944,2024-07-21,Net Banking,Paid,6715.3
3661,21545,2024-07-21,Debit Card,Paid,44297.5
3662,8130,2024-07-21,Credit Card,Paid,900.0
3663,14071,2024-07-21,Credit Card,Paid,1250.0
3664,17237,2024-07-21,Cash on Delivery,Paid,9078.0
3665,20742,2024-07-21,Cash on Delivery,Paid,11390.45
3666,7687,2024-07-21,Credit Card,Paid,5133.6
3667,14449,2024-07-21,UPI,Paid,4069.6
3668,7853,2024-07-21,Debit Card,Paid,4578.3
3669,101,2024-07-21,UPI,Paid,20015.55
3670,1227,2024-07-21,Cash on Delivery,Paid,14885.8
3671,5734,2024-07-21,UPI,Paid,70516.0
3672,22655,2024-07-21,Credit Card,Paid,37901.5
3673,12771,2024-07-21,Net Banking,Paid,7683.3
3674,22388,2024-07-21,UPI,Paid,16709.4
3675,21305,2024-07-21,UPI,Paid,23620.25
3676,18722,2024-07-21,UPI,Paid,62258.5
3677,22505,2024-07-22,Debit Card,Paid,32594.8
3678,24816,2024-07-22,Debit Card,Paid,3813.3
3679,14458,2024-07-22,Credit Card,Paid,6973.0
3680,6290,2024-07-22,Credit Card,Paid,7689.3
3681,9436,2024-07-22,UPI,Paid,35271.6
3682,17311,2024-07-22,UPI,Paid,3410.0
3683,9537,2024-07-22,Net Banking,Paid,920.25
3684,10729,2024-07-22,UPI,Paid,89180.0
3685,5363,2024-07-22,UPI,Paid,124549.55
3686,797,2024-07-22,Cash on Delivery,Paid,133099.6
3687,11358,2024-07-22,UPI,Paid,15555.2
3688,629,2024-07-22,Cash on Delivery,Paid,4701.45
3689,16300,2024-07-22,Debit Card,Paid,153967.65
3690,4467,2024-07-22,Debit Card,Paid,16099.85
3691,22799,2024-07-23,Credit Card,Paid,24402.7
3692,20465,2024-07-23,Cash on Delivery,Paid,83090.0
3693,16832,2024-07-23,Credit Card,Paid,3593.1
3694,15413,2024-07-23,Credit Card,Paid,6829.6
3695,4258,2024-07-23,Cash on Delivery,Paid,981.6
3696,12695,2024-07-23,Net Banking,Paid,8761.0
3697,2439,2024-07-23,Debit Card,Paid,28753.8
3698,3647,2024-07-23,Credit Card,Paid,3765.6
3699,2418,2024-07-23,Net Banking,Paid,11619.5
3700,21696,2024-07-23,Cash on Delivery,Paid,62548.2
3701,21232,2024-07-23,UPI,Paid,2794.0
3702,13280,2024-07-23,Debit Card,Paid,9210.6
3703,8576,2024-07-23,UPI,Paid,65828.1
3704,6138,2024-07-23,Debit Card,Paid,59686.3
3705,8848,2024-07-23,Debit Card,Paid,13947.25
3706,23209,2024-07-23,Credit Card,Paid,34121.25
3707,19994,2024-07-23,Debit Card,Paid,26483.2
3708,23329,2024-07-23,UPI,Paid,104093.3
3709,15983,2024-07-23,UPI,Paid,3577.1
3710,10320,2024-07-23,Debit Card,Paid,170422.05
3711,6241,2024-07-23,Debit Card,Paid,13593.4
3712,14788,2024-07-23,UPI,Paid,7683.3
3713,23945,2024-07-24,Credit Card,Paid,7683.3
3714,14555,2024-07-24,Cash on Delivery,Paid,89180.0
3715,16675,2024-07-24,UPI,Paid,47286.0
3716,19895,2024-07-24,UPI,Paid,92148.9
3717,21106,2024-07-24,Cash on Delivery,Paid,66996.6
3718,16637,2024-07-24,UPI,Paid,15906.7
3719,2716,2024-07-24,UPI,Paid,2348.5
3720,17865,2024-07-24,UPI,Paid,109081.9
3721,23824,2024-07-24,Credit Card,Paid,12739.8
3722,11425,2024-07-24,Cash on Delivery,Paid,9604.5
3723,6985,2024-07-24,Debit Card,Paid,4533.0
3724,1342,2024-07-24,UPI,Paid,40974.0
3725,22732,2024-07-24,Debit Card,Paid,13448.7
3726,1590,2024-07-24,Credit Card,Paid,4563.2
3727,16166,2024-07-24,UPI,Paid,59623.3
3728,22039,2024-07-24,UPI,Paid,81228.0
3729,11370,2024-07-24,Cash on Delivery,Paid,33881.75
3730,13498,2024-07-24,UPI,Paid,17010.55
3731,1957,2024-07-25,UPI,Paid,8688.0
3732,21970,2024-07-25,UPI,Paid,72420.6
3733,6766,2024-07-25,UPI,Paid,194980.3
3734,3141,2024-07-25,Cash on Delivery,Paid,17376.0
3735,2054,2024-07-25,UPI,Paid,28138.4
3736,14501,2024-07-25,Credit Card,Paid,72683.4
3737,21740,2024-07-25,UPI,Paid,89042.4
3738,23047,2024-07-25,Net Banking,Paid,4265.0
3739,21611,2024-07-25,Credit Card,Paid,6059.9
3740,8193,2024-07-25,UPI,Paid,12439.5
3741,5009,2024-07-25,Debit Card,Paid,8818.85
3742,3707,2024-07-25,Credit Card,Paid,31757.1
3743,2533,2024-07-25,Cash on Delivery,Paid,24888.8
3744,21869,2024-07-25,Net Banking,Paid,83090.0
3745,7574,2024-07-26,Cash on Delivery,Paid,70893.75
3746,15853,2024-07-26,Credit Card,Paid,24546.0
3747,12857,2024-07-26,Credit Card,Paid,64265.6
3748,10559,2024-07-26,Net Banking,Paid,8839.15
3749,22624,2024-07-26,UPI,Paid,37905.6
3750,12876,2024-07-26,UPI,Paid,16099.85
3751,15417,2024-07-26,Credit Card,Paid,133390.2
3752,7693,2024-07-26,Cash on Delivery,Paid,35665.0
3753,17872,2024-07-26,Cash on Delivery,Paid,31826.2
3754,7885,2024-07-26,Cash on Delivery,Paid,5652.0
3755,3400,2024-07-26,Net Banking,Paid,80865.6
3756,13497,2024-07-26,Debit Card,Paid,311.25
3757,10336,2024-07-26,Credit Card,Paid,4711.0
3758,21985,2024-07-26,Debit Card,Paid,40131.0
3759,6161,2024-07-26,UPI,Paid,5777.25
3760,20898,2024-07-26,Cash on Delivery,Paid,2898.5
3761,23696,2024-07-26,UPI,Paid,4771.9
3762,12644,2024-07-26,UPI,Paid,25553.05
3763,5514,2024-07-26,UPI,Paid,34142.8
3764,14872,2024-07-26,UPI,Paid,36993.8
3765,11227,2024-07-26,Credit Card,Paid,147334.1
3766,5925,2024-07-26,Net Banking,Paid,85287.6
3767,8711,2024-07-26,UPI,Paid,30324.2
3768,15323,2024-07-26,UPI,Paid,3410.0
3769,695,2024-07-26,Net Banking,Paid,38229.0
3770,16002,2024-07-27,Credit Card,Paid,52681.0
3771,14545,2024-07-27,UPI,Paid,38222.4
3772,13188,2024-07-27,UPI,Paid,44978.4
3773,10758,2024-07-27,UPI,Paid,27049.5
3774,17707,2024-07-27,Cash on Delivery,Paid,5418.8
3775,5483,2024-07-27,UPI,Paid,14852.8
3776,19571,2024-07-27,Debit Card,Paid,3201.6
3777,23554,2024-07-27,UPI,Paid,42602.25
3778,9451,2024-07-27,UPI,Paid,5233.95
3779,7288,2024-07-27,UPI,Paid,6138.0
3780,20927,2024-07-27,Credit Card,Paid,8657.0
3781,18531,2024-07-27,UPI,Paid,8657.0
3782,9559,2024-07-27,Credit Card,Paid,1165.65
3783,20886,2024-07-27,Cash on Delivery,Paid,35123.7
3784,20474,2024-07-27,Debit Card,Paid,6820.0
3785,18348,2024-07-27,UPI,Paid,153690.2
3786,622,2024-07-27,Cash on Delivery,Paid,23110.0
3787,22274,2024-07-27,Credit Card,Paid,7819.2
3788,24042,2024-07-28,Cash on Delivery,Paid,31157.45
3789,12430,2024-07-28,UPI,Paid,38324.0
3790,6070,2024-07-28,UPI,Paid,5418.0
3791,11880,2024-07-28,UPI,Paid,14512.9
3792,13448,2024-07-28,UPI,Paid,219221.2
3793,9441,2024-07-28,Net Banking,Paid,6039.0
3794,11454,2024-07-28,UPI,Paid,2684.0
3795,24262,2024-07-28,UPI,Paid,151648.5
3796,12192,2024-07-28,Debit Card,Paid,96903.3
3797,20310,2024-07-28,Cash on Delivery,Paid,42407.05
3798,12064,2024-07-28,UPI,Paid,4928.0
3799,14336,2024-07-28,UPI,Paid,9154.55
3800,2460,2024-07-28,Cash on Delivery,Paid,80383.6
3801,15776,2024-07-28,UPI,Paid,415.0
3802,11521,2024-07-28,Cash on Delivery,Paid,47670.6
3803,4121,2024-07-28,UPI,Paid,4186.65
3804,2015,2024-07-28,Net Banking,Paid,82573.5
3805,22477,2024-07-28,UPI,Paid,104475.0
3806,6752,2024-07-29,UPI,Paid,126115.5
3807,6755,2024-07-29,Debit Card,Paid,10174.5
3808,17278,2024-07-29,UPI,Paid,208946.2
3809,14066,2024-07-29,Credit Card,Paid,55849.6
3810,13189,2024-07-29,Credit Card,Paid,7677.0
3811,17450,2024-07-29,Credit Card,Paid,28731.7
3812,18189,2024-07-29,UPI,Paid,15201.75
3813,8791,2024-07-29,Credit Card,Paid,30032.35
3814,1592,2024-07-29,Credit Card,Paid,38269.5
3815,545,2024-07-29,Credit Card,Paid,4707.0
3816,16657,2024-07-29,UPI,Paid,6578.75
3817,6270,2024-07-29,Credit Card,Paid,12719.7
3818,182,2024-07-29,Debit Card,Paid,15130.05
3819,20507,2024-07-29,Debit Card,Paid,64569.2
3820,20305,2024-07-29,Debit Card,Paid,7619.4
3821,11452,2024-07-30,UPI,Paid,63431.25
3822,8304,2024-07-30,Debit Card,Paid,2428.2
3823,19563,2024-07-30,UPI,Paid,116779.8
3824,16818,2024-07-30,UPI,Paid,30421.8
3825,14799,2024-07-30,Net Banking,Paid,35271.6
3826,21968,2024-07-30,Net Banking,Paid,8097.1
3827,12091,2024-07-30,UPI,Paid,3229.15
3828,15107,2024-07-30,Credit Card,Paid,6689.3
3829,18541,2024-07-30,Net Banking,Paid,25200.6
3830,12885,2024-07-31,Debit Card,Paid,11557.8
3831,8886,2024-07-31,UPI,Paid,83090.0
3832,24855,2024-07-31,Credit Card,Paid,54083.2
3833,18233,2024-07-31,Cash on Delivery,Paid,26299.35
3834,4587,2024-07-31,UPI,Paid,6925.6
3835,23582,2024-07-31,UPI,Paid,24988.0
3836,23477,2024-07-31,UPI,Paid,7706.6
3837,341,2024-07-31,Cash on Delivery,Paid,28138.4
3838,24150,2024-07-31,UPI,Paid,12342.6
3839,19237,2024-07-31,Cash on Delivery,Paid,6925.0
3840,20820,2024-08-01,UPI,Paid,65259.3
3841,17757,2024-08-01,UPI,Paid,185735.0
3842,17782,2024-08-01,Cash on Delivery,Paid,1997.8
3843,2223,2024-08-01,Net Banking,Paid,91218.45
3844,24209,2024-08-01,Cash on Delivery,Paid,147167.1
3845,24430,2024-08-01,Net Banking,Paid,24472.6
3846,7081,2024-08-01,Cash on Delivery,Paid,13214.6
3847,13924,2024-08-01,Credit Card,Paid,31874.6
3848,12875,2024-08-01,Credit Card,Paid,75138.0
3849,6587,2024-08-01,Credit Card,Paid,29999.1
3850,20794,2024-08-01,Credit Card,Paid,28523.0
3851,10398,2024-08-01,Cash on Delivery,Paid,29442.55
3852,13533,2024-08-01,UPI,Paid,21588.3
3853,14857,2024-08-01,Credit Card,Paid,8495.1
3854,4931,2024-08-01,Credit Card,Paid,58850.8
3855,1196,2024-08-01,Debit Card,Paid,33100.2
3856,17293,2024-08-01,UPI,Paid,58207.45
3857,2396,2024-08-01,Credit Card,Paid,4876.35
3858,1250,2024-08-02,Net Banking,Paid,35665.0
3859,19510,2024-08-02,UPI,Paid,3625.25
3860,2219,2024-08-02,UPI,Paid,4521.6
3861,2481,2024-08-02,Credit Card,Paid,7335.75
3862,6884,2024-08-02,Credit Card,Paid,106863.2
3863,23421,2024-08-02,UPI,Paid,13197.85
3864,8831,2024-08-02,Net Banking,Paid,33479.25
3865,8274,2024-08-02,Debit Card,Paid,1047.75
3866,18901,2024-08-02,UPI,Paid,8042.7
3867,12750,2024-08-02,UPI,Paid,52923.05
3868,15100,2024-08-02,Credit Card,Paid,22168.8
3869,10988,2024-08-02,UPI,Paid,55766.85
3870,22228,2024-08-02,UPI,Paid,2217.6
3871,6619,2024-08-02,Credit Card,Paid,2459.2
3872,17908,2024-08-02,Credit Card,Paid,68616.45
3873,9542,2024-08-02,Debit Card,Paid,2563.1
3874,9135,2024-08-02,Net Banking,Paid,79409.5
3875,7662,2024-08-02,UPI,Paid,50424.75
3876,7365,2024-08-02,Debit Card,Paid,6973.0
3877,19405,2024-08-02,UPI,Paid,116056.3
3878,22687,2024-08-03,UPI,Paid,66345.15
3879,20104,2024-08-03,UPI,Paid,1537.0
3880,19905,2024-08-03,Credit Card,Paid,20336.5
3881,374,2024-08-03,UPI,Paid,28772.0
3882,20385,2024-08-03,Cash on Delivery,Paid,74625.0
3883,21009,2024-08-03,UPI,Paid,4066.95
3884,23100,2024-08-03,UPI,Paid,9445.25
3885,4851,2024-08-03,Credit Card,Paid,27972.6
3886,22419,2024-08-03,Credit Card,Paid,3807.6
3887,15097,2024-08-03,Credit Card,Paid,6805.4
3888,69,2024-08-03,Credit Card,Paid,28235.15
3889,9732,2024-08-03,Net Banking,Paid,189894.4
3890,11501,2024-08-03,Cash on Delivery,Paid,4239.9
3891,6524,2024-08-03,Credit Card,Paid,40348.8
3892,17638,2024-08-03,Credit Card,Paid,11009.0
3893,20919,2024-08-03,Cash on Delivery,Paid,27041.6
3894,12806,2024-08-03,UPI,Paid,15510.05
3895,17603,2024-08-03,Cash on Delivery,Paid,226721.7
3896,20541,2024-08-03,UPI,Paid,2811.0
3897,16888,2024-08-03,Debit Card,Paid,40193.1
3898,14476,2024-08-04,UPI,Paid,136060.05
3899,15027,2024-08-04,UPI,Paid,20179.8
3900,20900,2024-08-04,UPI,Paid,4768.05
3901,632,2024-08-04,Net Banking,Paid,36167.5
3902,6530,2024-08-04,Credit Card,Paid,60921.0
3903,8435,2024-08-04,Debit Card,Paid,5418.0
3904,18218,2024-08-04,UPI,Paid,41612.7
3905,10595,2024-08-04,Credit Card,Paid,209622.2
3906,378,2024-08-04,Cash on Delivery,Paid,8818.85
3907,23907,2024-08-04,Cash on Delivery,Paid,56960.1
3908,9377,2024-08-04,UPI,Paid,13640.15
3909,7704,2024-08-04,UPI,Paid,3626.15
3910,23363,2024-08-04,UPI,Paid,16456.3
3911,1792,2024-08-04,UPI,Paid,8608.75
3912,14805,2024-08-04,Cash on Delivery,Paid,34101.0
3913,6852,2024-08-04,UPI,Paid,14427.5
3914,10878,2024-08-04,Cash on Delivery,Paid,38600.8
3915,16437,2024-08-04,Debit Card,Paid,53786.4
3916,8293,2024-08-04,UPI,Paid,60135.3
3917,22018,2024-08-04,UPI,Paid,56320.2
3918,13425,2024-08-05,UPI,Paid,1250.0
3919,4658,2024-08-05,UPI,Paid,1421.6
3920,14112,2024-08-05,UPI,Paid,28731.7
3921,13656,2024-08-05,Credit Card,Paid,20822.05
3922,24247,2024-08-05,Credit Card,Paid,45785.65
3923,1421,2024-08-05,Net Banking,Paid,35924.8
3924,4047,2024-08-05,Debit Card,Paid,6295.0
3925,603,2024-08-05,Cash on Delivery,Paid,5126.25
3926,6069,2024-08-05,UPI,Paid,13892.1
3927,18809,2024-08-05,UPI,Paid,22295.0
3928,1097,2024-08-05,UPI,Paid,22893.15
3929,4738,2024-08-05,UPI,Paid,7446.85
3930,8485,2024-08-05,UPI,Paid,253697.2
3931,5531,2024-08-05,Debit Card,Paid,24988.0
3932,21672,2024-08-05,UPI,Paid,8149.8
3933,5738,2024-08-05,Net Banking,Paid,12527.3
3934,11022,2024-08-05,Credit Card,Paid,91889.15
3935,17141,2024-08-05,Debit Card,Paid,75631.4
3936,2035,2024-08-06,Credit Card,Paid,6135.3
3937,13234,2024-08-06,Credit Card,Paid,14948.0
3938,11072,2024-08-06,Net Banking,Paid,8666.25
3939,21698,2024-08-06,Credit Card,Paid,7254.9
3940,23548,2024-08-06,Debit Card,Paid,36071.7
3941,107,2024-08-06,Credit Card,Paid,205531.2
3942,5501,2024-08-06,UPI,Paid,16709.4
3943,174,2024-08-06,Credit Card,Paid,65590.0
3944,23765,2024-08-06,Credit Card,Paid,59361.45
3945,14412,2024-08-06,Cash on Delivery,Paid,15439.5
3946,23004,2024-08-06,UPI,Paid,31122.0
3947,10843,2024-08-06,Cash on Delivery,Paid,51756.6
3948,4788,2024-08-06,Cash on Delivery,Paid,286964.1
3949,9608,2024-08-06,Cash on Delivery,Paid,9283.0
3950,16482,2024-08-06,UPI,Paid,33845.0
3951,14407,2024-08-06,UPI,Paid,83090.0
3952,14281,2024-08-06,UPI,Paid,47268.8
3953,14302,2024-08-06,Cash on Delivery,Paid,17836.0
3954,1545,2024-08-07,UPI,Paid,47286.0
3955,11994,2024-08-07,UPI,Paid,57203.75
3956,11841,2024-08-07,UPI,Paid,51137.2
3957,18662,2024-08-07,UPI,Paid,21508.4
3958,9162,2024-08-07,Credit Card,Paid,25798.8
3959,6459,2024-08-07,Credit Card,Paid,4106.4
3960,10431,2024-08-07,Credit Card,Paid,18313.2
3961,24620,2024-08-07,UPI,Paid,15261.0
3962,18446,2024-08-07,Debit Card,Paid,40996.2
3963,12121,2024-08-07,Credit Card,Paid,79909.8
3964,9213,2024-08-07,Cash on Delivery,Paid,18044.8
3965,20630,2024-08-07,UPI,Paid,123126.35
3966,12838,2024-08-07,Credit Card,Paid,65042.9
3967,13934,2024-08-07,Cash on Delivery,Paid,20800.0
3968,9509,2024-08-07,UPI,Paid,80108.25
3969,21815,2024-08-07,Cash on Delivery,Paid,8895.45
3970,793,2024-08-07,UPI,Paid,23661.4
3971,17996,2024-08-07,Credit Card,Paid,2698.0
3972,12320,2024-08-07,UPI,Paid,1545.65
3973,16794,2024-08-07,Cash on Delivery,Paid,3435.3
3974,5437,2024-08-07,Credit Card,Paid,415.0
3975,9517,2024-08-07,Net Banking,Paid,5578.4
3976,24966,2024-08-08,Cash on Delivery,Paid,155449.1
3977,12245,2024-08-08,UPI,Paid,143745.6
3978,12606,2024-08-08,UPI,Paid,6169.05
3979,11727,2024-08-08,UPI,Paid,23738.6
3980,24099,2024-08-08,Net Banking,Paid,1397.0
3981,6152,2024-08-08,Credit Card,Paid,112952.05
3982,778,2024-08-08,Credit Card,Paid,4116.1
3983,16220,2024-08-08,Cash on Delivery,Paid,28875.25
3984,19940,2024-08-08,Debit Card,Paid,16709.4
3985,24219,2024-08-08,Credit Card,Paid,10437.95
3986,17628,2024-08-08,Cash on Delivery,Paid,3679.35
3987,20436,2024-08-08,UPI,Paid,23716.1
3988,17268,2024-08-08,UPI,Paid,5967.15
3989,864,2024-08-08,Net Banking,Paid,45203.0
3990,13858,2024-08-08,UPI,Paid,85114.8
3991,18134,2024-08-08,UPI,Paid,4531.35
3992,19786,2024-08-08,UPI,Paid,86229.45
3993,18649,2024-08-09,Cash on Delivery,Paid,14781.7
3994,24881,2024-08-09,Credit Card,Paid,543.0
3995,18305,2024-08-09,UPI,Paid,4578.3
3996,4924,2024-08-09,UPI,Paid,20509.4
3997,10305,2024-08-09,Debit Card,Paid,4876.2
3998,1189,2024-08-09,UPI,Paid,83237.7
3999,14720,2024-08-09,UPI,Paid,3626.4
4000,21789,2024-08-09,UPI,Paid,23545.0
4001,21040,2024-08-09,Cash on Delivery,Paid,8950.9
4002,2261,2024-08-09,Net Banking,Paid,6772.8
4003,23838,2024-08-09,Credit Card,Paid,12244.05
4004,12228,2024-08-09,UPI,Paid,77363.25
4005,18925,2024-08-09,Credit Card,Paid,1738.0
4006,6179,2024-08-09,Cash on Delivery,Paid,24468.0
4007,20629,2024-08-10,Credit Card,Paid,81228.0
4008,6799,2024-08-10,Credit Card,Paid,99767.75
4009,16347,2024-08-10,Debit Card,Paid,111937.5
4010,14797,2024-08-10,UPI,Paid,235.45
4011,17316,2024-08-10,Cash on Delivery,Paid,56392.4
4012,12389,2024-08-10,Net Banking,Paid,1104.3
4013,22386,2024-08-10,Credit Card,Paid,13091.4
4014,22185,2024-08-10,UPI,Paid,18412.7
4015,3523,2024-08-10,Debit Card,Paid,16254.0
4016,7085,2024-08-10,Credit Card,Paid,4586.6
4017,15859,2024-08-10,Credit Card,Paid,68550.35
4018,9287,2024-08-10,Credit Card,Paid,373.5
4019,5628,2024-08-10,Debit Card,Paid,58077.2
4020,18313,2024-08-10,UPI,Paid,2244.0
4021,13276,2024-08-10,Cash on Delivery,Paid,26087.2
4022,1187,2024-08-10,UPI,Paid,3414.0
4023,1586,2024-08-10,UPI,Paid,20243.2
4024,17576,2024-08-10,Debit Card,Paid,6493.25
4025,22731,2024-08-10,Net Banking,Paid,5133.0
4026,13369,2024-08-10,Debit Card,Paid,14948.0
4027,7768,2024-08-11,Cash on Delivery,Paid,5133.6
4028,18404,2024-08-11,Credit Card,Paid,13050.9
4029,18253,2024-08-11,UPI,Paid,103172.0
4030,21340,2024-08-11,Credit Card,Paid,6498.1
4031,20882,2024-08-11,Net Banking,Paid,81315.65
4032,8239,2024-08-11,UPI,Paid,94764.0
4033,24540,2024-08-11,Cash on Delivery,Paid,5605.5
4034,16806,2024-08-11,UPI,Paid,6809.0
4035,7966,2024-08-11,UPI,Paid,53696.65
4036,16290,2024-08-11,Debit Card,Paid,5418.0
4037,15333,2024-08-11,Credit Card,Paid,201.45
4038,15322,2024-08-11,UPI,Paid,50629.6
4039,23992,2024-08-11,Debit Card,Paid,88458.0
4040,8441,2024-08-11,UPI,Paid,97926.4
4041,18996,2024-08-11,Cash on Delivery,Paid,41598.0
4042,11736,2024-08-11,Cash on Delivery,Paid,3072.6
4043,22628,2024-08-12,Credit Card,Paid,13946.0
4044,6765,2024-08-12,Credit Card,Paid,111937.5
4045,11961,2024-08-12,Net Banking,Paid,62687.6
4046,11627,2024-08-12,Debit Card,Paid,5798.0
4047,11809,2024-08-12,Credit Card,Paid,46349.35
4048,4140,2024-08-12,Net Banking,Paid,3187.25
4049,2183,2024-08-12,UPI,Paid,30965.0
4050,15237,2024-08-12,Credit Card,Paid,56361.6
4051,22977,2024-08-12,Cash on Delivery,Paid,32648.5
4052,22781,2024-08-12,Credit Card,Paid,2151.8
4053,2146,2024-08-12,Credit Card,Paid,3592.0
4054,11814,2024-08-12,UPI,Paid,5794.45
4055,12362,2024-08-12,Net Banking,Paid,18217.1
4056,18759,2024-08-12,UPI,Paid,6358.6
4057,8189,2024-08-12,Credit Card,Paid,40193.1
4058,6976,2024-08-12,Debit Card,Paid,30802.8
4059,16780,2024-08-13,UPI,Paid,6329.85
4060,5256,2024-08-13,Cash on Delivery,Paid,24539.0
4061,19462,2024-08-13,Credit Card,Paid,82681.2
4062,215,2024-08-13,Credit Card,Paid,60969.6
4063,16441,2024-08-13,UPI,Paid,4768.05
4064,2567,2024-08-13,UPI,Paid,16454.3
4065,14484,2024-08-13,UPI,Paid,15350.9
4066,24732,2024-08-13,UPI,Paid,34833.85
4067,24038,2024-08-13,Credit Card,Paid,14200.6
4068,3639,2024-08-13,UPI,Paid,15781.1
4069,20394,2024-08-13,UPI,Paid,4306.35
4070,5041,2024-08-13,UPI,Paid,1229.6
4071,5415,2024-08-13,Credit Card,Paid,10295.45
4072,23272,2024-08-13,Credit Card,Paid,53554.25
4073,18089,2024-08-13,UPI,Paid,4002.0
4074,24665,2024-08-13,UPI,Paid,5590.15
4075,20538,2024-08-14,Credit Card,Paid,4524.85
4076,14847,2024-08-14,UPI,Paid,4079.7
4077,19274,2024-08-14,Credit Card,Paid,60243.0
4078,4997,2024-08-14,Cash on Delivery,Paid,7480.8
4079,17552,2024-08-14,UPI,Paid,63584.45
4080,20576,2024-08-14,Credit Card,Paid,3533.25
4081,3653,2024-08-14,Credit Card,Paid,2731.2
4082,3602,2024-08-14,Credit Card,Paid,21392.4
4083,23641,2024-08-14,UPI,Paid,183236.1
4084,16559,2024-08-14,UPI,Paid,135485.65
4085,12418,2024-08-14,Debit Card,Paid,60529.65
4086,9710,2024-08-14,UPI,Paid,72298.45
4087,16741,2024-08-14,UPI,Paid,11557.8
4088,8656,2024-08-14,UPI,Paid,111305.7
4089,3576,2024-08-14,UPI,Paid,1397.0
4090,3230,2024-08-14,Cash on Delivery,Paid,161583.0
4091,9516,2024-08-14,Debit Card,Paid,8821.6
4092,7239,2024-08-14,Credit Card,Paid,23120.6
4093,1012,2024-08-14,UPI,Paid,3998.7
4094,6153,2024-08-14,UPI,Paid,7606.8
4095,14715,2024-08-14,UPI,Paid,85498.2
4096,15367,2024-08-14,UPI,Paid,13472.6
4097,18275,2024-08-14,UPI,Paid,77679.8
4098,14641,2024-08-14,UPI,Paid,46994.6
4099,21182,2024-08-14,Cash on Delivery,Paid,3368.8
4100,1793,2024-08-14,UPI,Paid,13091.4
4101,3948,2024-08-14,Net Banking,Paid,75029.45
4102,13653,2024-08-14,UPI,Paid,51418.0
4103,9911,2024-08-14,Credit Card,Paid,51551.7
4104,21626,2024-08-14,UPI,Paid,13061.7
4105,15430,2024-08-15,Credit Card,Paid,9695.0
4106,24044,2024-08-15,UPI,Paid,99484.1
4107,15881,2024-08-15,Debit Card,Paid,2331.3
4108,6965,2024-08-15,UPI,Paid,6339.0
4109,24146,2024-08-15,UPI,Paid,15606.5
4110,9073,2024-08-15,Cash on Delivery,Paid,7480.8
4111,514,2024-08-15,UPI,Paid,40274.7
4112,163,2024-08-15,Credit Card,Paid,4316.8
4113,2202,2024-08-15,UPI,Paid,4306.35
4114,17693,2024-08-15,Cash on Delivery,Paid,5133.6
4115,16065,2024-08-15,UPI,Paid,100230.35
4116,13065,2024-08-15,Credit Card,Paid,13764.1
4117,13032,2024-08-15,Debit Card,Paid,4306.35
4118,7944,2024-08-15,Credit Card,Paid,65405.0
4119,20870,2024-08-15,UPI,Paid,51520.5
4120,5626,2024-08-15,UPI,Paid,3525.6
4121,8488,2024-08-15,UPI,Paid,11563.8
4122,4661,2024-08-15,Cash on Delivery,Paid,6492.75
4123,21265,2024-08-15,Cash on Delivery,Paid,37905.6
4124,24356,2024-08-15,UPI,Paid,8339.4
4125,19686,2024-08-15,UPI,Paid,68651.8
4126,19185,2024-08-16,Cash on Delivery,Paid,33845.0
4127,5445,2024-08-16,UPI,Paid,23110.0
4128,16165,2024-08-16,UPI,Paid,1104.3
4129,12855,2024-08-16,Debit Card,Paid,136358.7
4130,7844,2024-08-16,Debit Card,Paid,99995.8
4131,13733,2024-08-16,Debit Card,Paid,74625.0
4132,17317,2024-08-16,Credit Card,Paid,125248.0
4133,21366,2024-08-16,Cash on Delivery,Paid,673.6
4134,17238,2024-08-16,Debit Card,Paid,63431.25
4135,5262,2024-08-16,Credit Card,Paid,207.75
4136,6194,2024-08-16,Cash on Delivery,Paid,16360.8
4137,11177,2024-08-16,Credit Card,Paid,72302.4
4138,16057,2024-08-16,Cash on Delivery,Paid,21769.35
4139,4556,2024-08-16,Credit Card,Paid,35893.65
4140,9561,2024-08-16,Credit Card,Paid,12094.4
4141,17145,2024-08-16,UPI,Paid,2217.6
4142,18675,2024-08-16,UPI,Paid,977.4
4143,9358,2024-08-17,Credit Card,Paid,12796.6
4144,21252,2024-08-17,UPI,Paid,4475.45
4145,13599,2024-08-17,Net Banking,Paid,9388.6
4146,4466,2024-08-17,Credit Card,Paid,9631.5
4147,7274,2024-08-17,Credit Card,Paid,7256.45
4148,20188,2024-08-17,UPI,Paid,30626.1
4149,12376,2024-08-17,Net Banking,Paid,14781.5
4150,10527,2024-08-17,UPI,Paid,28521.25
4151,23873,2024-08-17,Credit Card,Paid,3019.5
4152,7351,2024-08-17,Debit Card,Paid,6732.0
4153,1215,2024-08-17,Debit Card,Paid,6973.0
4154,12048,2024-08-17,Debit Card,Paid,13079.3
4155,14096,2024-08-17,UPI,Paid,37924.2
4156,6591,2024-08-17,UPI,Paid,5468.0
4157,418,2024-08-17,Net Banking,Paid,84039.0
4158,7468,2024-08-17,Credit Card,Paid,2565.0
4159,12734,2024-08-17,UPI,Paid,543.0
4160,17470,2024-08-18,Net Banking,Paid,68581.4
4161,14938,2024-08-18,UPI,Paid,6458.3
4162,6458,2024-08-18,Cash on Delivery,Paid,43425.9
4163,10886,2024-08-18,Debit Card,Paid,4025.15
4164,2936,2024-08-18,UPI,Paid,41310.45
4165,3933,2024-08-18,Credit Card,Paid,3173.1
4166,11591,2024-08-18,Cash on Delivery,Paid,54622.4
4167,8150,2024-08-18,UPI,Paid,8001.9
4168,13370,2024-08-18,Credit Card,Paid,47675.7
4169,22471,2024-08-18,Credit Card,Paid,29226.15
4170,10648,2024-08-18,Credit Card,Paid,15970.8
4171,23375,2024-08-18,UPI,Paid,11588.9
4172,4680,2024-08-18,Cash on Delivery,Paid,15887.2
4173,8090,2024-08-18,Credit Card,Paid,9430.6
4174,21913,2024-08-18,UPI,Paid,9121.05
4175,22171,2024-08-18,Debit Card,Paid,64161.6
4176,10975,2024-08-18,Credit Card,Paid,20776.8
4177,15765,2024-08-18,Credit Card,Paid,4832.65
4178,18072,2024-08-18,UPI,Paid,17016.25
4179,22968,2024-08-19,Debit Card,Paid,75021.95
4180,9894,2024-08-19,UPI,Paid,8365.9
4181,10822,2024-08-19,Credit Card,Paid,12842.0
4182,5213,2024-08-19,Credit Card,Paid,2890.75
4183,21430,2024-08-19,Cash on Delivery,Paid,23171.55
4184,13734,2024-08-19,Debit Card,Paid,8967.05
4185,4144,2024-08-19,Net Banking,Paid,31182.3
4186,230,2024-08-19,Credit Card,Paid,23481.35
4187,12388,2024-08-19,UPI,Paid,35949.0
4188,16388,2024-08-19,Cash on Delivery,Paid,6468.55
4189,14042,2024-08-19,Net Banking,Paid,24183.0
4190,16216,2024-08-19,Credit Card,Paid,59157.9
4191,10774,2024-08-19,Cash on Delivery,Paid,7719.6
4192,22852,2024-08-19,UPI,Paid,17314.0
4193,14051,2024-08-19,Cash on Delivery,Paid,3543.5
4194,6939,2024-08-19,UPI,Paid,113920.2
4195,16756,2024-08-19,UPI,Paid,8948.2
4196,22788,2024-08-19,UPI,Paid,7100.3
4197,24107,2024-08-20,Credit Card,Paid,24038.8
4198,5710,2024-08-20,UPI,Paid,1047.75
4199,2151,2024-08-20,UPI,Paid,15227.1
4200,23811,2024-08-20,Cash on Delivery,Paid,71246.3
4201,8976,2024-08-20,UPI,Paid,7028.15
4202,2932,2024-08-20,UPI,Paid,35987.9
4203,22501,2024-08-20,UPI,Paid,3069.0
4204,19951,2024-08-20,Credit Card,Paid,9322.55
4205,5294,2024-08-20,UPI,Paid,11156.45
4206,6494,2024-08-20,UPI,Paid,62724.9
4207,13463,2024-08-20,Credit Card,Paid,4239.9
4208,11639,2024-08-20,UPI,Paid,7517.8
4209,8497,2024-08-20,UPI,Paid,39574.4
4210,13283,2024-08-20,Debit Card,Paid,63551.0
4211,24618,2024-08-20,UPI,Paid,152594.9
4212,8475,2024-08-20,UPI,Paid,85957.25
4213,6000,2024-08-20,UPI,Paid,10428.5
4214,21589,2024-08-20,UPI,Paid,61271.0
4215,2466,2024-08-20,UPI,Paid,20298.2
4216,23512,2024-08-20,Cash on Delivery,Paid,202803.05
4217,16615,2024-08-20,Debit Card,Paid,39185.5
4218,19877,2024-08-20,Cash on Delivery,Paid,21666.4
4219,8060,2024-08-20,Credit Card,Paid,130506.2
4220,1706,2024-08-20,UPI,Paid,20457.3
4221,11082,2024-08-20,Debit Card,Paid,3626.4
4222,10646,2024-08-20,Debit Card,Paid,96920.0
4223,18010,2024-08-20,Net Banking,Paid,15366.6
4224,23949,2024-08-20,Cash on Delivery,Paid,4586.6
4225,9241,2024-08-21,Cash on Delivery,Paid,33835.1
4226,18210,2024-08-21,Credit Card,Paid,49833.35
4227,9562,2024-08-21,UPI,Paid,64319.9
4228,16242,2024-08-21,UPI,Paid,17429.25
4229,7005,2024-08-21,UPI,Paid,5605.5
4230,7626,2024-08-21,UPI,Paid,113562.4
4231,6610,2024-08-21,Debit Card,Paid,1651.1
4232,19976,2024-08-21,Cash on Delivery,Paid,8666.25
4233,10454,2024-08-21,Debit Card,Paid,7646.8
4234,23985,2024-08-21,UPI,Paid,43870.2
4235,595,2024-08-21,UPI,Paid,7404.0
4236,24050,2024-08-21,Net Banking,Paid,11020.0
4237,4338,2024-08-21,UPI,Paid,13946.0
4238,22234,2024-08-21,UPI,Paid,5147.1
4239,21601,2024-08-22,Credit Card,Paid,151495.0
4240,7371,2024-08-22,UPI,Paid,5578.4
4241,6204,2024-08-22,UPI,Paid,33720.55
4242,14380,2024-08-22,UPI,Paid,101436.3
4243,5076,2024-08-22,UPI,Paid,14852.8
4244,24778,2024-08-22,UPI,Paid,3799.0
4245,11979,2024-08-22,Net Banking,Paid,15935.6
4246,4685,2024-08-22,Credit Card,Paid,3817.0
4247,12984,2024-08-22,Credit Card,Paid,36060.0
4248,4444,2024-08-22,Debit Card,Paid,62211.8
4249,24973,2024-08-22,UPI,Paid,6991.8
4250,18720,2024-08-22,Credit Card,Paid,108288.0
4251,11557,2024-08-22,Cash on Delivery,Paid,16586.0
4252,12602,2024-08-23,UPI,Paid,10225.5
4253,1024,2024-08-23,Cash on Delivery,Paid,5578.4
4254,22703,2024-08-23,Cash on Delivery,Paid,60312.25
4255,11250,2024-08-23,Credit Card,Paid,6465.6
4256,12098,2024-08-23,Credit Card,Paid,11104.6
4257,4294,2024-08-23,UPI,Paid,12103.8
4258,5091,2024-08-23,UPI,Paid,22698.6
4259,23080,2024-08-23,Net Banking,Paid,4237.0
4260,9363,2024-08-23,UPI,Paid,29688.35
4261,13191,2024-08-23,Debit Card,Paid,6607.3
4262,3481,2024-08-23,Cash on Delivery,Paid,10530.6
4263,20463,2024-08-23,Net Banking,Paid,3321.0
4264,1976,2024-08-23,UPI,Paid,6973.0
4265,667,2024-08-23,Cash on Delivery,Paid,4407.0
4266,16254,2024-08-23,UPI,Paid,15632.7
4267,4705,2024-08-23,Cash on Delivery,Paid,8415.9
4268,23231,2024-08-23,UPI,Paid,9311.75
4269,192,2024-08-23,Credit Card,Paid,61824.6
4270,10546,2024-08-24,Credit Card,Paid,74673.2
4271,16122,2024-08-24,Cash on Delivery,Paid,10399.0
4272,17575,2024-08-24,Debit Card,Paid,6743.7
4273,8725,2024-08-24,Net Banking,Paid,1070.25
4274,15820,2024-08-24,Net Banking,Paid,4323.95
4275,9532,2024-08-24,Credit Card,Paid,3355.0
4276,7025,2024-08-24,Credit Card,Paid,6352.9
4277,9238,2024-08-24,UPI,Paid,24930.0
4278,17978,2024-08-24,UPI,Paid,57091.5
4279,365,2024-08-24,Cash on Delivery,Paid,106349.2
4280,5841,2024-08-24,UPI,Paid,93217.8
4281,8191,2024-08-24,Cash on Delivery,Paid,48400.7
4282,10869,2024-08-24,UPI,Paid,50209.4
4283,14917,2024-08-24,Cash on Delivery,Paid,8476.6
4284,12783,2024-08-24,Credit Card,Paid,10386.85
4285,14991,2024-08-24,Credit Card,Paid,29052.3
4286,2548,2024-08-24,Credit Card,Paid,28507.3
4287,5816,2024-08-24,UPI,Paid,35769.0
4288,2884,2024-08-25,Credit Card,Paid,13449.5
4289,699,2024-08-25,UPI,Paid,77495.3
4290,4876,2024-08-25,UPI,Paid,17795.6
4291,15973,2024-08-25,UPI,Paid,6726.6
4292,24667,2024-08-25,Cash on Delivery,Paid,24130.45
4293,20868,2024-08-25,Credit Card,Paid,46221.85
4294,18228,2024-08-25,UPI,Paid,22817.4
4295,19413,2024-08-25,Debit Card,Paid,39989.3
4296,15156,2024-08-25,UPI,Paid,15825.6
4297,24708,2024-08-25,UPI,Paid,40839.0
4298,18882,2024-08-25,Debit Card,Paid,39843.2
4299,18211,2024-08-25,Credit Card,Paid,49548.15
4300,23292,2024-08-25,Net Banking,Paid,3764.4
4301,13290,2024-08-25,Net Banking,Paid,29793.6
4302,8917,2024-08-25,UPI,Paid,20220.0
4303,4523,2024-08-25,Credit Card,Paid,105796.3
4304,14421,2024-08-25,Net Banking,Paid,5231.8
4305,23158,2024-08-25,Debit Card,Paid,12559.1
4306,22931,2024-08-25,Debit Card,Paid,67744.0
4307,8048,2024-08-26,UPI,Paid,13599.0
4308,13768,2024-08-26,Cash on Delivery,Paid,94424.1
4309,11816,2024-08-26,UPI,Paid,3792.6
4310,24072,2024-08-26,Debit Card,Paid,5229.75
4311,9136,2024-08-26,Cash on Delivery,Paid,7256.45
4312,3657,2024-08-26,Debit Card,Paid,27097.6
4313,20325,2024-08-26,Cash on Delivery,Paid,4876.2
4314,7664,2024-08-26,UPI,Paid,7474.0
4315,7416,2024-08-26,UPI,Paid,36250.35
4316,21347,2024-08-26,UPI,Paid,4306.35
4317,143,2024-08-26,UPI,Paid,60619.05
4318,18373,2024-08-26,UPI,Paid,8943.3
4319,17692,2024-08-26,Debit Card,Paid,6039.0
4320,18510,2024-08-26,UPI,Paid,13248.7
4321,20449,2024-08-26,Cash on Delivery,Paid,5798.0
4322,4659,2024-08-26,Credit Card,Paid,116623.0
4323,10912,2024-08-26,UPI,Paid,3069.0
4324,23580,2024-08-26,UPI,Paid,51283.7
4325,1696,2024-08-26,UPI,Paid,153238.3
4326,5094,2024-08-26,UPI,Paid,13217.25
4327,1992,2024-08-26,UPI,Paid,3419.1
4328,8001,2024-08-26,UPI,Paid,147587.4
4329,21636,2024-08-26,Debit Card,Paid,26017.75
4330,15146,2024-08-26,UPI,Paid,12270.6
4331,7241,2024-08-26,Credit Card,Paid,9351.0
4332,13306,2024-08-27,Credit Card,Paid,57316.2
4333,728,2024-08-27,Credit Card,Paid,119285.1
4334,11733,2024-08-27,Debit Card,Paid,305559.9
4335,17253,2024-08-27,UPI,Paid,94764.0
4336,8294,2024-08-27,Net Banking,Paid,18527.0
4337,9317,2024-08-27,Credit Card,Paid,22831.0
4338,21343,2024-08-27,Cash on Delivery,Paid,16721.25
4339,2805,2024-08-27,UPI,Paid,20788.5
4340,14343,2024-08-27,UPI,Paid,42557.4
4341,6869,2024-08-27,UPI,Paid,72027.25
4342,754,2024-08-27,Cash on Delivery,Paid,29793.6
4343,22583,2024-08-27,UPI,Paid,149412.0
4344,24251,2024-08-27,UPI,Paid,28058.1
4345,1093,2024-08-27,UPI,Paid,4711.0
4346,20286,2024-08-27,UPI,Paid,21239.8
4347,10475,2024-08-27,Credit Card,Paid,1187.45
4348,2691,2024-08-27,UPI,Paid,12078.0
4349,22720,2024-08-27,UPI,Paid,3187.25
4350,5843,2024-08-28,Cash on Delivery,Paid,151315.2
4351,15274,2024-08-28,Debit Card,Paid,12465.0
4352,6341,2024-08-28,UPI,Paid,33835.1
4353,726,2024-08-28,Debit Card,Paid,6913.7
4354,23542,2024-08-28,Credit Card,Paid,60504.0
4355,3045,2024-08-28,Cash on Delivery,Paid,118948.9
4356,8626,2024-08-28,UPI,Paid,46980.1
4357,14474,2024-08-28,Net Banking,Paid,1738.0
4358,13982,2024-08-28,Net Banking,Paid,170601.6
4359,5748,2024-08-28,Cash on Delivery,Paid,1104.3
4360,3876,2024-08-28,Cash on Delivery,Paid,3412.0
4361,9822,2024-08-28,Credit Card,Paid,923.1
4362,18304,2024-08-28,Cash on Delivery,Paid,30820.8
4363,24297,2024-08-28,UPI,Paid,44011.4
4364,10981,2024-08-28,Debit Card,Paid,17646.25
4365,23690,2024-08-28,UPI,Paid,1165.65
4366,15626,2024-08-29,UPI,Paid,20851.2
4367,7311,2024-08-29,UPI,Paid,46819.5
4368,24795,2024-08-29,Debit Card,Paid,2728.0
4369,4865,2024-08-29,UPI,Paid,87349.5
4370,5004,2024-08-29,Debit Card,Paid,108299.0
4371,10362,2024-08-29,UPI,Paid,6803.4
4372,9598,2024-08-29,UPI,Paid,254875.5
4373,13631,2024-08-29,Net Banking,Paid,4079.7
4374,19042,2024-08-29,Cash on Delivery,Paid,89841.3
4375,2191,2024-08-29,Cash on Delivery,Paid,69385.3
4376,1724,2024-08-29,UPI,Paid,72826.2
4377,6200,2024-08-29,Credit Card,Paid,35536.5
4378,3926,2024-08-29,UPI,Paid,1047.75
4379,23981,2024-08-29,Credit Card,Paid,26456.55
4380,766,2024-08-29,UPI,Paid,31888.0
4381,19782,2024-08-29,UPI,Paid,1525.0
4382,18981,2024-08-29,Net Banking,Paid,55761.35
4383,21790,2024-08-30,UPI,Paid,219717.55
4384,13764,2024-08-30,Credit Card,Paid,12664.1
4385,4364,2024-08-30,UPI,Paid,17993.95
4386,20501,2024-08-30,UPI,Paid,16932.0
4387,12355,2024-08-30,Credit Card,Paid,12199.9
4388,17476,2024-08-30,Cash on Delivery,Paid,32111.9
4389,5929,2024-08-30,UPI,Paid,49211.25
4390,21767,2024-08-30,Net Banking,Paid,37372.05
4391,12574,2024-08-30,UPI,Paid,855.0
4392,18098,2024-08-30,Net Banking,Paid,7100.3
4393,19781,2024-08-30,Credit Card,Paid,44921.7
4394,8341,2024-08-30,Net Banking,Paid,84774.3
4395,10455,2024-08-30,Debit Card,Paid,12609.25
4396,18920,2024-08-30,Net Banking,Paid,705.5
4397,10687,2024-08-30,UPI,Paid,6135.3
4398,24771,2024-08-30,Credit Card,Paid,2023.5
4399,1458,2024-08-30,Cash on Delivery,Paid,2428.2
4400,11439,2024-08-31,Cash on Delivery,Paid,12108.0
4401,21248,2024-08-31,Cash on Delivery,Paid,28196.2
4402,16144,2024-08-31,Cash on Delivery,Paid,7446.85
4403,23415,2024-08-31,UPI,Paid,4334.4
4404,22979,2024-08-31,UPI,Paid,4306.35
4405,1568,2024-08-31,Net Banking,Paid,8737.15
4406,21302,2024-08-31,Cash on Delivery,Paid,78502.3
4407,5515,2024-08-31,Credit Card,Paid,7284.6
4408,19258,2024-08-31,UPI,Paid,6403.2
4409,24300,2024-08-31,Credit Card,Paid,1220.0
4410,5459,2024-08-31,UPI,Paid,8224.15
4411,18922,2024-08-31,UPI,Paid,2340.8
4412,6347,2024-08-31,UPI,Paid,379487.4
4413,23282,2024-08-31,Debit Card,Paid,14836.95
4414,4692,2024-08-31,Cash on Delivery,Paid,57256.05
4415,22900,2024-08-31,UPI,Paid,11156.8
4416,14866,2024-08-31,UPI,Paid,31668.9
4417,3269,2024-08-31,Cash on Delivery,Paid,20065.5
4418,16545,2024-08-31,Credit Card,Paid,106583.2
4419,3286,2024-09-01,UPI,Paid,119468.15
4420,12126,2024-09-01,UPI,Paid,9439.0
4421,14674,2024-09-01,Debit Card,Paid,7920.0
4422,18499,2024-09-01,Credit Card,Paid,34833.85
4423,18910,2024-09-01,UPI,Paid,10459.25
4424,4161,2024-09-01,UPI,Paid,6973.0
4425,21949,2024-09-01,Debit Card,Paid,1971.2
4426,18075,2024-09-01,UPI,Paid,937.5
4427,18906,2024-09-01,Cash on Delivery,Paid,216996.6
4428,18257,2024-09-01,Cash on Delivery,Paid,10738.8
4429,16917,2024-09-01,UPI,Paid,39451.8
4430,20172,2024-09-01,UPI,Paid,2745.0
4431,8937,2024-09-01,Credit Card,Paid,24030.9
4432,4626,2024-09-01,UPI,Paid,6817.0
4433,759,2024-09-01,Cash on Delivery,Paid,249.3
4434,8715,2024-09-01,Net Banking,Paid,17914.7
4435,930,2024-09-02,UPI,Paid,19444.0
4436,5048,2024-09-02,Credit Card,Paid,5849.8
4437,19016,2024-09-02,Credit Card,Paid,44782.2
4438,10347,2024-09-02,Cash on Delivery,Paid,9821.75
4439,11110,2024-09-02,Net Banking,Paid,10915.7
4440,16282,2024-09-02,UPI,Paid,3765.6
4441,14389,2024-09-02,Net Banking,Paid,60116.25
4442,5959,2024-09-02,Net Banking,Paid,45207.8
4443,20454,2024-09-02,UPI,Paid,11681.2
4444,18972,2024-09-02,Debit Card,Paid,6003.0
4445,21859,2024-09-02,UPI,Paid,88800.6
4446,7500,2024-09-02,Credit Card,Paid,59361.45
4447,8221,2024-09-02,Cash on Delivery,Paid,12561.35
4448,21620,2024-09-02,UPI,Paid,6870.6
4449,12685,2024-09-03,Cash on Delivery,Paid,94109.9
4450,6165,2024-09-03,UPI,Paid,9244.0
4451,18020,2024-09-03,UPI,Paid,24283.3
4452,8300,2024-09-03,UPI,Paid,22295.0
4453,17567,2024-09-03,Credit Card,Paid,23115.6
4454,4274,2024-09-03,Debit Card,Paid,11808.75
4455,21434,2024-09-03,UPI,Paid,6151.5
4456,13459,2024-09-03,UPI,Paid,3998.7
4457,11140,2024-09-03,UPI,Paid,4572.75
4458,11634,2024-09-03,Credit Card,Paid,16586.0
4459,16636,2024-09-03,Credit Card,Paid,5115.0
4460,6959,2024-09-03,UPI,Paid,16721.25
4461,21370,2024-09-03,Credit Card,Paid,11022.05
4462,1078,2024-09-04,Credit Card,Paid,17773.25
4463,24899,2024-09-04,Credit Card,Paid,42094.0
4464,2493,2024-09-04,UPI,Paid,2592.5
4465,5306,2024-09-04,UPI,Paid,11557.8
4466,18158,2024-09-04,UPI,Paid,5738.0
4467,21605,2024-09-04,UPI,Paid,46206.45
4468,12123,2024-09-04,UPI,Paid,8479.8
4469,2022,2024-09-04,Credit Card,Paid,47286.0
4470,22224,2024-09-04,UPI,Paid,7838.2
4471,7012,2024-09-04,Cash on Delivery,Paid,173168.2
4472,10158,2024-09-04,UPI,Paid,5087.0
4473,7593,2024-09-04,Credit Card,Paid,998.9
4474,8490,2024-09-04,Cash on Delivery,Paid,7112.6
4475,1411,2024-09-05,Cash on Delivery,Paid,12776.8
4476,19423,2024-09-05,UPI,Paid,83090.0
4477,3060,2024-09-05,UPI,Paid,120504.0
4478,6907,2024-09-05,Debit Card,Paid,4758.0
4479,11946,2024-09-05,UPI,Paid,42294.3
4480,19972,2024-09-05,Credit Card,Paid,23362.4
4481,12023,2024-09-05,UPI,Paid,116810.55
4482,20560,2024-09-05,Credit Card,Paid,3799.0
4483,4591,2024-09-05,Debit Card,Paid,8725.4
4484,487,2024-09-05,UPI,Paid,63287.0
4485,55,2024-09-05,Credit Card,Paid,60564.8
4486,24337,2024-09-05,UPI,Paid,7291.5
4487,4960,2024-09-05,UPI,Paid,11500.05
4488,19294,2024-09-05,Debit Card,Paid,21937.4
4489,988,2024-09-05,Debit Card,Paid,2901.9
4490,9990,2024-09-05,Credit Card,Paid,24588.9
4491,3969,2024-09-06,Credit Card,Paid,488.7
4492,9885,2024-09-06,Credit Card,Paid,96335.7
4493,10129,2024-09-06,Credit Card,Paid,1257.3
4494,19161,2024-09-06,Debit Card,Paid,12270.6
4495,18794,2024-09-06,UPI,Paid,58389.9
4496,8099,2024-09-06,Net Banking,Paid,2293.3
4497,23886,2024-09-06,Credit Card,Paid,52883.65
4498,12879,2024-09-06,Credit Card,Paid,7493.0
4499,769,2024-09-06,UPI,Paid,17637.7
4500,17447,2024-09-06,Credit Card,Paid,3229.15
4501,16836,2024-09-06,Net Banking,Paid,28053.0
4502,16535,2024-09-07,UPI,Paid,3814.8
4503,19245,2024-09-07,Credit Card,Paid,96817.25
4504,12011,2024-09-07,Debit Card,Paid,22834.4
4505,14016,2024-09-07,Debit Card,Paid,45203.0
4506,12073,2024-09-07,Cash on Delivery,Paid,55540.9
4507,6397,2024-09-07,Credit Card,Paid,21872.0
4508,2722,2024-09-07,Debit Card,Paid,141638.85
4509,5125,2024-09-07,UPI,Paid,3431.5
4510,22493,2024-09-07,Cash on Delivery,Paid,2375.0
4511,24158,2024-09-07,UPI,Paid,38601.1
4512,15719,2024-09-07,UPI,Paid,34411.5
4513,16978,2024-09-08,Debit Card,Paid,3419.1
4514,4837,2024-09-08,Cash on Delivery,Paid,3412.0
4515,21136,2024-09-08,Credit Card,Paid,15609.6
4516,2684,2024-09-08,Debit Card,Paid,2698.0
4517,24293,2024-09-08,Cash on Delivery,Paid,13483.2
4518,979,2024-09-08,Credit Card,Paid,207.75
4519,18673,2024-09-08,Credit Card,Paid,55519.9
4520,22473,2024-09-08,Credit Card,Paid,66131.8
4521,2523,2024-09-08,UPI,Paid,15726.3
4522,21882,2024-09-08,Credit Card,Paid,12551.4
4523,9284,2024-09-08,Cash on Delivery,Paid,9536.1
4524,3068,2024-09-08,Credit Card,Paid,3592.0
4525,1977,2024-09-08,Cash on Delivery,Paid,77946.7
4526,11201,2024-09-09,Credit Card,Paid,169946.15
4527,2627,2024-09-09,Cash on Delivery,Paid,2340.8
4528,12767,2024-09-09,Debit Card,Paid,88976.1
4529,11365,2024-09-09,UPI,Paid,48424.95
4530,3447,2024-09-09,Net Banking,Paid,12795.0
4531,15268,2024-09-09,Debit Card,Paid,13942.55
4532,12900,2024-09-09,Cash on Delivery,Paid,18634.0
4533,207,2024-09-09,UPI,Paid,27707.7
4534,269,2024-09-09,Credit Card,Paid,1303.5
4535,13049,2024-09-09,Credit Card,Paid,263.15
4536,11848,2024-09-09,UPI,Paid,10633.15
4537,24462,2024-09-09,Net Banking,Paid,14948.0
4538,9236,2024-09-09,UPI,Paid,8818.85
4539,3008,2024-09-09,Credit Card,Paid,22016.2
4540,19893,2024-09-09,Credit Card,Paid,79380.7
4541,24900,2024-09-09,UPI,Paid,5573.0
4542,19665,2024-09-09,Credit Card,Paid,13774.2
4543,24568,2024-09-09,UPI,Paid,40175.1
4544,21516,2024-09-09,Debit Card,Paid,74138.0
4545,11472,2024-09-09,Net Banking,Paid,40682.7
4546,22566,2024-09-09,Net Banking,Paid,17637.7
4547,15755,2024-09-09,UPI,Paid,3198.75
4548,22633,2024-09-10,UPI,Paid,6818.7
4549,4174,2024-09-10,Credit Card,Paid,1840.5
4550,15461,2024-09-10,Debit Card,Paid,190293.75
4551,15022,2024-09-10,Debit Card,Paid,19085.7
4552,22272,2024-09-10,Cash on Delivery,Paid,10674.75
4553,1985,2024-09-10,Credit Card,Paid,44051.0
4554,16983,2024-09-10,UPI,Paid,16709.4
4555,6709,2024-09-10,Debit Card,Paid,5418.0
4556,22612,2024-09-10,UPI,Paid,9856.0
4557,20680,2024-09-10,Cash on Delivery,Paid,7791.3
4558,13095,2024-09-10,Debit Card,Paid,2765.9
4559,23253,2024-09-10,UPI,Paid,127734.6
4560,3649,2024-09-10,Cash on Delivery,Paid,11960.1
4561,16434,2024-09-10,Cash on Delivery,Paid,75138.0
4562,13236,2024-09-10,UPI,Paid,21609.6
4563,7240,2024-09-10,Credit Card,Paid,53324.05
4564,16064,2024-09-10,Credit Card,Paid,8707.2
4565,23099,2024-09-10,UPI,Paid,22295.0
4566,5268,2024-09-10,Credit Card,Paid,3626.15
4567,24814,2024-09-10,Debit Card,Paid,34025.9
4568,498,2024-09-11,Debit Card,Paid,9099.0
4569,11207,2024-09-11,Credit Card,Paid,22008.0
4570,4327,2024-09-11,UPI,Paid,16855.2
4571,9428,2024-09-11,UPI,Paid,10440.9
4572,14401,2024-09-11,Credit Card,Paid,52465.55
4573,20269,2024-09-11,Cash on Delivery,Paid,4586.6
4574,7883,2024-09-11,Net Banking,Paid,160589.4
4575,14740,2024-09-11,Credit Card,Paid,31448.8
4576,10478,2024-09-11,UPI,Paid,387.8
4577,4182,2024-09-11,UPI,Paid,515.85
4578,16988,2024-09-11,Cash on Delivery,Paid,64738.5
4579,6147,2024-09-11,Debit Card,Paid,8512.2
4580,20977,2024-09-11,Net Banking,Paid,1688.15
4581,18486,2024-09-11,Credit Card,Paid,263.15
4582,4540,2024-09-11,Cash on Delivery,Paid,18950.75
4583,4768,2024-09-11,Credit Card,Paid,8818.85
4584,15949,2024-09-11,Cash on Delivery,Paid,488.7
4585,9402,2024-09-12,Cash on Delivery,Paid,64590.5
4586,11456,2024-09-12,UPI,Paid,10110.0
4587,16712,2024-09-12,Cash on Delivery,Paid,45203.0
4588,7838,2024-09-12,UPI,Paid,177329.3
4589,14552,2024-09-12,Debit Card,Paid,6128.1
4590,12698,2024-09-12,UPI,Paid,87409.5
4591,4333,2024-09-12,Cash on Delivery,Paid,38316.3
4592,2259,2024-09-12,UPI,Paid,1130.0
4593,6475,2024-09-12,Debit Card,Paid,50954.75
4594,11343,2024-09-12,Credit Card,Paid,25290.4
4595,20245,2024-09-12,UPI,Paid,5927.05
4596,20693,2024-09-12,UPI,Paid,15025.0
4597,19740,2024-09-12,UPI,Paid,4004.35
4598,1575,2024-09-12,UPI,Paid,44969.4
4599,1812,2024-09-12,UPI,Paid,16448.3
4600,20721,2024-09-12,UPI,Paid,8354.7
4601,20746,2024-09-12,Net Banking,Paid,9893.1
4602,21910,2024-09-12,Credit Card,Paid,155448.75
4603,19667,2024-09-12,Debit Card,Paid,11386.6
4604,6223,2024-09-13,Cash on Delivery,Paid,16711.65
4605,6786,2024-09-13,UPI,Paid,2125.0
4606,1890,2024-09-13,Credit Card,Paid,543.0
4607,15539,2024-09-13,Credit Card,Paid,5980.25
4608,18330,2024-09-13,Net Banking,Paid,2612.9
4609,14687,2024-09-13,UPI,Paid,5368.0
4610,19827,2024-09-13,Credit Card,Paid,1839.6
4611,21825,2024-09-13,Debit Card,Paid,461.55
4612,2352,2024-09-13,Cash on Delivery,Paid,40470.55
4613,18444,2024-09-13,Cash on Delivery,Paid,6293.4
4614,21301,2024-09-13,Credit Card,Paid,9210.6
4615,17448,2024-09-14,Cash on Delivery,Paid,42643.8
4616,10071,2024-09-14,UPI,Paid,67162.5
4617,16666,2024-09-14,Cash on Delivery,Paid,105135.2
4618,9028,2024-09-14,Cash on Delivery,Paid,10176.8
4619,21241,2024-09-14,Net Banking,Paid,125386.5
4620,7448,2024-09-14,Debit Card,Paid,16075.45
4621,12850,2024-09-14,UPI,Paid,3817.0
4622,1617,2024-09-14,Cash on Delivery,Paid,30578.2
4623,23064,2024-09-14,UPI,Paid,16341.6
4624,3159,2024-09-14,Net Banking,Paid,17413.2
4625,10772,2024-09-14,Net Banking,Paid,47382.0
4626,3010,2024-09-14,UPI,Paid,93613.4
4627,1456,2024-09-14,Net Banking,Paid,30421.8
4628,15814,2024-09-14,Credit Card,Paid,14205.0
4629,13485,2024-09-14,Cash on Delivery,Paid,32920.2
4630,17673,2024-09-14,Cash on Delivery,Paid,10956.5
4631,22528,2024-09-14,UPI,Paid,44591.0
4632,18217,2024-09-14,Credit Card,Paid,9604.8
4633,11461,2024-09-14,Credit Card,Paid,3185.8
4634,17918,2024-09-15,Debit Card,Paid,38330.6
4635,7795,2024-09-15,Debit Card,Paid,5940.0
4636,21889,2024-09-15,Net Banking,Paid,22820.55
4637,16079,2024-09-15,Debit Card,Paid,13487.4
4638,22181,2024-09-15,Cash on Delivery,Paid,6851.85
4639,1600,2024-09-15,UPI,Paid,21831.4
4640,17640,2024-09-15,Debit Card,Paid,6468.55
4641,13673,2024-09-15,Debit Card,Paid,9422.0
4642,3585,2024-09-15,Net Banking,Paid,12937.1
4643,21408,2024-09-15,Cash on Delivery,Paid,66208.0
4644,13923,2024-09-15,Credit Card,Paid,38925.3
4645,18491,2024-09-15,UPI,Paid,40198.0
4646,22610,2024-09-15,Cash on Delivery,Paid,125535.3
4647,13396,2024-09-15,Credit Card,Paid,2620.7
4648,15392,2024-09-15,UPI,Paid,79980.35
4649,20913,2024-09-15,UPI,Paid,17909.0
4650,4935,2024-09-15,Credit Card,Paid,74313.55
4651,711,2024-09-15,Cash on Delivery,Paid,74876.5
4652,15395,2024-09-15,Credit Card,Paid,4867.9
4653,19848,2024-09-15,Cash on Delivery,Paid,12830.6
4654,13430,2024-09-15,Cash on Delivery,Paid,21563.05
4655,4355,2024-09-15,UPI,Paid,93410.8
4656,13405,2024-09-15,Cash on Delivery,Paid,16620.0
4657,10289,2024-09-16,Net Banking,Paid,1620.0
4658,16414,2024-09-16,UPI,Paid,5652.0
4659,22221,2024-09-16,Credit Card,Paid,3187.25
4660,2354,2024-09-16,UPI,Paid,85114.8
4661,5838,2024-09-16,Net Banking,Paid,17670.1
4662,7545,2024-09-16,Cash on Delivery,Paid,3435.3
4663,21534,2024-09-16,Credit Card,Paid,4605.3
4664,5290,2024-09-16,UPI,Paid,37688.45
4665,15767,2024-09-16,UPI,Paid,83090.0
4666,5054,2024-09-16,Debit Card,Paid,6088.2
4667,23788,2024-09-16,Credit Card,Paid,6573.9
4668,10303,2024-09-16,Debit Card,Paid,3239.5
4669,9215,2024-09-16,UPI,Paid,91625.8
4670,14744,2024-09-16,Debit Card,Paid,7291.5
4671,23994,2024-09-16,Cash on Delivery,Paid,12253.95
4672,6374,2024-09-16,Credit Card,Paid,3335.75
4673,7880,2024-09-16,Net Banking,Paid,13233.75
4674,2783,2024-09-16,Credit Card,Paid,9615.0
4675,9736,2024-09-16,UPI,Paid,6078.4
4676,23063,2024-09-17,Cash on Delivery,Paid,6475.2
4677,4027,2024-09-17,UPI,Paid,6932.7
4678,12856,2024-09-17,UPI,Paid,282558.1
4679,12893,2024-09-17,Cash on Delivery,Paid,28735.4
4680,21404,2024-09-17,UPI,Paid,89601.1
4681,4537,2024-09-17,Credit Card,Paid,11536.85
4682,4012,2024-09-17,Debit Card,Paid,41496.0
4683,3957,2024-09-17,Cash on Delivery,Paid,5698.5
4684,23614,2024-09-17,UPI,Paid,130574.35
4685,7763,2024-09-17,UPI,Paid,9465.65
4686,13169,2024-09-17,UPI,Paid,5886.25
4687,15233,2024-09-17,Credit Card,Paid,149562.0
4688,23207,2024-09-17,UPI,Paid,8159.4
4689,6715,2024-09-17,UPI,Paid,19444.0
4690,6104,2024-09-17,UPI,Paid,192757.75
4691,5781,2024-09-17,UPI,Paid,37495.5
4692,8077,2024-09-17,UPI,Paid,4711.0
4693,17853,2024-09-17,Cash on Delivery,Paid,35545.4
4694,5003,2024-09-17,Credit Card,Paid,175835.0
4695,22999,2024-09-17,Credit Card,Paid,1803.6
4696,14497,2024-09-18,Credit Card,Paid,44162.9
4697,4763,2024-09-18,Debit Card,Paid,8354.7
4698,22599,2024-09-18,UPI,Paid,119579.4
4699,6824,2024-09-18,Debit Card,Paid,5147.1
4700,16422,2024-09-18,Credit Card,Paid,112943.65
4701,23257,2024-09-18,UPI,Paid,44639.0
4702,20812,2024-09-18,Debit Card,Paid,24292.05
4703,690,2024-09-18,UPI,Paid,215852.4
4704,17211,2024-09-18,Debit Card,Paid,14200.6
4705,11158,2024-09-18,Credit Card,Paid,3801.9
4706,17953,2024-09-18,Debit Card,Paid,19444.0
4707,2109,2024-09-18,UPI,Paid,6275.7
4708,22696,2024-09-18,UPI,Paid,3956.4
4709,11721,2024-09-18,Debit Card,Paid,3807.6
4710,3483,2024-09-18,UPI,Paid,67270.0
4711,515,2024-09-19,Credit Card,Paid,3771.9
4712,21837,2024-09-19,Credit Card,Paid,5777.25
4713,23082,2024-09-19,Credit Card,Paid,2131.8
4714,17046,2024-09-19,Cash on Delivery,Paid,2851.75
4715,12015,2024-09-19,Credit Card,Paid,6442.0
4716,20304,2024-09-19,UPI,Paid,71104.0
4717,19747,2024-09-19,UPI,Paid,31933.65
4718,17429,2024-09-19,UPI,Paid,5182.8
4719,2369,2024-09-19,UPI,Paid,19883.6
4720,22098,2024-09-19,Cash on Delivery,Paid,42387.0
4721,19815,2024-09-19,Debit Card,Paid,8824.2
4722,12510,2024-09-19,Debit Card,Paid,9905.35
4723,15342,2024-09-19,Credit Card,Paid,44933.9
4724,11163,2024-09-19,Cash on Delivery,Paid,23172.8
4725,12170,2024-09-19,Cash on Delivery,Paid,78463.0
4726,15422,2024-09-19,UPI,Paid,394.25
4727,7892,2024-09-19,Credit Card,Paid,21007.9
4728,12324,2024-09-19,UPI,Paid,3755.6
4729,15830,2024-09-19,Credit Card,Paid,9337.45
4730,3954,2024-09-20,Debit Card,Paid,15983.0
4731,2726,2024-09-20,Credit Card,Paid,236806.5
4732,16181,2024-09-20,Cash on Delivery,Paid,160571.2
4733,8027,2024-09-20,Debit Card,Paid,1165.65
4734,19341,2024-09-20,UPI,Paid,45308.8
4735,19356,2024-09-20,Credit Card,Paid,6498.1
4736,18514,2024-09-20,Debit Card,Paid,44208.0
4737,16761,2024-09-20,UPI,Paid,4597.5
4738,7093,2024-09-20,Credit Card,Paid,20065.5
4739,17491,2024-09-20,Debit Card,Paid,12358.4
4740,8885,2024-09-20,Credit Card,Paid,91635.1
4741,11580,2024-09-20,UPI,Paid,79786.3
4742,8319,2024-09-20,UPI,Paid,85929.25
4743,5362,2024-09-21,Net Banking,Paid,9623.05
4744,6753,2024-09-21,Credit Card,Paid,30460.5
4745,15595,2024-09-21,Debit Card,Paid,12662.55
4746,22708,2024-09-21,UPI,Paid,50800.7
4747,22690,2024-09-21,UPI,Paid,11662.7
4748,8503,2024-09-21,UPI,Paid,920.25
4749,33,2024-09-21,UPI,Paid,22361.75
4750,24683,2024-09-21,UPI,Paid,4381.8
4751,22515,2024-09-21,Credit Card,Paid,25737.2
4752,13481,2024-09-21,Credit Card,Paid,25404.0
4753,22216,2024-09-21,Credit Card,Paid,4239.9
4754,24651,2024-09-21,UPI,Paid,8839.15
4755,19291,2024-09-21,Credit Card,Paid,34298.0
4756,732,2024-09-21,UPI,Paid,1564.2
4757,7312,2024-09-21,UPI,Paid,2293.3
4758,13738,2024-09-21,UPI,Paid,5996.7
4759,10217,2024-09-21,Credit Card,Paid,110299.5
4760,1886,2024-09-21,Credit Card,Paid,38241.3
4761,20690,2024-09-21,Debit Card,Paid,920.25
4762,18554,2024-09-21,Cash on Delivery,Paid,19990.4
4763,23881,2024-09-21,UPI,Paid,57772.0
4764,14220,2024-09-21,Debit Card,Paid,113945.15
4765,2158,2024-09-21,Credit Card,Paid,3817.0
4766,15785,2024-09-22,Net Banking,Paid,25393.0
4767,19617,2024-09-22,Credit Card,Paid,34681.6
4768,23284,2024-09-22,Credit Card,Paid,24420.3
4769,23513,2024-09-22,Net Banking,Paid,10712.2
4770,3337,2024-09-22,Cash on Delivery,Paid,23499.9
4771,4492,2024-09-22,UPI,Paid,4784.5
4772,17335,2024-09-22,Debit Card,Paid,6726.6
4773,10530,2024-09-22,UPI,Paid,35825.4
4774,18707,2024-09-22,UPI,Paid,4583.05
4775,3682,2024-09-22,UPI,Paid,39574.4
4776,403,2024-09-22,UPI,Paid,9963.0
4777,16153,2024-09-22,Cash on Delivery,Paid,17128.8
4778,16613,2024-09-22,Net Banking,Paid,90815.3
4779,992,2024-09-22,UPI,Paid,12199.9
4780,6648,2024-09-22,UPI,Paid,3632.4
4781,17802,2024-09-22,Cash on Delivery,Paid,3592.0
4782,4122,2024-09-22,UPI,Paid,16919.7
4783,13380,2024-09-23,Debit Card,Paid,10792.0
4784,8642,2024-09-23,UPI,Paid,4000.95
4785,18921,2024-09-23,UPI,Paid,10836.0
4786,6921,2024-09-23,UPI,Paid,3853.05
4787,16198,2024-09-23,UPI,Paid,22491.3
4788,1390,2024-09-23,UPI,Paid,88343.05
4789,8641,2024-09-23,Debit Card,Paid,15402.4
4790,5122,2024-09-23,Net Banking,Paid,34393.6
4791,8273,2024-09-23,Credit Card,Paid,196037.1
4792,4511,2024-09-23,UPI,Paid,3412.4
4793,16605,2024-09-23,UPI,Paid,5018.05
4794,19870,2024-09-23,UPI,Paid,128649.2
4795,1888,2024-09-23,Cash on Delivery,Paid,16586.0
4796,20762,2024-09-23,Net Banking,Paid,2514.4
4797,2200,2024-09-23,Credit Card,Paid,8008.7
4798,3956,2024-09-23,UPI,Paid,138179.1
4799,7106,2024-09-24,UPI,Paid,5890.2
4800,6401,2024-09-24,Cash on Delivery,Paid,61670.05
4801,12708,2024-09-24,Net Banking,Paid,3768.8
4802,19511,2024-09-24,Cash on Delivery,Paid,67684.0
4803,17765,2024-09-24,UPI,Paid,1042.95
4804,17815,2024-09-24,UPI,Paid,171023.0
4805,4123,2024-09-24,UPI,Paid,9631.5
4806,16993,2024-09-24,Credit Card,Paid,118146.6
4807,5986,2024-09-24,Credit Card,Paid,57463.4
4808,11759,2024-09-24,UPI,Paid,37295.0
4809,12725,2024-09-24,UPI,Paid,14026.5
4810,14891,2024-09-24,Credit Card,Paid,20748.0
4811,24585,2024-09-24,UPI,Paid,66757.9
4812,6730,2024-09-24,UPI,Paid,12961.8
4813,17324,2024-09-25,Net Banking,Paid,12006.0
4814,3679,2024-09-25,UPI,Paid,44378.0
4815,19326,2024-09-25,Cash on Delivery,Paid,188684.85
4816,12080,2024-09-25,UPI,Paid,157092.8
4817,8418,2024-09-25,Cash on Delivery,Paid,16318.8
4818,17700,2024-09-25,Credit Card,Paid,37063.3
4819,22096,2024-09-25,Credit Card,Paid,8479.8
4820,15073,2024-09-25,UPI,Paid,78559.85
4821,22427,2024-09-25,UPI,Paid,9280.8
4822,6003,2024-09-25,Cash on Delivery,Paid,17841.6
4823,1236,2024-09-25,UPI,Paid,43732.4
4824,21703,2024-09-25,Credit Card,Paid,42401.0
4825,19921,2024-09-25,UPI,Paid,43507.3
4826,13777,2024-09-25,UPI,Paid,4363.05
4827,7078,2024-09-25,Debit Card,Paid,2563.1
4828,4354,2024-09-25,Credit Card,Paid,45012.9
4829,12111,2024-09-25,UPI,Paid,26483.2
4830,12094,2024-09-25,UPI,Paid,6824.8
4831,6667,2024-09-25,UPI,Paid,41833.15
4832,20687,2024-09-25,Debit Card,Paid,66763.6
4833,20333,2024-09-25,Net Banking,Paid,28849.8
4834,9852,2024-09-25,UPI,Paid,72446.7
4835,19426,2024-09-25,UPI,Paid,2217.6
4836,17594,2024-09-25,UPI,Paid,14098.1
4837,6685,2024-09-25,Debit Card,Paid,7100.3
4838,10408,2024-09-25,Credit Card,Paid,402.9
4839,12214,2024-09-26,Credit Card,Paid,4930.2
4840,18362,2024-09-26,UPI,Paid,67670.2
4841,24986,2024-09-26,Net Banking,Paid,40175.1
4842,18993,2024-09-26,Cash on Delivery,Paid,5032.5
4843,10441,2024-09-26,UPI,Paid,21831.4
4844,11050,2024-09-26,UPI,Paid,11962.0
4845,20664,2024-09-26,Credit Card,Paid,9244.0
4846,4690,2024-09-26,Credit Card,Paid,62317.5
4847,14033,2024-09-26,Credit Card,Paid,80593.25
4848,14286,2024-09-26,Net Banking,Paid,1564.2
4849,9006,2024-09-26,Debit Card,Paid,52377.75
4850,3362,2024-09-26,Credit Card,Paid,3626.15
4851,11367,2024-09-26,Credit Card,Paid,7184.0
4852,23884,2024-09-27,Credit Card,Paid,9958.1
4853,23816,2024-09-27,Credit Card,Paid,16547.55
4854,8199,2024-09-27,UPI,Paid,142128.8
4855,11245,2024-09-27,Cash on Delivery,Paid,12132.9
4856,22866,2024-09-27,Credit Card,Paid,5225.1
4857,4654,2024-09-27,UPI,Paid,227872.0
4858,1632,2024-09-27,Cash on Delivery,Paid,64604.4
4859,20331,2024-09-27,UPI,Paid,48594.3
4860,15869,2024-09-27,Credit Card,Paid,31613.0
4861,6186,2024-09-27,UPI,Paid,373.5
4862,16383,2024-09-27,Net Banking,Paid,35464.5
4863,10472,2024-09-27,UPI,Paid,48393.75
4864,17907,2024-09-27,Net Banking,Paid,51271.0
4865,21386,2024-09-27,UPI,Paid,13453.2
4866,9905,2024-09-27,UPI,Paid,52057.9
4867,17008,2024-09-27,UPI,Paid,32152.75
4868,2144,2024-09-28,Credit Card,Paid,45116.4
4869,10037,2024-09-28,Credit Card,Paid,6809.0
4870,12208,2024-09-28,UPI,Paid,40168.0
4871,24702,2024-09-28,Cash on Delivery,Paid,118392.05
4872,20984,2024-09-28,Credit Card,Paid,23753.85
4873,1401,2024-09-28,UPI,Paid,8098.55
4874,21489,2024-09-28,UPI,Paid,11080.0
4875,13977,2024-09-28,Cash on Delivery,Paid,5396.0
4876,1160,2024-09-28,Debit Card,Paid,68259.85
4877,16452,2024-09-28,UPI,Paid,25743.2
4878,2780,2024-09-28,Cash on Delivery,Paid,1212.95
4879,16831,2024-09-28,UPI,Paid,12551.4
4880,15754,2024-09-28,UPI,Paid,86842.95
4881,24860,2024-09-28,Debit Card,Paid,23115.6
4882,19143,2024-09-28,Credit Card,Paid,48362.7
4883,3803,2024-09-28,Cash on Delivery,Paid,28176.75
4884,22243,2024-09-28,Cash on Delivery,Paid,14748.3
4885,8104,2024-09-28,Cash on Delivery,Paid,78644.15
4886,7627,2024-09-28,Credit Card,Paid,118860.15
4887,16776,2024-09-28,UPI,Paid,4876.2
4888,24617,2024-09-28,Credit Card,Paid,22858.2
4889,2570,2024-09-28,UPI,Paid,23115.6
4890,4170,2024-09-29,Debit Card,Paid,34289.4
4891,16361,2024-09-29,Debit Card,Paid,2849.25
4892,15589,2024-09-29,Cash on Delivery,Paid,133802.2
4893,12639,2024-09-29,Net Banking,Paid,3093.6
4894,17434,2024-09-29,UPI,Paid,49770.85
4895,6891,2024-09-29,UPI,Paid,6624.35
4896,2126,2024-09-29,Cash on Delivery,Paid,20430.6
4897,18951,2024-09-29,Debit Card,Paid,20715.8
4898,14995,2024-09-29,UPI,Paid,113822.6
4899,23594,2024-09-29,UPI,Paid,59361.45
4900,6340,2024-09-29,Cash on Delivery,Paid,19128.0
4901,5444,2024-09-29,Net Banking,Paid,30730.5
4902,4285,2024-09-29,UPI,Paid,2698.0
4903,17917,2024-09-29,UPI,Paid,301515.25
4904,1728,2024-09-29,Cash on Delivery,Paid,50572.95
4905,11134,2024-09-30,UPI,Paid,141695.0
4906,9748,2024-09-30,UPI,Paid,3673.65
4907,3160,2024-09-30,Debit Card,Paid,37924.2
4908,6145,2024-09-30,Net Banking,Paid,29181.6
4909,23505,2024-09-30,Debit Card,Paid,9761.8
4910,8911,2024-09-30,Credit Card,Paid,22820.4
4911,8033,2024-09-30,UPI,Paid,83090.0
4912,7180,2024-09-30,Cash on Delivery,Paid,8950.9
4913,17074,2024-09-30,UPI,Paid,11445.75
4914,8932,2024-09-30,UPI,Paid,10451.6
4915,20143,2024-09-30,UPI,Paid,8612.7
4916,15613,2024-09-30,UPI,Paid,3239.5
4917,22261,2024-09-30,Cash on Delivery,Paid,22008.0
4918,5485,2024-09-30,UPI,Paid,1390.4
4919,9109,2024-09-30,Credit Card,Paid,50500.0
4920,6483,2024-09-30,Cash on Delivery,Paid,18072.2
4921,1757,2024-09-30,UPI,Paid,6809.0
4922,20971,2024-09-30,UPI,Paid,52076.6
4923,19657,2024-09-30,UPI,Paid,47966.4
4924,21966,2024-09-30,UPI,Paid,73567.05
4925,9007,2024-09-30,Credit Card,Paid,218675.85
4926,9919,2024-09-30,UPI,Paid,20606.8
4927,10081,2024-09-30,Debit Card,Paid,5218.2
4928,19936,2024-09-30,Cash on Delivery,Paid,7551.2
4929,4913,2024-10-01,UPI,Paid,43356.65
4930,21246,2024-10-01,UPI,Paid,10174.0
4931,24624,2024-10-01,UPI,Paid,8008.7
4932,1598,2024-10-01,UPI,Paid,127044.0
4933,15113,2024-10-01,UPI,Paid,7258.8
4934,6811,2024-10-01,Cash on Delivery,Paid,96469.65
4935,4496,2024-10-01,UPI,Paid,149678.55
4936,13922,2024-10-01,Debit Card,Paid,315742.0
4937,17842,2024-10-01,UPI,Paid,44178.3
4938,19832,2024-10-01,Credit Card,Paid,8781.1
4939,4799,2024-10-01,UPI,Paid,8739.5
4940,17428,2024-10-01,UPI,Paid,2659.3
4941,5709,2024-10-01,Debit Card,Paid,3765.6
4942,6044,2024-10-01,UPI,Paid,4239.0
4943,5632,2024-10-01,UPI,Paid,23484.0
4944,19199,2024-10-01,UPI,Paid,415.0
4945,20033,2024-10-01,Credit Card,Paid,28127.7
4946,18317,2024-10-01,Credit Card,Paid,5585.9
4947,3120,2024-10-01,UPI,Paid,3799.0
4948,18144,2024-10-01,Credit Card,Paid,10065.0
4949,22124,2024-10-01,Cash on Delivery,Paid,94573.7
4950,15267,2024-10-01,UPI,Paid,6726.6
4951,12038,2024-10-01,Credit Card,Paid,1738.0
4952,17251,2024-10-02,Net Banking,Paid,8402.9
4953,8486,2024-10-02,Cash on Delivery,Paid,7404.0
4954,16959,2024-10-02,UPI,Paid,4517.1
4955,13338,2024-10-02,UPI,Paid,9536.1
4956,19529,2024-10-02,UPI,Paid,4856.4
4957,5803,2024-10-02,UPI,Paid,5642.25
4958,167,2024-10-02,UPI,Paid,65558.4
4959,18301,2024-10-02,Cash on Delivery,Paid,17755.45
4960,4976,2024-10-02,UPI,Paid,56916.7
4961,9227,2024-10-02,UPI,Paid,18566.0
4962,7635,2024-10-02,UPI,Paid,66875.3
4963,11981,2024-10-02,Net Banking,Paid,5453.6
4964,14870,2024-10-02,Credit Card,Paid,30477.6
4965,22787,2024-10-02,UPI,Paid,42918.0
4966,15593,2024-10-02,Credit Card,Paid,543.0
4967,11882,2024-10-03,UPI,Paid,1510.45
4968,5353,2024-10-03,UPI,Paid,6810.9
4969,4103,2024-10-03,Debit Card,Paid,6078.4
4970,22827,2024-10-03,Credit Card,Paid,39236.4
4971,1736,2024-10-03,Credit Card,Paid,35865.4
4972,18345,2024-10-03,Cash on Delivery,Paid,23738.6
4973,12201,2024-10-03,Credit Card,Paid,29555.25
4974,24654,2024-10-03,UPI,Paid,20151.85
4975,2021,2024-10-03,UPI,Paid,7480.8
4976,914,2024-10-03,UPI,Paid,70691.4
4977,21102,2024-10-03,UPI,Paid,22849.35
4978,9754,2024-10-03,UPI,Paid,26871.05
4979,1013,2024-10-03,Credit Card,Paid,44639.0
4980,16471,2024-10-03,UPI,Paid,60878.15
4981,5243,2024-10-03,UPI,Paid,6726.6
4982,22147,2024-10-03,Net Banking,Paid,13518.1
4983,11399,2024-10-03,Credit Card,Paid,3572.25
4984,2101,2024-10-03,UPI,Paid,81738.25
4985,22487,2024-10-03,Credit Card,Paid,90335.8
4986,6294,2024-10-03,Net Banking,Paid,103635.65
4987,24962,2024-10-03,Credit Card,Paid,11397.55
4988,6973,2024-10-04,Net Banking,Paid,8950.9
4989,123,2024-10-04,Debit Card,Paid,15655.2
4990,11251,2024-10-04,UPI,Paid,27072.9
4991,23597,2024-10-04,Debit Card,Paid,18336.0
4992,24000,2024-10-04,Credit Card,Paid,31109.5
4993,14969,2024-10-04,UPI,Paid,44421.6
4994,24309,2024-10-04,Debit Card,Paid,38759.65
4995,15856,2024-10-04,Credit Card,Paid,82428.8
4996,23970,2024-10-04,UPI,Paid,72674.05
4997,8845,2024-10-04,UPI,Paid,64771.7
4998,24317,2024-10-04,UPI,Paid,78935.5
4999,23006,2024-10-04,Credit Card,Paid,4236.3
5000,4805,2024-10-04,Cash on Delivery,Paid,24480.3
5001,10107,2024-10-04,Credit Card,Paid,53108.25
5002,21506,2024-10-04,Credit Card,Paid,4578.3
5003,382,2024-10-04,UPI,Paid,10688.9
5004,21079,2024-10-04,Debit Card,Paid,9422.0
5005,21741,2024-10-05,Net Banking,Paid,11958.4
5006,2193,2024-10-05,UPI,Paid,3019.5
5007,9976,2024-10-05,UPI,Paid,21424.4
5008,20681,2024-10-05,Credit Card,Paid,8983.8
5009,5015,2024-10-05,UPI,Paid,18950.75
5010,23909,2024-10-05,UPI,Paid,60028.7
5011,3999,2024-10-05,UPI,Paid,6726.6
5012,24890,2024-10-05,Cash on Delivery,Paid,18741.0
5013,7863,2024-10-05,Net Banking,Paid,2019.6
5014,8522,2024-10-05,Credit Card,Paid,57500.7
5015,19843,2024-10-05,Net Banking,Paid,193.9
5016,18340,2024-10-05,Credit Card,Paid,21508.4
5017,10236,2024-10-05,Credit Card,Paid,9957.9
5018,5765,2024-10-05,Debit Card,Paid,3355.0
5019,17887,2024-10-05,Credit Card,Paid,32478.9
5020,17205,2024-10-05,UPI,Paid,66472.0
5021,20565,2024-10-05,UPI,Paid,80252.95
5022,17729,2024-10-05,Credit Card,Paid,10399.0
5023,21144,2024-10-05,Cash on Delivery,Paid,51588.55
5024,17433,2024-10-05,UPI,Paid,8564.4
5025,22327,2024-10-05,Credit Card,Paid,40131.0
5026,14198,2024-10-05,Credit Card,Paid,8194.4
5027,3080,2024-10-06,UPI,Paid,22808.25
5028,19444,2024-10-06,UPI,Paid,15074.6
5029,22139,2024-10-06,Net Banking,Paid,2898.5
5030,24259,2024-10-06,Cash on Delivery,Paid,7677.0
5031,13946,2024-10-06,Credit Card,Paid,201925.8
5032,17463,2024-10-06,Credit Card,Paid,23561.55
5033,18129,2024-10-06,UPI,Paid,3710.65
5034,11709,2024-10-06,UPI,Paid,1651.1
5035,12106,2024-10-06,UPI,Paid,32805.8
5036,1010,2024-10-06,Debit Card,Paid,5453.6
5037,5358,2024-10-06,Cash on Delivery,Paid,1117.6
5038,15550,2024-10-06,UPI,Paid,71692.15
5039,271,2024-10-06,Debit Card,Paid,6726.6
5040,10099,2024-10-06,Cash on Delivery,Paid,12951.6
5041,8567,2024-10-06,UPI,Paid,25303.9
5042,860,2024-10-06,Debit Card,Paid,9910.15
5043,21528,2024-10-06,Cash on Delivery,Paid,6710.0
5044,19235,2024-10-06,Cash on Delivery,Paid,230826.4
5045,14142,2024-10-06,Credit Card,Paid,1599.3
5046,24599,2024-10-07,Net Banking,Paid,20239.5
5047,17168,2024-10-07,UPI,Paid,10253.1
5048,5467,2024-10-07,UPI,Paid,14358.4
5049,8593,2024-10-07,Debit Card,Paid,31502.15
5050,5546,2024-10-07,UPI,Paid,37901.5
5051,5234,2024-10-07,Debit Card,Paid,14948.0
5052,4173,2024-10-07,Credit Card,Paid,10273.6
5053,6900,2024-10-07,UPI,Paid,6624.35
5054,6432,2024-10-07,UPI,Paid,41030.3
5055,21873,2024-10-07,Credit Card,Paid,9752.7
5056,12325,2024-10-07,UPI,Paid,515.85
5057,10924,2024-10-07,Debit Card,Paid,170110.35
5058,23777,2024-10-07,UPI,Paid,8749.8
5059,3144,2024-10-07,Credit Card,Paid,55360.8
5060,19978,2024-10-07,UPI,Paid,46744.6
5061,6332,2024-10-07,Credit Card,Paid,74625.0
5062,5537,2024-10-07,Credit Card,Paid,62760.45
5063,2862,2024-10-07,UPI,Paid,20684.6
5064,24270,2024-10-07,UPI,Paid,74625.0
5065,13286,2024-10-07,UPI,Paid,13522.5
5066,1950,2024-10-07,UPI,Paid,6492.75
5067,1490,2024-10-07,Cash on Delivery,Paid,98427.0
5068,19812,2024-10-08,Cash on Delivery,Paid,44921.7
5069,456,2024-10-08,Credit Card,Paid,3458.25
5070,14048,2024-10-08,Credit Card,Paid,49236.2
5071,20876,2024-10-08,Cash on Delivery,Paid,140464.0
5072,20060,2024-10-08,Debit Card,Paid,19770.3
5073,23223,2024-10-08,Credit Card,Paid,17960.4
5074,19403,2024-10-08,Debit Card,Paid,33442.5
5075,22894,2024-10-08,Cash on Delivery,Paid,8765.2
5076,2589,2024-10-08,UPI,Paid,6817.0
5077,13126,2024-10-08,Debit Card,Paid,101963.05
5078,5953,2024-10-08,Net Banking,Paid,7528.5
5079,3870,2024-10-08,Debit Card,Paid,21482.6
5080,6727,2024-10-08,UPI,Paid,91074.5
5081,22854,2024-10-08,Cash on Delivery,Paid,26615.2
5082,21548,2024-10-08,Debit Card,Paid,77474.25
5083,2414,2024-10-08,Credit Card,Paid,6039.0
5084,13227,2024-10-08,Credit Card,Paid,40081.05
5085,15353,2024-10-08,UPI,Paid,22988.75
5086,10608,2024-10-08,UPI,Paid,28565.4
5087,3477,2024-10-08,UPI,Paid,73884.25
5088,5762,2024-10-09,Cash on Delivery,Paid,64350.1
5089,5497,2024-10-09,UPI,Paid,65756.0
5090,12200,2024-10-09,Cash on Delivery,Paid,62412.25
5091,16869,2024-10-09,Credit Card,Paid,14948.0
5092,7637,2024-10-09,Cash on Delivery,Paid,4475.45
5093,1883,2024-10-09,Net Banking,Paid,3834.2
5094,23261,2024-10-09,UPI,Paid,6488.9
5095,19923,2024-10-09,UPI,Paid,4533.0
5096,3066,2024-10-09,Debit Card,Paid,12846.0
5097,7836,2024-10-09,Debit Card,Paid,180058.15
5098,8511,2024-10-09,UPI,Paid,2428.2
5099,18012,2024-10-09,UPI,Paid,42942.85
5100,16368,2024-10-09,Debit Card,Paid,6346.2
5101,10610,2024-10-09,Net Banking,Paid,4079.7
5102,13993,2024-10-09,Credit Card,Paid,8224.15
5103,5648,2024-10-10,Net Banking,Paid,16709.4
5104,22622,2024-10-10,UPI,Paid,6498.1
5105,6088,2024-10-10,Credit Card,Paid,70477.5
5106,12020,2024-10-10,UPI,Paid,74781.0
5107,5778,2024-10-10,Cash on Delivery,Paid,480.25
5108,10435,2024-10-10,UPI,Paid,3142.15
5109,14091,2024-10-10,Cash on Delivery,Paid,50767.5
5110,2929,2024-10-10,UPI,Paid,39638.9
5111,19819,2024-10-10,Debit Card,Paid,3198.75
5112,13310,2024-10-10,Credit Card,Paid,14883.7
5113,6262,2024-10-10,Credit Card,Paid,37815.7
5114,7891,2024-10-10,Cash on Delivery,Paid,8253.6
5115,20722,2024-10-10,Credit Card,Paid,31513.4
5116,9960,2024-10-10,Credit Card,Paid,48820.6
5117,2252,2024-10-10,UPI,Paid,39421.2
5118,22967,2024-10-10,UPI,Paid,5979.2
5119,13038,2024-10-10,Debit Card,Paid,8466.0
5120,12592,2024-10-10,Credit Card,Paid,8354.7
5121,3973,2024-10-11,Credit Card,Paid,625.1
5122,6714,2024-10-11,Cash on Delivery,Paid,135242.8
5123,16792,2024-10-11,Credit Card,Paid,123649.2
5124,5051,2024-10-11,Net Banking,Paid,4605.3
5125,14469,2024-10-11,UPI,Paid,177886.3
5126,19849,2024-10-11,UPI,Paid,58675.55
5127,19561,2024-10-11,UPI,Paid,66532.2
5128,16292,2024-10-11,UPI,Paid,43909.0
5129,16047,2024-10-11,UPI,Paid,11254.2
5130,7270,2024-10-11,Credit Card,Paid,2305.5
5131,7755,2024-10-11,Debit Card,Paid,58449.1
5132,7483,2024-10-11,UPI,Paid,67162.5
5133,5223,2024-10-11,Debit Card,Paid,8215.85
5134,19562,2024-10-11,Credit Card,Paid,52998.5
5135,20225,2024-10-11,Cash on Delivery,Paid,119572.2
5136,10770,2024-10-11,Credit Card,Paid,981.6
5137,5155,2024-10-11,Credit Card,Paid,121540.2
5138,7862,2024-10-11,Debit Card,Paid,166249.8
5139,11947,2024-10-11,Debit Card,Paid,6195.6
5140,14858,2024-10-11,Cash on Delivery,Paid,7256.45
5141,6635,2024-10-11,Credit Card,Paid,18513.0
5142,16219,2024-10-11,Credit Card,Paid,15152.8
5143,10813,2024-10-11,Debit Card,Paid,13295.75
5144,6328,2024-10-11,Cash on Delivery,Paid,84138.75
5145,10420,2024-10-11,Cash on Delivery,Paid,39241.3
5146,16127,2024-10-12,UPI,Paid,51675.45
5147,9203,2024-10-12,Debit Card,Paid,187647.8
5148,22310,2024-10-12,UPI,Paid,8818.85
5149,16158,2024-10-12,UPI,Paid,5229.75
5150,964,2024-10-12,Debit Card,Paid,1355.65
5151,14296,2024-10-12,Debit Card,Paid,4520.1
5152,8684,2024-10-12,Credit Card,Paid,2900.25
5153,17242,2024-10-12,Cash on Delivery,Paid,69914.7
5154,3411,2024-10-12,Net Banking,Paid,4239.9
5155,21249,2024-10-12,Cash on Delivery,Paid,3355.0
5156,12259,2024-10-12,Debit Card,Paid,7626.6
5157,2519,2024-10-12,Debit Card,Paid,12784.5
5158,3309,2024-10-12,Credit Card,Paid,21794.6
5159,9915,2024-10-12,Credit Card,Paid,235119.5
5160,18942,2024-10-12,UPI,Paid,80613.15
5161,20709,2024-10-12,UPI,Paid,4707.0
5162,1381,2024-10-12,UPI,Paid,47724.3
5163,21787,2024-10-12,Credit Card,Paid,105651.85
5164,24149,2024-10-13,Credit Card,Paid,6162.4
5165,10110,2024-10-13,Debit Card,Paid,42557.4
5166,17510,2024-10-13,Debit Card,Paid,45823.6
5167,1161,2024-10-13,Net Banking,Paid,43765.35
5168,20191,2024-10-13,UPI,Paid,44921.7
5169,8177,2024-10-13,Debit Card,Paid,77843.7
5170,9786,2024-10-13,Debit Card,Paid,40274.7
5171,18132,2024-10-13,Net Banking,Paid,87718.3
5172,5592,2024-10-13,Net Banking,Paid,4488.0
5173,9768,2024-10-13,Credit Card,Paid,66574.95
5174,2615,2024-10-13,Cash on Delivery,Paid,8573.4
5175,20446,2024-10-13,Credit Card,Paid,45291.45
5176,20477,2024-10-13,Cash on Delivery,Paid,84767.55
5177,1435,2024-10-13,Cash on Delivery,Paid,3813.3
5178,20588,2024-10-13,Credit Card,Paid,47237.7
5179,18068,2024-10-14,Cash on Delivery,Paid,7864.15
5180,1750,2024-10-14,UPI,Paid,373.5
5181,14823,2024-10-14,Net Banking,Paid,7634.0
5182,10017,2024-10-14,Credit Card,Paid,543.0
5183,5347,2024-10-14,Credit Card,Paid,28202.4
5184,9558,2024-10-14,Credit Card,Paid,93010.8
5185,13214,2024-10-14,UPI,Paid,3244.45
5186,18291,2024-10-14,Cash on Delivery,Paid,3187.5
5187,16525,2024-10-14,Debit Card,Paid,48294.9
5188,14566,2024-10-14,UPI,Paid,35464.5
5189,7465,2024-10-15,UPI,Paid,126654.1
5190,924,2024-10-15,Debit Card,Paid,4188.8
5191,5130,2024-10-15,UPI,Paid,9283.0
5192,17347,2024-10-15,UPI,Paid,66345.15
5193,18082,2024-10-15,Cash on Delivery,Paid,67162.5
5194,8790,2024-10-15,Credit Card,Paid,47649.1
5195,20692,2024-10-15,Credit Card,Paid,2751.7
5196,20399,2024-10-15,UPI,Paid,3849.75
5197,5539,2024-10-15,Cash on Delivery,Paid,18413.6
5198,16304,2024-10-15,Credit Card,Paid,6779.25
5199,20422,2024-10-15,Net Banking,Paid,9422.0
5200,14311,2024-10-15,UPI,Paid,5794.45
5201,7788,2024-10-15,UPI,Paid,64353.15
5202,17032,2024-10-15,Debit Card,Paid,47286.0
5203,7541,2024-10-15,Cash on Delivery,Paid,4500.6
5204,11419,2024-10-15,UPI,Paid,89864.8
5205,19195,2024-10-15,UPI,Paid,42643.8
5206,4675,2024-10-16,UPI,Paid,37748.1
5207,23448,2024-10-16,Net Banking,Paid,40508.55
5208,19996,2024-10-16,Credit Card,Paid,112478.35
5209,5345,2024-10-16,UPI,Paid,17585.8
5210,18943,2024-10-16,UPI,Paid,15151.2
5211,4902,2024-10-16,UPI,Paid,126306.1
5212,6909,2024-10-16,Cash on Delivery,Paid,2019.6
5213,12480,2024-10-16,Cash on Delivery,Paid,11304.0
5214,20667,2024-10-16,Credit Card,Paid,10931.2
5215,5321,2024-10-16,Debit Card,Paid,8474.0
5216,3767,2024-10-16,UPI,Paid,57233.15
5217,11549,2024-10-16,Cash on Delivery,Paid,22422.0
5218,507,2024-10-16,UPI,Paid,134917.75
5219,106,2024-10-16,Debit Card,Paid,3625.25
5220,11284,2024-10-16,Cash on Delivery,Paid,5857.2
5221,2694,2024-10-16,UPI,Paid,8008.7
5222,23752,2024-10-16,Debit Card,Paid,2873.6
5223,6874,2024-10-16,UPI,Paid,16069.3
5224,24012,2024-10-16,UPI,Paid,10267.2
5225,2511,2024-10-17,UPI,Paid,12754.2
5226,15788,2024-10-17,Debit Card,Paid,9722.0
5227,11939,2024-10-17,Cash on Delivery,Paid,11039.2
5228,14980,2024-10-17,UPI,Paid,94745.25
5229,19962,2024-10-17,Credit Card,Paid,67670.2
5230,23175,2024-10-17,Debit Card,Paid,53793.95
5231,23876,2024-10-17,UPI,Paid,7683.3
5232,5414,2024-10-17,UPI,Paid,44921.7
5233,8970,2024-10-17,Debit Card,Paid,160110.8
5234,14886,2024-10-17,Cash on Delivery,Paid,13875.85
5235,21849,2024-10-17,UPI,Paid,3019.5
5236,10084,2024-10-17,Debit Card,Paid,9877.55
5237,14121,2024-10-17,UPI,Paid,4164.0
5238,17525,2024-10-17,Cash on Delivery,Paid,39942.0
5239,11862,2024-10-17,Cash on Delivery,Paid,470.9
5240,24028,2024-10-17,Credit Card,Paid,1477.3
5241,20683,2024-10-17,Credit Card,Paid,7657.95
5242,6933,2024-10-18,Net Banking,Paid,8237.35
5243,6061,2024-10-18,Debit Card,Paid,7626.6
5244,1683,2024-10-18,UPI,Paid,9210.6
5245,4166,2024-10-18,Cash on Delivery,Paid,243883.7
5246,2154,2024-10-18,UPI,Paid,4928.0
5247,4836,2024-10-18,Debit Card,Paid,1683.0
5248,3178,2024-10-18,Cash on Delivery,Paid,49062.5
5249,14539,2024-10-18,Credit Card,Paid,4851.8
5250,14561,2024-10-18,UPI,Paid,12981.0
5251,7018,2024-10-18,Debit Card,Paid,4951.0
5252,10349,2024-10-18,Cash on Delivery,Paid,12888.05
5253,5694,2024-10-18,UPI,Paid,54175.0
5254,24788,2024-10-18,Cash on Delivery,Paid,61934.25
5255,17229,2024-10-18,Credit Card,Paid,59818.3
5256,848,2024-10-18,Cash on Delivery,Paid,66885.0
5257,5797,2024-10-18,Cash on Delivery,Paid,4605.3
5258,5927,2024-10-18,Net Banking,Paid,122263.3
5259,5108,2024-10-18,Cash on Delivery,Paid,13907.15
5260,1492,2024-10-18,Credit Card,Paid,50640.6
5261,10287,2024-10-18,UPI,Paid,3748.0
5262,13560,2024-10-18,Cash on Delivery,Paid,70615.7
5263,3241,2024-10-18,UPI,Paid,29793.6
5264,11070,2024-10-19,Credit Card,Paid,3243.3
5265,3222,2024-10-19,Cash on Delivery,Paid,73526.65
5266,17509,2024-10-19,Cash on Delivery,Paid,2720.7
5267,19568,2024-10-19,Net Banking,Paid,44521.2
5268,22790,2024-10-19,Cash on Delivery,Paid,72614.0
5269,10753,2024-10-19,UPI,Paid,26217.5
5270,22367,2024-10-19,Cash on Delivery,Paid,22279.2
5271,8066,2024-10-19,Cash on Delivery,Paid,72302.4
5272,20196,2024-10-19,UPI,Paid,5979.2
5273,11231,2024-10-19,Debit Card,Paid,4278.0
5274,8494,2024-10-19,UPI,Paid,6803.4
5275,14719,2024-10-19,Debit Card,Paid,5468.0
5276,23014,2024-10-19,Cash on Delivery,Paid,17371.05
5277,2436,2024-10-19,Cash on Delivery,Paid,4282.2
5278,15406,2024-10-19,Credit Card,Paid,37243.25
5279,1107,2024-10-19,Credit Card,Paid,45595.3
5280,10805,2024-10-20,Credit Card,Paid,1125.0
5281,7612,2024-10-20,UPI,Paid,2653.35
5282,13440,2024-10-20,Credit Card,Paid,53386.8
5283,256,2024-10-20,Credit Card,Paid,7304.6
5284,4282,2024-10-20,Credit Card,Paid,28020.0
5285,12851,2024-10-20,UPI,Paid,3475.8
5286,12078,2024-10-20,Credit Card,Paid,39779.4
5287,24473,2024-10-20,UPI,Paid,44016.0
5288,4840,2024-10-20,UPI,Paid,40598.6
5289,13146,2024-10-20,Cash on Delivery,Paid,3838.5
5290,21641,2024-10-20,Net Banking,Paid,33818.7
5291,11174,2024-10-20,Credit Card,Paid,6275.7
5292,6472,2024-10-20,Credit Card,Paid,37905.6
5293,15071,2024-10-20,UPI,Paid,146173.2
5294,17949,2024-10-20,UPI,Paid,8086.2
5295,12225,2024-10-20,Credit Card,Paid,46469.1
5296,9880,2024-10-20,Cash on Delivery,Paid,66776.75
5297,10427,2024-10-20,Cash on Delivery,Paid,81365.4
5298,17747,2024-10-21,Cash on Delivery,Paid,5360.4
5299,1311,2024-10-21,UPI,Paid,20589.75
5300,22772,2024-10-21,Credit Card,Paid,161275.8
5301,10647,2024-10-21,Credit Card,Paid,33021.6
5302,10673,2024-10-21,UPI,Paid,39806.0
5303,20140,2024-10-21,Cash on Delivery,Paid,3813.3
5304,13190,2024-10-21,Cash on Delivery,Paid,7619.4
5305,19875,2024-10-21,UPI,Paid,57512.3
5306,9704,2024-10-21,Debit Card,Paid,27208.8
5307,7175,2024-10-21,Net Banking,Paid,7819.2
5308,21227,2024-10-21,UPI,Paid,3091.3
5309,21547,2024-10-21,Debit Card,Paid,17092.2
5310,9888,2024-10-21,Debit Card,Paid,1603.2
5311,24305,2024-10-21,Credit Card,Paid,7863.15
5312,13432,2024-10-21,Credit Card,Paid,14948.0
5313,16549,2024-10-21,Debit Card,Paid,11330.75
5314,21673,2024-10-21,Debit Card,Paid,150040.8
5315,10778,2024-10-21,Debit Card,Paid,3272.0
5316,762,2024-10-22,UPI,Paid,6973.0
5317,11630,2024-10-22,Credit Card,Paid,81127.8
5318,23459,2024-10-22,Credit Card,Paid,39806.0
5319,20096,2024-10-22,Debit Card,Paid,7256.45
5320,22245,2024-10-22,UPI,Paid,4191.0
5321,10439,2024-10-22,Credit Card,Paid,91853.2
5322,5179,2024-10-22,Credit Card,Paid,7100.3
5323,4928,2024-10-22,UPI,Paid,91828.0
5324,2593,2024-10-22,Credit Card,Paid,515.85
5325,13972,2024-10-22,Credit Card,Paid,201487.5
5326,10019,2024-10-22,UPI,Paid,16368.4
5327,13413,2024-10-22,UPI,Paid,2094.4
5328,13943,2024-10-22,Credit Card,Paid,3768.8
5329,8217,2024-10-22,Debit Card,Paid,3768.8
5330,11346,2024-10-23,UPI,Paid,4697.0
5331,24748,2024-10-23,Debit Card,Paid,6128.1
5332,8898,2024-10-23,UPI,Paid,488.7
5333,5160,2024-10-23,Net Banking,Paid,56812.35
5334,9887,2024-10-23,UPI,Paid,41669.75
5335,6660,2024-10-23,UPI,Paid,28894.5
5336,22639,2024-10-23,Net Banking,Paid,4832.65
5337,17821,2024-10-23,UPI,Paid,25064.1
5338,8860,2024-10-23,UPI,Paid,8457.0
5339,7935,2024-10-23,Credit Card,Paid,325655.5
5340,5877,2024-10-23,Debit Card,Paid,1683.0
5341,15654,2024-10-23,Credit Card,Paid,1117.6
5342,12600,2024-10-23,UPI,Paid,8452.0
5343,2121,2024-10-23,Cash on Delivery,Paid,14200.6
5344,17348,2024-10-23,UPI,Paid,21024.3
5345,10688,2024-10-23,Credit Card,Paid,19808.2
5346,24400,2024-10-23,Net Banking,Paid,16966.45
5347,7492,2024-10-23,Debit Card,Paid,27779.4
5348,2938,2024-10-23,UPI,Paid,5182.45
5349,1588,2024-10-23,Debit Card,Paid,6726.6
5350,16945,2024-10-23,Debit Card,Paid,7318.65
5351,14405,2024-10-24,UPI,Paid,54152.0
5352,17358,2024-10-24,UPI,Paid,123565.85
5353,6352,2024-10-24,Credit Card,Paid,49119.95
5354,13584,2024-10-24,Credit Card,Paid,8316.05
5355,1563,2024-10-24,UPI,Paid,10399.5
5356,7657,2024-10-24,UPI,Paid,10836.0
5357,7470,2024-10-24,Net Banking,Paid,8466.0
5358,2752,2024-10-24,Debit Card,Paid,3538.5
5359,18841,2024-10-24,Debit Card,Paid,9006.25
5360,23603,2024-10-24,UPI,Paid,5452.0
5361,24279,2024-10-24,UPI,Paid,74329.3
5362,10262,2024-10-24,Credit Card,Paid,27614.3
5363,15950,2024-10-24,Cash on Delivery,Paid,18137.25
5364,10327,2024-10-24,Credit Card,Paid,7256.45
5365,19253,2024-10-24,Cash on Delivery,Paid,104473.25
5366,8140,2024-10-24,UPI,Paid,33886.95
5367,15795,2024-10-24,Credit Card,Paid,249.3
5368,16494,2024-10-24,UPI,Paid,71920.7
5369,7937,2024-10-24,UPI,Paid,1530.0
5370,4509,2024-10-24,Cash on Delivery,Paid,36976.0
5371,11253,2024-10-25,UPI,Paid,101406.0
5372,23718,2024-10-25,Debit Card,Paid,50817.8
5373,9701,2024-10-25,Credit Card,Paid,14895.0
5374,8745,2024-10-25,Net Banking,Paid,23643.75
5375,1147,2024-10-25,Credit Card,Paid,16540.0
5376,19636,2024-10-25,Net Banking,Paid,13298.65
5377,18196,2024-10-25,UPI,Paid,80062.2
5378,13232,2024-10-25,Credit Card,Paid,11276.0
5379,11860,2024-10-25,Cash on Delivery,Paid,11533.1
5380,2963,2024-10-25,UPI,Paid,124614.3
5381,521,2024-10-25,UPI,Paid,51694.5
5382,19455,2024-10-25,Debit Card,Paid,35536.5
5383,11898,2024-10-25,UPI,Paid,42825.5
5384,2857,2024-10-25,Debit Card,Paid,480.25
5385,22509,2024-10-25,UPI,Paid,117274.0
5386,18879,2024-10-26,UPI,Paid,14959.7
5387,9103,2024-10-26,UPI,Paid,185169.1
5388,21126,2024-10-26,Debit Card,Paid,536.75
5389,4999,2024-10-26,Credit Card,Paid,42942.85
5390,15056,2024-10-26,UPI,Paid,17400.9
5391,23381,2024-10-26,Debit Card,Paid,66598.0
5392,13419,2024-10-26,Debit Card,Paid,6799.5
5393,8546,2024-10-26,Net Banking,Paid,33835.1
5394,3641,2024-10-26,UPI,Paid,5927.05
5395,4138,2024-10-26,Credit Card,Paid,2158.4
5396,21959,2024-10-26,UPI,Paid,6054.0
5397,22107,2024-10-26,Credit Card,Paid,70893.75
5398,15262,2024-10-26,Credit Card,Paid,7254.9
5399,15373,2024-10-26,UPI,Paid,17510.05
5400,5992,2024-10-26,Cash on Delivery,Paid,12952.3
5401,19186,2024-10-26,Net Banking,Paid,21300.9
5402,3366,2024-10-26,Credit Card,Paid,94572.0
5403,17065,2024-10-27,Cash on Delivery,Paid,15391.6
5404,22813,2024-10-27,UPI,Paid,47286.0
5405,20914,2024-10-27,UPI,Paid,277.0
5406,24079,2024-10-27,Credit Card,Paid,4191.0
5407,3213,2024-10-27,Debit Card,Paid,15468.0
5408,18550,2024-10-27,Cash on Delivery,Paid,108960.25
5409,8995,2024-10-27,Credit Card,Paid,17836.0
5410,1931,2024-10-27,UPI,Paid,61124.2
5411,23163,2024-10-27,Credit Card,Paid,45203.0
5412,20051,2024-10-27,Credit Card,Paid,788.5
5413,23279,2024-10-27,UPI,Paid,13420.0
5414,6081,2024-10-27,Net Banking,Paid,70201.9
5415,15703,2024-10-27,Cash on Delivery,Paid,45362.8
5416,3227,2024-10-27,UPI,Paid,50070.9
5417,3531,2024-10-27,UPI,Paid,13618.0
5418,6313,2024-10-27,Cash on Delivery,Paid,98762.1
5419,3688,2024-10-27,UPI,Paid,11354.3
5420,7168,2024-10-27,UPI,Paid,13268.8
5421,21544,2024-10-27,Debit Card,Paid,101897.2
5422,4155,2024-10-27,Credit Card,Paid,6128.1
5423,13099,2024-10-27,Cash on Delivery,Paid,21831.4
5424,1802,2024-10-27,Debit Card,Paid,172489.6
5425,14990,2024-10-27,Credit Card,Paid,19736.25
5426,7428,2024-10-27,Debit Card,Paid,11575.3
5427,16575,2024-10-28,Debit Card,Paid,12719.7
5428,24719,2024-10-28,Net Banking,Paid,82957.65
5429,13249,2024-10-28,Credit Card,Paid,497.7
5430,6445,2024-10-28,Cash on Delivery,Paid,8479.8
5431,4516,2024-10-28,Debit Card,Paid,11764.5
5432,8589,2024-10-28,UPI,Paid,2131.8
5433,6793,2024-10-28,Credit Card,Paid,40274.7
5434,8926,2024-10-28,UPI,Paid,249.3
5435,12623,2024-10-28,Credit Card,Paid,3419.1
5436,13936,2024-10-28,Cash on Delivery,Paid,101661.4
5437,16985,2024-10-28,Debit Card,Paid,42599.7
5438,3723,2024-10-28,Credit Card,Paid,2801.4
5439,13714,2024-10-28,Cash on Delivery,Paid,151884.05
5440,6656,2024-10-28,UPI,Paid,141787.5
5441,24759,2024-10-28,UPI,Paid,9752.7
5442,16265,2024-10-28,Credit Card,Paid,17637.7
5443,14533,2024-10-28,UPI,Paid,48463.6
5444,9143,2024-10-28,Cash on Delivery,Paid,28273.5
5445,21452,2024-10-28,Debit Card,Paid,8495.1
5446,6300,2024-10-28,Debit Card,Paid,12842.0
5447,12041,2024-10-28,Credit Card,Paid,4758.0
5448,13879,2024-10-28,Credit Card,Paid,12842.0
5449,232,2024-10-28,Debit Card,Paid,4475.45
5450,16359,2024-10-28,UPI,Paid,44639.0
5451,7845,2024-10-28,Cash on Delivery,Paid,9648.0
5452,22865,2024-10-28,UPI,Paid,24585.6
5453,19710,2024-10-28,Credit Card,Paid,434.4
5454,8296,2024-10-28,UPI,Paid,7474.0
5455,20490,2024-10-29,UPI,Paid,6488.9
5456,1232,2024-10-29,UPI,Paid,10915.7
5457,5448,2024-10-29,UPI,Paid,42690.85
5458,14745,2024-10-29,Credit Card,Paid,11408.0
5459,3617,2024-10-29,UPI,Paid,8253.6
5460,20723,2024-10-29,UPI,Paid,15366.6
5461,16208,2024-10-29,UPI,Paid,141761.25
5462,2167,2024-10-29,Cash on Delivery,Paid,18950.75
5463,2045,2024-10-29,Credit Card,Paid,2557.5
5464,14861,2024-10-29,UPI,Paid,27022.3
5465,18814,2024-10-29,Cash on Delivery,Paid,53195.15
5466,6087,2024-10-29,Credit Card,Paid,21260.8
5467,22805,2024-10-29,UPI,Paid,47382.0
5468,22072,2024-10-29,UPI,Paid,23974.4
5469,10016,2024-10-29,UPI,Paid,1780.3
5470,6904,2024-10-29,Credit Card,Paid,10599.75
5471,12046,2024-10-30,UPI,Paid,2428.2
5472,18580,2024-10-30,Credit Card,Paid,144257.4
5473,6595,2024-10-30,Cash on Delivery,Paid,82780.9
5474,1306,2024-10-30,UPI,Paid,981.6
5475,1926,2024-10-30,UPI,Paid,36638.55
5476,19154,2024-10-30,Credit Card,Paid,226385.1
5477,19331,2024-10-30,UPI,Paid,6820.2
5478,21066,2024-10-30,Net Banking,Paid,12846.6
5479,14558,2024-10-30,Credit Card,Paid,11133.65
5480,6599,2024-10-30,Cash on Delivery,Paid,123649.2
5481,16217,2024-10-30,Cash on Delivery,Paid,216254.7
5482,785,2024-10-30,Credit Card,Paid,6106.4
5483,23939,2024-10-30,Debit Card,Paid,11661.65
5484,7458,2024-10-30,Debit Card,Paid,37486.6
5485,22845,2024-10-30,Credit Card,Paid,94837.25
5486,19947,2024-10-30,UPI,Paid,29182.3
5487,21687,2024-10-30,UPI,Paid,11619.5
5488,5965,2024-10-30,Credit Card,Paid,5794.45
5489,11907,2024-10-30,UPI,Paid,7073.45
5490,187,2024-10-30,UPI,Paid,1243.9
5491,9059,2024-10-30,Cash on Delivery,Paid,6570.75
5492,3478,2024-10-30,Debit Card,Paid,26671.25
5493,15600,2024-10-30,Credit Card,Paid,543.0
5494,15350,2024-10-30,Credit Card,Paid,14149.15
5495,13135,2024-10-30,Debit Card,Paid,75886.3
5496,14714,2024-10-30,Debit Card,Paid,13061.7
5497,11056,2024-10-30,Net Banking,Paid,5447.2
5498,12575,2024-10-30,UPI,Paid,1303.5
5499,9449,2024-10-30,Cash on Delivery,Paid,60064.7
5500,16515,2024-10-30,UPI,Paid,6095.1
5501,739,2024-10-31,UPI,Paid,165.9
5502,16270,2024-10-31,UPI,Paid,53857.1
5503,22368,2024-10-31,Net Banking,Paid,1257.3
5504,16072,2024-10-31,UPI,Paid,29672.3
5505,14118,2024-10-31,UPI,Paid,120245.3
5506,16393,2024-10-31,Credit Card,Paid,8146.0
5507,12077,2024-10-31,Credit Card,Paid,82423.7
5508,8024,2024-10-31,UPI,Paid,2019.6
5509,5967,2024-10-31,Debit Card,Paid,24399.8
5510,6097,2024-10-31,Credit Card,Paid,4044.3
5511,17058,2024-10-31,Credit Card,Paid,71903.5
5512,1507,2024-10-31,Cash on Delivery,Paid,72302.4
5513,19330,2024-10-31,Credit Card,Paid,41862.0
5514,2864,2024-10-31,UPI,Paid,141475.45
5515,9908,2024-10-31,Debit Card,Paid,8668.8
5516,7811,2024-11-01,Net Banking,Paid,25821.75
5517,2517,2024-11-01,Net Banking,Paid,20748.0
5518,2268,2024-11-01,Credit Card,Paid,42557.4
5519,20619,2024-11-01,Credit Card,Paid,2356.6
5520,23115,2024-11-01,UPI,Paid,1000.0
5521,7006,2024-11-01,UPI,Paid,33104.0
5522,2585,2024-11-01,Credit Card,Paid,37815.7
5523,3910,2024-11-01,Debit Card,Paid,9631.5
5524,5240,2024-11-01,Credit Card,Paid,9821.75
5525,9368,2024-11-02,Cash on Delivery,Paid,1017.0
5526,17741,2024-11-02,UPI,Paid,11115.35
5527,15095,2024-11-02,Net Banking,Paid,70893.75
5528,1186,2024-11-02,UPI,Paid,65259.3
5529,19459,2024-11-02,Net Banking,Paid,6352.9
5530,1357,2024-11-02,Cash on Delivery,Paid,17122.05
5531,19228,2024-11-02,Debit Card,Paid,17635.8
5532,5980,2024-11-02,Credit Card,Paid,58904.75
5533,20908,2024-11-02,Debit Card,Paid,23517.75
5534,22328,2024-11-02,Net Banking,Paid,8322.95
5535,2213,2024-11-02,Debit Card,Paid,10065.0
5536,13130,2024-11-02,Net Banking,Paid,2244.0
5537,23684,2024-11-02,UPI,Paid,34665.0
5538,12034,2024-11-02,UPI,Paid,101509.15
5539,17432,2024-11-02,Credit Card,Paid,35817.3
5540,4642,2024-11-02,Cash on Delivery,Paid,2731.2
5541,20791,2024-11-02,Credit Card,Paid,110586.0
5542,4752,2024-11-02,Credit Card,Paid,8415.9
5543,18468,2024-11-02,Credit Card,Paid,18391.85
5544,3813,2024-11-03,UPI,Paid,94572.0
5545,2509,2024-11-03,UPI,Paid,53907.05
5546,8427,2024-11-03,Credit Card,Paid,1599.3
5547,11680,2024-11-03,Net Banking,Paid,113486.4
5548,22381,2024-11-03,UPI,Paid,3768.8
5549,17737,2024-11-03,UPI,Paid,4836.75
5550,10611,2024-11-03,UPI,Paid,33997.1
5551,23324,2024-11-03,Cash on Delivery,Paid,20775.0
5552,5291,2024-11-03,Credit Card,Paid,29953.45
5553,20067,2024-11-03,UPI,Paid,6493.25
5554,6105,2024-11-03,UPI,Paid,5036.0
5555,4442,2024-11-03,UPI,Paid,1620.0
5556,5730,2024-11-03,Net Banking,Paid,35464.5
5557,20775,2024-11-03,Credit Card,Paid,40224.75
5558,4550,2024-11-03,Debit Card,Paid,45866.0
5559,21983,2024-11-03,Credit Card,Paid,7540.95
5560,3997,2024-11-03,UPI,Paid,57781.0
5561,636,2024-11-03,UPI,Paid,1903.8
5562,21736,2024-11-03,UPI,Paid,15268.3
5563,4308,2024-11-04,Credit Card,Paid,49016.8
5564,21230,2024-11-04,UPI,Paid,9577.25
5565,19473,2024-11-04,UPI,Paid,65277.1
5566,628,2024-11-04,UPI,Paid,6578.75
5567,15126,2024-11-04,Credit Card,Paid,6788.3
5568,1564,2024-11-04,Net Banking,Paid,8537.0
5569,19516,2024-11-04,Net Banking,Paid,6973.0
5570,22552,2024-11-04,UPI,Paid,48295.3
5571,7203,2024-11-04,UPI,Paid,28322.35
5572,22635,2024-11-04,UPI,Paid,14531.6
5573,14508,2024-11-04,Cash on Delivery,Paid,9210.6
5574,10825,2024-11-04,UPI,Paid,19209.0
5575,9050,2024-11-04,Debit Card,Paid,26000.25
5576,23601,2024-11-04,Net Banking,Paid,9543.8
5577,4873,2024-11-04,Credit Card,Paid,9228.95
5578,18371,2024-11-04,UPI,Paid,4036.0
5579,23323,2024-11-04,Credit Card,Paid,96701.2
5580,9011,2024-11-04,Cash on Delivery,Paid,8883.45
5581,9420,2024-11-04,Net Banking,Paid,2694.0
5582,7745,2024-11-04,Credit Card,Paid,29561.6
5583,10748,2024-11-04,Credit Card,Paid,44444.2
5584,7512,2024-11-04,UPI,Paid,55869.6
5585,15609,2024-11-04,UPI,Paid,7863.15
5586,20727,2024-11-05,Cash on Delivery,Paid,16559.2
5587,21158,2024-11-05,UPI,Paid,118145.8
5588,2358,2024-11-05,Credit Card,Paid,49178.7
5589,18200,2024-11-05,Cash on Delivery,Paid,6973.0
5590,8959,2024-11-05,Net Banking,Paid,10592.3
5591,8093,2024-11-05,UPI,Paid,20406.4
5592,6487,2024-11-05,Credit Card,Paid,4619.7
5593,21744,2024-11-05,Net Banking,Paid,28768.25
5594,22503,2024-11-05,Cash on Delivery,Paid,16921.3
5595,10714,2024-11-05,Credit Card,Paid,105819.4
5596,3754,2024-11-05,Cash on Delivery,Paid,13657.65
5597,11775,2024-11-05,Credit Card,Paid,34661.7
5598,20050,2024-11-05,UPI,Paid,8042.7
5599,1865,2024-11-05,Cash on Delivery,Paid,15582.6
5600,3471,2024-11-05,Net Banking,Paid,10225.5
5601,2799,2024-11-05,Debit Card,Paid,9283.0
5602,23447,2024-11-05,UPI,Paid,12199.9
5603,7074,2024-11-05,UPI,Paid,153813.8
5604,1664,2024-11-05,Net Banking,Paid,71143.9
5605,9902,2024-11-05,UPI,Paid,44782.2
5606,6338,2024-11-05,UPI,Paid,39113.0
5607,7820,2024-11-05,UPI,Paid,12199.9
5608,14488,2024-11-05,Debit Card,Paid,26896.15
5609,12104,2024-11-05,Credit Card,Paid,56375.95
5610,6554,2024-11-06,Credit Card,Paid,55910.95
5611,2230,2024-11-06,UPI,Paid,8144.65
5612,16243,2024-11-06,Cash on Delivery,Paid,3019.5
5613,15971,2024-11-06,UPI,Paid,33163.8
5614,7033,2024-11-06,Credit Card,Paid,76833.9
5615,21460,2024-11-06,Cash on Delivery,Paid,4363.05
5616,5474,2024-11-06,UPI,Paid,11650.3
5617,6417,2024-11-06,Credit Card,Paid,6828.0
5618,2876,2024-11-06,Debit Card,Paid,137382.0
5619,3202,2024-11-06,Credit Card,Paid,28530.15
5620,23327,2024-11-06,Cash on Delivery,Paid,3239.5
5621,24914,2024-11-06,Credit Card,Paid,24988.0
5622,8238,2024-11-06,UPI,Paid,16191.7
5623,3175,2024-11-06,UPI,Paid,62605.9
5624,21586,2024-11-06,Credit Card,Paid,5740.3
5625,2110,2024-11-06,Credit Card,Paid,5447.2
5626,4084,2024-11-06,Cash on Delivery,Paid,2557.5
5627,6207,2024-11-07,UPI,Paid,26709.2
5628,6212,2024-11-07,Debit Card,Paid,31448.8
5629,1854,2024-11-07,Debit Card,Paid,3476.0
5630,4833,2024-11-07,Debit Card,Paid,71763.15
5631,24294,2024-11-07,UPI,Paid,10977.25
5632,1660,2024-11-07,UPI,Paid,20625.1
5633,959,2024-11-07,UPI,Paid,5290.2
5634,19343,2024-11-07,Debit Card,Paid,886.4
5635,6189,2024-11-07,Cash on Delivery,Paid,8279.75
5636,14416,2024-11-07,Credit Card,Paid,32644.8
5637,22489,2024-11-07,Credit Card,Paid,415.0
5638,24282,2024-11-07,Credit Card,Paid,21065.1
5639,13222,2024-11-07,Net Banking,Paid,18287.75
5640,14925,2024-11-07,UPI,Paid,1311.8
5641,22289,2024-11-07,Debit Card,Paid,16855.2
5642,15508,2024-11-07,Debit Card,Paid,156848.0
5643,15509,2024-11-07,UPI,Paid,13501.7
5644,3922,2024-11-07,Credit Card,Paid,40415.6
5645,3067,2024-11-07,Credit Card,Paid,19745.65
5646,23394,2024-11-07,Net Banking,Paid,11465.0
5647,400,2024-11-07,Cash on Delivery,Paid,110176.35
5648,24896,2024-11-08,Cash on Delivery,Paid,93102.7
5649,10667,2024-11-08,UPI,Paid,15555.2
5650,16856,2024-11-08,Debit Card,Paid,3355.0
5651,12060,2024-11-08,Cash on Delivery,Paid,54304.8
5652,20755,2024-11-08,Credit Card,Paid,23613.8
5653,6910,2024-11-08,UPI,Paid,24154.85
5654,694,2024-11-08,Debit Card,Paid,159998.2
5655,3307,2024-11-08,UPI,Paid,7455.25
5656,13461,2024-11-08,Cash on Delivery,Paid,22008.0
5657,2532,2024-11-08,UPI,Paid,119400.0
5658,12931,2024-11-08,UPI,Paid,70481.15
5659,24801,2024-11-08,UPI,Paid,132416.0
5660,4111,2024-11-08,Net Banking,Paid,10148.4
5661,20021,2024-11-09,Net Banking,Paid,39960.7
5662,7957,2024-11-09,Net Banking,Paid,10594.4
5663,22711,2024-11-09,UPI,Paid,59365.05
5664,20836,2024-11-09,UPI,Paid,14484.0
5665,21444,2024-11-09,Credit Card,Paid,127946.5
5666,16819,2024-11-09,Cash on Delivery,Paid,116326.0
5667,13726,2024-11-09,UPI,Paid,68872.95
5668,20990,2024-11-09,Debit Card,Paid,50863.6
5669,7088,2024-11-09,UPI,Paid,6151.5
5670,5465,2024-11-09,UPI,Paid,10716.75
5671,3280,2024-11-09,UPI,Paid,1390.4
5672,20969,2024-11-09,UPI,Paid,11807.1
5673,20686,2024-11-09,UPI,Paid,64848.0
5674,2182,2024-11-09,Cash on Delivery,Paid,10266.0
5675,63,2024-11-09,Credit Card,Paid,4524.85
5676,13256,2024-11-09,Net Banking,Paid,16893.75
5677,15391,2024-11-09,UPI,Paid,4266.15
5678,12638,2024-11-09,Cash on Delivery,Paid,56271.7
5679,7107,2024-11-09,UPI,Paid,4171.2
5680,6386,2024-11-09,UPI,Paid,148631.1
5681,12484,2024-11-09,Net Banking,Paid,121521.8
5682,21955,2024-11-09,UPI,Paid,7137.0
5683,3890,2024-11-09,Credit Card,Paid,104065.65
5684,21277,2024-11-09,UPI,Paid,101616.0
5685,7008,2024-11-09,Credit Card,Paid,11515.5
5686,17038,2024-11-09,UPI,Paid,1397.0
5687,5115,2024-11-09,Credit Card,Paid,33118.5
5688,18024,2024-11-09,Credit Card,Paid,21180.25
5689,2872,2024-11-10,UPI,Paid,28286.2
5690,13575,2024-11-10,UPI,Paid,5087.0
5691,17860,2024-11-10,UPI,Paid,4323.95
5692,7452,2024-11-10,Cash on Delivery,Paid,71381.1
5693,10800,2024-11-10,Cash on Delivery,Paid,1332.75
5694,10027,2024-11-10,UPI,Paid,1350.0
5695,7717,2024-11-10,Net Banking,Paid,87113.7
5696,9209,2024-11-10,UPI,Paid,22070.0
5697,18204,2024-11-10,Cash on Delivery,Paid,6039.0
5698,17333,2024-11-10,Debit Card,Paid,8238.6
5699,7249,2024-11-10,UPI,Paid,4638.4
5700,8122,2024-11-10,Cash on Delivery,Paid,5229.75
5701,1109,2024-11-10,Credit Card,Paid,111937.5
5702,11766,2024-11-10,UPI,Paid,31261.0
5703,2087,2024-11-10,Debit Card,Paid,123649.2
5704,8108,2024-11-10,UPI,Paid,11066.4
5705,6979,2024-11-10,Credit Card,Paid,7683.3
5706,5996,2024-11-10,UPI,Paid,21069.0
5707,12962,2024-11-10,UPI,Paid,1152.75
5708,15287,2024-11-10,Net Banking,Paid,141858.0
5709,22944,2024-11-10,Cash on Delivery,Paid,415.0
5710,23052,2024-11-10,Debit Card,Paid,11296.05
5711,12739,2024-11-10,Debit Card,Paid,39806.0
5712,16827,2024-11-10,Cash on Delivery,Paid,15238.8
5713,16050,2024-11-11,UPI,Paid,136624.05
5714,20674,2024-11-11,Credit Card,Paid,7511.4
5715,1440,2024-11-11,Credit Card,Paid,37815.7
5716,18115,2024-11-11,Credit Card,Paid,67113.3
5717,15000,2024-11-11,Cash on Delivery,Paid,7196.1
5718,14790,2024-11-11,Credit Card,Paid,14827.45
5719,9535,2024-11-11,Credit Card,Paid,107347.95
5720,1483,2024-11-11,Net Banking,Paid,26132.9
5721,12088,2024-11-11,Credit Card,Paid,11557.8
5722,13757,2024-11-11,UPI,Paid,10340.6
5723,16138,2024-11-11,Debit Card,Paid,66961.2
5724,15966,2024-11-11,Debit Card,Paid,5086.8
5725,19052,2024-11-11,UPI,Paid,127221.15
5726,17604,2024-11-11,UPI,Paid,515.85
5727,3350,2024-11-11,UPI,Paid,17908.65
5728,17662,2024-11-11,UPI,Paid,6135.3
5729,13986,2024-11-11,UPI,Paid,25482.55
5730,22495,2024-11-11,Credit Card,Paid,51488.4
5731,15602,2024-11-12,Cash on Delivery,Paid,41836.55
5732,7150,2024-11-12,UPI,Paid,30915.7
5733,15688,2024-11-12,UPI,Paid,7358.45
5734,8453,2024-11-12,UPI,Paid,14443.4
5735,15479,2024-11-12,UPI,Paid,113706.9
5736,2417,2024-11-12,Cash on Delivery,Paid,2728.0
5737,21512,2024-11-12,Net Banking,Paid,147862.8
5738,5578,2024-11-12,Cash on Delivery,Paid,24399.8
5739,11637,2024-11-12,Cash on Delivery,Paid,19643.2
5740,16231,2024-11-12,Debit Card,Paid,42253.5
5741,22952,2024-11-12,Credit Card,Paid,85287.6
5742,1778,2024-11-12,UPI,Paid,10294.2
5743,16438,2024-11-12,Net Banking,Paid,20065.5
5744,7160,2024-11-12,Credit Card,Paid,9439.0
5745,19248,2024-11-12,Credit Card,Paid,73492.0
5746,9147,2024-11-12,Credit Card,Paid,33210.1
5747,5676,2024-11-12,Net Banking,Paid,3355.0
5748,21134,2024-11-12,Credit Card,Paid,51377.5
5749,12271,2024-11-12,Cash on Delivery,Paid,41073.2
5750,15173,2024-11-12,Credit Card,Paid,26906.4
5751,18955,2024-11-12,Net Banking,Paid,80878.4
5752,9507,2024-11-12,UPI,Paid,4711.0
5753,16510,2024-11-12,Debit Card,Paid,21239.8
5754,19251,2024-11-12,Credit Card,Paid,16254.0
5755,23871,2024-11-12,UPI,Paid,26852.1
5756,11783,2024-11-12,UPI,Paid,150151.1
5757,8705,2024-11-12,Credit Card,Paid,8818.85
5758,2790,2024-11-12,Debit Card,Paid,113957.7
5759,19983,2024-11-12,UPI,Paid,7819.2
5760,11373,2024-11-12,UPI,Paid,103807.9
5761,10585,2024-11-12,Cash on Delivery,Paid,112707.0
5762,6409,2024-11-13,UPI,Paid,7066.5
5763,4179,2024-11-13,Credit Card,Paid,2873.6
5764,11298,2024-11-13,Cash on Delivery,Paid,3419.1
5765,1553,2024-11-13,Cash on Delivery,Paid,161677.3
5766,23642,2024-11-13,Cash on Delivery,Paid,19740.65
5767,505,2024-11-13,UPI,Paid,42012.4
5768,4918,2024-11-13,UPI,Paid,59786.1
5769,18761,2024-11-13,Credit Card,Paid,33489.6
5770,18742,2024-11-13,Net Banking,Paid,33845.0
5771,2215,2024-11-13,Credit Card,Paid,5994.4
5772,2753,2024-11-13,Cash on Delivery,Paid,488.7
5773,7698,2024-11-13,Credit Card,Paid,41204.2
5774,10316,2024-11-13,UPI,Paid,33286.9
5775,17805,2024-11-14,Debit Card,Paid,68780.3
5776,20486,2024-11-14,UPI,Paid,63431.25
5777,13722,2024-11-14,UPI,Paid,31646.8
5778,21016,2024-11-14,Net Banking,Paid,18902.0
5779,15226,2024-11-14,UPI,Paid,6600.0
5780,8784,2024-11-14,Credit Card,Paid,24651.05
5781,4868,2024-11-14,UPI,Paid,30050.0
5782,13597,2024-11-14,Net Banking,Paid,197024.25
5783,12496,2024-11-14,UPI,Paid,117042.0
5784,7166,2024-11-14,Cash on Delivery,Paid,11716.4
5785,19585,2024-11-14,Debit Card,Paid,10599.65
5786,14985,2024-11-14,UPI,Paid,10002.3
5787,11787,2024-11-14,Cash on Delivery,Paid,16645.9
5788,9250,2024-11-14,UPI,Paid,25984.4
5789,5688,2024-11-14,Net Banking,Paid,22132.8
5790,19269,2024-11-14,Net Banking,Paid,24643.8
5791,15850,2024-11-15,Credit Card,Paid,354366.25
5792,5698,2024-11-15,Debit Card,Paid,57463.4
5793,22940,2024-11-15,UPI,Paid,27849.0
5794,11800,2024-11-15,Credit Card,Paid,213.3
5795,1406,2024-11-15,Debit Card,Paid,47286.0
5796,21325,2024-11-15,UPI,Paid,4265.0
5797,1418,2024-11-15,UPI,Paid,80690.65
5798,16956,2024-11-15,Cash on Delivery,Paid,5126.2
5799,23925,2024-11-15,Debit Card,Paid,48926.05
5800,12475,2024-11-15,Credit Card,Paid,82474.3
5801,8785,2024-11-15,Credit Card,Paid,120824.1
5802,333,2024-11-15,Credit Card,Paid,111776.0
5803,6059,2024-11-15,UPI,Paid,1108.0
5804,6183,2024-11-15,UPI,Paid,117758.4
5805,274,2024-11-15,Debit Card,Paid,28138.4
5806,15020,2024-11-16,Cash on Delivery,Paid,10011.65
5807,10938,2024-11-16,UPI,Paid,13014.0
5808,4880,2024-11-16,Credit Card,Paid,47195.05
5809,22873,2024-11-16,UPI,Paid,144816.75
5810,2008,2024-11-16,UPI,Paid,5368.0
5811,14688,2024-11-16,UPI,Paid,67849.7
5812,10025,2024-11-16,UPI,Paid,28841.15
5813,21293,2024-11-16,UPI,Paid,60607.7
5814,21139,2024-11-16,Credit Card,Paid,14272.0
5815,21467,2024-11-16,Credit Card,Paid,68115.5
5816,15359,2024-11-16,UPI,Paid,18566.0
5817,14244,2024-11-16,Debit Card,Paid,13221.0
5818,8473,2024-11-16,Credit Card,Paid,54217.0
5819,1748,2024-11-16,UPI,Paid,4334.4
5820,9654,2024-11-16,UPI,Paid,7100.3
5821,12529,2024-11-16,UPI,Paid,4296.75
5822,23,2024-11-16,Net Banking,Paid,5809.75
5823,14270,2024-11-16,Net Banking,Paid,1592.9
5824,8974,2024-11-16,Cash on Delivery,Paid,13310.2
5825,22154,2024-11-16,Debit Card,Paid,30165.55
5826,5055,2024-11-16,UPI,Paid,48291.05
5827,15555,2024-11-17,UPI,Paid,22702.9
5828,14945,2024-11-17,UPI,Paid,2671.9
5829,3228,2024-11-17,Debit Card,Paid,238800.0
5830,23297,2024-11-17,UPI,Paid,23415.05
5831,19744,2024-11-17,UPI,Paid,50809.2
5832,9831,2024-11-17,Debit Card,Paid,30032.35
5833,13030,2024-11-17,UPI,Paid,36876.6
5834,4302,2024-11-17,Cash on Delivery,Paid,91839.8
5835,10114,2024-11-17,Net Banking,Paid,3019.5
5836,14944,2024-11-17,Credit Card,Paid,15206.0
5837,24906,2024-11-17,Credit Card,Paid,75604.75
5838,18354,2024-11-17,Debit Card,Paid,242157.25
5839,10187,2024-11-17,Debit Card,Paid,10590.75
5840,13799,2024-11-17,Credit Card,Paid,80383.2
5841,21075,2024-11-17,Credit Card,Paid,33100.2
5842,3418,2024-11-17,Cash on Delivery,Paid,461.55
5843,10042,2024-11-17,Debit Card,Paid,25398.0
5844,7678,2024-11-17,UPI,Paid,175169.7
5845,23483,2024-11-17,UPI,Paid,79228.8
5846,19949,2024-11-17,Cash on Delivery,Paid,296.1
5847,22049,2024-11-17,Credit Card,Paid,114091.8
5848,12921,2024-11-18,Net Banking,Paid,515.85
5849,17036,2024-11-18,Credit Card,Paid,21287.7
5850,8644,2024-11-18,Cash on Delivery,Paid,18405.9
5851,1894,2024-11-18,UPI,Paid,106989.0
5852,23385,2024-11-18,Net Banking,Paid,5549.75
5853,24652,2024-11-18,Cash on Delivery,Paid,96295.5
5854,14536,2024-11-18,UPI,Paid,3554.0
5855,643,2024-11-18,Debit Card,Paid,16671.3
5856,19410,2024-11-18,UPI,Paid,147279.6
5857,5761,2024-11-18,Credit Card,Paid,2700.0
5858,3084,2024-11-18,UPI,Paid,134325.0
5859,23921,2024-11-18,UPI,Paid,13487.4
5860,8196,2024-11-18,Cash on Delivery,Paid,2873.6
5861,7244,2024-11-18,Credit Card,Paid,2500.0
5862,17657,2024-11-18,Credit Card,Paid,10399.0
5863,15741,2024-11-18,UPI,Paid,5175.0
5864,15643,2024-11-18,Credit Card,Paid,57148.05
5865,14602,2024-11-19,Cash on Delivery,Paid,31448.8
5866,4557,2024-11-19,Debit Card,Paid,92623.5
5867,4435,2024-11-19,Debit Card,Paid,543.0
5868,24530,2024-11-19,Cash on Delivery,Paid,13201.0
5869,6977,2024-11-19,Credit Card,Paid,1249.25
5870,21835,2024-11-19,Cash on Delivery,Paid,11557.8
5871,11867,2024-11-19,UPI,Paid,28423.35
5872,14455,2024-11-19,Credit Card,Paid,3765.6
5873,3304,2024-11-19,Credit Card,Paid,4236.3
5874,17004,2024-11-19,UPI,Paid,63793.45
5875,963,2024-11-19,Credit Card,Paid,33291.8
5876,2469,2024-11-19,UPI,Paid,4106.4
5877,1330,2024-11-19,Debit Card,Paid,177299.95
5878,6466,2024-11-19,UPI,Paid,40274.7
5879,5273,2024-11-19,Debit Card,Paid,7474.0
5880,18467,2024-11-19,UPI,Paid,15940.8
5881,17512,2024-11-19,Cash on Delivery,Paid,42557.4
5882,5831,2024-11-20,Credit Card,Paid,168481.0
5883,2384,2024-11-20,Net Banking,Paid,9040.2
5884,2742,2024-11-20,Net Banking,Paid,49758.0
5885,10586,2024-11-20,Credit Card,Paid,39421.2
5886,14111,2024-11-20,Cash on Delivery,Paid,536.75
5887,22475,2024-11-20,Cash on Delivery,Paid,42170.7
5888,4872,2024-11-20,Debit Card,Paid,56960.1
5889,15789,2024-11-20,UPI,Paid,17054.1
5890,9506,2024-11-20,Debit Card,Paid,59361.45
5891,18946,2024-11-20,UPI,Paid,47382.0
5892,22157,2024-11-20,Credit Card,Paid,237.0
5893,19759,2024-11-20,Cash on Delivery,Paid,92026.35
5894,20524,2024-11-20,Net Banking,Paid,94755.0
5895,2463,2024-11-20,UPI,Paid,17006.7
5896,3380,2024-11-20,Debit Card,Paid,73833.0
5897,10511,2024-11-20,Net Banking,Paid,111937.5
5898,3620,2024-11-20,Credit Card,Paid,13127.7
5899,8383,2024-11-20,UPI,Paid,22319.4
5900,14977,2024-11-20,Credit Card,Paid,1143.75
5901,17151,2024-11-20,UPI,Paid,7100.3
5902,416,2024-11-20,UPI,Paid,43824.6
5903,7639,2024-11-21,Debit Card,Paid,18702.0
5904,23241,2024-11-21,Cash on Delivery,Paid,39890.4
5905,1165,2024-11-21,UPI,Paid,15366.6
5906,4156,2024-11-21,Credit Card,Paid,44255.8
5907,8323,2024-11-21,Cash on Delivery,Paid,32085.95
5908,4948,2024-11-21,UPI,Paid,1738.0
5909,3321,2024-11-21,UPI,Paid,10065.0
5910,4785,2024-11-21,Debit Card,Paid,21612.3
5911,17718,2024-11-21,Credit Card,Paid,5578.4
5912,20911,2024-11-21,Cash on Delivery,Paid,26456.55
5913,289,2024-11-21,Credit Card,Paid,4619.7
5914,22996,2024-11-21,UPI,Paid,981.6
5915,4846,2024-11-21,Credit Card,Paid,168043.8
5916,6898,2024-11-21,Cash on Delivery,Paid,263.15
5917,11765,2024-11-21,Debit Card,Paid,79801.7
5918,22033,2024-11-21,Cash on Delivery,Paid,18673.2
5919,9045,2024-11-21,Cash on Delivery,Paid,20505.0
5920,13327,2024-11-21,UPI,Paid,91789.0
5921,2889,2024-11-21,UPI,Paid,6652.8
5922,12789,2024-11-21,UPI,Paid,44347.5
5923,11912,2024-11-21,Debit Card,Paid,2898.5
5924,13548,2024-11-21,Debit Card,Paid,37101.0
5925,20068,2024-11-22,Credit Card,Paid,16554.0
5926,19190,2024-11-22,Net Banking,Paid,10974.35
5927,13679,2024-11-22,Debit Card,Paid,27193.35
5928,8692,2024-11-22,UPI,Paid,1306.45
5929,21203,2024-11-22,UPI,Paid,407.25
5930,16962,2024-11-22,UPI,Paid,143361.25
5931,4069,2024-11-22,Debit Card,Paid,60969.6
5932,22936,2024-11-22,UPI,Paid,38105.2
5933,11170,2024-11-22,UPI,Paid,86905.25
5934,9190,2024-11-22,Net Banking,Paid,11927.3
5935,6143,2024-11-22,UPI,Paid,1971.2
5936,9188,2024-11-22,Debit Card,Paid,2607.0
5937,22563,2024-11-22,Net Banking,Paid,4605.3
5938,10473,2024-11-22,Credit Card,Paid,58975.2
5939,1111,2024-11-23,UPI,Paid,5350.75
5940,15346,2024-11-23,Credit Card,Paid,103109.0
5941,13683,2024-11-23,UPI,Paid,3815.25
5942,12663,2024-11-23,Debit Card,Paid,157871.0
5943,19078,2024-11-23,Cash on Delivery,Paid,2464.0
5944,20947,2024-11-23,UPI,Paid,40274.7
5945,8985,2024-11-23,UPI,Paid,7777.6
5946,15936,2024-11-23,Net Banking,Paid,11276.0
5947,7139,2024-11-23,Debit Card,Paid,50741.7
5948,17855,2024-11-23,UPI,Paid,14017.6
5949,24350,2024-11-23,UPI,Paid,73360.5
5950,1216,2024-11-23,UPI,Paid,11968.8
5951,14031,2024-11-23,Credit Card,Paid,4872.8
5952,1927,2024-11-23,UPI,Paid,186284.1
5953,698,2024-11-23,Credit Card,Paid,20065.5
5954,24276,2024-11-23,Credit Card,Paid,42479.6
5955,20546,2024-11-23,UPI,Paid,4316.8
5956,9159,2024-11-23,UPI,Paid,39176.9
5957,23339,2024-11-23,UPI,Paid,46008.25
5958,25,2024-11-23,Cash on Delivery,Paid,29685.9
5959,19316,2024-11-23,Cash on Delivery,Paid,8159.4
5960,1684,2024-11-23,Credit Card,Paid,7935.05
5961,1501,2024-11-23,Cash on Delivery,Paid,900.0
5962,7642,2024-11-23,UPI,Paid,7426.4
5963,8334,2024-11-24,Cash on Delivery,Paid,4656.3
5964,9148,2024-11-24,Cash on Delivery,Paid,4692.6
5965,18594,2024-11-24,UPI,Paid,49468.0
5966,15449,2024-11-24,Credit Card,Paid,4533.0
5967,3584,2024-11-24,Credit Card,Paid,2654.3
5968,8039,2024-11-24,Credit Card,Paid,35675.55
5969,3970,2024-11-24,Net Banking,Paid,64558.35
5970,12699,2024-11-24,UPI,Paid,65695.2
5971,7357,2024-11-24,Debit Card,Paid,50971.15
5972,20657,2024-11-24,UPI,Paid,6864.75
5973,21879,2024-11-24,Cash on Delivery,Paid,14647.5
5974,7750,2024-11-24,Credit Card,Paid,60622.65
5975,18909,2024-11-24,Credit Card,Paid,22616.75
5976,21679,2024-11-24,UPI,Paid,33472.5
5977,12769,2024-11-24,Debit Card,Paid,22915.6
5978,14241,2024-11-24,Credit Card,Paid,19273.0
5979,7195,2024-11-24,Credit Card,Paid,70232.0
5980,2948,2024-11-25,Debit Card,Paid,2698.0
5981,20261,2024-11-25,Cash on Delivery,Paid,3355.0
5982,15649,2024-11-25,Debit Card,Paid,55024.7
5983,24357,2024-11-25,Cash on Delivery,Paid,8327.1
5984,6206,2024-11-25,Net Banking,Paid,189243.25
5985,2526,2024-11-25,Cash on Delivery,Paid,6726.6
5986,4454,2024-11-25,Net Banking,Paid,237.0
5987,11489,2024-11-25,Debit Card,Paid,37828.8
5988,10916,2024-11-25,Debit Card,Paid,4928.3
5989,6415,2024-11-25,UPI,Paid,76151.25
5990,14694,2024-11-25,Cash on Delivery,Paid,24592.0
5991,21429,2024-11-25,UPI,Paid,49656.0
5992,3655,2024-11-25,Net Banking,Paid,7035.45
5993,12609,2024-11-25,UPI,Paid,4428.0
5994,3303,2024-11-25,Cash on Delivery,Paid,7404.0
5995,16341,2024-11-25,Debit Card,Paid,40131.0
5996,2977,2024-11-25,UPI,Paid,2158.4
5997,15324,2024-11-25,Credit Card,Paid,119852.1
5998,12686,2024-11-25,Debit Card,Paid,13483.25
5999,24536,2024-11-25,UPI,Paid,22119.15
6000,14693,2024-11-26,Cash on Delivery,Paid,1448.75
6001,22669,2024-11-26,Credit Card,Paid,10712.2
6002,2172,2024-11-26,UPI,Paid,57582.4
6003,18161,2024-11-26,UPI,Paid,675.45
6004,13311,2024-11-26,Net Banking,Paid,10273.4
6005,16524,2024-11-26,Credit Card,Paid,16118.95
6006,12012,2024-11-26,Debit Card,Paid,7973.2
6007,24791,2024-11-26,Debit Card,Paid,62332.65
6008,12983,2024-11-26,Credit Card,Paid,32828.7
6009,21245,2024-11-26,Cash on Delivery,Paid,44921.7
6010,23716,2024-11-26,Cash on Delivery,Paid,14133.0
6011,22945,2024-11-26,UPI,Paid,8839.15
6012,16132,2024-11-26,UPI,Paid,24930.0
6013,6672,2024-11-26,Credit Card,Paid,78499.45
6014,22877,2024-11-26,Debit Card,Paid,35325.0
6015,329,2024-11-26,UPI,Paid,31382.4
6016,6519,2024-11-26,UPI,Paid,3232.8
6017,15376,2024-11-27,UPI,Paid,11481.4
6018,24613,2024-11-27,Credit Card,Paid,13264.2
6019,20375,2024-11-27,UPI,Paid,12305.0
6020,23647,2024-11-27,Cash on Delivery,Paid,63351.4
6021,12442,2024-11-27,Cash on Delivery,Paid,41863.25
6022,17460,2024-11-27,Credit Card,Paid,113245.75
6023,12822,2024-11-27,Credit Card,Paid,39014.0
6024,17116,2024-11-27,UPI,Paid,21069.0
6025,15206,2024-11-27,Debit Card,Paid,97568.15
6026,7805,2024-11-27,Debit Card,Paid,12590.0
6027,17521,2024-11-27,Cash on Delivery,Paid,45932.9
6028,16845,2024-11-27,Cash on Delivery,Paid,65535.2
6029,5222,2024-11-27,Cash on Delivery,Paid,12842.0
6030,3786,2024-11-27,Debit Card,Paid,20181.25
6031,9644,2024-11-27,Debit Card,Paid,4793.85
6032,22688,2024-11-27,Credit Card,Paid,1187.5
6033,10790,2024-11-27,UPI,Paid,66345.15
6034,814,2024-11-27,Credit Card,Paid,3053.2
6035,7427,2024-11-27,Net Banking,Paid,1941.8
6036,22481,2024-11-27,UPI,Paid,4106.4
6037,6351,2024-11-27,Credit Card,Paid,12270.6
6038,4147,2024-11-27,UPI,Paid,118818.3
6039,17771,2024-11-27,Credit Card,Paid,19243.2
6040,11827,2024-11-27,Debit Card,Paid,25247.6
6041,10902,2024-11-27,Credit Card,Paid,54615.9
6042,7110,2024-11-27,UPI,Paid,62624.0
6043,2006,2024-11-28,Cash on Delivery,Paid,4876.2
6044,22947,2024-11-28,Credit Card,Paid,7920.0
6045,19878,2024-11-28,UPI,Paid,2612.9
6046,14085,2024-11-28,Credit Card,Paid,94572.0
6047,2947,2024-11-28,UPI,Paid,22334.9
6048,842,2024-11-28,UPI,Paid,63464.4
6049,12911,2024-11-28,Credit Card,Paid,11563.2
6050,402,2024-11-28,Credit Card,Paid,20775.0
6051,7810,2024-11-28,UPI,Paid,30909.6
6052,20607,2024-11-28,UPI,Paid,63748.5
6053,16339,2024-11-28,Cash on Delivery,Paid,26166.8
6054,21411,2024-11-28,Credit Card,Paid,73416.6
6055,20170,2024-11-28,Cash on Delivery,Paid,14001.1
6056,15535,2024-11-28,Credit Card,Paid,125349.5
6057,17445,2024-11-28,Net Banking,Paid,1075.9
6058,24532,2024-11-28,UPI,Paid,104475.0
6059,2883,2024-11-28,UPI,Paid,57077.8
6060,5620,2024-11-29,UPI,Paid,4619.7
6061,9728,2024-11-29,UPI,Paid,78147.65
6062,6912,2024-11-29,UPI,Paid,1382.95
6063,13948,2024-11-29,UPI,Paid,1592.9
6064,14906,2024-11-29,Debit Card,Paid,4435.2
6065,15211,2024-11-29,Credit Card,Paid,1104.3
6066,2940,2024-11-29,Debit Card,Paid,11555.0
6067,3240,2024-11-29,Cash on Delivery,Paid,152892.9
6068,1569,2024-11-29,UPI,Paid,64616.2
6069,6559,2024-11-29,Cash on Delivery,Paid,27232.0
6070,1747,2024-11-29,Debit Card,Paid,106232.2
6071,19427,2024-11-29,Cash on Delivery,Paid,74227.5
6072,12753,2024-11-29,UPI,Paid,48251.0
6073,5020,2024-11-29,Credit Card,Paid,3027.0
6074,9327,2024-11-29,UPI,Paid,7256.45
6075,6473,2024-11-29,UPI,Paid,3093.6
6076,22248,2024-11-29,UPI,Paid,6726.6
6077,2919,2024-11-29,UPI,Paid,19869.7
6078,7225,2024-11-29,Credit Card,Paid,47037.5
6079,23966,2024-11-29,Cash on Delivery,Paid,16224.9
6080,401,2024-11-30,UPI,Paid,9781.6
6081,7423,2024-11-30,UPI,Paid,3239.5
6082,14899,2024-11-30,UPI,Paid,59068.6
6083,537,2024-11-30,Debit Card,Paid,3554.0
6084,15566,2024-11-30,Credit Card,Paid,34327.3
6085,12732,2024-11-30,Debit Card,Paid,31267.4
6086,426,2024-11-30,Net Banking,Paid,8714.4
6087,15571,2024-11-30,Debit Card,Paid,28237.9
6088,16844,2024-11-30,UPI,Paid,82987.2
6089,8255,2024-11-30,UPI,Paid,8428.6
6090,9585,2024-11-30,Debit Card,Paid,277.0
6091,19492,2024-11-30,UPI,Paid,11465.0
6092,13629,2024-11-30,UPI,Paid,23545.0
6093,21220,2024-11-30,Credit Card,Paid,11557.8
6094,12594,2024-11-30,Debit Card,Paid,3539.4
6095,23461,2024-11-30,UPI,Paid,11439.9
6096,15026,2024-11-30,Credit Card,Paid,1227.0
6097,13324,2024-11-30,Credit Card,Paid,120754.45
6098,15074,2024-11-30,Debit Card,Paid,89380.8
6099,21826,2024-11-30,Credit Card,Paid,7519.6
6100,17544,2024-11-30,Credit Card,Paid,31832.6
6101,21147,2024-11-30,UPI,Paid,76845.1
6102,11442,2024-11-30,Credit Card,Paid,19504.8
6103,21621,2024-11-30,UPI,Paid,249.3
6104,19021,2024-11-30,UPI,Paid,8886.2
6105,3912,2024-11-30,UPI,Paid,3302.2
6106,2575,2024-12-01,Net Banking,Paid,43063.8
6107,20326,2024-12-01,Credit Card,Paid,18214.0
6108,10777,2024-12-01,UPI,Paid,250027.0
6109,5038,2024-12-01,Cash on Delivery,Paid,6950.4
6110,1106,2024-12-01,Debit Card,Paid,6570.75
6111,2920,2024-12-01,Cash on Delivery,Paid,26298.3
6112,22300,2024-12-01,Credit Card,Paid,26615.2
6113,3166,2024-12-01,UPI,Paid,68294.25
6114,18881,2024-12-01,UPI,Paid,165.9
6115,4383,2024-12-01,Cash on Delivery,Paid,9098.7
6116,19705,2024-12-01,Net Banking,Paid,1125.0
6117,21322,2024-12-01,Credit Card,Paid,14680.4
6118,21578,2024-12-01,Debit Card,Paid,4605.3
6119,6431,2024-12-02,UPI,Paid,59361.45
6120,19724,2024-12-02,Debit Card,Paid,3601.9
6121,9160,2024-12-02,UPI,Paid,318591.2
6122,9152,2024-12-02,Credit Card,Paid,11803.6
6123,17236,2024-12-02,Debit Card,Paid,4047.0
6124,12212,2024-12-02,Debit Card,Paid,14606.85
6125,20713,2024-12-02,UPI,Paid,54325.8
6126,15976,2024-12-02,Credit Card,Paid,1062.5
6127,10448,2024-12-02,Credit Card,Paid,4692.6
6128,9184,2024-12-02,UPI,Paid,28532.0
6129,17441,2024-12-02,Credit Card,Paid,23329.0
6130,24108,2024-12-02,Credit Card,Paid,3542.15
6131,4613,2024-12-02,UPI,Paid,1383.3
6132,10298,2024-12-02,Credit Card,Paid,46405.9
6133,19749,2024-12-02,UPI,Paid,3313.15
6134,13654,2024-12-02,Net Banking,Paid,101664.6
6135,17832,2024-12-02,Cash on Delivery,Paid,125481.6
6136,6501,2024-12-02,UPI,Paid,9374.0
6137,680,2024-12-02,Credit Card,Paid,5886.25
6138,19774,2024-12-03,Debit Card,Paid,7474.0
6139,20951,2024-12-03,UPI,Paid,32186.75
6140,20924,2024-12-03,Debit Card,Paid,1688.15
6141,19627,2024-12-03,Credit Card,Paid,5886.25
6142,15460,2024-12-03,Cash on Delivery,Paid,12420.65
6143,14322,2024-12-03,UPI,Paid,40540.05
6144,15351,2024-12-03,UPI,Paid,7668.4
6145,5140,2024-12-03,UPI,Paid,47286.0
6146,5359,2024-12-03,UPI,Paid,26615.2
6147,277,2024-12-03,Cash on Delivery,Paid,33100.2
6148,2344,2024-12-03,UPI,Paid,39042.7
6149,6728,2024-12-03,UPI,Paid,10273.6
6150,19824,2024-12-03,UPI,Paid,1372.5
6151,7850,2024-12-03,Credit Card,Paid,16134.85
6152,15321,2024-12-03,UPI,Paid,56547.0
6153,8162,2024-12-03,UPI,Paid,543.0
6154,10157,2024-12-03,Cash on Delivery,Paid,25684.0
6155,15808,2024-12-03,Credit Card,Paid,44639.0
6156,6447,2024-12-03,UPI,Paid,2099.15
6157,19240,2024-12-03,UPI,Paid,44639.0
6158,22779,2024-12-04,UPI,Paid,137328.2
6159,22188,2024-12-04,UPI,Paid,83796.2
6160,20968,2024-12-04,Cash on Delivery,Paid,144465.45
6161,19933,2024-12-04,UPI,Paid,7890.55
6162,8352,2024-12-04,UPI,Paid,111266.75
6163,1519,2024-12-04,Debit Card,Paid,4707.0
6164,16709,2024-12-04,Cash on Delivery,Paid,6276.0
6165,3342,2024-12-04,Credit Card,Paid,3814.8
6166,14604,2024-12-04,Cash on Delivery,Paid,3554.4
6167,20875,2024-12-04,Cash on Delivery,Paid,3239.5
6168,2142,2024-12-04,UPI,Paid,20015.55
6169,18547,2024-12-04,UPI,Paid,56887.95
6170,22210,2024-12-04,Net Banking,Paid,10977.25
6171,16785,2024-12-04,Cash on Delivery,Paid,20962.25
6172,9910,2024-12-04,Cash on Delivery,Paid,148133.7
6173,21432,2024-12-04,Credit Card,Paid,8761.0
6174,11793,2024-12-04,Debit Card,Paid,50050.6
6175,16470,2024-12-04,UPI,Paid,14948.0
6176,1275,2024-12-04,Cash on Delivery,Paid,162852.2
6177,16748,2024-12-04,UPI,Paid,127255.6
6178,19205,2024-12-04,UPI,Paid,26918.7
6179,23700,2024-12-04,UPI,Paid,37569.0
6180,19844,2024-12-04,Net Banking,Paid,16816.5
6181,11504,2024-12-05,Cash on Delivery,Paid,5704.0
6182,8877,2024-12-05,UPI,Paid,10250.9
6183,24376,2024-12-05,Credit Card,Paid,8573.4
6184,20221,2024-12-05,Credit Card,Paid,9283.0
6185,21874,2024-12-05,Credit Card,Paid,25433.2
6186,4119,2024-12-05,Credit Card,Paid,55143.9
6187,7238,2024-12-05,Credit Card,Paid,1227.0
6188,24440,2024-12-05,Cash on Delivery,Paid,35825.4
6189,6124,2024-12-05,Debit Card,Paid,4758.0
6190,23245,2024-12-05,Cash on Delivery,Paid,23366.5
6191,19122,2024-12-05,Credit Card,Paid,67804.5
6192,15753,2024-12-05,UPI,Paid,33872.0
6193,13780,2024-12-06,Net Banking,Paid,57685.5
6194,20862,2024-12-06,Credit Card,Paid,5133.6
6195,6810,2024-12-06,UPI,Paid,16883.1
6196,4008,2024-12-06,Credit Card,Paid,3412.4
6197,7769,2024-12-06,Credit Card,Paid,6476.15
6198,20052,2024-12-06,UPI,Paid,11292.75
6199,5879,2024-12-06,Debit Card,Paid,4578.3
6200,15916,2024-12-06,Credit Card,Paid,11859.2
6201,9927,2024-12-06,Net Banking,Paid,6732.0
6202,3023,2024-12-06,UPI,Paid,76319.2
6203,20770,2024-12-06,UPI,Paid,10977.25
6204,19406,2024-12-06,Cash on Delivery,Paid,12156.6
6205,16635,2024-12-06,Credit Card,Paid,24183.0
6206,3234,2024-12-06,UPI,Paid,82376.05
6207,22183,2024-12-06,Debit Card,Paid,118819.6
6208,11689,2024-12-06,UPI,Paid,11764.35
6209,23427,2024-12-06,UPI,Paid,10363.5
6210,8862,2024-12-06,Credit Card,Paid,16816.5
6211,24827,2024-12-07,Net Banking,Paid,6726.6
6212,6157,2024-12-07,UPI,Paid,107151.8
6213,7385,2024-12-07,UPI,Paid,9203.6
6214,22470,2024-12-07,Credit Card,Paid,54612.45
6215,24330,2024-12-07,Debit Card,Paid,11811.05
6216,14842,2024-12-07,Cash on Delivery,Paid,4004.35
6217,12763,2024-12-07,Cash on Delivery,Paid,14716.9
6218,3413,2024-12-07,UPI,Paid,3068.85
6219,14167,2024-12-07,Credit Card,Paid,16838.2
6220,16190,2024-12-07,UPI,Paid,8647.2
6221,990,2024-12-07,Cash on Delivery,Paid,77646.5
6222,2793,2024-12-07,Debit Card,Paid,933.75
6223,22165,2024-12-07,Credit Card,Paid,3178.75
6224,15106,2024-12-07,Net Banking,Paid,747.9
6225,6856,2024-12-07,Debit Card,Paid,35929.5
6226,13422,2024-12-08,Cash on Delivery,Paid,31613.0
6227,19525,2024-12-08,Credit Card,Paid,20930.5
6228,6697,2024-12-08,UPI,Paid,14738.0
6229,5915,2024-12-08,Net Banking,Paid,4239.9
6230,9224,2024-12-08,Net Banking,Paid,11614.95
6231,18802,2024-12-08,UPI,Paid,13414.95
6232,18300,2024-12-08,Cash on Delivery,Paid,74000.7
6233,4426,2024-12-08,Credit Card,Paid,73179.3
6234,1679,2024-12-08,Cash on Delivery,Paid,1795.2
6235,4019,2024-12-08,Debit Card,Paid,24399.8
6236,11359,2024-12-08,Credit Card,Paid,11958.4
6237,6663,2024-12-09,Debit Card,Paid,48215.2
6238,24894,2024-12-09,UPI,Paid,11451.0
6239,2769,2024-12-09,Debit Card,Paid,8657.0
6240,9247,2024-12-09,UPI,Paid,17405.7
6241,1033,2024-12-09,Credit Card,Paid,66094.4
6242,1503,2024-12-09,Net Banking,Paid,27707.05
6243,23798,2024-12-09,UPI,Paid,63287.0
6244,9392,2024-12-09,Cash on Delivery,Paid,149412.0
6245,7549,2024-12-09,Cash on Delivery,Paid,6352.9
6246,1352,2024-12-09,Credit Card,Paid,74625.0
6247,22408,2024-12-09,Cash on Delivery,Paid,23057.7
6248,12818,2024-12-09,UPI,Paid,59958.0
6249,2705,2024-12-09,Credit Card,Paid,9879.05
6250,24883,2024-12-09,UPI,Paid,4079.7
6251,13237,2024-12-09,UPI,Paid,9083.6
6252,5871,2024-12-09,Debit Card,Paid,29601.7
6253,15861,2024-12-09,Cash on Delivery,Paid,3074.0
6254,9989,2024-12-09,Cash on Delivery,Paid,161117.0
6255,14107,2024-12-09,Credit Card,Paid,79115.1
6256,19065,2024-12-10,UPI,Paid,10213.5
6257,23586,2024-12-10,UPI,Paid,3853.05
6258,24106,2024-12-10,UPI,Paid,22201.05
6259,931,2024-12-10,Credit Card,Paid,35779.9
6260,14958,2024-12-10,Debit Card,Paid,6799.5
6261,17668,2024-12-10,Debit Card,Paid,2428.2
6262,14132,2024-12-10,UPI,Paid,22295.0
6263,12351,2024-12-10,Debit Card,Paid,37332.8
6264,11805,2024-12-10,Cash on Delivery,Paid,4475.45
6265,10906,2024-12-10,UPI,Paid,533.25
6266,12108,2024-12-10,UPI,Paid,2244.0
6267,527,2024-12-10,Credit Card,Paid,1795.2
6268,24562,2024-12-10,UPI,Paid,30146.85
6269,14047,2024-12-10,UPI,Paid,43674.75
6270,11443,2024-12-10,Cash on Delivery,Paid,18673.2
6271,19036,2024-12-10,Credit Card,Paid,53761.95
6272,12998,2024-12-10,Credit Card,Paid,74202.0
6273,2123,2024-12-11,Debit Card,Paid,9422.0
6274,13526,2024-12-11,Net Banking,Paid,3853.05
6275,6961,2024-12-11,Credit Card,Paid,3546.05
6276,17026,2024-12-11,Credit Card,Paid,2684.0
6277,10655,2024-12-11,Credit Card,Paid,38422.55
6278,24062,2024-12-11,UPI,Paid,167195.25
6279,4086,2024-12-11,Credit Card,Paid,126180.6
6280,4822,2024-12-11,UPI,Paid,21489.3
6281,7027,2024-12-11,Credit Card,Paid,11053.5
6282,22824,2024-12-11,Cash on Delivery,Paid,4236.3
6283,7037,2024-12-11,Cash on Delivery,Paid,10267.2
6284,2026,2024-12-11,Cash on Delivery,Paid,4220.85
6285,7569,2024-12-11,Cash on Delivery,Paid,17187.0
6286,13773,2024-12-11,Debit Card,Paid,21680.1
6287,7071,2024-12-11,Credit Card,Paid,11430.75
6288,4666,2024-12-11,Debit Card,Paid,6135.3
6289,23913,2024-12-11,Net Banking,Paid,543.0
6290,5237,2024-12-11,Cash on Delivery,Paid,6835.0
6291,2529,2024-12-12,UPI,Paid,67690.0
6292,10522,2024-12-12,Credit Card,Paid,8907.0
6293,1043,2024-12-12,Debit Card,Paid,3243.3
6294,24774,2024-12-12,Cash on Delivery,Paid,4239.9
6295,15018,2024-12-12,UPI,Paid,12937.1
6296,13973,2024-12-12,Cash on Delivery,Paid,170724.5
6297,14974,2024-12-12,UPI,Paid,6962.25
6298,15664,2024-12-12,Credit Card,Paid,13323.0
6299,16997,2024-12-12,Credit Card,Paid,3817.0
6300,16481,2024-12-12,Credit Card,Paid,63431.25
6301,393,2024-12-12,UPI,Paid,33749.9
6302,13305,2024-12-12,UPI,Paid,11648.5
6303,18360,2024-12-12,Cash on Delivery,Paid,11958.4
6304,7299,2024-12-12,Credit Card,Paid,434.4
6305,1744,2024-12-12,Cash on Delivery,Paid,157871.0
6306,12514,2024-12-12,Cash on Delivery,Paid,8752.45
6307,7694,2024-12-12,Debit Card,Paid,45012.9
6308,23741,2024-12-13,UPI,Paid,10273.6
6309,5962,2024-12-13,Credit Card,Paid,227840.4
6310,21,2024-12-13,Cash on Delivery,Paid,14769.6
6311,2785,2024-12-13,UPI,Paid,7013.25
6312,11444,2024-12-13,Credit Card,Paid,112758.5
6313,22593,2024-12-13,Credit Card,Paid,21588.3
6314,6238,2024-12-13,Cash on Delivery,Paid,45203.0
6315,20627,2024-12-13,UPI,Paid,9359.1
6316,6244,2024-12-13,Debit Card,Paid,151224.7
6317,19975,2024-12-13,UPI,Paid,13549.0
6318,5112,2024-12-13,Net Banking,Paid,1165.65
6319,24333,2024-12-13,Debit Card,Paid,26901.15
6320,11077,2024-12-13,Net Banking,Paid,92517.1
6321,10077,2024-12-14,UPI,Paid,6071.2
6322,14803,2024-12-14,Credit Card,Paid,44590.0
6323,21161,2024-12-14,Credit Card,Paid,43440.45
6324,3994,2024-12-14,Debit Card,Paid,123211.9
6325,13996,2024-12-14,Debit Card,Paid,124635.0
6326,24267,2024-12-14,UPI,Paid,44921.7
6327,19531,2024-12-14,UPI,Paid,1327.15
6328,11901,2024-12-14,UPI,Paid,46001.9
6329,612,2024-12-14,UPI,Paid,34665.0
6330,19837,2024-12-14,UPI,Paid,22463.9
6331,324,2024-12-14,UPI,Paid,141787.5
6332,9,2024-12-14,Debit Card,Paid,19757.8
6333,9671,2024-12-14,UPI,Paid,263043.9
6334,20655,2024-12-14,Net Banking,Paid,37815.7
6335,2036,2024-12-14,UPI,Paid,11455.1
6336,3153,2024-12-14,Credit Card,Paid,17993.95
6337,15079,2024-12-14,Credit Card,Paid,10792.0
6338,19604,2024-12-14,UPI,Paid,3533.25
6339,24884,2024-12-15,Net Banking,Paid,9283.0
6340,11967,2024-12-15,Credit Card,Paid,7184.0
6341,4844,2024-12-15,Cash on Delivery,Paid,5147.1
6342,24507,2024-12-15,Net Banking,Paid,12590.0
6343,24329,2024-12-15,Credit Card,Paid,52041.4
6344,41,2024-12-15,Credit Card,Paid,9244.0
6345,16183,2024-12-15,Credit Card,Paid,67054.55
6346,24856,2024-12-15,UPI,Paid,17491.6
6347,21866,2024-12-15,Debit Card,Paid,37688.5
6348,18963,2024-12-15,UPI,Paid,8250.8
6349,16771,2024-12-15,Credit Card,Paid,16088.0
6350,8856,2024-12-15,Cash on Delivery,Paid,4989.0
6351,6809,2024-12-15,Debit Card,Paid,11716.3
6352,15429,2024-12-15,Debit Card,Paid,40193.1
6353,20559,2024-12-15,Credit Card,Paid,2004.0
6354,6156,2024-12-15,UPI,Paid,28791.2
6355,15578,2024-12-15,Credit Card,Paid,4707.0
6356,23135,2024-12-15,UPI,Paid,48045.2
6357,20377,2024-12-16,Debit Card,Paid,16721.25
6358,20749,2024-12-16,Credit Card,Paid,4015.2
6359,857,2024-12-16,Credit Card,Paid,32152.75
6360,3482,2024-12-16,UPI,Paid,152604.95
6361,6463,2024-12-16,UPI,Paid,15638.4
6362,23795,2024-12-16,Debit Card,Paid,4316.8
6363,3695,2024-12-16,UPI,Paid,84838.05
6364,8295,2024-12-16,UPI,Paid,5703.5
6365,6931,2024-12-16,UPI,Paid,1227.0
6366,15496,2024-12-16,Credit Card,Paid,10712.2
6367,2228,2024-12-16,Credit Card,Paid,41136.7
6368,4423,2024-12-16,UPI,Paid,10159.85
6369,23893,2024-12-16,UPI,Paid,1477.3
6370,12959,2024-12-16,Credit Card,Paid,211921.05
6371,1094,2024-12-17,UPI,Paid,1738.0
6372,19111,2024-12-17,UPI,Paid,81286.55
6373,15878,2024-12-17,UPI,Paid,62218.2
6374,11749,2024-12-17,UPI,Paid,7363.35
6375,11410,2024-12-17,Credit Card,Paid,450.3
6376,16376,2024-12-17,Debit Card,Paid,6450.35
6377,13801,2024-12-17,UPI,Paid,2082.0
6378,23107,2024-12-17,UPI,Paid,47477.2
6379,847,2024-12-17,UPI,Paid,96295.5
6380,22482,2024-12-17,UPI,Paid,6710.0
6381,24405,2024-12-17,UPI,Paid,5410.8
6382,22270,2024-12-17,Cash on Delivery,Paid,4239.9
6383,13486,2024-12-17,Credit Card,Paid,7791.3
6384,15050,2024-12-17,Cash on Delivery,Paid,3019.5
6385,16593,2024-12-17,UPI,Paid,42072.1
6386,6309,2024-12-17,Credit Card,Paid,21723.6
6387,410,2024-12-17,UPI,Paid,6295.0
6388,23386,2024-12-17,UPI,Paid,10451.6
6389,16090,2024-12-17,Debit Card,Paid,15366.6
6390,8858,2024-12-17,Cash on Delivery,Paid,8749.8
6391,15975,2024-12-17,Debit Card,Paid,17632.45
6392,543,2024-12-18,UPI,Paid,14608.8
6393,18472,2024-12-18,Credit Card,Paid,19956.25
6394,10997,2024-12-18,Net Banking,Paid,28654.4
6395,11040,2024-12-18,UPI,Paid,29844.25
6396,9520,2024-12-18,Credit Card,Paid,15452.8
6397,13246,2024-12-18,UPI,Paid,10465.2
6398,9777,2024-12-18,Cash on Delivery,Paid,40751.25
6399,12249,2024-12-18,Debit Card,Paid,85971.5
6400,1218,2024-12-18,UPI,Paid,11087.75
6401,18758,2024-12-18,UPI,Paid,6416.4
6402,4920,2024-12-18,Net Banking,Paid,14399.4
6403,19130,2024-12-18,Cash on Delivery,Paid,17092.5
6404,6358,2024-12-18,Credit Card,Paid,53361.25
6405,2383,2024-12-18,Cash on Delivery,Paid,15638.4
6406,20002,2024-12-18,Cash on Delivery,Paid,2849.25
6407,14804,2024-12-18,Credit Card,Paid,213.3
6408,14768,2024-12-18,UPI,Paid,10427.4
6409,17646,2024-12-18,Cash on Delivery,Paid,24592.0
6410,9149,2024-12-18,UPI,Paid,36791.0
6411,4712,2024-12-18,Net Banking,Paid,9722.0
6412,11173,2024-12-19,Cash on Delivery,Paid,34565.9
6413,2206,2024-12-19,Debit Card,Paid,5605.5
6414,6837,2024-12-19,Credit Card,Paid,6468.55
6415,10258,2024-12-19,UPI,Paid,20065.5
6416,12295,2024-12-19,Debit Card,Paid,7703.0
6417,9044,2024-12-19,UPI,Paid,83174.7
6418,12650,2024-12-19,UPI,Paid,27586.95
6419,2839,2024-12-19,Cash on Delivery,Paid,23615.85
6420,2860,2024-12-19,Credit Card,Paid,1780.3
6421,7606,2024-12-19,Credit Card,Paid,6973.0
6422,6393,2024-12-19,UPI,Paid,2054.25
6423,15201,2024-12-19,UPI,Paid,119377.0
6424,15481,2024-12-19,Cash on Delivery,Paid,25304.0
6425,18648,2024-12-19,Cash on Delivery,Paid,5418.0
6426,11416,2024-12-19,Credit Card,Paid,13764.05
6427,17049,2024-12-19,Debit Card,Paid,5113.9
6428,3194,2024-12-19,Debit Card,Paid,3302.2
6429,1544,2024-12-19,UPI,Paid,5969.55
6430,17190,2024-12-19,Cash on Delivery,Paid,54175.5
6431,9379,2024-12-19,Debit Card,Paid,3355.0
6432,22207,2024-12-19,Cash on Delivery,Paid,12374.4
6433,23497,2024-12-19,Debit Card,Paid,2563.1
6434,16091,2024-12-19,UPI,Paid,4044.0
6435,12836,2024-12-19,Credit Card,Paid,9562.25
6436,22144,2024-12-20,UPI,Paid,1390.4
6437,21718,2024-12-20,Credit Card,Paid,8253.6
6438,316,2024-12-20,Net Banking,Paid,3590.4
6439,10967,2024-12-20,UPI,Paid,8688.0
6440,4614,2024-12-20,UPI,Paid,270268.8
6441,8616,2024-12-20,Cash on Delivery,Paid,12199.9
6442,11103,2024-12-20,Credit Card,Paid,14890.2
6443,5034,2024-12-20,Debit Card,Paid,15561.0
6444,737,2024-12-20,UPI,Paid,41942.4
6445,20789,2024-12-20,Cash on Delivery,Paid,14913.05
6446,2914,2024-12-20,Cash on Delivery,Paid,2898.5
6447,9114,2024-12-20,UPI,Paid,5578.4
6448,11052,2024-12-20,UPI,Paid,18360.2
6449,6455,2024-12-20,UPI,Paid,6722.2
6450,21888,2024-12-20,Net Banking,Paid,101942.9
6451,21368,2024-12-20,Net Banking,Paid,37408.5
6452,18523,2024-12-20,UPI,Paid,131939.5
6453,1132,2024-12-20,Credit Card,Paid,67467.6
6454,4905,2024-12-21,Credit Card,Paid,14475.7
6455,3784,2024-12-21,UPI,Paid,38019.6
6456,21998,2024-12-21,UPI,Paid,82996.5
6457,10554,2024-12-21,Cash on Delivery,Paid,7603.8
6458,16829,2024-12-21,UPI,Paid,8845.2
6459,5493,2024-12-21,UPI,Paid,12112.6
6460,14043,2024-12-21,UPI,Paid,155453.6
6461,16578,2024-12-21,UPI,Paid,50808.0
6462,21453,2024-12-21,Cash on Delivery,Paid,66706.7
6463,6005,2024-12-21,Debit Card,Paid,19557.0
6464,17881,2024-12-21,UPI,Paid,6578.75
6465,7952,2024-12-21,Credit Card,Paid,191621.0
6466,16384,2024-12-21,Credit Card,Paid,488.7
6467,16672,2024-12-21,Credit Card,Paid,14628.6
6468,4819,2024-12-22,Credit Card,Paid,7662.7
6469,12924,2024-12-22,UPI,Paid,1599.3
6470,21994,2024-12-22,Credit Card,Paid,37628.0
6471,11360,2024-12-22,UPI,Paid,1537.0
6472,13514,2024-12-22,UPI,Paid,58764.45
6473,16990,2024-12-22,Debit Card,Paid,26871.05
6474,22526,2024-12-22,Credit Card,Paid,15366.6
6475,9612,2024-12-22,Credit Card,Paid,32303.85
6476,1822,2024-12-22,Credit Card,Paid,44664.0
6477,24177,2024-12-22,UPI,Paid,30142.0
6478,20712,2024-12-22,UPI,Paid,74781.0
6479,4425,2024-12-22,Credit Card,Paid,15251.65
6480,4228,2024-12-22,Cash on Delivery,Paid,1000.0
6481,3323,2024-12-22,UPI,Paid,106834.65
6482,397,2024-12-22,UPI,Paid,12384.8
6483,20792,2024-12-23,Cash on Delivery,Paid,59126.7
6484,10213,2024-12-23,UPI,Paid,41249.4
6485,17849,2024-12-23,Credit Card,Paid,26648.25
6486,10955,2024-12-23,Credit Card,Paid,1117.6
6487,3668,2024-12-23,UPI,Paid,79093.25
6488,15716,2024-12-23,Net Banking,Paid,32569.8
6489,239,2024-12-23,UPI,Paid,3867.0
6490,2763,2024-12-23,Cash on Delivery,Paid,16479.1
6491,20973,2024-12-23,UPI,Paid,111739.2
6492,16610,2024-12-23,Cash on Delivery,Paid,6128.1
6493,18806,2024-12-23,Credit Card,Paid,4758.0
6494,1017,2024-12-23,UPI,Paid,110807.3
6495,12910,2024-12-23,Cash on Delivery,Paid,119954.8
6496,22031,2024-12-23,Cash on Delivery,Paid,66345.15
6497,15877,2024-12-23,Net Banking,Paid,1777.0
6498,24971,2024-12-23,Cash on Delivery,Paid,12132.9
6499,18586,2024-12-23,Credit Card,Paid,154902.0
6500,3651,2024-12-23,UPI,Paid,16932.0
6501,150,2024-12-23,Credit Card,Paid,6128.1
6502,15834,2024-12-23,Net Banking,Paid,193309.35
6503,10059,2024-12-24,UPI,Paid,109644.3
6504,16118,2024-12-24,Net Banking,Paid,16668.0
6505,12026,2024-12-24,Credit Card,Paid,30740.45
6506,22119,2024-12-24,Cash on Delivery,Paid,15160.4
6507,23236,2024-12-24,UPI,Paid,67350.4
6508,8454,2024-12-24,Credit Card,Paid,13609.5
6509,14299,2024-12-24,UPI,Paid,89843.4
6510,20359,2024-12-24,UPI,Paid,69837.0
6511,20571,2024-12-24,Credit Card,Paid,1227.0
6512,112,2024-12-24,Credit Card,Paid,86152.3
6513,4882,2024-12-24,UPI,Paid,21424.4
6514,18076,2024-12-24,Credit Card,Paid,37787.2
6515,13427,2024-12-24,UPI,Paid,9599.0
6516,2794,2024-12-24,Debit Card,Paid,14559.5
6517,7271,2024-12-24,UPI,Paid,106108.4
6518,14174,2024-12-24,UPI,Paid,169311.25
6519,275,2024-12-24,UPI,Paid,3414.0
6520,765,2024-12-24,Cash on Delivery,Paid,28731.7
6521,20400,2024-12-24,Credit Card,Paid,18374.5
6522,12235,2024-12-24,Credit Card,Paid,29782.4
6523,7149,2024-12-24,Cash on Delivery,Paid,73445.45
6524,286,2024-12-24,UPI,Paid,89599.4
6525,8744,2024-12-25,Debit Card,Paid,115429.8
6526,4561,2024-12-25,UPI,Paid,5147.1
6527,7010,2024-12-25,Net Banking,Paid,6932.7
6528,16799,2024-12-25,Cash on Delivery,Paid,12568.3
6529,7899,2024-12-25,Debit Card,Paid,39954.95
6530,2454,2024-12-25,UPI,Paid,307800.9
6531,19622,2024-12-25,UPI,Paid,12842.0
6532,8474,2024-12-25,UPI,Paid,17766.9
6533,3568,2024-12-25,UPI,Paid,4004.35
6534,13372,2024-12-25,Cash on Delivery,Paid,28088.15
6535,17740,2024-12-25,UPI,Paid,8749.8
6536,6555,2024-12-25,UPI,Paid,67239.05
6537,23201,2024-12-25,UPI,Paid,17013.55
6538,16098,2024-12-25,UPI,Paid,13464.0
6539,19992,2024-12-25,UPI,Paid,3232.8
6540,12375,2024-12-25,Cash on Delivery,Paid,8110.15
6541,18160,2024-12-25,UPI,Paid,119418.0
6542,3676,2024-12-25,UPI,Paid,6973.0
6543,15438,2024-12-25,UPI,Paid,12493.5
6544,11522,2024-12-26,UPI,Paid,75718.5
6545,8476,2024-12-26,UPI,Paid,175568.7
6546,5936,2024-12-26,UPI,Paid,48944.4
6547,1832,2024-12-26,UPI,Paid,9631.5
6548,16725,2024-12-26,UPI,Paid,3244.45
6549,24132,2024-12-26,Cash on Delivery,Paid,6275.7
6550,21852,2024-12-26,Credit Card,Paid,3768.8
6551,16085,2024-12-26,Cash on Delivery,Paid,12990.8
6552,15903,2024-12-26,Net Banking,Paid,4306.35
6553,10986,2024-12-26,Debit Card,Paid,42942.85
6554,20329,2024-12-26,UPI,Paid,17447.7
6555,24842,2024-12-26,Net Banking,Paid,4002.0
6556,24266,2024-12-26,Credit Card,Paid,2464.0
6557,22047,2024-12-26,UPI,Paid,159235.75
6558,10816,2024-12-26,Credit Card,Paid,6041.8
6559,14129,2024-12-26,Credit Card,Paid,1086.0
6560,10616,2024-12-26,Cash on Delivery,Paid,1165.65
6561,3520,2024-12-26,Credit Card,Paid,249.3
6562,4455,2024-12-26,UPI,Paid,247298.4
6563,10392,2024-12-26,UPI,Paid,14497.95
6564,14572,2024-12-26,UPI,Paid,65833.15
6565,13496,2024-12-26,Debit Card,Paid,164907.5
6566,7586,2024-12-27,UPI,Paid,9231.9
6567,19609,2024-12-27,Cash on Delivery,Paid,38135.6
6568,1191,2024-12-27,UPI,Paid,64719.5
6569,22807,2024-12-27,Credit Card,Paid,26702.75
6570,6679,2024-12-27,Debit Card,Paid,4804.2
6571,10018,2024-12-27,Debit Card,Paid,2801.4
6572,4199,2024-12-27,Net Banking,Paid,4306.35
6573,760,2024-12-27,Debit Card,Paid,60064.7
6574,15035,2024-12-27,UPI,Paid,16586.0
6575,12374,2024-12-27,Debit Card,Paid,66752.5
6576,21746,2024-12-27,Debit Card,Paid,8322.95
6577,7871,2024-12-27,UPI,Paid,18741.0
6578,14904,2024-12-27,Debit Card,Paid,1303.5
6579,14521,2024-12-27,Cash on Delivery,Paid,868.8
6580,10728,2024-12-27,Credit Card,Paid,3232.8
6581,19727,2024-12-27,Credit Card,Paid,42407.05
6582,15679,2024-12-27,Credit Card,Paid,126862.5
6583,21806,2024-12-27,Credit Card,Paid,9718.5
6584,22882,2024-12-27,Cash on Delivery,Paid,6039.0
6585,22256,2024-12-27,Cash on Delivery,Paid,3187.25
6586,20856,2024-12-27,Cash on Delivery,Paid,2851.75
6587,12260,2024-12-27,UPI,Paid,49435.9
6588,7321,2024-12-27,Credit Card,Paid,14098.1
6589,1948,2024-12-28,Cash on Delivery,Paid,12682.8
6590,12802,2024-12-28,UPI,Paid,120220.8
6591,3398,2024-12-28,Debit Card,Paid,40562.95
6592,21151,2024-12-28,Credit Card,Paid,47036.4
6593,12113,2024-12-28,Debit Card,Paid,2563.1
6594,11191,2024-12-28,Debit Card,Paid,70893.75
6595,6418,2024-12-28,UPI,Paid,9280.8
6596,13439,2024-12-28,Debit Card,Paid,50416.85
6597,23686,2024-12-28,UPI,Paid,3412.0
6598,17502,2024-12-28,UPI,Paid,124144.7
6599,7760,2024-12-28,UPI,Paid,7619.4
6600,7548,2024-12-28,Credit Card,Paid,71236.4
6601,5056,2024-12-28,Debit Card,Paid,3975.3
6602,16160,2024-12-28,Credit Card,Paid,190846.4
6603,17016,2024-12-28,Cash on Delivery,Paid,37943.15
6604,17871,2024-12-28,Credit Card,Paid,4106.4
6605,6014,2024-12-28,UPI,Paid,22588.5
6606,9816,2024-12-28,Debit Card,Paid,86339.2
6607,11955,2024-12-28,Debit Card,Paid,8805.15
6608,13421,2024-12-28,Credit Card,Paid,12234.5
6609,2496,2024-12-28,UPI,Paid,7706.1
6610,897,2024-12-28,UPI,Paid,35928.05
6611,3838,2024-12-28,Credit Card,Paid,7203.45
6612,19628,2024-12-28,Cash on Delivery,Paid,142596.3
6613,8178,2024-12-28,UPI,Paid,24399.8
6614,23288,2024-12-28,UPI,Paid,47341.0
6615,24715,2024-12-28,UPI,Paid,262407.45
6616,10466,2024-12-29,UPI,Paid,37724.75
6617,5644,2024-12-29,UPI,Paid,1545.65
6618,3529,2024-12-29,Debit Card,Paid,25304.0
6619,6151,2024-12-29,UPI,Paid,9558.0
6620,16602,2024-12-29,Credit Card,Paid,37859.65
6621,17241,2024-12-29,Debit Card,Paid,75138.0
6622,8742,2024-12-29,Cash on Delivery,Paid,46485.8
6623,15523,2024-12-29,UPI,Paid,29795.5
6624,1133,2024-12-29,Credit Card,Paid,7474.0
6625,11869,2024-12-29,UPI,Paid,17331.75
6626,11312,2024-12-29,UPI,Paid,12842.0
6627,11625,2024-12-29,Net Banking,Paid,5087.0
6628,6448,2024-12-29,Debit Card,Paid,765.0
6629,5189,2024-12-29,UPI,Paid,49198.1
6630,12707,2024-12-29,Credit Card,Paid,105833.8
6631,16728,2024-12-29,Credit Card,Paid,71260.25
6632,19770,2024-12-30,Cash on Delivery,Paid,5996.7
6633,9699,2024-12-30,UPI,Paid,6545.1
6634,4802,2024-12-30,UPI,Paid,38645.25
6635,22694,2024-12-30,UPI,Paid,21313.4
6636,2449,2024-12-30,Cash on Delivery,Paid,488.7
6637,13073,2024-12-30,Net Banking,Paid,53230.4
6638,1623,2024-12-30,Credit Card,Paid,21400.0
6639,21357,2024-12-30,Debit Card,Paid,16904.0
6640,16298,2024-12-30,UPI,Paid,147512.0
6641,20893,2024-12-30,Debit Card,Paid,42643.8
6642,23937,2024-12-30,Debit Card,Paid,26168.7
6643,8506,2024-12-30,UPI,Paid,4306.35
6644,22926,2024-12-30,Cash on Delivery,Paid,9459.0
6645,14441,2024-12-30,Credit Card,Paid,12113.9
6646,6652,2024-12-30,UPI,Paid,83089.0
6647,455,2024-12-30,Cash on Delivery,Paid,77966.0
6648,10139,2024-12-30,UPI,Paid,89062.5
6649,11812,2024-12-30,Cash on Delivery,Paid,75811.2
6650,20567,2024-12-31,Net Banking,Paid,27713.8
6651,7968,2024-12-31,Credit Card,Paid,2563.1
6652,4489,2024-12-31,Credit Card,Paid,70437.3
6653,24233,2024-12-31,UPI,Paid,63673.3
6654,23370,2024-12-31,Net Banking,Paid,47313.8
6655,15122,2024-12-31,Cash on Delivery,Paid,51752.95
6656,6336,2024-12-31,Credit Card,Paid,3817.0
6657,4249,2024-12-31,Credit Card,Paid,26352.55
6658,24992,2024-12-31,Cash on Delivery,Paid,2208.6
6659,5817,2024-12-31,Credit Card,Paid,7099.2
6660,21115,2024-12-31,Debit Card,Paid,4002.0
6661,14642,2024-12-31,UPI,Paid,4239.9
6662,20000,2024-12-31,Debit Card,Paid,7474.0
6663,9980,2024-12-31,Cash on Delivery,Paid,900.0
6664,13661,2024-12-31,Debit Card,Paid,58345.8
6665,21098,2024-12-31,Credit Card,Paid,213.3
6666,10755,2024-12-31,UPI,Paid,49758.0
6667,7830,2025-01-01,UPI,Paid,137200.0
6668,24995,2025-01-01,Credit Card,Paid,4784.5
6669,17132,2025-01-01,Cash on Delivery,Paid,113797.2
6670,5527,2025-01-01,UPI,Paid,36514.0
6671,18478,2025-01-01,Debit Card,Paid,15848.45
6672,16473,2025-01-01,Credit Card,Paid,18121.6
6673,6646,2025-01-01,Debit Card,Paid,26528.4
6674,4048,2025-01-01,UPI,Paid,2293.3
6675,7912,2025-01-01,Cash on Delivery,Paid,76355.7
6676,21003,2025-01-01,UPI,Paid,2044.0
6677,195,2025-01-01,UPI,Paid,165.9
6678,2447,2025-01-01,Debit Card,Paid,9099.0
6679,11778,2025-01-01,Cash on Delivery,Paid,28196.2
6680,11261,2025-01-01,Debit Card,Paid,17454.85
6681,2277,2025-01-01,UPI,Paid,62016.75
6682,8682,2025-01-01,Credit Card,Paid,34664.4
6683,20915,2025-01-02,Credit Card,Paid,3410.0
6684,4330,2025-01-02,UPI,Paid,6962.25
6685,9015,2025-01-02,UPI,Paid,10230.0
6686,23850,2025-01-02,Credit Card,Paid,37884.6
6687,30,2025-01-02,Credit Card,Paid,76781.9
6688,14206,2025-01-02,Cash on Delivery,Paid,6135.3
6689,14655,2025-01-02,UPI,Paid,12006.0
6690,4597,2025-01-02,UPI,Paid,4296.75
6691,2208,2025-01-02,Cash on Delivery,Paid,52080.35
6692,6835,2025-01-02,Debit Card,Paid,7630.5
6693,13570,2025-01-02,UPI,Paid,22353.1
6694,24844,2025-01-02,Credit Card,Paid,22431.0
6695,1653,2025-01-02,Credit Card,Paid,60969.6
6696,7915,2025-01-02,Credit Card,Paid,28791.2
6697,7765,2025-01-02,Debit Card,Paid,7256.45
6698,9762,2025-01-02,UPI,Paid,19241.2
6699,11198,2025-01-02,Credit Card,Paid,62853.3
6700,11223,2025-01-02,Debit Card,Paid,18950.75
6701,1517,2025-01-02,UPI,Paid,19850.9
6702,10252,2025-01-02,UPI,Paid,29818.6
6703,18254,2025-01-02,UPI,Paid,4876.35
6704,8663,2025-01-02,Debit Card,Paid,72519.65
6705,18450,2025-01-02,UPI,Paid,7806.3
6706,10682,2025-01-02,Credit Card,Paid,6352.9
6707,4707,2025-01-02,Credit Card,Paid,21769.85
6708,22223,2025-01-02,Debit Card,Paid,3768.8
6709,19690,2025-01-03,Cash on Delivery,Paid,4185.15
6710,9023,2025-01-03,Credit Card,Paid,9526.0
6711,19396,2025-01-03,UPI,Paid,8103.5
6712,4443,2025-01-03,UPI,Paid,37905.6
6713,20738,2025-01-03,UPI,Paid,2217.6
6714,918,2025-01-03,UPI,Paid,705.5
6715,15072,2025-01-03,Credit Card,Paid,7598.0
6716,23509,2025-01-03,UPI,Paid,21355.05
6717,13868,2025-01-03,UPI,Paid,6803.4
6718,1479,2025-01-03,UPI,Paid,4475.45
6719,2296,2025-01-03,UPI,Paid,4763.0
6720,11182,2025-01-03,UPI,Paid,7118.35
6721,16052,2025-01-03,Debit Card,Paid,604.35
6722,9272,2025-01-03,Net Banking,Paid,106826.25
6723,1525,2025-01-03,UPI,Paid,58503.35
6724,11708,2025-01-03,Cash on Delivery,Paid,61062.5
6725,3785,2025-01-04,UPI,Paid,3206.4
6726,3336,2025-01-04,UPI,Paid,146993.95
6727,8029,2025-01-04,Credit Card,Paid,3533.25
6728,22065,2025-01-04,Cash on Delivery,Paid,3187.25
6729,297,2025-01-04,Credit Card,Paid,4239.9
6730,6573,2025-01-04,Cash on Delivery,Paid,141787.5
6731,7943,2025-01-04,Credit Card,Paid,923.1
6732,18745,2025-01-04,UPI,Paid,94572.0
6733,24959,2025-01-04,Debit Card,Paid,18885.0
6734,529,2025-01-04,UPI,Paid,10696.5
6735,13254,2025-01-04,Debit Card,Paid,186685.0
6736,3871,2025-01-04,Net Banking,Paid,8479.8
6737,20557,2025-01-04,Debit Card,Paid,4266.15
6738,18681,2025-01-04,Debit Card,Paid,10299.3
6739,12976,2025-01-04,Credit Card,Paid,156615.0
6740,23589,2025-01-04,UPI,Paid,4499.2
6741,10346,2025-01-04,Cash on Delivery,Paid,78126.1
6742,14702,2025-01-04,Credit Card,Paid,4286.7
6743,5666,2025-01-04,Credit Card,Paid,67624.2
6744,9744,2025-01-04,Credit Card,Paid,711.0
6745,17053,2025-01-04,UPI,Paid,2464.0
6746,1464,2025-01-04,Net Banking,Paid,3376.3
6747,23578,2025-01-05,Debit Card,Paid,3799.0
6748,1391,2025-01-05,Credit Card,Paid,6829.6
6749,24805,2025-01-05,UPI,Paid,2158.4
6750,13983,2025-01-05,UPI,Paid,25566.7
6751,7440,2025-01-05,Cash on Delivery,Paid,70393.5
6752,9370,2025-01-05,UPI,Paid,21255.6
6753,20905,2025-01-05,Credit Card,Paid,38393.35
6754,21037,2025-01-05,Credit Card,Paid,18030.85
6755,21769,2025-01-05,Cash on Delivery,Paid,13558.9
6756,17013,2025-01-05,UPI,Paid,26489.85
6757,12888,2025-01-05,Credit Card,Paid,70626.5
6758,7481,2025-01-05,Credit Card,Paid,1686.6
6759,14588,2025-01-05,Credit Card,Paid,5578.4
6760,16779,2025-01-05,Credit Card,Paid,237328.2
6761,21284,2025-01-06,UPI,Paid,24988.0
6762,12546,2025-01-06,UPI,Paid,1477.3
6763,19802,2025-01-06,Net Banking,Paid,7084.8
6764,8847,2025-01-06,Cash on Delivery,Paid,11408.0
6765,20716,2025-01-06,Cash on Delivery,Paid,180923.3
6766,15563,2025-01-06,Net Banking,Paid,77486.4
6767,2912,2025-01-06,Credit Card,Paid,237.0
6768,11321,2025-01-06,UPI,Paid,5944.2
6769,21976,2025-01-06,UPI,Paid,39027.6
6770,10168,2025-01-06,Cash on Delivery,Paid,34999.2
6771,18657,2025-01-06,Credit Card,Paid,22100.3
6772,5789,2025-01-06,Credit Card,Paid,68572.9
6773,19791,2025-01-06,Credit Card,Paid,30027.55
6774,14396,2025-01-06,UPI,Paid,3187.25
6775,21459,2025-01-06,Net Banking,Paid,11819.25
6776,23202,2025-01-06,UPI,Paid,39806.4
6777,23093,2025-01-06,Credit Card,Paid,3687.0
6778,15230,2025-01-06,Credit Card,Paid,3817.0
6779,5163,2025-01-07,UPI,Paid,1315.0
6780,394,2025-01-07,UPI,Paid,17107.85
6781,17430,2025-01-07,Credit Card,Paid,42105.3
6782,17922,2025-01-07,Cash on Delivery,Paid,54325.75
6783,22058,2025-01-07,UPI,Paid,165231.7
6784,5981,2025-01-07,Net Banking,Paid,78063.15
6785,4778,2025-01-07,UPI,Paid,18941.0
6786,21619,2025-01-07,UPI,Paid,14692.25
6787,14822,2025-01-07,Credit Card,Paid,4334.4
6788,17051,2025-01-07,UPI,Paid,32424.0
6789,6344,2025-01-07,Credit Card,Paid,123649.2
6790,17060,2025-01-08,Debit Card,Paid,7890.55
6791,14831,2025-01-08,Net Banking,Paid,277.0
6792,981,2025-01-08,Debit Card,Paid,47289.1
6793,219,2025-01-08,Credit Card,Paid,7426.4
6794,16342,2025-01-08,Credit Card,Paid,8479.8
6795,15575,2025-01-08,UPI,Paid,37905.6
6796,15650,2025-01-08,UPI,Paid,1537.0
6797,17984,2025-01-08,Debit Card,Paid,4766.3
6798,19647,2025-01-08,Credit Card,Paid,9821.75
6799,22860,2025-01-08,UPI,Paid,7228.0
6800,1346,2025-01-08,Debit Card,Paid,2563.1
6801,23719,2025-01-08,UPI,Paid,11854.1
6802,18203,2025-01-08,UPI,Paid,3412.0
6803,11610,2025-01-08,UPI,Paid,2862.75
6804,8413,2025-01-08,Credit Card,Paid,22295.0
6805,22689,2025-01-08,UPI,Paid,34289.55
6806,6007,2025-01-08,UPI,Paid,46865.4
6807,4677,2025-01-08,Debit Card,Paid,14893.7
6808,21399,2025-01-08,UPI,Paid,49976.0
6809,18752,2025-01-09,Cash on Delivery,Paid,22279.2
6810,21132,2025-01-09,UPI,Paid,5369.4
6811,11541,2025-01-09,Credit Card,Paid,3039.2
6812,16184,2025-01-09,Credit Card,Paid,110287.8
6813,23431,2025-01-09,Credit Card,Paid,125914.3
6814,23197,2025-01-09,Debit Card,Paid,62853.3
6815,17546,2025-01-09,Credit Card,Paid,5447.2
6816,23465,2025-01-09,UPI,Paid,5369.4
6817,2828,2025-01-09,Credit Card,Paid,5508.1
6818,15187,2025-01-09,Credit Card,Paid,10257.3
6819,22949,2025-01-09,UPI,Paid,291271.65
6820,7158,2025-01-09,Cash on Delivery,Paid,128447.6
6821,3532,2025-01-09,Credit Card,Paid,7890.55
6822,23162,2025-01-09,Credit Card,Paid,40175.1
6823,11013,2025-01-09,UPI,Paid,66862.0
6824,20059,2025-01-09,Debit Card,Paid,29793.6
6825,10000,2025-01-09,Cash on Delivery,Paid,8253.6
6826,14848,2025-01-09,Cash on Delivery,Paid,6962.25
6827,6139,2025-01-09,UPI,Paid,6132.7
6828,7951,2025-01-09,Cash on Delivery,Paid,8322.95
6829,11714,2025-01-09,UPI,Paid,33872.0
6830,12676,2025-01-09,Net Banking,Paid,6997.6
6831,20327,2025-01-09,Cash on Delivery,Paid,3435.3
6832,10799,2025-01-09,UPI,Paid,6624.35
6833,14342,2025-01-10,Cash on Delivery,Paid,11854.1
6834,21017,2025-01-10,Credit Card,Paid,3228.8
6835,20572,2025-01-10,Debit Card,Paid,99247.1
6836,5542,2025-01-10,Cash on Delivery,Paid,130311.9
6837,15728,2025-01-10,Debit Card,Paid,10977.25
6838,18647,2025-01-10,Cash on Delivery,Paid,116730.85
6839,5869,2025-01-10,UPI,Paid,223649.05
6840,11220,2025-01-10,Cash on Delivery,Paid,3419.1
6841,7909,2025-01-10,Cash on Delivery,Paid,6138.0
6842,11314,2025-01-10,Cash on Delivery,Paid,5350.75
6843,9316,2025-01-10,Net Banking,Paid,18583.2
6844,18325,2025-01-10,Net Banking,Paid,1257.3
6845,6412,2025-01-10,Debit Card,Paid,9244.0
6846,81,2025-01-10,Net Banking,Paid,94808.05
6847,11715,2025-01-11,Debit Card,Paid,5126.2
6848,9467,2025-01-11,UPI,Paid,9235.9
6849,17825,2025-01-11,Credit Card,Paid,3019.5
6850,1734,2025-01-11,Debit Card,Paid,53804.2
6851,7266,2025-01-11,Debit Card,Paid,263.15
6852,12399,2025-01-11,UPI,Paid,14121.0
6853,5275,2025-01-11,Credit Card,Paid,90472.85
6854,2956,2025-01-11,UPI,Paid,32398.8
6855,11683,2025-01-11,UPI,Paid,3572.25
6856,11540,2025-01-11,Credit Card,Paid,34271.7
6857,21801,2025-01-11,Credit Card,Paid,13239.4
6858,20883,2025-01-11,UPI,Paid,6954.8
6859,6215,2025-01-11,Credit Card,Paid,1062.5
6860,7397,2025-01-11,Credit Card,Paid,29985.3
6861,24410,2025-01-11,Debit Card,Paid,16709.4
6862,3232,2025-01-11,UPI,Paid,65944.8
6863,21222,2025-01-11,UPI,Paid,11762.45
6864,17536,2025-01-12,UPI,Paid,54955.2
6865,12143,2025-01-12,UPI,Paid,45757.15
6866,9959,2025-01-12,Cash on Delivery,Paid,5396.0
6867,14183,2025-01-12,UPI,Paid,10273.6
6868,18252,2025-01-12,Credit Card,Paid,37861.0
6869,9815,2025-01-12,Debit Card,Paid,94764.0
6870,12692,2025-01-12,Cash on Delivery,Paid,23049.9
6871,23215,2025-01-12,Credit Card,Paid,129984.6
6872,15208,2025-01-12,Debit Card,Paid,6003.0
6873,1444,2025-01-12,UPI,Paid,42942.85
6874,17148,2025-01-12,Debit Card,Paid,4707.0
6875,7974,2025-01-12,Credit Card,Paid,15896.7
6876,24289,2025-01-12,Debit Card,Paid,26310.65
6877,16981,2025-01-12,UPI,Paid,2557.5
6878,11697,2025-01-12,Cash on Delivery,Paid,235.45
6879,19548,2025-01-12,UPI,Paid,2004.0
6880,10369,2025-01-12,UPI,Paid,11575.3
6881,17801,2025-01-12,Credit Card,Paid,180956.2
6882,12168,2025-01-12,UPI,Paid,5652.0
6883,7649,2025-01-12,UPI,Paid,9283.0
6884,17630,2025-01-13,Credit Card,Paid,76151.25
6885,567,2025-01-13,Net Banking,Paid,11150.25
6886,21692,2025-01-13,Credit Card,Paid,7890.55
6887,24611,2025-01-13,Cash on Delivery,Paid,53663.4
6888,10370,2025-01-13,Credit Card,Paid,34554.3
6889,15270,2025-01-13,Credit Card,Paid,5115.0
6890,23889,2025-01-13,Net Banking,Paid,27560.4
6891,12670,2025-01-13,Credit Card,Paid,9722.0
6892,24569,2025-01-13,Net Banking,Paid,25684.0
6893,421,2025-01-13,Credit Card,Paid,2244.0
6894,6771,2025-01-13,UPI,Paid,50224.5
6895,22304,2025-01-13,Cash on Delivery,Paid,2125.0
6896,1983,2025-01-13,Debit Card,Paid,2250.0
6897,15938,2025-01-13,UPI,Paid,13268.8
6898,21523,2025-01-13,Credit Card,Paid,49356.4
6899,13749,2025-01-13,Cash on Delivery,Paid,120827.25
6900,15682,2025-01-13,Credit Card,Paid,9742.35
6901,7329,2025-01-13,Cash on Delivery,Paid,40709.15
6902,16451,2025-01-13,UPI,Paid,24977.3
6903,7488,2025-01-14,UPI,Paid,3801.9
6904,23010,2025-01-14,Net Banking,Paid,4334.4
6905,23854,2025-01-14,UPI,Paid,25393.4
6906,8096,2025-01-14,Debit Card,Paid,109171.3
6907,14666,2025-01-14,Cash on Delivery,Paid,4334.4
6908,2850,2025-01-14,Net Banking,Paid,8979.85
6909,17031,2025-01-14,Cash on Delivery,Paid,23307.45
6910,5241,2025-01-14,UPI,Paid,3765.6
6911,2343,2025-01-14,UPI,Paid,128256.8
6912,13767,2025-01-14,UPI,Paid,95553.0
6913,280,2025-01-14,UPI,Paid,82941.7
6914,6325,2025-01-14,Credit Card,Paid,237.0
6915,9680,2025-01-15,UPI,Paid,18582.9
6916,18546,2025-01-15,Debit Card,Paid,2698.0
6917,21117,2025-01-15,Debit Card,Paid,17499.6
6918,21766,2025-01-15,Cash on Delivery,Paid,3039.2
6919,5260,2025-01-15,UPI,Paid,38238.1
6920,96,2025-01-15,Credit Card,Paid,107242.8
6921,11953,2025-01-15,Debit Card,Paid,17096.8
6922,10250,2025-01-15,Cash on Delivery,Paid,112955.5
6923,19534,2025-01-15,UPI,Paid,23110.0
6924,22621,2025-01-15,UPI,Paid,12919.05
6925,12406,2025-01-15,Cash on Delivery,Paid,65041.2
6926,17629,2025-01-15,Credit Card,Paid,106005.3
6927,1465,2025-01-15,Debit Card,Paid,76484.4
6928,20983,2025-01-15,UPI,Paid,116779.8
6929,2867,2025-01-15,Credit Card,Paid,29793.6
6930,11395,2025-01-15,UPI,Paid,26748.75
6931,5712,2025-01-16,UPI,Paid,94346.4
6932,19775,2025-01-16,UPI,Paid,7426.4
6933,396,2025-01-16,UPI,Paid,63850.45
6934,3162,2025-01-16,UPI,Paid,47529.15
6935,12839,2025-01-16,Net Banking,Paid,4586.6
6936,6762,2025-01-16,Net Banking,Paid,141253.0
6937,8566,2025-01-16,UPI,Paid,9669.4
6938,5343,2025-01-16,Debit Card,Paid,67229.6
6939,20515,2025-01-16,Debit Card,Paid,12718.6
6940,18706,2025-01-16,UPI,Paid,23751.25
6941,13527,2025-01-16,UPI,Paid,831.0
6942,10570,2025-01-16,Debit Card,Paid,107043.5
6943,15922,2025-01-16,UPI,Paid,52907.4
6944,3381,2025-01-16,UPI,Paid,11156.8
6945,10419,2025-01-16,UPI,Paid,2464.0
6946,566,2025-01-16,Net Banking,Paid,981.6
6947,14975,2025-01-16,UPI,Paid,1327.15
6948,15671,2025-01-16,UPI,Paid,85287.6
6949,8825,2025-01-17,Credit Card,Paid,20065.5
6950,6801,2025-01-17,Credit Card,Paid,97048.7
6951,24459,2025-01-17,UPI,Paid,87569.5
6952,16519,2025-01-17,UPI,Paid,6352.9
6953,16569,2025-01-17,UPI,Paid,16586.0
6954,12172,2025-01-17,Credit Card,Paid,183856.0
6955,29,2025-01-17,UPI,Paid,14685.3
6956,22398,2025-01-17,Cash on Delivery,Paid,47382.0
6957,7066,2025-01-17,UPI,Paid,4186.65
6958,8098,2025-01-17,Cash on Delivery,Paid,4928.0
6959,15622,2025-01-17,UPI,Paid,25913.3
6960,14735,2025-01-17,Credit Card,Paid,6458.3
6961,829,2025-01-17,UPI,Paid,474.0
6962,13304,2025-01-17,UPI,Paid,10923.55
6963,3231,2025-01-17,Credit Card,Paid,2766.6
6964,868,2025-01-17,UPI,Paid,4471.65
6965,13328,2025-01-17,UPI,Paid,26696.2
6966,15344,2025-01-17,UPI,Paid,121019.8
6967,18526,2025-01-17,Net Banking,Paid,59428.3
6968,5606,2025-01-17,UPI,Paid,206811.75
6969,18817,2025-01-17,UPI,Paid,61271.0
6970,22601,2025-01-18,UPI,Paid,15238.8
6971,7223,2025-01-18,Cash on Delivery,Paid,6468.55
6972,7459,2025-01-18,Debit Card,Paid,11860.45
6973,15621,2025-01-18,Credit Card,Paid,51469.25
6974,4579,2025-01-18,UPI,Paid,32667.4
6975,19236,2025-01-18,Cash on Delivery,Paid,7893.2
6976,395,2025-01-18,UPI,Paid,34162.75
6977,13888,2025-01-18,UPI,Paid,11831.8
6978,7761,2025-01-18,UPI,Paid,3414.0
6979,4041,2025-01-18,Net Banking,Paid,49249.2
6980,8103,2025-01-18,Debit Card,Paid,2389.8
6981,11592,2025-01-18,Debit Card,Paid,1547.55
6982,20411,2025-01-18,UPI,Paid,24988.0
6983,6246,2025-01-18,Debit Card,Paid,19787.4
6984,11530,2025-01-18,UPI,Paid,15124.4
6985,22071,2025-01-18,Credit Card,Paid,86179.6
6986,6509,2025-01-18,UPI,Paid,213026.6
6987,19769,2025-01-18,Credit Card,Paid,70626.5
6988,12716,2025-01-18,Credit Card,Paid,8469.9
6989,5307,2025-01-18,Cash on Delivery,Paid,3817.0
6990,5928,2025-01-18,UPI,Paid,32352.5
6991,7834,2025-01-19,UPI,Paid,50608.0
6992,9986,2025-01-19,Debit Card,Paid,33881.75
6993,17784,2025-01-19,Cash on Delivery,Paid,8479.8
6994,11531,2025-01-19,UPI,Paid,7652.75
6995,5593,2025-01-19,Debit Card,Paid,7606.8
6996,21936,2025-01-19,UPI,Paid,132362.0
6997,12175,2025-01-19,Debit Card,Paid,42466.5
6998,22145,2025-01-19,Debit Card,Paid,21831.4
6999,4490,2025-01-19,UPI,Paid,7789.8
7000,20510,2025-01-19,UPI,Paid,143020.6
7001,16974,2025-01-19,Cash on Delivery,Paid,84865.7
7002,16505,2025-01-19,UPI,Paid,2665.5
7003,8819,2025-01-19,Cash on Delivery,Paid,3867.0
7004,14190,2025-01-19,UPI,Paid,30032.35
7005,4373,2025-01-19,UPI,Paid,14200.6
7006,10433,2025-01-19,UPI,Paid,105035.1
7007,10656,2025-01-19,Credit Card,Paid,6230.35
7008,23756,2025-01-19,Credit Card,Paid,13558.2
7009,3250,2025-01-19,Credit Card,Paid,59220.75
7010,15098,2025-01-19,UPI,Paid,56779.0
7011,22997,2025-01-19,Debit Card,Paid,8231.25
7012,20600,2025-01-19,Cash on Delivery,Paid,1031.7
7013,20653,2025-01-19,UPI,Paid,32451.8
7014,18558,2025-01-19,Debit Card,Paid,92068.25
7015,11934,2025-01-19,UPI,Paid,236806.5
7016,20351,2025-01-20,Debit Card,Paid,9543.8
7017,17724,2025-01-20,Credit Card,Paid,63005.0
7018,17029,2025-01-20,UPI,Paid,242599.8
7019,13493,2025-01-20,Debit Card,Paid,15751.75
7020,14993,2025-01-20,Credit Card,Paid,23548.25
7021,3167,2025-01-20,UPI,Paid,263.15
7022,8667,2025-01-20,UPI,Paid,24183.0
7023,10257,2025-01-20,Credit Card,Paid,89278.0
7024,8780,2025-01-20,UPI,Paid,6468.55
7025,20735,2025-01-20,UPI,Paid,1042.95
7026,220,2025-01-20,Debit Card,Paid,81877.8
7027,15865,2025-01-20,Cash on Delivery,Paid,2731.2
7028,8698,2025-01-20,UPI,Paid,3187.25
7029,928,2025-01-20,Credit Card,Paid,8818.85
7030,23013,2025-01-20,UPI,Paid,31247.3
7031,3552,2025-01-20,UPI,Paid,27115.85
7032,15871,2025-01-21,Net Banking,Paid,515.85
7033,10050,2025-01-21,Debit Card,Paid,44590.0
7034,19768,2025-01-21,UPI,Paid,68630.4
7035,1762,2025-01-21,Debit Card,Paid,9159.6
7036,4532,2025-01-21,UPI,Paid,5897.05
7037,3203,2025-01-21,Credit Card,Paid,4586.6
7038,22735,2025-01-21,UPI,Paid,63303.95
7039,21579,2025-01-21,Credit Card,Paid,2131.8
7040,1167,2025-01-21,Debit Card,Paid,113987.8
7041,13261,2025-01-21,Credit Card,Paid,7270.55
7042,4445,2025-01-21,Cash on Delivery,Paid,10225.5
7043,4720,2025-01-21,Debit Card,Paid,63287.0
7044,11039,2025-01-21,UPI,Paid,2044.0
7045,3354,2025-01-21,Cash on Delivery,Paid,4286.7
7046,11036,2025-01-21,Debit Card,Paid,45012.9
7047,18264,2025-01-21,UPI,Paid,147487.05
7048,17572,2025-01-22,UPI,Paid,68202.05
7049,19858,2025-01-22,Credit Card,Paid,11491.2
7050,17203,2025-01-22,UPI,Paid,12119.8
7051,19732,2025-01-22,Cash on Delivery,Paid,44978.4
7052,19680,2025-01-22,Debit Card,Paid,6914.5
7053,17592,2025-01-22,Debit Card,Paid,51730.5
7054,4169,2025-01-22,UPI,Paid,24988.0
7055,23540,2025-01-22,UPI,Paid,7113.05
7056,2531,2025-01-22,Debit Card,Paid,34397.8
7057,23547,2025-01-22,Debit Card,Paid,37147.5
7058,15661,2025-01-22,Credit Card,Paid,42643.8
7059,20141,2025-01-22,Credit Card,Paid,4044.3
7060,9439,2025-01-22,UPI,Paid,7474.0
7061,3932,2025-01-22,Net Banking,Paid,63867.3
7062,354,2025-01-22,Debit Card,Paid,7347.3
7063,3402,2025-01-22,UPI,Paid,123559.6
7064,763,2025-01-23,UPI,Paid,50460.3
7065,7921,2025-01-23,Net Banking,Paid,58389.9
7066,1829,2025-01-23,UPI,Paid,8818.85
7067,9168,2025-01-23,Net Banking,Paid,8247.3
7068,23590,2025-01-23,Net Banking,Paid,64674.5
7069,22283,2025-01-23,Credit Card,Paid,36289.05
7070,23805,2025-01-23,Net Banking,Paid,11557.8
7071,16825,2025-01-23,Credit Card,Paid,13248.7
7072,13436,2025-01-23,Cash on Delivery,Paid,6932.7
7073,9438,2025-01-23,UPI,Paid,50964.3
7074,1489,2025-01-23,UPI,Paid,373.5
7075,21654,2025-01-23,UPI,Paid,9562.4
7076,16977,2025-01-23,Cash on Delivery,Paid,94764.0
7077,6878,2025-01-23,UPI,Paid,63431.25
7078,14515,2025-01-23,Debit Card,Paid,5803.8
7079,14849,2025-01-23,Cash on Delivery,Paid,5216.2
7080,236,2025-01-23,Credit Card,Paid,28280.55
7081,15229,2025-01-23,UPI,Paid,26628.2
7082,21925,2025-01-23,UPI,Paid,156527.75
7083,16107,2025-01-23,Cash on Delivery,Paid,6003.0
7084,9963,2025-01-24,Credit Card,Paid,2560.5
7085,16585,2025-01-24,Credit Card,Paid,62005.5
7086,59,2025-01-24,UPI,Paid,7474.0
7087,22937,2025-01-24,Cash on Delivery,Paid,71562.75
7088,670,2025-01-24,Credit Card,Paid,7734.0
7089,3771,2025-01-24,UPI,Paid,26987.0
7090,23744,2025-01-24,UPI,Paid,83090.0
7091,7151,2025-01-24,UPI,Paid,25049.6
7092,1784,2025-01-24,UPI,Paid,3998.7
7093,12294,2025-01-24,UPI,Paid,9752.4
7094,11465,2025-01-24,UPI,Paid,12842.0
7095,9889,2025-01-24,Credit Card,Paid,6397.5
7096,7338,2025-01-24,UPI,Paid,1683.0
7097,15040,2025-01-24,UPI,Paid,3801.9
7098,3383,2025-01-24,Debit Card,Paid,5688.2
7099,13217,2025-01-25,Debit Card,Paid,35141.0
7100,23660,2025-01-25,UPI,Paid,68331.5
7101,3769,2025-01-25,Cash on Delivery,Paid,5087.0
7102,10544,2025-01-25,Net Banking,Paid,43828.95
7103,20533,2025-01-25,UPI,Paid,1397.0
7104,10519,2025-01-25,Cash on Delivery,Paid,1187.5
7105,7179,2025-01-25,UPI,Paid,235.45
7106,4598,2025-01-25,Cash on Delivery,Paid,23738.6
7107,22872,2025-01-25,Debit Card,Paid,1769.7
7108,141,2025-01-25,Net Banking,Paid,3072.6
7109,1422,2025-01-25,Credit Card,Paid,61587.0
7110,9066,2025-01-25,Credit Card,Paid,16341.6
7111,594,2025-01-25,Debit Card,Paid,75657.6
7112,17059,2025-01-25,Cash on Delivery,Paid,22666.35
7113,16668,2025-01-25,UPI,Paid,6135.3
7114,5395,2025-01-25,Debit Card,Paid,21008.25
7115,20897,2025-01-25,UPI,Paid,1229.6
7116,18250,2025-01-25,UPI,Paid,116569.0
7117,15066,2025-01-25,Credit Card,Paid,4266.3
7118,21272,2025-01-25,Credit Card,Paid,4044.3
7119,5870,2025-01-25,UPI,Paid,7777.5
7120,23856,2025-01-25,Cash on Delivery,Paid,8527.2
7121,2568,2025-01-25,UPI,Paid,71650.8
7122,6096,2025-01-26,Cash on Delivery,Paid,94959.7
7123,18509,2025-01-26,Debit Card,Paid,48302.25
7124,10218,2025-01-26,UPI,Paid,8508.15
7125,18352,2025-01-26,UPI,Paid,7449.3
7126,20262,2025-01-26,UPI,Paid,59700.0
7127,3186,2025-01-26,UPI,Paid,77201.6
7128,19397,2025-01-26,UPI,Paid,5418.0
7129,5511,2025-01-26,UPI,Paid,58749.25
7130,19123,2025-01-26,Credit Card,Paid,158639.8
7131,15919,2025-01-26,Debit Card,Paid,26587.85
7132,18905,2025-01-26,Credit Card,Paid,12892.8
7133,7250,2025-01-26,Credit Card,Paid,9631.5
7134,12337,2025-01-26,Net Banking,Paid,4236.3
7135,11791,2025-01-26,UPI,Paid,277.0
7136,17761,2025-01-26,Credit Card,Paid,14301.8
7137,9157,2025-01-26,UPI,Paid,93182.0
7138,6773,2025-01-26,Debit Card,Paid,32178.4
7139,6683,2025-01-26,UPI,Paid,6673.1
7140,12441,2025-01-26,Debit Card,Paid,73296.75
7141,16890,2025-01-26,UPI,Paid,66637.3
7142,12936,2025-01-26,Credit Card,Paid,20721.4
7143,4760,2025-01-26,Debit Card,Paid,8734.5
7144,12451,2025-01-27,Net Banking,Paid,19710.6
7145,9369,2025-01-27,Credit Card,Paid,1627.0
7146,9427,2025-01-27,Credit Card,Paid,2794.0
7147,24909,2025-01-27,Credit Card,Paid,70893.75
7148,13515,2025-01-27,Net Banking,Paid,245502.55
7149,10093,2025-01-27,UPI,Paid,12208.8
7150,18120,2025-01-27,UPI,Paid,70722.35
7151,22246,2025-01-27,Credit Card,Paid,11156.8
7152,4414,2025-01-27,UPI,Paid,35728.2
7153,3456,2025-01-27,Debit Card,Paid,13648.5
7154,20824,2025-01-27,UPI,Paid,7384.8
7155,14643,2025-01-27,Credit Card,Paid,12937.1
7156,19070,2025-01-27,Cash on Delivery,Paid,42680.0
7157,15041,2025-01-27,Net Banking,Paid,68241.75
7158,18440,2025-01-27,Cash on Delivery,Paid,6624.35
7159,14153,2025-01-27,UPI,Paid,9631.5
7160,8759,2025-01-27,Debit Card,Paid,14152.5
7161,6247,2025-01-27,Credit Card,Paid,3430.6
7162,20899,2025-01-27,Credit Card,Paid,20544.3
7163,17636,2025-01-27,UPI,Paid,82951.2
7164,20499,2025-01-27,Debit Card,Paid,8042.7
7165,11152,2025-01-28,UPI,Paid,2654.3
7166,7091,2025-01-28,UPI,Paid,249.3
7167,6422,2025-01-28,Debit Card,Paid,5578.4
7168,20219,2025-01-28,Debit Card,Paid,1187.5
7169,21178,2025-01-28,UPI,Paid,4605.3
7170,22966,2025-01-28,Cash on Delivery,Paid,24128.1
7171,3325,2025-01-28,UPI,Paid,23747.75
7172,21557,2025-01-28,Debit Card,Paid,9752.7
7173,3720,2025-01-28,UPI,Paid,97861.35
7174,21451,2025-01-28,UPI,Paid,34742.55
7175,19104,2025-01-28,Net Banking,Paid,84094.5
7176,12490,2025-01-28,UPI,Paid,21169.35
7177,22607,2025-01-28,Net Banking,Paid,35989.75
7178,17259,2025-01-28,Cash on Delivery,Paid,57582.4
7179,2426,2025-01-28,Debit Card,Paid,12549.6
7180,3386,2025-01-28,UPI,Paid,28873.75
7181,7565,2025-01-28,UPI,Paid,20065.5
7182,14000,2025-01-28,Credit Card,Paid,80324.1
7183,3630,2025-01-28,UPI,Paid,132690.3
7184,20593,2025-01-28,Credit Card,Paid,36041.4
7185,20982,2025-01-28,UPI,Paid,32424.0
7186,21729,2025-01-28,Credit Card,Paid,43773.8
7187,8540,2025-01-28,Debit Card,Paid,7252.3
7188,22623,2025-01-28,Credit Card,Paid,202266.3
7189,20761,2025-01-29,Debit Card,Paid,2873.6
7190,2925,2025-01-29,Credit Card,Paid,22476.15
7191,1235,2025-01-29,Cash on Delivery,Paid,126050.7
7192,3012,2025-01-29,UPI,Paid,44690.35
7193,13851,2025-01-29,Credit Card,Paid,67233.0
7194,20182,2025-01-29,Debit Card,Paid,8193.6
7195,4087,2025-01-29,Net Banking,Paid,10615.5
7196,6597,2025-01-29,Net Banking,Paid,5980.25
7197,19255,2025-01-29,UPI,Paid,17028.2
7198,14060,2025-01-29,Debit Card,Paid,29346.5
7199,3364,2025-01-29,Debit Card,Paid,163581.95
7200,16795,2025-01-29,Cash on Delivery,Paid,19736.25
7201,8901,2025-01-29,UPI,Paid,79782.3
7202,15495,2025-01-29,UPI,Paid,25127.6
7203,5556,2025-01-29,Debit Card,Paid,20065.5
7204,5580,2025-01-29,UPI,Paid,58459.0
7205,20673,2025-01-29,Debit Card,Paid,38917.75
7206,8136,2025-01-29,Debit Card,Paid,8110.15
7207,24130,2025-01-30,UPI,Paid,80653.4
7208,1502,2025-01-30,Debit Card,Paid,88511.6
7209,4889,2025-01-30,Credit Card,Paid,1738.0
7210,9784,2025-01-30,Debit Card,Paid,1665.6
7211,14681,2025-01-30,Net Banking,Paid,3853.05
7212,14526,2025-01-30,UPI,Paid,118473.6
7213,11644,2025-01-30,Credit Card,Paid,13441.6
7214,147,2025-01-30,UPI,Paid,8050.3
7215,2114,2025-01-30,UPI,Paid,97449.7
7216,12748,2025-01-30,Credit Card,Paid,25064.1
7217,24643,2025-01-30,Cash on Delivery,Paid,95553.5
7218,12205,2025-01-30,Credit Card,Paid,37139.75
7219,11222,2025-01-30,Debit Card,Paid,17183.5
7220,34,2025-01-30,Cash on Delivery,Paid,14749.7
7221,5543,2025-01-30,UPI,Paid,20838.9
7222,2978,2025-01-30,Net Banking,Paid,3128.4
7223,18583,2025-01-30,UPI,Paid,3019.5
7224,23032,2025-01-30,UPI,Paid,58218.1
7225,3863,2025-01-30,Cash on Delivery,Paid,23889.6
7226,24407,2025-01-30,UPI,Paid,2340.8
7227,15047,2025-01-30,UPI,Paid,2603.2
7228,13275,2025-01-30,Cash on Delivery,Paid,10148.4
7229,20625,2025-01-30,UPI,Paid,6232.5
7230,16464,2025-01-31,Credit Card,Paid,24527.95
7231,3778,2025-01-31,Cash on Delivery,Paid,8319.2
7232,22524,2025-01-31,Cash on Delivery,Paid,9631.5
7233,11408,2025-01-31,UPI,Paid,5886.25
7234,11668,2025-01-31,UPI,Paid,58207.45
7235,2708,2025-01-31,Debit Card,Paid,19311.4
7236,677,2025-01-31,Credit Card,Paid,61412.45
7237,8892,2025-01-31,UPI,Paid,42333.4
7238,4208,2025-01-31,UPI,Paid,162924.0
7239,1866,2025-01-31,Net Banking,Paid,51368.0
7240,9446,2025-01-31,Credit Card,Paid,42407.05
7241,2009,2025-01-31,Credit Card,Paid,127031.15
7242,15466,2025-01-31,Net Banking,Paid,90794.9
7243,2256,2025-01-31,UPI,Paid,9228.1
7244,666,2025-01-31,Credit Card,Paid,4763.0
7245,2927,2025-01-31,Credit Card,Paid,31169.2
7246,23173,2025-01-31,UPI,Paid,55277.1
7247,12823,2025-01-31,Cash on Delivery,Paid,4266.15
7248,5093,2025-01-31,Debit Card,Paid,7039.35
7249,570,2025-01-31,Cash on Delivery,Paid,52171.2
7250,6536,2025-01-31,Debit Card,Paid,10110.0
7251,11323,2025-01-31,Credit Card,Paid,2862.75
7252,7307,2025-01-31,UPI,Paid,4239.9
7253,9239,2025-02-01,Cash on Delivery,Paid,63244.3
7254,16272,2025-02-01,UPI,Paid,28138.4
7255,10780,2025-02-01,UPI,Paid,143315.05
7256,5723,2025-02-01,Net Banking,Paid,3533.25
7257,23858,2025-02-01,Credit Card,Paid,37671.9
7258,3146,2025-02-01,Debit Card,Paid,39185.6
7259,2125,2025-02-01,Net Banking,Paid,15781.1
7260,18980,2025-02-01,Debit Card,Paid,13560.3
7261,10557,2025-02-01,UPI,Paid,128537.6
7262,12296,2025-02-01,UPI,Paid,13976.2
7263,12556,2025-02-01,UPI,Paid,126689.55
7264,21064,2025-02-01,UPI,Paid,249.3
7265,8276,2025-02-01,UPI,Paid,7488.65
7266,16914,2025-02-01,Cash on Delivery,Paid,1903.8
7267,15296,2025-02-01,Net Banking,Paid,67157.25
7268,9122,2025-02-01,Net Banking,Paid,4848.4
7269,4811,2025-02-01,UPI,Paid,204302.05
7270,16961,2025-02-01,UPI,Paid,515.85
7271,13139,2025-02-01,Cash on Delivery,Paid,64130.9
7272,23224,2025-02-01,UPI,Paid,70929.0
7273,23218,2025-02-01,Debit Card,Paid,145589.2
7274,7980,2025-02-01,Net Banking,Paid,5036.0
7275,19925,2025-02-01,UPI,Paid,113824.0
7276,4040,2025-02-01,UPI,Paid,56164.0
7277,6794,2025-02-02,Cash on Delivery,Paid,213.3
7278,11448,2025-02-02,UPI,Paid,5927.05
7279,23419,2025-02-02,UPI,Paid,51678.5
7280,4242,2025-02-02,Cash on Delivery,Paid,1104.3
7281,4188,2025-02-02,Debit Card,Paid,3435.3
7282,998,2025-02-02,Credit Card,Paid,117069.8
7283,12933,2025-02-02,Net Banking,Paid,63749.65
7284,8761,2025-02-02,UPI,Paid,2487.8
7285,18395,2025-02-02,Credit Card,Paid,102876.5
7286,17561,2025-02-02,UPI,Paid,82671.5
7287,19188,2025-02-02,UPI,Paid,30664.9
7288,1975,2025-02-02,Cash on Delivery,Paid,12045.1
7289,9549,2025-02-02,UPI,Paid,22945.8
7290,1204,2025-02-02,Debit Card,Paid,3093.6
7291,11047,2025-02-02,UPI,Paid,33100.2
7292,1140,2025-02-02,UPI,Paid,5501.4
7293,24210,2025-02-02,Net Banking,Paid,10923.9
7294,13113,2025-02-02,UPI,Paid,68694.0
7295,16354,2025-02-02,Cash on Delivery,Paid,197093.1
7296,17133,2025-02-02,UPI,Paid,65259.3
7297,10948,2025-02-03,Net Banking,Paid,9164.8
7298,14581,2025-02-03,Net Banking,Paid,11594.0
7299,1426,2025-02-03,Credit Card,Paid,58199.25
7300,22227,2025-02-03,Credit Card,Paid,8633.2
7301,5845,2025-02-03,UPI,Paid,1959.5
7302,21299,2025-02-03,UPI,Paid,76688.2
7303,23087,2025-02-03,Debit Card,Paid,5343.8
7304,9150,2025-02-03,UPI,Paid,47313.8
7305,459,2025-02-03,Debit Card,Paid,23661.4
7306,17703,2025-02-03,Cash on Delivery,Paid,97437.8
7307,5740,2025-02-03,UPI,Paid,41028.0
7308,3615,2025-02-03,UPI,Paid,18876.8
7309,13565,2025-02-03,UPI,Paid,7449.3
7310,14716,2025-02-03,UPI,Paid,8317.75
7311,9775,2025-02-03,UPI,Paid,11852.4
7312,4149,2025-02-03,Debit Card,Paid,174531.25
7313,6883,2025-02-03,Credit Card,Paid,52237.5
7314,10443,2025-02-03,UPI,Paid,12750.75
7315,23023,2025-02-03,Credit Card,Paid,16925.25
7316,10229,2025-02-03,Debit Card,Paid,9821.75
7317,18280,2025-02-03,UPI,Paid,17921.9
7318,6796,2025-02-03,UPI,Paid,18265.9
7319,20203,2025-02-03,Credit Card,Paid,1372.5
7320,21356,2025-02-03,UPI,Paid,42212.2
7321,7948,2025-02-03,Cash on Delivery,Paid,126452.0
7322,12393,2025-02-03,Debit Card,Paid,10977.25
7323,17670,2025-02-03,UPI,Paid,129031.3
7324,7505,2025-02-04,Debit Card,Paid,40193.1
7325,3155,2025-02-04,Debit Card,Paid,10661.6
7326,12190,2025-02-04,Debit Card,Paid,5605.5
7327,20020,2025-02-04,Credit Card,Paid,139744.35
7328,9187,2025-02-04,UPI,Paid,7100.3
7329,22109,2025-02-04,Credit Card,Paid,5747.2
7330,1735,2025-02-04,Net Banking,Paid,1688.15
7331,1861,2025-02-04,Credit Card,Paid,32111.9
7332,16673,2025-02-04,Credit Card,Paid,488.7
7333,14783,2025-02-04,Debit Card,Paid,164150.1
7334,19896,2025-02-04,Credit Card,Paid,18234.25
7335,19575,2025-02-04,UPI,Paid,43757.8
7336,19068,2025-02-04,Credit Card,Paid,4735.0
7337,14514,2025-02-04,UPI,Paid,39843.2
7338,18723,2025-02-04,Credit Card,Paid,7474.0
7339,16976,2025-02-04,Cash on Delivery,Paid,3435.3
7340,323,2025-02-04,Net Banking,Paid,5940.0
7341,13270,2025-02-05,UPI,Paid,10567.4
7342,13591,2025-02-05,Cash on Delivery,Paid,21855.75
7343,4347,2025-02-05,UPI,Paid,981.6
7344,14755,2025-02-05,Credit Card,Paid,81038.65
7345,7231,2025-02-05,UPI,Paid,3355.0
7346,24520,2025-02-05,UPI,Paid,31092.75
7347,15374,2025-02-05,Credit Card,Paid,152745.35
7348,14393,2025-02-05,UPI,Paid,232485.9
7349,7533,2025-02-05,UPI,Paid,24564.15
7350,4430,2025-02-05,Credit Card,Paid,37569.0
7351,15727,2025-02-05,Cash on Delivery,Paid,45637.5
7352,7636,2025-02-05,Cash on Delivery,Paid,18566.0
7353,20506,2025-02-05,UPI,Paid,3093.6
7354,12965,2025-02-05,UPI,Paid,1564.2
7355,8151,2025-02-05,UPI,Paid,9516.0
7356,4952,2025-02-05,UPI,Paid,74669.65
7357,24114,2025-02-05,Cash on Delivery,Paid,3019.5
7358,19860,2025-02-05,UPI,Paid,28435.15
7359,20077,2025-02-05,Cash on Delivery,Paid,24964.25
7360,19567,2025-02-05,Debit Card,Paid,75148.8
7361,17921,2025-02-05,UPI,Paid,12061.5
7362,20813,2025-02-06,UPI,Paid,5112.75
7363,15358,2025-02-06,Net Banking,Paid,207363.5
7364,12550,2025-02-06,Net Banking,Paid,30985.2
7365,13287,2025-02-06,Net Banking,Paid,47286.0
7366,1618,2025-02-06,Debit Card,Paid,54307.3
7367,12000,2025-02-06,Net Banking,Paid,56436.75
7368,6758,2025-02-06,Cash on Delivery,Paid,10148.4
7369,22324,2025-02-06,UPI,Paid,89265.25
7370,15030,2025-02-06,Net Banking,Paid,20349.4
7371,46,2025-02-06,Cash on Delivery,Paid,188323.3
7372,16716,2025-02-06,Cash on Delivery,Paid,33812.1
7373,17306,2025-02-06,Debit Card,Paid,7244.25
7374,14280,2025-02-06,UPI,Paid,102481.2
7375,4773,2025-02-06,Net Banking,Paid,3412.4
7376,19157,2025-02-06,Credit Card,Paid,38669.95
7377,17359,2025-02-06,Debit Card,Paid,9791.65
7378,528,2025-02-06,Credit Card,Paid,4323.95
7379,3211,2025-02-06,UPI,Paid,15048.0
7380,5724,2025-02-06,UPI,Paid,5996.7
7381,3200,2025-02-06,UPI,Paid,5396.0
7382,4200,2025-02-06,Debit Card,Paid,12842.0
7383,1755,2025-02-07,UPI,Paid,15222.05
7384,5904,2025-02-07,Net Banking,Paid,33155.0
7385,8536,2025-02-07,Net Banking,Paid,27233.95
7386,4961,2025-02-07,Debit Card,Paid,23768.1
7387,17422,2025-02-07,Debit Card,Paid,70452.0
7388,17023,2025-02-07,UPI,Paid,7527.6
7389,9530,2025-02-07,UPI,Paid,9516.6
7390,7843,2025-02-07,Net Banking,Paid,16252.95
7391,17979,2025-02-07,UPI,Paid,6468.55
7392,10087,2025-02-07,Credit Card,Paid,10776.0
7393,5146,2025-02-07,Cash on Delivery,Paid,63688.8
7394,5820,2025-02-07,UPI,Paid,26822.25
7395,1460,2025-02-07,Debit Card,Paid,28138.4
7396,1694,2025-02-07,Net Banking,Paid,543.0
7397,23192,2025-02-07,Credit Card,Paid,1665.6
7398,11755,2025-02-07,Net Banking,Paid,46316.3
7399,24464,2025-02-07,Net Banking,Paid,4533.0
7400,14795,2025-02-07,Credit Card,Paid,34740.1
7401,10694,2025-02-07,UPI,Paid,332.0
7402,4336,2025-02-08,UPI,Paid,1165.65
7403,8827,2025-02-08,Net Banking,Paid,1738.0
7404,23926,2025-02-08,UPI,Paid,58389.9
7405,22010,2025-02-08,Credit Card,Paid,19270.9
7406,10376,2025-02-08,UPI,Paid,981.6
7407,17219,2025-02-08,UPI,Paid,14200.6
7408,14690,2025-02-08,Debit Card,Paid,1165.65
7409,503,2025-02-08,Debit Card,Paid,34084.4
7410,19348,2025-02-08,UPI,Paid,40974.0
7411,10583,2025-02-08,UPI,Paid,8415.9
7412,15990,2025-02-08,UPI,Paid,4711.0
7413,1531,2025-02-08,Cash on Delivery,Paid,8695.5
7414,16723,2025-02-08,Credit Card,Paid,4924.75
7415,18396,2025-02-08,Credit Card,Paid,6406.85
7416,5449,2025-02-08,Debit Card,Paid,14986.5
7417,749,2025-02-08,UPI,Paid,61824.6
7418,3507,2025-02-08,Net Banking,Paid,28138.4
7419,14423,2025-02-08,Cash on Delivery,Paid,10836.0
7420,5944,2025-02-09,Debit Card,Paid,15025.0
7421,23217,2025-02-09,Debit Card,Paid,274192.2
7422,1415,2025-02-09,Debit Card,Paid,32178.4
7423,2122,2025-02-09,Net Banking,Paid,96074.75
7424,9580,2025-02-09,UPI,Paid,22290.4
7425,20032,2025-02-09,Credit Card,Paid,21742.2
7426,14789,2025-02-09,UPI,Paid,1086.0
7427,7902,2025-02-09,UPI,Paid,7791.3
7428,18225,2025-02-09,Net Banking,Paid,8354.7
7429,8936,2025-02-09,UPI,Paid,6352.9
7430,3224,2025-02-10,UPI,Paid,10148.4
7431,6948,2025-02-10,UPI,Paid,4475.45
7432,13035,2025-02-10,Cash on Delivery,Paid,4286.7
7433,24830,2025-02-10,Credit Card,Paid,8537.0
7434,18985,2025-02-10,UPI,Paid,33210.7
7435,22789,2025-02-10,UPI,Paid,6295.0
7436,16480,2025-02-10,UPI,Paid,14226.5
7437,14542,2025-02-10,Debit Card,Paid,17013.55
7438,7049,2025-02-10,Credit Card,Paid,21766.65
7439,21627,2025-02-10,UPI,Paid,13946.0
7440,21595,2025-02-10,UPI,Paid,55286.8
7441,22786,2025-02-10,Net Banking,Paid,4048.55
7442,15127,2025-02-10,Debit Card,Paid,39225.15
7443,11975,2025-02-10,Debit Card,Paid,18466.75
7444,18833,2025-02-10,UPI,Paid,71588.1
7445,23899,2025-02-10,UPI,Paid,22773.6
7446,13557,2025-02-10,Credit Card,Paid,25939.2
7447,24672,2025-02-10,UPI,Paid,48982.35
7448,17524,2025-02-10,Cash on Delivery,Paid,2898.5
7449,12423,2025-02-10,UPI,Paid,184073.4
7450,9395,2025-02-10,UPI,Paid,4876.2
7451,13697,2025-02-11,Credit Card,Paid,4237.0
7452,5131,2025-02-11,Debit Card,Paid,72227.4
7453,24277,2025-02-11,Credit Card,Paid,23654.7
7454,18064,2025-02-11,Credit Card,Paid,19408.5
7455,17564,2025-02-11,Credit Card,Paid,86529.75
7456,7148,2025-02-11,UPI,Paid,107587.9
7457,2776,2025-02-11,UPI,Paid,415.0
7458,18290,2025-02-11,UPI,Paid,80708.7
7459,4990,2025-02-11,UPI,Paid,31625.85
7460,17725,2025-02-11,UPI,Paid,31571.25
7461,3075,2025-02-11,UPI,Paid,23589.45
7462,5044,2025-02-11,UPI,Paid,67080.15
7463,3113,2025-02-11,Debit Card,Paid,7526.7
7464,12531,2025-02-11,UPI,Paid,17904.15
7465,16418,2025-02-11,UPI,Paid,17839.1
7466,9884,2025-02-11,Cash on Delivery,Paid,134765.1
7467,4849,2025-02-11,Cash on Delivery,Paid,11985.05
7468,6441,2025-02-11,UPI,Paid,1703.4
7469,8584,2025-02-11,Debit Card,Paid,37905.6
7470,23037,2025-02-11,UPI,Paid,1537.0
7471,18418,2025-02-12,Credit Card,Paid,48394.0
7472,4130,2025-02-12,UPI,Paid,810.0
7473,15947,2025-02-12,Debit Card,Paid,3201.6
7474,2559,2025-02-12,UPI,Paid,1227.0
7475,17799,2025-02-12,Cash on Delivery,Paid,36744.0
7476,609,2025-02-12,UPI,Paid,47730.75
7477,19805,2025-02-12,Debit Card,Paid,8967.05
7478,15531,2025-02-12,Credit Card,Paid,53497.5
7479,20455,2025-02-12,UPI,Paid,10776.0
7480,17951,2025-02-12,Debit Card,Paid,26922.55
7481,8284,2025-02-12,Debit Card,Paid,42391.3
7482,16349,2025-02-13,Debit Card,Paid,3607.2
7483,12138,2025-02-13,Net Banking,Paid,57892.1
7484,22910,2025-02-13,UPI,Paid,5147.1
7485,8054,2025-02-13,Cash on Delivery,Paid,97070.4
7486,4655,2025-02-13,Debit Card,Paid,18566.0
7487,1379,2025-02-13,Credit Card,Paid,83978.1
7488,18609,2025-02-13,Cash on Delivery,Paid,59502.0
7489,10874,2025-02-13,Debit Card,Paid,13248.7
7490,22463,2025-02-13,UPI,Paid,199035.45
7491,16358,2025-02-13,Net Banking,Paid,6128.1
7492,18502,2025-02-13,UPI,Paid,32965.0
7493,9583,2025-02-14,UPI,Paid,8423.35
7494,23922,2025-02-14,UPI,Paid,149604.05
7495,9640,2025-02-14,Net Banking,Paid,116257.4
7496,11945,2025-02-14,UPI,Paid,19710.6
7497,18327,2025-02-14,Debit Card,Paid,24217.9
7498,11584,2025-02-14,UPI,Paid,12887.25
7499,4270,2025-02-14,UPI,Paid,7196.1
7500,388,2025-02-14,UPI,Paid,6295.0
7501,9700,2025-02-14,UPI,Paid,23738.6
7502,13896,2025-02-14,UPI,Paid,42212.7
7503,8902,2025-02-14,Cash on Delivery,Paid,45900.2
7504,10669,2025-02-14,Debit Card,Paid,67385.85
7505,6072,2025-02-14,Credit Card,Paid,17635.8
7506,22577,2025-02-14,UPI,Paid,6492.75
7507,9523,2025-02-14,UPI,Paid,14927.4
7508,24928,2025-02-14,UPI,Paid,13105.5
7509,1116,2025-02-14,UPI,Paid,71392.1
7510,8760,2025-02-15,UPI,Paid,12119.8
7511,5878,2025-02-15,UPI,Paid,58525.9
7512,2737,2025-02-15,Debit Card,Paid,6468.55
7513,20413,2025-02-15,Credit Card,Paid,40079.0
7514,9405,2025-02-15,Cash on Delivery,Paid,102267.75
7515,20888,2025-02-15,Cash on Delivery,Paid,43710.55
7516,10961,2025-02-15,UPI,Paid,6249.2
7517,5075,2025-02-15,Credit Card,Paid,16408.15
7518,11459,2025-02-15,Credit Card,Paid,33398.6
7519,8967,2025-02-15,Cash on Delivery,Paid,40974.0
7520,8202,2025-02-15,Credit Card,Paid,1510.45
7521,19606,2025-02-15,Cash on Delivery,Paid,144770.0
7522,16394,2025-02-15,Credit Card,Paid,10679.2
7523,4841,2025-02-15,Debit Card,Paid,9712.8
7524,5208,2025-02-15,UPI,Paid,33802.0
7525,17095,2025-02-15,UPI,Paid,2217.6
7526,16950,2025-02-15,Credit Card,Paid,10719.55
7527,1226,2025-02-15,Net Banking,Paid,6352.9
7528,17121,2025-02-15,Debit Card,Paid,1703.4
7529,14770,2025-02-15,UPI,Paid,11601.0
7530,2129,2025-02-15,Net Banking,Paid,7948.35
7531,11505,2025-02-15,Cash on Delivery,Paid,7100.3
7532,11246,2025-02-15,Cash on Delivery,Paid,31448.8
7533,7901,2025-02-15,Debit Card,Paid,6475.2
7534,12642,2025-02-16,Debit Card,Paid,6624.35
7535,14992,2025-02-16,Cash on Delivery,Paid,5686.4
7536,13072,2025-02-16,Credit Card,Paid,10991.7
7537,738,2025-02-16,UPI,Paid,210262.65
7538,3986,2025-02-16,UPI,Paid,44035.1
7539,828,2025-02-16,Debit Card,Paid,3019.5
7540,6132,2025-02-16,UPI,Paid,8277.0
7541,227,2025-02-16,UPI,Paid,2698.0
7542,2600,2025-02-16,UPI,Paid,8593.5
7543,5840,2025-02-16,UPI,Paid,120664.2
7544,22939,2025-02-16,Credit Card,Paid,33132.4
7545,16449,2025-02-16,Cash on Delivery,Paid,10676.35
7546,10142,2025-02-16,Credit Card,Paid,62171.0
7547,21880,2025-02-16,Cash on Delivery,Paid,72973.6
7548,6690,2025-02-16,Credit Card,Paid,4063.5
7549,7285,2025-02-16,Credit Card,Paid,61378.45
7550,22469,2025-02-16,UPI,Paid,2555.55
7551,11660,2025-02-16,UPI,Paid,5939.5
7552,24931,2025-02-16,UPI,Paid,215723.4
7553,12928,2025-02-16,Cash on Delivery,Paid,14670.2
7554,1879,2025-02-16,Credit Card,Paid,105845.8
7555,3261,2025-02-16,UPI,Paid,66531.0
7556,13321,2025-02-16,UPI,Paid,7093.1
7557,736,2025-02-16,Debit Card,Paid,11773.3
7558,485,2025-02-17,Debit Card,Paid,143160.4
7559,1536,2025-02-17,UPI,Paid,53726.85
7560,17042,2025-02-17,UPI,Paid,35989.7
7561,14125,2025-02-17,UPI,Paid,38540.0
7562,19587,2025-02-17,Debit Card,Paid,3799.0
7563,23326,2025-02-17,Cash on Delivery,Paid,49632.1
7564,10747,2025-02-17,Cash on Delivery,Paid,77760.0
7565,19637,2025-02-17,Credit Card,Paid,35818.0
7566,3861,2025-02-17,Net Banking,Paid,33835.1
7567,2989,2025-02-17,Cash on Delivery,Paid,3768.8
7568,2227,2025-02-17,Net Banking,Paid,2465.1
7569,3726,2025-02-17,Credit Card,Paid,178849.95
7570,5744,2025-02-18,Debit Card,Paid,52353.8
7571,1878,2025-02-18,UPI,Paid,81365.4
7572,19915,2025-02-18,UPI,Paid,47080.75
7573,21957,2025-02-18,UPI,Paid,86726.9
7574,574,2025-02-18,Cash on Delivery,Paid,5940.0
7575,13611,2025-02-18,UPI,Paid,27671.5
7576,6561,2025-02-18,UPI,Paid,150423.55
7577,8369,2025-02-18,UPI,Paid,4239.9
7578,9709,2025-02-18,Credit Card,Paid,33442.5
7579,340,2025-02-18,UPI,Paid,24763.2
7580,14792,2025-02-18,Credit Card,Paid,26542.8
7581,17886,2025-02-18,Cash on Delivery,Paid,9666.0
7582,20003,2025-02-18,UPI,Paid,13179.6
7583,2267,2025-02-18,Credit Card,Paid,21628.1
7584,19476,2025-02-18,UPI,Paid,17803.25
7585,21590,2025-02-18,Debit Card,Paid,98406.2
7586,1610,2025-02-18,Debit Card,Paid,20065.5
7587,8535,2025-02-19,Cash on Delivery,Paid,19494.3
7588,1872,2025-02-19,UPI,Paid,6902.8
7589,17739,2025-02-19,Cash on Delivery,Paid,3765.6
7590,12339,2025-02-19,Net Banking,Paid,40358.4
7591,4365,2025-02-19,UPI,Paid,78508.0
7592,14569,2025-02-19,Credit Card,Paid,8466.0
7593,11071,2025-02-19,Net Banking,Paid,15689.25
7594,14475,2025-02-19,Net Banking,Paid,94464.0
7595,4369,2025-02-19,UPI,Paid,10915.7
7596,13745,2025-02-19,UPI,Paid,21300.9
7597,8504,2025-02-19,Debit Card,Paid,38472.4
7598,7024,2025-02-19,Cash on Delivery,Paid,4015.2
7599,19280,2025-02-19,Credit Card,Paid,59855.7
7600,18712,2025-02-19,UPI,Paid,4000.95
7601,13480,2025-02-19,UPI,Paid,26996.8
7602,3085,2025-02-19,Debit Card,Paid,6336.0
7603,18848,2025-02-19,UPI,Paid,21069.0
7604,7061,2025-02-19,UPI,Paid,2698.0
7605,11866,2025-02-19,UPI,Paid,15277.0
7606,4055,2025-02-19,Cash on Delivery,Paid,3368.8
7607,22951,2025-02-19,UPI,Paid,10162.5
7608,17011,2025-02-19,UPI,Paid,48740.7
7609,24483,2025-02-19,UPI,Paid,4711.0
7610,19226,2025-02-19,UPI,Paid,20748.0
7611,22766,2025-02-19,Cash on Delivery,Paid,91989.1
7612,4377,2025-02-20,Cash on Delivery,Paid,1570.8
7613,6894,2025-02-20,UPI,Paid,9722.0
7614,389,2025-02-20,Cash on Delivery,Paid,27041.6
7615,13194,2025-02-20,Net Banking,Paid,13618.0
7616,11031,2025-02-20,Credit Card,Paid,95381.35
7617,3082,2025-02-20,Cash on Delivery,Paid,31059.85
7618,21751,2025-02-20,Debit Card,Paid,18304.5
7619,21129,2025-02-20,Debit Card,Paid,12199.9
7620,17113,2025-02-20,Credit Card,Paid,13924.5
7621,8945,2025-02-20,Credit Card,Paid,8668.8
7622,4919,2025-02-20,UPI,Paid,24318.0
7623,24234,2025-02-20,Debit Card,Paid,139674.0
7624,21689,2025-02-20,Debit Card,Paid,94572.0
7625,22958,2025-02-20,Credit Card,Paid,16228.7
7626,17413,2025-02-20,Credit Card,Paid,306402.7
7627,21038,2025-02-20,UPI,Paid,7946.0
7628,6356,2025-02-21,UPI,Paid,13236.3
7629,12883,2025-02-21,Net Banking,Paid,78935.5
7630,19750,2025-02-21,UPI,Paid,57460.7
7631,2071,2025-02-21,Debit Card,Paid,51739.5
7632,10269,2025-02-21,Debit Card,Paid,53492.25
7633,21717,2025-02-21,Credit Card,Paid,59361.45
7634,17808,2025-02-21,Credit Card,Paid,8818.85
7635,24426,2025-02-21,UPI,Paid,63579.5
7636,10921,2025-02-21,UPI,Paid,7256.45
7637,9367,2025-02-21,Cash on Delivery,Paid,151262.8
7638,11685,2025-02-21,UPI,Paid,23110.0
7639,22452,2025-02-22,Credit Card,Paid,52237.5
7640,17410,2025-02-22,UPI,Paid,12119.8
7641,6369,2025-02-22,Cash on Delivery,Paid,1464.3
7642,2204,2025-02-22,UPI,Paid,8127.0
7643,7219,2025-02-22,UPI,Paid,91266.8
7644,12757,2025-02-22,Cash on Delivery,Paid,3632.4
7645,7192,2025-02-22,Credit Card,Paid,8950.9
7646,24197,2025-02-22,UPI,Paid,263.15
7647,1150,2025-02-22,UPI,Paid,37828.8
7648,8129,2025-02-22,UPI,Paid,65178.15
7649,4324,2025-02-22,Cash on Delivery,Paid,7890.55
7650,7939,2025-02-22,Debit Card,Paid,12919.05
7651,23005,2025-02-22,UPI,Paid,1803.6
7652,5790,2025-02-22,Cash on Delivery,Paid,9631.5
7653,20074,2025-02-22,UPI,Paid,57324.5
7654,3294,2025-02-22,Credit Card,Paid,8265.7
7655,8765,2025-02-22,UPI,Paid,21831.4
7656,20864,2025-02-22,UPI,Paid,142900.95
7657,12463,2025-02-22,Net Banking,Paid,38796.3
7658,387,2025-02-22,Debit Card,Paid,77398.4
7659,15049,2025-02-22,Cash on Delivery,Paid,88364.95
7660,10500,2025-02-22,UPI,Paid,94627.6
7661,7910,2025-02-22,Net Banking,Paid,8978.8
7662,21511,2025-02-23,UPI,Paid,20851.2
7663,7905,2025-02-23,Cash on Delivery,Paid,1777.0
7664,16097,2025-02-23,UPI,Paid,79686.4
7665,8671,2025-02-23,UPI,Paid,10712.2
7666,3476,2025-02-23,Credit Card,Paid,24318.0
7667,6676,2025-02-23,Debit Card,Paid,49599.6
7668,11873,2025-02-23,UPI,Paid,11050.95
7669,1113,2025-02-23,UPI,Paid,38300.1
7670,22127,2025-02-23,UPI,Paid,150542.95
7671,51,2025-02-23,Net Banking,Paid,7755.45
7672,9804,2025-02-23,Net Banking,Paid,56377.4
7673,9153,2025-02-23,Credit Card,Paid,56284.0
7674,248,2025-02-23,Debit Card,Paid,11016.2
7675,13257,2025-02-23,UPI,Paid,11591.45
7676,17570,2025-02-23,Cash on Delivery,Paid,69663.0
7677,12478,2025-02-23,Debit Card,Paid,44921.7
7678,5417,2025-02-24,UPI,Paid,1460.15
7679,21065,2025-02-24,Debit Card,Paid,7553.1
7680,23691,2025-02-24,UPI,Paid,27941.4
7681,19696,2025-02-24,Debit Card,Paid,10259.6
7682,10964,2025-02-24,Credit Card,Paid,4533.0
7683,16189,2025-02-24,UPI,Paid,1257.3
7684,24152,2025-02-24,Cash on Delivery,Paid,24337.2
7685,2034,2025-02-24,Credit Card,Paid,6138.0
7686,10249,2025-02-24,UPI,Paid,27867.4
7687,3115,2025-02-24,Cash on Delivery,Paid,17923.9
7688,7247,2025-02-24,Debit Card,Paid,112553.6
7689,6927,2025-02-24,Cash on Delivery,Paid,16709.4
7690,22007,2025-02-24,Credit Card,Paid,10634.4
7691,7650,2025-02-24,Credit Card,Paid,8354.7
7692,22095,2025-02-25,UPI,Paid,1577.0
7693,16774,2025-02-25,UPI,Paid,6493.25
7694,4606,2025-02-25,UPI,Paid,7035.45
7695,5164,2025-02-25,UPI,Paid,3688.8
7696,23649,2025-02-25,UPI,Paid,99608.0
7697,2291,2025-02-25,Credit Card,Paid,12199.9
7698,5368,2025-02-25,UPI,Paid,206668.3
7699,15905,2025-02-25,UPI,Paid,6663.6
7700,17750,2025-02-25,Net Banking,Paid,1651.1
7701,9205,2025-02-25,Cash on Delivery,Paid,7301.7
7702,12830,2025-02-25,Net Banking,Paid,89242.6
7703,451,2025-02-25,Credit Card,Paid,30414.65
7704,10802,2025-02-25,Cash on Delivery,Paid,29149.2
7705,24089,2025-02-25,UPI,Paid,31665.7
7706,3490,2025-02-25,Cash on Delivery,Paid,1971.2
7707,18239,2025-02-25,Cash on Delivery,Paid,7920.0
7708,11437,2025-02-25,UPI,Paid,10489.3
7709,9111,2025-02-25,Cash on Delivery,Paid,166053.6
7710,23693,2025-02-25,Cash on Delivery,Paid,10399.5
7711,2442,2025-02-25,Cash on Delivery,Paid,1971.2
7712,22173,2025-02-26,Credit Card,Paid,28364.25
7713,7042,2025-02-26,UPI,Paid,14098.1
7714,17508,2025-02-26,Net Banking,Paid,17957.45
7715,23637,2025-02-26,Cash on Delivery,Paid,124442.05
7716,14408,2025-02-26,Credit Card,Paid,23548.25
7717,6367,2025-02-26,Debit Card,Paid,17075.95
7718,3177,2025-02-26,Debit Card,Paid,28401.2
7719,24348,2025-02-26,Debit Card,Paid,6851.85
7720,23639,2025-02-26,Net Banking,Paid,9848.1
7721,4482,2025-02-26,Credit Card,Paid,32178.4
7722,17811,2025-02-26,Debit Card,Paid,12396.85
7723,24427,2025-02-26,UPI,Paid,33872.0
7724,3884,2025-02-26,Debit Card,Paid,37391.3
7725,5905,2025-02-26,UPI,Paid,59085.5
7726,11123,2025-02-27,UPI,Paid,73416.6
7727,20978,2025-02-27,Credit Card,Paid,11369.45
7728,23786,2025-02-27,Cash on Delivery,Paid,42921.3
7729,9747,2025-02-27,UPI,Paid,16108.7
7730,11165,2025-02-27,Credit Card,Paid,20065.5
7731,19076,2025-02-27,Cash on Delivery,Paid,11276.0
7732,14920,2025-02-27,Net Banking,Paid,5468.0
7733,15387,2025-02-27,Credit Card,Paid,6726.6
7734,16955,2025-02-27,UPI,Paid,16507.2
7735,18143,2025-02-27,UPI,Paid,28791.2
7736,11799,2025-02-27,Credit Card,Paid,29465.25
7737,9974,2025-02-27,Net Banking,Paid,6805.4
7738,5913,2025-02-27,UPI,Paid,40274.7
7739,17547,2025-02-27,Credit Card,Paid,48790.65
7740,19374,2025-02-28,UPI,Paid,14738.0
7741,23883,2025-02-28,Credit Card,Paid,60316.05
7742,15711,2025-02-28,UPI,Paid,11958.4
7743,24278,2025-02-28,UPI,Paid,23177.8
7744,20142,2025-02-28,Net Banking,Paid,3601.8
7745,5602,2025-02-28,UPI,Paid,33661.6
7746,5309,2025-02-28,Cash on Delivery,Paid,99683.5
7747,13672,2025-02-28,Credit Card,Paid,2019.6
7748,24176,2025-02-28,UPI,Paid,977.4
7749,23206,2025-02-28,Credit Card,Paid,86195.1
7750,4723,2025-02-28,UPI,Paid,14951.25
7751,21244,2025-02-28,Credit Card,Paid,3476.0
7752,6051,2025-02-28,Credit Card,Paid,1769.7
7753,10468,2025-02-28,UPI,Paid,1257.3
7754,4631,2025-02-28,Credit Card,Paid,7349.6
7755,20388,2025-02-28,Credit Card,Paid,12842.0
7756,16745,2025-03-01,UPI,Paid,59854.75
7757,19118,2025-03-01,UPI,Paid,10792.0
7758,11104,2025-03-01,UPI,Paid,47448.0
7759,6537,2025-03-01,Credit Card,Paid,16767.9
7760,587,2025-03-01,UPI,Paid,89598.8
7761,18432,2025-03-01,Debit Card,Paid,7945.85
7762,21655,2025-03-01,UPI,Paid,277.0
7763,320,2025-03-01,UPI,Paid,18553.95
7764,7895,2025-03-01,Debit Card,Paid,12666.4
7765,21442,2025-03-01,Credit Card,Paid,37003.5
7766,17562,2025-03-01,Cash on Delivery,Paid,16118.1
7767,21310,2025-03-01,Net Banking,Paid,45547.2
7768,967,2025-03-01,UPI,Paid,2705.2
7769,37,2025-03-02,UPI,Paid,13900.8
7770,21648,2025-03-02,Credit Card,Paid,6799.5
7771,5957,2025-03-02,Cash on Delivery,Paid,22194.7
7772,15725,2025-03-02,UPI,Paid,5909.2
7773,7725,2025-03-02,Debit Card,Paid,6328.45
7774,21768,2025-03-02,UPI,Paid,3533.25
7775,12905,2025-03-02,UPI,Paid,44012.1
7776,17231,2025-03-02,UPI,Paid,30820.8
7777,20028,2025-03-02,Credit Card,Paid,10285.55
7778,3131,2025-03-02,Credit Card,Paid,123567.3
7779,16872,2025-03-02,UPI,Paid,13243.9
7780,3264,2025-03-02,Net Banking,Paid,98117.5
7781,3282,2025-03-02,UPI,Paid,121939.2
7782,14970,2025-03-02,Net Banking,Paid,53867.4
7783,3083,2025-03-02,UPI,Paid,3867.0
7784,18811,2025-03-02,Cash on Delivery,Paid,28620.75
7785,9024,2025-03-02,UPI,Paid,9128.05
7786,9295,2025-03-02,Debit Card,Paid,6397.2
7787,21372,2025-03-02,Cash on Delivery,Paid,172515.7
7788,14260,2025-03-02,Credit Card,Paid,46169.0
7789,2039,2025-03-02,Credit Card,Paid,12614.7
7790,11380,2025-03-02,Debit Card,Paid,9327.7
7791,19273,2025-03-03,Debit Card,Paid,30983.0
7792,604,2025-03-03,Net Banking,Paid,85444.95
7793,17654,2025-03-03,Credit Card,Paid,47382.0
7794,6489,2025-03-03,Cash on Delivery,Paid,27560.4
7795,5613,2025-03-03,UPI,Paid,5356.65
7796,20718,2025-03-03,UPI,Paid,77577.25
7797,22366,2025-03-03,Cash on Delivery,Paid,5578.4
7798,5211,2025-03-03,Cash on Delivery,Paid,18838.75
7799,21513,2025-03-03,Debit Card,Paid,55496.05
7800,12538,2025-03-03,UPI,Paid,11433.9
7801,18205,2025-03-03,Debit Card,Paid,5886.25
7802,2479,2025-03-03,UPI,Paid,37569.0
7803,8324,2025-03-03,Cash on Delivery,Paid,43023.7
7804,13347,2025-03-03,UPI,Paid,5019.0
7805,9591,2025-03-03,Credit Card,Paid,4282.2
7806,14499,2025-03-03,UPI,Paid,6817.0
7807,23664,2025-03-03,UPI,Paid,3677.4
7808,7712,2025-03-03,UPI,Paid,43526.35
7809,15969,2025-03-03,Net Banking,Paid,47382.0
7810,9382,2025-03-03,UPI,Paid,38422.55
7811,14467,2025-03-03,Credit Card,Paid,9657.9
7812,13725,2025-03-03,UPI,Paid,4435.2
7813,1142,2025-03-04,Net Banking,Paid,57928.5
7814,22842,2025-03-04,Cash on Delivery,Paid,6135.3
7815,21728,2025-03-04,Credit Card,Paid,60886.7
7816,2732,2025-03-04,Cash on Delivery,Paid,32801.3
7817,11628,2025-03-04,UPI,Paid,85287.6
7818,17655,2025-03-04,UPI,Paid,19356.2
7819,15854,2025-03-04,UPI,Paid,4363.05
7820,12413,2025-03-04,Debit Card,Paid,3626.15
7821,11020,2025-03-04,UPI,Paid,37281.4
7822,6225,2025-03-04,UPI,Paid,44590.0
7823,84,2025-03-04,Credit Card,Paid,43278.5
7824,16253,2025-03-04,UPI,Paid,38588.2
7825,7455,2025-03-04,UPI,Paid,14948.0
7826,653,2025-03-04,UPI,Paid,16620.0
7827,18890,2025-03-04,UPI,Paid,18167.4
7828,9172,2025-03-04,Debit Card,Paid,6275.7
7829,9121,2025-03-04,Credit Card,Paid,111531.6
7830,8443,2025-03-05,Cash on Delivery,Paid,131103.0
7831,22336,2025-03-05,Cash on Delivery,Paid,33641.7
7832,22035,2025-03-05,Cash on Delivery,Paid,49411.4
7833,17257,2025-03-05,Credit Card,Paid,42643.8
7834,13703,2025-03-05,Cash on Delivery,Paid,2244.0
7835,18766,2025-03-05,UPI,Paid,25383.75
7836,19311,2025-03-05,UPI,Paid,6973.0
7837,11523,2025-03-05,Credit Card,Paid,75881.4
7838,17889,2025-03-05,Debit Card,Paid,4520.1
7839,17397,2025-03-05,Credit Card,Paid,1561.5
7840,1083,2025-03-05,UPI,Paid,8322.95
7841,20306,2025-03-05,UPI,Paid,61921.5
7842,2913,2025-03-05,UPI,Paid,7863.15
7843,23141,2025-03-05,Credit Card,Paid,5331.0
7844,13174,2025-03-05,UPI,Paid,74625.0
7845,4262,2025-03-05,Cash on Delivery,Paid,33902.25
7846,21428,2025-03-05,Cash on Delivery,Paid,23738.6
7847,20270,2025-03-05,UPI,Paid,88741.2
7848,3925,2025-03-06,UPI,Paid,56547.0
7849,14766,2025-03-06,UPI,Paid,4645.95
7850,13675,2025-03-06,UPI,Paid,75706.0
7851,7940,2025-03-06,Debit Card,Paid,51102.75
7852,13999,2025-03-06,UPI,Paid,4191.0
7853,15490,2025-03-06,Cash on Delivery,Paid,3867.0
7854,24773,2025-03-06,Credit Card,Paid,3626.15
7855,21708,2025-03-06,Net Banking,Paid,39345.3
7856,13489,2025-03-06,UPI,Paid,40274.7
7857,2373,2025-03-06,UPI,Paid,3998.7
7858,14052,2025-03-06,UPI,Paid,16804.7
7859,15065,2025-03-06,Credit Card,Paid,249.3
7860,24362,2025-03-06,UPI,Paid,38436.05
7861,15094,2025-03-06,Net Banking,Paid,9066.0
7862,6331,2025-03-06,UPI,Paid,9301.55
7863,21335,2025-03-06,Debit Card,Paid,35825.4
7864,21028,2025-03-06,Cash on Delivery,Paid,101762.05
7865,9840,2025-03-06,Cash on Delivery,Paid,3435.3
7866,10312,2025-03-06,UPI,Paid,17637.7
7867,18937,2025-03-06,Credit Card,Paid,49182.5
7868,11203,2025-03-06,Debit Card,Paid,131236.7
7869,7335,2025-03-07,UPI,Paid,239386.8
7870,7386,2025-03-07,Debit Card,Paid,7712.1
7871,4775,2025-03-07,Credit Card,Paid,3376.3
7872,17459,2025-03-07,UPI,Paid,59185.2
7873,7961,2025-03-07,Cash on Delivery,Paid,12199.9
7874,9638,2025-03-07,Cash on Delivery,Paid,10387.5
7875,1060,2025-03-07,UPI,Paid,73591.05
7876,844,2025-03-07,Net Banking,Paid,10268.15
7877,12233,2025-03-07,Debit Card,Paid,42643.8
7878,24104,2025-03-07,Credit Card,Paid,9719.1
7879,7785,2025-03-07,Net Banking,Paid,147985.8
7880,20989,2025-03-07,Credit Card,Paid,19604.7
7881,11621,2025-03-07,Cash on Delivery,Paid,18898.5
7882,13024,2025-03-07,Cash on Delivery,Paid,35719.2
7883,4751,2025-03-07,UPI,Paid,91888.6
7884,20005,2025-03-07,Debit Card,Paid,90376.4
7885,23422,2025-03-08,UPI,Paid,242549.9
7886,23113,2025-03-08,Credit Card,Paid,29854.5
7887,20146,2025-03-08,UPI,Paid,5418.0
7888,8723,2025-03-08,Cash on Delivery,Paid,56606.7
7889,22698,2025-03-08,UPI,Paid,31415.0
7890,20554,2025-03-08,Debit Card,Paid,156639.85
7891,1188,2025-03-08,Cash on Delivery,Paid,22773.6
7892,8467,2025-03-08,Debit Card,Paid,18702.0
7893,16655,2025-03-08,Cash on Delivery,Paid,32098.5
7894,22802,2025-03-08,Cash on Delivery,Paid,98196.4
7895,3403,2025-03-08,Debit Card,Paid,21894.35
7896,17834,2025-03-08,Net Banking,Paid,3601.8
7897,7472,2025-03-08,Cash on Delivery,Paid,23671.65
7898,18442,2025-03-08,Cash on Delivery,Paid,40131.0
7899,8551,2025-03-08,Debit Card,Paid,5396.0
7900,23088,2025-03-08,UPI,Paid,56704.5
7901,7273,2025-03-09,UPI,Paid,175247.7
7902,3993,2025-03-09,Debit Card,Paid,63207.0
7903,16601,2025-03-09,UPI,Paid,146449.8
7904,3295,2025-03-09,UPI,Paid,21990.5
7905,8438,2025-03-09,UPI,Paid,8466.0
7906,12165,2025-03-09,Credit Card,Paid,1301.6
7907,11319,2025-03-09,Credit Card,Paid,6135.3
7908,15401,2025-03-09,UPI,Paid,66208.0
7909,9806,2025-03-09,Cash on Delivery,Paid,5980.25
7910,22549,2025-03-09,Credit Card,Paid,4876.2
7911,16029,2025-03-09,UPI,Paid,16984.1
7912,8631,2025-03-09,UPI,Paid,21056.5
7913,21819,2025-03-09,Debit Card,Paid,13551.3
7914,6213,2025-03-09,Credit Card,Paid,25351.5
7915,4566,2025-03-09,UPI,Paid,50778.4
7916,14381,2025-03-09,Credit Card,Paid,4239.9
7917,1601,2025-03-09,UPI,Paid,28532.0
7918,6429,2025-03-09,Debit Card,Paid,4488.0
7919,15117,2025-03-10,Cash on Delivery,Paid,4015.2
7920,22479,2025-03-10,Net Banking,Paid,83673.1
7921,11959,2025-03-10,Cash on Delivery,Paid,7203.6
7922,7721,2025-03-10,Net Banking,Paid,2464.0
7923,23443,2025-03-10,Cash on Delivery,Paid,4521.6
7924,21617,2025-03-10,UPI,Paid,9280.8
7925,7617,2025-03-10,Net Banking,Paid,62897.6
7926,16014,2025-03-10,Cash on Delivery,Paid,78078.1
7927,130,2025-03-10,Debit Card,Paid,1427.0
7928,4192,2025-03-10,UPI,Paid,7100.3
7929,6049,2025-03-10,UPI,Paid,50625.95
7930,17143,2025-03-10,UPI,Paid,17334.5
7931,9708,2025-03-10,UPI,Paid,37492.7
7932,24202,2025-03-10,Net Banking,Paid,31101.0
7933,5019,2025-03-11,Credit Card,Paid,64734.4
7934,19697,2025-03-11,Credit Card,Paid,8354.7
7935,18234,2025-03-11,Debit Card,Paid,55143.9
7936,5725,2025-03-11,Credit Card,Paid,22489.5
7937,4028,2025-03-11,Debit Card,Paid,155597.2
7938,10594,2025-03-11,UPI,Paid,71388.3
7939,19243,2025-03-11,UPI,Paid,108546.0
7940,8556,2025-03-11,UPI,Paid,36876.6
7941,18938,2025-03-11,Net Banking,Paid,76094.7
7942,3390,2025-03-11,Credit Card,Paid,4051.75
7943,3055,2025-03-11,UPI,Paid,4306.35
7944,21758,2025-03-11,Cash on Delivery,Paid,42331.8
7945,3479,2025-03-11,Cash on Delivery,Paid,1510.45
7946,23338,2025-03-11,Debit Card,Paid,174336.4
7947,13873,2025-03-11,Credit Card,Paid,141253.0
7948,12309,2025-03-11,Debit Card,Paid,81596.6
7949,5837,2025-03-11,Credit Card,Paid,15587.9
7950,7789,2025-03-11,Net Banking,Paid,19414.75
7951,22718,2025-03-11,Debit Card,Paid,2158.4
7952,20211,2025-03-11,UPI,Paid,11276.0
7953,3795,2025-03-12,Cash on Delivery,Paid,25054.6
7954,23591,2025-03-12,Credit Card,Paid,5087.0
7955,11306,2025-03-12,UPI,Paid,80359.4
7956,22748,2025-03-12,UPI,Paid,16615.55
7957,15733,2025-03-12,Cash on Delivery,Paid,50625.1
7958,5943,2025-03-12,Credit Card,Paid,12012.8
7959,5998,2025-03-12,Credit Card,Paid,124784.6
7960,10465,2025-03-12,Credit Card,Paid,7203.6
7961,3462,2025-03-12,UPI,Paid,69655.0
7962,4100,2025-03-12,Debit Card,Paid,3330.6
7963,6819,2025-03-12,UPI,Paid,3853.05
7964,19897,2025-03-12,Cash on Delivery,Paid,3985.2
7965,12542,2025-03-12,Credit Card,Paid,74781.0
7966,17286,2025-03-12,Debit Card,Paid,7317.85
7967,19914,2025-03-12,UPI,Paid,77829.25
7968,23701,2025-03-12,Cash on Delivery,Paid,62512.75
7969,24727,2025-03-12,Net Banking,Paid,7920.0
7970,2503,2025-03-12,Cash on Delivery,Paid,34390.7
7971,7784,2025-03-12,Debit Card,Paid,4578.3
7972,20946,2025-03-12,UPI,Paid,19032.0
7973,3774,2025-03-12,UPI,Paid,90025.8
7974,3834,2025-03-12,Debit Card,Paid,42643.8
7975,6571,2025-03-12,Debit Card,Paid,8660.45
7976,2840,2025-03-12,Credit Card,Paid,6275.7
7977,9717,2025-03-12,UPI,Paid,75178.15
7978,16998,2025-03-13,UPI,Paid,41598.7
7979,3637,2025-03-13,Credit Card,Paid,10915.7
7980,3902,2025-03-13,Credit Card,Paid,12627.6
7981,5655,2025-03-13,UPI,Paid,5299.8
7982,2648,2025-03-13,Net Banking,Paid,63532.95
7983,11044,2025-03-13,UPI,Paid,148358.7
7984,291,2025-03-13,Credit Card,Paid,127546.55
7985,10091,2025-03-13,UPI,Paid,1703.4
7986,22187,2025-03-13,UPI,Paid,3609.05
7987,24244,2025-03-13,Credit Card,Paid,26871.05
7988,16486,2025-03-13,Debit Card,Paid,22116.75
7989,23501,2025-03-13,Cash on Delivery,Paid,29793.6
7990,19298,2025-03-13,Cash on Delivery,Paid,19459.2
7991,1164,2025-03-13,Credit Card,Paid,112442.95
7992,11546,2025-03-13,UPI,Paid,7767.2
7993,22506,2025-03-13,UPI,Paid,14711.95
7994,11797,2025-03-13,Credit Card,Paid,124447.8
7995,17869,2025-03-13,UPI,Paid,71965.3
7996,6492,2025-03-14,UPI,Paid,3562.2
7997,8340,2025-03-14,Credit Card,Paid,9722.0
7998,1021,2025-03-14,Cash on Delivery,Paid,147816.75
7999,4225,2025-03-14,UPI,Paid,149250.0
8000,5989,2025-03-14,Credit Card,Paid,18859.3
8001,13012,2025-03-14,Cash on Delivery,Paid,15843.55
8002,4676,2025-03-14,UPI,Paid,7884.9
8003,12547,2025-03-14,UPI,Paid,2331.3
8004,6802,2025-03-14,UPI,Paid,3185.8
8005,9668,2025-03-14,Credit Card,Paid,74625.0
8006,9533,2025-03-14,Credit Card,Paid,35907.45
8007,20374,2025-03-14,UPI,Paid,142012.05
8008,21183,2025-03-14,UPI,Paid,11397.0
8009,24704,2025-03-14,Credit Card,Paid,55968.75
8010,9893,2025-03-14,Cash on Delivery,Paid,63284.2
8011,12210,2025-03-14,Net Banking,Paid,4758.0
8012,18138,2025-03-14,Cash on Delivery,Paid,7060.5
8013,10503,2025-03-14,UPI,Paid,9439.0
8014,24302,2025-03-14,Debit Card,Paid,7782.8
8015,11887,2025-03-14,Credit Card,Paid,18471.8
8016,7722,2025-03-14,Cash on Delivery,Paid,443.2
8017,22892,2025-03-14,UPI,Paid,28451.7
8018,2064,2025-03-15,UPI,Paid,103811.4
8019,16015,2025-03-15,Debit Card,Paid,1683.0
8020,24521,2025-03-15,Debit Card,Paid,4239.9
8021,10965,2025-03-15,UPI,Paid,7066.7
8022,21923,2025-03-15,UPI,Paid,83984.1
8023,17468,2025-03-15,Credit Card,Paid,12662.8
8024,24903,2025-03-15,Credit Card,Paid,1777.0
8025,7671,2025-03-15,Cash on Delivery,Paid,165304.9
8026,11428,2025-03-15,Cash on Delivery,Paid,38159.6
8027,19365,2025-03-15,Credit Card,Paid,7100.3
8028,22211,2025-03-15,UPI,Paid,46876.0
8029,19784,2025-03-15,UPI,Paid,85885.7
8030,14750,2025-03-15,Debit Card,Paid,7392.0
8031,4378,2025-03-15,Credit Card,Paid,75769.2
8032,14376,2025-03-15,UPI,Paid,3406.8
8033,3434,2025-03-15,Debit Card,Paid,3476.0
8034,14450,2025-03-15,Debit Card,Paid,27296.35
8035,5105,2025-03-16,UPI,Paid,65259.3
8036,6658,2025-03-16,Credit Card,Paid,53234.9
8037,24820,2025-03-16,Credit Card,Paid,2563.1
8038,13700,2025-03-16,UPI,Paid,26804.3
8039,13140,2025-03-16,Net Banking,Paid,40274.7
8040,442,2025-03-16,UPI,Paid,55762.15
8041,7896,2025-03-16,Debit Card,Paid,12138.6
8042,19438,2025-03-16,UPI,Paid,9351.0
8043,7771,2025-03-16,Credit Card,Paid,32424.0
8044,4421,2025-03-16,Net Banking,Paid,25592.4
8045,9450,2025-03-16,Debit Card,Paid,71091.3
8046,21941,2025-03-16,Credit Card,Paid,6772.8
8047,818,2025-03-16,UPI,Paid,8246.4
8048,24151,2025-03-16,Credit Card,Paid,97561.8
8049,23511,2025-03-16,Credit Card,Paid,10072.0
8050,12163,2025-03-16,Net Banking,Paid,49279.85
8051,8143,2025-03-16,UPI,Paid,149250.0
8052,6410,2025-03-16,UPI,Paid,143157.7
8053,11719,2025-03-16,Debit Card,Paid,90403.7
8054,263,2025-03-16,UPI,Paid,10399.5
8055,20739,2025-03-16,UPI,Paid,4051.75
8056,9836,2025-03-16,UPI,Paid,126470.7
8057,12530,2025-03-17,UPI,Paid,30032.35
8058,21599,2025-03-17,UPI,Paid,102114.85
8059,22014,2025-03-17,Cash on Delivery,Paid,32134.4
8060,15880,2025-03-17,Credit Card,Paid,1070.25
8061,1640,2025-03-17,UPI,Paid,22295.0
8062,7188,2025-03-17,UPI,Paid,7051.75
8063,18137,2025-03-17,UPI,Paid,69021.2
8064,1072,2025-03-17,Cash on Delivery,Paid,3053.2
8065,2059,2025-03-17,UPI,Paid,249360.85
8066,12344,2025-03-17,UPI,Paid,133003.85
8067,6686,2025-03-17,Cash on Delivery,Paid,5133.6
8068,3743,2025-03-17,UPI,Paid,1737.4
8069,21900,2025-03-17,Debit Card,Paid,3554.0
8070,2965,2025-03-17,UPI,Paid,4533.0
8071,19289,2025-03-17,UPI,Paid,64734.4
8072,18798,2025-03-18,Credit Card,Paid,136498.45
8073,14981,2025-03-18,UPI,Paid,5982.2
8074,17182,2025-03-18,Credit Card,Paid,30802.8
8075,744,2025-03-18,Debit Card,Paid,203453.85
8076,1409,2025-03-18,Credit Card,Paid,6128.1
8077,8481,2025-03-18,Cash on Delivery,Paid,19758.1
8078,16317,2025-03-18,UPI,Paid,5229.75
8079,13867,2025-03-18,Credit Card,Paid,8633.6
8080,14335,2025-03-18,Cash on Delivery,Paid,18971.85
8081,3432,2025-03-18,Debit Card,Paid,2331.3
8082,23187,2025-03-18,Debit Card,Paid,1296.25
8083,9713,2025-03-18,Credit Card,Paid,4856.9
8084,15025,2025-03-18,Cash on Delivery,Paid,11190.05
8085,21112,2025-03-18,Credit Card,Paid,4804.2
8086,15841,2025-03-18,UPI,Paid,30421.8
8087,19911,2025-03-18,Debit Card,Paid,20919.0
8088,8748,2025-03-18,Cash on Delivery,Paid,28532.0
8089,1274,2025-03-19,Cash on Delivery,Paid,1062.5
8090,17912,2025-03-19,UPI,Paid,2851.75
8091,4171,2025-03-19,Cash on Delivery,Paid,42538.85
8092,14194,2025-03-19,Net Banking,Paid,28002.2
8093,19796,2025-03-19,UPI,Paid,30499.3
8094,21053,2025-03-19,Cash on Delivery,Paid,17637.7
8095,17877,2025-03-19,UPI,Paid,76239.75
8096,18902,2025-03-19,Credit Card,Paid,91943.0
8097,3442,2025-03-19,UPI,Paid,17927.7
8098,3836,2025-03-19,Debit Card,Paid,3201.6
8099,11078,2025-03-19,Credit Card,Paid,17909.0
8100,4993,2025-03-19,UPI,Paid,223691.85
8101,6133,2025-03-19,Debit Card,Paid,379.2
8102,18741,2025-03-19,Credit Card,Paid,7290.55
8103,23318,2025-03-19,Credit Card,Paid,88519.1
8104,7530,2025-03-19,Credit Card,Paid,140817.75
8105,2711,2025-03-19,Cash on Delivery,Paid,36822.9
8106,14686,2025-03-19,UPI,Paid,52140.0
8107,225,2025-03-19,Debit Card,Paid,106963.9
8108,6243,2025-03-19,Net Banking,Paid,5704.0
8109,18165,2025-03-19,Debit Card,Paid,21180.25
8110,19419,2025-03-20,UPI,Paid,12590.9
8111,2715,2025-03-20,Credit Card,Paid,7338.2
8112,16547,2025-03-20,Credit Card,Paid,167760.3
8113,5242,2025-03-20,Net Banking,Paid,23204.5
8114,9742,2025-03-20,Credit Card,Paid,32896.6
8115,7925,2025-03-20,Debit Card,Paid,17637.7
8116,5319,2025-03-20,UPI,Paid,152655.35
8117,16970,2025-03-20,Credit Card,Paid,8466.0
8118,24345,2025-03-20,Credit Card,Paid,59587.2
8119,11678,2025-03-20,Cash on Delivery,Paid,9351.0
8120,17966,2025-03-20,Net Banking,Paid,34660.2
8121,6741,2025-03-20,Credit Card,Paid,4063.5
8122,20584,2025-03-20,UPI,Paid,3673.65
8123,16710,2025-03-20,UPI,Paid,9752.4
8124,10148,2025-03-20,UPI,Paid,101190.35
8125,16781,2025-03-20,UPI,Paid,35914.8
8126,24403,2025-03-20,Credit Card,Paid,27490.5
8127,12637,2025-03-20,UPI,Paid,9637.35
8128,8925,2025-03-21,UPI,Paid,5413.8
8129,12513,2025-03-21,Credit Card,Paid,73946.25
8130,7674,2025-03-21,Cash on Delivery,Paid,63287.0
8131,22693,2025-03-21,Debit Card,Paid,111460.8
8132,23437,2025-03-21,Credit Card,Paid,8029.4
8133,6579,2025-03-21,UPI,Paid,56090.35
8134,18197,2025-03-21,Credit Card,Paid,134398.55
8135,10451,2025-03-21,Cash on Delivery,Paid,10977.25
8136,21042,2025-03-21,Debit Card,Paid,88184.9
8137,19549,2025-03-21,Debit Card,Paid,8818.85
8138,11951,2025-03-21,Cash on Delivery,Paid,13438.05
8139,13323,2025-03-21,UPI,Paid,23738.6
8140,903,2025-03-21,UPI,Paid,127931.4
8141,11405,2025-03-21,Debit Card,Paid,60843.6
8142,23328,2025-03-21,UPI,Paid,6374.5
8143,2510,2025-03-21,Debit Card,Paid,60823.7
8144,5023,2025-03-21,Credit Card,Paid,106393.5
8145,7340,2025-03-21,UPI,Paid,122564.5
8146,22333,2025-03-21,UPI,Paid,19710.6
8147,9676,2025-03-21,Credit Card,Paid,4475.45
8148,8432,2025-03-21,UPI,Paid,2849.25
8149,22406,2025-03-21,Cash on Delivery,Paid,15191.2
8150,1738,2025-03-22,UPI,Paid,88539.6
8151,13715,2025-03-22,Cash on Delivery,Paid,17766.9
8152,8137,2025-03-22,Debit Card,Paid,13653.55
8153,2723,2025-03-22,Debit Card,Paid,88311.9
8154,2091,2025-03-22,Credit Card,Paid,94572.0
8155,1996,2025-03-22,Debit Card,Paid,8666.25
8156,17681,2025-03-22,UPI,Paid,1047.75
8157,21316,2025-03-22,Cash on Delivery,Paid,2928.6
8158,14110,2025-03-22,UPI,Paid,22089.0
8159,12953,2025-03-22,Cash on Delivery,Paid,29028.8
8160,14312,2025-03-22,Credit Card,Paid,27664.8
8161,21385,2025-03-22,Debit Card,Paid,131920.3
8162,21250,2025-03-22,UPI,Paid,15622.7
8163,6622,2025-03-22,Credit Card,Paid,17074.0
8164,17453,2025-03-22,Debit Card,Paid,11066.4
8165,13313,2025-03-22,Net Banking,Paid,8818.85
8166,1813,2025-03-23,Cash on Delivery,Paid,160104.5
8167,13258,2025-03-23,UPI,Paid,27742.8
8168,5963,2025-03-23,Debit Card,Paid,8240.1
8169,4983,2025-03-23,Credit Card,Paid,32236.2
8170,18561,2025-03-23,Debit Card,Paid,474.0
8171,12327,2025-03-23,Credit Card,Paid,59446.7
8172,13721,2025-03-23,UPI,Paid,5975.9
8173,11403,2025-03-23,UPI,Paid,57742.65
8174,5148,2025-03-23,UPI,Paid,61396.3
8175,2798,2025-03-23,UPI,Paid,4471.65
8176,10960,2025-03-23,UPI,Paid,128704.8
8177,3301,2025-03-23,Debit Card,Paid,66024.0
8178,7646,2025-03-23,Credit Card,Paid,9210.6
8179,2131,2025-03-23,Net Banking,Paid,48140.6
8180,16577,2025-03-23,Credit Card,Paid,52647.2
8181,15052,2025-03-23,UPI,Paid,52372.9
8182,22297,2025-03-24,Debit Card,Paid,18444.1
8183,23247,2025-03-24,UPI,Paid,38688.3
8184,7073,2025-03-24,UPI,Paid,163118.5
8185,16491,2025-03-24,UPI,Paid,33872.0
8186,18782,2025-03-24,Net Banking,Paid,3334.1
8187,11563,2025-03-24,UPI,Paid,3998.7
8188,19453,2025-03-24,Credit Card,Paid,130509.5
8189,18416,2025-03-24,Debit Card,Paid,13200.55
8190,204,2025-03-24,UPI,Paid,12216.15
8191,8422,2025-03-24,Net Banking,Paid,2745.0
8192,12635,2025-03-24,Cash on Delivery,Paid,29844.25
8193,3040,2025-03-24,UPI,Paid,15539.9
8194,9298,2025-03-24,UPI,Paid,9796.4
8195,9318,2025-03-24,UPI,Paid,49628.25
8196,13251,2025-03-24,Debit Card,Paid,40981.0
8197,9652,2025-03-24,Credit Card,Paid,40175.1
8198,2061,2025-03-24,Credit Card,Paid,121377.0
8199,16821,2025-03-24,Debit Card,Paid,3530.25
8200,21306,2025-03-24,Credit Card,Paid,33442.5
8201,1558,2025-03-24,Debit Card,Paid,6710.0
8202,15410,2025-03-25,Debit Card,Paid,13893.75
8203,19539,2025-03-25,UPI,Paid,50828.5
8204,9823,2025-03-25,Credit Card,Paid,98217.0
8205,12722,2025-03-25,UPI,Paid,14351.4
8206,21135,2025-03-25,Net Banking,Paid,43662.8
8207,9665,2025-03-25,Cash on Delivery,Paid,4475.45
8208,19595,2025-03-25,UPI,Paid,7337.8
8209,4296,2025-03-25,Cash on Delivery,Paid,3355.0
8210,22915,2025-03-25,Debit Card,Paid,53786.4
8211,10709,2025-03-25,UPI,Paid,30477.6
8212,15464,2025-03-25,UPI,Paid,17312.8
8213,6268,2025-03-25,Debit Card,Paid,159578.0
8214,18736,2025-03-25,Net Banking,Paid,16293.15
8215,11212,2025-03-25,Debit Card,Paid,72145.45
8216,21280,2025-03-25,Credit Card,Paid,137388.0
8217,22442,2025-03-25,UPI,Paid,11855.9
8218,10683,2025-03-25,Net Banking,Paid,8110.15
8219,8836,2025-03-25,Credit Card,Paid,13634.0
8220,9985,2025-03-25,Debit Card,Paid,25469.45
8221,23454,2025-03-25,Credit Card,Paid,4047.0
8222,21522,2025-03-26,Credit Card,Paid,4475.45
8223,22260,2025-03-26,UPI,Paid,75769.2
8224,6198,2025-03-26,Credit Card,Paid,10267.2
8225,10726,2025-03-26,UPI,Paid,5486.0
8226,6120,2025-03-26,UPI,Paid,16006.0
8227,75,2025-03-26,Cash on Delivery,Paid,20919.0
8228,5012,2025-03-26,UPI,Paid,126731.6
8229,4131,2025-03-26,UPI,Paid,274506.3
8230,20134,2025-03-26,Cash on Delivery,Paid,83569.45
8231,19430,2025-03-26,UPI,Paid,69532.4
8232,21202,2025-03-26,UPI,Paid,99640.3
8233,5329,2025-03-26,Credit Card,Paid,10915.7
8234,10706,2025-03-26,UPI,Paid,33872.0
8235,24783,2025-03-26,Cash on Delivery,Paid,24760.8
8236,24563,2025-03-27,UPI,Paid,35133.85
8237,18862,2025-03-27,UPI,Paid,4306.35
8238,5489,2025-03-27,Cash on Delivery,Paid,11588.9
8239,4862,2025-03-27,Cash on Delivery,Paid,29844.25
8240,7098,2025-03-27,Cash on Delivery,Paid,4876.35
8241,1149,2025-03-27,UPI,Paid,30421.8
8242,19672,2025-03-27,Credit Card,Paid,10486.5
8243,19369,2025-03-27,UPI,Paid,10095.8
8244,18243,2025-03-27,Debit Card,Paid,9536.1
8245,6609,2025-03-27,UPI,Paid,69185.0
8246,17768,2025-03-27,Net Banking,Paid,52994.2
8247,24794,2025-03-27,UPI,Paid,56521.9
8248,2976,2025-03-27,UPI,Paid,9279.4
8249,9707,2025-03-27,Cash on Delivery,Paid,12875.1
8250,5826,2025-03-27,Credit Card,Paid,2851.75
8251,18570,2025-03-28,UPI,Paid,4079.7
8252,15160,2025-03-28,Cash on Delivery,Paid,10067.0
8253,10598,2025-03-28,UPI,Paid,18950.75
8254,14727,2025-03-28,Net Banking,Paid,65259.3
8255,23070,2025-03-28,Credit Card,Paid,59971.2
8256,12061,2025-03-28,Credit Card,Paid,119220.2
8257,18457,2025-03-28,Debit Card,Paid,44426.1
8258,19015,2025-03-28,Net Banking,Paid,11053.5
8259,13350,2025-03-28,Debit Card,Paid,31344.0
8260,7486,2025-03-28,UPI,Paid,7035.45
8261,9851,2025-03-28,UPI,Paid,5418.0
8262,2335,2025-03-28,Cash on Delivery,Paid,4928.0
8263,12628,2025-03-28,Cash on Delivery,Paid,16341.6
8264,10260,2025-03-28,UPI,Paid,118224.2
8265,12525,2025-03-28,Credit Card,Paid,71947.05
8266,13177,2025-03-29,Debit Card,Paid,1738.0
8267,4209,2025-03-29,UPI,Paid,4306.35
8268,10635,2025-03-29,Credit Card,Paid,7184.2
8269,14653,2025-03-29,UPI,Paid,34395.0
8270,24907,2025-03-29,Cash on Delivery,Paid,97780.7
8271,9599,2025-03-29,UPI,Paid,2954.6
8272,2368,2025-03-29,Net Banking,Paid,14159.45
8273,21167,2025-03-29,UPI,Paid,42799.5
8274,13909,2025-03-29,Debit Card,Paid,127033.6
8275,12982,2025-03-29,UPI,Paid,14989.3
8276,22883,2025-03-29,Cash on Delivery,Paid,10618.85
8277,8843,2025-03-29,UPI,Paid,474.0
8278,8457,2025-03-29,Cash on Delivery,Paid,19707.4
8279,7198,2025-03-30,UPI,Paid,48227.5
8280,3063,2025-03-30,Cash on Delivery,Paid,120520.4
8281,15034,2025-03-30,Debit Card,Paid,426.6
8282,14262,2025-03-30,Credit Card,Paid,8818.85
8283,23669,2025-03-30,Net Banking,Paid,35982.9
8284,24425,2025-03-30,Cash on Delivery,Paid,28117.6
8285,2177,2025-03-30,Credit Card,Paid,6726.6
8286,5595,2025-03-30,Credit Card,Paid,132605.05
8287,2287,2025-03-30,UPI,Paid,28768.25
8288,9673,2025-03-30,UPI,Paid,92206.1
8289,12331,2025-03-30,UPI,Paid,2425.9
8290,20348,2025-03-30,UPI,Paid,12738.1
8291,18223,2025-03-30,UPI,Paid,56263.7
8292,21027,2025-03-30,Credit Card,Paid,7384.8
8293,2048,2025-03-30,UPI,Paid,122180.2
8294,11562,2025-03-30,UPI,Paid,7787.25
8295,3689,2025-03-30,Credit Card,Paid,111937.5
8296,24,2025-03-30,Credit Card,Paid,2244.0
8297,7727,2025-03-30,UPI,Paid,332360.0
8298,20201,2025-03-30,Debit Card,Paid,18706.8
8299,20675,2025-03-31,Debit Card,Paid,43058.25
8300,18620,2025-03-31,Credit Card,Paid,1510.45
8301,11199,2025-03-31,UPI,Paid,17762.8
8302,17617,2025-03-31,UPI,Paid,11103.2
8303,10145,2025-03-31,Net Banking,Paid,3093.6
8304,21901,2025-03-31,UPI,Paid,32367.2
8305,10041,2025-03-31,Cash on Delivery,Paid,35672.0
8306,4502,2025-03-31,Net Banking,Paid,14855.5
8307,2530,2025-03-31,UPI,Paid,5385.6
8308,7234,2025-03-31,UPI,Paid,4063.5
8309,494,2025-03-31,UPI,Paid,53962.2
8310,19739,2025-03-31,Credit Card,Paid,4323.95
8311,16140,2025-03-31,Cash on Delivery,Paid,19107.15
8312,5798,2025-03-31,UPI,Paid,25913.1
8313,17788,2025-03-31,UPI,Paid,25684.0
8314,2962,2025-04-01,Cash on Delivery,Paid,59700.0
8315,24829,2025-04-01,Net Banking,Paid,48846.2
8316,7936,2025-04-01,Credit Card,Paid,9350.7
8317,1032,2025-04-01,UPI,Paid,49669.5
8318,15128,2025-04-01,UPI,Paid,5652.0
8319,15932,2025-04-01,UPI,Paid,5897.4
8320,9841,2025-04-01,UPI,Paid,32676.3
8321,16488,2025-04-01,UPI,Paid,62830.0
8322,23953,2025-04-01,UPI,Paid,100920.4
8323,17478,2025-04-01,Credit Card,Paid,67551.4
8324,11590,2025-04-01,Net Banking,Paid,25991.3
8325,15685,2025-04-01,Net Banking,Paid,17932.0
8326,10191,2025-04-01,UPI,Paid,10163.85
8327,12803,2025-04-02,Debit Card,Paid,32606.75
8328,21553,2025-04-02,UPI,Paid,150225.5
8329,18931,2025-04-02,Credit Card,Paid,1042.95
8330,12742,2025-04-02,Debit Card,Paid,24520.7
8331,23486,2025-04-02,Cash on Delivery,Paid,11557.8
8332,14979,2025-04-02,Cash on Delivery,Paid,68694.0
8333,18216,2025-04-02,Cash on Delivery,Paid,3638.85
8334,1131,2025-04-02,Debit Card,Paid,29793.6
8335,20001,2025-04-02,Cash on Delivery,Paid,554.0
8336,14038,2025-04-02,UPI,Paid,56903.4
8337,14226,2025-04-02,Debit Card,Paid,64600.6
8338,11556,2025-04-02,UPI,Paid,11962.0
8339,8946,2025-04-02,UPI,Paid,16709.4
8340,14331,2025-04-02,Debit Card,Paid,111671.0
8341,10840,2025-04-02,UPI,Paid,60820.35
8342,24252,2025-04-02,Credit Card,Paid,21769.35
8343,439,2025-04-02,UPI,Paid,22212.0
8344,5895,2025-04-02,UPI,Paid,1042.95
8345,8072,2025-04-03,Credit Card,Paid,1372.5
8346,7632,2025-04-03,Debit Card,Paid,7493.0
8347,3535,2025-04-03,Credit Card,Paid,5809.75
8348,20912,2025-04-03,Credit Card,Paid,16784.1
8349,172,2025-04-03,Credit Card,Paid,6879.9
8350,13212,2025-04-03,UPI,Paid,1977.9
8351,14065,2025-04-03,Debit Card,Paid,40974.0
8352,20410,2025-04-03,UPI,Paid,488.7
8353,19626,2025-04-03,UPI,Paid,14705.35
8354,18578,2025-04-03,Cash on Delivery,Paid,40191.4
8355,22299,2025-04-03,UPI,Paid,52966.4
8356,13944,2025-04-03,UPI,Paid,2094.4
8357,6090,2025-04-03,Cash on Delivery,Paid,15825.65
8358,3886,2025-04-04,Credit Card,Paid,32886.2
8359,20102,2025-04-04,Cash on Delivery,Paid,9283.0
8360,22009,2025-04-04,UPI,Paid,11589.75
8361,5096,2025-04-04,UPI,Paid,148841.5
8362,4010,2025-04-04,Credit Card,Paid,92980.9
8363,17691,2025-04-04,Cash on Delivery,Paid,12842.0
8364,13957,2025-04-04,Debit Card,Paid,49324.55
8365,22794,2025-04-04,UPI,Paid,35381.1
8366,4639,2025-04-04,UPI,Paid,7626.6
8367,20549,2025-04-04,UPI,Paid,18826.4
8368,152,2025-04-04,UPI,Paid,16358.8
8369,5198,2025-04-04,UPI,Paid,87695.3
8370,18572,2025-04-04,Cash on Delivery,Paid,64136.2
8371,1574,2025-04-04,Cash on Delivery,Paid,11588.9
8372,489,2025-04-04,Net Banking,Paid,3609.05
8373,13069,2025-04-04,Debit Card,Paid,10273.6
8374,2885,2025-04-04,Cash on Delivery,Paid,32452.5
8375,21149,2025-04-04,Credit Card,Paid,11958.4
8376,1455,2025-04-04,Credit Card,Paid,213.3
8377,2388,2025-04-04,UPI,Paid,79550.75
8378,19350,2025-04-04,UPI,Paid,8110.15
8379,13646,2025-04-04,Credit Card,Paid,47322.8
8380,2337,2025-04-04,Debit Card,Paid,28376.2
8381,18496,2025-04-05,UPI,Paid,64902.75
8382,11138,2025-04-05,Credit Card,Paid,6932.7
8383,22450,2025-04-05,Cash on Delivery,Paid,85645.1
8384,17175,2025-04-05,UPI,Paid,11062.5
8385,7048,2025-04-05,UPI,Paid,10273.6
8386,10789,2025-04-05,Credit Card,Paid,8799.4
8387,10143,2025-04-05,UPI,Paid,29146.4
8388,24431,2025-04-05,Cash on Delivery,Paid,19989.9
8389,9053,2025-04-05,Debit Card,Paid,21869.4
8390,4564,2025-04-05,Credit Card,Paid,10213.5
8391,16010,2025-04-05,Debit Card,Paid,27041.6
8392,12333,2025-04-05,UPI,Paid,2794.0
8393,3981,2025-04-05,Credit Card,Paid,3601.45
8394,6803,2025-04-05,UPI,Paid,3069.0
8395,24927,2025-04-05,Debit Card,Paid,8989.4
8396,14103,2025-04-05,Net Banking,Paid,5979.2
8397,15161,2025-04-05,Debit Card,Paid,12374.35
8398,4986,2025-04-05,Credit Card,Paid,71215.8
8399,9756,2025-04-05,UPI,Paid,5623.55
8400,19284,2025-04-05,Cash on Delivery,Paid,3834.2
8401,15980,2025-04-05,Net Banking,Paid,7100.3
8402,8549,2025-04-05,UPI,Paid,13850.0
8403,17147,2025-04-06,Debit Card,Paid,16706.75
8404,3909,2025-04-06,UPI,Paid,5652.0
8405,1459,2025-04-06,UPI,Paid,29257.6
8406,20729,2025-04-06,Cash on Delivery,Paid,108568.0
8407,23843,2025-04-06,UPI,Paid,9034.2
8408,996,2025-04-06,UPI,Paid,29896.0
8409,3557,2025-04-06,Cash on Delivery,Paid,4578.3
8410,23044,2025-04-06,Credit Card,Paid,4557.1
8411,10832,2025-04-06,UPI,Paid,162239.25
8412,3283,2025-04-06,Net Banking,Paid,4779.6
8413,9805,2025-04-06,Credit Card,Paid,8761.0
8414,11084,2025-04-06,UPI,Paid,6817.0
8415,24848,2025-04-06,Credit Card,Paid,14857.3
8416,6028,2025-04-06,UPI,Paid,25049.6
8417,21794,2025-04-06,Cash on Delivery,Paid,16826.4
8418,20370,2025-04-06,Credit Card,Paid,149250.0
8419,58,2025-04-07,Debit Card,Paid,64597.4
8420,16935,2025-04-07,Cash on Delivery,Paid,34673.4
8421,835,2025-04-07,Net Banking,Paid,20084.3
8422,3660,2025-04-07,UPI,Paid,14247.6
8423,1234,2025-04-07,Cash on Delivery,Paid,78935.5
8424,20566,2025-04-07,UPI,Paid,4265.0
8425,12605,2025-04-07,UPI,Paid,38058.6
8426,8669,2025-04-07,Credit Card,Paid,18488.0
8427,21196,2025-04-07,Credit Card,Paid,12422.35
8428,8988,2025-04-07,UPI,Paid,4578.3
8429,5082,2025-04-07,Cash on Delivery,Paid,3853.05
8430,17193,2025-04-07,Debit Card,Paid,19643.5
8431,18775,2025-04-07,Credit Card,Paid,22867.4
8432,8026,2025-04-07,Debit Card,Paid,49656.0
8433,22201,2025-04-07,Net Banking,Paid,5198.05
8434,19030,2025-04-07,Credit Card,Paid,11557.8
8435,5863,2025-04-07,Debit Card,Paid,9239.4
8436,24272,2025-04-07,UPI,Paid,8110.15
8437,1312,2025-04-07,UPI,Paid,20158.5
8438,6649,2025-04-08,Debit Card,Paid,2851.75
8439,9492,2025-04-08,Net Banking,Paid,29125.25
8440,21359,2025-04-08,Cash on Delivery,Paid,20095.0
8441,16873,2025-04-08,Net Banking,Paid,4876.2
8442,22431,2025-04-08,UPI,Paid,60921.0
8443,1245,2025-04-08,Cash on Delivery,Paid,4711.0
8444,8225,2025-04-08,Cash on Delivery,Paid,1250.0
8445,11804,2025-04-08,UPI,Paid,5133.6
8446,2820,2025-04-08,Debit Card,Paid,88913.8
8447,15170,2025-04-08,Cash on Delivery,Paid,7474.0
8448,9746,2025-04-08,UPI,Paid,9526.0
8449,5324,2025-04-08,Cash on Delivery,Paid,60509.7
8450,11984,2025-04-08,Debit Card,Paid,3302.2
8451,10012,2025-04-08,UPI,Paid,13264.2
8452,7976,2025-04-08,Cash on Delivery,Paid,21300.9
8453,20532,2025-04-08,Cash on Delivery,Paid,40682.7
8454,17088,2025-04-08,Debit Card,Paid,25476.2
8455,6951,2025-04-08,Cash on Delivery,Paid,6762.6
8456,5067,2025-04-08,UPI,Paid,32809.25
8457,19182,2025-04-08,Debit Card,Paid,295275.8
8458,13850,2025-04-08,UPI,Paid,27083.75
8459,16878,2025-04-08,Debit Card,Paid,17940.75
8460,13686,2025-04-08,Debit Card,Paid,140236.55
8461,8592,2025-04-08,UPI,Paid,89647.2
8462,11518,2025-04-08,UPI,Paid,156743.4
8463,20569,2025-04-09,Credit Card,Paid,5036.0
8464,6318,2025-04-09,Cash on Delivery,Paid,20907.6
8465,24216,2025-04-09,UPI,Paid,74625.0
8466,15770,2025-04-09,UPI,Paid,50264.0
8467,7971,2025-04-09,Net Banking,Paid,33835.1
8468,16299,2025-04-09,Cash on Delivery,Paid,3817.0
8469,17854,2025-04-09,Cash on Delivery,Paid,9099.0
8470,23103,2025-04-09,Net Banking,Paid,7726.3
8471,19051,2025-04-09,Net Banking,Paid,1382.95
8472,24535,2025-04-09,Credit Card,Paid,50701.1
8473,14094,2025-04-10,UPI,Paid,193540.6
8474,11553,2025-04-10,UPI,Paid,42017.9
8475,11035,2025-04-10,Cash on Delivery,Paid,4079.7
8476,14812,2025-04-10,Credit Card,Paid,49869.9
8477,19214,2025-04-10,Debit Card,Paid,35760.1
8478,24825,2025-04-10,Net Banking,Paid,47382.0
8479,20563,2025-04-10,UPI,Paid,141542.2
8480,22108,2025-04-10,Credit Card,Paid,543.0
8481,21978,2025-04-10,UPI,Paid,6145.2
8482,22099,2025-04-10,UPI,Paid,5637.1
8483,10253,2025-04-10,UPI,Paid,7606.8
8484,24551,2025-04-10,Credit Card,Paid,7474.0
8485,9738,2025-04-10,UPI,Paid,52447.2
8486,6446,2025-04-10,UPI,Paid,3244.45
8487,21304,2025-04-10,UPI,Paid,57747.8
8488,20435,2025-04-11,Credit Card,Paid,7582.5
8489,22819,2025-04-11,Debit Card,Paid,338413.6
8490,21515,2025-04-11,UPI,Paid,1042.95
8491,10416,2025-04-11,UPI,Paid,8950.9
8492,12545,2025-04-11,Debit Card,Paid,89365.65
8493,20826,2025-04-11,UPI,Paid,26598.25
8494,20728,2025-04-11,Credit Card,Paid,8607.2
8495,23026,2025-04-11,Debit Card,Paid,5787.65
8496,13115,2025-04-11,UPI,Paid,25404.0
8497,18464,2025-04-11,Net Banking,Paid,17376.0
8498,23371,2025-04-11,UPI,Paid,58373.2
8499,446,2025-04-11,UPI,Paid,9752.4
8500,23071,2025-04-11,UPI,Paid,11252.35
8501,21531,2025-04-11,UPI,Paid,543.0
8502,14570,2025-04-11,Cash on Delivery,Paid,83827.8
8503,12247,2025-04-11,Cash on Delivery,Paid,1216.6
8504,14201,2025-04-11,UPI,Paid,41597.6
8505,3764,2025-04-11,UPI,Paid,1627.0
8506,11682,2025-04-11,Net Banking,Paid,30063.7
8507,10814,2025-04-11,UPI,Paid,29310.55
8508,8835,2025-04-11,Cash on Delivery,Paid,1460.15
8509,15382,2025-04-11,UPI,Paid,45827.1
8510,20488,2025-04-11,Cash on Delivery,Paid,5418.0
8511,2159,2025-04-11,Net Banking,Paid,106694.8
8512,243,2025-04-11,UPI,Paid,16910.3
8513,3939,2025-04-12,Credit Card,Paid,10915.7
8514,10621,2025-04-12,Debit Card,Paid,19622.2
8515,23304,2025-04-12,Credit Card,Paid,2389.8
8516,2025,2025-04-12,Debit Card,Paid,7619.4
8517,24811,2025-04-12,Debit Card,Paid,101396.2
8518,23821,2025-04-12,UPI,Paid,42094.0
8519,16769,2025-04-12,Net Banking,Paid,39806.0
8520,12215,2025-04-12,UPI,Paid,14156.15
8521,3724,2025-04-12,Credit Card,Paid,13037.8
8522,8792,2025-04-12,UPI,Paid,52966.4
8523,2665,2025-04-12,UPI,Paid,434.4
8524,2818,2025-04-12,UPI,Paid,66472.0
8525,14387,2025-04-12,Net Banking,Paid,20820.15
8526,3119,2025-04-12,Cash on Delivery,Paid,2500.0
8527,4387,2025-04-13,Cash on Delivery,Paid,63005.0
8528,23485,2025-04-13,Debit Card,Paid,21039.75
8529,7445,2025-04-13,Net Banking,Paid,41978.3
8530,11278,2025-04-13,UPI,Paid,3554.0
8531,9946,2025-04-13,Credit Card,Paid,5126.25
8532,15778,2025-04-13,UPI,Paid,109674.5
8533,17615,2025-04-13,Cash on Delivery,Paid,174622.35
8534,3346,2025-04-13,UPI,Paid,13523.2
8535,20988,2025-04-13,Cash on Delivery,Paid,37828.8
8536,5391,2025-04-13,UPI,Paid,1703.4
8537,11997,2025-04-13,UPI,Paid,1165.65
8538,23412,2025-04-13,Debit Card,Paid,143720.1
8539,10356,2025-04-13,UPI,Paid,72211.75
8540,23667,2025-04-13,UPI,Paid,20243.2
8541,4574,2025-04-13,UPI,Paid,111325.85
8542,4096,2025-04-13,UPI,Paid,11445.75
8543,21956,2025-04-13,Credit Card,Paid,352.75
8544,5176,2025-04-13,Net Banking,Paid,84095.6
8545,8285,2025-04-13,UPI,Paid,11844.25
8546,16469,2025-04-13,Cash on Delivery,Paid,10072.0
8547,13002,2025-04-13,Credit Card,Paid,235.45
8548,2361,2025-04-13,UPI,Paid,65189.85
8549,276,2025-04-13,Debit Card,Paid,40974.0
8550,2303,2025-04-13,UPI,Paid,61987.2
8551,11336,2025-04-14,Credit Card,Paid,11610.2
8552,7367,2025-04-14,UPI,Paid,162475.5
8553,19757,2025-04-14,UPI,Paid,85494.2
8554,10895,2025-04-14,UPI,Paid,3302.2
8555,18445,2025-04-14,Cash on Delivery,Paid,88747.2
8556,9780,2025-04-14,Debit Card,Paid,14360.05
8557,2899,2025-04-14,Cash on Delivery,Paid,4928.0
8558,10719,2025-04-14,Credit Card,Paid,154377.5
8559,23404,2025-04-14,Cash on Delivery,Paid,5652.0
8560,2168,2025-04-14,Debit Card,Paid,2603.2
8561,3766,2025-04-14,Cash on Delivery,Paid,2340.8
8562,24679,2025-04-14,Cash on Delivery,Paid,12538.2
8563,6461,2025-04-14,Credit Card,Paid,55330.75
8564,10776,2025-04-14,Credit Card,Paid,73134.7
8565,4405,2025-04-14,UPI,Paid,36188.25
8566,19349,2025-04-15,UPI,Paid,488.7
8567,20828,2025-04-15,UPI,Paid,47286.0
8568,1912,2025-04-15,Net Banking,Paid,21685.75
8569,21948,2025-04-15,Net Banking,Paid,3355.0
8570,11042,2025-04-15,Credit Card,Paid,7480.8
8571,8327,2025-04-15,UPI,Paid,1614.3
8572,1884,2025-04-15,Debit Card,Paid,18731.25
8573,16033,2025-04-15,UPI,Paid,136361.1
8574,17269,2025-04-15,Debit Card,Paid,39201.6
8575,10806,2025-04-15,Cash on Delivery,Paid,29643.35
8576,4413,2025-04-15,Debit Card,Paid,34132.55
8577,1637,2025-04-15,UPI,Paid,2094.4
8578,20745,2025-04-15,Cash on Delivery,Paid,83005.7
8579,7155,2025-04-15,Cash on Delivery,Paid,526.3
8580,8674,2025-04-16,Credit Card,Paid,2023.5
8581,8251,2025-04-16,Cash on Delivery,Paid,2728.0
8582,16195,2025-04-16,UPI,Paid,60122.65
8583,15963,2025-04-16,Credit Card,Paid,2514.4
8584,6273,2025-04-16,UPI,Paid,3401.7
8585,16268,2025-04-16,Net Banking,Paid,29055.6
8586,17683,2025-04-16,UPI,Paid,8722.35
8587,13580,2025-04-16,UPI,Paid,43058.3
8588,12849,2025-04-16,Credit Card,Paid,15547.35
8589,21264,2025-04-16,UPI,Paid,20850.5
8590,11422,2025-04-16,UPI,Paid,137388.0
8591,689,2025-04-16,Credit Card,Paid,39638.9
8592,6068,2025-04-16,UPI,Paid,7130.2
8593,15512,2025-04-16,UPI,Paid,42557.4
8594,13931,2025-04-16,UPI,Paid,47552.45
8595,19687,2025-04-16,UPI,Paid,16350.3
8596,11635,2025-04-16,Net Banking,Paid,488.7
8597,22087,2025-04-16,Cash on Delivery,Paid,125908.75
8598,14365,2025-04-16,Cash on Delivery,Paid,263.15
8599,23059,2025-04-16,UPI,Paid,31197.0
8600,3667,2025-04-16,UPI,Paid,43286.3
8601,8978,2025-04-17,Debit Card,Paid,5133.6
8602,4895,2025-04-17,Credit Card,Paid,5794.45
8603,19574,2025-04-17,Credit Card,Paid,8826.45
8604,24769,2025-04-17,UPI,Paid,131680.8
8605,18154,2025-04-17,UPI,Paid,831.0
8606,16293,2025-04-17,UPI,Paid,3187.25
8607,4029,2025-04-17,Debit Card,Paid,196421.85
8608,4783,2025-04-17,Cash on Delivery,Paid,17836.0
8609,1905,2025-04-17,UPI,Paid,42557.4
8610,15313,2025-04-17,UPI,Paid,40459.0
8611,14722,2025-04-17,UPI,Paid,12590.0
8612,18807,2025-04-17,Net Banking,Paid,24752.8
8613,5167,2025-04-17,UPI,Paid,162809.6
8614,23703,2025-04-17,UPI,Paid,112747.4
8615,15771,2025-04-18,Debit Card,Paid,84963.9
8616,391,2025-04-18,Credit Card,Paid,44639.0
8617,2802,2025-04-18,Net Banking,Paid,19017.0
8618,7708,2025-04-18,Debit Card,Paid,6817.0
8619,20518,2025-04-18,UPI,Paid,58683.45
8620,1053,2025-04-18,Cash on Delivery,Paid,39685.05
8621,13551,2025-04-18,Cash on Delivery,Paid,155635.7
8622,24967,2025-04-18,Credit Card,Paid,13157.5
8623,4904,2025-04-18,UPI,Paid,30032.35
8624,23473,2025-04-18,Net Banking,Paid,4876.2
8625,22298,2025-04-18,UPI,Paid,498.6
8626,8664,2025-04-18,Credit Card,Paid,1477.3
8627,9240,2025-04-18,Credit Card,Paid,27696.35
8628,9812,2025-04-18,Cash on Delivery,Paid,94143.75
8629,18644,2025-04-18,Debit Card,Paid,87167.5
8630,22174,2025-04-18,Cash on Delivery,Paid,86820.2
8631,6665,2025-04-18,Credit Card,Paid,11747.85
8632,5168,2025-04-18,Cash on Delivery,Paid,4876.2
8633,20034,2025-04-18,Cash on Delivery,Paid,31213.0
8634,655,2025-04-18,UPI,Paid,42094.0
8635,14090,2025-04-18,Credit Card,Paid,2019.6
8636,3466,2025-04-18,UPI,Paid,29640.4
8637,4982,2025-04-18,UPI,Paid,67275.0
8638,5154,2025-04-18,Net Banking,Paid,93992.45
8639,10730,2025-04-18,Credit Card,Paid,8001.9
8640,724,2025-04-18,UPI,Paid,4563.2
8641,23240,2025-04-18,Net Banking,Paid,11053.5
8642,6430,2025-04-18,Net Banking,Paid,5229.75
8643,7181,2025-04-18,Credit Card,Paid,2348.5
8644,3539,2025-04-19,UPI,Paid,15947.5
8645,24287,2025-04-19,Net Banking,Paid,104052.5
8646,10787,2025-04-19,Debit Card,Paid,3765.6
8647,11282,2025-04-19,Debit Card,Paid,1227.0
8648,10794,2025-04-19,Debit Card,Paid,21180.25
8649,13945,2025-04-19,Credit Card,Paid,43033.75
8650,5743,2025-04-19,UPI,Paid,7845.2
8651,3855,2025-04-19,UPI,Paid,1390.4
8652,6914,2025-04-19,UPI,Paid,263.15
8653,8627,2025-04-19,Credit Card,Paid,28780.2
8654,8776,2025-04-19,Net Banking,Paid,5905.35
8655,6126,2025-04-19,Net Banking,Paid,69185.75
8656,23683,2025-04-19,Debit Card,Paid,7426.4
8657,1307,2025-04-19,Cash on Delivery,Paid,36192.5
8658,19902,2025-04-19,Credit Card,Paid,1042.95
8659,20846,2025-04-19,Debit Card,Paid,17082.6
8660,11161,2025-04-19,Net Banking,Paid,43614.9
8661,16063,2025-04-19,UPI,Paid,85114.8
8662,3984,2025-04-19,Credit Card,Paid,122408.85
8663,287,2025-04-19,UPI,Paid,1086.0
8664,23767,2025-04-19,Net Banking,Paid,38874.9
8665,23779,2025-04-19,UPI,Paid,20624.0
8666,1646,2025-04-19,UPI,Paid,42771.9
8667,4951,2025-04-19,Credit Card,Paid,42094.0
8668,24678,2025-04-19,Debit Card,Paid,18367.4
8669,14742,2025-04-19,UPI,Paid,8466.0
8670,4943,2025-04-19,UPI,Paid,6275.7
8671,3299,2025-04-19,UPI,Paid,30421.8
8672,8247,2025-04-19,UPI,Paid,15084.1
8673,11574,2025-04-19,UPI,Paid,190331.5
8674,15235,2025-04-19,Cash on Delivery,Paid,25869.0
8675,12092,2025-04-19,Net Banking,Paid,19643.5
8676,23242,2025-04-19,Net Banking,Paid,10838.45
8677,2095,2025-04-20,UPI,Paid,44022.65
8678,4622,2025-04-20,UPI,Paid,4578.3
8679,12960,2025-04-20,UPI,Paid,17836.0
8680,9886,2025-04-20,UPI,Paid,33550.8
8681,5873,2025-04-20,Net Banking,Paid,104160.7
8682,18751,2025-04-20,UPI,Paid,3376.3
8683,2435,2025-04-20,Cash on Delivery,Paid,2766.6
8684,3248,2025-04-20,UPI,Paid,6140.25
8685,14931,2025-04-20,Debit Card,Paid,40330.75
8686,9286,2025-04-20,UPI,Paid,31844.8
8687,17936,2025-04-20,UPI,Paid,26481.15
8688,3633,2025-04-20,UPI,Paid,3853.05
8689,23870,2025-04-20,UPI,Paid,7884.9
8690,1791,2025-04-20,Net Banking,Paid,4605.3
8691,16542,2025-04-20,UPI,Paid,48962.7
8692,23820,2025-04-20,Debit Card,Paid,5396.0
8693,11808,2025-04-20,UPI,Paid,108975.15
8694,8411,2025-04-20,Credit Card,Paid,66024.0
8695,20582,2025-04-20,Cash on Delivery,Paid,13667.25
8696,4860,2025-04-20,Credit Card,Paid,328415.7
8697,3318,2025-04-21,Cash on Delivery,Paid,47966.4
8698,22090,2025-04-21,Cash on Delivery,Paid,24038.8
8699,15855,2025-04-21,Credit Card,Paid,134325.0
8700,2993,2025-04-21,UPI,Paid,11639.3
8701,14596,2025-04-21,UPI,Paid,225.15
8702,13871,2025-04-21,Debit Card,Paid,6817.0
8703,3011,2025-04-21,UPI,Paid,62006.45
8704,9968,2025-04-21,UPI,Paid,4036.0
8705,20284,2025-04-21,Credit Card,Paid,461.55
8706,1961,2025-04-21,UPI,Paid,18067.9
8707,6817,2025-04-21,UPI,Paid,11478.05
8708,12255,2025-04-21,UPI,Paid,148224.0
8709,20452,2025-04-21,Credit Card,Paid,5663.55
8710,307,2025-04-21,Credit Card,Paid,10101.15
8711,14987,2025-04-21,Credit Card,Paid,55968.75
8712,18883,2025-04-21,UPI,Paid,22351.0
8713,19176,2025-04-21,Net Banking,Paid,52365.8
8714,6435,2025-04-21,Credit Card,Paid,76913.1
8715,9833,2025-04-21,UPI,Paid,16058.8
8716,23248,2025-04-22,UPI,Paid,2158.4
8717,954,2025-04-22,Credit Card,Paid,1062.5
8718,14267,2025-04-22,Net Banking,Paid,46883.7
8719,13488,2025-04-22,Cash on Delivery,Paid,28002.2
8720,9587,2025-04-22,UPI,Paid,8699.6
8721,16574,2025-04-22,UPI,Paid,3817.0
8722,24193,2025-04-22,Credit Card,Paid,5059.8
8723,1430,2025-04-22,UPI,Paid,977.9
8724,21632,2025-04-22,Debit Card,Paid,166487.5
8725,4637,2025-04-22,Cash on Delivery,Paid,788.5
8726,11479,2025-04-22,Debit Card,Paid,21049.6
8727,429,2025-04-22,Debit Card,Paid,81526.2
8728,18173,2025-04-22,Debit Card,Paid,2684.0
8729,5728,2025-04-22,UPI,Paid,5975.9
8730,21695,2025-04-23,Debit Card,Paid,1187.45
8731,1999,2025-04-23,UPI,Paid,122048.1
8732,3308,2025-04-23,Credit Card,Paid,6925.0
8733,8809,2025-04-23,Cash on Delivery,Paid,3813.3
8734,17374,2025-04-23,Credit Card,Paid,6468.55
8735,9677,2025-04-23,Cash on Delivery,Paid,24313.8
8736,21421,2025-04-23,UPI,Paid,56178.2
8737,6717,2025-04-23,Debit Card,Paid,27076.0
8738,11445,2025-04-23,Debit Card,Paid,19740.5
8739,10390,2025-04-23,UPI,Paid,6710.0
8740,19589,2025-04-23,UPI,Paid,9745.05
8741,2057,2025-04-23,Credit Card,Paid,5652.0
8742,337,2025-04-23,Net Banking,Paid,31198.5
8743,18309,2025-04-23,UPI,Paid,7358.45
8744,19965,2025-04-23,UPI,Paid,47286.0
8745,21206,2025-04-23,Cash on Delivery,Paid,58018.05
8746,20392,2025-04-23,UPI,Paid,52731.2
8747,24347,2025-04-23,Credit Card,Paid,42557.4
8748,7313,2025-04-23,UPI,Paid,394.25
8749,184,2025-04-23,Credit Card,Paid,56867.45
8750,6066,2025-04-23,Debit Card,Paid,13326.0
8751,22064,2025-04-24,UPI,Paid,94760.45
8752,16768,2025-04-24,Cash on Delivery,Paid,25485.3
8753,11037,2025-04-24,Cash on Delivery,Paid,14490.4
8754,22459,2025-04-24,Debit Card,Paid,1874.0
8755,8943,2025-04-24,UPI,Paid,72896.25
8756,21584,2025-04-24,Debit Card,Paid,95356.4
8757,16416,2025-04-24,Net Banking,Paid,42407.05
8758,15590,2025-04-24,UPI,Paid,77672.95
8759,21279,2025-04-24,UPI,Paid,58861.5
8760,23749,2025-04-24,Credit Card,Paid,14067.6
8761,17558,2025-04-24,Cash on Delivery,Paid,193695.55
8762,2262,2025-04-24,Debit Card,Paid,37884.6
8763,16620,2025-04-24,Cash on Delivery,Paid,3410.0
8764,21566,2025-04-24,Cash on Delivery,Paid,3626.15
8765,10752,2025-04-24,UPI,Paid,6275.7
8766,10164,2025-04-24,Credit Card,Paid,10242.0
8767,8144,2025-04-24,Net Banking,Paid,47286.0
8768,325,2025-04-24,Net Banking,Paid,39132.05
8769,9945,2025-04-24,Debit Card,Paid,237.0
8770,8876,2025-04-24,UPI,Paid,16507.2
8771,2446,2025-04-25,UPI,Paid,43806.0
8772,8652,2025-04-25,Debit Card,Paid,68467.1
8773,15527,2025-04-25,UPI,Paid,488.7
8774,10102,2025-04-25,Debit Card,Paid,8457.0
8775,4756,2025-04-25,UPI,Paid,10658.25
8776,20661,2025-04-25,Credit Card,Paid,17192.5
8777,4390,2025-04-25,Cash on Delivery,Paid,33881.75
8778,10560,2025-04-25,UPI,Paid,4533.0
8779,15892,2025-04-25,Net Banking,Paid,4306.35
8780,12957,2025-04-25,Debit Card,Paid,27091.2
8781,19060,2025-04-25,Debit Card,Paid,14493.8
8782,12544,2025-04-25,Debit Card,Paid,15241.6
8783,8152,2025-04-25,Cash on Delivery,Paid,9283.0
8784,10808,2025-04-25,UPI,Paid,10357.85
8785,19867,2025-04-25,Net Banking,Paid,10626.95
8786,17239,2025-04-25,Credit Card,Paid,107572.8
8787,14185,2025-04-25,Debit Card,Paid,6468.55
8788,15946,2025-04-25,UPI,Paid,30342.0
8789,705,2025-04-26,UPI,Paid,96337.3
8790,9260,2025-04-26,UPI,Paid,81845.1
8791,12630,2025-04-26,Cash on Delivery,Paid,17709.3
8792,17055,2025-04-26,UPI,Paid,21794.6
8793,11902,2025-04-26,UPI,Paid,6809.0
8794,9625,2025-04-26,Cash on Delivery,Paid,5927.05
8795,18299,2025-04-26,UPI,Paid,22290.0
8796,14524,2025-04-26,Credit Card,Paid,47966.4
8797,12776,2025-04-26,Credit Card,Paid,1683.0
8798,12280,2025-04-26,UPI,Paid,20557.8
8799,24580,2025-04-26,Cash on Delivery,Paid,3813.3
8800,6911,2025-04-26,Debit Card,Paid,9893.1
8801,8559,2025-04-26,UPI,Paid,6578.75
8802,21023,2025-04-26,Cash on Delivery,Paid,9975.95
8803,12956,2025-04-26,UPI,Paid,63528.6
8804,18350,2025-04-26,Credit Card,Paid,7066.5
8805,24032,2025-04-26,UPI,Paid,5229.75
8806,24215,2025-04-26,Net Banking,Paid,5913.6
8807,18604,2025-04-26,UPI,Paid,185818.35
8808,10492,2025-04-26,Debit Card,Paid,235.45
8809,11990,2025-04-26,Credit Card,Paid,36151.2
8810,1509,2025-04-26,UPI,Paid,60280.5
8811,14868,2025-04-27,Cash on Delivery,Paid,25132.0
8812,11503,2025-04-27,Cash on Delivery,Paid,33365.0
8813,22293,2025-04-27,Credit Card,Paid,65379.0
8814,14982,2025-04-27,UPI,Paid,1769.7
8815,12801,2025-04-27,Debit Card,Paid,12523.3
8816,15558,2025-04-27,UPI,Paid,17635.8
8817,12881,2025-04-27,UPI,Paid,35536.5
8818,22254,2025-04-27,Net Banking,Paid,30936.0
8819,5559,2025-04-27,UPI,Paid,10804.35
8820,12583,2025-04-27,Credit Card,Paid,6493.25
8821,21391,2025-04-27,Credit Card,Paid,2843.2
8822,9086,2025-04-27,Credit Card,Paid,1599.3
8823,13682,2025-04-27,UPI,Paid,1903.8
8824,15750,2025-04-27,Net Banking,Paid,33199.2
8825,183,2025-04-27,UPI,Paid,73765.8
8826,17717,2025-04-27,Cash on Delivery,Paid,9976.6
8827,578,2025-04-27,Credit Card,Paid,76884.5
8828,20991,2025-04-27,UPI,Paid,27041.6
8829,15290,2025-04-27,UPI,Paid,42557.4
8830,21487,2025-04-27,Debit Card,Paid,6295.0
8831,21831,2025-04-27,UPI,Paid,22279.2
8832,19165,2025-04-28,Cash on Delivery,Paid,126862.5
8833,5663,2025-04-28,Cash on Delivery,Paid,17112.0
8834,24985,2025-04-28,Cash on Delivery,Paid,2563.1
8835,23482,2025-04-28,UPI,Paid,8404.3
8836,2471,2025-04-28,UPI,Paid,28753.8
8837,6650,2025-04-28,UPI,Paid,13268.8
8838,24810,2025-04-28,Cash on Delivery,Paid,52377.75
8839,22876,2025-04-28,Credit Card,Paid,7916.55
8840,10622,2025-04-28,Net Banking,Paid,4149.9
8841,845,2025-04-28,Net Banking,Paid,82638.5
8842,7710,2025-04-28,Credit Card,Paid,45953.25
8843,3480,2025-04-28,Credit Card,Paid,8698.05
8844,16711,2025-04-28,UPI,Paid,2566.2
8845,7647,2025-04-28,Credit Card,Paid,2602.05
8846,19913,2025-04-28,Credit Card,Paid,9489.25
8847,19633,2025-04-28,UPI,Paid,11300.85
8848,19223,2025-04-28,Debit Card,Paid,10781.3
8849,20795,2025-04-28,Credit Card,Paid,63431.25
8850,7894,2025-04-28,Credit Card,Paid,5794.45
8851,353,2025-04-29,Credit Card,Paid,16816.5
8852,20492,2025-04-29,UPI,Paid,31135.8
8853,3489,2025-04-29,Credit Card,Paid,13973.5
8854,6099,2025-04-29,Credit Card,Paid,59532.7
8855,13848,2025-04-29,UPI,Paid,8989.4
8856,9796,2025-04-29,UPI,Paid,27559.85
8857,6125,2025-04-29,UPI,Paid,16624.55
8858,14443,2025-04-29,UPI,Paid,4928.3
8859,7194,2025-04-29,Cash on Delivery,Paid,29844.25
8860,16798,2025-04-29,UPI,Paid,9222.0
8861,3947,2025-04-29,Net Banking,Paid,7683.3
8862,12457,2025-04-29,Credit Card,Paid,63804.55
8863,12112,2025-04-29,Cash on Delivery,Paid,14070.9
8864,234,2025-04-29,Cash on Delivery,Paid,290.5
8865,6558,2025-04-29,UPI,Paid,57665.85
8866,8378,2025-04-29,UPI,Paid,34037.1
8867,16883,2025-04-29,Credit Card,Paid,23177.3
8868,17831,2025-04-29,Credit Card,Paid,130426.25
8869,15943,2025-04-29,UPI,Paid,6595.4
8870,6566,2025-04-29,Cash on Delivery,Paid,13264.2
8871,11889,2025-04-29,Credit Card,Paid,277.0
8872,16129,2025-04-29,UPI,Paid,113486.4
8873,18665,2025-04-30,Cash on Delivery,Paid,15781.1
8874,24616,2025-04-30,Net Banking,Paid,91586.2
8875,24174,2025-04-30,UPI,Paid,981.6
8876,12369,2025-04-30,Debit Card,Paid,8041.75
8877,14011,2025-04-30,Net Banking,Paid,16308.2
8878,7546,2025-04-30,Debit Card,Paid,184595.7
8879,17356,2025-04-30,UPI,Paid,15222.65
8880,21574,2025-04-30,UPI,Paid,36452.2
8881,8419,2025-04-30,UPI,Paid,12223.5
8882,16142,2025-04-30,Credit Card,Paid,13060.5
8883,8757,2025-04-30,Credit Card,Paid,6809.0
8884,5784,2025-04-30,Cash on Delivery,Paid,5418.0
8885,13161,2025-04-30,Net Banking,Paid,66613.7
8886,1350,2025-04-30,Cash on Delivery,Paid,5979.2
8887,18018,2025-04-30,Net Banking,Paid,63977.6
8888,13995,2025-04-30,Debit Card,Paid,52511.2
8889,1731,2025-04-30,Debit Card,Paid,114990.75
8890,16019,2025-04-30,Cash on Delivery,Paid,28737.75
8891,335,2025-04-30,Debit Card,Paid,261846.6
8892,3840,2025-04-30,Credit Card,Paid,134325.0
8893,20489,2025-05-01,UPI,Paid,4876.2
8894,11125,2025-05-01,Debit Card,Paid,52966.4
8895,19517,2025-05-01,UPI,Paid,49498.05
8896,1990,2025-05-01,UPI,Paid,8598.75
8897,24934,2025-05-01,Debit Card,Paid,29943.95
8898,21817,2025-05-01,UPI,Paid,72110.6
8899,24919,2025-05-01,Credit Card,Paid,10312.0
8900,9274,2025-05-01,UPI,Paid,5396.0
8901,23962,2025-05-01,Debit Card,Paid,8103.5
8902,14560,2025-05-01,Credit Card,Paid,7335.8
8903,5050,2025-05-01,Net Banking,Paid,3414.0
8904,24720,2025-05-01,Credit Card,Paid,10128.6
8905,12001,2025-05-01,UPI,Paid,8215.1
8906,23861,2025-05-01,Credit Card,Paid,29385.5
8907,19722,2025-05-01,Net Banking,Paid,31562.2
8908,2082,2025-05-01,UPI,Paid,1327.15
8909,15264,2025-05-01,Debit Card,Paid,33856.0
8910,12990,2025-05-01,UPI,Paid,17934.1
8911,24260,2025-05-02,Cash on Delivery,Paid,875.0
8912,11270,2025-05-02,Credit Card,Paid,7890.55
8913,15345,2025-05-02,UPI,Paid,47286.0
8914,22396,2025-05-02,Cash on Delivery,Paid,18641.1
8915,18055,2025-05-02,Cash on Delivery,Paid,47286.0
8916,13670,2025-05-02,Credit Card,Paid,56960.1
8917,12781,2025-05-02,UPI,Paid,74400.5
8918,20816,2025-05-02,Cash on Delivery,Paid,23115.6
8919,11379,2025-05-02,Credit Card,Paid,75706.0
8920,16150,2025-05-02,UPI,Paid,3157.2
8921,11262,2025-05-02,Credit Card,Paid,15643.6
8922,25000,2025-05-02,Credit Card,Paid,6808.1
8923,10092,2025-05-02,UPI,Paid,16575.5
8924,6940,2025-05-02,UPI,Paid,72116.75
8925,6642,2025-05-02,UPI,Paid,35665.0
8926,5660,2025-05-02,Cash on Delivery,Paid,4266.15
8927,3065,2025-05-02,UPI,Paid,12013.05
8928,6797,2025-05-02,Net Banking,Paid,1686.6
8929,14367,2025-05-03,Debit Card,Paid,2617.8
8930,4804,2025-05-03,Debit Card,Paid,5704.0
8931,18032,2025-05-03,Debit Card,Paid,42407.05
8932,20173,2025-05-03,Credit Card,Paid,22950.8
8933,13066,2025-05-03,UPI,Paid,664.8
8934,18288,2025-05-03,UPI,Paid,3810.4
8935,24742,2025-05-03,Credit Card,Paid,6516.0
8936,6050,2025-05-03,Credit Card,Paid,59587.2
8937,21697,2025-05-03,Net Banking,Paid,6950.4
8938,4293,2025-05-03,Credit Card,Paid,14444.4
8939,15254,2025-05-03,Debit Card,Paid,3814.8
8940,15371,2025-05-03,Credit Card,Paid,8354.7
8941,13079,2025-05-03,UPI,Paid,11956.25
8942,7827,2025-05-03,Cash on Delivery,Paid,3817.0
8943,11933,2025-05-03,Debit Card,Paid,28138.4
8944,14177,2025-05-03,Credit Card,Paid,12952.3
8945,9867,2025-05-03,UPI,Paid,18566.0
8946,4826,2025-05-03,Credit Card,Paid,1227.0
8947,2546,2025-05-03,Credit Card,Paid,49016.8
8948,5025,2025-05-03,Net Banking,Paid,12095.5
8949,16213,2025-05-03,UPI,Paid,6668.2
8950,22318,2025-05-03,UPI,Paid,28138.4
8951,8882,2025-05-03,UPI,Paid,56960.1
8952,17616,2025-05-03,Net Banking,Paid,5605.5
8953,20438,2025-05-03,Net Banking,Paid,42557.4
8954,2984,2025-05-04,Cash on Delivery,Paid,73150.2
8955,16957,2025-05-04,Debit Card,Paid,84542.4
8956,15375,2025-05-04,Debit Card,Paid,2000.0
8957,4906,2025-05-04,UPI,Paid,10894.4
8958,7591,2025-05-04,Debit Card,Paid,105940.8
8959,7616,2025-05-04,UPI,Paid,12974.15
8960,7607,2025-05-04,Credit Card,Paid,44040.45
8961,11587,2025-05-04,Debit Card,Paid,1603.2
8962,22339,2025-05-04,UPI,Paid,17993.95
8963,10692,2025-05-04,UPI,Paid,54419.2
8964,22341,2025-05-04,Credit Card,Paid,277.0
8965,16287,2025-05-04,UPI,Paid,26154.35
8966,11565,2025-05-04,Credit Card,Paid,14200.6
8967,22820,2025-05-04,Debit Card,Paid,4036.0
8968,13698,2025-05-04,UPI,Paid,20695.65
8969,14025,2025-05-04,Credit Card,Paid,45953.25
8970,20904,2025-05-04,Net Banking,Paid,64683.9
8971,1081,2025-05-04,Credit Card,Paid,6374.5
8972,8496,2025-05-04,Net Banking,Paid,31844.8
8973,1570,2025-05-04,Credit Card,Paid,38949.1
8974,24021,2025-05-04,Debit Card,Paid,22328.4
8975,15615,2025-05-05,Credit Card,Paid,5447.2
8976,4710,2025-05-05,Net Banking,Paid,37618.5
8977,23174,2025-05-05,UPI,Paid,215192.8
8978,15337,2025-05-05,Credit Card,Paid,18664.9
8979,16202,2025-05-05,Cash on Delivery,Paid,1738.0
8980,13399,2025-05-05,Debit Card,Paid,3412.4
8981,2791,2025-05-05,Net Banking,Paid,1187.45
8982,14144,2025-05-05,Debit Card,Paid,93298.2
8983,12878,2025-05-05,Debit Card,Paid,161763.6
8984,3965,2025-05-05,UPI,Paid,24019.6
8985,16187,2025-05-05,Debit Card,Paid,237.0
8986,16608,2025-05-05,Debit Card,Paid,9516.0
8987,4571,2025-05-05,UPI,Paid,6925.6
8988,7969,2025-05-05,Credit Card,Paid,198069.3
8989,22948,2025-05-05,UPI,Paid,5462.4
8990,11561,2025-05-05,UPI,Paid,1777.0
8991,3129,2025-05-05,Credit Card,Paid,213281.4
8992,17285,2025-05-05,Net Banking,Paid,9283.0
8993,13208,2025-05-05,Credit Card,Paid,56636.0
8994,5836,2025-05-05,Credit Card,Paid,1888.6
8995,1304,2025-05-06,UPI,Paid,27273.6
8996,9127,2025-05-06,Cash on Delivery,Paid,6288.7
8997,6999,2025-05-06,Credit Card,Paid,6950.4
8998,13841,2025-05-06,Credit Card,Paid,30121.0
8999,9691,2025-05-06,Net Banking,Paid,8555.15
9000,21191,2025-05-06,Credit Card,Paid,53405.5
9001,3451,2025-05-06,UPI,Paid,17063.15
9002,11998,2025-05-06,UPI,Paid,55052.1
9003,24990,2025-05-06,UPI,Paid,6403.2
9004,7547,2025-05-06,Credit Card,Paid,2464.0
9005,5033,2025-05-06,Cash on Delivery,Paid,17112.0
9006,20395,2025-05-06,Net Banking,Paid,5133.0
9007,9793,2025-05-06,Cash on Delivery,Paid,101216.0
9008,8931,2025-05-06,Credit Card,Paid,4832.65
9009,21262,2025-05-06,Cash on Delivery,Paid,13157.5
9010,1710,2025-05-06,UPI,Paid,26932.4
9011,2456,2025-05-06,UPI,Paid,22651.65
9012,15628,2025-05-06,Cash on Delivery,Paid,1955.75
9013,1066,2025-05-07,Debit Card,Paid,38224.0
9014,22005,2025-05-07,Debit Card,Paid,1421.6
9015,20478,2025-05-07,UPI,Paid,33902.25
9016,5217,2025-05-07,Net Banking,Paid,12937.1
9017,23336,2025-05-07,Debit Card,Paid,27281.3
9018,226,2025-05-07,UPI,Paid,40459.0
9019,4514,2025-05-07,UPI,Paid,26483.2
9020,15511,2025-05-07,Net Banking,Paid,5087.0
9021,3104,2025-05-07,Credit Card,Paid,4707.0
9022,2960,2025-05-07,Credit Card,Paid,23246.65
9023,4697,2025-05-07,Cash on Delivery,Paid,75475.85
9024,17487,2025-05-07,Credit Card,Paid,8610.4
9025,5071,2025-05-07,UPI,Paid,19642.65
9026,13006,2025-05-07,Cash on Delivery,Paid,12890.0
9027,1484,2025-05-07,Credit Card,Paid,6295.0
9028,20869,2025-05-07,Credit Card,Paid,4973.8
9029,17579,2025-05-08,UPI,Paid,232496.0
9030,18209,2025-05-08,Cash on Delivery,Paid,16932.0
9031,17940,2025-05-08,Net Banking,Paid,59697.2
9032,10614,2025-05-08,UPI,Paid,110596.4
9033,13713,2025-05-08,UPI,Paid,5133.0
9034,898,2025-05-08,Credit Card,Paid,3609.05
9035,13787,2025-05-08,Net Banking,Paid,6962.25
9036,23349,2025-05-08,UPI,Paid,6726.6
9037,9300,2025-05-08,Cash on Delivery,Paid,3069.0
9038,14726,2025-05-08,UPI,Paid,4475.45
9039,23376,2025-05-08,Debit Card,Paid,16898.5
9040,17511,2025-05-08,Net Banking,Paid,27542.8
9041,1318,2025-05-08,Net Banking,Paid,675.0
9042,15269,2025-05-08,Cash on Delivery,Paid,2563.1
9043,3130,2025-05-08,Credit Card,Paid,20609.75
9044,4593,2025-05-08,UPI,Paid,5787.65
9045,10684,2025-05-08,UPI,Paid,38268.2
9046,12711,2025-05-08,Cash on Delivery,Paid,16448.3
9047,873,2025-05-08,Credit Card,Paid,43038.35
9048,5302,2025-05-08,UPI,Paid,10654.05
9049,3376,2025-05-09,UPI,Paid,461.55
9050,11910,2025-05-09,Cash on Delivery,Paid,8354.7
9051,11107,2025-05-09,Cash on Delivery,Paid,5229.75
9052,14959,2025-05-09,Cash on Delivery,Paid,19989.2
9053,9992,2025-05-09,UPI,Paid,217212.6
9054,15390,2025-05-09,UPI,Paid,279.65
9055,16239,2025-05-09,Cash on Delivery,Paid,98843.7
9056,11497,2025-05-09,Net Banking,Paid,79978.6
9057,16751,2025-05-09,UPI,Paid,23376.6
9058,22980,2025-05-09,UPI,Paid,75614.95
9059,6406,2025-05-09,Credit Card,Paid,7426.4
9060,21496,2025-05-10,UPI,Paid,7474.0
9061,3289,2025-05-10,Credit Card,Paid,22068.4
9062,24722,2025-05-10,Net Banking,Paid,40981.0
9063,23800,2025-05-10,Debit Card,Paid,4066.95
9064,8046,2025-05-10,Cash on Delivery,Paid,21946.15
9065,664,2025-05-10,UPI,Paid,26064.0
9066,10276,2025-05-10,Credit Card,Paid,113254.0
9067,20234,2025-05-10,UPI,Paid,16709.4
9068,13446,2025-05-10,Cash on Delivery,Paid,68694.0
9069,20799,2025-05-10,Credit Card,Paid,11373.6
9070,1388,2025-05-10,Credit Card,Paid,4286.7
9071,20542,2025-05-10,Debit Card,Paid,41380.6
9072,11564,2025-05-10,Credit Card,Paid,4619.7
9073,15505,2025-05-10,Credit Card,Paid,132660.2
9074,1665,2025-05-10,Debit Card,Paid,105324.9
9075,18927,2025-05-10,UPI,Paid,189.6
9076,11237,2025-05-10,Cash on Delivery,Paid,23828.2
9077,10875,2025-05-10,UPI,Paid,40830.8
9078,5926,2025-05-10,UPI,Paid,12805.5
9079,5889,2025-05-10,Debit Card,Paid,1564.2
9080,5631,2025-05-10,Net Banking,Paid,83555.4
9081,11852,2025-05-10,UPI,Paid,4768.05
9082,12438,2025-05-10,UPI,Paid,2684.0
9083,1427,2025-05-11,UPI,Paid,26249.4
9084,21474,2025-05-11,UPI,Paid,8103.5
9085,12632,2025-05-11,UPI,Paid,7474.0
9086,3437,2025-05-11,Credit Card,Paid,4953.3
9087,9070,2025-05-11,Debit Card,Paid,6402.75
9088,9393,2025-05-11,Cash on Delivery,Paid,63734.8
9089,1541,2025-05-11,Debit Card,Paid,5139.15
9090,14915,2025-05-11,Debit Card,Paid,15441.3
9091,1887,2025-05-11,Credit Card,Paid,143042.1
9092,11027,2025-05-11,UPI,Paid,17637.7
9093,11761,2025-05-11,Credit Card,Paid,42942.85
9094,22932,2025-05-11,UPI,Paid,2698.0
9095,11567,2025-05-11,Debit Card,Paid,39923.4
9096,15961,2025-05-11,Credit Card,Paid,9566.7
9097,7680,2025-05-11,Credit Card,Paid,6879.9
9098,7775,2025-05-11,Credit Card,Paid,23202.0
9099,19746,2025-05-11,UPI,Paid,30971.5
9100,23414,2025-05-11,Debit Card,Paid,4563.2
9101,10342,2025-05-11,Net Banking,Paid,4711.0
9102,1461,2025-05-12,Debit Card,Paid,63005.0
9103,21327,2025-05-12,Net Banking,Paid,1963.2
9104,21143,2025-05-12,UPI,Paid,10225.5
9105,3212,2025-05-12,UPI,Paid,6138.0
9106,3056,2025-05-12,Debit Card,Paid,18561.6
9107,1040,2025-05-12,UPI,Paid,10836.0
9108,11752,2025-05-12,UPI,Paid,6547.55
9109,20601,2025-05-12,Cash on Delivery,Paid,127606.55
9110,11596,2025-05-12,Cash on Delivery,Paid,66024.0
9111,19128,2025-05-12,Cash on Delivery,Paid,1042.95
9112,24603,2025-05-12,Credit Card,Paid,119572.2
9113,7535,2025-05-12,UPI,Paid,9280.8
9114,12193,2025-05-12,Credit Card,Paid,29702.1
9115,19087,2025-05-12,Cash on Delivery,Paid,69667.7
9116,16378,2025-05-12,Credit Card,Paid,1104.3
9117,892,2025-05-12,UPI,Paid,127467.2
9118,11280,2025-05-12,Net Banking,Paid,94371.2
9119,14884,2025-05-12,Cash on Delivery,Paid,70683.75
9120,24203,2025-05-12,Debit Card,Paid,4435.2
9121,5572,2025-05-12,UPI,Paid,80898.15
9122,18021,2025-05-12,UPI,Paid,30713.25
9123,9021,2025-05-12,Credit Card,Paid,8921.5
9124,9102,2025-05-12,Cash on Delivery,Paid,1665.6
9125,20401,2025-05-12,Credit Card,Paid,7448.75
9126,7858,2025-05-13,UPI,Paid,22442.4
9127,2452,2025-05-13,UPI,Paid,50264.0
9128,18272,2025-05-13,Credit Card,Paid,69498.0
9129,9847,2025-05-13,UPI,Paid,423.05
9130,15827,2025-05-13,UPI,Paid,133253.75
9131,21671,2025-05-13,Net Banking,Paid,249.3
9132,10185,2025-05-13,Debit Card,Paid,3765.6
9133,19643,2025-05-13,Credit Card,Paid,165.9
9134,1596,2025-05-13,Credit Card,Paid,70929.0
9135,3654,2025-05-13,Net Banking,Paid,32439.2
9136,20594,2025-05-13,UPI,Paid,90097.05
9137,20597,2025-05-13,UPI,Paid,56353.6
9138,24891,2025-05-13,Net Banking,Paid,8818.85
9139,13221,2025-05-13,Credit Card,Paid,42557.4
9140,20783,2025-05-13,Debit Card,Paid,60509.7
9141,15145,2025-05-13,Net Banking,Paid,3853.05
9142,6302,2025-05-14,Credit Card,Paid,4804.2
9143,23611,2025-05-14,Credit Card,Paid,2464.0
9144,8580,2025-05-14,UPI,Paid,4034.05
9145,12436,2025-05-14,UPI,Paid,210216.65
9146,16783,2025-05-14,UPI,Paid,3228.8
9147,12166,2025-05-14,Cash on Delivery,Paid,83090.0
9148,21039,2025-05-14,UPI,Paid,75644.35
9149,19854,2025-05-14,Credit Card,Paid,221.6
9150,7751,2025-05-14,UPI,Paid,8986.85
9151,4154,2025-05-14,Cash on Delivery,Paid,4316.8
9152,20043,2025-05-14,Cash on Delivery,Paid,6635.5
9153,1585,2025-05-14,UPI,Paid,42821.25
9154,22667,2025-05-14,Debit Card,Paid,24833.9
9155,2702,2025-05-14,Debit Card,Paid,18950.75
9156,19990,2025-05-14,Cash on Delivery,Paid,10065.0
9157,2080,2025-05-14,Credit Card,Paid,21508.4
9158,2023,2025-05-14,UPI,Paid,21180.25
9159,13084,2025-05-15,Credit Card,Paid,1977.9
9160,21988,2025-05-15,UPI,Paid,119739.3
9161,15605,2025-05-15,Credit Card,Paid,85577.6
9162,14829,2025-05-15,Debit Card,Paid,48377.2
9163,3714,2025-05-15,Cash on Delivery,Paid,9234.1
9164,19625,2025-05-15,Debit Card,Paid,8967.05
9165,24006,2025-05-15,UPI,Paid,126537.5
9166,12072,2025-05-15,Net Banking,Paid,1777.0
9167,10505,2025-05-15,Credit Card,Paid,116321.15
9168,18424,2025-05-15,UPI,Paid,90111.0
9169,18696,2025-05-15,Credit Card,Paid,5231.8
9170,12024,2025-05-15,Credit Card,Paid,8061.0
9171,21030,2025-05-15,UPI,Paid,8130.9
9172,19518,2025-05-15,Debit Card,Paid,2094.4
9173,2632,2025-05-15,UPI,Paid,8705.7
9174,24519,2025-05-16,UPI,Paid,51040.65
9175,12943,2025-05-16,Debit Card,Paid,113592.4
9176,20371,2025-05-16,Credit Card,Paid,42738.25
9177,7109,2025-05-16,UPI,Paid,7410.3
9178,17698,2025-05-16,UPI,Paid,10891.75
9179,21157,2025-05-16,Cash on Delivery,Paid,6352.9
9180,24628,2025-05-16,UPI,Paid,101103.75
9181,15399,2025-05-16,Credit Card,Paid,10072.55
9182,3102,2025-05-16,UPI,Paid,62032.0
9183,21297,2025-05-16,UPI,Paid,12560.0
9184,4774,2025-05-16,UPI,Paid,151094.2
9185,21877,2025-05-16,UPI,Paid,30444.6
9186,18864,2025-05-16,UPI,Paid,67434.65
9187,18186,2025-05-16,Debit Card,Paid,3838.5
9188,20606,2025-05-17,Credit Card,Paid,3072.6
9189,1022,2025-05-17,UPI,Paid,5133.0
9190,13142,2025-05-17,Debit Card,Paid,131001.25
9191,24687,2025-05-17,UPI,Paid,15796.35
9192,17376,2025-05-17,Debit Card,Paid,9283.0
9193,21119,2025-05-17,UPI,Paid,4533.0
9194,18629,2025-05-17,Debit Card,Paid,5342.05
9195,22906,2025-05-17,UPI,Paid,1372.5
9196,12447,2025-05-17,UPI,Paid,29983.2
9197,1396,2025-05-17,Net Banking,Paid,5204.1
9198,1064,2025-05-17,Cash on Delivery,Paid,19444.0
9199,16786,2025-05-17,UPI,Paid,6726.6
9200,13023,2025-05-17,UPI,Paid,197875.9
9201,11434,2025-05-17,Cash on Delivery,Paid,8778.0
9202,3233,2025-05-17,UPI,Paid,12738.1
9203,19039,2025-05-17,Credit Card,Paid,46586.4
9204,3305,2025-05-17,Cash on Delivery,Paid,526.3
9205,15075,2025-05-17,UPI,Paid,35833.0
9206,3904,2025-05-18,Cash on Delivery,Paid,13456.5
9207,20309,2025-05-18,UPI,Paid,56700.0
9208,9245,2025-05-18,UPI,Paid,3609.05
9209,8163,2025-05-18,Credit Card,Paid,15884.7
9210,20496,2025-05-18,Credit Card,Paid,977.9
9211,12298,2025-05-18,Debit Card,Paid,51520.5
9212,15614,2025-05-18,Net Banking,Paid,47102.6
9213,15634,2025-05-18,UPI,Paid,18001.3
9214,15806,2025-05-18,UPI,Paid,25247.7
9215,15972,2025-05-18,Cash on Delivery,Paid,1710.0
9216,2255,2025-05-18,Cash on Delivery,Paid,6493.25
9217,22184,2025-05-18,UPI,Paid,7027.2
9218,6493,2025-05-18,Credit Card,Paid,55582.6
9219,21600,2025-05-18,Cash on Delivery,Paid,29793.6
9220,23298,2025-05-18,Credit Card,Paid,32779.2
9221,9197,2025-05-18,Cash on Delivery,Paid,14864.25
9222,1049,2025-05-18,Credit Card,Paid,7863.15
9223,1042,2025-05-18,Credit Card,Paid,6726.6
9224,23803,2025-05-19,Cash on Delivery,Paid,56290.4
9225,12759,2025-05-19,Credit Card,Paid,66472.0
9226,11076,2025-05-19,Credit Card,Paid,25304.0
9227,8484,2025-05-19,UPI,Paid,3421.75
9228,15572,2025-05-19,UPI,Paid,53702.7
9229,17081,2025-05-19,UPI,Paid,3355.0
9230,12816,2025-05-19,Credit Card,Paid,20864.75
9231,12145,2025-05-19,UPI,Paid,7358.45
9232,11364,2025-05-19,UPI,Paid,8818.85
9233,5876,2025-05-19,UPI,Paid,92210.3
9234,710,2025-05-19,UPI,Paid,23036.15
9235,16084,2025-05-19,Credit Card,Paid,3768.8
9236,14709,2025-05-19,Cash on Delivery,Paid,488.7
9237,24866,2025-05-19,Credit Card,Paid,8705.7
9238,11240,2025-05-19,UPI,Paid,14628.65
9239,4981,2025-05-19,Cash on Delivery,Paid,6457.6
9240,17240,2025-05-19,UPI,Paid,47841.15
9241,7689,2025-05-19,UPI,Paid,415.0
9242,18033,2025-05-19,UPI,Paid,107587.9
9243,9846,2025-05-19,Net Banking,Paid,224343.0
9244,10178,2025-05-19,Debit Card,Paid,15238.8
9245,8388,2025-05-19,Debit Card,Paid,69498.0
9246,1112,2025-05-19,UPI,Paid,1187.45
9247,16817,2025-05-19,Cash on Delivery,Paid,38159.6
9248,2349,2025-05-19,Debit Card,Paid,73042.2
9249,14139,2025-05-19,Debit Card,Paid,89291.5
9250,541,2025-05-19,Debit Card,Paid,93658.2
9251,24913,2025-05-19,Debit Card,Paid,7791.3
9252,15974,2025-05-20,Credit Card,Paid,5418.0
9253,469,2025-05-20,Debit Card,Paid,18126.6
9254,1935,2025-05-20,UPI,Paid,64268.8
9255,5642,2025-05-20,Credit Card,Paid,117554.75
9256,13192,2025-05-20,UPI,Paid,72812.7
9257,16893,2025-05-20,Debit Card,Paid,19911.25
9258,14614,2025-05-20,UPI,Paid,6476.15
9259,17089,2025-05-20,Debit Card,Paid,3297.7
9260,10578,2025-05-20,UPI,Paid,60843.6
9261,18283,2025-05-20,UPI,Paid,4475.45
9262,22710,2025-05-20,Debit Card,Paid,31546.35
9263,11414,2025-05-20,UPI,Paid,3609.05
9264,15588,2025-05-20,UPI,Paid,35672.0
9265,15415,2025-05-20,UPI,Paid,11601.0
9266,4887,2025-05-20,Debit Card,Paid,35104.0
9267,715,2025-05-20,UPI,Paid,32341.35
9268,14108,2025-05-20,UPI,Paid,6493.25
9269,8219,2025-05-20,Credit Card,Paid,3229.15
9270,20788,2025-05-20,Credit Card,Paid,38159.6
9271,10550,2025-05-21,Cash on Delivery,Paid,149033.1
9272,14122,2025-05-21,Debit Card,Paid,99312.0
9273,16199,2025-05-21,Cash on Delivery,Paid,147657.3
9274,4646,2025-05-21,UPI,Paid,42701.15
9275,20481,2025-05-21,Net Banking,Paid,146365.8
9276,22392,2025-05-21,Credit Card,Paid,15400.8
9277,5575,2025-05-21,UPI,Paid,42407.05
9278,19315,2025-05-21,Debit Card,Paid,5419.8
9279,13045,2025-05-21,Net Banking,Paid,70302.85
9280,14305,2025-05-21,UPI,Paid,133917.0
9281,22918,2025-05-21,Cash on Delivery,Paid,4164.0
9282,15964,2025-05-21,UPI,Paid,4048.55
9283,14903,2025-05-21,Credit Card,Paid,8303.5
9284,15780,2025-05-21,Cash on Delivery,Paid,2965.9
9285,7831,2025-05-21,Credit Card,Paid,105187.2
9286,22665,2025-05-21,Cash on Delivery,Paid,19249.4
9287,7622,2025-05-21,UPI,Paid,117374.3
9288,24043,2025-05-21,Credit Card,Paid,202441.6
9289,13623,2025-05-21,Debit Card,Paid,106826.3
9290,1986,2025-05-21,UPI,Paid,7474.0
9291,11463,2025-05-21,Debit Card,Paid,8682.8
9292,23189,2025-05-21,Credit Card,Paid,12897.3
9293,21393,2025-05-21,Credit Card,Paid,4079.7
9294,23516,2025-05-21,UPI,Paid,6710.0
9295,9106,2025-05-21,Debit Card,Paid,1780.3
9296,1727,2025-05-21,Credit Card,Paid,2851.75
9297,14239,2025-05-21,Cash on Delivery,Paid,39176.6
9298,8000,2025-05-21,Cash on Delivery,Paid,64323.15
9299,18110,2025-05-21,Credit Card,Paid,70481.05
9300,3528,2025-05-21,Cash on Delivery,Paid,39275.35
9301,8935,2025-05-22,Credit Card,Paid,5194.6
9302,12756,2025-05-22,UPI,Paid,11405.7
9303,5530,2025-05-22,Credit Card,Paid,4711.0
9304,9465,2025-05-22,Net Banking,Paid,21385.7
9305,16351,2025-05-22,UPI,Paid,6547.55
9306,18263,2025-05-22,Debit Card,Paid,43192.05
9307,17082,2025-05-22,UPI,Paid,12047.05
9308,12136,2025-05-22,UPI,Paid,5193.75
9309,11622,2025-05-22,UPI,Paid,249.3
9310,5442,2025-05-22,UPI,Paid,8466.0
9311,19592,2025-05-22,UPI,Paid,4286.7
9312,20227,2025-05-22,UPI,Paid,42690.0
9313,682,2025-05-22,Cash on Delivery,Paid,4193.95
9314,10122,2025-05-22,Net Banking,Paid,94627.6
9315,18425,2025-05-22,Credit Card,Paid,2293.3
9316,3190,2025-05-22,UPI,Paid,108193.9
9317,19094,2025-05-22,Credit Card,Paid,4296.75
9318,14964,2025-05-22,UPI,Paid,5175.8
9319,16659,2025-05-22,UPI,Paid,33492.0
9320,7528,2025-05-22,Net Banking,Paid,111995.95
9321,23200,2025-05-22,Debit Card,Paid,5175.55
9322,12016,2025-05-22,UPI,Paid,73833.3
9323,3627,2025-05-23,UPI,Paid,79612.0
9324,8714,2025-05-23,Credit Card,Paid,4876.2
9325,5923,2025-05-23,UPI,Paid,113634.05
9326,23638,2025-05-23,UPI,Paid,37101.0
9327,11581,2025-05-23,Credit Card,Paid,55598.4
9328,10039,2025-05-23,UPI,Paid,86633.9
9329,2444,2025-05-23,UPI,Paid,23760.0
9330,5281,2025-05-23,Cash on Delivery,Paid,4711.0
9331,16928,2025-05-23,Net Banking,Paid,2240.65
9332,3448,2025-05-23,Net Banking,Paid,135600.2
9333,606,2025-05-24,UPI,Paid,10399.5
9334,6236,2025-05-24,UPI,Paid,2563.1
9335,1933,2025-05-24,UPI,Paid,42643.8
9336,22081,2025-05-24,Debit Card,Paid,9556.4
9337,10650,2025-05-24,UPI,Paid,7474.0
9338,14663,2025-05-24,UPI,Paid,2340.8
9339,15680,2025-05-24,UPI,Paid,9631.5
9340,13655,2025-05-24,Credit Card,Paid,28473.4
9341,20773,2025-05-24,Credit Card,Paid,214217.0
9342,24479,2025-05-24,Credit Card,Paid,2851.75
9343,14621,2025-05-24,Cash on Delivery,Paid,38754.6
9344,24717,2025-05-24,Credit Card,Paid,118575.7
9345,12251,2025-05-24,Debit Card,Paid,167367.75
9346,411,2025-05-24,UPI,Paid,144024.6
9347,11116,2025-05-24,UPI,Paid,60412.75
9348,6860,2025-05-24,UPI,Paid,47966.4
9349,11398,2025-05-24,UPI,Paid,26249.4
9350,4392,2025-05-24,Cash on Delivery,Paid,97491.4
9351,22518,2025-05-25,Debit Card,Paid,1907.4
9352,4177,2025-05-25,Net Banking,Paid,1000.0
9353,21073,2025-05-25,Cash on Delivery,Paid,6820.0
9354,206,2025-05-25,UPI,Paid,5214.0
9355,17606,2025-05-25,Credit Card,Paid,5106.75
9356,12189,2025-05-25,UPI,Paid,11276.0
9357,2313,2025-05-25,Cash on Delivery,Paid,4707.0
9358,5770,2025-05-25,UPI,Paid,461.55
9359,20574,2025-05-25,Credit Card,Paid,6829.6
9360,8179,2025-05-25,UPI,Paid,4711.0
9361,19605,2025-05-25,Cash on Delivery,Paid,24033.1
9362,13618,2025-05-25,Debit Card,Paid,6448.8
9363,23227,2025-05-25,Debit Card,Paid,22295.0
9364,3205,2025-05-25,Debit Card,Paid,7920.0
9365,13274,2025-05-26,UPI,Paid,18766.1
9366,3709,2025-05-26,Credit Card,Paid,77850.6
9367,767,2025-05-26,Debit Card,Paid,45012.9
9368,2286,2025-05-26,UPI,Paid,14101.45
9369,19521,2025-05-26,UPI,Paid,1216.6
9370,6227,2025-05-26,Cash on Delivery,Paid,117965.5
9371,18769,2025-05-26,Credit Card,Paid,2849.25
9372,3444,2025-05-26,UPI,Paid,39698.0
9373,15454,2025-05-26,Debit Card,Paid,1800.0
9374,18058,2025-05-26,Credit Card,Paid,3942.4
9375,11167,2025-05-26,UPI,Paid,70893.75
9376,2675,2025-05-26,UPI,Paid,4282.2
9377,2658,2025-05-26,Cash on Delivery,Paid,7008.8
9378,14304,2025-05-26,UPI,Paid,1421.6
9379,24226,2025-05-26,Credit Card,Paid,31933.65
9380,10182,2025-05-26,Net Banking,Paid,3069.0
9381,3237,2025-05-26,Cash on Delivery,Paid,48241.15
9382,5278,2025-05-26,UPI,Paid,167465.8
9383,1593,2025-05-26,Debit Card,Paid,131096.8
9384,11757,2025-05-26,UPI,Paid,4549.5
9385,8893,2025-05-26,Credit Card,Paid,61667.6
9386,381,2025-05-26,Debit Card,Paid,96458.25
9387,22744,2025-05-26,Debit Card,Paid,185234.0
9388,2985,2025-05-26,Credit Card,Paid,86104.2
9389,3095,2025-05-27,UPI,Paid,214025.4
9390,17398,2025-05-27,Credit Card,Paid,16598.4
9391,3267,2025-05-27,UPI,Paid,58389.9
9392,14519,2025-05-27,Credit Card,Paid,3601.8
9393,12067,2025-05-27,UPI,Paid,16018.2
9394,24614,2025-05-27,Debit Card,Paid,8839.15
9395,7099,2025-05-27,Cash on Delivery,Paid,12842.0
9396,1082,2025-05-27,Cash on Delivery,Paid,7254.9
9397,24157,2025-05-27,UPI,Paid,3243.3
9398,23153,2025-05-27,UPI,Paid,9283.0
9399,6414,2025-05-27,Credit Card,Paid,7073.35
9400,6970,2025-05-27,UPI,Paid,1047.75
9401,17067,2025-05-27,UPI,Paid,1688.15
9402,1863,2025-05-27,Credit Card,Paid,30032.35
9403,17927,2025-05-28,Credit Card,Paid,28273.5
9404,1498,2025-05-28,Debit Card,Paid,3053.6
9405,4877,2025-05-28,Credit Card,Paid,2557.5
9406,18738,2025-05-28,Credit Card,Paid,172927.9
9407,20098,2025-05-28,Debit Card,Paid,9422.0
9408,24484,2025-05-28,UPI,Paid,56568.3
9409,6768,2025-05-28,Debit Card,Paid,4488.0
9410,958,2025-05-28,Net Banking,Paid,10065.0
9411,9642,2025-05-28,Debit Card,Paid,35672.0
9412,16796,2025-05-28,Cash on Delivery,Paid,23342.25
9413,16757,2025-05-28,UPI,Paid,9336.3
9414,9137,2025-05-28,Credit Card,Paid,6374.5
9415,20797,2025-05-28,Cash on Delivery,Paid,1546.05
9416,11002,2025-05-28,UPI,Paid,31363.75
9417,21424,2025-05-28,Debit Card,Paid,8415.9
9418,19454,2025-05-28,UPI,Paid,3817.0
9419,11169,2025-05-29,Credit Card,Paid,7801.15
9420,23692,2025-05-29,UPI,Paid,11276.0
9421,23672,2025-05-29,Cash on Delivery,Paid,4045.3
9422,2856,2025-05-29,Cash on Delivery,Paid,4239.9
9423,3118,2025-05-29,Debit Card,Paid,42159.1
9424,24770,2025-05-29,Debit Card,Paid,76624.1
9425,15285,2025-05-29,Credit Card,Paid,10517.5
9426,19399,2025-05-29,Debit Card,Paid,2131.8
9427,18875,2025-05-29,UPI,Paid,16728.5
9428,3326,2025-05-29,UPI,Paid,40974.0
9429,16969,2025-05-29,Credit Card,Paid,5605.5
9430,5180,2025-05-29,UPI,Paid,202782.2
9431,4854,2025-05-29,UPI,Paid,87491.3
9432,6106,2025-05-29,Net Banking,Paid,190377.2
9433,19963,2025-05-29,UPI,Paid,6232.5
9434,10670,2025-05-29,Debit Card,Paid,6012.0
9435,5682,2025-05-29,Cash on Delivery,Paid,2094.4
9436,22972,2025-05-29,Debit Card,Paid,12890.25
9437,24493,2025-05-29,Credit Card,Paid,32076.5
9438,15967,2025-05-29,Cash on Delivery,Paid,16558.6
9439,9422,2025-05-30,Net Banking,Paid,61403.0
9440,16410,2025-05-30,Credit Card,Paid,4475.45
9441,11650,2025-05-30,Credit Card,Paid,8537.0
9442,3446,2025-05-30,UPI,Paid,9890.7
9443,16694,2025-05-30,Debit Card,Paid,9631.5
9444,18772,2025-05-30,Debit Card,Paid,3626.15
9445,15148,2025-05-30,UPI,Paid,13938.4
9446,21701,2025-05-30,Cash on Delivery,Paid,4922.8
9447,23383,2025-05-30,Debit Card,Paid,41614.5
9448,3252,2025-05-30,UPI,Paid,12882.3
9449,8542,2025-05-30,UPI,Paid,394.25
9450,12543,2025-05-30,UPI,Paid,42777.85
9451,6289,2025-05-30,UPI,Paid,211922.1
9452,9486,2025-05-30,UPI,Paid,13453.2
9453,8844,2025-05-30,Credit Card,Paid,32211.9
9454,19433,2025-05-30,Credit Card,Paid,28273.5
9455,16397,2025-05-30,UPI,Paid,80386.2
9456,22454,2025-05-30,UPI,Paid,20065.5
9457,4504,2025-05-30,UPI,Paid,3243.3
9458,13443,2025-05-30,Net Banking,Paid,60890.6
9459,20353,2025-05-31,UPI,Paid,37346.4
9460,14098,2025-05-31,UPI,Paid,33513.55
9461,6231,2025-05-31,UPI,Paid,9099.0
9462,8573,2025-05-31,Cash on Delivery,Paid,31247.3
9463,3288,2025-05-31,Credit Card,Paid,5126.25
9464,22287,2025-05-31,Debit Card,Paid,45197.4
9465,17891,2025-05-31,UPI,Paid,16119.8
9466,3780,2025-05-31,UPI,Paid,14088.4
9467,24100,2025-05-31,Debit Card,Paid,12782.75
9468,4256,2025-05-31,UPI,Paid,68824.8
9469,13340,2025-05-31,Credit Card,Paid,99096.85
9470,23493,2025-05-31,Debit Card,Paid,15694.2
9471,20638,2025-05-31,Credit Card,Paid,11407.0
9472,13272,2025-05-31,Debit Card,Paid,54610.9
9473,24378,2025-06-01,Debit Card,Paid,36803.5
9474,14898,2025-06-01,UPI,Paid,61271.0
9475,24892,2025-06-01,UPI,Paid,104058.0
9476,24411,2025-06-01,UPI,Paid,122048.1
9477,1634,2025-06-01,UPI,Paid,94572.0
9478,7553,2025-06-01,Debit Card,Paid,21831.4
9479,2801,2025-06-01,Credit Card,Paid,8474.0
9480,8913,2025-06-01,Cash on Delivery,Paid,12265.05
9481,72,2025-06-01,Credit Card,Paid,133917.0
9482,8132,2025-06-01,Debit Card,Paid,15956.5
9483,16003,2025-06-01,Debit Card,Paid,498.6
9484,23859,2025-06-01,UPI,Paid,32759.0
9485,3841,2025-06-01,Cash on Delivery,Paid,4306.35
9486,9099,2025-06-01,Credit Card,Paid,29259.05
9487,10195,2025-06-01,UPI,Paid,121232.1
9488,13335,2025-06-01,Net Banking,Paid,11215.0
9489,12658,2025-06-01,UPI,Paid,4521.6
9490,4456,2025-06-01,Cash on Delivery,Paid,74625.0
9491,20281,2025-06-02,UPI,Paid,29433.8
9492,11171,2025-06-02,UPI,Paid,14847.3
9493,24487,2025-06-02,Net Banking,Paid,8761.0
9494,654,2025-06-02,UPI,Paid,4711.0
9495,2822,2025-06-02,UPI,Paid,7474.0
9496,8428,2025-06-02,UPI,Paid,18878.0
9497,3048,2025-06-02,Cash on Delivery,Paid,11557.8
9498,9489,2025-06-02,UPI,Paid,51883.85
9499,23144,2025-06-02,UPI,Paid,94572.0
9500,9545,2025-06-02,UPI,Paid,8556.15
9501,250,2025-06-02,Cash on Delivery,Paid,89843.4
9502,18356,2025-06-02,Debit Card,Paid,1543.45
9503,18932,2025-06-02,Credit Card,Paid,11304.0
9504,8135,2025-06-02,Credit Card,Paid,85518.35
9505,12062,2025-06-02,Debit Card,Paid,11388.9
9506,24056,2025-06-02,Debit Card,Paid,16672.6
9507,8044,2025-06-02,Credit Card,Paid,4578.3
9508,12102,2025-06-02,Credit Card,Paid,33835.1
9509,14908,2025-06-03,UPI,Paid,69828.6
9510,21153,2025-06-03,Net Banking,Paid,96560.4
9511,24088,2025-06-03,UPI,Paid,237.0
9512,2085,2025-06-03,UPI,Paid,40682.7
9513,12276,2025-06-03,Debit Card,Paid,10772.0
9514,3549,2025-06-03,Cash on Delivery,Paid,199630.3
9515,756,2025-06-03,UPI,Paid,82364.3
9516,4132,2025-06-03,UPI,Paid,33597.65
9517,13872,2025-06-03,Credit Card,Paid,14133.6
9518,16681,2025-06-03,Credit Card,Paid,12082.4
9519,19139,2025-06-03,Debit Card,Paid,12994.1
9520,21653,2025-06-03,UPI,Paid,34092.25
9521,23395,2025-06-03,UPI,Paid,53832.35
9522,8602,2025-06-03,UPI,Paid,4605.3
9523,13705,2025-06-03,Credit Card,Paid,1250.0
9524,16586,2025-06-03,Cash on Delivery,Paid,49284.0
9525,3953,2025-06-03,Net Banking,Paid,22295.0
9526,23293,2025-06-03,Credit Card,Paid,19818.8
9527,21683,2025-06-03,Cash on Delivery,Paid,26589.45
9528,13804,2025-06-03,UPI,Paid,18702.0
9529,13401,2025-06-03,Debit Card,Paid,3955.8
9530,19579,2025-06-03,UPI,Paid,10915.7
9531,2186,2025-06-04,UPI,Paid,19395.8
9532,11175,2025-06-04,Cash on Delivery,Paid,5036.0
9533,4245,2025-06-04,Debit Card,Paid,5700.05
9534,15434,2025-06-04,UPI,Paid,45012.9
9535,6075,2025-06-04,Credit Card,Paid,197778.9
9536,18281,2025-06-04,Debit Card,Paid,1303.5
9537,3302,2025-06-04,Credit Card,Paid,18235.95
9538,21188,2025-06-04,Debit Card,Paid,50964.3
9539,21215,2025-06-04,Credit Card,Paid,38374.4
9540,15937,2025-06-04,Cash on Delivery,Paid,41586.6
9541,1892,2025-06-04,Credit Card,Paid,7203.6
9542,9550,2025-06-04,Net Banking,Paid,163225.1
9543,1105,2025-06-04,Cash on Delivery,Paid,44521.2
9544,23120,2025-06-04,UPI,Paid,2901.9
9545,9036,2025-06-04,UPI,Paid,2851.75
9546,16720,2025-06-04,UPI,Paid,16443.85
9547,13929,2025-06-04,Cash on Delivery,Paid,70643.7
9548,22067,2025-06-04,Cash on Delivery,Paid,5133.6
9549,1255,2025-06-04,Debit Card,Paid,101406.0
9550,24474,2025-06-05,UPI,Paid,16143.3
9551,23356,2025-06-05,Net Banking,Paid,8688.0
9552,23345,2025-06-05,UPI,Paid,15593.25
9553,14717,2025-06-05,UPI,Paid,4876.2
9554,3663,2025-06-05,UPI,Paid,88571.0
9555,18567,2025-06-05,Credit Card,Paid,77813.5
9556,1606,2025-06-05,UPI,Paid,8061.0
9557,10801,2025-06-05,UPI,Paid,40682.7
9558,18353,2025-06-05,Cash on Delivery,Paid,2428.2
9559,19603,2025-06-05,UPI,Paid,11557.8
9560,24125,2025-06-05,UPI,Paid,21958.7
9561,22303,2025-06-05,UPI,Paid,59697.2
9562,15901,2025-06-05,Credit Card,Paid,3229.15
9563,4543,2025-06-05,UPI,Paid,37656.55
9564,7381,2025-06-05,UPI,Paid,15412.2
9565,6439,2025-06-05,Debit Card,Paid,179100.0
9566,13000,2025-06-05,UPI,Paid,5133.6
9567,22817,2025-06-05,Cash on Delivery,Paid,27040.4
9568,413,2025-06-05,Cash on Delivery,Paid,28451.7
9569,24322,2025-06-06,Debit Card,Paid,277.0
9570,7384,2025-06-06,Credit Card,Paid,2901.9
9571,23008,2025-06-06,UPI,Paid,25132.0
9572,9664,2025-06-06,UPI,Paid,44823.6
9573,13473,2025-06-06,UPI,Paid,3942.4
9574,15673,2025-06-06,UPI,Paid,69634.2
9575,21055,2025-06-06,Credit Card,Paid,2000.0
9576,17394,2025-06-06,UPI,Paid,277.0
9577,14193,2025-06-06,Cash on Delivery,Paid,193004.0
9578,1959,2025-06-06,Credit Card,Paid,20320.8
9579,17114,2025-06-06,UPI,Paid,44823.6
9580,20462,2025-06-06,UPI,Paid,35217.6
9581,12528,2025-06-06,Cash on Delivery,Paid,10291.8
9582,23621,2025-06-06,Net Banking,Paid,20427.0
9583,11257,2025-06-07,Cash on Delivery,Paid,120579.9
9584,12198,2025-06-07,Cash on Delivery,Paid,143899.2
9585,15260,2025-06-07,UPI,Paid,13572.75
9586,1260,2025-06-07,Cash on Delivery,Paid,14927.4
9587,14785,2025-06-07,UPI,Paid,68412.6
9588,8915,2025-06-07,Debit Card,Paid,32149.8
9589,14172,2025-06-07,UPI,Paid,249.3
9590,8041,2025-06-07,Debit Card,Paid,355.5
9591,8100,2025-06-07,Credit Card,Paid,55589.45
9592,3892,2025-06-07,Debit Card,Paid,113916.6
9593,1788,2025-06-07,Debit Card,Paid,63005.0
9594,925,2025-06-07,UPI,Paid,3601.8
9595,2232,2025-06-07,Credit Card,Paid,6328.6
9596,9000,2025-06-07,Credit Card,Paid,452.0
9597,22383,2025-06-07,Net Banking,Paid,3764.25
9598,3938,2025-06-07,Credit Card,Paid,3198.75
9599,6354,2025-06-08,Debit Card,Paid,155467.15
9600,14230,2025-06-08,Net Banking,Paid,18950.75
9601,9461,2025-06-08,Cash on Delivery,Paid,705.5
9602,17022,2025-06-08,UPI,Paid,231909.3
9603,9799,2025-06-08,UPI,Paid,6565.4
9604,13603,2025-06-08,UPI,Paid,29476.0
9605,4309,2025-06-08,UPI,Paid,1183.5
9606,6792,2025-06-08,UPI,Paid,1327.15
9607,10004,2025-06-08,UPI,Paid,24086.65
9608,21443,2025-06-08,Credit Card,Paid,212681.25
9609,20621,2025-06-08,UPI,Paid,3956.4
9610,15648,2025-06-08,UPI,Paid,11898.05
9611,5951,2025-06-08,UPI,Paid,227451.1
9612,23423,2025-06-08,Cash on Delivery,Paid,6973.0
9613,15144,2025-06-08,Cash on Delivery,Paid,3185.8
9614,4917,2025-06-08,UPI,Paid,26702.75
9615,10108,2025-06-08,Net Banking,Paid,2901.9
9616,7931,2025-06-08,Credit Card,Paid,4779.6
9617,19741,2025-06-08,UPI,Paid,25971.0
9618,11618,2025-06-08,UPI,Paid,5527.9
9619,11509,2025-06-08,Cash on Delivery,Paid,13501.7
9620,336,2025-06-08,UPI,Paid,664.0
9621,18521,2025-06-08,Cash on Delivery,Paid,74625.0
9622,9741,2025-06-08,Debit Card,Paid,4004.35
9623,10600,2025-06-09,UPI,Paid,10148.4
9624,12848,2025-06-09,Debit Card,Paid,8316.2
9625,15278,2025-06-09,UPI,Paid,115027.65
9626,12841,2025-06-09,Credit Card,Paid,17637.7
9627,8894,2025-06-09,Credit Card,Paid,65647.9
9628,10950,2025-06-09,Debit Card,Paid,15320.25
9629,12671,2025-06-09,Credit Card,Paid,3626.15
9630,7092,2025-06-09,UPI,Paid,76275.2
9631,8190,2025-06-09,Net Banking,Paid,24332.75
9632,6229,2025-06-09,UPI,Paid,8324.25
9633,22879,2025-06-09,Credit Card,Paid,3435.3
9634,13175,2025-06-09,Net Banking,Paid,3625.25
9635,15908,2025-06-09,UPI,Paid,110287.8
9636,21090,2025-06-09,UPI,Paid,2464.0
9637,1628,2025-06-09,Net Banking,Paid,20179.8
9638,7729,2025-06-09,Cash on Delivery,Paid,8404.2
9639,17110,2025-06-09,UPI,Paid,66275.45
9640,16767,2025-06-09,Credit Card,Paid,4188.8
9641,2083,2025-06-10,UPI,Paid,6167.15
9642,7599,2025-06-10,Credit Card,Paid,71330.0
9643,9628,2025-06-10,Credit Card,Paid,3763.8
9644,23056,2025-06-10,UPI,Paid,13670.0
9645,4893,2025-06-10,UPI,Paid,4025.15
9646,17246,2025-06-10,Cash on Delivery,Paid,7524.0
9647,3246,2025-06-10,Debit Card,Paid,6829.6
9648,11764,2025-06-10,Credit Card,Paid,1138.9
9649,14943,2025-06-10,UPI,Paid,28273.5
9650,15952,2025-06-10,Debit Card,Paid,25684.0
9651,10438,2025-06-10,Debit Card,Paid,27616.9
9652,11277,2025-06-10,Net Banking,Paid,49804.0
9653,16335,2025-06-10,Debit Card,Paid,24720.2
9654,18756,2025-06-10,Cash on Delivery,Paid,7777.6
9655,8057,2025-06-10,UPI,Paid,37828.8
9656,1700,2025-06-11,Credit Card,Paid,31603.5
9657,21376,2025-06-11,Debit Card,Paid,18741.0
9658,20040,2025-06-11,Debit Card,Paid,12199.9
9659,3180,2025-06-11,Credit Card,Paid,16831.8
9660,1075,2025-06-11,UPI,Paid,114937.25
9661,14473,2025-06-11,Debit Card,Paid,488.7
9662,19384,2025-06-11,Cash on Delivery,Paid,62830.0
9663,23596,2025-06-11,Cash on Delivery,Paid,84869.0
9664,14576,2025-06-11,UPI,Paid,16473.75
9665,12601,2025-06-11,UPI,Paid,48264.55
9666,23440,2025-06-11,Credit Card,Paid,45108.15
9667,13429,2025-06-11,Credit Card,Paid,9066.0
9668,17279,2025-06-11,Cash on Delivery,Paid,21511.25
9669,15737,2025-06-11,Cash on Delivery,Paid,19287.4
9670,8632,2025-06-11,UPI,Paid,81990.75
9671,1624,2025-06-11,Cash on Delivery,Paid,59345.8
9672,24567,2025-06-11,UPI,Paid,4953.3
9673,3736,2025-06-11,UPI,Paid,12842.0
9674,19765,2025-06-11,Cash on Delivery,Paid,2557.5
9675,11030,2025-06-12,UPI,Paid,168810.1
9676,7804,2025-06-12,Credit Card,Paid,1683.0
9677,20732,2025-06-12,Credit Card,Paid,5343.8
9678,18832,2025-06-12,UPI,Paid,8657.0
9679,14179,2025-06-12,Cash on Delivery,Paid,74625.0
9680,7210,2025-06-12,Debit Card,Paid,43831.5
9681,23729,2025-06-12,Debit Card,Paid,78589.75
9682,8628,2025-06-12,Credit Card,Paid,63588.0
9683,22483,2025-06-12,UPI,Paid,63638.25
9684,11148,2025-06-12,Cash on Delivery,Paid,20875.05
9685,11989,2025-06-12,Debit Card,Paid,5794.45
9686,18417,2025-06-12,UPI,Paid,235.45
9687,20648,2025-06-12,Debit Card,Paid,2217.6
9688,16462,2025-06-12,UPI,Paid,39276.8
9689,9685,2025-06-12,UPI,Paid,3001.5
9690,12397,2025-06-12,UPI,Paid,3187.25
9691,18062,2025-06-12,UPI,Paid,116556.75
9692,4647,2025-06-13,Cash on Delivery,Paid,1921.35
9693,21412,2025-06-13,UPI,Paid,373.5
9694,12461,2025-06-13,UPI,Paid,28768.25
9695,1752,2025-06-13,UPI,Paid,1421.6
9696,16933,2025-06-13,Debit Card,Paid,5086.8
9697,7587,2025-06-13,Credit Card,Paid,91530.65
9698,11283,2025-06-13,Credit Card,Paid,3834.2
9699,7302,2025-06-13,UPI,Paid,23749.5
9700,23952,2025-06-13,UPI,Paid,3626.4
9701,14291,2025-06-13,Cash on Delivery,Paid,27377.6
9702,6919,2025-06-13,Net Banking,Paid,41816.0
9703,8532,2025-06-13,Credit Card,Paid,6275.7
9704,23139,2025-06-13,Debit Card,Paid,100437.75
9705,24721,2025-06-14,UPI,Paid,12551.4
9706,19352,2025-06-14,Net Banking,Paid,60843.6
9707,14910,2025-06-14,Debit Card,Paid,3039.2
9708,19968,2025-06-14,Cash on Delivery,Paid,6216.8
9709,13259,2025-06-14,Credit Card,Paid,6752.6
9710,2831,2025-06-14,Credit Card,Paid,38311.9
9711,3673,2025-06-14,UPI,Paid,52712.85
9712,14083,2025-06-14,Debit Card,Paid,40077.5
9713,16188,2025-06-14,Credit Card,Paid,138893.35
9714,2336,2025-06-14,Credit Card,Paid,16254.9
9715,1154,2025-06-14,UPI,Paid,59131.8
9716,8466,2025-06-14,Cash on Delivery,Paid,77988.9
9717,9364,2025-06-14,Debit Card,Paid,127827.6
9718,3352,2025-06-14,UPI,Paid,50343.0
9719,7575,2025-06-14,UPI,Paid,54137.25
9720,6256,2025-06-14,UPI,Paid,89253.9
9721,24138,2025-06-14,UPI,Paid,3187.25
9722,14832,2025-06-14,Net Banking,Paid,4711.0
9723,4937,2025-06-14,UPI,Paid,4266.15
9724,13418,2025-06-15,Debit Card,Paid,4763.0
9725,10186,2025-06-15,Debit Card,Paid,3625.25
9726,20224,2025-06-15,Debit Card,Paid,43254.3
9727,21691,2025-06-15,UPI,Paid,30315.25
9728,18121,2025-06-15,UPI,Paid,50318.4
9729,24367,2025-06-15,Credit Card,Paid,47055.1
9730,14431,2025-06-15,UPI,Paid,10477.4
9731,12974,2025-06-15,Net Banking,Paid,16017.4
9732,22671,2025-06-15,UPI,Paid,508.5
9733,23897,2025-06-15,Debit Card,Paid,1510.45
9734,10765,2025-06-15,UPI,Paid,128700.2
9735,14976,2025-06-15,UPI,Paid,5979.2
9736,9026,2025-06-15,UPI,Paid,4832.65
9737,19718,2025-06-15,UPI,Paid,10776.0
9738,13291,2025-06-15,Credit Card,Paid,407.25
9739,1446,2025-06-15,Credit Card,Paid,27041.6
9740,16457,2025-06-15,UPI,Paid,4881.1
9741,7787,2025-06-15,Credit Card,Paid,6925.0
9742,10161,2025-06-15,UPI,Paid,25602.0
9743,17902,2025-06-16,UPI,Paid,9283.0
9744,12068,2025-06-16,Credit Card,Paid,37132.0
9745,5022,2025-06-16,UPI,Paid,42407.05
9746,15361,2025-06-16,UPI,Paid,30802.8
9747,20137,2025-06-16,Cash on Delivery,Paid,38526.0
9748,22761,2025-06-16,Credit Card,Paid,15925.95
9749,6513,2025-06-16,UPI,Paid,5036.0
9750,5633,2025-06-16,Credit Card,Paid,14770.2
9751,3487,2025-06-16,Credit Card,Paid,150633.3
9752,1858,2025-06-16,Net Banking,Paid,9865.0
9753,17857,2025-06-16,Net Banking,Paid,22036.2
9754,13844,2025-06-16,Debit Card,Paid,29992.1
9755,10935,2025-06-16,UPI,Paid,40168.0
9756,14578,2025-06-16,Cash on Delivery,Paid,415.0
9757,23377,2025-06-16,Credit Card,Paid,10242.0
9758,15329,2025-06-16,UPI,Paid,102951.2
9759,10615,2025-06-16,Debit Card,Paid,11142.6
9760,1282,2025-06-16,Credit Card,Paid,14638.8
9761,24705,2025-06-16,Credit Card,Paid,3091.3
9762,13568,2025-06-17,Net Banking,Paid,5980.25
9763,7039,2025-06-17,Net Banking,Paid,24297.2
9764,2069,2025-06-17,UPI,Paid,7224.4
9765,16503,2025-06-17,Credit Card,Paid,7291.15
9766,24371,2025-06-17,Cash on Delivery,Paid,7754.4
9767,12682,2025-06-17,Cash on Delivery,Paid,2563.1
9768,2677,2025-06-17,UPI,Paid,36796.8
9769,17061,2025-06-17,Cash on Delivery,Paid,7636.6
9770,14800,2025-06-17,UPI,Paid,13859.1
9771,9540,2025-06-17,UPI,Paid,41079.35
9772,19212,2025-06-17,Debit Card,Paid,89843.4
9773,4311,2025-06-17,UPI,Paid,45547.2
9774,11065,2025-06-17,UPI,Paid,35216.85
9775,14952,2025-06-17,Net Banking,Paid,37943.15
9776,2403,2025-06-17,Credit Card,Paid,6239.05
9777,9996,2025-06-17,UPI,Paid,10273.6
9778,22433,2025-06-17,Credit Card,Paid,35987.9
9779,24243,2025-06-17,UPI,Paid,78546.4
9780,24922,2025-06-17,Debit Card,Paid,8666.25
9781,14255,2025-06-17,Net Banking,Paid,146225.7
9782,473,2025-06-17,UPI,Paid,13708.0
9783,12889,2025-06-18,UPI,Paid,30708.25
9784,12217,2025-06-18,Debit Card,Paid,294878.6
9785,1580,2025-06-18,UPI,Paid,2563.1
9786,11524,2025-06-18,Cash on Delivery,Paid,4106.4
9787,24929,2025-06-18,UPI,Paid,69850.95
9788,1395,2025-06-18,UPI,Paid,21764.7
9789,22983,2025-06-18,Net Banking,Paid,3294.9
9790,19659,2025-06-18,UPI,Paid,170880.3
9791,18664,2025-06-18,UPI,Paid,21344.05
9792,10897,2025-06-18,Debit Card,Paid,3625.25
9793,882,2025-06-18,Credit Card,Paid,42407.05
9794,5503,2025-06-18,Debit Card,Paid,18741.0
9795,24268,2025-06-18,Cash on Delivery,Paid,8573.4
9796,3873,2025-06-18,Credit Card,Paid,107778.0
9797,11796,2025-06-18,Net Banking,Paid,42723.5
9798,18584,2025-06-18,UPI,Paid,12952.3
9799,15743,2025-06-18,Debit Card,Paid,8989.4
9800,18714,2025-06-18,UPI,Paid,91755.9
9801,7447,2025-06-18,Cash on Delivery,Paid,225762.65
9802,6016,2025-06-18,UPI,Paid,18344.8
9803,8023,2025-06-18,UPI,Paid,235.45
9804,7228,2025-06-18,Credit Card,Paid,7920.0
9805,20808,2025-06-19,UPI,Paid,1545.65
9806,18635,2025-06-19,Cash on Delivery,Paid,2244.0
9807,15561,2025-06-19,Credit Card,Paid,1941.8
9808,11286,2025-06-19,Debit Card,Paid,108922.75
9809,21233,2025-06-19,UPI,Paid,147583.15
9810,16453,2025-06-19,Cash on Delivery,Paid,79248.45
9811,9075,2025-06-19,Cash on Delivery,Paid,8354.7
9812,16527,2025-06-19,Credit Card,Paid,4044.3
9813,12709,2025-06-19,UPI,Paid,9351.0
9814,24240,2025-06-19,UPI,Paid,42557.4
9815,4255,2025-06-19,Cash on Delivery,Paid,5994.4
9816,6181,2025-06-19,Debit Card,Paid,143671.0
9817,11433,2025-06-19,Net Banking,Paid,23640.6
9818,17402,2025-06-19,Credit Card,Paid,56276.8
9819,23976,2025-06-19,Cash on Delivery,Paid,67964.7
9820,16296,2025-06-19,Credit Card,Paid,111126.25
9821,465,2025-06-19,UPI,Paid,84820.5
9822,4044,2025-06-19,Debit Card,Paid,57773.0
9823,19898,2025-06-19,UPI,Paid,74033.4
9824,16355,2025-06-19,UPI,Paid,46768.95
9825,15815,2025-06-19,Debit Card,Paid,2630.0
9826,2450,2025-06-19,UPI,Paid,78929.55
9827,7392,2025-06-20,Credit Card,Paid,3019.5
9828,17820,2025-06-20,Debit Card,Paid,5126.2
9829,6956,2025-06-20,Credit Card,Paid,6925.0
9830,10215,2025-06-20,UPI,Paid,31448.8
9831,7463,2025-06-20,Credit Card,Paid,4766.3
9832,7282,2025-06-20,UPI,Paid,5330.4
9833,19375,2025-06-20,UPI,Paid,40202.85
9834,16937,2025-06-20,Net Banking,Paid,103480.4
9835,20871,2025-06-20,Debit Card,Paid,394.25
9836,21788,2025-06-20,UPI,Paid,24163.7
9837,8665,2025-06-20,UPI,Paid,3815.25
9838,22182,2025-06-20,UPI,Paid,109470.8
9839,975,2025-06-20,Credit Card,Paid,12842.0
9840,20595,2025-06-20,Credit Card,Paid,180812.0
9841,14152,2025-06-20,UPI,Paid,263.15
9842,11657,2025-06-20,UPI,Paid,20065.5
9843,3559,2025-06-20,Net Banking,Paid,4471.65
9844,11569,2025-06-20,Credit Card,Paid,249.3
9845,1674,2025-06-20,Net Banking,Paid,77378.25
9846,3934,2025-06-20,Credit Card,Paid,80691.9
9847,7884,2025-06-20,Cash on Delivery,Paid,45012.9
9848,21437,2025-06-21,Debit Card,Paid,15111.65
9849,12115,2025-06-21,Credit Card,Paid,34112.1
9850,1730,2025-06-21,Cash on Delivery,Paid,6545.7
9851,24070,2025-06-21,UPI,Paid,8354.65
9852,19306,2025-06-21,UPI,Paid,1971.2
9853,21341,2025-06-21,Cash on Delivery,Paid,77895.4
9854,11593,2025-06-21,Cash on Delivery,Paid,9283.0
9855,11666,2025-06-21,Credit Card,Paid,144113.8
9856,7453,2025-06-21,UPI,Paid,5115.0
9857,18071,2025-06-21,Cash on Delivery,Paid,3053.6
9858,1278,2025-06-21,UPI,Paid,14512.9
9859,8918,2025-06-21,UPI,Paid,14375.65
9860,23286,2025-06-21,UPI,Paid,51241.3
9861,20346,2025-06-21,Cash on Delivery,Paid,6932.7
9862,8314,2025-06-21,Debit Card,Paid,4876.2
9863,3713,2025-06-21,Credit Card,Paid,138093.8
9864,7807,2025-06-21,UPI,Paid,106189.2
9865,14257,2025-06-21,Debit Card,Paid,4784.5
9866,16081,2025-06-21,Credit Card,Paid,8354.7
9867,8712,2025-06-21,Credit Card,Paid,227118.0
9868,24646,2025-06-21,Cash on Delivery,Paid,452.0
9869,16508,2025-06-22,UPI,Paid,11557.8
9870,21369,2025-06-22,Cash on Delivery,Paid,28138.4
9871,21991,2025-06-22,Credit Card,Paid,50017.95
9872,6795,2025-06-22,Credit Card,Paid,41887.4
9873,20884,2025-06-22,Credit Card,Paid,148497.4
9874,2573,2025-06-22,UPI,Paid,5793.9
9875,18014,2025-06-22,Credit Card,Paid,9631.5
9876,13965,2025-06-22,Cash on Delivery,Paid,4533.0
9877,8400,2025-06-22,Net Banking,Paid,4000.95
9878,19886,2025-06-22,UPI,Paid,4605.3
9879,22998,2025-06-22,UPI,Paid,6162.4
9880,258,2025-06-22,Credit Card,Paid,27041.6
9881,5068,2025-06-22,UPI,Paid,9631.5
9882,9256,2025-06-22,Credit Card,Paid,17956.9
9883,1787,2025-06-22,Cash on Delivery,Paid,63867.3
9884,1775,2025-06-22,Cash on Delivery,Paid,15366.6
9885,9255,2025-06-23,Net Banking,Paid,95160.75
9886,4704,2025-06-23,UPI,Paid,18937.65
9887,19480,2025-06-23,UPI,Paid,4044.3
9888,13889,2025-06-23,UPI,Paid,8354.7
9889,4124,2025-06-23,Cash on Delivery,Paid,35464.5
9890,3312,2025-06-23,Cash on Delivery,Paid,19216.8
9891,13357,2025-06-23,Cash on Delivery,Paid,9397.6
9892,755,2025-06-23,Credit Card,Paid,89870.5
9893,11287,2025-06-23,Cash on Delivery,Paid,17781.15
9894,4393,2025-06-23,UPI,Paid,17885.7
9895,24690,2025-06-23,UPI,Paid,3419.1
9896,4964,2025-06-23,UPI,Paid,83090.0
9897,20257,2025-06-23,Debit Card,Paid,14714.9
9898,3500,2025-06-23,Debit Card,Paid,69368.5
9899,4988,2025-06-23,Credit Card,Paid,188452.0
9900,3193,2025-06-23,Net Banking,Paid,127410.75
9901,23239,2025-06-23,UPI,Paid,91265.4
9902,22798,2025-06-23,UPI,Paid,3625.25
9903,17172,2025-06-23,Net Banking,Paid,37728.05
9904,8437,2025-06-23,Debit Card,Paid,13703.7
9905,15987,2025-06-24,Debit Card,Paid,99517.4
9906,13756,2025-06-24,UPI,Paid,33902.25
9907,22440,2025-06-24,Credit Card,Paid,6135.3
9908,16264,2025-06-24,UPI,Paid,70127.4
9909,7611,2025-06-24,Net Banking,Paid,3853.05
9910,19436,2025-06-24,Credit Card,Paid,16603.7
9911,11611,2025-06-24,Debit Card,Paid,17635.8
9912,5065,2025-06-24,Net Banking,Paid,16122.0
9913,4777,2025-06-25,Credit Card,Paid,16959.6
9914,3721,2025-06-25,Cash on Delivery,Paid,45895.2
9915,8612,2025-06-25,UPI,Paid,22686.6
9916,14037,2025-06-25,UPI,Paid,79070.0
9917,13501,2025-06-25,Credit Card,Paid,26883.05
9918,22302,2025-06-25,UPI,Paid,1328.0
9919,9546,2025-06-25,Credit Card,Paid,16336.3
9920,22345,2025-06-25,UPI,Paid,68694.0
9921,12765,2025-06-25,UPI,Paid,38766.3
9922,22867,2025-06-25,Cash on Delivery,Paid,21239.8
9923,14163,2025-06-25,Credit Card,Paid,18981.9
9924,21084,2025-06-25,Cash on Delivery,Paid,45611.9
9925,20334,2025-06-25,UPI,Paid,37366.0
9926,2921,2025-06-25,UPI,Paid,153698.0
9927,14097,2025-06-25,Cash on Delivery,Paid,143715.0
9928,5028,2025-06-25,Credit Card,Paid,4286.7
9929,24204,2025-06-26,Credit Card,Paid,120245.3
9930,4212,2025-06-26,UPI,Paid,5665.5
9931,9731,2025-06-26,Debit Card,Paid,1839.6
9932,23776,2025-06-26,UPI,Paid,122366.45
9933,19414,2025-06-26,Cash on Delivery,Paid,19428.45
9934,216,2025-06-26,UPI,Paid,3410.0
9935,16103,2025-06-26,Credit Card,Paid,10314.7
9936,9320,2025-06-26,Cash on Delivery,Paid,4763.0
9937,16024,2025-06-26,UPI,Paid,17046.9
9938,18933,2025-06-26,Debit Card,Paid,42360.5
9939,14678,2025-06-26,UPI,Paid,28836.8
9940,11449,2025-06-26,Credit Card,Paid,57308.4
9941,16288,2025-06-26,UPI,Paid,25383.75
9942,11351,2025-06-26,UPI,Paid,50823.65
9943,20719,2025-06-27,Cash on Delivery,Paid,38422.55
9944,18363,2025-06-27,UPI,Paid,3815.25
9945,24148,2025-06-27,Cash on Delivery,Paid,40349.0
9946,10363,2025-06-27,UPI,Paid,68320.8
9947,4958,2025-06-27,Debit Card,Paid,1547.55
9948,2988,2025-06-27,Net Banking,Paid,56627.0
9949,18671,2025-06-27,Debit Card,Paid,12325.75
9950,19670,2025-06-27,Credit Card,Paid,4588.45
9951,16421,2025-06-27,Credit Card,Paid,153652.45
9952,24955,2025-06-27,UPI,Paid,3449.6
9953,15093,2025-06-27,Debit Card,Paid,7537.6
9954,10708,2025-06-27,Credit Card,Paid,7549.75
9955,6460,2025-06-27,Cash on Delivery,Paid,235.45
9956,23927,2025-06-27,Debit Card,Paid,543.0
9957,16678,2025-06-27,Debit Card,Paid,1390.4
9958,6142,2025-06-27,Debit Card,Paid,30820.8
9959,22199,2025-06-28,UPI,Paid,130312.4
9960,16130,2025-06-28,Net Banking,Paid,32775.75
9961,7399,2025-06-28,Net Banking,Paid,3069.0
9962,18687,2025-06-28,Net Banking,Paid,4002.0
9963,19346,2025-06-28,UPI,Paid,73267.5
9964,14158,2025-06-28,Cash on Delivery,Paid,135760.7
9965,8713,2025-06-28,UPI,Paid,82671.55
9966,3421,2025-06-28,Credit Card,Paid,20015.55
9967,13900,2025-06-28,Debit Card,Paid,25426.0
9968,19456,2025-06-28,UPI,Paid,28377.7
9969,20482,2025-06-28,UPI,Paid,6352.9
9970,21581,2025-06-28,UPI,Paid,3069.0
9971,6659,2025-06-28,Debit Card,Paid,25398.0
9972,4848,2025-06-28,Debit Card,Paid,12747.45
9973,1007,2025-06-28,UPI,Paid,23467.95
9974,2017,2025-06-28,Debit Card,Paid,5578.4
9975,15730,2025-06-29,UPI,Paid,6967.5
9976,6997,2025-06-29,Credit Card,Paid,7358.45
9977,20228,2025-06-29,Credit Card,Paid,2728.0
9978,16868,2025-06-29,UPI,Paid,4334.4
9979,13239,2025-06-29,UPI,Paid,19150.8
9980,2084,2025-06-29,Cash on Delivery,Paid,18234.95
9981,5574,2025-06-29,Cash on Delivery,Paid,50964.3
9982,18127,2025-06-29,Credit Card,Paid,10704.15
9983,21551,2025-06-29,Cash on Delivery,Paid,2019.6
9984,21645,2025-06-29,Credit Card,Paid,11211.0
9985,9615,2025-06-29,Credit Card,Paid,8277.0
9986,14933,2025-06-29,UPI,Paid,85879.7
9987,11883,2025-06-29,Debit Card,Paid,6107.2
9988,14481,2025-06-29,Debit Card,Paid,3533.25
9989,4947,2025-06-29,Debit Card,Paid,11844.55
9990,12895,2025-06-29,UPI,Paid,8658.0
9991,8703,2025-06-29,UPI,Paid,14889.1
9992,16612,2025-06-30,UPI,Paid,90052.9
9993,14370,2025-06-30,Debit Card,Paid,11681.2
9994,491,2025-06-30,Credit Card,Paid,29854.8
9995,21187,2025-06-30,Cash on Delivery,Paid,34535.15
9996,22567,2025-06-30,UPI,Paid,20279.35
9997,7167,2025-06-30,Cash on Delivery,Paid,8119.75
9998,24301,2025-06-30,UPI,Paid,61566.0
9999,18123,2025-06-30,UPI,Paid,11555.0
10000,15632,2025-06-30,Cash on Delivery,Paid,34767.3
10001,22535,2025-06-30,Cash on Delivery,Paid,5605.5
10002,4049,2025-06-30,Cash on Delivery,Paid,45012.9
10003,15403,2025-06-30,UPI,Paid,14565.0
10004,20837,2025-06-30,UPI,Paid,34575.6
10005,20256,2025-06-30,Debit Card,Paid,3768.8
10006,20676,2025-06-30,Cash on Delivery,Paid,146870.9
10007,12056,2025-06-30,UPI,Paid,44947.8
10008,18810,2025-06-30,UPI,Paid,54725.45
10009,20266,2025-06-30,Debit Card,Paid,13928.45
10010,14806,2025-06-30,UPI,Paid,11905.4
10011,18785,2025-06-30,Cash on Delivery,Paid,24917.85
10012,2596,2025-07-01,Credit Card,Paid,95949.05
10013,2216,2025-07-01,UPI,Paid,3639.7
10014,18266,2025-07-01,UPI,Paid,51573.1
10015,20741,2025-07-01,Debit Card,Paid,1306.45
10016,80,2025-07-01,Credit Card,Paid,142803.35
10017,18148,2025-07-01,UPI,Paid,11070.8
10018,24059,2025-07-01,Cash on Delivery,Paid,14838.4
10019,6781,2025-07-01,UPI,Paid,30032.35
10020,6887,2025-07-01,Net Banking,Paid,23615.0
10021,901,2025-07-01,Cash on Delivery,Paid,142309.9
10022,2485,2025-07-01,Debit Card,Paid,65237.8
10023,745,2025-07-01,UPI,Paid,109293.5
10024,20833,2025-07-01,Credit Card,Paid,20761.2
10025,8645,2025-07-02,Net Banking,Paid,6973.0
10026,15579,2025-07-02,Debit Card,Paid,31399.2
10027,11784,2025-07-02,Net Banking,Paid,3243.3
10028,1372,2025-07-02,Debit Card,Paid,54102.5
10029,4970,2025-07-02,UPI,Paid,56120.4
10030,16211,2025-07-02,UPI,Paid,15781.1
10031,14014,2025-07-02,Debit Card,Paid,6465.6
10032,21269,2025-07-02,UPI,Paid,40175.1
10033,9212,2025-07-02,UPI,Paid,56361.6
10034,12701,2025-07-02,UPI,Paid,48251.0
10035,3191,2025-07-02,Net Banking,Paid,183438.75
10036,929,2025-07-02,UPI,Paid,3945.0
10037,15553,2025-07-03,Credit Card,Paid,78250.9
10038,19324,2025-07-03,UPI,Paid,13426.35
10039,10279,2025-07-03,UPI,Paid,5540.0
10040,24850,2025-07-03,Debit Card,Paid,70671.8
10041,24522,2025-07-03,UPI,Paid,11607.6
10042,2305,2025-07-03,Credit Card,Paid,45525.0
10043,16884,2025-07-03,Cash on Delivery,Paid,56706.2
10044,2283,2025-07-03,UPI,Paid,1795.2
10045,19869,2025-07-03,Cash on Delivery,Paid,84377.4
10046,6932,2025-07-03,UPI,Paid,3745.95
10047,3638,2025-07-03,Credit Card,Paid,27440.25
10048,10861,2025-07-03,UPI,Paid,37569.0
10049,21583,2025-07-03,UPI,Paid,13924.5
10050,4135,2025-07-03,UPI,Paid,9764.8
10051,11516,2025-07-03,UPI,Paid,3187.25
10052,5470,2025-07-04,Cash on Delivery,Paid,46994.6
10053,20297,2025-07-04,Debit Card,Paid,4306.35
10054,7391,2025-07-04,Credit Card,Paid,3239.5
10055,13424,2025-07-04,UPI,Paid,7128.0
10056,21896,2025-07-04,Cash on Delivery,Paid,15190.35
10057,5764,2025-07-04,UPI,Paid,4044.0
10058,22063,2025-07-04,UPI,Paid,63500.1
10059,5716,2025-07-04,UPI,Paid,21700.5
10060,8508,2025-07-04,UPI,Paid,18885.0
10061,18746,2025-07-04,UPI,Paid,1547.55
10062,3979,2025-07-04,Credit Card,Paid,83106.9
10063,24915,2025-07-04,UPI,Paid,22295.0
10064,6505,2025-07-04,Net Banking,Paid,46314.0
10065,16987,2025-07-04,Cash on Delivery,Paid,79290.4
10066,4527,2025-07-04,Cash on Delivery,Paid,1031.7
10067,5344,2025-07-04,Cash on Delivery,Paid,216004.25
10068,18606,2025-07-04,Cash on Delivery,Paid,51552.25
10069,1000,2025-07-04,UPI,Paid,32152.75
10070,10620,2025-07-05,UPI,Paid,5578.7
10071,9074,2025-07-05,UPI,Paid,6145.2
10072,10246,2025-07-05,Credit Card,Paid,56276.8
10073,20434,2025-07-05,Cash on Delivery,Paid,15816.9
10074,23346,2025-07-05,UPI,Paid,22429.05
10075,9183,2025-07-05,Credit Card,Paid,28504.5
10076,3875,2025-07-05,Credit Card,Paid,58063.65
10077,16887,2025-07-05,Credit Card,Paid,74625.0
10078,14623,2025-07-05,UPI,Paid,81574.0
10079,7786,2025-07-05,UPI,Paid,33104.0
10080,6266,2025-07-05,UPI,Paid,37943.15
10081,17001,2025-07-05,UPI,Paid,24988.0
10082,1781,2025-07-05,Cash on Delivery,Paid,11066.4
10083,3270,2025-07-06,UPI,Paid,14025.6
10084,10949,2025-07-06,UPI,Paid,44724.4
10085,20646,2025-07-06,UPI,Paid,118985.6
10086,5142,2025-07-06,Cash on Delivery,Paid,46309.2
10087,16531,2025-07-06,Net Banking,Paid,64824.25
10088,3073,2025-07-06,Cash on Delivery,Paid,35703.95
10089,21887,2025-07-06,UPI,Paid,19608.7
10090,8128,2025-07-06,Cash on Delivery,Paid,1738.0
10091,13921,2025-07-06,UPI,Paid,191992.3
10092,24533,2025-07-06,Credit Card,Paid,74625.0
10093,16408,2025-07-06,Cash on Delivery,Paid,148109.4
10094,6895,2025-07-06,UPI,Paid,6039.0
10095,14698,2025-07-06,Net Banking,Paid,17013.55
10096,23168,2025-07-06,UPI,Paid,34494.9
10097,12824,2025-07-06,Cash on Delivery,Paid,2516.25
10098,1530,2025-07-06,UPI,Paid,66176.2
10099,2917,2025-07-06,UPI,Paid,32251.05
10100,19939,2025-07-06,Cash on Delivery,Paid,5462.4
10101,4696,2025-07-06,Cash on Delivery,Paid,121703.2
10102,12278,2025-07-06,UPI,Paid,19490.5
10103,10634,2025-07-06,UPI,Paid,81414.75
10104,16401,2025-07-07,Cash on Delivery,Paid,38216.7
10105,9128,2025-07-07,UPI,Paid,9439.0
10106,22194,2025-07-07,UPI,Paid,59587.2
10107,13620,2025-07-07,UPI,Paid,4711.0
10108,22177,2025-07-07,UPI,Paid,10451.6
10109,11850,2025-07-07,UPI,Paid,20624.0
10110,18743,2025-07-07,UPI,Paid,1903.8
10111,180,2025-07-07,Credit Card,Paid,13248.7
10112,15731,2025-07-07,UPI,Paid,3601.8
10113,8483,2025-07-07,Credit Card,Paid,15222.65
10114,3468,2025-07-07,Credit Card,Paid,4204.3
10115,279,2025-07-08,UPI,Paid,30297.4
10116,15480,2025-07-08,UPI,Paid,78875.85
10117,7374,2025-07-08,UPI,Paid,7066.5
10118,12777,2025-07-08,Credit Card,Paid,23671.65
10119,22319,2025-07-08,UPI,Paid,13453.2
10120,804,2025-07-08,Debit Card,Paid,7677.0
10121,14691,2025-07-08,UPI,Paid,554.0
10122,10842,2025-07-08,UPI,Paid,56287.95
10123,16159,2025-07-08,UPI,Paid,74003.0
10124,3488,2025-07-08,Credit Card,Paid,84814.1
10125,17550,2025-07-08,Debit Card,Paid,19069.3
10126,14363,2025-07-08,Debit Card,Paid,86851.8
10127,17369,2025-07-08,Debit Card,Paid,4804.2
10128,23908,2025-07-08,UPI,Paid,114505.35
10129,7747,2025-07-08,UPI,Paid,10804.7
10130,20620,2025-07-08,Credit Card,Paid,62853.3
10131,14504,2025-07-08,Net Banking,Paid,5252.15
10132,21379,2025-07-08,UPI,Paid,8593.5
10133,8482,2025-07-08,UPI,Paid,50627.4
10134,20834,2025-07-08,UPI,Paid,38189.05
10135,3036,2025-07-08,UPI,Paid,77965.7
10136,17959,2025-07-09,UPI,Paid,3053.6
10137,7556,2025-07-09,Debit Card,Paid,92621.6
10138,8153,2025-07-09,UPI,Paid,20798.1
10139,1605,2025-07-09,UPI,Paid,12256.2
10140,4881,2025-07-09,Cash on Delivery,Paid,6870.6
10141,13637,2025-07-09,Net Banking,Paid,3330.6
10142,18359,2025-07-09,Credit Card,Paid,35464.5
10143,13743,2025-07-09,UPI,Paid,9752.4
10144,15435,2025-07-09,UPI,Paid,99882.75
10145,12422,2025-07-09,Credit Card,Paid,132237.75
10146,6377,2025-07-09,Debit Card,Paid,51247.6
10147,20342,2025-07-09,Credit Card,Paid,163147.05
10148,11029,2025-07-09,Debit Card,Paid,47382.0
10149,19101,2025-07-09,Net Banking,Paid,4475.45
10150,7610,2025-07-09,UPI,Paid,2900.25
10151,6006,2025-07-09,Credit Card,Paid,85114.8
10152,4625,2025-07-10,Cash on Delivery,Paid,6493.25
10153,12178,2025-07-10,Cash on Delivery,Paid,40175.1
10154,10623,2025-07-10,UPI,Paid,56958.3
10155,17458,2025-07-10,Cash on Delivery,Paid,14996.3
10156,9343,2025-07-10,Debit Card,Paid,12652.8
10157,15048,2025-07-10,UPI,Paid,1390.4
10158,1225,2025-07-10,Credit Card,Paid,11049.0
10159,5610,2025-07-10,Credit Card,Paid,33104.0
10160,18093,2025-07-10,Net Banking,Paid,31844.8
10161,22741,2025-07-10,UPI,Paid,24318.0
10162,22118,2025-07-10,UPI,Paid,68694.0
10163,12578,2025-07-10,Debit Card,Paid,22279.2
10164,7702,2025-07-10,Debit Card,Paid,102030.45
10165,24280,2025-07-10,UPI,Paid,125239.8
10166,16679,2025-07-10,Debit Card,Paid,223752.95
10167,6673,2025-07-10,UPI,Paid,90672.2
10168,8598,2025-07-10,Debit Card,Paid,88122.5
10169,427,2025-07-11,Credit Card,Paid,44921.7
10170,20964,2025-07-11,Cash on Delivery,Paid,1220.0
10171,17767,2025-07-11,UPI,Paid,9333.25
10172,5505,2025-07-11,Debit Card,Paid,12441.0
10173,10030,2025-07-11,UPI,Paid,47467.2
10174,16156,2025-07-11,UPI,Paid,6465.6
10175,11409,2025-07-11,Cash on Delivery,Paid,12635.55
10176,8168,2025-07-11,Credit Card,Paid,3239.5
10177,14323,2025-07-11,UPI,Paid,3355.0
10178,18448,2025-07-11,Net Banking,Paid,11557.8
10179,19110,2025-07-11,Net Banking,Paid,76001.0
10180,13918,2025-07-11,Cash on Delivery,Paid,113409.0
10181,146,2025-07-11,UPI,Paid,101928.6
10182,13417,2025-07-11,Cash on Delivery,Paid,8008.7
10183,22678,2025-07-11,UPI,Paid,14133.0
10184,12820,2025-07-11,Credit Card,Paid,12199.9
10185,23629,2025-07-11,Cash on Delivery,Paid,140093.7
10186,7878,2025-07-12,Debit Card,Paid,40274.7
10187,4879,2025-07-12,Cash on Delivery,Paid,24354.15
10188,16372,2025-07-12,UPI,Paid,10914.75
10189,23761,2025-07-12,Net Banking,Paid,32954.2
10190,23475,2025-07-12,Credit Card,Paid,1421.6
10191,5890,2025-07-12,UPI,Paid,15467.4
10192,22378,2025-07-12,UPI,Paid,137050.5
10193,15618,2025-07-12,UPI,Paid,85359.8
10194,9123,2025-07-12,Cash on Delivery,Paid,13461.3
10195,3600,2025-07-12,Credit Card,Paid,46578.75
10196,241,2025-07-12,Credit Card,Paid,13091.4
10197,4616,2025-07-12,Debit Card,Paid,37247.9
10198,1074,2025-07-12,Cash on Delivery,Paid,39219.6
10199,3685,2025-07-12,Net Banking,Paid,20333.5
10200,24781,2025-07-12,Credit Card,Paid,116941.5
10201,22097,2025-07-12,UPI,Paid,5578.4
10202,1295,2025-07-12,Debit Card,Paid,14261.4
10203,3506,2025-07-12,Debit Card,Paid,64734.4
10204,23396,2025-07-12,UPI,Paid,72192.75
10205,4722,2025-07-12,Net Banking,Paid,242525.7
10206,1939,2025-07-12,UPI,Paid,46596.3
10207,7792,2025-07-12,Cash on Delivery,Paid,5074.1
10208,19468,2025-07-12,Cash on Delivery,Paid,13634.0
10209,11325,2025-07-13,UPI,Paid,30107.55
10210,425,2025-07-13,Credit Card,Paid,45654.0
10211,16323,2025-07-13,UPI,Paid,179738.1
10212,12372,2025-07-13,Net Banking,Paid,14267.2
10213,7818,2025-07-13,Debit Card,Paid,81307.0
10214,15068,2025-07-13,UPI,Paid,7537.6
10215,23306,2025-07-13,UPI,Paid,32931.75
10216,9604,2025-07-13,UPI,Paid,8253.6
10217,2863,2025-07-13,Cash on Delivery,Paid,277.0
10218,11317,2025-07-13,Credit Card,Paid,2464.0
10219,13362,2025-07-13,Credit Card,Paid,8657.0
10220,3263,2025-07-13,UPI,Paid,183008.65
10221,17336,2025-07-13,Net Banking,Paid,923.1
10222,15839,2025-07-13,UPI,Paid,35464.5
10223,18215,2025-07-13,UPI,Paid,106920.8
10224,11962,2025-07-13,Credit Card,Paid,4286.7
10225,14080,2025-07-13,UPI,Paid,89262.6
10226,2350,2025-07-13,Debit Card,Paid,52201.4
10227,15167,2025-07-13,Credit Card,Paid,14133.0
10228,303,2025-07-14,Debit Card,Paid,127065.4
10229,23110,2025-07-14,UPI,Paid,4181.7
10230,22106,2025-07-14,Cash on Delivery,Paid,13289.1
10231,22989,2025-07-14,UPI,Paid,202916.15
10232,10291,2025-07-14,UPI,Paid,225.15
10233,282,2025-07-14,Cash on Delivery,Paid,25210.85
10234,6464,2025-07-14,UPI,Paid,77077.8
10235,12950,2025-07-14,Credit Card,Paid,8792.75
10236,2757,2025-07-14,Credit Card,Paid,199924.5
10237,15560,2025-07-14,Cash on Delivery,Paid,16220.3
10238,12361,2025-07-14,UPI,Paid,13091.4
10239,15432,2025-07-14,UPI,Paid,28731.7
10240,1442,2025-07-14,Cash on Delivery,Paid,57536.5
10241,10644,2025-07-14,UPI,Paid,11066.4
10242,10173,2025-07-14,UPI,Paid,4475.45
10243,16558,2025-07-15,Credit Card,Paid,25733.65
10244,11054,2025-07-15,Net Banking,Paid,62920.95
10245,3485,2025-07-15,Credit Card,Paid,39706.0
10246,11477,2025-07-15,UPI,Paid,14012.5
10247,1015,2025-07-15,Credit Card,Paid,1688.15
10248,24751,2025-07-15,Debit Card,Paid,30857.2
10249,13145,2025-07-15,Cash on Delivery,Paid,10459.5
10250,7157,2025-07-15,UPI,Paid,5578.4
10251,24295,2025-07-15,Credit Card,Paid,4563.2
10252,20249,2025-07-15,Credit Card,Paid,5036.0
10253,15898,2025-07-15,Net Banking,Paid,2082.0
10254,6085,2025-07-15,Net Banking,Paid,103605.0
10255,24871,2025-07-15,Debit Card,Paid,3768.8
10256,12527,2025-07-15,UPI,Paid,6663.0
10257,15388,2025-07-15,Credit Card,Paid,34600.15
10258,1661,2025-07-16,UPI,Paid,44639.0
10259,21940,2025-07-16,Credit Card,Paid,8688.0
10260,12485,2025-07-16,Net Banking,Paid,99885.0
10261,2260,2025-07-16,Cash on Delivery,Paid,115423.3
10262,15326,2025-07-16,Credit Card,Paid,3244.45
10263,14934,2025-07-16,UPI,Paid,42942.85
10264,18073,2025-07-16,Credit Card,Paid,37734.4
10265,11760,2025-07-16,UPI,Paid,3799.0
10266,20939,2025-07-16,UPI,Paid,7389.0
10267,19308,2025-07-16,UPI,Paid,9554.4
10268,4461,2025-07-16,UPI,Paid,95249.5
10269,11302,2025-07-16,UPI,Paid,12619.8
10270,16266,2025-07-16,UPI,Paid,134667.0
10271,18335,2025-07-16,UPI,Paid,4856.4
10272,17174,2025-07-16,Debit Card,Paid,32542.95
10273,17981,2025-07-16,UPI,Paid,148200.25
10274,3431,2025-07-16,Credit Card,Paid,44921.7
10275,21355,2025-07-17,UPI,Paid,10912.0
10276,15163,2025-07-17,UPI,Paid,9029.1
10277,20421,2025-07-17,Cash on Delivery,Paid,20105.8
10278,4436,2025-07-17,Credit Card,Paid,19132.25
10279,18415,2025-07-17,Debit Card,Paid,17332.5
10280,8080,2025-07-17,Net Banking,Paid,52966.4
10281,1998,2025-07-17,UPI,Paid,3412.0
10282,5722,2025-07-17,Debit Card,Paid,75076.4
10283,19507,2025-07-17,UPI,Paid,100233.1
10284,249,2025-07-17,UPI,Paid,24886.55
10285,16951,2025-07-17,UPI,Paid,56958.3
10286,5495,2025-07-17,Credit Card,Paid,8224.15
10287,1397,2025-07-17,UPI,Paid,87076.1
10288,17976,2025-07-17,UPI,Paid,7474.0
10289,12992,2025-07-17,Debit Card,Paid,46941.3
10290,5984,2025-07-18,Cash on Delivery,Paid,2464.0
10291,7705,2025-07-18,Debit Card,Paid,7274.1
10292,16115,2025-07-18,UPI,Paid,11870.1
10293,17933,2025-07-18,Debit Card,Paid,18309.6
10294,24969,2025-07-18,UPI,Paid,15262.95
10295,9938,2025-07-18,UPI,Paid,156592.55
10296,13410,2025-07-18,Cash on Delivery,Paid,22295.0
10297,24004,2025-07-18,UPI,Paid,3609.05
10298,19709,2025-07-18,Credit Card,Paid,16243.3
10299,170,2025-07-18,Credit Card,Paid,34710.15
10300,11616,2025-07-18,Debit Card,Paid,31448.8
10301,19224,2025-07-18,UPI,Paid,182878.3
10302,14544,2025-07-18,UPI,Paid,9956.75
10303,18184,2025-07-18,UPI,Paid,1460.15
10304,2269,2025-07-18,UPI,Paid,78550.0
10305,10259,2025-07-18,Cash on Delivery,Paid,25228.6
10306,2272,2025-07-18,Credit Card,Paid,58588.5
10307,17392,2025-07-18,UPI,Paid,63115.65
10308,16922,2025-07-18,UPI,Paid,74625.0
10309,24447,2025-07-18,UPI,Paid,13885.1
10310,16812,2025-07-18,UPI,Paid,80350.2
10311,12964,2025-07-18,UPI,Paid,4164.0
10312,15004,2025-07-18,Credit Card,Paid,9608.4
10313,9408,2025-07-18,Debit Card,Paid,8042.7
10314,6522,2025-07-18,UPI,Paid,39629.55
10315,12180,2025-07-18,Debit Card,Paid,8235.15
10316,14320,2025-07-19,Debit Card,Paid,27043.55
10317,9277,2025-07-19,Credit Card,Paid,65259.3
10318,1363,2025-07-19,Credit Card,Paid,3764.25
10319,23484,2025-07-19,Cash on Delivery,Paid,14121.0
10320,11632,2025-07-19,UPI,Paid,14005.1
10321,7419,2025-07-19,UPI,Paid,5665.5
10322,14019,2025-07-19,UPI,Paid,7619.4
10323,12615,2025-07-19,UPI,Paid,19158.4
10324,13088,2025-07-19,UPI,Paid,4407.0
10325,16444,2025-07-19,Credit Card,Paid,213.3
10326,21526,2025-07-19,Debit Card,Paid,9099.0
10327,20444,2025-07-19,UPI,Paid,108246.05
10328,15499,2025-07-19,Credit Card,Paid,32855.9
10329,13366,2025-07-20,Debit Card,Paid,28257.05
10330,7216,2025-07-20,Debit Card,Paid,5446.75
10331,15370,2025-07-20,UPI,Paid,22809.25
10332,12988,2025-07-20,Credit Card,Paid,44788.7
10333,7573,2025-07-20,UPI,Paid,33172.0
10334,6943,2025-07-20,Credit Card,Paid,80556.4
10335,16466,2025-07-20,UPI,Paid,96171.6
10336,9434,2025-07-20,Debit Card,Paid,5418.0
10337,8228,2025-07-20,UPI,Paid,150276.0
10338,9326,2025-07-20,Credit Card,Paid,15606.5
10339,23314,2025-07-20,Debit Card,Paid,53962.2
10340,11366,2025-07-20,Net Banking,Paid,7981.3
10341,23018,2025-07-20,Cash on Delivery,Paid,13362.7
10342,18655,2025-07-20,UPI,Paid,3626.15
10343,10056,2025-07-20,Credit Card,Paid,6369.05
10344,1259,2025-07-20,Credit Card,Paid,45618.0
10345,5704,2025-07-20,UPI,Paid,152601.3
10346,21885,2025-07-20,Net Banking,Paid,134614.5
10347,6277,2025-07-20,Debit Card,Paid,112224.6
10348,19071,2025-07-20,Cash on Delivery,Paid,54054.9
10349,18564,2025-07-20,Credit Card,Paid,16586.0
10350,17548,2025-07-20,Cash on Delivery,Paid,19018.0
10351,11216,2025-07-21,Net Banking,Paid,18978.0
10352,16841,2025-07-21,UPI,Paid,5979.2
10353,22399,2025-07-21,Cash on Delivery,Paid,25286.8
10354,7276,2025-07-21,UPI,Paid,6809.0
10355,18853,2025-07-21,Net Banking,Paid,3810.7
10356,1284,2025-07-21,UPI,Paid,53962.2
10357,2724,2025-07-21,Credit Card,Paid,66208.0
10358,5111,2025-07-21,UPI,Paid,23115.6
10359,18791,2025-07-21,Cash on Delivery,Paid,131785.45
10360,21854,2025-07-21,UPI,Paid,68722.8
10361,4085,2025-07-21,Credit Card,Paid,11801.9
10362,21699,2025-07-21,UPI,Paid,11812.45
10363,18465,2025-07-21,Credit Card,Paid,10977.25
10364,16564,2025-07-21,Credit Card,Paid,58207.45
10365,7999,2025-07-21,Debit Card,Paid,747.9
10366,18422,2025-07-21,Cash on Delivery,Paid,62494.6
10367,5469,2025-07-21,Credit Card,Paid,28654.4
10368,14236,2025-07-21,UPI,Paid,19342.0
10369,4871,2025-07-21,UPI,Paid,59068.95
10370,1230,2025-07-21,UPI,Paid,111224.9
10371,16674,2025-07-21,UPI,Paid,223296.35
10372,15261,2025-07-22,Cash on Delivery,Paid,6295.0
10373,1947,2025-07-22,UPI,Paid,9160.8
10374,10449,2025-07-22,Net Banking,Paid,44789.4
10375,21981,2025-07-22,UPI,Paid,1738.0
10376,19566,2025-07-22,Credit Card,Paid,20319.0
10377,1175,2025-07-22,UPI,Paid,143861.1
10378,4401,2025-07-22,Cash on Delivery,Paid,20542.7
10379,18097,2025-07-22,UPI,Paid,8624.8
10380,1751,2025-07-22,Debit Card,Paid,11369.4
10381,18623,2025-07-22,UPI,Paid,6138.0
10382,22497,2025-07-22,UPI,Paid,227058.2
10383,22837,2025-07-22,UPI,Paid,3229.15
10384,22721,2025-07-22,UPI,Paid,24879.0
10385,17415,2025-07-22,Credit Card,Paid,623.25
10386,12503,2025-07-22,UPI,Paid,29181.6
10387,6867,2025-07-22,UPI,Paid,34987.5
10388,870,2025-07-22,Cash on Delivery,Paid,137183.9
10389,6872,2025-07-22,Credit Card,Paid,19000.0
10390,1387,2025-07-22,Credit Card,Paid,8989.4
10391,1469,2025-07-22,UPI,Paid,14687.9
10392,15573,2025-07-22,Cash on Delivery,Paid,29789.3
10393,13536,2025-07-22,UPI,Paid,19643.5
10394,9139,2025-07-22,Debit Card,Paid,7619.4
10395,12443,2025-07-23,Credit Card,Paid,10174.0
10396,17353,2025-07-23,UPI,Paid,11514.6
10397,4636,2025-07-23,Debit Card,Paid,182933.6
10398,24754,2025-07-23,UPI,Paid,10672.55
10399,20242,2025-07-23,Cash on Delivery,Paid,11268.75
10400,9521,2025-07-23,Net Banking,Paid,47382.0
10401,10223,2025-07-23,Debit Card,Paid,9631.5
10402,24026,2025-07-23,Debit Card,Paid,101616.0
10403,15088,2025-07-23,UPI,Paid,84713.3
10404,5226,2025-07-23,Credit Card,Paid,49072.05
10405,11983,2025-07-23,Debit Card,Paid,7474.0
10406,17127,2025-07-23,Net Banking,Paid,2684.0
10407,13525,2025-07-23,UPI,Paid,10615.5
10408,825,2025-07-23,UPI,Paid,67476.9
10409,21668,2025-07-23,UPI,Paid,28161.0
10410,17785,2025-07-23,Net Banking,Paid,13648.5
10411,7707,2025-07-23,Debit Card,Paid,80472.35
10412,4473,2025-07-23,UPI,Paid,7683.3
10413,11156,2025-07-24,UPI,Paid,6162.4
10414,10824,2025-07-24,Credit Card,Paid,62909.4
10415,1302,2025-07-24,UPI,Paid,21180.25
10416,19046,2025-07-24,Cash on Delivery,Paid,44371.5
10417,4389,2025-07-24,UPI,Paid,22608.0
10418,15123,2025-07-24,Debit Card,Paid,83369.7
10419,22352,2025-07-24,UPI,Paid,10738.9
10420,7484,2025-07-24,UPI,Paid,66185.5
10421,14532,2025-07-24,Debit Card,Paid,25234.5
10422,21555,2025-07-24,Credit Card,Paid,18673.2
10423,2770,2025-07-24,UPI,Paid,108497.8
10424,9117,2025-07-24,Debit Card,Paid,9066.0
10425,5398,2025-07-24,UPI,Paid,5555.15
10426,23764,2025-07-24,UPI,Paid,8159.4
10427,24232,2025-07-24,Debit Card,Paid,4711.0
10428,12013,2025-07-24,UPI,Paid,11555.0
10429,24249,2025-07-24,UPI,Paid,2375.0
10430,902,2025-07-24,UPI,Paid,6468.55
10431,22206,2025-07-24,UPI,Paid,107133.6
10432,16404,2025-07-24,UPI,Paid,14986.0
10433,4424,2025-07-24,UPI,Paid,11790.4
10434,11202,2025-07-25,UPI,Paid,60630.5
10435,11551,2025-07-25,UPI,Paid,3198.6
10436,3597,2025-07-25,UPI,Paid,5147.1
10437,1398,2025-07-25,UPI,Paid,7863.15
10438,16271,2025-07-25,Cash on Delivery,Paid,13468.95
10439,6288,2025-07-25,Cash on Delivery,Paid,9004.5
10440,11010,2025-07-25,Cash on Delivery,Paid,55667.8
10441,7643,2025-07-25,Debit Card,Paid,44921.7
10442,14297,2025-07-25,UPI,Paid,23300.0
10443,13600,2025-07-25,Cash on Delivery,Paid,25684.0
10444,12237,2025-07-25,Debit Card,Paid,7582.1
10445,4058,2025-07-25,UPI,Paid,2208.6
10446,19135,2025-07-26,UPI,Paid,115132.15
10447,20811,2025-07-26,UPI,Paid,59820.25
10448,6838,2025-07-26,Cash on Delivery,Paid,43823.3
10449,18967,2025-07-26,Debit Card,Paid,43805.6
10450,12417,2025-07-26,Net Banking,Paid,2563.1
10451,8799,2025-07-26,UPI,Paid,35690.55
10452,3816,2025-07-26,UPI,Paid,3533.25
10453,8754,2025-07-26,UPI,Paid,7799.25
10454,23898,2025-07-26,Credit Card,Paid,16586.0
10455,22155,2025-07-26,Net Banking,Paid,22489.2
10456,23781,2025-07-26,Debit Card,Paid,52356.75
10457,3433,2025-07-26,UPI,Paid,134988.7
10458,1143,2025-07-26,UPI,Paid,19736.25
10459,12604,2025-07-26,Debit Card,Paid,6371.7
10460,15655,2025-07-26,Credit Card,Paid,3626.4
10461,13717,2025-07-26,Net Banking,Paid,3813.3
10462,20296,2025-07-26,Debit Card,Paid,263.15
10463,23490,2025-07-26,UPI,Paid,232829.8
10464,20008,2025-07-26,Debit Card,Paid,18623.25
10465,21920,2025-07-26,Net Banking,Paid,3871.5
10466,1134,2025-07-26,UPI,Paid,27062.4
10467,5419,2025-07-27,UPI,Paid,47382.0
10468,357,2025-07-27,Credit Card,Paid,28791.2
10469,23709,2025-07-27,Net Banking,Paid,1229.6
10470,8585,2025-07-27,Debit Card,Paid,9526.0
10471,23698,2025-07-27,UPI,Paid,49951.8
10472,24596,2025-07-27,Net Banking,Paid,54399.95
10473,9560,2025-07-27,Debit Card,Paid,139673.3
10474,15412,2025-07-27,Cash on Delivery,Paid,203870.8
10475,20376,2025-07-27,Credit Card,Paid,49016.8
10476,1475,2025-07-27,UPI,Paid,3399.75
10477,12774,2025-07-27,UPI,Paid,1372.5
10478,983,2025-07-27,Cash on Delivery,Paid,177444.85
10479,1827,2025-07-27,Debit Card,Paid,9889.1
10480,14941,2025-07-27,UPI,Paid,65043.2
10481,16078,2025-07-27,Net Banking,Paid,122541.4
10482,12743,2025-07-27,Credit Card,Paid,157701.9
10483,22580,2025-07-27,Net Banking,Paid,8193.6
10484,430,2025-07-27,Cash on Delivery,Paid,17046.9
10485,13902,2025-07-27,Cash on Delivery,Paid,28894.5
10486,22364,2025-07-27,UPI,Paid,74836.8
10487,23277,2025-07-27,Debit Card,Paid,3229.15
10488,11074,2025-07-27,Credit Card,Paid,41189.3
10489,23983,2025-07-27,UPI,Paid,6498.1
10490,1219,2025-07-27,UPI,Paid,40449.2
10491,1786,2025-07-28,UPI,Paid,10610.75
10492,1039,2025-07-28,UPI,Paid,5697.65
10493,536,2025-07-28,UPI,Paid,29740.0
10494,19551,2025-07-28,Credit Card,Paid,50658.8
10495,1139,2025-07-28,UPI,Paid,19393.7
10496,16307,2025-07-28,Cash on Delivery,Paid,498.6
10497,17134,2025-07-28,UPI,Paid,23790.0
10498,14772,2025-07-28,UPI,Paid,6106.4
10499,2385,2025-07-28,UPI,Paid,71378.7
10500,8993,2025-07-28,Debit Card,Paid,90261.9
10501,6905,2025-07-28,Credit Card,Paid,15222.65
10502,912,2025-07-28,UPI,Paid,19875.2
10503,4663,2025-07-28,Net Banking,Paid,2374.9
10504,1100,2025-07-28,UPI,Paid,9359.1
10505,16807,2025-07-28,UPI,Paid,3419.1
10506,10662,2025-07-28,UPI,Paid,14851.2
10507,4835,2025-07-28,UPI,Paid,14121.0
10508,22645,2025-07-28,Cash on Delivery,Paid,47382.0
10509,24635,2025-07-28,Debit Card,Paid,27502.25
10510,5988,2025-07-28,Debit Card,Paid,35690.55
10511,7094,2025-07-28,Net Banking,Paid,3072.6
10512,21530,2025-07-28,Debit Card,Paid,18735.0
10513,24450,2025-07-29,Credit Card,Paid,5019.0
10514,17006,2025-07-29,Cash on Delivery,Paid,7977.9
10515,16425,2025-07-29,UPI,Paid,84542.4
10516,17099,2025-07-29,UPI,Paid,30050.0
10517,18777,2025-07-29,Debit Card,Paid,12771.25
10518,14900,2025-07-29,Cash on Delivery,Paid,94764.0
10519,8097,2025-07-29,UPI,Paid,93936.0
10520,23545,2025-07-29,Credit Card,Paid,145996.8
10521,21058,2025-07-29,Debit Card,Paid,4563.2
10522,554,2025-07-29,UPI,Paid,39097.5
10523,5316,2025-07-29,Credit Card,Paid,30421.8
10524,15037,2025-07-29,Credit Card,Paid,14810.5
10525,7461,2025-07-29,Cash on Delivery,Paid,7291.5
10526,22025,2025-07-29,UPI,Paid,83096.35
10527,19467,2025-07-30,UPI,Paid,25171.2
10528,1771,2025-07-30,UPI,Paid,25519.0
10529,23268,2025-07-30,Credit Card,Paid,3401.7
10530,11674,2025-07-30,UPI,Paid,17711.65
10531,19026,2025-07-30,UPI,Paid,1941.8
10532,19172,2025-07-30,Cash on Delivery,Paid,6712.05
10533,1452,2025-07-30,Cash on Delivery,Paid,3568.5
10534,4979,2025-07-30,Credit Card,Paid,208494.0
10535,21401,2025-07-30,UPI,Paid,120281.05
10536,678,2025-07-30,UPI,Paid,11941.1
10537,17012,2025-07-30,UPI,Paid,13453.2
10538,17349,2025-07-30,Cash on Delivery,Paid,20317.5
10539,13292,2025-07-30,UPI,Paid,116944.65
10540,13771,2025-07-30,UPI,Paid,21390.5
10541,22923,2025-07-30,Cash on Delivery,Paid,37884.6
10542,9633,2025-07-30,Credit Card,Paid,141253.0
10543,6958,2025-07-30,Credit Card,Paid,158326.3
10544,12937,2025-07-31,UPI,Paid,2516.25
10545,23868,2025-07-31,UPI,Paid,87215.8
10546,13004,2025-07-31,UPI,Paid,230.3
10547,9825,2025-07-31,Net Banking,Paid,32092.65
10548,10058,2025-07-31,Credit Card,Paid,6742.25
10549,5116,2025-07-31,Credit Card,Paid,7619.4
10550,9195,2025-07-31,Credit Card,Paid,25706.25
10551,15105,2025-07-31,UPI,Paid,16467.05
10552,16049,2025-07-31,UPI,Paid,24988.0
10553,20291,2025-07-31,Net Banking,Paid,58664.15
10554,13822,2025-07-31,UPI,Paid,101714.85
10555,13301,2025-08-01,Net Banking,Paid,2094.4
10556,23923,2025-08-01,UPI,Paid,127085.9
10557,10364,2025-08-01,Debit Card,Paid,2125.0
10558,3991,2025-08-01,UPI,Paid,128828.55
10559,19501,2025-08-01,Credit Card,Paid,24585.95
10560,13949,2025-08-01,UPI,Paid,9745.25
10561,21844,2025-08-01,UPI,Paid,108694.45
10562,13454,2025-08-01,UPI,Paid,41415.9
10563,17138,2025-08-01,UPI,Paid,18405.9
10564,2135,2025-08-01,Debit Card,Paid,14316.3
10565,17021,2025-08-01,UPI,Paid,32520.6
10566,9313,2025-08-01,Cash on Delivery,Paid,8647.9
10567,2859,2025-08-01,Credit Card,Paid,35740.75
10568,19946,2025-08-02,UPI,Paid,127672.2
10569,24547,2025-08-02,UPI,Paid,4306.35
10570,22468,2025-08-02,UPI,Paid,17508.6
10571,12626,2025-08-02,UPI,Paid,9914.3
10572,1210,2025-08-02,UPI,Paid,5683.15
10573,19752,2025-08-02,Debit Card,Paid,47966.4
10574,14650,2025-08-02,UPI,Paid,151352.15
10575,14204,2025-08-02,Credit Card,Paid,40682.7
10576,2995,2025-08-02,Credit Card,Paid,26968.2
10577,2173,2025-08-02,Net Banking,Paid,61472.4
10578,12306,2025-08-02,Credit Card,Paid,47313.8
10579,20279,2025-08-02,UPI,Paid,2340.8
10580,24634,2025-08-02,Credit Card,Paid,19184.3
10581,20209,2025-08-02,UPI,Paid,10915.7
10582,4807,2025-08-02,Credit Card,Paid,177.75
10583,13152,2025-08-02,Debit Card,Paid,55598.4
10584,3508,2025-08-02,Credit Card,Paid,73129.25
10585,13789,2025-08-02,UPI,Paid,12746.0
10586,910,2025-08-02,Credit Card,Paid,4079.7
10587,1675,2025-08-02,UPI,Paid,44994.75
10588,14708,2025-08-03,UPI,Paid,10294.2
10589,10996,2025-08-03,Debit Card,Paid,543.0
10590,15169,2025-08-03,UPI,Paid,56171.0
10591,15906,2025-08-03,UPI,Paid,28196.2
10592,23042,2025-08-03,Credit Card,Paid,188559.9
10593,5780,2025-08-03,Cash on Delivery,Paid,36225.0
10594,8963,2025-08-03,Cash on Delivery,Paid,11557.8
10595,23831,2025-08-03,Cash on Delivery,Paid,94312.5
10596,15060,2025-08-03,UPI,Paid,94443.45
10597,9445,2025-08-03,Debit Card,Paid,15896.7
10598,7316,2025-08-03,Credit Card,Paid,2244.0
10599,21107,2025-08-03,Debit Card,Paid,11451.0
10600,20618,2025-08-03,Cash on Delivery,Paid,12199.9
10601,13051,2025-08-03,Debit Card,Paid,51305.55
10602,9586,2025-08-03,UPI,Paid,235.45
10603,4899,2025-08-03,UPI,Paid,48708.9
10604,4586,2025-08-03,Credit Card,Paid,49468.0
10605,14288,2025-08-04,Cash on Delivery,Paid,19905.35
10606,19559,2025-08-04,Cash on Delivery,Paid,32343.4
10607,6640,2025-08-04,UPI,Paid,2464.0
10608,23467,2025-08-04,Debit Card,Paid,543.0
10609,20193,2025-08-04,UPI,Paid,15045.75
10610,2764,2025-08-04,UPI,Paid,7446.05
10611,10889,2025-08-04,Credit Card,Paid,185745.15
10612,16162,2025-08-04,Debit Card,Paid,4489.5
10613,24571,2025-08-04,Debit Card,Paid,7884.9
10614,23724,2025-08-04,UPI,Paid,74781.0
10615,18174,2025-08-04,Credit Card,Paid,127672.2
10616,19823,2025-08-04,UPI,Paid,3297.7
10617,14227,2025-08-04,UPI,Paid,9821.75
10618,10412,2025-08-04,Debit Card,Paid,130280.7
10619,6744,2025-08-04,Net Banking,Paid,4619.7
10620,13151,2025-08-05,Cash on Delivery,Paid,47975.4
10621,24358,2025-08-05,UPI,Paid,8866.7
10622,23302,2025-08-05,UPI,Paid,24409.8
10623,9758,2025-08-05,UPI,Paid,67387.0
10624,24876,2025-08-05,UPI,Paid,74176.85
10625,17443,2025-08-05,UPI,Paid,8153.7
10626,1671,2025-08-05,Debit Card,Paid,4711.0
10627,2750,2025-08-05,UPI,Paid,56960.1
10628,23865,2025-08-05,UPI,Paid,23042.4
10629,19225,2025-08-05,Credit Card,Paid,1848.0
10630,3821,2025-08-05,Cash on Delivery,Paid,1382.95
10631,10857,2025-08-05,Debit Card,Paid,1737.4
10632,23226,2025-08-05,Debit Card,Paid,59958.0
10633,14877,2025-08-05,Cash on Delivery,Paid,461.55
10634,21856,2025-08-05,Credit Card,Paid,110666.05
10635,7972,2025-08-05,Credit Card,Paid,10915.7
10636,19164,2025-08-05,Cash on Delivery,Paid,7045.0
10637,12489,2025-08-05,UPI,Paid,13618.0
10638,24457,2025-08-06,Credit Card,Paid,17978.8
10639,305,2025-08-06,Cash on Delivery,Paid,14392.2
10640,1476,2025-08-06,Net Banking,Paid,8497.3
10641,20268,2025-08-06,Debit Card,Paid,38941.85
10642,7433,2025-08-06,Cash on Delivery,Paid,113260.4
10643,5366,2025-08-06,Debit Card,Paid,33835.1
10644,91,2025-08-06,UPI,Paid,42942.85
10645,11915,2025-08-06,Credit Card,Paid,157651.05
10646,2513,2025-08-06,UPI,Paid,46291.0
10647,12181,2025-08-06,UPI,Paid,18349.75
10648,2659,2025-08-06,Cash on Delivery,Paid,21180.25
10649,10270,2025-08-06,Debit Card,Paid,46405.05
10650,14351,2025-08-06,Net Banking,Paid,4206.6
10651,5901,2025-08-06,Net Banking,Paid,92382.25
10652,4932,2025-08-06,Cash on Delivery,Paid,28051.3
10653,15347,2025-08-06,Credit Card,Paid,3572.25
10654,8874,2025-08-06,UPI,Paid,3810.4
10655,11507,2025-08-07,Debit Card,Paid,40279.7
10656,20874,2025-08-07,Debit Card,Paid,8253.6
10657,2362,2025-08-07,UPI,Paid,9798.3
10658,14135,2025-08-07,Credit Card,Paid,2897.5
10659,2240,2025-08-07,UPI,Paid,42407.05
10660,5860,2025-08-07,UPI,Paid,17203.1
10661,19948,2025-08-07,UPI,Paid,63284.2
10662,16385,2025-08-07,UPI,Paid,17559.05
10663,13118,2025-08-07,Debit Card,Paid,7358.45
10664,20136,2025-08-07,UPI,Paid,104622.4
10665,5819,2025-08-07,Net Banking,Paid,26298.3
10666,20317,2025-08-07,Credit Card,Paid,7384.8
10667,12566,2025-08-07,UPI,Paid,12172.5
10668,12703,2025-08-07,Net Banking,Paid,5036.0
10669,18715,2025-08-07,UPI,Paid,1874.0
10670,24328,2025-08-08,Cash on Delivery,Paid,3399.75
10671,20976,2025-08-08,Net Banking,Paid,3592.0
10672,5597,2025-08-08,Credit Card,Paid,12306.8
10673,18344,2025-08-08,UPI,Paid,11164.45
10674,12183,2025-08-08,UPI,Paid,4638.4
10675,17503,2025-08-08,Debit Card,Paid,81690.6
10676,1276,2025-08-08,UPI,Paid,4707.0
10677,114,2025-08-08,Net Banking,Paid,32051.0
10678,17194,2025-08-08,Credit Card,Paid,57793.25
10679,13309,2025-08-08,Net Banking,Paid,12196.9
10680,16653,2025-08-08,Credit Card,Paid,176349.1
10681,12669,2025-08-08,Credit Card,Paid,167698.9
10682,7258,2025-08-09,Debit Card,Paid,3480.3
10683,4264,2025-08-09,Cash on Delivery,Paid,14899.1
10684,16232,2025-08-09,Debit Card,Paid,127427.6
10685,9056,2025-08-09,Net Banking,Paid,3239.5
10686,17291,2025-08-09,UPI,Paid,11074.15
10687,17679,2025-08-09,UPI,Paid,41225.7
10688,17326,2025-08-09,Credit Card,Paid,14957.55
10689,6339,2025-08-09,Credit Card,Paid,7689.3
10690,17675,2025-08-09,UPI,Paid,75048.1
10691,6380,2025-08-09,Debit Card,Paid,4707.0
10692,11025,2025-08-09,Net Banking,Paid,2851.75
10693,18979,2025-08-09,Credit Card,Paid,12583.1
10694,3458,2025-08-09,Credit Card,Paid,5797.0
10695,3880,2025-08-09,Net Banking,Paid,5418.0
10696,19200,2025-08-09,Credit Card,Paid,18673.2
10697,11844,2025-08-09,Credit Card,Paid,19669.9
10698,15722,2025-08-09,UPI,Paid,60046.65
10699,201,2025-08-09,Debit Card,Paid,11211.0
10700,3491,2025-08-09,Net Banking,Paid,15108.0
10701,24418,2025-08-09,Cash on Delivery,Paid,63867.3
10702,20369,2025-08-09,UPI,Paid,74781.0
10703,22682,2025-08-09,Credit Card,Paid,53444.4
10704,9410,2025-08-09,Cash on Delivery,Paid,15366.6
10705,18966,2025-08-10,UPI,Paid,47631.3
10706,5276,2025-08-10,Cash on Delivery,Paid,6476.15
10707,23543,2025-08-10,Debit Card,Paid,62317.5
10708,17817,2025-08-10,Credit Card,Paid,20065.5
10709,14062,2025-08-10,Cash on Delivery,Paid,2862.75
10710,10024,2025-08-10,Cash on Delivery,Paid,28791.2
10711,2824,2025-08-10,Cash on Delivery,Paid,277.0
10712,15791,2025-08-10,Debit Card,Paid,47286.0
10713,10883,2025-08-10,Cash on Delivery,Paid,30484.8
10714,21635,2025-08-10,Debit Card,Paid,14765.0
10715,4706,2025-08-10,Cash on Delivery,Paid,46907.8
10716,13853,2025-08-10,Cash on Delivery,Paid,12296.0
10717,4016,2025-08-10,Debit Card,Paid,12795.0
10718,6987,2025-08-10,Credit Card,Paid,121317.65
10719,16205,2025-08-10,UPI,Paid,18471.8
10720,24388,2025-08-10,Credit Card,Paid,15781.1
10721,9242,2025-08-10,UPI,Paid,9351.0
10722,14672,2025-08-10,UPI,Paid,5133.6
10723,7904,2025-08-10,Debit Card,Paid,18260.0
10724,18982,2025-08-11,Net Banking,Paid,3679.2
10725,14978,2025-08-11,UPI,Paid,27674.5
10726,9726,2025-08-11,Debit Card,Paid,43425.9
10727,4428,2025-08-11,UPI,Paid,16542.7
10728,20122,2025-08-11,UPI,Paid,68434.2
10729,5272,2025-08-11,UPI,Paid,9351.0
10730,9406,2025-08-11,UPI,Paid,28138.4
10731,6805,2025-08-11,Credit Card,Paid,18741.0
10732,20751,2025-08-11,UPI,Paid,1446.45
10733,22011,2025-08-11,Credit Card,Paid,36654.8
10734,24206,2025-08-11,UPI,Paid,5927.05
10735,3577,2025-08-11,UPI,Paid,9821.75
10736,3623,2025-08-11,Net Banking,Paid,197778.8
10737,9787,2025-08-11,Debit Card,Paid,11557.8
10738,15506,2025-08-11,Debit Card,Paid,4025.15
10739,8606,2025-08-11,UPI,Paid,30460.5
10740,12501,2025-08-11,Debit Card,Paid,25524.8
10741,1324,2025-08-11,Debit Card,Paid,4758.0
10742,8371,2025-08-11,UPI,Paid,36162.4
10743,11905,2025-08-11,Debit Card,Paid,3302.2
10744,350,2025-08-12,UPI,Paid,1257.3
10745,16571,2025-08-12,UPI,Paid,48439.75
10746,15660,2025-08-12,UPI,Paid,52080.35
10747,24334,2025-08-12,Net Banking,Paid,16099.85
10748,9808,2025-08-12,UPI,Paid,37828.8
10749,6662,2025-08-12,Credit Card,Paid,50826.5
10750,13677,2025-08-12,UPI,Paid,88061.25
10751,10744,2025-08-12,UPI,Paid,5578.4
10752,10754,2025-08-12,UPI,Paid,6349.5
10753,23857,2025-08-12,Cash on Delivery,Paid,17637.7
10754,8261,2025-08-12,UPI,Paid,88437.7
10755,13339,2025-08-12,Credit Card,Paid,543.0
10756,19833,2025-08-12,Net Banking,Paid,6486.6
10757,7802,2025-08-12,UPI,Paid,11555.0
10758,21493,2025-08-13,UPI,Paid,20612.2
10759,12308,2025-08-13,Debit Card,Paid,10604.4
10760,21409,2025-08-13,UPI,Paid,36613.0
10761,22959,2025-08-13,UPI,Paid,16861.45
10762,22094,2025-08-13,Credit Card,Paid,6343.05
10763,17195,2025-08-13,UPI,Paid,49804.0
10764,2592,2025-08-13,Debit Card,Paid,13746.7
10765,22757,2025-08-13,Credit Card,Paid,7284.6
10766,23747,2025-08-13,UPI,Paid,8278.8
10767,11670,2025-08-13,UPI,Paid,11419.15
10768,5812,2025-08-13,Debit Card,Paid,7606.8
10769,24016,2025-08-13,UPI,Paid,9990.25
10770,21811,2025-08-13,Credit Card,Paid,58724.0
10771,10873,2025-08-13,UPI,Paid,23109.0
10772,12116,2025-08-13,Credit Card,Paid,10915.7
10773,6638,2025-08-13,UPI,Paid,16948.0
10774,23523,2025-08-14,UPI,Paid,67593.95
10775,12930,2025-08-14,Debit Card,Paid,158580.8
10776,13219,2025-08-14,UPI,Paid,7703.0
10777,16430,2025-08-14,Credit Card,Paid,8354.7
10778,5888,2025-08-14,Cash on Delivery,Paid,3355.0
10779,24200,2025-08-14,UPI,Paid,14698.3
10780,3865,2025-08-14,Cash on Delivery,Paid,63005.0
10781,22416,2025-08-14,Credit Card,Paid,98320.0
10782,16392,2025-08-14,UPI,Paid,15238.8
10783,22175,2025-08-14,Debit Card,Paid,31415.0
10784,1280,2025-08-14,Cash on Delivery,Paid,8103.5
10785,13552,2025-08-14,UPI,Paid,3533.25
10786,5607,2025-08-14,Credit Card,Paid,66208.0
10787,4581,2025-08-15,UPI,Paid,4605.3
10788,4520,2025-08-15,Credit Card,Paid,68812.15
10789,20430,2025-08-15,Net Banking,Paid,30355.5
10790,24627,2025-08-15,Credit Card,Paid,12589.35
10791,17390,2025-08-15,Credit Card,Paid,4069.6
10792,47,2025-08-15,Credit Card,Paid,20505.9
10793,7460,2025-08-15,UPI,Paid,10052.65
10794,19008,2025-08-15,UPI,Paid,8004.0
10795,6630,2025-08-15,UPI,Paid,1327.15
10796,16991,2025-08-15,Debit Card,Paid,4239.9
10797,10008,2025-08-15,Debit Card,Paid,11304.0
10798,2274,2025-08-15,UPI,Paid,22811.8
10799,18527,2025-08-15,UPI,Paid,50972.4
10800,4162,2025-08-15,Credit Card,Paid,18118.5
10801,18169,2025-08-15,UPI,Paid,14049.0
10802,11160,2025-08-16,Credit Card,Paid,28828.7
10803,12445,2025-08-16,Cash on Delivery,Paid,167956.1
10804,14557,2025-08-16,Debit Card,Paid,44978.4
10805,23725,2025-08-16,UPI,Paid,68245.05
10806,12287,2025-08-16,UPI,Paid,2563.1
10807,11737,2025-08-16,UPI,Paid,6039.0
10808,9466,2025-08-16,Debit Card,Paid,1257.3
10809,2647,2025-08-16,Debit Card,Paid,44784.35
10810,10045,2025-08-16,UPI,Paid,2862.75
10811,5839,2025-08-16,Credit Card,Paid,58962.9
10812,11654,2025-08-16,Cash on Delivery,Paid,57359.6
10813,9401,2025-08-16,UPI,Paid,3814.2
10814,21080,2025-08-16,Cash on Delivery,Paid,7256.45
10815,1676,2025-08-16,UPI,Paid,37828.8
10816,14433,2025-08-16,Credit Card,Paid,1737.4
10817,7202,2025-08-16,Credit Card,Paid,32516.2
10818,3316,2025-08-16,Cash on Delivery,Paid,5665.5
10819,14597,2025-08-17,Credit Card,Paid,1220.25
10820,24531,2025-08-17,Debit Card,Paid,3128.4
10821,23830,2025-08-17,UPI,Paid,1117.75
10822,3329,2025-08-17,Cash on Delivery,Paid,12996.2
10823,1329,2025-08-17,Credit Card,Paid,33918.6
10824,14734,2025-08-17,Net Banking,Paid,830.0
10825,8350,2025-08-17,UPI,Paid,40349.0
10826,20823,2025-08-17,UPI,Paid,3961.0
10827,10737,2025-08-17,Credit Card,Paid,193752.35
10828,20164,2025-08-17,Cash on Delivery,Paid,213.3
10829,10138,2025-08-17,Credit Card,Paid,12514.05
10830,18669,2025-08-17,UPI,Paid,2023.5
10831,12584,2025-08-17,UPI,Paid,125706.6
10832,15513,2025-08-17,Cash on Delivery,Paid,387.8
10833,5406,2025-08-18,Debit Card,Paid,65259.3
10834,18391,2025-08-18,Debit Card,Paid,2698.0
10835,648,2025-08-18,Debit Card,Paid,15315.9
10836,8708,2025-08-18,Cash on Delivery,Paid,95800.95
10837,4901,2025-08-18,UPI,Paid,17063.9
10838,4237,2025-08-18,UPI,Paid,3412.0
10839,10576,2025-08-18,UPI,Paid,10213.2
10840,7583,2025-08-18,Debit Card,Paid,8818.85
10841,9475,2025-08-18,UPI,Paid,18471.8
10842,18658,2025-08-18,UPI,Paid,7683.3
10843,5162,2025-08-18,UPI,Paid,10929.4
10844,21722,2025-08-18,Credit Card,Paid,31642.1
10845,17597,2025-08-18,UPI,Paid,83404.6
10846,19504,2025-08-18,UPI,Paid,298854.8
10847,19834,2025-08-18,UPI,Paid,1971.2
10848,1420,2025-08-19,Cash on Delivery,Paid,90372.85
10849,10920,2025-08-19,Credit Card,Paid,61605.6
10850,3522,2025-08-19,Debit Card,Paid,6578.75
10851,15781,2025-08-19,Debit Card,Paid,25054.6
10852,22257,2025-08-19,Net Banking,Paid,11475.0
10853,2478,2025-08-19,UPI,Paid,64224.3
10854,7525,2025-08-19,UPI,Paid,45748.6
10855,8309,2025-08-19,Net Banking,Paid,5231.8
10856,1046,2025-08-19,UPI,Paid,67476.6
10857,21160,2025-08-19,Credit Card,Paid,19345.0
10858,4286,2025-08-19,Cash on Delivery,Paid,32552.9
10859,22725,2025-08-19,UPI,Paid,14086.9
10860,24432,2025-08-19,Debit Card,Paid,29844.25
10861,9048,2025-08-19,Cash on Delivery,Paid,70893.75
10862,15199,2025-08-19,UPI,Paid,4619.7
10863,8423,2025-08-19,Credit Card,Paid,13618.0
10864,17934,2025-08-19,Cash on Delivery,Paid,144622.75
10865,22420,2025-08-19,Credit Card,Paid,30197.35
10866,21483,2025-08-19,UPI,Paid,62877.0
10867,6359,2025-08-20,Cash on Delivery,Paid,72245.55
10868,7229,2025-08-20,UPI,Paid,9752.5
10869,22504,2025-08-20,UPI,Paid,16659.0
10870,624,2025-08-20,Credit Card,Paid,21782.65
10871,21984,2025-08-20,Debit Card,Paid,137202.7
10872,3038,2025-08-20,UPI,Paid,15781.1
10873,19535,2025-08-20,Credit Card,Paid,4619.7
10874,15876,2025-08-20,Net Banking,Paid,44103.5
10875,19092,2025-08-20,UPI,Paid,25684.0
10876,7826,2025-08-20,UPI,Paid,8819.8
10877,12500,2025-08-20,UPI,Paid,73621.75
10878,9669,2025-08-20,UPI,Paid,19643.55
10879,11995,2025-08-20,Cash on Delivery,Paid,67206.65
10880,12564,2025-08-20,Cash on Delivery,Paid,675.0
10881,3452,2025-08-21,Credit Card,Paid,1537.0
10882,2065,2025-08-21,Net Banking,Paid,85885.7
10883,2974,2025-08-21,Net Banking,Paid,1042.95
10884,9218,2025-08-21,Credit Card,Paid,71258.2
10885,10676,2025-08-21,Net Banking,Paid,4417.2
10886,4468,2025-08-21,Debit Card,Paid,66196.0
10887,7781,2025-08-21,UPI,Paid,63431.25
10888,6371,2025-08-21,UPI,Paid,102815.6
10889,22156,2025-08-21,UPI,Paid,90618.6
10890,12555,2025-08-21,Debit Card,Paid,7446.85
10891,7383,2025-08-21,Cash on Delivery,Paid,72384.15
10892,2772,2025-08-21,Debit Card,Paid,12672.0
10893,24387,2025-08-21,Credit Card,Paid,7863.15
10894,3596,2025-08-21,UPI,Paid,47418.0
10895,5958,2025-08-21,UPI,Paid,65259.3
10896,16877,2025-08-21,UPI,Paid,3239.5
10897,15213,2025-08-21,Net Banking,Paid,39260.7
10898,7603,2025-08-22,Credit Card,Paid,33961.2
10899,6613,2025-08-22,Credit Card,Paid,8153.7
10900,19676,2025-08-22,Credit Card,Paid,7657.95
10901,619,2025-08-22,Debit Card,Paid,44825.45
10902,13064,2025-08-22,UPI,Paid,22008.0
10903,24312,2025-08-22,UPI,Paid,94764.0
10904,16658,2025-08-22,UPI,Paid,232829.8
10905,13467,2025-08-22,Credit Card,Paid,34390.15
10906,12884,2025-08-22,UPI,Paid,21111.0
10907,16823,2025-08-22,UPI,Paid,33835.1
10908,10053,2025-08-22,UPI,Paid,55421.2
10909,24424,2025-08-22,Credit Card,Paid,17635.8
10910,6146,2025-08-22,Debit Card,Paid,149414.7
10911,6164,2025-08-22,Cash on Delivery,Paid,40193.1
10912,21822,2025-08-22,UPI,Paid,40974.0
10913,19514,2025-08-22,UPI,Paid,5927.05
10914,922,2025-08-22,Debit Card,Paid,42294.3
10915,9705,2025-08-22,UPI,Paid,38925.3
10916,11326,2025-08-22,Credit Card,Paid,9379.8
10917,22088,2025-08-22,Credit Card,Paid,747.9
10918,14436,2025-08-23,UPI,Paid,4236.3
10919,20408,2025-08-23,Cash on Delivery,Paid,11557.8
10920,1837,2025-08-23,UPI,Paid,15736.35
10921,17367,2025-08-23,Debit Card,Paid,9305.8
10922,5332,2025-08-23,UPI,Paid,2728.0
10923,10596,2025-08-23,UPI,Paid,36052.35
10924,730,2025-08-23,UPI,Paid,9283.0
10925,1656,2025-08-23,Debit Card,Paid,89380.8
10926,4665,2025-08-23,UPI,Paid,21186.95
10927,17543,2025-08-23,Debit Card,Paid,8052.0
10928,8386,2025-08-23,Debit Card,Paid,14648.45
10929,2443,2025-08-23,UPI,Paid,3626.15
10930,23737,2025-08-23,UPI,Paid,33104.0
10931,23730,2025-08-23,Credit Card,Paid,9283.0
10932,15299,2025-08-23,UPI,Paid,151263.5
10933,5566,2025-08-23,UPI,Paid,2082.0
10934,18367,2025-08-23,Cash on Delivery,Paid,46121.1
10935,24938,2025-08-23,Credit Card,Paid,28176.75
10936,19404,2025-08-23,Credit Card,Paid,66326.8
10937,10373,2025-08-23,UPI,Paid,11557.8
10938,12444,2025-08-23,Credit Card,Paid,48345.0
10939,18734,2025-08-23,UPI,Paid,4524.85
10940,13500,2025-08-23,Credit Card,Paid,3673.65
10941,1203,2025-08-24,Debit Card,Paid,51368.0
10942,16576,2025-08-24,Debit Card,Paid,41126.05
10943,5983,2025-08-24,UPI,Paid,7404.0
10944,16853,2025-08-24,UPI,Paid,7384.8
10945,19753,2025-08-24,UPI,Paid,4039.2
10946,6038,2025-08-24,Net Banking,Paid,67299.55
10947,9553,2025-08-24,Credit Card,Paid,48246.6
10948,13483,2025-08-24,UPI,Paid,73785.7
10949,2755,2025-08-24,UPI,Paid,200996.15
10950,22137,2025-08-24,Debit Card,Paid,14010.65
10951,19445,2025-08-24,Cash on Delivery,Paid,82947.15
10952,14912,2025-08-24,Cash on Delivery,Paid,6678.0
10953,7962,2025-08-25,UPI,Paid,8741.2
10954,2904,2025-08-25,UPI,Paid,10935.75
10955,15168,2025-08-25,Cash on Delivery,Paid,4517.1
10956,6387,2025-08-25,Debit Card,Paid,10110.0
10957,22573,2025-08-25,Credit Card,Paid,2700.0
10958,18285,2025-08-25,Debit Card,Paid,12919.05
10959,13792,2025-08-25,Cash on Delivery,Paid,12115.6
10960,9932,2025-08-25,UPI,Paid,1903.8
10961,10529,2025-08-25,Debit Card,Paid,3792.6
10962,19134,2025-08-25,Cash on Delivery,Paid,62853.3
10963,15684,2025-08-25,Credit Card,Paid,107284.45
10964,19745,2025-08-25,UPI,Paid,41860.0
10965,802,2025-08-25,Net Banking,Paid,225.15
10966,16283,2025-08-25,UPI,Paid,90025.8
10967,7497,2025-08-25,UPI,Paid,8863.6
10968,5755,2025-08-25,Cash on Delivery,Paid,72449.1
10969,21727,2025-08-25,Credit Card,Paid,21954.5
10970,13833,2025-08-25,UPI,Paid,14273.2
10971,11780,2025-08-25,Cash on Delivery,Paid,101200.9
10972,245,2025-08-25,UPI,Paid,19990.8
10973,24199,2025-08-25,UPI,Paid,4517.1
10974,4821,2025-08-26,UPI,Paid,74886.0
10975,18338,2025-08-26,Cash on Delivery,Paid,12199.9
10976,2608,2025-08-26,UPI,Paid,8008.7
10977,24065,2025-08-26,Cash on Delivery,Paid,13125.0
10978,15398,2025-08-26,Cash on Delivery,Paid,14861.95
10979,11218,2025-08-26,Credit Card,Paid,2698.0
10980,23420,2025-08-26,Net Banking,Paid,4928.0
10981,23426,2025-08-26,Cash on Delivery,Paid,80368.6
10982,18529,2025-08-26,UPI,Paid,34141.9
10983,16126,2025-08-26,Cash on Delivery,Paid,43214.0
10984,22849,2025-08-26,Debit Card,Paid,3799.0
10985,11473,2025-08-26,Credit Card,Paid,50821.7
10986,13689,2025-08-26,Cash on Delivery,Paid,5067.7
10987,14327,2025-08-26,Net Banking,Paid,5578.4
10988,22225,2025-08-26,Credit Card,Paid,136347.05
10989,10689,2025-08-27,UPI,Paid,1125.0
10990,10877,2025-08-27,Credit Card,Paid,4797.9
10991,10197,2025-08-27,UPI,Paid,197047.8
10992,2365,2025-08-27,UPI,Paid,5578.4
10993,18926,2025-08-27,Credit Card,Paid,17181.45
10994,20974,2025-08-27,Debit Card,Paid,11193.85
10995,23837,2025-08-27,Debit Card,Paid,55869.6
10996,3809,2025-08-27,UPI,Paid,48501.25
10997,13709,2025-08-27,UPI,Paid,164329.45
10998,23768,2025-08-27,Cash on Delivery,Paid,205491.85
10999,5856,2025-08-27,Credit Card,Paid,6932.7
11000,830,2025-08-27,UPI,Paid,407.25
11001,22591,2025-08-27,UPI,Paid,13842.5
11002,19336,2025-08-27,Cash on Delivery,Paid,2563.1
11003,10568,2025-08-27,Credit Card,Paid,101506.3
11004,19894,2025-08-27,UPI,Paid,40274.7
11005,13475,2025-08-27,Credit Card,Paid,51896.2
11006,22045,2025-08-27,Credit Card,Paid,6097.0
11007,13662,2025-08-27,Net Banking,Paid,25064.1
11008,9233,2025-08-28,Credit Card,Paid,61180.5
11009,15732,2025-08-28,Cash on Delivery,Paid,2516.25
11010,20553,2025-08-28,UPI,Paid,79415.05
11011,18260,2025-08-28,UPI,Paid,22773.6
11012,14425,2025-08-28,UPI,Paid,97780.35
11013,8145,2025-08-28,UPI,Paid,24912.0
11014,19393,2025-08-28,Net Banking,Paid,26144.05
11015,12367,2025-08-28,UPI,Paid,22202.7
11016,1991,2025-08-28,Credit Card,Paid,2585.25
11017,2595,2025-08-28,UPI,Paid,7252.3
11018,14274,2025-08-28,Credit Card,Paid,122944.4
11019,9858,2025-08-28,Net Banking,Paid,6624.35
11020,12411,2025-08-28,Cash on Delivery,Paid,11557.8
11021,11322,2025-08-28,Net Banking,Paid,10357.95
11022,20916,2025-08-29,UPI,Paid,60921.0
11023,14994,2025-08-29,Debit Card,Paid,34344.0
11024,2437,2025-08-29,Debit Card,Paid,5421.6
11025,10837,2025-08-29,Debit Card,Paid,43966.0
11026,7879,2025-08-29,Debit Card,Paid,49672.8
11027,7865,2025-08-29,Credit Card,Paid,79283.4
11028,22630,2025-08-29,Debit Card,Paid,75722.6
11029,23942,2025-08-29,Debit Card,Paid,24493.75
11030,18400,2025-08-29,UPI,Paid,26601.9
11031,14893,2025-08-29,Cash on Delivery,Paid,5049.0
11032,8393,2025-08-29,UPI,Paid,203210.7
11033,11595,2025-08-29,Credit Card,Paid,112707.0
11034,8658,2025-08-29,Net Banking,Paid,30189.6
11035,4812,2025-08-29,UPI,Paid,267781.4
11036,18302,2025-08-29,UPI,Paid,21119.05
11037,24637,2025-08-29,UPI,Paid,5212.6
11038,17944,2025-08-30,Credit Card,Paid,16876.4
11039,6490,2025-08-30,Cash on Delivery,Paid,81470.35
11040,7102,2025-08-30,Cash on Delivery,Paid,7677.0
11041,21778,2025-08-30,Credit Card,Paid,33167.4
11042,21210,2025-08-30,UPI,Paid,47703.0
11043,11734,2025-08-30,Debit Card,Paid,6190.0
11044,13897,2025-08-30,Cash on Delivery,Paid,129802.85
11045,8387,2025-08-30,UPI,Paid,8277.0
11046,19437,2025-08-30,Debit Card,Paid,83970.6
11047,13669,2025-08-30,Debit Card,Paid,3626.4
11048,10237,2025-08-30,UPI,Paid,85004.15
11049,22229,2025-08-30,Credit Card,Paid,34866.8
11050,10481,2025-08-30,UPI,Paid,76261.0
11051,3561,2025-08-30,Credit Card,Paid,63207.0
11052,18537,2025-08-30,UPI,Paid,43820.65
11053,16838,2025-08-30,UPI,Paid,1599.3
11054,2209,2025-08-30,Credit Card,Paid,89571.75
11055,18519,2025-08-31,Credit Card,Paid,41917.0
11056,19656,2025-08-31,Cash on Delivery,Paid,55254.1
11057,14008,2025-08-31,Credit Card,Paid,15145.3
11058,10209,2025-08-31,Debit Card,Paid,14654.5
11059,5549,2025-08-31,UPI,Paid,38925.3
11060,6027,2025-08-31,UPI,Paid,18109.1
11061,15428,2025-08-31,Credit Card,Paid,6761.6
11062,2066,2025-08-31,Cash on Delivery,Paid,21700.1
11063,10471,2025-08-31,Cash on Delivery,Paid,10736.0
11064,12894,2025-08-31,Credit Card,Paid,30115.5
11065,3124,2025-09-01,Credit Card,Paid,25290.4
11066,7418,2025-09-01,Cash on Delivery,Paid,12780.8
11067,21629,2025-09-01,Cash on Delivery,Paid,6905.25
11068,9169,2025-09-01,Credit Card,Paid,1125.0
11069,14429,2025-09-01,UPI,Paid,1372.5
11070,15301,2025-09-01,Debit Card,Paid,8478.4
11071,14825,2025-09-01,Credit Card,Paid,19526.05
11072,14003,2025-09-01,Cash on Delivery,Paid,50964.3
11073,3578,2025-09-01,Credit Card,Paid,135609.0
11074,19987,2025-09-01,Credit Card,Paid,52202.0
11075,19482,2025-09-01,Cash on Delivery,Paid,80918.0
11076,6307,2025-09-01,Credit Card,Paid,1220.0
11077,1831,2025-09-01,Cash on Delivery,Paid,15322.2
11078,13364,2025-09-01,Credit Card,Paid,17922.9
11079,3987,2025-09-01,Credit Card,Paid,1042.95
11080,15125,2025-09-01,Credit Card,Paid,54955.2
11081,4534,2025-09-01,UPI,Paid,11273.0
11082,7973,2025-09-01,UPI,Paid,27285.35
11083,8810,2025-09-01,Credit Card,Paid,3414.0
11084,1699,2025-09-01,Debit Card,Paid,27040.75
11085,19728,2025-09-01,Cash on Delivery,Paid,6275.7
11086,19144,2025-09-01,UPI,Paid,8846.6
11087,11090,2025-09-02,Credit Card,Paid,47465.25
11088,19599,2025-09-02,UPI,Paid,54968.65
11089,22914,2025-09-02,UPI,Paid,47966.4
11090,20765,2025-09-02,Credit Card,Paid,59043.15
11091,21714,2025-09-02,Debit Card,Paid,15240.6
11092,12301,2025-09-02,Credit Card,Paid,3435.3
11093,7095,2025-09-02,UPI,Paid,8008.7
11094,21828,2025-09-02,UPI,Paid,9235.9
11095,6086,2025-09-02,Debit Card,Paid,80152.9
11096,8165,2025-09-02,UPI,Paid,56313.2
11097,10410,2025-09-02,Debit Card,Paid,42643.8
11098,21954,2025-09-02,UPI,Paid,434.4
11099,11956,2025-09-02,Net Banking,Paid,15756.7
11100,14986,2025-09-02,UPI,Paid,45001.8
11101,8868,2025-09-02,UPI,Paid,26483.2
11102,5861,2025-09-03,Net Banking,Paid,44205.25
11103,18511,2025-09-03,UPI,Paid,16220.9
11104,10885,2025-09-03,Net Banking,Paid,14136.65
11105,88,2025-09-03,Credit Card,Paid,192673.2
11106,19723,2025-09-03,Credit Card,Paid,15317.7
11107,21177,2025-09-03,Debit Card,Paid,11802.95
11108,20402,2025-09-03,Credit Card,Paid,69581.0
11109,105,2025-09-03,Cash on Delivery,Paid,76038.0
11110,16624,2025-09-03,UPI,Paid,16552.35
11111,8116,2025-09-03,Cash on Delivery,Paid,7935.9
11112,17553,2025-09-03,Debit Card,Paid,1042.95
11113,21441,2025-09-03,Credit Card,Paid,24487.55
11114,10243,2025-09-03,Cash on Delivery,Paid,9066.0
11115,19155,2025-09-03,Credit Card,Paid,1627.0
11116,5985,2025-09-03,UPI,Paid,50530.45
11117,2603,2025-09-03,UPI,Paid,4640.3
11118,560,2025-09-03,Credit Card,Paid,17631.35
11119,10990,2025-09-03,Cash on Delivery,Paid,62056.8
11120,553,2025-09-04,UPI,Paid,28273.5
11121,2621,2025-09-04,Credit Card,Paid,18403.4
11122,16356,2025-09-04,Debit Card,Paid,30421.8
11123,23630,2025-09-04,Credit Card,Paid,8004.0
11124,21295,2025-09-04,UPI,Paid,1972.8
11125,24179,2025-09-04,Cash on Delivery,Paid,41875.1
11126,19694,2025-09-04,UPI,Paid,158714.3
11127,22516,2025-09-04,Net Banking,Paid,73861.3
11128,20647,2025-09-04,UPI,Paid,8094.0
11129,11527,2025-09-04,Credit Card,Paid,25192.5
11130,3278,2025-09-04,Cash on Delivery,Paid,4063.5
11131,14730,2025-09-04,Net Banking,Paid,10148.4
11132,7734,2025-09-04,Credit Card,Paid,55113.7
11133,3199,2025-09-04,UPI,Paid,5460.4
11134,18538,2025-09-04,Cash on Delivery,Paid,5927.05
11135,2994,2025-09-04,Cash on Delivery,Paid,1075.9
11136,7291,2025-09-04,Credit Card,Paid,239574.4
11137,11576,2025-09-04,UPI,Paid,27859.35
11138,4082,2025-09-04,Net Banking,Paid,59969.4
11139,16551,2025-09-04,UPI,Paid,1303.5
11140,5824,2025-09-04,UPI,Paid,62204.55
11141,17645,2025-09-04,Cash on Delivery,Paid,78228.5
11142,23943,2025-09-04,Debit Card,Paid,46493.3
11143,20840,2025-09-05,UPI,Paid,130972.5
11144,12008,2025-09-05,Credit Card,Paid,33104.0
11145,24341,2025-09-05,Cash on Delivery,Paid,118428.0
11146,7132,2025-09-05,Cash on Delivery,Paid,25566.6
11147,11244,2025-09-05,UPI,Paid,107476.2
11148,1954,2025-09-05,Debit Card,Paid,3072.6
11149,17752,2025-09-05,UPI,Paid,19114.0
11150,268,2025-09-05,UPI,Paid,82192.7
11151,24325,2025-09-05,UPI,Paid,41913.85
11152,20066,2025-09-05,Net Banking,Paid,55517.45
11153,9782,2025-09-05,Cash on Delivery,Paid,16428.05
11154,2918,2025-09-05,Net Banking,Paid,33104.0
11155,24080,2025-09-05,Cash on Delivery,Paid,32375.1
11156,2119,2025-09-05,Credit Card,Paid,52165.25
11157,15001,2025-09-05,UPI,Paid,20775.0
11158,13748,2025-09-05,Debit Card,Paid,8478.0
11159,24053,2025-09-05,Credit Card,Paid,5794.45
11160,5117,2025-09-05,Debit Card,Paid,285912.85
11161,4903,2025-09-05,Cash on Delivery,Paid,1000.0
11162,20650,2025-09-06,Debit Card,Paid,8415.9
11163,6317,2025-09-06,UPI,Paid,2340.8
11164,15549,2025-09-06,UPI,Paid,6497.3
11165,22751,2025-09-06,Debit Card,Paid,33014.4
11166,13955,2025-09-06,UPI,Paid,8466.0
11167,3810,2025-09-06,Credit Card,Paid,18950.75
11168,20970,2025-09-06,UPI,Paid,41651.8
11169,20031,2025-09-06,Debit Card,Paid,11247.7
11170,14615,2025-09-06,Cash on Delivery,Paid,68233.5
11171,8342,2025-09-06,UPI,Paid,63284.2
11172,22730,2025-09-06,UPI,Paid,5776.9
11173,11088,2025-09-06,Debit Card,Paid,49468.0
11174,8553,2025-09-06,UPI,Paid,151149.95
11175,9658,2025-09-06,Debit Card,Paid,7066.5
11176,16240,2025-09-06,Debit Card,Paid,22008.0
11177,20526,2025-09-06,Credit Card,Paid,73949.9
11178,17438,2025-09-06,UPI,Paid,8061.0
11179,22008,2025-09-06,Debit Card,Paid,4619.7
11180,11150,2025-09-06,Net Banking,Paid,11953.8
11181,5150,2025-09-07,UPI,Paid,124431.8
11182,23410,2025-09-07,UPI,Paid,61568.5
11183,15999,2025-09-07,Credit Card,Paid,1086.0
11184,3249,2025-09-07,Debit Card,Paid,4002.0
11185,9619,2025-09-07,Debit Card,Paid,6145.2
11186,9627,2025-09-07,UPI,Paid,277.0
11187,3030,2025-09-07,UPI,Paid,6809.0
11188,8870,2025-09-07,Credit Card,Paid,44639.0
11189,6348,2025-09-07,Credit Card,Paid,15048.0
11190,2972,2025-09-07,Credit Card,Paid,13078.6
11191,1025,2025-09-07,Credit Card,Paid,9584.6
11192,16493,2025-09-07,Credit Card,Paid,40193.1
11193,19742,2025-09-07,Cash on Delivery,Paid,9283.0
11194,8159,2025-09-07,Credit Card,Paid,123880.0
11195,18213,2025-09-07,UPI,Paid,3745.95
11196,20640,2025-09-08,Cash on Delivery,Paid,17975.0
11197,9464,2025-09-08,Cash on Delivery,Paid,84670.3
11198,3427,2025-09-08,Cash on Delivery,Paid,39348.55
11199,8887,2025-09-08,Net Banking,Paid,2054.25
11200,23007,2025-09-08,Cash on Delivery,Paid,35697.7
11201,4214,2025-09-08,UPI,Paid,40042.0
11202,10437,2025-09-08,Cash on Delivery,Paid,5578.4
11203,24657,2025-09-08,Net Banking,Paid,12393.25
11204,12752,2025-09-08,Credit Card,Paid,35817.3
11205,23502,2025-09-08,Cash on Delivery,Paid,415.0
11206,3587,2025-09-08,Credit Card,Paid,6726.6
11207,14390,2025-09-08,Net Banking,Paid,37905.6
11208,22292,2025-09-08,UPI,Paid,74803.4
11209,10035,2025-09-09,UPI,Paid,26960.15
11210,23208,2025-09-09,UPI,Paid,48251.0
11211,7532,2025-09-09,Credit Card,Paid,21678.55
11212,15640,2025-09-09,UPI,Paid,65242.85
11213,21690,2025-09-09,Credit Card,Paid,74589.0
11214,11131,2025-09-09,Cash on Delivery,Paid,6232.5
11215,5350,2025-09-09,Credit Card,Paid,142301.25
11216,7869,2025-09-09,Cash on Delivery,Paid,7699.5
11217,3609,2025-09-09,Credit Card,Paid,17712.8
11218,18361,2025-09-09,Credit Card,Paid,120934.45
11219,11129,2025-09-09,UPI,Paid,20761.8
11220,853,2025-09-09,UPI,Paid,4848.4
11221,10853,2025-09-09,UPI,Paid,2568.6
11222,17727,2025-09-09,Cash on Delivery,Paid,9937.6
11223,1264,2025-09-09,Debit Card,Paid,19701.6
11224,9811,2025-09-09,UPI,Paid,171648.6
11225,16114,2025-09-09,UPI,Paid,5087.0
11226,14665,2025-09-09,Credit Card,Paid,22295.0
11227,14378,2025-09-09,UPI,Paid,11557.8
11228,8798,2025-09-09,Net Banking,Paid,3435.3
11229,2810,2025-09-09,Debit Card,Paid,858.9
11230,15691,2025-09-09,Debit Card,Paid,2244.0
11231,21238,2025-09-09,Debit Card,Paid,33872.0
11232,7264,2025-09-09,Cash on Delivery,Paid,20610.25
11233,13476,2025-09-09,UPI,Paid,87465.0
11234,15200,2025-09-10,Cash on Delivery,Paid,11993.4
11235,977,2025-09-10,UPI,Paid,10915.7
11236,19028,2025-09-10,Net Banking,Paid,7852.7
11237,16369,2025-09-10,Debit Card,Paid,4079.7
11238,23653,2025-09-10,Net Banking,Paid,4521.6
11239,10756,2025-09-10,Debit Card,Paid,80506.2
11240,11544,2025-09-10,UPI,Paid,10915.7
11241,2273,2025-09-10,UPI,Paid,141566.8
11242,24593,2025-09-10,UPI,Paid,24592.0
11243,22625,2025-09-10,UPI,Paid,38092.05
11244,11952,2025-09-10,Debit Card,Paid,19807.2
11245,13962,2025-09-10,Net Banking,Paid,5578.4
11246,2679,2025-09-10,Credit Card,Paid,139509.2
11247,11996,2025-09-10,Debit Card,Paid,41003.55
11248,16753,2025-09-10,Credit Card,Paid,3001.5
11249,23050,2025-09-10,Cash on Delivery,Paid,4079.7
11250,4531,2025-09-10,Credit Card,Paid,83309.5
11251,23496,2025-09-11,Cash on Delivery,Paid,17728.2
11252,17063,2025-09-11,Credit Card,Paid,27946.4
11253,7524,2025-09-11,UPI,Paid,23671.65
11254,3111,2025-09-11,UPI,Paid,22858.2
11255,18320,2025-09-11,UPI,Paid,54857.75
11256,22569,2025-09-11,Credit Card,Paid,6074.75
11257,19641,2025-09-11,Cash on Delivery,Paid,7280.9
11258,12250,2025-09-11,UPI,Paid,29785.2
11259,23852,2025-09-11,UPI,Paid,14852.8
11260,24250,2025-09-11,Cash on Delivery,Paid,4188.8
11261,1207,2025-09-11,Debit Card,Paid,33835.1
11262,3503,2025-09-11,Credit Card,Paid,625.1
11263,18170,2025-09-11,UPI,Paid,153623.3
11264,13887,2025-09-11,Credit Card,Paid,163550.9
11265,18041,2025-09-11,Debit Card,Paid,12986.5
11266,3716,2025-09-11,Debit Card,Paid,15392.25
11267,10663,2025-09-11,Cash on Delivery,Paid,45434.4
11268,20103,2025-09-11,UPI,Paid,4044.3
11269,21382,2025-09-11,Debit Card,Paid,4329.0
11270,14793,2025-09-11,Net Banking,Paid,4306.35
11271,18368,2025-09-11,Debit Card,Paid,37569.0
11272,6674,2025-09-11,UPI,Paid,135284.4
11273,22240,2025-09-11,UPI,Paid,3817.0
11274,17406,2025-09-11,UPI,Paid,6138.0
11275,2582,2025-09-11,UPI,Paid,14961.6
11276,5713,2025-09-11,UPI,Paid,12109.35
11277,1578,2025-09-12,Debit Card,Paid,8486.85
11278,17826,2025-09-12,Cash on Delivery,Paid,33851.7
11279,23325,2025-09-12,Net Banking,Paid,28674.65
11280,523,2025-09-12,Credit Card,Paid,28532.0
11281,19862,2025-09-12,Debit Card,Paid,35342.75
11282,4962,2025-09-12,UPI,Paid,3187.25
11283,3052,2025-09-12,UPI,Paid,5462.4
11284,11818,2025-09-12,UPI,Paid,94764.0
11285,12868,2025-09-12,Debit Card,Paid,2706.9
11286,2190,2025-09-12,UPI,Paid,25455.05
11287,23256,2025-09-12,Credit Card,Paid,2375.0
11288,21969,2025-09-12,Debit Card,Paid,67752.25
11289,20300,2025-09-12,UPI,Paid,15078.8
11290,10333,2025-09-12,Net Banking,Paid,68368.4
11291,12135,2025-09-12,UPI,Paid,13973.95
11292,8635,2025-09-12,Cash on Delivery,Paid,201.45
11293,14377,2025-09-12,UPI,Paid,11549.25
11294,17883,2025-09-12,Cash on Delivery,Paid,203857.2
11295,12071,2025-09-12,UPI,Paid,10599.75
11296,10088,2025-09-12,UPI,Paid,3410.0
11297,8389,2025-09-12,Debit Card,Paid,19453.05
11298,1471,2025-09-12,UPI,Paid,13711.0
11299,15518,2025-09-12,Cash on Delivery,Paid,42789.15
11300,22266,2025-09-12,Debit Card,Paid,23839.15
11301,12873,2025-09-13,UPI,Paid,136926.15
11302,22374,2025-09-13,UPI,Paid,182068.85
11303,10442,2025-09-13,UPI,Paid,95026.2
11304,8701,2025-09-13,Debit Card,Paid,11211.0
11305,18515,2025-09-13,Cash on Delivery,Paid,14738.0
11306,10859,2025-09-13,Debit Card,Paid,5308.6
11307,93,2025-09-13,UPI,Paid,3244.45
11308,10514,2025-09-13,Cash on Delivery,Paid,3817.0
11309,16996,2025-09-13,Net Banking,Paid,68694.0
11310,17003,2025-09-13,Credit Card,Paid,69725.6
11311,23391,2025-09-13,Debit Card,Paid,95132.8
11312,692,2025-09-13,UPI,Paid,1737.4
11313,19416,2025-09-13,UPI,Paid,4239.9
11314,6319,2025-09-13,UPI,Paid,22295.0
11315,24605,2025-09-13,Debit Card,Paid,21180.25
11316,18069,2025-09-13,Credit Card,Paid,31256.2
11317,22560,2025-09-13,UPI,Paid,32896.6
11318,7069,2025-09-13,Debit Card,Paid,16620.0
11319,21678,2025-09-13,Net Banking,Paid,543.0
11320,20845,2025-09-13,UPI,Paid,4044.3
11321,18618,2025-09-14,Cash on Delivery,Paid,88199.4
11322,15720,2025-09-14,UPI,Paid,15674.7
11323,8407,2025-09-14,Cash on Delivery,Paid,38318.1
11324,12799,2025-09-14,Credit Card,Paid,34633.45
11325,15710,2025-09-14,Cash on Delivery,Paid,5369.4
11326,3740,2025-09-14,Credit Card,Paid,11268.75
11327,14237,2025-09-14,UPI,Paid,21174.85
11328,14592,2025-09-14,UPI,Paid,13651.6
11329,718,2025-09-14,Credit Card,Paid,42557.4
11330,22942,2025-09-14,UPI,Paid,6397.6
11331,16530,2025-09-14,Debit Card,Paid,98064.95
11332,21113,2025-09-14,Credit Card,Paid,46022.3
11333,8649,2025-09-14,UPI,Paid,7254.9
11334,531,2025-09-14,Credit Card,Paid,7008.8
11335,5662,2025-09-14,UPI,Paid,22552.0
11336,12598,2025-09-14,Credit Card,Paid,4419.6
11337,4671,2025-09-15,UPI,Paid,131581.45
11338,8817,2025-09-15,UPI,Paid,142959.8
11339,14165,2025-09-15,Cash on Delivery,Paid,22004.8
11340,16135,2025-09-15,Cash on Delivery,Paid,2428.2
11341,3392,2025-09-15,Credit Card,Paid,355124.3
11342,21669,2025-09-15,UPI,Paid,2293.3
11343,17146,2025-09-15,Cash on Delivery,Paid,15700.2
11344,14186,2025-09-15,UPI,Paid,31415.0
11345,20896,2025-09-15,Credit Card,Paid,32779.2
11346,14824,2025-09-15,Credit Card,Paid,59958.0
11347,20150,2025-09-15,UPI,Paid,4876.2
11348,20183,2025-09-15,Cash on Delivery,Paid,24728.65
11349,5218,2025-09-15,Cash on Delivery,Paid,15320.25
11350,1573,2025-09-15,Net Banking,Paid,4069.6
11351,20777,2025-09-15,Cash on Delivery,Paid,8182.7
11352,5689,2025-09-15,Cash on Delivery,Paid,3039.2
11353,16000,2025-09-15,UPI,Paid,8530.7
11354,19475,2025-09-15,Credit Card,Paid,3331.2
11355,1377,2025-09-15,Net Banking,Paid,50157.2
11356,12593,2025-09-15,Debit Card,Paid,18950.75
11357,22551,2025-09-15,Credit Card,Paid,20065.5
11358,18382,2025-09-16,Cash on Delivery,Paid,2131.8
11359,10238,2025-09-16,UPI,Paid,5298.8
11360,16671,2025-09-16,UPI,Paid,158311.05
11361,24942,2025-09-16,UPI,Paid,57547.0
11362,953,2025-09-16,Net Banking,Paid,177597.9
11363,21899,2025-09-16,Credit Card,Paid,3410.0
11364,14973,2025-09-16,UPI,Paid,20451.0
11365,7669,2025-09-16,Debit Card,Paid,67162.5
11366,3996,2025-09-16,UPI,Paid,5798.0
11367,22539,2025-09-16,UPI,Paid,9066.0
11368,4011,2025-09-16,Debit Card,Paid,11555.0
11369,5671,2025-09-16,UPI,Paid,87244.65
11370,17513,2025-09-16,Net Banking,Paid,10615.2
11371,454,2025-09-16,Credit Card,Paid,33881.75
11372,5060,2025-09-16,UPI,Paid,11856.05
11373,17204,2025-09-16,UPI,Paid,38159.6
11374,17364,2025-09-17,UPI,Paid,4533.0
11375,2508,2025-09-17,UPI,Paid,127955.75
11376,12177,2025-09-17,Debit Card,Paid,981.6
11377,11115,2025-09-17,Debit Card,Paid,12805.5
11378,10367,2025-09-17,Debit Card,Paid,2464.0
11379,2242,2025-09-17,Cash on Delivery,Paid,30305.6
11380,18576,2025-09-17,Cash on Delivery,Paid,24360.45
11381,5083,2025-09-17,Cash on Delivery,Paid,3232.8
11382,22349,2025-09-17,Credit Card,Paid,90406.0
11383,5114,2025-09-17,Credit Card,Paid,77645.65
11384,24802,2025-09-17,Net Banking,Paid,58207.45
11385,4478,2025-09-17,Credit Card,Paid,15002.75
11386,326,2025-09-17,Cash on Delivery,Paid,37884.6
11387,14426,2025-09-17,Net Banking,Paid,63540.75
11388,22714,2025-09-17,Debit Card,Paid,5110.2
11389,16303,2025-09-17,Net Banking,Paid,14001.1
11390,9477,2025-09-17,UPI,Paid,1599.3
11391,13166,2025-09-17,Cash on Delivery,Paid,52713.0
11392,17867,2025-09-17,UPI,Paid,13264.2
11393,23320,2025-09-18,Cash on Delivery,Paid,50674.2
11394,12275,2025-09-18,UPI,Paid,7890.55
11395,19097,2025-09-18,Cash on Delivery,Paid,74879.15
11396,4825,2025-09-18,Debit Card,Paid,4051.75
11397,21660,2025-09-18,UPI,Paid,28851.8
11398,21989,2025-09-18,Net Banking,Paid,1477.3
11399,12322,2025-09-18,Debit Card,Paid,22207.55
11400,13441,2025-09-18,UPI,Paid,78234.8
11401,17149,2025-09-18,UPI,Paid,7045.8
11402,12618,2025-09-18,UPI,Paid,59147.2
11403,13571,2025-09-18,Credit Card,Paid,153732.3
11404,1298,2025-09-18,UPI,Paid,5418.0
11405,10425,2025-09-18,Credit Card,Paid,7890.55
11406,13852,2025-09-18,UPI,Paid,11594.75
11407,4672,2025-09-18,Credit Card,Paid,89732.35
11408,1534,2025-09-18,Net Banking,Paid,1257.3
11409,5735,2025-09-18,Net Banking,Paid,2516.25
11410,13987,2025-09-18,Cash on Delivery,Paid,3801.9
11411,10052,2025-09-18,UPI,Paid,158669.55
11412,5534,2025-09-19,UPI,Paid,2428.2
11413,11055,2025-09-19,Credit Card,Paid,205938.4
11414,5036,2025-09-19,Debit Card,Paid,56361.6
11415,16908,2025-09-19,UPI,Paid,29746.4
11416,1432,2025-09-19,Credit Card,Paid,11557.8
11417,22153,2025-09-19,Credit Card,Paid,72958.8
11418,154,2025-09-19,Debit Card,Paid,3792.6
11419,1266,2025-09-19,UPI,Paid,65957.95
11420,22362,2025-09-19,Credit Card,Paid,16165.05
11421,16791,2025-09-19,Cash on Delivery,Paid,40193.1
11422,22935,2025-09-19,UPI,Paid,28451.7
11423,18437,2025-09-19,UPI,Paid,8858.1
11424,18015,2025-09-19,Credit Card,Paid,85287.6
11425,11068,2025-09-19,Net Banking,Paid,163362.75
11426,16364,2025-09-19,Debit Card,Paid,94839.0
11427,6879,2025-09-19,Cash on Delivery,Paid,10146.0
11428,12892,2025-09-19,UPI,Paid,8532.3
11429,1184,2025-09-19,UPI,Paid,6799.95
11430,3715,2025-09-19,UPI,Paid,6578.75
11431,18433,2025-09-20,UPI,Paid,15677.05
11432,657,2025-09-20,UPI,Paid,2563.1
11433,14261,2025-09-20,UPI,Paid,6726.6
11434,2429,2025-09-20,UPI,Paid,581.7
11435,9931,2025-09-20,Credit Card,Paid,25945.4
11436,19401,2025-09-20,Credit Card,Paid,10225.5
11437,11854,2025-09-20,Debit Card,Paid,101060.9
11438,13529,2025-09-20,UPI,Paid,45203.0
11439,20045,2025-09-20,Net Banking,Paid,4363.05
11440,19719,2025-09-21,Cash on Delivery,Paid,47778.5
11441,5471,2025-09-21,Net Banking,Paid,78647.3
11442,18863,2025-09-21,Net Banking,Paid,32152.75
11443,5472,2025-09-21,Debit Card,Paid,50104.7
11444,2696,2025-09-21,Cash on Delivery,Paid,7430.05
11445,17713,2025-09-21,UPI,Paid,95524.05
11446,12996,2025-09-21,Cash on Delivery,Paid,3359.2
11447,16587,2025-09-21,Credit Card,Paid,58233.0
11448,6888,2025-09-21,Cash on Delivery,Paid,32927.15
11449,5231,2025-09-21,Cash on Delivery,Paid,15840.0
11450,9994,2025-09-21,UPI,Paid,21831.4
11451,3517,2025-09-21,UPI,Paid,3992.8
11452,9444,2025-09-21,Net Banking,Paid,39024.8
11453,22620,2025-09-21,Cash on Delivery,Paid,5343.8
11454,9308,2025-09-21,Debit Card,Paid,4711.0
11455,5697,2025-09-21,UPI,Paid,15364.6
11456,7967,2025-09-21,Net Banking,Paid,20155.5
11457,23382,2025-09-21,Cash on Delivery,Paid,25102.8
11458,11026,2025-09-21,Debit Card,Paid,3375.0
11459,11187,2025-09-21,Credit Card,Paid,16904.0
11460,15868,2025-09-21,Debit Card,Paid,8853.35
11461,5937,2025-09-21,Credit Card,Paid,21715.2
11462,11205,2025-09-22,Net Banking,Paid,48563.2
11463,16285,2025-09-22,Cash on Delivery,Paid,73225.2
11464,10194,2025-09-22,Debit Card,Paid,3123.0
11465,24550,2025-09-22,Credit Card,Paid,32108.25
11466,14413,2025-09-22,UPI,Paid,248998.95
11467,1451,2025-09-22,UPI,Paid,13806.0
11468,17292,2025-09-22,Debit Card,Paid,82863.5
11469,3330,2025-09-22,Debit Card,Paid,81046.8
11470,6601,2025-09-22,Debit Card,Paid,100738.0
11471,16797,2025-09-22,Credit Card,Paid,1227.0
11472,17399,2025-09-22,Credit Card,Paid,19373.0
11473,19220,2025-09-22,UPI,Paid,75589.15
11474,3443,2025-09-22,Credit Card,Paid,4428.0
11475,21738,2025-09-22,UPI,Paid,4876.2
11476,14862,2025-09-22,UPI,Paid,18697.5
11477,7364,2025-09-22,Credit Card,Paid,24204.85
11478,4356,2025-09-23,UPI,Paid,65169.5
11479,24159,2025-09-23,UPI,Paid,120824.1
11480,17256,2025-09-23,UPI,Paid,2516.25
11481,2046,2025-09-23,UPI,Paid,28605.95
11482,13880,2025-09-23,UPI,Paid,2728.0
11483,4838,2025-09-23,Net Banking,Paid,118985.6
11484,11318,2025-09-23,UPI,Paid,20907.6
11485,18682,2025-09-23,Credit Card,Paid,2158.4
11486,4238,2025-09-23,Debit Card,Paid,55968.75
11487,3327,2025-09-23,Credit Card,Paid,18114.35
11488,20540,2025-09-23,Credit Card,Paid,47419.5
11489,14427,2025-09-23,UPI,Paid,34413.3
11490,20208,2025-09-23,Cash on Delivery,Paid,33902.25
11491,20894,2025-09-23,UPI,Paid,14611.0
11492,9810,2025-09-23,Cash on Delivery,Paid,10273.6
11493,20508,2025-09-23,UPI,Paid,9040.2
11494,12114,2025-09-24,Debit Card,Paid,40682.7
11495,9096,2025-09-24,Credit Card,Paid,5126.2
11496,11482,2025-09-24,UPI,Paid,11958.4
11497,10782,2025-09-24,Net Banking,Paid,15762.2
11498,16521,2025-09-24,Cash on Delivery,Paid,8061.0
11499,921,2025-09-24,Debit Card,Paid,77202.75
11500,19629,2025-09-24,Credit Card,Paid,66134.65
11501,11937,2025-09-24,Credit Card,Paid,11588.9
11502,3340,2025-09-24,UPI,Paid,16220.3
11503,11340,2025-09-24,UPI,Paid,2920.3
11504,13449,2025-09-24,Credit Card,Paid,149946.6
11505,18125,2025-09-24,UPI,Paid,122632.9
11506,2500,2025-09-24,Net Banking,Paid,4239.9
11507,6478,2025-09-24,Debit Card,Paid,18055.5
11508,15232,2025-09-24,Cash on Delivery,Paid,212681.25
11509,9170,2025-09-25,Credit Card,Paid,1665.6
11510,12508,2025-09-25,UPI,Paid,1165.65
11511,22036,2025-09-25,Credit Card,Paid,21069.0
11512,12995,2025-09-25,Debit Card,Paid,111739.2
11513,3100,2025-09-25,UPI,Paid,42407.05
11514,2868,2025-09-25,Net Banking,Paid,5432.1
11515,9263,2025-09-25,Cash on Delivery,Paid,3355.0
11516,2804,2025-09-25,Debit Card,Paid,1384.65
11517,4458,2025-09-25,UPI,Paid,97493.3
11518,11144,2025-09-25,UPI,Paid,3849.75
11519,24468,2025-09-25,Credit Card,Paid,6624.35
11520,15817,2025-09-25,Cash on Delivery,Paid,6726.6
11521,3982,2025-09-25,Credit Card,Paid,14895.4
11522,5804,2025-09-25,UPI,Paid,52446.6
11523,23266,2025-09-25,Net Banking,Paid,83090.0
11524,18294,2025-09-25,Credit Card,Paid,10399.5
11525,4288,2025-09-25,UPI,Paid,56627.0
11526,9764,2025-09-25,Cash on Delivery,Paid,111878.1
11527,23450,2025-09-26,Cash on Delivery,Paid,4918.75
11528,16533,2025-09-26,UPI,Paid,5418.0
11529,24851,2025-09-26,Cash on Delivery,Paid,19710.6
11530,14685,2025-09-26,UPI,Paid,201.45
11531,22189,2025-09-26,Credit Card,Paid,25426.75
11532,21993,2025-09-26,Credit Card,Paid,35825.4
11533,21971,2025-09-26,Debit Card,Paid,7299.1
11534,16544,2025-09-26,Net Banking,Paid,14948.0
11535,8930,2025-09-26,Credit Card,Paid,8042.7
11536,16943,2025-09-26,Credit Card,Paid,8042.7
11537,9118,2025-09-26,UPI,Paid,121266.0
11538,15735,2025-09-26,Credit Card,Paid,4711.0
11539,19257,2025-09-26,Credit Card,Paid,6817.0
11540,2937,2025-09-26,UPI,Paid,21106.9
11541,19943,2025-09-26,Debit Card,Paid,1503.0
11542,4105,2025-09-26,UPI,Paid,2019.6
11543,11382,2025-09-26,UPI,Paid,5049.0
11544,6546,2025-09-26,UPI,Paid,443633.6
11545,13947,2025-09-26,UPI,Paid,5418.0
11546,18677,2025-09-26,UPI,Paid,28194.7
11547,5634,2025-09-26,Credit Card,Paid,46032.35
11548,1115,2025-09-26,Credit Card,Paid,16448.3
11549,8807,2025-09-26,UPI,Paid,7683.3
11550,18429,2025-09-26,UPI,Paid,3244.45
11551,6316,2025-09-27,UPI,Paid,13623.65
11552,20386,2025-09-27,Cash on Delivery,Paid,14001.1
11553,13182,2025-09-27,Cash on Delivery,Paid,40193.1
11554,8487,2025-09-27,UPI,Paid,11575.3
11555,11329,2025-09-27,Debit Card,Paid,9439.0
11556,14577,2025-09-27,Credit Card,Paid,77348.8
11557,23125,2025-09-27,UPI,Paid,4549.5
11558,5577,2025-09-27,UPI,Paid,61374.3
11559,19332,2025-09-27,Net Banking,Paid,9172.0
11560,19666,2025-09-27,UPI,Paid,16735.2
11561,6420,2025-09-27,Credit Card,Paid,2464.0
11562,16684,2025-09-27,UPI,Paid,13239.0
11563,17266,2025-09-27,UPI,Paid,294093.75
11564,12129,2025-09-27,Credit Card,Paid,4488.0
11565,672,2025-09-27,Credit Card,Paid,18566.0
11566,12665,2025-09-27,Cash on Delivery,Paid,15222.05
11567,8028,2025-09-27,UPI,Paid,937.5
11568,1368,2025-09-27,Cash on Delivery,Paid,40486.4
11569,8375,2025-09-27,Cash on Delivery,Paid,8818.85
11570,22745,2025-09-28,Debit Card,Paid,56120.4
11571,2120,2025-09-28,Debit Card,Paid,22506.6
11572,3831,2025-09-28,Credit Card,Paid,43774.15
11573,185,2025-09-28,UPI,Paid,27303.2
11574,2427,2025-09-28,UPI,Paid,206082.0
11575,11958,2025-09-28,Net Banking,Paid,25383.75
11576,9108,2025-09-28,Credit Card,Paid,101308.7
11577,10645,2025-09-28,Credit Card,Paid,61271.0
11578,14088,2025-09-28,Cash on Delivery,Paid,38304.4
11579,17283,2025-09-28,Net Banking,Paid,6710.0
11580,3007,2025-09-28,Credit Card,Paid,49871.3
11581,7817,2025-09-28,UPI,Paid,15836.9
11582,13133,2025-09-28,Credit Card,Paid,102304.05
11583,23680,2025-09-28,Net Banking,Paid,85347.4
11584,14809,2025-09-28,Credit Card,Paid,2516.25
11585,12779,2025-09-28,UPI,Paid,42178.3
11586,3197,2025-09-28,Credit Card,Paid,13272.8
11587,7773,2025-09-28,Cash on Delivery,Paid,5418.0
11588,11383,2025-09-29,Net Banking,Paid,14072.75
11589,3554,2025-09-29,Cash on Delivery,Paid,4876.35
11590,14491,2025-09-29,Cash on Delivery,Paid,9283.0
11591,19892,2025-09-29,Credit Card,Paid,2459.2
11592,17284,2025-09-29,UPI,Paid,2560.5
11593,673,2025-09-29,Credit Card,Paid,58483.3
11594,14954,2025-09-29,Debit Card,Paid,6476.15
11595,6736,2025-09-29,Debit Card,Paid,136152.05
11596,15596,2025-09-29,Credit Card,Paid,543.0
11597,17954,2025-09-29,Credit Card,Paid,59577.0
11598,23249,2025-09-29,UPI,Paid,35825.4
11599,13371,2025-09-29,UPI,Paid,12020.0
11600,11648,2025-09-29,Debit Card,Paid,139674.0
11601,11964,2025-09-29,UPI,Paid,43035.25
11602,5555,2025-09-29,UPI,Paid,68196.25
11603,6986,2025-09-29,Cash on Delivery,Paid,2654.3
11604,23384,2025-09-29,Cash on Delivery,Paid,25939.2
11605,22899,2025-09-29,Cash on Delivery,Paid,88426.65
11606,22340,2025-09-29,Cash on Delivery,Paid,112782.8
11607,20217,2025-09-29,Credit Card,Paid,3568.5
11608,13790,2025-09-29,Debit Card,Paid,1227.0
11609,136,2025-09-30,UPI,Paid,8038.8
11610,5573,2025-09-30,UPI,Paid,21160.2
11611,10175,2025-09-30,Credit Card,Paid,3449.6
11612,19792,2025-09-30,Cash on Delivery,Paid,29538.0
11613,19449,2025-09-30,Credit Card,Paid,1187.45
11614,21950,2025-09-30,Debit Card,Paid,4259.0
11615,3169,2025-09-30,Debit Card,Paid,42942.85
11616,20558,2025-09-30,Net Banking,Paid,1537.0
11617,21287,2025-09-30,Debit Card,Paid,29844.25
11618,6902,2025-09-30,UPI,Paid,6039.0
11619,9502,2025-09-30,Cash on Delivery,Paid,14509.8
11620,18019,2025-09-30,Cash on Delivery,Paid,103128.9
11621,19544,2025-09-30,Cash on Delivery,Paid,32896.4
11622,16484,2025-10-01,Cash on Delivery,Paid,50629.6
11623,17322,2025-10-01,UPI,Paid,29812.15
11624,7888,2025-10-01,Net Banking,Paid,52085.8
11625,18869,2025-10-01,Cash on Delivery,Paid,23738.6
11626,10851,2025-10-01,UPI,Paid,156041.75
11627,383,2025-10-01,Credit Card,Paid,141253.0
11628,23049,2025-10-01,UPI,Paid,137458.35
11629,11471,2025-10-01,Net Banking,Paid,20144.0
11630,21256,2025-10-01,Credit Card,Paid,32098.5
11631,20058,2025-10-01,Credit Card,Paid,20446.6
11632,13894,2025-10-01,Net Banking,Paid,56235.2
11633,4909,2025-10-01,UPI,Paid,38980.0
11634,1946,2025-10-01,Cash on Delivery,Paid,210407.9
11635,4427,2025-10-01,UPI,Paid,10977.25
11636,13027,2025-10-01,Cash on Delivery,Paid,150860.95
11637,14012,2025-10-01,UPI,Paid,20955.3
11638,23658,2025-10-01,Credit Card,Paid,74625.0
11639,19974,2025-10-02,Credit Card,Paid,9283.0
11640,2247,2025-10-02,Debit Card,Paid,67624.2
11641,18941,2025-10-02,UPI,Paid,42577.65
11642,8541,2025-10-02,Credit Card,Paid,64945.0
11643,7145,2025-10-02,UPI,Paid,4856.4
11644,5326,2025-10-02,UPI,Paid,149748.55
11645,16642,2025-10-02,Credit Card,Paid,42360.5
11646,5627,2025-10-02,Credit Card,Paid,7920.0
11647,18122,2025-10-02,Credit Card,Paid,49263.15
11648,14652,2025-10-02,Cash on Delivery,Paid,16099.85
11649,21520,2025-10-02,Net Banking,Paid,11958.4
11650,2346,2025-10-02,Credit Card,Paid,4533.0
11651,9414,2025-10-02,UPI,Paid,14158.5
11652,5177,2025-10-02,UPI,Paid,53367.4
11653,10668,2025-10-02,Cash on Delivery,Paid,42650.2
11654,7809,2025-10-02,UPI,Paid,2500.0
11655,23449,2025-10-02,Credit Card,Paid,38387.05
11656,8661,2025-10-03,Net Banking,Paid,17648.9
11657,4483,2025-10-03,Debit Card,Paid,70528.5
11658,6739,2025-10-03,UPI,Paid,26792.1
11659,20404,2025-10-03,UPI,Paid,74781.0
11660,21606,2025-10-03,Credit Card,Paid,9752.4
11661,17499,2025-10-03,UPI,Paid,12030.3
11662,7504,2025-10-03,Credit Card,Paid,179686.8
11663,1620,2025-10-03,UPI,Paid,26729.25
11664,22995,2025-10-03,UPI,Paid,57901.4
11665,12027,2025-10-03,Credit Card,Paid,11880.0
11666,3096,2025-10-03,Credit Card,Paid,6283.2
11667,936,2025-10-03,UPI,Paid,42869.95
11668,9790,2025-10-03,Debit Card,Paid,9422.0
11669,21775,2025-10-03,UPI,Paid,300559.7
11670,18133,2025-10-03,Cash on Delivery,Paid,3244.45
11671,1468,2025-10-03,Credit Card,Paid,37828.8
11672,14932,2025-10-03,Cash on Delivery,Paid,3671.0
11673,17748,2025-10-03,Cash on Delivery,Paid,10956.5
11674,20198,2025-10-03,UPI,Paid,4047.0
11675,4789,2025-10-03,Net Banking,Paid,3027.0
11676,20095,2025-10-03,Cash on Delivery,Paid,35464.5
11677,17423,2025-10-04,UPI,Paid,68694.0
11678,49,2025-10-04,Credit Card,Paid,57876.7
11679,8146,2025-10-04,UPI,Paid,90605.7
11680,17659,2025-10-04,Net Banking,Paid,19222.1
11681,13794,2025-10-04,Cash on Delivery,Paid,4220.85
11682,14422,2025-10-04,Credit Card,Paid,60729.6
11683,8200,2025-10-04,UPI,Paid,3414.0
11684,9125,2025-10-04,UPI,Paid,12236.65
11685,17366,2025-10-04,Credit Card,Paid,15335.5
11686,20910,2025-10-04,Cash on Delivery,Paid,159980.1
11687,4201,2025-10-04,Net Banking,Paid,3053.2
11688,20933,2025-10-04,UPI,Paid,312.55
11689,2012,2025-10-04,Cash on Delivery,Paid,9989.4
11690,21549,2025-10-04,UPI,Paid,12568.0
11691,18634,2025-10-04,UPI,Paid,18070.5
11692,3572,2025-10-04,Debit Card,Paid,7474.0
11693,21033,2025-10-04,UPI,Paid,41703.55
11694,16522,2025-10-04,UPI,Paid,711.0
11695,17828,2025-10-05,UPI,Paid,21069.0
11696,12063,2025-10-05,Cash on Delivery,Paid,33104.0
11697,22648,2025-10-05,UPI,Paid,93272.45
11698,13144,2025-10-05,UPI,Paid,12888.9
11699,19297,2025-10-05,Cash on Delivery,Paid,10174.0
11700,6538,2025-10-05,Credit Card,Paid,15638.4
11701,5113,2025-10-05,Debit Card,Paid,121070.9
11702,17252,2025-10-05,UPI,Paid,33100.2
11703,13048,2025-10-05,UPI,Paid,45953.25
11704,17062,2025-10-05,UPI,Paid,55120.8
11705,1292,2025-10-05,Credit Card,Paid,62853.3
11706,23914,2025-10-05,Credit Card,Paid,135340.4
11707,12050,2025-10-05,UPI,Paid,54688.0
11708,4206,2025-10-05,Cash on Delivery,Paid,6726.6
11709,18702,2025-10-05,Cash on Delivery,Paid,5126.2
11710,20852,2025-10-05,Net Banking,Paid,63867.3
11711,720,2025-10-05,Debit Card,Paid,20730.95
11712,6633,2025-10-06,Cash on Delivery,Paid,35690.55
11713,14235,2025-10-06,Credit Card,Paid,5926.8
11714,16686,2025-10-06,Debit Card,Paid,153906.6
11715,14102,2025-10-06,Net Banking,Paid,2340.8
11716,13569,2025-10-06,Cash on Delivery,Paid,110608.5
11717,11603,2025-10-06,UPI,Paid,78890.0
11718,11345,2025-10-06,Cash on Delivery,Paid,11557.8
11719,21455,2025-10-06,Cash on Delivery,Paid,56568.3
11720,20403,2025-10-06,UPI,Paid,44048.2
11721,17221,2025-10-06,Cash on Delivery,Paid,50907.5
11722,15054,2025-10-06,Credit Card,Paid,2851.75
11723,5991,2025-10-06,UPI,Paid,33872.0
11724,24055,2025-10-06,Cash on Delivery,Paid,110945.7
11725,6495,2025-10-06,UPI,Paid,124308.95
11726,2536,2025-10-06,Credit Card,Paid,11331.0
11727,3142,2025-10-06,Cash on Delivery,Paid,325622.05
11728,19754,2025-10-06,Credit Card,Paid,1840.5
11729,20960,2025-10-06,UPI,Paid,11205.9
11730,16345,2025-10-06,Credit Card,Paid,12699.0
11731,2226,2025-10-06,UPI,Paid,3815.25
11732,20708,2025-10-06,Credit Card,Paid,2900.25
11733,7295,2025-10-06,Credit Card,Paid,16554.0
11734,21420,2025-10-06,UPI,Paid,59700.0
11735,15135,2025-10-06,Credit Card,Paid,103041.0
11736,4898,2025-10-06,UPI,Paid,1840.5
11737,20561,2025-10-07,Debit Card,Paid,3533.25
11738,6694,2025-10-07,UPI,Paid,21028.5
11739,15551,2025-10-07,UPI,Paid,38313.75
11740,1576,2025-10-07,Cash on Delivery,Paid,4578.3
11741,19689,2025-10-07,UPI,Paid,1390.4
11742,22558,2025-10-07,UPI,Paid,126166.8
11743,21200,2025-10-07,Credit Card,Paid,119970.0
11744,21036,2025-10-07,Credit Card,Paid,6775.1
11745,386,2025-10-07,Net Banking,Paid,10111.55
11746,5757,2025-10-07,Cash on Delivery,Paid,17227.0
11747,17323,2025-10-07,Cash on Delivery,Paid,111271.4
11748,1560,2025-10-07,UPI,Paid,50291.0
11749,19920,2025-10-07,Cash on Delivery,Paid,45622.3
11750,22384,2025-10-07,UPI,Paid,12971.85
11751,1554,2025-10-07,Credit Card,Paid,33070.75
11752,20700,2025-10-07,Credit Card,Paid,7791.3
11753,4998,2025-10-08,UPI,Paid,23239.0
11754,5933,2025-10-08,Credit Card,Paid,26593.6
11755,21824,2025-10-08,UPI,Paid,10273.6
11756,3347,2025-10-08,UPI,Paid,3020.9
11757,18199,2025-10-08,UPI,Paid,3788.0
11758,17264,2025-10-08,UPI,Paid,28731.7
11759,18237,2025-10-08,Cash on Delivery,Paid,40942.05
11760,8581,2025-10-08,UPI,Paid,45099.45
11761,21308,2025-10-08,Debit Card,Paid,5368.0
11762,11486,2025-10-08,UPI,Paid,16085.4
11763,2422,2025-10-08,Credit Card,Paid,28731.7
11764,14478,2025-10-08,Cash on Delivery,Paid,29609.75
11765,11664,2025-10-09,Credit Card,Paid,415.5
11766,1228,2025-10-09,UPI,Paid,14741.7
11767,11315,2025-10-09,UPI,Paid,50264.0
11768,3777,2025-10-09,Net Banking,Paid,86202.3
11769,14810,2025-10-09,UPI,Paid,33667.6
11770,16787,2025-10-09,Net Banking,Paid,4711.0
11771,9469,2025-10-09,UPI,Paid,498.6
11772,10979,2025-10-09,UPI,Paid,45609.7
11773,5609,2025-10-09,Cash on Delivery,Paid,4043.45
11774,23998,2025-10-09,UPI,Paid,15432.3
11775,12039,2025-10-09,Net Banking,Paid,19510.9
11776,4226,2025-10-09,Credit Card,Paid,47063.1
11777,8252,2025-10-09,UPI,Paid,58414.4
11778,15335,2025-10-09,Credit Card,Paid,1477.3
11779,11368,2025-10-09,Debit Card,Paid,44345.5
11780,5252,2025-10-09,Cash on Delivery,Paid,53497.5
11781,17930,2025-10-09,Debit Card,Paid,86195.1
11782,24865,2025-10-09,UPI,Paid,175312.05
11783,584,2025-10-09,UPI,Paid,43519.7
11784,14045,2025-10-09,UPI,Paid,19438.95
11785,8777,2025-10-09,UPI,Paid,40274.7
11786,21681,2025-10-09,Credit Card,Paid,45012.9
11787,12923,2025-10-09,UPI,Paid,39682.75
11788,8169,2025-10-09,Credit Card,Paid,54755.8
11789,17559,2025-10-10,UPI,Paid,21714.3
11790,20412,2025-10-10,Credit Card,Paid,4211.0
11791,20094,2025-10-10,Credit Card,Paid,53938.15
11792,1859,2025-10-10,Cash on Delivery,Paid,27041.6
11793,16424,2025-10-10,UPI,Paid,160945.8
11794,3921,2025-10-10,Credit Card,Paid,8749.8
11795,22030,2025-10-10,Net Banking,Paid,187978.4
11796,15151,2025-10-10,UPI,Paid,80187.65
11797,4922,2025-10-10,UPI,Paid,7252.8
11798,14838,2025-10-10,UPI,Paid,19223.2
11799,12054,2025-10-10,UPI,Paid,16028.5
11800,18803,2025-10-10,UPI,Paid,39792.6
11801,8133,2025-10-10,UPI,Paid,981.6
11802,14120,2025-10-10,Debit Card,Paid,89380.8
11803,2786,2025-10-10,Cash on Delivery,Paid,53795.65
11804,1163,2025-10-10,Debit Card,Paid,1117.6
11805,10677,2025-10-10,Cash on Delivery,Paid,183435.0
11806,3122,2025-10-10,Debit Card,Paid,6476.15
11807,8405,2025-10-10,UPI,Paid,48052.4
11808,19470,2025-10-11,Credit Card,Paid,64124.65
11809,10746,2025-10-11,Net Banking,Paid,28863.55
11810,6707,2025-10-11,UPI,Paid,25253.5
11811,20207,2025-10-11,Credit Card,Paid,2131.8
11812,5074,2025-10-11,Credit Card,Paid,7819.2
11813,18960,2025-10-11,Debit Card,Paid,8061.0
11814,2522,2025-10-11,Cash on Delivery,Paid,28203.7
11815,21796,2025-10-11,Cash on Delivery,Paid,1250.0
11816,18800,2025-10-11,Debit Card,Paid,10574.95
11817,20447,2025-10-11,Cash on Delivery,Paid,1104.3
11818,14506,2025-10-11,Credit Card,Paid,2094.4
11819,74,2025-10-11,UPI,Paid,92996.3
11820,17315,2025-10-11,Credit Card,Paid,24038.8
11821,16852,2025-10-11,Credit Card,Paid,8042.7
11822,24793,2025-10-11,Cash on Delivery,Paid,79390.8
11823,15279,2025-10-12,UPI,Paid,6726.6
11824,20335,2025-10-12,Cash on Delivery,Paid,35522.15
11825,926,2025-10-12,UPI,Paid,12952.3
11826,20610,2025-10-12,Net Banking,Paid,106406.5
11827,19927,2025-10-12,UPI,Paid,70232.0
11828,15556,2025-10-12,Debit Card,Paid,56960.1
11829,9189,2025-10-12,UPI,Paid,3626.15
11830,16965,2025-10-12,Net Banking,Paid,70397.2
11831,16685,2025-10-12,Debit Card,Paid,134325.0
11832,15379,2025-10-12,UPI,Paid,1777.0
11833,12563,2025-10-12,UPI,Paid,6128.1
11834,12932,2025-10-13,Credit Card,Paid,3376.3
11835,19772,2025-10-13,UPI,Paid,154470.0
11836,808,2025-10-13,Debit Card,Paid,71456.4
11837,6245,2025-10-13,Cash on Delivery,Paid,101704.85
11838,52,2025-10-13,UPI,Paid,44521.2
11839,20839,2025-10-13,UPI,Paid,20885.4
11840,10518,2025-10-13,UPI,Paid,135998.05
11841,9979,2025-10-13,UPI,Paid,3458.25
11842,6141,2025-10-13,UPI,Paid,80467.8
11843,7183,2025-10-13,UPI,Paid,7449.3
11844,17722,2025-10-14,Debit Card,Paid,71381.1
11845,57,2025-10-14,Debit Card,Paid,22499.0
11846,13812,2025-10-14,UPI,Paid,9283.0
11847,2506,2025-10-14,Credit Card,Paid,98971.6
11848,8290,2025-10-14,Debit Card,Paid,7474.0
11849,9722,2025-10-14,UPI,Paid,19998.55
11850,589,2025-10-14,Debit Card,Paid,36465.25
11851,5296,2025-10-14,UPI,Paid,29746.4
11852,22532,2025-10-14,UPI,Paid,18566.0
11853,22574,2025-10-14,UPI,Paid,1220.0
11854,432,2025-10-14,UPI,Paid,6283.2
11855,14175,2025-10-14,Net Banking,Paid,9066.0
11856,2563,2025-10-14,UPI,Paid,3572.25
11857,14609,2025-10-14,UPI,Paid,31393.8
11858,11385,2025-10-14,UPI,Paid,40131.0
11859,12118,2025-10-14,Debit Card,Paid,4972.3
11860,9913,2025-10-14,Cash on Delivery,Paid,64197.0
11861,19519,2025-10-14,Net Banking,Paid,5087.0
11862,495,2025-10-15,UPI,Paid,16932.0
11863,13409,2025-10-15,Net Banking,Paid,1421.6
11864,22661,2025-10-15,UPI,Paid,40355.1
11865,18608,2025-10-15,Cash on Delivery,Paid,12270.6
11866,8973,2025-10-15,UPI,Paid,6135.3
11867,20037,2025-10-15,UPI,Paid,7474.0
11868,22093,2025-10-15,Cash on Delivery,Paid,47286.0
11869,19126,2025-10-15,UPI,Paid,18566.0
11870,14930,2025-10-15,Net Banking,Paid,13956.3
11871,22541,2025-10-15,Credit Card,Paid,63966.3
11872,19013,2025-10-15,UPI,Paid,65486.85
11873,4929,2025-10-15,UPI,Paid,6838.2
11874,3494,2025-10-15,Credit Card,Paid,10453.4
11875,6062,2025-10-15,Credit Card,Paid,38600.8
11876,21802,2025-10-15,Credit Card,Paid,66200.4
11877,18716,2025-10-15,Debit Card,Paid,81518.05
11878,18820,2025-10-15,Debit Card,Paid,178465.4
11879,12311,2025-10-15,Cash on Delivery,Paid,163148.0
11880,5977,2025-10-15,Credit Card,Paid,30516.4
11881,7422,2025-10-16,UPI,Paid,56627.0
11882,18597,2025-10-16,UPI,Paid,46823.55
11883,8764,2025-10-16,UPI,Paid,20886.75
11884,1213,2025-10-16,Net Banking,Paid,1397.0
11885,19929,2025-10-16,Debit Card,Paid,58389.9
11886,7113,2025-10-16,UPI,Paid,10203.9
11887,8288,2025-10-16,Cash on Delivery,Paid,1327.15
11888,21267,2025-10-16,UPI,Paid,56960.1
11889,24700,2025-10-16,UPI,Paid,920.25
11890,6365,2025-10-16,UPI,Paid,10381.3
11891,17142,2025-10-16,Credit Card,Paid,9351.0
11892,6637,2025-10-16,Debit Card,Paid,126143.4
11893,538,2025-10-16,Cash on Delivery,Paid,36494.7
11894,8101,2025-10-16,UPI,Paid,170575.2
11895,11333,2025-10-16,Debit Card,Paid,160453.6
11896,8863,2025-10-16,UPI,Paid,5738.6
11897,11062,2025-10-16,UPI,Paid,325124.5
11898,22332,2025-10-17,Credit Card,Paid,43117.7
11899,13247,2025-10-17,Credit Card,Paid,10977.25
11900,24889,2025-10-17,UPI,Paid,4876.5
11901,21026,2025-10-17,UPI,Paid,6785.9
11902,7336,2025-10-17,Debit Card,Paid,11555.0
11903,14092,2025-10-17,Net Banking,Paid,55956.7
11904,22397,2025-10-17,Credit Card,Paid,3771.9
11905,23617,2025-10-17,UPI,Paid,4605.3
11906,4292,2025-10-17,UPI,Paid,4475.45
11907,21651,2025-10-17,UPI,Paid,31572.8
11908,9999,2025-10-17,Net Banking,Paid,13227.2
11909,20790,2025-10-18,Credit Card,Paid,9724.8
11910,8813,2025-10-18,Cash on Delivery,Paid,183197.6
11911,20591,2025-10-18,UPI,Paid,249.3
11912,12903,2025-10-18,Credit Card,Paid,20798.1
11913,15152,2025-10-18,UPI,Paid,22422.6
11914,1419,2025-10-18,Credit Card,Paid,22422.0
11915,8203,2025-10-18,Credit Card,Paid,75159.6
11916,18074,2025-10-18,Credit Card,Paid,45886.4
11917,7413,2025-10-18,Net Banking,Paid,155704.6
11918,12744,2025-10-18,UPI,Paid,2340.8
11919,24395,2025-10-18,UPI,Paid,24342.0
11920,4798,2025-10-18,Credit Card,Paid,58582.75
11921,18387,2025-10-18,Cash on Delivery,Paid,16016.9
11922,7753,2025-10-19,Debit Card,Paid,165.9
11923,12599,2025-10-19,Credit Card,Paid,4282.2
11924,11121,2025-10-19,Credit Card,Paid,7819.2
11925,19871,2025-10-19,Cash on Delivery,Paid,8319.2
11926,7079,2025-10-19,Cash on Delivery,Paid,163480.1
11927,18369,2025-10-19,Cash on Delivery,Paid,15455.4
11928,20631,2025-10-19,UPI,Paid,5133.0
11929,10402,2025-10-19,Net Banking,Paid,14484.9
11930,23289,2025-10-19,UPI,Paid,113716.8
11931,11545,2025-10-19,Net Banking,Paid,3476.0
11932,19099,2025-10-19,UPI,Paid,107239.45
11933,6274,2025-10-19,Cash on Delivery,Paid,5387.2
11934,17714,2025-10-19,Cash on Delivery,Paid,47382.0
11935,7977,2025-10-19,Credit Card,Paid,21335.2
11936,22273,2025-10-19,Debit Card,Paid,5330.4
11937,4792,2025-10-19,UPI,Paid,6486.6
11938,1159,2025-10-19,Cash on Delivery,Paid,9631.5
11939,6585,2025-10-19,Net Banking,Paid,12776.9
11940,149,2025-10-19,Credit Card,Paid,51520.5
11941,24647,2025-10-20,Debit Card,Paid,66208.0
11942,10849,2025-10-20,Debit Card,Paid,24703.75
11943,10480,2025-10-20,Credit Card,Paid,3355.0
11944,13625,2025-10-20,Cash on Delivery,Paid,50972.4
11945,24940,2025-10-20,UPI,Paid,11960.5
11946,23524,2025-10-20,UPI,Paid,12398.8
11947,23551,2025-10-20,Debit Card,Paid,7380.0
11948,1973,2025-10-20,UPI,Paid,5809.75
11949,21469,2025-10-20,Credit Card,Paid,3817.0
11950,24389,2025-10-20,Credit Card,Paid,20948.0
11951,18545,2025-10-20,UPI,Paid,14368.4
11952,16059,2025-10-20,Cash on Delivery,Paid,14635.7
11953,15796,2025-10-20,UPI,Paid,4286.7
11954,17298,2025-10-20,UPI,Paid,37815.7
11955,15568,2025-10-20,Credit Card,Paid,23134.35
11956,13691,2025-10-20,Credit Card,Paid,14852.8
11957,8053,2025-10-20,UPI,Paid,121446.25
11958,5718,2025-10-20,UPI,Paid,41851.7
11959,24840,2025-10-20,Credit Card,Paid,536.75
11960,4191,2025-10-20,Cash on Delivery,Paid,7022.4
11961,24051,2025-10-21,Cash on Delivery,Paid,6128.1
11962,8867,2025-10-21,Credit Card,Paid,4664.1
11963,5533,2025-10-21,Net Banking,Paid,12842.0
11964,3745,2025-10-21,UPI,Paid,1125.0
11965,17454,2025-10-21,Net Banking,Paid,26871.05
11966,21457,2025-10-21,Credit Card,Paid,3410.0
11967,9459,2025-10-21,Net Banking,Paid,14619.4
11968,8751,2025-10-21,Cash on Delivery,Paid,6765.0
11969,18341,2025-10-21,UPI,Paid,38526.0
11970,19431,2025-10-21,UPI,Paid,104906.1
11971,7382,2025-10-21,Debit Card,Paid,8224.15
11972,23441,2025-10-21,UPI,Paid,63431.25
11973,15548,2025-10-21,UPI,Paid,9049.7
11974,14692,2025-10-22,UPI,Paid,107597.2
11975,18552,2025-10-22,UPI,Paid,16979.25
11976,17449,2025-10-22,UPI,Paid,10179.8
11977,10169,2025-10-22,Credit Card,Paid,332.0
11978,6839,2025-10-22,UPI,Paid,53992.8
11979,9835,2025-10-22,Credit Card,Paid,4471.65
11980,20725,2025-10-22,Debit Card,Paid,15366.0
11981,10038,2025-10-22,Cash on Delivery,Paid,6357.65
11982,11623,2025-10-22,UPI,Paid,9322.35
11983,6378,2025-10-22,Net Banking,Paid,60071.1
11984,9984,2025-10-22,Debit Card,Paid,1000.0
11985,20218,2025-10-22,Net Banking,Paid,1941.8
11986,9956,2025-10-22,UPI,Paid,10915.7
11987,24897,2025-10-23,UPI,Paid,127584.65
11988,10820,2025-10-23,Credit Card,Paid,68074.4
11989,17862,2025-10-23,UPI,Paid,16100.6
11990,23773,2025-10-23,Credit Card,Paid,18566.0
11991,955,2025-10-23,Cash on Delivery,Paid,18153.55
11992,20016,2025-10-23,UPI,Paid,23708.75
11993,9555,2025-10-23,Credit Card,Paid,13994.3
11994,6791,2025-10-23,Credit Card,Paid,9367.05
11995,23147,2025-10-23,UPI,Paid,4188.8
11996,12134,2025-10-23,UPI,Paid,3412.0
11997,261,2025-10-23,Credit Card,Paid,923.1
11998,5583,2025-10-23,UPI,Paid,75469.05
11999,16058,2025-10-23,Cash on Delivery,Paid,59709.0
12000,23844,2025-10-23,Cash on Delivery,Paid,1686.6
12001,20362,2025-10-23,UPI,Paid,6346.2
12002,3317,2025-10-23,UPI,Paid,26253.35
12003,17185,2025-10-23,Credit Card,Paid,470.9
12004,18599,2025-10-23,UPI,Paid,3243.3
12005,6541,2025-10-23,UPI,Paid,52527.1
12006,4431,2025-10-24,UPI,Paid,68252.9
12007,19080,2025-10-24,Net Banking,Paid,2728.0
12008,13509,2025-10-24,UPI,Paid,96265.9
12009,4503,2025-10-24,Cash on Delivery,Paid,7254.9
12010,1474,2025-10-24,UPI,Paid,16254.0
12011,17027,2025-10-24,Credit Card,Paid,4036.0
12012,20204,2025-10-24,Net Banking,Paid,4044.3
12013,10188,2025-10-24,Debit Card,Paid,11559.15
12014,9259,2025-10-24,UPI,Paid,122551.8
12015,8394,2025-10-24,Cash on Delivery,Paid,12705.8
12016,11446,2025-10-24,Net Banking,Paid,8749.8
12017,3148,2025-10-24,UPI,Paid,16642.0
12018,20906,2025-10-24,UPI,Paid,51433.95
12019,2157,2025-10-24,UPI,Paid,15260.4
12020,15271,2025-10-24,Credit Card,Paid,94937.3
12021,16348,2025-10-25,Cash on Delivery,Paid,16078.8
12022,18176,2025-10-25,UPI,Paid,8253.6
12023,10272,2025-10-25,UPI,Paid,48610.25
12024,22692,2025-10-25,UPI,Paid,4475.45
12025,9914,2025-10-25,Credit Card,Paid,119643.8
12026,24834,2025-10-25,Cash on Delivery,Paid,16709.4
12027,23606,2025-10-25,Cash on Delivery,Paid,10907.2
12028,23406,2025-10-25,UPI,Paid,31844.8
12029,15939,2025-10-26,Net Banking,Paid,92385.85
12030,2280,2025-10-26,Credit Card,Paid,28169.3
12031,15259,2025-10-26,Debit Card,Paid,142146.0
12032,8796,2025-10-26,Credit Card,Paid,7689.3
12033,1308,2025-10-26,Credit Card,Paid,7254.9
12034,18202,2025-10-26,Cash on Delivery,Paid,2293.3
12035,13046,2025-10-26,UPI,Paid,78935.5
12036,5832,2025-10-26,UPI,Paid,8421.75
12037,15132,2025-10-26,UPI,Paid,23366.1
12038,6575,2025-10-26,Debit Card,Paid,13254.9
12039,2235,2025-10-26,Debit Card,Paid,21101.4
12040,14774,2025-10-26,UPI,Paid,132944.0
12041,24546,2025-10-27,Net Banking,Paid,30460.5
12042,15773,2025-10-27,Credit Card,Paid,33710.4
12043,6969,2025-10-27,UPI,Paid,8537.0
12044,7437,2025-10-27,Cash on Delivery,Paid,10571.0
12045,1059,2025-10-27,UPI,Paid,1421.6
12046,2736,2025-10-27,Credit Card,Paid,69609.4
12047,14268,2025-10-27,Debit Card,Paid,4488.0
12048,16801,2025-10-27,UPI,Paid,515.85
12049,15058,2025-10-27,Credit Card,Paid,12997.6
12050,5288,2025-10-27,Debit Card,Paid,38935.85
12051,20706,2025-10-27,UPI,Paid,18486.4
12052,18310,2025-10-27,Credit Card,Paid,1780.3
12053,15352,2025-10-27,UPI,Paid,8523.0
12054,19509,2025-10-27,Debit Card,Paid,5019.0
12055,2642,2025-10-27,UPI,Paid,4002.0
12056,18452,2025-10-27,Cash on Delivery,Paid,13204.6
12057,19493,2025-10-27,Debit Card,Paid,6809.0
12058,5955,2025-10-27,Debit Card,Paid,6973.0
12059,6482,2025-10-28,Credit Card,Paid,45909.6
12060,23796,2025-10-28,UPI,Paid,51376.0
12061,14548,2025-10-28,Cash on Delivery,Paid,12952.3
12062,22540,2025-10-28,UPI,Paid,140756.1
12063,24320,2025-10-28,UPI,Paid,221.6
12064,12488,2025-10-28,Debit Card,Paid,2454.0
12065,15793,2025-10-28,UPI,Paid,31844.8
12066,20439,2025-10-28,Debit Card,Paid,57644.25
12067,24528,2025-10-28,Credit Card,Paid,4578.4
12068,6182,2025-10-28,Cash on Delivery,Paid,434.4
12069,1648,2025-10-28,UPI,Paid,8950.9
12070,16336,2025-10-28,UPI,Paid,50964.3
12071,1594,2025-10-28,Credit Card,Paid,62906.35
12072,1591,2025-10-28,UPI,Paid,40981.0
12073,17612,2025-10-29,Cash on Delivery,Paid,11355.9
12074,19638,2025-10-29,UPI,Paid,36774.7
12075,5438,2025-10-29,UPI,Paid,49923.8
12076,12482,2025-10-29,UPI,Paid,3867.0
12077,24292,2025-10-29,UPI,Paid,4876.2
12078,16032,2025-10-29,UPI,Paid,86754.25
12079,19748,2025-10-29,Cash on Delivery,Paid,17271.75
12080,3853,2025-10-29,UPI,Paid,33479.25
12081,17474,2025-10-29,Cash on Delivery,Paid,22154.4
12082,17846,2025-10-29,Credit Card,Paid,2085.9
12083,4359,2025-10-29,UPI,Paid,54955.2
12084,18231,2025-10-29,UPI,Paid,6187.2
12085,9666,2025-10-29,Cash on Delivery,Paid,12551.4
12086,708,2025-10-29,UPI,Paid,129468.8
12087,16968,2025-10-29,UPI,Paid,55321.35
12088,108,2025-10-29,Credit Card,Paid,43004.2
12089,10540,2025-10-29,Cash on Delivery,Paid,1903.8
12090,4450,2025-10-29,Cash on Delivery,Paid,2375.0
12091,20194,2025-10-29,Net Banking,Paid,765.0
12092,1439,2025-10-29,UPI,Paid,20129.7
12093,16540,2025-10-29,Debit Card,Paid,21994.45
12094,13542,2025-10-29,Credit Card,Paid,1651.1
12095,23592,2025-10-29,Net Banking,Paid,9434.7
12096,117,2025-10-29,UPI,Paid,11035.85
12097,2379,2025-10-30,Cash on Delivery,Paid,19263.0
12098,15804,2025-10-30,UPI,Paid,66861.05
12099,22736,2025-10-30,Cash on Delivery,Paid,128501.3
12100,7852,2025-10-30,Cash on Delivery,Paid,70885.95
12101,23066,2025-10-30,Credit Card,Paid,74781.0
12102,9351,2025-10-30,Cash on Delivery,Paid,6187.2
12103,23860,2025-10-30,Credit Card,Paid,71456.4
12104,1715,2025-10-30,Credit Card,Paid,275719.0
12105,5558,2025-10-30,Debit Card,Paid,193687.0
12106,22089,2025-10-30,Cash on Delivery,Paid,13264.2
12107,18349,2025-10-30,Debit Card,Paid,543.0
12108,4273,2025-10-30,UPI,Paid,56882.5
12109,16777,2025-10-30,UPI,Paid,8375.25
12110,23782,2025-10-30,UPI,Paid,38931.95
12111,10887,2025-10-30,Credit Card,Paid,4036.2
12112,19801,2025-10-30,Cash on Delivery,Paid,16177.0
12113,9365,2025-10-30,UPI,Paid,64468.8
12114,11717,2025-10-30,UPI,Paid,44586.4
12115,10918,2025-10-31,UPI,Paid,30966.0
12116,20085,2025-10-31,Credit Card,Paid,5979.2
12117,7131,2025-10-31,Cash on Delivery,Paid,71241.0
12118,5451,2025-10-31,UPI,Paid,23738.6
12119,8391,2025-10-31,Cash on Delivery,Paid,6097.0
12120,20344,2025-10-31,Debit Card,Paid,123211.2
12121,10156,2025-10-31,UPI,Paid,50964.3
12122,3857,2025-10-31,UPI,Paid,15756.7
12123,13810,2025-10-31,UPI,Paid,81330.8
12124,4351,2025-10-31,Net Banking,Paid,9946.1
12125,21924,2025-10-31,Net Banking,Paid,44576.5
12126,20994,2025-10-31,Credit Card,Paid,36638.8
12127,18039,2025-10-31,UPI,Paid,11066.4
12128,23409,2025-10-31,Cash on Delivery,Paid,86471.55
12129,11554,2025-11-01,Credit Card,Paid,70231.2
12130,522,2025-11-01,Credit Card,Paid,86851.8
12131,3256,2025-11-01,Credit Card,Paid,85098.9
12132,23797,2025-11-01,Credit Card,Paid,16721.25
12133,21931,2025-11-01,Credit Card,Paid,2265.85
12134,22829,2025-11-01,Debit Card,Paid,22160.0
12135,376,2025-11-01,UPI,Paid,8725.25
12136,14998,2025-11-01,Cash on Delivery,Paid,38422.5
12137,231,2025-11-01,UPI,Paid,4323.95
12138,6390,2025-11-01,Net Banking,Paid,7404.0
12139,2650,2025-11-01,Credit Card,Paid,14197.4
12140,16979,2025-11-01,UPI,Paid,6448.8
12141,22925,2025-11-01,UPI,Paid,2900.25
12142,24880,2025-11-01,Credit Card,Paid,2063.4
12143,14739,2025-11-01,Debit Card,Paid,50964.3
12144,7509,2025-11-01,Cash on Delivery,Paid,5650.2
12145,1367,2025-11-02,Credit Card,Paid,23561.25
12146,19731,2025-11-02,Cash on Delivery,Paid,50278.75
12147,4529,2025-11-02,Debit Card,Paid,172016.8
12148,19538,2025-11-02,Debit Card,Paid,16724.75
12149,19095,2025-11-02,Debit Card,Paid,71073.0
12150,12794,2025-11-02,Credit Card,Paid,28138.4
12151,24211,2025-11-02,UPI,Paid,109893.5
12152,5245,2025-11-02,Cash on Delivery,Paid,12699.0
12153,15576,2025-11-02,Credit Card,Paid,17216.5
12154,24993,2025-11-02,Credit Card,Paid,981.6
12155,20665,2025-11-02,Net Banking,Paid,35022.55
12156,12955,2025-11-02,Cash on Delivery,Paid,6732.0
12157,13695,2025-11-02,Cash on Delivery,Paid,24988.0
12158,16280,2025-11-02,Debit Card,Paid,16085.4
12159,3397,2025-11-03,Cash on Delivery,Paid,47870.8
12160,4065,2025-11-03,Credit Card,Paid,221.6
12161,19906,2025-11-03,Net Banking,Paid,2560.5
12162,17100,2025-11-03,Credit Card,Paid,263.15
12163,24127,2025-11-03,UPI,Paid,85835.9
12164,12006,2025-11-03,Net Banking,Paid,10893.6
12165,11061,2025-11-03,Debit Card,Paid,74138.7
12166,17674,2025-11-03,UPI,Paid,14517.9
12167,23488,2025-11-03,UPI,Paid,8466.0
12168,11132,2025-11-03,Net Banking,Paid,20957.4
12169,5026,2025-11-03,UPI,Paid,85348.25
12170,160,2025-11-03,UPI,Paid,18425.6
12171,3349,2025-11-03,Net Banking,Paid,44016.0
12172,4645,2025-11-03,Credit Card,Paid,5730.8
12173,7482,2025-11-03,Credit Card,Paid,21953.5
12174,12270,2025-11-03,UPI,Paid,24592.1
12175,14875,2025-11-03,Debit Card,Paid,33100.2
12176,17360,2025-11-03,Credit Card,Paid,34665.0
12177,16879,2025-11-03,Cash on Delivery,Paid,42922.8
12178,17411,2025-11-03,Net Banking,Paid,1229.6
12179,20715,2025-11-03,UPI,Paid,15154.5
12180,24338,2025-11-03,Credit Card,Paid,17336.5
12181,9480,2025-11-04,Cash on Delivery,Paid,41496.0
12182,10345,2025-11-04,UPI,Paid,62053.6
12183,4530,2025-11-04,Credit Card,Paid,4758.0
12184,10718,2025-11-04,Cash on Delivery,Paid,29761.45
12185,24870,2025-11-04,Net Banking,Paid,5703.5
12186,3512,2025-11-04,UPI,Paid,14426.5
12187,5389,2025-11-04,UPI,Paid,3419.1
12188,16715,2025-11-04,Debit Card,Paid,11731.0
12189,10055,2025-11-04,Credit Card,Paid,5346.9
12190,20827,2025-11-04,Debit Card,Paid,86661.1
12191,14683,2025-11-04,UPI,Paid,122623.5
12192,11347,2025-11-04,UPI,Paid,28447.55
12193,4800,2025-11-04,UPI,Paid,18950.75
12194,8109,2025-11-04,UPI,Paid,21180.25
12195,9097,2025-11-04,Credit Card,Paid,1795.2
12196,64,2025-11-04,Debit Card,Paid,122361.0
12197,441,2025-11-04,UPI,Paid,36421.65
12198,12778,2025-11-04,UPI,Paid,25684.0
12199,6892,2025-11-04,Debit Card,Paid,6275.7
12200,20054,2025-11-04,Credit Card,Paid,10431.65
12201,21685,2025-11-04,UPI,Paid,88385.4
12202,10565,2025-11-04,Credit Card,Paid,13783.2
12203,2016,2025-11-04,UPI,Paid,8110.15
12204,6918,2025-11-05,Credit Card,Paid,43444.8
12205,24037,2025-11-05,UPI,Paid,136190.95
12206,2762,2025-11-05,UPI,Paid,46814.9
12207,1689,2025-11-05,Cash on Delivery,Paid,9162.75
12208,466,2025-11-05,Credit Card,Paid,7100.3
12209,7076,2025-11-05,UPI,Paid,219820.8
12210,5479,2025-11-05,UPI,Paid,2698.0
12211,11271,2025-11-05,UPI,Paid,28666.2
12212,8888,2025-11-05,UPI,Paid,152328.15
12213,19320,2025-11-05,UPI,Paid,122073.55
12214,13216,2025-11-05,Credit Card,Paid,10126.55
12215,7275,2025-11-05,UPI,Paid,4024.75
12216,11864,2025-11-05,Cash on Delivery,Paid,3243.3
12217,7996,2025-11-05,UPI,Paid,47785.2
12218,5099,2025-11-05,Cash on Delivery,Paid,5453.6
12219,20099,2025-11-06,Debit Card,Paid,9971.6
12220,4023,2025-11-06,Debit Card,Paid,13979.1
12221,20415,2025-11-06,Credit Card,Paid,6397.5
12222,11349,2025-11-06,Cash on Delivery,Paid,44691.6
12223,4361,2025-11-06,Credit Card,Paid,5055.0
12224,22863,2025-11-06,UPI,Paid,5704.0
12225,9694,2025-11-06,Credit Card,Paid,407.25
12226,5264,2025-11-06,Credit Card,Paid,1888.6
12227,3645,2025-11-06,Credit Card,Paid,1427.0
12228,3964,2025-11-06,Credit Card,Paid,39861.9
12229,24806,2025-11-06,UPI,Paid,30197.6
12230,6567,2025-11-06,UPI,Paid,79271.0
12231,10210,2025-11-06,Cash on Delivery,Paid,249270.0
12232,8741,2025-11-06,UPI,Paid,34949.2
12233,9268,2025-11-06,UPI,Paid,3476.0
12234,19151,2025-11-06,UPI,Paid,56886.3
12235,43,2025-11-06,UPI,Paid,137436.35
12236,6037,2025-11-06,Cash on Delivery,Paid,2094.4
12237,15,2025-11-06,Credit Card,Paid,12803.8
12238,16958,2025-11-06,Cash on Delivery,Paid,16949.3
12239,20349,2025-11-06,Credit Card,Paid,36413.1
12240,21060,2025-11-07,UPI,Paid,41129.3
12241,17605,2025-11-07,UPI,Paid,1738.0
12242,13586,2025-11-07,UPI,Paid,17099.1
12243,13604,2025-11-07,Debit Card,Paid,1220.0
12244,22804,2025-11-07,UPI,Paid,22295.0
12245,21862,2025-11-07,UPI,Paid,67435.1
12246,302,2025-11-07,Debit Card,Paid,39498.5
12247,21677,2025-11-07,Credit Card,Paid,10240.35
12248,6586,2025-11-07,Cash on Delivery,Paid,3669.5
12249,17408,2025-11-07,Credit Card,Paid,2428.2
12250,6984,2025-11-07,UPI,Paid,4079.7
12251,5920,2025-11-07,Cash on Delivery,Paid,4282.2
12252,22038,2025-11-07,Debit Card,Paid,5810.65
12253,24469,2025-11-07,Debit Card,Paid,103264.85
12254,15183,2025-11-07,UPI,Paid,4206.6
12255,644,2025-11-07,Net Banking,Paid,74330.6
12256,14321,2025-11-07,Debit Card,Paid,3806.4
12257,2561,2025-11-07,UPI,Paid,81365.4
12258,12515,2025-11-07,Cash on Delivery,Paid,48281.2
12259,10044,2025-11-07,UPI,Paid,29366.05
12260,17212,2025-11-08,Debit Card,Paid,1165.65
12261,9646,2025-11-08,Credit Card,Paid,1683.0
12262,23646,2025-11-08,Credit Card,Paid,87396.35
12263,20484,2025-11-08,UPI,Paid,9414.0
12264,8599,2025-11-08,UPI,Paid,22773.6
12265,11977,2025-11-08,UPI,Paid,31041.95
12266,22151,2025-11-08,Credit Card,Paid,6468.55
12267,4630,2025-11-08,Debit Card,Paid,79976.8
12268,2740,2025-11-08,UPI,Paid,15729.55
12269,13939,2025-11-08,UPI,Paid,47870.7
12270,15305,2025-11-08,UPI,Paid,3019.5
12271,18479,2025-11-08,Credit Card,Paid,22200.8
12272,2090,2025-11-08,Net Banking,Paid,25171.2
12273,10,2025-11-08,Net Banking,Paid,3533.25
12274,14457,2025-11-08,UPI,Paid,61537.4
12275,5151,2025-11-08,UPI,Paid,3232.8
12276,17790,2025-11-08,UPI,Paid,6498.1
12277,12877,2025-11-08,UPI,Paid,26113.0
12278,385,2025-11-08,UPI,Paid,10891.75
12279,6114,2025-11-09,UPI,Paid,48593.75
12280,5014,2025-11-09,Credit Card,Paid,90432.7
12281,13843,2025-11-09,Debit Card,Paid,20451.0
12282,11266,2025-11-09,Cash on Delivery,Paid,6743.7
12283,2812,2025-11-09,UPI,Paid,1537.0
12284,23634,2025-11-09,Debit Card,Paid,103153.5
12285,1035,2025-11-09,UPI,Paid,5456.0
12286,6173,2025-11-09,Cash on Delivery,Paid,139674.0
12287,2943,2025-11-09,UPI,Paid,5350.75
12288,7197,2025-11-09,UPI,Paid,71357.0
12289,10584,2025-11-09,Net Banking,Paid,49626.8
12290,4391,2025-11-09,Debit Card,Paid,66319.4
12291,8459,2025-11-09,UPI,Paid,875.0
12292,22429,2025-11-09,UPI,Paid,8749.8
12293,16722,2025-11-09,UPI,Paid,7579.8
12294,17152,2025-11-09,Net Banking,Paid,132286.05
12295,12387,2025-11-09,UPI,Paid,36134.0
12296,9472,2025-11-09,UPI,Paid,8989.4
12297,16365,2025-11-10,Credit Card,Paid,7551.2
12298,6767,2025-11-10,Debit Card,Paid,202518.4
12299,16375,2025-11-10,Net Banking,Paid,1250.0
12300,558,2025-11-10,UPI,Paid,132058.05
12301,16077,2025-11-10,Net Banking,Paid,41133.6
12302,20701,2025-11-10,Credit Card,Paid,36470.4
12303,24306,2025-11-10,Debit Card,Paid,26476.8
12304,11310,2025-11-10,Net Banking,Paid,10977.25
12305,10309,2025-11-10,UPI,Paid,470.9
12306,21644,2025-11-10,Debit Card,Paid,49586.8
12307,19698,2025-11-10,UPI,Paid,4030.0
12308,21225,2025-11-10,Credit Card,Paid,13881.0
12309,7861,2025-11-10,Credit Card,Paid,15025.0
12310,6725,2025-11-10,Cash on Delivery,Paid,131858.4
12311,13744,2025-11-10,UPI,Paid,17658.75
12312,24644,2025-11-10,Cash on Delivery,Paid,3187.25
12313,23997,2025-11-11,Cash on Delivery,Paid,86304.75
12314,23211,2025-11-11,UPI,Paid,84047.45
12315,19729,2025-11-11,Net Banking,Paid,54158.55
12316,16402,2025-11-11,Credit Card,Paid,8880.55
12317,5085,2025-11-11,Debit Card,Paid,1561.5
12318,7153,2025-11-11,Debit Card,Paid,277.0
12319,6713,2025-11-11,Credit Card,Paid,66535.6
12320,2293,2025-11-11,Cash on Delivery,Paid,1457.4
12321,14146,2025-11-11,UPI,Paid,48571.1
12322,4323,2025-11-11,Debit Card,Paid,9283.0
12323,8621,2025-11-11,Credit Card,Paid,4239.9
12324,2116,2025-11-11,Net Banking,Paid,149783.6
12325,21332,2025-11-12,UPI,Paid,25072.6
12326,23034,2025-11-12,UPI,Paid,24968.4
12327,16133,2025-11-12,UPI,Paid,16948.5
12328,4095,2025-11-12,Net Banking,Paid,10705.5
12329,7920,2025-11-12,UPI,Paid,4524.85
12330,12456,2025-11-12,Debit Card,Paid,1397.0
12331,2981,2025-11-12,Credit Card,Paid,29465.4
12332,19688,2025-11-12,UPI,Paid,176203.2
12333,2457,2025-11-12,UPI,Paid,10297.3
12334,11753,2025-11-12,UPI,Paid,7084.8
12335,2760,2025-11-12,Credit Card,Paid,19161.6
12336,1846,2025-11-12,UPI,Paid,12296.0
12337,17488,2025-11-12,Net Banking,Paid,27688.2
12338,12203,2025-11-12,UPI,Paid,19593.3
12339,12737,2025-11-12,Credit Card,Paid,37434.5
12340,19743,2025-11-12,Cash on Delivery,Paid,48251.0
12341,14787,2025-11-12,Debit Card,Paid,43273.35
12342,10932,2025-11-12,Debit Card,Paid,134562.0
12343,7279,2025-11-12,Debit Card,Paid,69824.1
12344,1770,2025-11-12,UPI,Paid,10273.6
12345,8348,2025-11-12,Debit Card,Paid,70893.75
12346,20352,2025-11-12,Credit Card,Paid,42360.5
12347,20615,2025-11-12,Cash on Delivery,Paid,3765.6
12348,161,2025-11-13,UPI,Paid,52525.7
12349,4034,2025-11-13,Cash on Delivery,Paid,32654.2
12350,24780,2025-11-13,UPI,Paid,61701.5
12351,16192,2025-11-13,Debit Card,Paid,225.15
12352,77,2025-11-13,Debit Card,Paid,2464.0
12353,12495,2025-11-13,UPI,Paid,23742.0
12354,23740,2025-11-13,Debit Card,Paid,26527.65
12355,11811,2025-11-13,UPI,Paid,30856.6
12356,14585,2025-11-13,UPI,Paid,37815.7
12357,18952,2025-11-13,UPI,Paid,4848.4
12358,5614,2025-11-13,Cash on Delivery,Paid,111010.1
12359,24375,2025-11-13,UPI,Paid,28768.25
12360,9783,2025-11-13,Cash on Delivery,Paid,10110.0
12361,23570,2025-11-13,Net Banking,Paid,33802.0
12362,2635,2025-11-13,UPI,Paid,35852.6
12363,970,2025-11-13,UPI,Paid,21400.95
12364,13223,2025-11-13,Cash on Delivery,Paid,55661.5
12365,32,2025-11-14,UPI,Paid,49498.05
12366,23920,2025-11-14,Credit Card,Paid,42892.2
12367,16366,2025-11-14,Debit Card,Paid,4848.4
12368,11619,2025-11-14,Debit Card,Paid,68694.0
12369,16562,2025-11-14,Debit Card,Paid,18969.1
12370,12610,2025-11-14,Cash on Delivery,Paid,29181.6
12371,22162,2025-11-14,Credit Card,Paid,28141.8
12372,22163,2025-11-14,Credit Card,Paid,16254.0
12373,9702,2025-11-14,UPI,Paid,7619.4
12374,16496,2025-11-14,Cash on Delivery,Paid,4597.9
12375,21012,2025-11-14,UPI,Paid,23115.6
12376,8923,2025-11-14,Credit Card,Paid,37828.8
12377,11861,2025-11-14,UPI,Paid,6578.75
12378,10491,2025-11-14,UPI,Paid,11854.1
12379,7716,2025-11-14,Debit Card,Paid,9156.6
12380,10515,2025-11-14,Credit Card,Paid,14392.2
12381,19119,2025-11-14,Debit Card,Paid,45479.65
12382,13723,2025-11-15,Debit Card,Paid,7923.05
12383,19113,2025-11-15,Debit Card,Paid,23022.7
12384,22323,2025-11-15,Debit Card,Paid,32435.4
12385,12381,2025-11-15,Debit Card,Paid,28218.15
12386,4938,2025-11-15,UPI,Paid,46755.25
12387,23794,2025-11-15,Credit Card,Paid,25684.0
12388,20358,2025-11-15,UPI,Paid,25064.1
12389,24093,2025-11-15,UPI,Paid,105416.05
12390,17131,2025-11-15,Cash on Delivery,Paid,3435.3
12391,17819,2025-11-15,UPI,Paid,34273.85
12392,8948,2025-11-15,UPI,Paid,113447.1
12393,9692,2025-11-15,Cash on Delivery,Paid,40366.8
12394,5193,2025-11-15,Cash on Delivery,Paid,18750.1
12395,3589,2025-11-15,Debit Card,Paid,35195.8
12396,4724,2025-11-15,Debit Card,Paid,3568.5
12397,14453,2025-11-15,Debit Card,Paid,8354.7
12398,4831,2025-11-16,UPI,Paid,9536.1
12399,13528,2025-11-16,UPI,Paid,12199.9
12400,4104,2025-11-16,UPI,Paid,142933.9
12401,21057,2025-11-16,UPI,Paid,206218.1
12402,2324,2025-11-16,Credit Card,Paid,96155.2
12403,20806,2025-11-16,Net Banking,Paid,60340.2
12404,2470,2025-11-16,Cash on Delivery,Paid,37581.9
12405,4867,2025-11-16,UPI,Paid,4265.0
12406,20810,2025-11-16,Credit Card,Paid,163724.2
12407,10697,2025-11-16,Cash on Delivery,Paid,83285.6
12408,13158,2025-11-16,Net Banking,Paid,19553.0
12409,9564,2025-11-16,Credit Card,Paid,94690.5
12410,16476,2025-11-16,UPI,Paid,130485.45
12411,17523,2025-11-16,Debit Card,Paid,69380.9
12412,24750,2025-11-16,Cash on Delivery,Paid,6468.55
12413,15154,2025-11-16,UPI,Paid,8943.3
12414,19513,2025-11-16,Debit Card,Paid,8120.7
12415,19999,2025-11-16,UPI,Paid,21119.6
12416,23134,2025-11-16,UPI,Paid,81934.4
12417,5601,2025-11-17,UPI,Paid,37585.1
12418,6706,2025-11-17,UPI,Paid,10273.6
12419,14345,2025-11-17,UPI,Paid,8726.55
12420,12432,2025-11-17,UPI,Paid,94857.3
12421,10350,2025-11-17,Cash on Delivery,Paid,69025.2
12422,24103,2025-11-17,UPI,Paid,30176.7
12423,13740,2025-11-17,UPI,Paid,711.0
12424,13791,2025-11-17,Net Banking,Paid,3817.0
12425,7715,2025-11-17,UPI,Paid,5418.8
12426,23546,2025-11-17,UPI,Paid,34894.6
12427,4344,2025-11-17,Debit Card,Paid,9608.5
12428,10001,2025-11-17,Credit Card,Paid,6352.9
12429,6474,2025-11-17,UPI,Paid,26254.5
12430,23378,2025-11-17,UPI,Paid,1777.0
12431,21024,2025-11-17,Cash on Delivery,Paid,3668.9
12432,3076,2025-11-17,UPI,Paid,37569.0
12433,17155,2025-11-17,UPI,Paid,10148.4
12434,14937,2025-11-17,Debit Card,Paid,37349.6
12435,16025,2025-11-17,UPI,Paid,40327.9
12436,6276,2025-11-17,UPI,Paid,8322.95
12437,6666,2025-11-17,UPI,Paid,3560.6
12438,17401,2025-11-18,Credit Card,Paid,136118.85
12439,4526,2025-11-18,UPI,Paid,3430.6
12440,1335,2025-11-18,Debit Card,Paid,29211.85
12441,23742,2025-11-18,Debit Card,Paid,3137.35
12442,24049,2025-11-18,UPI,Paid,169414.3
12443,5526,2025-11-18,Credit Card,Paid,6106.4
12444,18279,2025-11-18,Credit Card,Paid,207273.45
12445,21932,2025-11-18,Credit Card,Paid,6046.3
12446,11594,2025-11-18,Credit Card,Paid,4475.45
12447,14620,2025-11-18,Cash on Delivery,Paid,16709.4
12448,7022,2025-11-18,UPI,Paid,6128.1
12449,11982,2025-11-18,Credit Card,Paid,9526.0
12450,6305,2025-11-19,Cash on Delivery,Paid,5927.05
12451,3583,2025-11-19,Debit Card,Paid,1780.3
12452,22858,2025-11-19,Cash on Delivery,Paid,9722.0
12453,13315,2025-11-19,Debit Card,Paid,19692.55
12454,20784,2025-11-19,Debit Card,Paid,55054.5
12455,1662,2025-11-19,Credit Card,Paid,5418.8
12456,1880,2025-11-19,Credit Card,Paid,2094.4
12457,9283,2025-11-19,Debit Card,Paid,148334.0
12458,20171,2025-11-19,Debit Card,Paid,42841.15
12459,17409,2025-11-19,Net Banking,Paid,3019.5
12460,20078,2025-11-19,UPI,Paid,13965.45
12461,12666,2025-11-19,UPI,Paid,11431.2
12462,1897,2025-11-19,Credit Card,Paid,12816.25
12463,300,2025-11-19,Credit Card,Paid,6743.7
12464,3946,2025-11-19,Net Banking,Paid,175184.65
12465,18232,2025-11-19,Credit Card,Paid,17952.5
12466,22565,2025-11-19,Debit Card,Paid,4079.7
12467,15825,2025-11-19,Cash on Delivery,Paid,142845.0
12468,7600,2025-11-19,Cash on Delivery,Paid,9677.4
12469,7030,2025-11-19,Debit Card,Paid,6498.1
12470,3315,2025-11-19,UPI,Paid,42832.35
12471,7672,2025-11-19,Credit Card,Paid,2563.1
12472,18605,2025-11-20,UPI,Paid,81953.7
12473,18958,2025-11-20,UPI,Paid,33141.95
12474,15656,2025-11-20,UPI,Paid,102711.0
12475,3150,2025-11-20,UPI,Paid,137388.0
12476,13320,2025-11-20,UPI,Paid,8814.0
12477,16984,2025-11-20,Net Banking,Paid,33172.0
12478,384,2025-11-20,Credit Card,Paid,44639.0
12479,14243,2025-11-20,Cash on Delivery,Paid,99736.9
12480,4218,2025-11-20,UPI,Paid,12833.75
12481,4266,2025-11-20,Credit Card,Paid,58207.45
12482,10504,2025-11-20,Debit Card,Paid,13934.0
12483,1297,2025-11-20,UPI,Paid,12199.9
12484,10226,2025-11-20,Credit Card,Paid,1227.0
12485,2176,2025-11-20,Cash on Delivery,Paid,6199.2
12486,22564,2025-11-20,Cash on Delivery,Paid,3355.0
12487,16325,2025-11-20,Debit Card,Paid,3435.3
12488,5124,2025-11-20,Cash on Delivery,Paid,13147.8
12489,23620,2025-11-20,UPI,Paid,37905.6
12490,15544,2025-11-20,Debit Card,Paid,123518.6
12491,8938,2025-11-20,UPI,Paid,13545.1
12492,5507,2025-11-20,UPI,Paid,10176.9
12493,7682,2025-11-20,Cash on Delivery,Paid,1397.0
12494,13967,2025-11-21,Credit Card,Paid,8502.9
12495,68,2025-11-21,UPI,Paid,44130.4
12496,3406,2025-11-21,Credit Card,Paid,2250.0
12497,18407,2025-11-21,Credit Card,Paid,13946.0
12498,14369,2025-11-21,Debit Card,Paid,9007.7
12499,4770,2025-11-21,UPI,Paid,32259.8
12500,17971,2025-11-21,Debit Card,Paid,53255.3
12501,17590,2025-11-21,Net Banking,Paid,526.3
12502,2504,2025-11-21,Credit Card,Paid,26345.4
12503,18153,2025-11-21,Credit Card,Paid,40193.1
12504,7257,2025-11-21,Credit Card,Paid,14494.2
12505,14640,2025-11-21,Cash on Delivery,Paid,25448.3
12506,22755,2025-11-21,Debit Card,Paid,13734.9
12507,18823,2025-11-21,UPI,Paid,34827.9
12508,1463,2025-11-21,Cash on Delivery,Paid,1839.6
12509,1655,2025-11-21,Credit Card,Paid,9422.0
12510,7457,2025-11-21,UPI,Paid,27848.45
12511,11575,2025-11-21,Cash on Delivery,Paid,112707.0
12512,19761,2025-11-21,UPI,Paid,4682.15
12513,19357,2025-11-21,Credit Card,Paid,86304.75
12514,5665,2025-11-22,Credit Card,Paid,5508.1
12515,23791,2025-11-22,Cash on Delivery,Paid,6578.75
12516,9372,2025-11-22,Cash on Delivery,Paid,18962.1
12517,4592,2025-11-22,Credit Card,Paid,72694.1
12518,7417,2025-11-22,Credit Card,Paid,6097.0
12519,10617,2025-11-22,Debit Card,Paid,7467.8
12520,16007,2025-11-22,UPI,Paid,5946.15
12521,15202,2025-11-22,UPI,Paid,32136.6
12522,21165,2025-11-22,Net Banking,Paid,32178.4
12523,3819,2025-11-22,UPI,Paid,8612.7
12524,18087,2025-11-22,UPI,Paid,3910.5
12525,22191,2025-11-22,Cash on Delivery,Paid,415.0
12526,19260,2025-11-22,Cash on Delivery,Paid,1104.25
12527,16529,2025-11-22,UPI,Paid,41523.1
12528,24165,2025-11-22,Debit Card,Paid,39296.0
12529,21700,2025-11-22,UPI,Paid,38931.95
12530,19074,2025-11-22,UPI,Paid,35987.9
12531,9629,2025-11-23,UPI,Paid,91978.4
12532,21239,2025-11-23,UPI,Paid,42001.55
12533,15357,2025-11-23,UPI,Paid,41223.95
12534,10490,2025-11-23,Cash on Delivery,Paid,9722.0
12535,22859,2025-11-23,UPI,Paid,59958.0
12536,24833,2025-11-23,Net Banking,Paid,11408.0
12537,504,2025-11-23,Cash on Delivery,Paid,33479.25
12538,1500,2025-11-23,UPI,Paid,139021.4
12539,6163,2025-11-23,Debit Card,Paid,52170.0
12540,20509,2025-11-23,UPI,Paid,3286.95
12541,14182,2025-11-23,Credit Card,Paid,5133.0
12542,9262,2025-11-23,Debit Card,Paid,9590.75
12543,6526,2025-11-23,UPI,Paid,18505.55
12544,19156,2025-11-23,Debit Card,Paid,105087.45
12545,22113,2025-11-23,Credit Card,Paid,5418.0
12546,20384,2025-11-23,UPI,Paid,10977.25
12547,10009,2025-11-23,Credit Card,Paid,71381.1
12548,12338,2025-11-23,Net Banking,Paid,8536.4
12549,24117,2025-11-23,Credit Card,Paid,75811.2
12550,11582,2025-11-24,UPI,Paid,65395.15
12551,1930,2025-11-24,UPI,Paid,2987.75
12552,6562,2025-11-24,Credit Card,Paid,36888.0
12553,1355,2025-11-24,UPI,Paid,3768.8
12554,8806,2025-11-24,UPI,Paid,49199.65
12555,4314,2025-11-24,UPI,Paid,3838.5
12556,8458,2025-11-24,UPI,Paid,3673.65
12557,11394,2025-11-24,Debit Card,Paid,8887.8
12558,13218,2025-11-24,Debit Card,Paid,27159.45
12559,23390,2025-11-24,Cash on Delivery,Paid,36162.4
12560,12107,2025-11-24,Debit Card,Paid,20243.2
12561,12948,2025-11-24,Credit Card,Paid,246126.05
12562,19077,2025-11-24,UPI,Paid,61271.0
12563,15826,2025-11-24,UPI,Paid,17002.15
12564,13785,2025-11-24,UPI,Paid,2698.0
12565,13610,2025-11-24,Credit Card,Paid,33758.1
12566,4165,2025-11-24,UPI,Paid,12531.9
12567,15758,2025-11-24,UPI,Paid,50712.2
12568,13230,2025-11-24,Credit Card,Paid,2387.0
12569,20039,2025-11-25,UPI,Paid,8950.0
12570,22889,2025-11-25,Credit Card,Paid,39907.5
12571,21436,2025-11-25,UPI,Paid,3853.05
12572,11560,2025-11-25,UPI,Paid,106124.7
12573,4375,2025-11-25,Net Banking,Paid,19536.9
12574,17721,2025-11-25,Credit Card,Paid,46534.7
12575,18700,2025-11-25,UPI,Paid,5453.6
12576,11597,2025-11-25,Debit Card,Paid,26906.4
12577,10974,2025-11-25,Debit Card,Paid,9088.3
12578,5325,2025-11-25,UPI,Paid,6624.35
12579,20165,2025-11-25,Credit Card,Paid,6663.6
12580,20669,2025-11-25,Credit Card,Paid,1846.2
12581,362,2025-11-25,Credit Card,Paid,89095.8
12582,10406,2025-11-25,Cash on Delivery,Paid,16190.6
12583,9481,2025-11-25,Net Banking,Paid,48492.05
12584,6720,2025-11-25,Credit Card,Paid,7598.0
12585,1504,2025-11-25,Credit Card,Paid,10695.4
12586,6095,2025-11-25,Debit Card,Paid,62120.0
12587,23213,2025-11-25,UPI,Paid,554.0
12588,8670,2025-11-25,Debit Card,Paid,59822.3
12589,21615,2025-11-25,Credit Card,Paid,157480.95
12590,21300,2025-11-25,Debit Card,Paid,11559.15
12591,17381,2025-11-26,Credit Card,Paid,4848.4
12592,17743,2025-11-26,Debit Card,Paid,47409.3
12593,11226,2025-11-26,UPI,Paid,105685.15
12594,21179,2025-11-26,UPI,Paid,21069.0
12595,11870,2025-11-26,Credit Card,Paid,12719.7
12596,22414,2025-11-26,UPI,Paid,143212.65
12597,4054,2025-11-26,Credit Card,Paid,18173.95
12598,10078,2025-11-26,Credit Card,Paid,45308.8
12599,8051,2025-11-26,Debit Card,Paid,27855.2
12600,3885,2025-11-26,UPI,Paid,15751.2
12601,9719,2025-11-26,UPI,Paid,157391.0
12602,19811,2025-11-26,Credit Card,Paid,125956.25
12603,2952,2025-11-26,UPI,Paid,81951.0
12604,3804,2025-11-26,Debit Card,Paid,12486.35
12605,10720,2025-11-26,UPI,Paid,11453.75
12606,8510,2025-11-26,Debit Card,Paid,13960.2
12607,6621,2025-11-26,Net Banking,Paid,4239.9
12608,15893,2025-11-26,Debit Card,Paid,165486.15
12609,9258,2025-11-26,Debit Card,Paid,11557.8
12610,5548,2025-11-27,Debit Card,Paid,80017.25
12611,19169,2025-11-27,UPI,Paid,3539.4
12612,13453,2025-11-27,UPI,Paid,13829.95
12613,3293,2025-11-27,Cash on Delivery,Paid,188955.0
12614,17719,2025-11-27,Credit Card,Paid,19207.8
12615,24423,2025-11-27,Debit Card,Paid,17132.4
12616,13633,2025-11-27,UPI,Paid,2877.2
12617,8062,2025-11-27,Credit Card,Paid,62518.75
12618,240,2025-11-27,Credit Card,Paid,379.2
12619,5098,2025-11-27,UPI,Paid,82369.8
12620,12620,2025-11-27,Debit Card,Paid,56526.1
12621,10040,2025-11-27,UPI,Paid,4830.45
12622,20391,2025-11-27,UPI,Paid,103783.2
12623,18493,2025-11-27,Cash on Delivery,Paid,10836.0
12624,42,2025-11-27,Net Banking,Paid,40123.1
12625,12003,2025-11-27,UPI,Paid,8686.4
12626,5396,2025-11-27,Credit Card,Paid,15407.45
12627,6456,2025-11-27,Debit Card,Paid,4265.0
12628,15291,2025-11-27,UPI,Paid,64582.5
12629,9995,2025-11-27,Net Banking,Paid,70796.3
12630,2032,2025-11-28,Credit Card,Paid,45012.9
12631,11716,2025-11-28,UPI,Paid,5369.4
12632,13828,2025-11-28,UPI,Paid,12013.05
12633,12343,2025-11-28,Debit Card,Paid,7703.0
12634,3706,2025-11-28,Credit Card,Paid,900.0
12635,16811,2025-11-28,Debit Card,Paid,4063.5
12636,20779,2025-11-28,Debit Card,Paid,102195.7
12637,5308,2025-11-28,UPI,Paid,69837.0
12638,11126,2025-11-28,Credit Card,Paid,67058.3
12639,1969,2025-11-28,Cash on Delivery,Paid,85114.8
12640,19982,2025-11-28,Credit Card,Paid,58778.2
12641,17404,2025-11-28,Debit Card,Paid,211315.6
12642,3195,2025-11-28,UPI,Paid,72129.3
12643,14364,2025-11-28,Net Banking,Paid,13634.0
12644,5629,2025-11-28,UPI,Paid,33674.0
12645,9060,2025-11-28,UPI,Paid,10792.0
12646,5793,2025-11-28,UPI,Paid,1888.6
12647,9145,2025-11-28,Debit Card,Paid,8050.3
12648,18600,2025-11-28,Credit Card,Paid,152892.9
12649,9916,2025-11-28,UPI,Paid,74625.0
12650,18265,2025-11-28,UPI,Paid,137388.0
12651,23119,2025-11-28,Debit Card,Paid,51565.4
12652,8360,2025-11-29,Net Banking,Paid,1332.75
12653,22313,2025-11-29,Credit Card,Paid,150276.0
12654,16105,2025-11-29,Net Banking,Paid,40486.4
12655,7588,2025-11-29,Net Banking,Paid,11218.8
12656,4850,2025-11-29,UPI,Paid,59958.0
12657,24185,2025-11-29,UPI,Paid,30445.3
12658,22391,2025-11-29,Credit Card,Paid,3801.9
12659,11555,2025-11-29,Debit Card,Paid,23915.85
12660,3322,2025-11-29,Net Banking,Paid,14497.95
12661,4202,2025-11-29,UPI,Paid,7871.6
12662,23628,2025-11-29,Debit Card,Paid,5245.1
12663,15196,2025-11-29,UPI,Paid,5605.5
12664,21500,2025-11-29,Credit Card,Paid,3410.0
12665,13985,2025-11-30,Credit Card,Paid,1460.15
12666,1084,2025-11-30,Debit Card,Paid,94346.4
12667,22797,2025-11-30,UPI,Paid,7781.2
12668,2855,2025-11-30,UPI,Paid,59958.0
12669,7209,2025-11-30,Debit Card,Paid,21069.0
12670,16514,2025-11-30,UPI,Paid,98755.8
12671,24129,2025-11-30,UPI,Paid,488.7
12672,23704,2025-11-30,Debit Card,Paid,10915.7
12673,16332,2025-11-30,Cash on Delivery,Paid,1599.3
12674,19301,2025-12-01,Cash on Delivery,Paid,52567.9
12675,21710,2025-12-01,UPI,Paid,11555.0
12676,23027,2025-12-01,UPI,Paid,1152.75
12677,13105,2025-12-01,Cash on Delivery,Paid,87799.3
12678,17368,2025-12-01,Net Banking,Paid,114404.0
12679,6693,2025-12-01,Debit Card,Paid,33384.4
12680,16260,2025-12-01,UPI,Paid,3419.1
12681,18229,2025-12-01,Credit Card,Paid,87640.95
12682,24393,2025-12-01,Credit Card,Paid,16168.0
12683,8408,2025-12-01,Credit Card,Paid,1499.2
12684,23812,2025-12-01,Cash on Delivery,Paid,8751.25
12685,2512,2025-12-01,UPI,Paid,15156.85
12686,3123,2025-12-01,Credit Card,Paid,48381.1
12687,13268,2025-12-01,UPI,Paid,29181.6
12688,11863,2025-12-01,Debit Card,Paid,59316.3
12689,14310,2025-12-01,Credit Card,Paid,174973.55
12690,4001,2025-12-01,Credit Card,Paid,21221.5
12691,19573,2025-12-01,Debit Card,Paid,1537.0
12692,13753,2025-12-01,Debit Card,Paid,9065.6
12693,483,2025-12-01,Net Banking,Paid,32245.8
12694,3916,2025-12-01,UPI,Paid,6828.0
12695,4691,2025-12-01,Cash on Delivery,Paid,16507.2
12696,22204,2025-12-01,Debit Card,Paid,1537.0
12697,21562,2025-12-01,UPI,Paid,62997.9
12698,15124,2025-12-01,Debit Card,Paid,17013.55
12699,17863,2025-12-01,UPI,Paid,1165.65
12700,6222,2025-12-02,Credit Card,Paid,19913.9
12701,1102,2025-12-02,Net Banking,Paid,70893.75
12702,20720,2025-12-02,Cash on Delivery,Paid,515.85
12703,9647,2025-12-02,UPI,Paid,57089.1
12704,21633,2025-12-02,Cash on Delivery,Paid,49862.6
12705,7245,2025-12-02,UPI,Paid,14341.2
12706,4030,2025-12-02,Cash on Delivery,Paid,16721.25
12707,22895,2025-12-02,UPI,Paid,274776.0
12708,17073,2025-12-02,Net Banking,Paid,42643.8
12709,5571,2025-12-02,Credit Card,Paid,9752.7
12710,23585,2025-12-02,UPI,Paid,40193.1
12711,3239,2025-12-02,UPI,Paid,17637.7
12712,9594,2025-12-02,Debit Card,Paid,8657.0
12713,17706,2025-12-02,Debit Card,Paid,7492.75
12714,16400,2025-12-02,Credit Card,Paid,74860.45
12715,19463,2025-12-03,Credit Card,Paid,9298.85
12716,5126,2025-12-03,Debit Card,Paid,18101.5
12717,12648,2025-12-03,Net Banking,Paid,10065.0
12718,4460,2025-12-03,UPI,Paid,6624.35
12719,11702,2025-12-03,UPI,Paid,7108.8
12720,24526,2025-12-03,Cash on Delivery,Paid,3228.8
12721,20117,2025-12-03,UPI,Paid,12354.0
12722,22716,2025-12-03,UPI,Paid,60698.7
12723,15866,2025-12-03,Credit Card,Paid,30677.8
12724,5284,2025-12-03,Cash on Delivery,Paid,9542.6
12725,11917,2025-12-03,UPI,Paid,120824.1
12726,14895,2025-12-03,Cash on Delivery,Paid,8749.8
12727,19312,2025-12-03,Net Banking,Paid,6573.6
12728,15475,2025-12-03,Credit Card,Paid,42903.9
12729,4480,2025-12-03,UPI,Paid,488.7
12730,21410,2025-12-03,Debit Card,Paid,9099.0
12731,18102,2025-12-03,UPI,Paid,23661.4
12732,24640,2025-12-03,Cash on Delivery,Paid,7630.5
12733,21628,2025-12-03,Credit Card,Paid,1187.5
12734,10003,2025-12-03,Credit Card,Paid,5385.6
12735,12164,2025-12-03,Net Banking,Paid,70893.75
12736,3343,2025-12-03,UPI,Paid,19280.5
12737,7055,2025-12-03,Net Banking,Paid,71515.8
12738,2347,2025-12-04,UPI,Paid,83522.1
12739,11426,2025-12-04,UPI,Paid,113629.4
12740,2886,2025-12-04,UPI,Paid,3355.0
12741,15601,2025-12-04,Net Banking,Paid,43398.0
12742,9034,2025-12-04,Credit Card,Paid,5133.6
12743,6503,2025-12-04,UPI,Paid,5645.7
12744,16907,2025-12-04,UPI,Paid,161605.2
12745,7325,2025-12-04,Credit Card,Paid,18810.25
12746,10331,2025-12-04,Cash on Delivery,Paid,11549.25
12747,1299,2025-12-04,UPI,Paid,3355.0
12748,2873,2025-12-04,Credit Card,Paid,74398.0
12749,13860,2025-12-04,Debit Card,Paid,10291.8
12750,18023,2025-12-04,Debit Card,Paid,89910.1
12751,5579,2025-12-04,Cash on Delivery,Paid,66472.0
12752,19187,2025-12-04,Cash on Delivery,Paid,22489.2
12753,17762,2025-12-05,UPI,Paid,12296.0
12754,19412,2025-12-05,UPI,Paid,443.2
12755,20570,2025-12-05,Debit Card,Paid,3414.0
12756,20513,2025-12-05,UPI,Paid,12220.1
12757,4744,2025-12-05,Debit Card,Paid,1042.95
12758,17684,2025-12-05,UPI,Paid,111739.2
12759,9751,2025-12-05,UPI,Paid,26400.7
12760,14645,2025-12-05,Net Banking,Paid,202030.5
12761,14971,2025-12-05,Credit Card,Paid,25398.0
12762,13849,2025-12-05,Credit Card,Paid,90803.3
12763,15639,2025-12-05,Debit Card,Paid,15602.1
12764,1695,2025-12-05,UPI,Paid,55184.5
12765,24187,2025-12-05,UPI,Paid,329.0
12766,2405,2025-12-05,UPI,Paid,8415.9
12767,23967,2025-12-05,Credit Card,Paid,2698.0
12768,16513,2025-12-05,Cash on Delivery,Paid,14200.6
12769,12805,2025-12-05,Debit Card,Paid,15920.1
12770,1156,2025-12-06,Credit Card,Paid,34686.0
12771,15718,2025-12-06,Cash on Delivery,Paid,189.6
12772,5418,2025-12-06,UPI,Paid,27041.6
12773,4115,2025-12-06,Cash on Delivery,Paid,25064.1
12774,19602,2025-12-06,UPI,Paid,1665.6
12775,10919,2025-12-06,UPI,Paid,10028.55
12776,12785,2025-12-06,UPI,Paid,70225.2
12777,776,2025-12-06,UPI,Paid,141384.6
12778,1994,2025-12-06,UPI,Paid,8322.95
12779,21096,2025-12-06,Credit Card,Paid,2244.0
12780,22361,2025-12-06,UPI,Paid,93456.4
12781,1018,2025-12-06,UPI,Paid,34673.4
12782,5165,2025-12-06,UPI,Paid,5722.2
12783,10679,2025-12-06,Debit Card,Paid,12296.0
12784,1293,2025-12-06,Cash on Delivery,Paid,26769.8
12785,4304,2025-12-06,Debit Card,Paid,21630.4
12786,5939,2025-12-06,Cash on Delivery,Paid,18950.75
12787,904,2025-12-06,Credit Card,Paid,7066.5
12788,238,2025-12-06,Cash on Delivery,Paid,45012.9
12789,24441,2025-12-06,Credit Card,Paid,1971.2
12790,2853,2025-12-06,UPI,Paid,3981.45
12791,23745,2025-12-06,Credit Card,Paid,60269.1
12792,11842,2025-12-06,Cash on Delivery,Paid,41609.6
12793,7009,2025-12-06,Credit Card,Paid,126417.6
12794,14696,2025-12-06,UPI,Paid,498.6
12795,13919,2025-12-06,Cash on Delivery,Paid,3001.5
12796,9809,2025-12-07,UPI,Paid,158792.0
12797,19337,2025-12-07,Credit Card,Paid,44921.7
12798,21890,2025-12-07,Cash on Delivery,Paid,9493.25
12799,24901,2025-12-07,Debit Card,Paid,1477.3
12800,7230,2025-12-07,UPI,Paid,3399.75
12801,14496,2025-12-07,UPI,Paid,12631.5
12802,12861,2025-12-07,UPI,Paid,131591.6
12803,11435,2025-12-07,UPI,Paid,62853.3
12804,24025,2025-12-07,Cash on Delivery,Paid,1212.95
12805,12236,2025-12-07,UPI,Paid,75706.0
12806,15408,2025-12-07,UPI,Paid,154109.2
12807,14154,2025-12-07,Net Banking,Paid,32424.0
12808,13690,2025-12-07,UPI,Paid,981.6
12809,10201,2025-12-08,Credit Card,Paid,8530.0
12810,12157,2025-12-08,Credit Card,Paid,38094.3
12811,2341,2025-12-08,Cash on Delivery,Paid,6068.4
12812,4000,2025-12-08,UPI,Paid,5979.2
12813,1714,2025-12-08,UPI,Paid,1803.6
12814,588,2025-12-08,UPI,Paid,127599.8
12815,24003,2025-12-08,UPI,Paid,1227.0
12816,8110,2025-12-08,Debit Card,Paid,21588.3
12817,12668,2025-12-08,UPI,Paid,6295.0
12818,5339,2025-12-08,Credit Card,Paid,84621.8
12819,3824,2025-12-08,Cash on Delivery,Paid,79290.4
12820,7320,2025-12-08,UPI,Paid,59361.45
12821,17709,2025-12-08,Net Banking,Paid,12176.6
12822,12978,2025-12-08,Credit Card,Paid,4002.0
12823,1070,2025-12-08,Debit Card,Paid,8188.05
12824,17461,2025-12-09,Net Banking,Paid,4334.4
12825,4885,2025-12-09,Credit Card,Paid,7392.0
12826,1821,2025-12-09,Cash on Delivery,Paid,6003.0
12827,19880,2025-12-09,Debit Card,Paid,7598.0
12828,7043,2025-12-09,Cash on Delivery,Paid,1165.65
12829,1441,2025-12-09,UPI,Paid,63835.35
12830,21458,2025-12-09,UPI,Paid,11767.9
12831,16953,2025-12-09,UPI,Paid,7863.15
12832,8197,2025-12-09,UPI,Paid,7888.0
12833,16289,2025-12-09,Cash on Delivery,Paid,67997.3
12834,16275,2025-12-09,UPI,Paid,29433.85
12835,7824,2025-12-09,UPI,Paid,9422.0
12836,18471,2025-12-09,Net Banking,Paid,19263.0
12837,295,2025-12-09,UPI,Paid,23852.8
12838,13238,2025-12-09,Cash on Delivery,Paid,94821.6
12839,17607,2025-12-09,UPI,Paid,5794.45
12840,24391,2025-12-09,Net Banking,Paid,5794.45
12841,4764,2025-12-09,UPI,Paid,3410.0
12842,12044,2025-12-10,Credit Card,Paid,9126.4
12843,8562,2025-12-10,Credit Card,Paid,664.0
12844,17064,2025-12-10,Credit Card,Paid,7449.3
12845,8233,2025-12-10,Cash on Delivery,Paid,10230.0
12846,5900,2025-12-10,Cash on Delivery,Paid,11066.4
12847,17595,2025-12-10,UPI,Paid,80003.25
12848,9682,2025-12-10,UPI,Paid,59361.45
12849,24999,2025-12-10,UPI,Paid,1620.0
12850,3044,2025-12-10,Debit Card,Paid,63464.4
12851,8537,2025-12-10,Cash on Delivery,Paid,23738.6
12852,16442,2025-12-10,UPI,Paid,3074.0
12853,24155,2025-12-10,Cash on Delivery,Paid,30113.6
12854,20418,2025-12-10,Cash on Delivery,Paid,19910.1
12855,21797,2025-12-10,UPI,Paid,2794.0
12856,24342,2025-12-10,Credit Card,Paid,6135.3
12857,111,2025-12-10,UPI,Paid,2158.4
12858,16591,2025-12-11,Credit Card,Paid,35536.5
12859,17726,2025-12-11,Credit Card,Paid,41970.6
12860,21011,2025-12-11,Credit Card,Paid,1873.8
12861,18248,2025-12-11,UPI,Paid,18566.0
12862,9829,2025-12-11,Debit Card,Paid,13032.3
12863,801,2025-12-11,Debit Card,Paid,77227.25
12864,3704,2025-12-11,UPI,Paid,108552.95
12865,18636,2025-12-11,UPI,Paid,81948.0
12866,10793,2025-12-11,Credit Card,Paid,21807.35
12867,4250,2025-12-11,UPI,Paid,8253.6
12868,10845,2025-12-11,Debit Card,Paid,35817.3
12869,5746,2025-12-11,UPI,Paid,11557.8
12870,4506,2025-12-11,UPI,Paid,50542.2
12871,8257,2025-12-11,Cash on Delivery,Paid,1525.0
12872,17911,2025-12-11,UPI,Paid,2244.0
12873,15131,2025-12-11,Debit Card,Paid,59531.85
12874,11339,2025-12-11,Net Banking,Paid,53962.2
12875,3747,2025-12-11,UPI,Paid,40274.7
12876,9733,2025-12-11,UPI,Paid,3560.9
12877,2651,2025-12-12,Debit Card,Paid,103525.2
12878,14109,2025-12-12,Credit Card,Paid,3603.05
12879,19865,2025-12-12,Net Banking,Paid,4079.7
12880,20470,2025-12-12,Cash on Delivery,Paid,207.75
12881,21829,2025-12-12,Cash on Delivery,Paid,7699.5
12882,20873,2025-12-12,UPI,Paid,394.25
12883,15244,2025-12-12,UPI,Paid,54152.0
12884,6498,2025-12-12,Credit Card,Paid,5923.2
12885,22538,2025-12-12,Cash on Delivery,Paid,44536.85
12886,2089,2025-12-12,UPI,Paid,9047.2
12887,10171,2025-12-12,UPI,Paid,32257.8
12888,2166,2025-12-12,UPI,Paid,2728.0
12889,10603,2025-12-12,Credit Card,Paid,39806.0
12890,10531,2025-12-12,Credit Card,Paid,23783.9
12891,3259,2025-12-12,UPI,Paid,27131.15
12892,17667,2025-12-12,Debit Card,Paid,14200.6
12893,19029,2025-12-12,Net Banking,Paid,26707.6
12894,2381,2025-12-12,UPI,Paid,44921.7
12895,1934,2025-12-12,UPI,Paid,5886.25
12896,8141,2025-12-12,Debit Card,Paid,6940.6
12897,18113,2025-12-12,UPI,Paid,13808.3
12898,23299,2025-12-12,UPI,Paid,100193.05
12899,15348,2025-12-12,Debit Card,Paid,48388.4
12900,10489,2025-12-12,Debit Card,Paid,67763.5
12901,20128,2025-12-12,UPI,Paid,44921.7
12902,8821,2025-12-13,Debit Card,Paid,47538.0
12903,7930,2025-12-13,Credit Card,Paid,554.0
12904,20536,2025-12-13,Cash on Delivery,Paid,102461.3
12905,21014,2025-12-13,Cash on Delivery,Paid,40141.95
12906,8561,2025-12-13,Credit Card,Paid,19081.1
12907,10572,2025-12-13,Cash on Delivery,Paid,937.5
12908,13008,2025-12-13,Credit Card,Paid,6468.55
12909,6678,2025-12-13,Debit Card,Paid,28532.0
12910,7326,2025-12-13,Credit Card,Paid,3801.9
12911,23895,2025-12-13,UPI,Paid,15889.2
12912,617,2025-12-13,UPI,Paid,37556.5
12913,15137,2025-12-13,Cash on Delivery,Paid,3355.0
12914,1014,2025-12-13,UPI,Paid,131086.4
12915,19238,2025-12-13,Credit Card,Paid,32625.0
12916,8865,2025-12-13,UPI,Paid,9796.4
12917,6628,2025-12-13,Credit Card,Paid,52377.75
12918,9061,2025-12-13,Cash on Delivery,Paid,20287.5
12919,7597,2025-12-13,Credit Card,Paid,1634.0
12920,24501,2025-12-13,Credit Card,Paid,6820.0
12921,3669,2025-12-13,UPI,Paid,49804.0
12922,15580,2025-12-14,Cash on Delivery,Paid,6124.45
12923,18826,2025-12-14,Net Banking,Paid,4239.9
12924,24366,2025-12-14,Credit Card,Paid,41115.6
12925,1820,2025-12-14,Debit Card,Paid,36095.5
12926,22884,2025-12-14,UPI,Paid,9439.0
12927,11186,2025-12-14,UPI,Paid,60122.65
12928,2610,2025-12-14,UPI,Paid,4520.1
12929,13802,2025-12-14,UPI,Paid,28277.7
12930,11109,2025-12-14,Credit Card,Paid,48771.8
12931,12522,2025-12-14,Net Banking,Paid,20192.5
12932,6863,2025-12-14,UPI,Paid,110977.7
12933,10261,2025-12-14,Debit Card,Paid,1651.1
12934,18913,2025-12-14,UPI,Paid,6162.4
12935,12223,2025-12-14,Credit Card,Paid,7474.0
12936,13415,2025-12-14,Credit Card,Paid,22504.5
12937,24796,2025-12-15,UPI,Paid,84385.2
12938,17196,2025-12-15,Net Banking,Paid,18249.25
12939,10992,2025-12-15,Debit Card,Paid,6329.85
12940,21508,2025-12-15,UPI,Paid,115690.65
12941,14984,2025-12-15,UPI,Paid,2698.0
12942,12396,2025-12-15,Net Banking,Paid,6925.0
12943,14818,2025-12-15,UPI,Paid,44411.3
12944,19106,2025-12-15,Net Banking,Paid,64021.6
12945,2152,2025-12-15,Cash on Delivery,Paid,103267.25
12946,2535,2025-12-15,UPI,Paid,16085.4
12947,6295,2025-12-15,UPI,Paid,2019.6
12948,17701,2025-12-15,UPI,Paid,2694.0
12949,13561,2025-12-15,Cash on Delivery,Paid,23109.0
12950,1505,2025-12-16,UPI,Paid,194411.0
12951,7342,2025-12-16,UPI,Paid,58792.25
12952,10734,2025-12-16,UPI,Paid,6805.4
12953,22143,2025-12-16,Cash on Delivery,Paid,7850.0
12954,17139,2025-12-16,UPI,Paid,10648.8
12955,16995,2025-12-16,UPI,Paid,40940.4
12956,4544,2025-12-16,Cash on Delivery,Paid,14237.8
12957,9997,2025-12-16,UPI,Paid,4711.0
12958,21938,2025-12-16,UPI,Paid,7920.0
12959,7625,2025-12-16,Credit Card,Paid,13153.7
12960,7543,2025-12-16,Credit Card,Paid,6663.6
12961,23335,2025-12-16,Credit Card,Paid,3198.6
12962,3457,2025-12-16,UPI,Paid,37771.85
12963,6955,2025-12-17,Net Banking,Paid,24164.7
12964,19593,2025-12-17,Net Banking,Paid,1803.6
12965,24124,2025-12-17,UPI,Paid,40466.6
12966,16318,2025-12-17,UPI,Paid,37621.1
12967,14446,2025-12-17,Debit Card,Paid,3853.05
12968,10144,2025-12-17,UPI,Paid,4517.1
12969,22800,2025-12-17,Credit Card,Paid,11701.5
12970,14162,2025-12-17,Cash on Delivery,Paid,24988.0
12971,5120,2025-12-17,Cash on Delivery,Paid,2131.8
12972,3603,2025-12-17,Net Banking,Paid,15756.7
12973,12674,2025-12-18,Cash on Delivery,Paid,8460.1
12974,18977,2025-12-18,UPI,Paid,9066.0
12975,9575,2025-12-18,Credit Card,Paid,17635.8
12976,14247,2025-12-18,Cash on Delivery,Paid,17187.0
12977,3801,2025-12-18,Net Banking,Paid,45250.8
12978,14737,2025-12-18,UPI,Paid,22858.2
12979,5225,2025-12-18,Credit Card,Paid,20776.8
12980,11081,2025-12-18,UPI,Paid,20427.0
12981,6724,2025-12-18,UPI,Paid,23928.2
12982,16744,2025-12-18,Cash on Delivery,Paid,36882.9
12983,398,2025-12-18,Debit Card,Paid,7791.3
12984,18221,2025-12-18,Debit Card,Paid,11106.0
12985,22912,2025-12-18,UPI,Paid,8435.6
12986,919,2025-12-18,UPI,Paid,7196.1
12987,17486,2025-12-18,Credit Card,Paid,64223.8
12988,13173,2025-12-18,Credit Card,Paid,38600.8
12989,1691,2025-12-18,UPI,Paid,53340.15
12990,7112,2025-12-18,Credit Card,Paid,12049.6
12991,9130,2025-12-18,UPI,Paid,104501.55
12992,10707,2025-12-18,UPI,Paid,15250.3
12993,13160,2025-12-18,Credit Card,Paid,18471.8
12994,23819,2025-12-18,Cash on Delivery,Paid,124635.0
12995,23935,2025-12-18,UPI,Paid,3406.8
12996,4371,2025-12-18,Credit Card,Paid,1564.2
12997,13479,2025-12-19,UPI,Paid,1104.3
12998,12420,2025-12-19,Cash on Delivery,Paid,47382.0
12999,9207,2025-12-19,UPI,Paid,8042.7
13000,14700,2025-12-19,Debit Card,Paid,13618.0
13001,3967,2025-12-19,Cash on Delivery,Paid,37034.9
13002,18469,2025-12-19,Debit Card,Paid,263.15
13003,9772,2025-12-19,UPI,Paid,12457.65
13004,16017,2025-12-19,Debit Card,Paid,16097.5
13005,22075,2025-12-19,UPI,Paid,22167.9
13006,24839,2025-12-19,Credit Card,Paid,37828.8
13007,24648,2025-12-19,Debit Card,Paid,23332.8
13008,11418,2025-12-19,Credit Card,Paid,4563.2
13009,862,2025-12-19,UPI,Paid,6973.0
13010,17812,2025-12-19,Debit Card,Paid,3074.0
13011,23839,2025-12-19,UPI,Paid,9160.8
13012,19465,2025-12-19,Cash on Delivery,Paid,26456.55
13013,17873,2025-12-19,UPI,Paid,3355.0
13014,23393,2025-12-19,Cash on Delivery,Paid,9433.5
13015,20311,2025-12-19,UPI,Paid,12176.6
13016,13663,2025-12-19,UPI,Paid,4578.3
13017,10759,2025-12-19,Credit Card,Paid,1165.65
13018,19783,2025-12-19,Net Banking,Paid,33675.2
13019,1542,2025-12-19,UPI,Paid,63120.7
13020,18311,2025-12-20,Credit Card,Paid,6349.5
13021,8691,2025-12-20,Debit Card,Paid,4758.0
13022,12383,2025-12-20,Debit Card,Paid,21884.8
13023,13085,2025-12-20,Credit Card,Paid,29903.1
13024,21326,2025-12-20,Credit Card,Paid,7137.0
13025,21383,2025-12-20,UPI,Paid,68260.1
13026,4284,2025-12-20,Debit Card,Paid,62624.0
13027,1023,2025-12-20,UPI,Paid,3148.3
13028,19208,2025-12-20,UPI,Paid,91906.5
13029,10792,2025-12-20,UPI,Paid,2698.0
13030,4609,2025-12-20,Credit Card,Paid,109871.5
13031,21192,2025-12-20,Debit Card,Paid,2217.6
13032,7327,2025-12-20,UPI,Paid,17147.9
13033,5197,2025-12-20,UPI,Paid,48977.65
13034,12890,2025-12-20,UPI,Paid,48056.25
13035,18512,2025-12-20,Debit Card,Paid,5731.05
13036,13820,2025-12-21,Net Banking,Paid,83090.0
13037,22586,2025-12-21,Cash on Delivery,Paid,44517.05
13038,2599,2025-12-21,UPI,Paid,24535.25
13039,18172,2025-12-21,UPI,Paid,139075.55
13040,21813,2025-12-21,Credit Card,Paid,55759.65
13041,19209,2025-12-21,Credit Card,Paid,3853.05
13042,17906,2025-12-21,UPI,Paid,27452.0
13043,13866,2025-12-21,Net Banking,Paid,5133.0
13044,2019,2025-12-21,Cash on Delivery,Paid,209511.0
13045,23121,2025-12-21,UPI,Paid,33104.0
13046,14106,2025-12-21,UPI,Paid,57860.4
13047,12224,2025-12-21,UPI,Paid,526.3
13048,6784,2025-12-21,Cash on Delivery,Paid,8495.1
13049,13864,2025-12-21,UPI,Paid,977.4
13050,21504,2025-12-21,Debit Card,Paid,9414.0
13051,15085,2025-12-21,Net Banking,Paid,5009.6
13052,23999,2025-12-21,Debit Card,Paid,55342.25
13053,5646,2025-12-21,UPI,Paid,2514.6
13054,14004,2025-12-21,Cash on Delivery,Paid,3410.0
13055,6592,2025-12-21,Credit Card,Paid,18950.75
13056,17437,2025-12-21,UPI,Paid,38607.9
13057,14775,2025-12-21,Debit Card,Paid,66698.6
13058,10599,2025-12-22,UPI,Paid,28273.0
13059,14859,2025-12-22,Credit Card,Paid,39622.0
13060,11712,2025-12-22,UPI,Paid,28686.7
13061,22575,2025-12-22,Cash on Delivery,Paid,42557.4
13062,18914,2025-12-22,Debit Card,Paid,6962.25
13063,8801,2025-12-22,Cash on Delivery,Paid,135444.0
13064,15996,2025-12-22,UPI,Paid,4763.0
13065,15849,2025-12-22,UPI,Paid,21769.3
13066,20948,2025-12-22,Credit Card,Paid,24971.05
13067,23025,2025-12-22,UPI,Paid,488.7
13068,299,2025-12-22,UPI,Paid,47286.0
13069,22309,2025-12-22,Credit Card,Paid,8818.85
13070,19041,2025-12-22,UPI,Paid,15769.8
13071,22902,2025-12-22,Credit Card,Paid,11773.8
13072,408,2025-12-22,Cash on Delivery,Paid,71740.4
13073,11886,2025-12-22,UPI,Paid,67818.55
13074,21944,2025-12-22,Debit Card,Paid,3810.4
13075,11746,2025-12-22,Net Banking,Paid,6578.75
13076,13433,2025-12-22,UPI,Paid,2698.0
13077,23598,2025-12-22,Credit Card,Paid,156111.65
13078,15289,2025-12-22,UPI,Paid,100551.2
13079,18621,2025-12-23,Net Banking,Paid,95396.4
13080,11718,2025-12-23,Credit Card,Paid,40274.7
13081,2306,2025-12-23,UPI,Paid,4002.0
13082,24895,2025-12-23,Debit Card,Paid,112540.25
13083,24162,2025-12-23,Credit Card,Paid,32342.0
13084,2835,2025-12-23,UPI,Paid,21966.65
13085,3719,2025-12-23,UPI,Paid,3437.85
13086,7653,2025-12-23,Credit Card,Paid,33872.0
13087,7063,2025-12-23,UPI,Paid,8029.4
13088,12384,2025-12-23,UPI,Paid,1460.15
13089,8442,2025-12-23,Credit Card,Paid,12842.0
13090,3348,2025-12-24,UPI,Paid,6726.6
13091,19358,2025-12-24,UPI,Paid,12387.8
13092,6701,2025-12-24,Cash on Delivery,Paid,5368.0
13093,6060,2025-12-24,Cash on Delivery,Paid,3768.8
13094,1690,2025-12-24,Debit Card,Paid,7519.5
13095,12653,2025-12-24,UPI,Paid,2965.9
13096,12499,2025-12-24,Debit Card,Paid,22075.35
13097,21752,2025-12-24,Credit Card,Paid,5307.85
13098,23285,2025-12-24,Debit Card,Paid,12719.7
13099,15281,2025-12-24,UPI,Paid,57582.4
13100,1004,2025-12-24,Cash on Delivery,Paid,10463.6
13101,3268,2025-12-24,UPI,Paid,21022.9
13102,3181,2025-12-24,UPI,Paid,35464.5
13103,14451,2025-12-24,Debit Card,Paid,31919.25
13104,7126,2025-12-24,Credit Card,Paid,261037.2
13105,15319,2025-12-24,UPI,Paid,12256.2
13106,9855,2025-12-24,Credit Card,Paid,9280.8
13107,23549,2025-12-24,UPI,Paid,30904.2
13108,24421,2025-12-25,Debit Card,Paid,7358.45
13109,11960,2025-12-25,Debit Card,Paid,79256.45
13110,23116,2025-12-25,UPI,Paid,12929.7
13111,795,2025-12-25,UPI,Paid,86304.75
13112,8617,2025-12-25,Cash on Delivery,Paid,40272.2
13113,10567,2025-12-25,Net Banking,Paid,61273.2
13114,48,2025-12-25,UPI,Paid,99869.0
13115,10353,2025-12-25,Debit Card,Paid,1327.15
13116,18451,2025-12-25,Credit Card,Paid,10662.65
13117,4341,2025-12-25,UPI,Paid,28996.2
13118,5386,2025-12-25,Cash on Delivery,Paid,18962.1
13119,3526,2025-12-25,UPI,Paid,4239.9
13120,3918,2025-12-25,Cash on Delivery,Paid,75377.65
13121,14527,2025-12-25,Credit Card,Paid,10148.4
13122,6881,2025-12-25,Debit Card,Paid,24360.5
13123,7889,2025-12-26,UPI,Paid,49137.05
13124,747,2025-12-26,Debit Card,Paid,1165.65
13125,1443,2025-12-26,Debit Card,Paid,875.0
13126,15644,2025-12-26,UPI,Paid,28004.1
13127,7947,2025-12-26,Cash on Delivery,Paid,875.0
13128,21156,2025-12-26,UPI,Paid,13447.35
13129,15883,2025-12-26,Cash on Delivery,Paid,179325.75
13130,22705,2025-12-26,Cash on Delivery,Paid,37278.25
13131,16568,2025-12-26,UPI,Paid,18673.2
13132,7737,2025-12-26,Credit Card,Paid,10357.05
13133,20130,2025-12-26,UPI,Paid,1397.0
13134,3079,2025-12-26,Credit Card,Paid,17013.55
13135,4942,2025-12-26,Credit Card,Paid,20015.55
13136,7982,2025-12-26,Credit Card,Paid,12465.0
13137,3271,2025-12-26,UPI,Paid,9845.85
13138,13408,2025-12-26,Debit Card,Paid,10265.55
13139,23826,2025-12-26,UPI,Paid,920.25
13140,21903,2025-12-26,UPI,Paid,8042.7
13141,6012,2025-12-26,Net Banking,Paid,16118.1
13142,18256,2025-12-26,UPI,Paid,19534.4
13143,2198,2025-12-27,Cash on Delivery,Paid,1125.0
13144,10900,2025-12-27,Debit Card,Paid,2896.5
13145,12735,2025-12-27,Credit Card,Paid,1570.8
13146,12169,2025-12-27,Net Banking,Paid,8530.0
13147,11381,2025-12-27,Credit Card,Paid,35509.75
13148,12084,2025-12-27,Cash on Delivery,Paid,855.0
13149,16759,2025-12-27,Credit Card,Paid,13136.05
13150,2495,2025-12-27,Credit Card,Paid,33104.0
13151,12938,2025-12-27,UPI,Paid,8950.9
13152,17506,2025-12-27,Cash on Delivery,Paid,44921.7
13153,370,2025-12-27,UPI,Paid,6809.0
13154,12935,2025-12-27,UPI,Paid,3765.6
13155,23979,2025-12-27,Debit Card,Paid,55279.3
13156,12377,2025-12-27,Debit Card,Paid,981.6
13157,16164,2025-12-27,Net Banking,Paid,20230.25
13158,24180,2025-12-27,UPI,Paid,33845.0
13159,13836,2025-12-27,Credit Card,Paid,38326.65
13160,23402,2025-12-27,Cash on Delivery,Paid,224343.0
13161,5062,2025-12-27,UPI,Paid,2250.0
13162,17745,2025-12-27,UPI,Paid,77378.7
13163,20206,2025-12-27,Credit Card,Paid,6973.0
13164,4102,2025-12-27,UPI,Paid,3609.05
13165,21951,2025-12-27,UPI,Paid,49352.95
13166,19700,2025-12-27,UPI,Paid,33100.2
13167,19523,2025-12-27,Cash on Delivery,Paid,5809.75
13168,15436,2025-12-27,Cash on Delivery,Paid,23049.9
13169,21138,2025-12-27,Credit Card,Paid,83107.8
13170,22670,2025-12-27,Cash on Delivery,Paid,40459.0
13171,16909,2025-12-27,UPI,Paid,1227.0
13172,8739,2025-12-27,UPI,Paid,216127.8
13173,4847,2025-12-27,Debit Card,Paid,2428.2
13174,12815,2025-12-27,Credit Card,Paid,4286.7
13175,10710,2025-12-28,Credit Card,Paid,45012.9
13176,17774,2025-12-28,Debit Card,Paid,2898.5
13177,13471,2025-12-28,Net Banking,Paid,42606.3
13178,7254,2025-12-28,UPI,Paid,59710.5
13179,6853,2025-12-28,Cash on Delivery,Paid,9893.1
13180,2248,2025-12-28,UPI,Paid,10267.2
13181,13104,2025-12-28,Credit Card,Paid,39806.0
13182,511,2025-12-28,UPI,Paid,75138.0
13183,15275,2025-12-28,Credit Card,Paid,18831.65
13184,7778,2025-12-28,UPI,Paid,3053.6
13185,19466,2025-12-28,UPI,Paid,7301.6
13186,17464,2025-12-28,Net Banking,Paid,4711.0
13187,15675,2025-12-28,UPI,Paid,127742.7
13188,10411,2025-12-28,Debit Card,Paid,14628.6
13189,14999,2025-12-28,Net Banking,Paid,18679.95
13190,13089,2025-12-28,Debit Card,Paid,4004.35
13191,5867,2025-12-28,Cash on Delivery,Paid,498.6
13192,21292,2025-12-28,Debit Card,Paid,55515.4
13193,24505,2025-12-28,UPI,Paid,59816.9
13194,13742,2025-12-28,UPI,Paid,19087.6
13195,10484,2025-12-28,Net Banking,Paid,11846.1
13196,3361,2025-12-28,Debit Card,Paid,23019.45
13197,5394,2025-12-28,Credit Card,Paid,17057.0
13198,21365,2025-12-28,UPI,Paid,4334.4
13199,3825,2025-12-29,UPI,Paid,58201.7
13200,872,2025-12-29,Credit Card,Paid,42643.8
13201,15748,2025-12-29,UPI,Paid,72826.2
13202,1622,2025-12-29,Credit Card,Paid,137388.0
13203,24822,2025-12-29,Credit Card,Paid,1383.3
13204,11890,2025-12-29,Cash on Delivery,Paid,136660.05
13205,5230,2025-12-29,Credit Card,Paid,4079.7
13206,24869,2025-12-29,Debit Card,Paid,50703.0
13207,22296,2025-12-29,Debit Card,Paid,33479.25
13208,23828,2025-12-29,Credit Card,Paid,8088.5
13209,10795,2025-12-29,Debit Card,Paid,249.3
13210,1608,2025-12-29,Debit Card,Paid,8643.6
13211,23091,2025-12-29,Net Banking,Paid,4766.3
13212,16209,2025-12-29,UPI,Paid,3206.4
13213,719,2025-12-29,Debit Card,Paid,94926.3
13214,13277,2025-12-29,Net Banking,Paid,9439.0
13215,18238,2025-12-29,UPI,Paid,4225.1
13216,19201,2025-12-29,Credit Card,Paid,937.5
13217,14141,2025-12-29,Debit Card,Paid,72105.3
13218,1343,2025-12-29,Credit Card,Paid,30445.2
13219,15559,2025-12-29,Cash on Delivery,Paid,10046.8
13220,1222,2025-12-30,Net Banking,Paid,16220.3
13221,20105,2025-12-30,Cash on Delivery,Paid,52179.3
13222,9119,2025-12-30,Credit Card,Paid,53987.7
13223,20251,2025-12-30,Credit Card,Paid,42643.8
13224,7854,2025-12-30,UPI,Paid,17314.0
13225,20859,2025-12-30,Debit Card,Paid,18978.0
13226,8653,2025-12-30,Net Banking,Paid,1311.8
13227,19503,2025-12-30,Credit Card,Paid,51408.85
13228,15418,2025-12-30,Net Banking,Paid,25483.5
13229,3905,2025-12-30,Credit Card,Paid,33845.0
13230,22377,2025-12-30,Credit Card,Paid,3412.4
13231,8412,2025-12-30,Credit Card,Paid,1138.9
13232,10283,2025-12-30,Credit Card,Paid,11594.3
13233,8823,2025-12-30,Cash on Delivery,Paid,118146.05
13234,12629,2025-12-30,Cash on Delivery,Paid,13426.35
13235,9630,2025-12-30,UPI,Paid,34142.8
13236,11106,2025-12-31,UPI,Paid,42557.4
13237,12906,2025-12-31,Net Banking,Paid,6973.0
13238,16940,2025-12-31,UPI,Paid,10273.6
13239,20698,2025-12-31,Debit Card,Paid,1075.9
13240,7251,2025-12-31,Credit Card,Paid,71816.2
13241,18507,2025-12-31,Debit Card,Paid,32919.25
13242,17384,2025-12-31,UPI,Paid,42881.4
13243,9275,2025-12-31,Debit Card,Paid,15530.7
13244,24741,2025-12-31,Credit Card,Paid,8165.25
13245,22976,2025-12-31,Credit Card,Paid,2713.0
13246,2598,2025-12-31,Credit Card,Paid,69604.05
13247,22421,2025-12-31,Cash on Delivery,Paid,8472.6
13248,9934,2025-12-31,Debit Card,Paid,13271.8
13249,21765,2025-12-31,UPI,Paid,80615.75
13250,13920,2025-12-31,UPI,Paid,91242.9
13251,3710,2025-12-31,Net Banking,Paid,13753.95
13252,12382,2025-12-31,Net Banking,Paid,62853.3
13253,11092,2025-12-31,Debit Card,Paid,12551.4
13254,22231,2026-01-01,Debit Card,Paid,23177.8
13255,15845,2026-01-01,Credit Card,Paid,1397.0
13256,19652,2026-01-01,Credit Card,Paid,9239.4
13257,10432,2026-01-01,UPI,Paid,4586.6
13258,11440,2026-01-01,Cash on Delivery,Paid,53656.8
13259,11823,2026-01-01,UPI,Paid,2711.3
13260,22578,2026-01-01,UPI,Paid,30273.55
13261,15214,2026-01-01,Debit Card,Paid,48744.6
13262,2178,2026-01-01,Cash on Delivery,Paid,40729.0
13263,17608,2026-01-01,Cash on Delivery,Paid,32665.0
13264,8689,2026-01-01,UPI,Paid,6151.5
13265,3341,2026-01-01,UPI,Paid,244159.2
13266,6203,2026-01-01,Cash on Delivery,Paid,4079.7
13267,12305,2026-01-01,UPI,Paid,1000.0
13268,21186,2026-01-01,UPI,Paid,3201.6
13269,1332,2026-01-01,Net Banking,Paid,4380.45
13270,5286,2026-01-01,UPI,Paid,31790.4
13271,16069,2026-01-01,UPI,Paid,10065.0
13272,15911,2026-01-01,Credit Card,Paid,2389.8
13273,8127,2026-01-01,Credit Card,Paid,116532.5
13274,7190,2026-01-01,Debit Card,Paid,148712.65
13275,12958,2026-01-01,Debit Card,Paid,13599.0
13276,8269,2026-01-01,UPI,Paid,1466.1
13277,14078,2026-01-01,Debit Card,Paid,6809.0
13278,24454,2026-01-02,Debit Card,Paid,6220.2
13279,22891,2026-01-02,Debit Card,Paid,4004.35
13280,8750,2026-01-02,Cash on Delivery,Paid,488.7
13281,9285,2026-01-02,UPI,Paid,14407.2
13282,6452,2026-01-02,Net Banking,Paid,124689.9
13283,3546,2026-01-02,UPI,Paid,5544.0
13284,3631,2026-01-02,Cash on Delivery,Paid,67162.5
13285,24577,2026-01-02,UPI,Paid,3239.5
13286,7177,2026-01-02,Credit Card,Paid,13900.8
13287,21171,2026-01-02,Net Banking,Paid,14327.2
13288,24988,2026-01-02,Credit Card,Paid,62682.3
13289,17507,2026-01-02,Net Banking,Paid,12098.35
13290,663,2026-01-02,UPI,Paid,67604.0
13291,11972,2026-01-02,UPI,Paid,4326.15
13292,17695,2026-01-02,Debit Card,Paid,40589.55
13293,3712,2026-01-02,Cash on Delivery,Paid,3072.6
13294,12612,2026-01-02,UPI,Paid,108402.0
13295,3170,2026-01-02,Debit Card,Paid,19832.2
13296,9978,2026-01-03,Debit Card,Paid,74725.1
13297,18053,2026-01-03,Net Banking,Paid,64336.9
13298,12651,2026-01-03,Debit Card,Paid,4533.0
13299,24139,2026-01-03,Debit Card,Paid,12502.45
13300,3574,2026-01-03,Cash on Delivery,Paid,19923.8
13301,10654,2026-01-03,Debit Card,Paid,3201.6
13302,2220,2026-01-03,Credit Card,Paid,3688.8
13303,20451,2026-01-03,UPI,Paid,4348.5
13304,11208,2026-01-03,UPI,Paid,7528.5
13305,7685,2026-01-03,Debit Card,Paid,1703.4
13306,2201,2026-01-03,UPI,Paid,12002.85
13307,4137,2026-01-03,UPI,Paid,37943.15
13308,20672,2026-01-03,UPI,Paid,9926.4
13309,23607,2026-01-03,Net Banking,Paid,23676.3
13310,22921,2026-01-04,UPI,Paid,207904.0
13311,18059,2026-01-04,UPI,Paid,169428.8
13312,16174,2026-01-04,Net Banking,Paid,120704.8
13313,13969,2026-01-04,Debit Card,Paid,4363.05
13314,3684,2026-01-04,Credit Card,Paid,12794.1
13315,13978,2026-01-04,UPI,Paid,1977.9
13316,6936,2026-01-04,Cash on Delivery,Paid,25135.9
13317,4582,2026-01-04,UPI,Paid,168803.55
13318,14776,2026-01-04,Net Banking,Paid,2563.1
13319,16440,2026-01-04,Credit Card,Paid,16341.6
13320,7997,2026-01-04,Debit Card,Paid,9564.3
13321,13331,2026-01-04,UPI,Paid,109991.2
13322,19818,2026-01-04,UPI,Paid,58807.8
13323,21961,2026-01-04,UPI,Paid,71536.9
13324,11402,2026-01-04,Credit Card,Paid,22417.9
13325,524,2026-01-04,Net Banking,Paid,8749.8
13326,18201,2026-01-05,UPI,Paid,69711.5
13327,24560,2026-01-05,Debit Card,Paid,38251.1
13328,19580,2026-01-05,UPI,Paid,92716.2
13329,20216,2026-01-05,UPI,Paid,21872.0
13330,18224,2026-01-05,Debit Card,Paid,12199.9
13331,8095,2026-01-05,UPI,Paid,4079.7
13332,16329,2026-01-05,Net Banking,Paid,25309.85
13333,18789,2026-01-05,Debit Card,Paid,55869.6
13334,8942,2026-01-05,UPI,Paid,3355.0
13335,13585,2026-01-05,UPI,Paid,11555.0
13336,10306,2026-01-05,UPI,Paid,7196.1
13337,24460,2026-01-05,UPI,Paid,4286.7
13338,11700,2026-01-05,UPI,Paid,3187.5
13339,742,2026-01-05,UPI,Paid,30730.2
13340,19120,2026-01-05,Credit Card,Paid,66958.5
13341,15692,2026-01-05,UPI,Paid,47810.7
13342,12758,2026-01-05,Credit Card,Paid,25030.15
13343,9433,2026-01-05,Debit Card,Paid,1390.4
13344,18365,2026-01-05,Debit Card,Paid,169238.4
13345,4651,2026-01-05,Net Banking,Paid,19454.35
13346,24950,2026-01-05,UPI,Paid,22343.65
13347,9055,2026-01-06,Cash on Delivery,Paid,19437.4
13348,3108,2026-01-06,UPI,Paid,47762.1
13349,5506,2026-01-06,Debit Card,Paid,37828.8
13350,4834,2026-01-06,UPI,Paid,47496.0
13351,23316,2026-01-06,Net Banking,Paid,20011.3
13352,13015,2026-01-06,UPI,Paid,28273.5
13353,11641,2026-01-06,UPI,Paid,88459.6
13354,19418,2026-01-06,UPI,Paid,125996.2
13355,4894,2026-01-06,Debit Card,Paid,17545.4
13356,13512,2026-01-06,UPI,Paid,40401.55
13357,20071,2026-01-06,UPI,Paid,40981.0
13358,7897,2026-01-06,Cash on Delivery,Paid,22742.0
13359,4716,2026-01-07,Credit Card,Paid,80350.2
13360,11467,2026-01-07,Cash on Delivery,Paid,44921.7
13361,2165,2026-01-07,Net Banking,Paid,277.0
13362,7874,2026-01-07,UPI,Paid,6128.1
13363,11777,2026-01-07,Credit Card,Paid,63287.0
13364,18061,2026-01-07,UPI,Paid,66937.45
13365,18710,2026-01-07,UPI,Paid,11237.85
13366,22875,2026-01-07,Cash on Delivery,Paid,7683.3
13367,3498,2026-01-07,Credit Card,Paid,191368.4
13368,23138,2026-01-07,UPI,Paid,18827.1
13369,3591,2026-01-07,Credit Card,Paid,4079.7
13370,4829,2026-01-07,Debit Card,Paid,13523.2
13371,895,2026-01-07,Debit Card,Paid,62116.9
13372,14463,2026-01-07,Net Banking,Paid,9604.8
13373,24113,2026-01-07,UPI,Paid,2131.8
13374,17905,2026-01-07,UPI,Paid,67670.2
13375,4806,2026-01-07,Credit Card,Paid,139921.8
13376,20573,2026-01-07,Cash on Delivery,Paid,8354.7
13377,14196,2026-01-07,UPI,Paid,108037.95
13378,11197,2026-01-08,Debit Card,Paid,18139.8
13379,3469,2026-01-08,UPI,Paid,6458.3
13380,6355,2026-01-08,UPI,Paid,37815.7
13381,16727,2026-01-08,UPI,Paid,38925.6
13382,8614,2026-01-08,Cash on Delivery,Paid,86117.45
13383,24583,2026-01-08,Cash on Delivery,Paid,24757.2
13384,13963,2026-01-08,Credit Card,Paid,8263.7
13385,5170,2026-01-08,UPI,Paid,43018.6
13386,2455,2026-01-08,UPI,Paid,5188.8
13387,16864,2026-01-08,Debit Card,Paid,9110.5
13388,23140,2026-01-08,Debit Card,Paid,5418.0
13389,20190,2026-01-08,UPI,Paid,141787.5
13390,20107,2026-01-08,UPI,Paid,143627.1
13391,15707,2026-01-08,Cash on Delivery,Paid,7914.7
13392,17696,2026-01-08,UPI,Paid,9534.9
13393,11096,2026-01-08,Credit Card,Paid,23063.4
13394,10803,2026-01-08,UPI,Paid,21414.95
13395,6995,2026-01-08,Cash on Delivery,Paid,15985.15
13396,18652,2026-01-08,UPI,Paid,3593.1
13397,5587,2026-01-08,UPI,Paid,53688.75
13398,621,2026-01-08,Cash on Delivery,Paid,77302.6
13399,7146,2026-01-08,UPI,Paid,20906.6
13400,14706,2026-01-08,UPI,Paid,6743.7
13401,19658,2026-01-08,UPI,Paid,461.55
13402,126,2026-01-09,UPI,Paid,3765.6
13403,3217,2026-01-09,Credit Card,Paid,45492.3
13404,7534,2026-01-09,UPI,Paid,515.85
13405,9085,2026-01-09,Net Banking,Paid,5540.0
13406,16173,2026-01-09,UPI,Paid,47315.7
13407,3793,2026-01-09,Net Banking,Paid,1086.0
13408,24097,2026-01-09,UPI,Paid,16292.85
13409,6282,2026-01-09,UPI,Paid,120504.0
13410,13933,2026-01-09,Credit Card,Paid,3681.0
13411,18436,2026-01-09,Cash on Delivery,Paid,5453.6
13412,21973,2026-01-09,Credit Card,Paid,19990.4
13413,164,2026-01-09,Net Banking,Paid,6275.7
13414,18973,2026-01-10,UPI,Paid,7819.2
13415,16509,2026-01-10,UPI,Paid,58363.2
13416,15529,2026-01-10,UPI,Paid,3019.5
13417,12132,2026-01-10,Net Banking,Paid,1545.65
13418,444,2026-01-10,Cash on Delivery,Paid,23946.9
13419,15959,2026-01-10,Debit Card,Paid,61824.6
13420,17988,2026-01-10,UPI,Paid,18253.2
13421,15242,2026-01-10,UPI,Paid,46089.2
13422,13507,2026-01-10,Credit Card,Paid,96687.2
13423,19545,2026-01-10,Net Banking,Paid,40175.1
13424,22116,2026-01-10,UPI,Paid,1355.65
13425,7585,2026-01-10,UPI,Paid,89278.0
13426,2717,2026-01-10,Credit Card,Paid,249.3
13427,10396,2026-01-10,UPI,Paid,17362.95
13428,13210,2026-01-10,Cash on Delivery,Paid,30421.8
13429,3358,2026-01-10,Credit Card,Paid,981.6
13430,10014,2026-01-10,Cash on Delivery,Paid,1382.95
13431,24194,2026-01-10,UPI,Paid,4188.8
13432,6540,2026-01-10,Cash on Delivery,Paid,5229.75
13433,2779,2026-01-10,Cash on Delivery,Paid,91151.0
13434,24943,2026-01-11,Cash on Delivery,Paid,1125.0
13435,17957,2026-01-11,Debit Card,Paid,15025.0
13436,5072,2026-01-11,UPI,Paid,3817.0
13437,15672,2026-01-11,Credit Card,Paid,148517.7
13438,8222,2026-01-11,UPI,Paid,47286.0
13439,6848,2026-01-11,Credit Card,Paid,13423.3
13440,21914,2026-01-11,Cash on Delivery,Paid,5979.2
13441,11810,2026-01-11,UPI,Paid,211839.0
13442,2741,2026-01-11,Cash on Delivery,Paid,310351.25
13443,17661,2026-01-11,Debit Card,Paid,3053.2
13444,7998,2026-01-11,UPI,Paid,99914.5
13445,22911,2026-01-11,Cash on Delivery,Paid,125192.25
13446,5086,2026-01-11,Cash on Delivery,Paid,1503.0
13447,13937,2026-01-11,Debit Card,Paid,1510.45
13448,1347,2026-01-11,Debit Card,Paid,13599.0
13449,14155,2026-01-11,Debit Card,Paid,35825.4
13450,3314,2026-01-11,UPI,Paid,114111.8
13451,22763,2026-01-11,UPI,Paid,98996.1
13452,4667,2026-01-11,Cash on Delivery,Paid,25611.0
13453,125,2026-01-11,Credit Card,Paid,1688.15
13454,19981,2026-01-11,UPI,Paid,3297.7
13455,23790,2026-01-11,UPI,Paid,22953.6
13456,9721,2026-01-11,UPI,Paid,17136.8
13457,18319,2026-01-11,Cash on Delivery,Paid,27268.0
13458,6210,2026-01-11,Net Banking,Paid,47382.0
13459,8335,2026-01-11,Cash on Delivery,Paid,3817.0
13460,16677,2026-01-11,Cash on Delivery,Paid,12912.6
13461,2397,2026-01-11,Debit Card,Paid,6275.7
13462,22359,2026-01-12,Credit Card,Paid,41538.75
13463,4776,2026-01-12,Credit Card,Paid,26283.0
13464,627,2026-01-12,Cash on Delivery,Paid,54382.3
13465,3046,2026-01-12,UPI,Paid,7196.1
13466,19901,2026-01-12,UPI,Paid,14876.75
13467,20328,2026-01-12,UPI,Paid,175154.3
13468,2718,2026-01-12,Credit Card,Paid,25183.9
13469,12989,2026-01-12,Debit Card,Paid,28411.5
13470,3399,2026-01-12,Credit Card,Paid,80295.5
13471,20818,2026-01-12,Debit Card,Paid,73636.0
13472,1673,2026-01-12,Cash on Delivery,Paid,6448.8
13473,22448,2026-01-12,UPI,Paid,10915.7
13474,6399,2026-01-12,Debit Card,Paid,14256.0
13475,4185,2026-01-12,UPI,Paid,66885.0
13476,20771,2026-01-12,UPI,Paid,21180.25
13477,7833,2026-01-12,UPI,Paid,8394.9
13478,3094,2026-01-12,UPI,Paid,43160.5
13479,12293,2026-01-12,Cash on Delivery,Paid,27788.6
13480,16860,2026-01-13,Cash on Delivery,Paid,4306.35
13481,21850,2026-01-13,Cash on Delivery,Paid,9604.5
13482,16082,2026-01-13,Credit Card,Paid,61224.6
13483,3114,2026-01-13,Credit Card,Paid,25516.4
13484,8337,2026-01-13,Cash on Delivery,Paid,77963.15
13485,18688,2026-01-13,Net Banking,Paid,13800.9
13486,19359,2026-01-13,UPI,Paid,3696.0
13487,22738,2026-01-13,UPI,Paid,65518.0
13488,4381,2026-01-13,UPI,Paid,29151.8
13489,23712,2026-01-13,Credit Card,Paid,54589.4
13490,19192,2026-01-13,Credit Card,Paid,3967.5
13491,20943,2026-01-13,Credit Card,Paid,16725.3
13492,15083,2026-01-13,Credit Card,Paid,33104.0
13493,1982,2026-01-13,Net Banking,Paid,144398.85
13494,9752,2026-01-13,Debit Card,Paid,8061.0
13495,13078,2026-01-13,UPI,Paid,50610.0
13496,24854,2026-01-13,Cash on Delivery,Paid,20715.2
13497,9131,2026-01-14,UPI,Paid,2576.25
13498,11834,2026-01-14,Credit Card,Paid,20781.3
13499,11290,2026-01-14,Credit Card,Paid,7579.55
13500,17388,2026-01-14,UPI,Paid,160067.75
13501,19736,2026-01-14,Cash on Delivery,Paid,125083.35
13502,24095,2026-01-14,UPI,Paid,45935.0
13503,5880,2026-01-14,Cash on Delivery,Paid,1390.4
13504,2330,2026-01-14,UPI,Paid,83887.25
13505,19307,2026-01-14,Credit Card,Paid,8537.0
13506,16667,2026-01-14,UPI,Paid,6232.3
13507,17297,2026-01-14,UPI,Paid,101535.0
13508,8186,2026-01-14,UPI,Paid,6835.0
13509,8328,2026-01-14,UPI,Paid,3801.9
13510,18131,2026-01-14,UPI,Paid,3039.2
13511,6442,2026-01-14,UPI,Paid,5055.0
13512,3864,2026-01-14,Cash on Delivery,Paid,75631.4
13513,14117,2026-01-14,Debit Card,Paid,27700.0
13514,10198,2026-01-14,Cash on Delivery,Paid,60509.7
13515,2957,2026-01-14,UPI,Paid,74956.8
13516,12274,2026-01-15,Cash on Delivery,Paid,116779.8
13517,9324,2026-01-15,UPI,Paid,111739.2
13518,6518,2026-01-15,Credit Card,Paid,56861.15
13519,24419,2026-01-15,Cash on Delivery,Paid,55150.5
13520,21719,2026-01-15,Debit Card,Paid,5133.6
13521,11772,2026-01-15,Credit Card,Paid,14898.6
13522,3541,2026-01-15,UPI,Paid,90365.3
13523,14372,2026-01-15,UPI,Paid,42138.0
13524,20867,2026-01-15,Credit Card,Paid,135038.7
13525,18370,2026-01-15,Cash on Delivery,Paid,140325.85
13526,18590,2026-01-15,Debit Card,Paid,4876.0
13527,15594,2026-01-15,Net Banking,Paid,20782.0
13528,12476,2026-01-15,UPI,Paid,8111.25
13529,9309,2026-01-15,Cash on Delivery,Paid,15441.3
13530,24144,2026-01-16,Debit Card,Paid,3888.75
13531,17295,2026-01-16,UPI,Paid,8088.6
13532,20057,2026-01-16,Cash on Delivery,Paid,981.6
13533,2093,2026-01-16,UPI,Paid,20713.75
13534,15882,2026-01-16,Credit Card,Paid,50193.8
13535,18136,2026-01-16,Net Banking,Paid,50840.85
13536,5532,2026-01-16,UPI,Paid,20821.0
13537,1642,2026-01-16,Credit Card,Paid,1306.45
13538,22640,2026-01-16,UPI,Paid,5087.0
13539,13692,2026-01-16,Debit Card,Paid,59587.2
13540,5181,2026-01-16,UPI,Paid,8537.0
13541,20753,2026-01-16,Cash on Delivery,Paid,35935.2
13542,10006,2026-01-16,Credit Card,Paid,85772.0
13543,10907,2026-01-16,UPI,Paid,3414.0
13544,22263,2026-01-16,Debit Card,Paid,30484.8
13545,13693,2026-01-16,Credit Card,Paid,15650.55
13546,7503,2026-01-16,UPI,Paid,40209.8
13547,17749,2026-01-16,Cash on Delivery,Paid,1250.0
13548,17565,2026-01-16,UPI,Paid,39292.1
13549,21795,2026-01-17,Cash on Delivery,Paid,8967.6
13550,17101,2026-01-17,Credit Card,Paid,22279.2
13551,9349,2026-01-17,UPI,Paid,59120.65
13552,18601,2026-01-17,UPI,Paid,1503.0
13553,18042,2026-01-17,UPI,Paid,15056.4
13554,8498,2026-01-17,Credit Card,Paid,83230.7
13555,8555,2026-01-17,Cash on Delivery,Paid,17728.8
13556,12303,2026-01-17,UPI,Paid,46384.0
13557,19928,2026-01-17,UPI,Paid,65259.3
13558,11229,2026-01-17,Credit Card,Paid,3834.2
13559,22886,2026-01-17,Net Banking,Paid,126282.0
13560,2465,2026-01-17,Credit Card,Paid,3954.6
13561,16580,2026-01-17,UPI,Paid,11555.0
13562,13903,2026-01-17,UPI,Paid,70395.3
13563,15038,2026-01-17,Net Banking,Paid,1777.0
13564,23330,2026-01-17,Net Banking,Paid,7187.8
13565,22785,2026-01-17,UPI,Paid,2019.6
13566,1830,2026-01-17,Debit Card,Paid,3355.0
13567,20240,2026-01-17,UPI,Paid,1284.3
13568,3850,2026-01-17,Cash on Delivery,Paid,80377.7
13569,15087,2026-01-17,Credit Card,Paid,13079.8
13570,9417,2026-01-18,Cash on Delivery,Paid,74076.9
13571,6102,2026-01-18,Credit Card,Paid,2428.2
13572,457,2026-01-18,Credit Card,Paid,94719.55
13573,13781,2026-01-18,Credit Card,Paid,18897.3
13574,21836,2026-01-18,UPI,Paid,3853.05
13575,12081,2026-01-18,Net Banking,Paid,12343.25
13576,24045,2026-01-18,Credit Card,Paid,25232.35
13577,6278,2026-01-18,Debit Card,Paid,36747.9
13578,21623,2026-01-18,Debit Card,Paid,10782.0
13579,16350,2026-01-18,Net Banking,Paid,6466.0
13580,18518,2026-01-18,Cash on Delivery,Paid,8224.15
13581,21527,2026-01-18,UPI,Paid,11355.4
13582,17277,2026-01-18,Credit Card,Paid,144716.7
13583,17839,2026-01-18,Credit Card,Paid,15566.0
13584,21204,2026-01-18,Cash on Delivery,Paid,11351.3
13585,1686,2026-01-18,Net Banking,Paid,138502.55
13586,21418,2026-01-18,Credit Card,Paid,14273.75
13587,18784,2026-01-18,UPI,Paid,12839.8
13588,14821,2026-01-19,Credit Card,Paid,72573.45
13589,5973,2026-01-19,Debit Card,Paid,6468.55
13590,6426,2026-01-19,Cash on Delivery,Paid,13564.8
13591,10768,2026-01-19,UPI,Paid,12478.6
13592,14273,2026-01-19,UPI,Paid,13560.3
13593,9232,2026-01-19,UPI,Paid,142034.3
13594,292,2026-01-19,Cash on Delivery,Paid,8110.15
13595,4440,2026-01-19,Debit Card,Paid,15389.55
13596,12786,2026-01-19,UPI,Paid,88056.4
13597,13282,2026-01-19,UPI,Paid,7634.0
13598,23880,2026-01-19,Cash on Delivery,Paid,3143.25
13599,8183,2026-01-19,Net Banking,Paid,5418.0
13600,31,2026-01-19,UPI,Paid,158312.45
13601,6836,2026-01-19,UPI,Paid,74781.0
13602,17382,2026-01-19,UPI,Paid,40193.1
13603,9179,2026-01-19,UPI,Paid,28932.75
13604,18322,2026-01-19,UPI,Paid,12142.7
13605,2892,2026-01-19,UPI,Paid,7347.3
13606,8321,2026-01-19,Credit Card,Paid,101802.4
13607,2155,2026-01-19,UPI,Paid,32178.4
13608,496,2026-01-19,UPI,Paid,29181.6
13609,12097,2026-01-19,Debit Card,Paid,3074.0
13610,7631,2026-01-19,Credit Card,Paid,26882.1
13611,14860,2026-01-19,UPI,Paid,747.0
13612,21712,2026-01-20,Credit Card,Paid,21831.4
13613,20253,2026-01-20,Credit Card,Paid,40862.9
13614,9859,2026-01-20,UPI,Paid,355.5
13615,14215,2026-01-20,Credit Card,Paid,12705.8
13616,17477,2026-01-20,UPI,Paid,11554.5
13617,21052,2026-01-20,Credit Card,Paid,66747.5
13618,24598,2026-01-20,Credit Card,Paid,3286.95
13619,17262,2026-01-20,Cash on Delivery,Paid,19125.5
13620,18470,2026-01-20,Debit Card,Paid,9283.0
13621,24465,2026-01-20,UPI,Paid,7948.35
13622,15816,2026-01-20,UPI,Paid,3601.8
13623,18835,2026-01-21,UPI,Paid,6621.6
13624,19421,2026-01-21,UPI,Paid,9688.2
13625,21423,2026-01-21,Credit Card,Paid,35604.8
13626,18048,2026-01-21,Cash on Delivery,Paid,113351.4
13627,4693,2026-01-21,Cash on Delivery,Paid,9222.0
13628,1848,2026-01-21,Cash on Delivery,Paid,8883.45
13629,15766,2026-01-21,Credit Card,Paid,15756.7
13630,11819,2026-01-21,Debit Card,Paid,85287.6
13631,11393,2026-01-21,Net Banking,Paid,5447.2
13632,24111,2026-01-21,UPI,Paid,4282.2
13633,23433,2026-01-21,Credit Card,Paid,104973.95
13634,10879,2026-01-21,Credit Card,Paid,37129.3
13635,10539,2026-01-21,UPI,Paid,7004.35
13636,20238,2026-01-21,UPI,Paid,4079.7
13637,8934,2026-01-21,Debit Card,Paid,104523.55
13638,18703,2026-01-21,UPI,Paid,35825.4
13639,8928,2026-01-22,Credit Card,Paid,8466.0
13640,18760,2026-01-22,Cash on Delivery,Paid,7100.3
13641,8344,2026-01-22,UPI,Paid,13618.0
13642,11228,2026-01-22,UPI,Paid,33100.2
13643,2413,2026-01-22,UPI,Paid,82490.7
13644,24976,2026-01-22,Cash on Delivery,Paid,20507.65
13645,1271,2026-01-22,Credit Card,Paid,203378.55
13646,10605,2026-01-22,Cash on Delivery,Paid,9422.0
13647,19265,2026-01-22,UPI,Paid,27045.0
13648,13825,2026-01-22,Credit Card,Paid,191865.6
13649,18886,2026-01-22,UPI,Paid,55143.9
13650,20583,2026-01-22,Cash on Delivery,Paid,20451.0
13651,1123,2026-01-22,Debit Card,Paid,18895.8
13652,3265,2026-01-22,UPI,Paid,6693.05
13653,18969,2026-01-22,UPI,Paid,56547.0
13654,10969,2026-01-22,UPI,Paid,120579.3
13655,15136,2026-01-22,Credit Card,Paid,4607.1
13656,13953,2026-01-22,UPI,Paid,18829.9
13657,13138,2026-01-23,UPI,Paid,12508.15
13658,9991,2026-01-23,Cash on Delivery,Paid,3748.0
13659,20537,2026-01-23,Cash on Delivery,Paid,8110.15
13660,20829,2026-01-23,Credit Card,Paid,16254.0
13661,15652,2026-01-23,UPI,Paid,37901.5
13662,22616,2026-01-23,Credit Card,Paid,60933.6
13663,20785,2026-01-23,Credit Card,Paid,68559.3
13664,12636,2026-01-23,UPI,Paid,33626.7
13665,5969,2026-01-23,UPI,Paid,11619.5
13666,7814,2026-01-23,Credit Card,Paid,21180.25
13667,20112,2026-01-23,UPI,Paid,21711.0
13668,10686,2026-01-23,UPI,Paid,35545.8
13669,15339,2026-01-23,UPI,Paid,46688.45
13670,24231,2026-01-23,UPI,Paid,4000.95
13671,9294,2026-01-23,UPI,Paid,18108.65
13672,20023,2026-01-23,Cash on Delivery,Paid,22844.6
13673,5156,2026-01-23,UPI,Paid,17678.0
13674,21266,2026-01-23,UPI,Paid,15801.75
13675,17197,2026-01-23,UPI,Paid,33812.1
13676,3459,2026-01-23,UPI,Paid,1390.4
13677,16168,2026-01-23,UPI,Paid,76319.2
13678,7402,2026-01-23,Net Banking,Paid,36935.2
13679,14392,2026-01-23,Cash on Delivery,Paid,7204.8
13680,876,2026-01-23,Credit Card,Paid,30421.8
13681,13279,2026-01-23,Credit Card,Paid,62954.1
13682,1445,2026-01-23,UPI,Paid,1599.3
13683,16638,2026-01-23,UPI,Paid,13850.0
13684,10135,2026-01-24,UPI,Paid,2214.45
13685,8600,2026-01-24,Net Banking,Paid,156161.0
13686,11773,2026-01-24,Cash on Delivery,Paid,2851.75
13687,21639,2026-01-24,Credit Card,Paid,415.0
13688,3017,2026-01-24,Cash on Delivery,Paid,22295.0
13689,18915,2026-01-24,Credit Card,Paid,19792.4
13690,15723,2026-01-24,Credit Card,Paid,17533.6
13691,17130,2026-01-24,Credit Card,Paid,9796.4
13692,11151,2026-01-24,Cash on Delivery,Paid,6735.7
13693,15182,2026-01-24,Net Banking,Paid,80386.2
13694,17334,2026-01-24,UPI,Paid,33802.0
13695,2462,2026-01-24,Credit Card,Paid,35825.4
13696,19478,2026-01-24,Net Banking,Paid,93630.3
13697,12647,2026-01-24,UPI,Paid,66200.4
13698,1993,2026-01-25,UPI,Paid,31415.0
13699,6357,2026-01-25,UPI,Paid,6601.15
13700,21756,2026-01-25,Cash on Delivery,Paid,554.0
13701,8336,2026-01-25,UPI,Paid,2004.0
13702,633,2026-01-25,Cash on Delivery,Paid,67744.0
13703,9041,2026-01-25,UPI,Paid,116414.9
13704,16108,2026-01-25,Credit Card,Paid,208872.0
13705,14781,2026-01-25,UPI,Paid,77734.2
13706,2147,2026-01-25,Credit Card,Paid,33249.0
13707,2399,2026-01-25,UPI,Paid,29756.0
13708,5380,2026-01-25,Net Banking,Paid,79949.2
13709,645,2026-01-25,Debit Card,Paid,46940.55
13710,8660,2026-01-25,Net Banking,Paid,143728.5
13711,10896,2026-01-25,UPI,Paid,1227.0
13712,6777,2026-01-26,Credit Card,Paid,13909.3
13713,18795,2026-01-26,Debit Card,Paid,5652.0
13714,1130,2026-01-26,UPI,Paid,2521.6
13715,18428,2026-01-26,UPI,Paid,38740.1
13716,24453,2026-01-26,Credit Card,Paid,46502.2
13717,11693,2026-01-26,UPI,Paid,36862.7
13718,2476,2026-01-26,Cash on Delivery,Paid,8224.15
13719,2816,2026-01-26,UPI,Paid,4039.2
13720,4583,2026-01-26,UPI,Paid,3201.6
13721,20101,2026-01-26,UPI,Paid,30430.6
13722,17452,2026-01-26,UPI,Paid,100871.1
13723,16523,2026-01-26,Cash on Delivery,Paid,14591.0
13724,17964,2026-01-26,UPI,Paid,8845.8
13725,23534,2026-01-26,UPI,Paid,4048.55
13726,16089,2026-01-26,Credit Card,Paid,3838.5
13727,12421,2026-01-26,UPI,Paid,6974.7
13728,24058,2026-01-26,UPI,Paid,35464.5
13729,12749,2026-01-26,Credit Card,Paid,3355.0
13730,13968,2026-01-26,UPI,Paid,201.45
13731,20614,2026-01-26,UPI,Paid,80386.2
13732,7298,2026-01-26,UPI,Paid,65883.1
13733,11206,2026-01-26,Credit Card,Paid,3764.25
13734,20717,2026-01-26,Credit Card,Paid,5133.0
13735,5705,2026-01-26,Credit Card,Paid,54322.9
13736,5328,2026-01-27,Credit Card,Paid,8238.25
13737,21892,2026-01-27,Credit Card,Paid,93323.7
13738,4485,2026-01-27,UPI,Paid,13181.2
13739,4259,2026-01-27,Debit Card,Paid,66208.0
13740,10581,2026-01-27,Credit Card,Paid,29352.75
13741,2858,2026-01-27,Net Banking,Paid,831.0
13742,21004,2026-01-27,Credit Card,Paid,8285.6
13743,5365,2026-01-27,Credit Card,Paid,12653.4
13744,5736,2026-01-27,Cash on Delivery,Paid,3368.8
13745,12902,2026-01-27,UPI,Paid,89800.35
13746,15591,2026-01-27,Cash on Delivery,Paid,81815.4
13747,11859,2026-01-27,Net Banking,Paid,3305.25
13748,20185,2026-01-27,Debit Card,Paid,5533.2
13749,1258,2026-01-27,Credit Card,Paid,7657.95
13750,6042,2026-01-27,UPI,Paid,49829.4
13751,13741,2026-01-27,Credit Card,Paid,132930.4
13752,8986,2026-01-28,Credit Card,Paid,96192.9
13753,23186,2026-01-28,Cash on Delivery,Paid,18077.75
13754,1604,2026-01-28,UPI,Paid,53554.25
13755,15116,2026-01-28,Credit Card,Paid,37463.65
13756,6971,2026-01-28,UPI,Paid,9805.3
13757,18410,2026-01-28,Credit Card,Paid,58028.0
13758,17233,2026-01-28,Debit Card,Paid,9020.8
13759,19079,2026-01-28,Credit Card,Paid,4263.6
13760,15799,2026-01-28,Cash on Delivery,Paid,2244.0
13761,4817,2026-01-28,Debit Card,Paid,3355.0
13762,8883,2026-01-28,UPI,Paid,13545.6
13763,11906,2026-01-28,Debit Card,Paid,25290.4
13764,11225,2026-01-28,UPI,Paid,13887.25
13765,11923,2026-01-28,Cash on Delivery,Paid,16448.3
13766,20636,2026-01-28,Debit Card,Paid,32487.15
13767,10823,2026-01-28,UPI,Paid,62884.5
13768,21987,2026-01-28,UPI,Paid,256933.6
13769,23878,2026-01-28,UPI,Paid,1651.1
13770,11525,2026-01-28,Debit Card,Paid,15686.6
13771,2319,2026-01-28,Debit Card,Paid,225444.7
13772,8630,2026-01-28,UPI,Paid,39283.25
13773,9891,2026-01-28,Cash on Delivery,Paid,12365.05
13774,19807,2026-01-28,Debit Card,Paid,3791.25
13775,5269,2026-01-28,UPI,Paid,123189.95
13776,4057,2026-01-28,UPI,Paid,5126.2
13777,12793,2026-01-28,Debit Card,Paid,209511.0
13778,18393,2026-01-29,Cash on Delivery,Paid,23604.0
13779,9944,2026-01-29,Credit Card,Paid,87672.35
13780,14833,2026-01-29,UPI,Paid,93691.3
13781,24970,2026-01-29,Debit Card,Paid,39421.2
13782,18085,2026-01-29,Credit Card,Paid,8042.7
13783,24756,2026-01-29,Debit Card,Paid,20224.0
13784,13001,2026-01-29,UPI,Paid,112206.6
13785,1428,2026-01-29,UPI,Paid,135106.25
13786,1339,2026-01-29,Cash on Delivery,Paid,12221.55
13787,17634,2026-01-29,Credit Card,Paid,51478.7
13788,3919,2026-01-29,Credit Card,Paid,107608.4
13789,8841,2026-01-29,Credit Card,Paid,45206.9
13790,17122,2026-01-29,UPI,Paid,7524.0
13791,22835,2026-01-29,UPI,Paid,39980.8
13792,13225,2026-01-29,Credit Card,Paid,16816.5
13793,23430,2026-01-29,Debit Card,Paid,1104.3
13794,5782,2026-01-29,UPI,Paid,48382.25
13795,20955,2026-01-30,Credit Card,Paid,117013.3
13796,21317,2026-01-30,Net Banking,Paid,32989.0
13797,24105,2026-01-30,Cash on Delivery,Paid,1257.3
13798,8082,2026-01-30,Credit Card,Paid,19444.25
13799,13068,2026-01-30,Debit Card,Paid,148560.3
13800,13054,2026-01-30,UPI,Paid,71289.9
13801,14180,2026-01-30,Net Banking,Paid,19216.8
13802,19536,2026-01-30,Cash on Delivery,Paid,15421.0
13803,11978,2026-01-30,Credit Card,Paid,8904.8
13804,20616,2026-01-30,Debit Card,Paid,122048.1
13805,10082,2026-01-30,Credit Card,Paid,54195.2
13806,22015,2026-01-30,UPI,Paid,3089.6
13807,1767,2026-01-30,UPI,Paid,12952.3
13808,16555,2026-01-31,UPI,Paid,19718.95
13809,21912,2026-01-31,UPI,Paid,89016.6
13810,19093,2026-01-31,Cash on Delivery,Paid,7826.65
13811,1631,2026-01-31,UPI,Paid,49034.4
13812,14549,2026-01-31,UPI,Paid,192127.1
13813,17337,2026-01-31,Cash on Delivery,Paid,82993.4
13814,21834,2026-01-31,Net Banking,Paid,3066.0
13815,3775,2026-01-31,Debit Card,Paid,3801.9
13816,4736,2026-01-31,UPI,Paid,44990.9
13817,17300,2026-01-31,Credit Card,Paid,5019.0
13818,1327,2026-01-31,Debit Card,Paid,1332.75
13819,12723,2026-01-31,Cash on Delivery,Paid,62113.1
13820,21097,2026-01-31,UPI,Paid,183705.8
13821,10548,2026-01-31,UPI,Paid,82311.8
13822,10740,2026-01-31,Credit Card,Paid,22570.9
13823,15809,2026-01-31,UPI,Paid,6275.7
13824,11884,2026-01-31,UPI,Paid,7626.6
13825,7746,2026-01-31,Cash on Delivery,Paid,115558.7
13826,17167,2026-01-31,Debit Card,Paid,35464.5
13827,1741,2026-01-31,Cash on Delivery,Paid,6295.0
13828,21876,2026-01-31,UPI,Paid,2244.0
13829,17386,2026-01-31,UPI,Paid,85614.25
13830,7084,2026-01-31,Credit Card,Paid,120824.1
13831,22556,2026-01-31,Credit Card,Paid,37057.4
13832,19293,2026-01-31,UPI,Paid,1777.0
13833,8857,2026-01-31,UPI,Paid,18270.8
13834,19639,2026-01-31,Credit Card,Paid,916.5
13835,20424,2026-02-01,Net Banking,Paid,1464.3
13836,1805,2026-02-01,UPI,Paid,6135.3
13837,8363,2026-02-01,UPI,Paid,3401.7
13838,6166,2026-02-01,UPI,Paid,5611.2
13839,19108,2026-02-01,Credit Card,Paid,10977.25
13840,15354,2026-02-01,Credit Card,Paid,23032.0
13841,23896,2026-02-01,Debit Card,Paid,65966.5
13842,6525,2026-02-01,UPI,Paid,64062.1
13843,24308,2026-02-01,Cash on Delivery,Paid,12559.95
13844,942,2026-02-01,UPI,Paid,21421.85
13845,2357,2026-02-01,Debit Card,Paid,8237.35
13846,1314,2026-02-01,Debit Card,Paid,45704.05
13847,9346,2026-02-01,Net Banking,Paid,6135.3
13848,4403,2026-02-01,Net Banking,Paid,32152.75
13849,24996,2026-02-01,UPI,Paid,28812.4
13850,24477,2026-02-01,UPI,Paid,49442.3
13851,12645,2026-02-02,UPI,Paid,4282.2
13852,7648,2026-02-02,UPI,Paid,4475.45
13853,9261,2026-02-02,Net Banking,Paid,53345.2
13854,15689,2026-02-02,UPI,Paid,3414.0
13855,22596,2026-02-02,UPI,Paid,18827.1
13856,12477,2026-02-02,UPI,Paid,22552.0
13857,3773,2026-02-02,Credit Card,Paid,102214.95
13858,7360,2026-02-02,UPI,Paid,7196.1
13859,6121,2026-02-02,Debit Card,Paid,65116.3
13860,15119,2026-02-02,Cash on Delivery,Paid,40131.0
13861,17052,2026-02-02,Credit Card,Paid,186989.1
13862,22444,2026-02-02,Credit Card,Paid,13946.0
13863,23936,2026-02-02,Net Banking,Paid,15160.15
13864,9107,2026-02-02,Credit Card,Paid,26497.4
13865,9151,2026-02-02,UPI,Paid,90945.25
13866,15171,2026-02-03,Credit Card,Paid,3801.9
13867,20696,2026-02-03,Cash on Delivery,Paid,44855.4
13868,7898,2026-02-03,Net Banking,Paid,8415.9
13869,18763,2026-02-03,UPI,Paid,24600.5
13870,19596,2026-02-03,Credit Card,Paid,1724.8
13871,9821,2026-02-03,Net Banking,Paid,180124.8
13872,1467,2026-02-03,UPI,Paid,8457.0
13873,23182,2026-02-03,Cash on Delivery,Paid,7619.4
13874,2104,2026-02-03,Credit Card,Paid,10885.1
13875,21259,2026-02-03,Cash on Delivery,Paid,6726.6
13876,905,2026-02-03,UPI,Paid,11721.5
13877,23514,2026-02-03,Cash on Delivery,Paid,12177.8
13878,16124,2026-02-03,Credit Card,Paid,4236.3
13879,14624,2026-02-03,Debit Card,Paid,21184.85
13880,16656,2026-02-03,UPI,Paid,8818.85
13881,5183,2026-02-03,UPI,Paid,115663.9
13882,4624,2026-02-03,UPI,Paid,28245.1
13883,8198,2026-02-03,Credit Card,Paid,352.75
13884,7334,2026-02-03,UPI,Paid,64559.9
13885,3206,2026-02-03,Debit Card,Paid,129062.3
13886,18571,2026-02-04,UPI,Paid,2217.6
13887,12691,2026-02-04,Credit Card,Paid,15796.45
13888,18106,2026-02-04,Credit Card,Paid,48829.15
13889,4316,2026-02-04,UPI,Paid,3254.0
13890,15521,2026-02-04,Cash on Delivery,Paid,104325.75
13891,23474,2026-02-04,Debit Card,Paid,82481.0
13892,22598,2026-02-04,UPI,Paid,28138.4
13893,17263,2026-02-04,UPI,Paid,37156.45
13894,11626,2026-02-04,UPI,Paid,36481.1
13895,23046,2026-02-04,Cash on Delivery,Paid,69372.0
13896,24664,2026-02-04,Credit Card,Paid,75445.1
13897,6438,2026-02-04,Cash on Delivery,Paid,20028.85
13898,4615,2026-02-04,Credit Card,Paid,10316.6
13899,8297,2026-02-04,Credit Card,Paid,8479.8
13900,7870,2026-02-04,UPI,Paid,3419.1
13901,7480,2026-02-04,Cash on Delivery,Paid,19076.95
13902,18764,2026-02-04,UPI,Paid,47494.1
13903,17341,2026-02-04,Cash on Delivery,Paid,1688.15
13904,12537,2026-02-04,Debit Card,Paid,4578.3
13905,13901,2026-02-04,Net Banking,Paid,1846.2
13906,18730,2026-02-04,Credit Card,Paid,89973.25
13907,8303,2026-02-04,Credit Card,Paid,89291.95
13908,14145,2026-02-04,UPI,Paid,29844.25
13909,1726,2026-02-04,Net Banking,Paid,145473.6
13910,21705,2026-02-04,Debit Card,Paid,97398.2
13911,12289,2026-02-05,Credit Card,Paid,10232.65
13912,21670,2026-02-05,UPI,Paid,5704.0
13913,22571,2026-02-05,Credit Card,Paid,33479.25
13914,21721,2026-02-05,UPI,Paid,20972.0
13915,23676,2026-02-05,Cash on Delivery,Paid,56960.1
13916,976,2026-02-05,Debit Card,Paid,71650.8
13917,1672,2026-02-05,Debit Card,Paid,24302.0
13918,17091,2026-02-05,Cash on Delivery,Paid,3530.05
13919,11699,2026-02-05,Cash on Delivery,Paid,97101.6
13920,4634,2026-02-05,UPI,Paid,20089.7
13921,21381,2026-02-05,Cash on Delivery,Paid,45012.9
13922,16367,2026-02-05,Cash on Delivery,Paid,7031.0
13923,8618,2026-02-05,UPI,Paid,48656.35
13924,19717,2026-02-05,UPI,Paid,5396.0
13925,18949,2026-02-05,UPI,Paid,4563.2
13926,18262,2026-02-05,UPI,Paid,69837.0
13927,24398,2026-02-05,UPI,Paid,3609.05
13928,7719,2026-02-05,UPI,Paid,65133.45
13929,22013,2026-02-05,Cash on Delivery,Paid,5229.75
13930,9009,2026-02-05,Debit Card,Paid,118571.7
13931,6873,2026-02-06,Credit Card,Paid,332674.0
13932,16942,2026-02-06,Credit Card,Paid,28839.55
13933,22375,2026-02-06,Net Banking,Paid,187671.0
13934,3002,2026-02-06,Debit Card,Paid,22385.5
13935,15979,2026-02-06,UPI,Paid,2942.7
13936,13562,2026-02-06,UPI,Paid,4079.7
13937,190,2026-02-06,Credit Card,Paid,70893.75
13938,16109,2026-02-06,Net Banking,Paid,22632.7
13939,9972,2026-02-06,Debit Card,Paid,4768.05
13940,19300,2026-02-06,Net Banking,Paid,111729.75
13941,11354,2026-02-06,Cash on Delivery,Paid,249.3
13942,23723,2026-02-06,Credit Card,Paid,32369.45
13943,5886,2026-02-06,Credit Card,Paid,62690.7
13944,8059,2026-02-06,UPI,Paid,12986.5
13945,3415,2026-02-06,Cash on Delivery,Paid,25273.75
13946,12474,2026-02-06,Cash on Delivery,Paid,28017.1
13947,8447,2026-02-06,UPI,Paid,325511.5
13948,702,2026-02-06,UPI,Paid,183210.0
13949,21858,2026-02-06,Net Banking,Paid,25678.0
13950,1823,2026-02-06,Credit Card,Paid,2684.0
13951,9977,2026-02-07,Net Banking,Paid,7480.8
13952,9518,2026-02-07,Credit Card,Paid,39999.2
13953,6875,2026-02-07,Credit Card,Paid,4735.0
13954,23977,2026-02-07,Credit Card,Paid,1073.5
13955,817,2026-02-07,UPI,Paid,4475.45
13956,2049,2026-02-07,Net Banking,Paid,14652.15
13957,17230,2026-02-07,Credit Card,Paid,498.6
13958,16648,2026-02-07,UPI,Paid,60104.6
13959,10154,2026-02-07,Cash on Delivery,Paid,7863.5
13960,18753,2026-02-07,Cash on Delivery,Paid,40274.7
13961,20743,2026-02-07,UPI,Paid,1125.0
13962,10020,2026-02-07,Credit Card,Paid,61996.65
13963,2055,2026-02-07,Cash on Delivery,Paid,28246.35
13964,10355,2026-02-07,Credit Card,Paid,28117.6
13965,6169,2026-02-07,Credit Card,Paid,9718.5
13966,10785,2026-02-08,Debit Card,Paid,10072.0
13967,24143,2026-02-08,Net Banking,Paid,3019.5
13968,3164,2026-02-08,Cash on Delivery,Paid,5807.6
13969,22686,2026-02-08,UPI,Paid,2428.2
13970,12045,2026-02-08,Debit Card,Paid,77636.2
13971,24339,2026-02-08,UPI,Paid,5462.4
13972,3335,2026-02-08,Credit Card,Paid,145475.2
13973,3741,2026-02-08,UPI,Paid,46442.6
13974,17515,2026-02-08,Cash on Delivery,Paid,48713.3
13975,740,2026-02-08,UPI,Paid,1803.6
13976,18054,2026-02-08,UPI,Paid,13133.3
13977,6704,2026-02-08,UPI,Paid,7256.45
13978,6930,2026-02-08,UPI,Paid,8950.9
13979,7117,2026-02-08,UPI,Paid,12343.8
13980,1817,2026-02-08,Credit Card,Paid,2019.6
13981,22806,2026-02-08,UPI,Paid,30054.8
13982,18145,2026-02-08,Credit Card,Paid,57865.7
13983,16099,2026-02-08,Cash on Delivery,Paid,60046.65
13984,8259,2026-02-08,Cash on Delivery,Paid,28586.4
13985,18612,2026-02-08,UPI,Paid,5418.0
13986,20397,2026-02-08,Net Banking,Paid,71720.25
13987,21684,2026-02-08,Cash on Delivery,Paid,88373.3
13988,13317,2026-02-08,Net Banking,Paid,5073.35
13989,9632,2026-02-08,Credit Card,Paid,8354.7
13990,21575,2026-02-08,Credit Card,Paid,13519.3
13991,19409,2026-02-08,Credit Card,Paid,23572.0
13992,11822,2026-02-08,UPI,Paid,21213.0
13993,12142,2026-02-09,Credit Card,Paid,11397.0
13994,22073,2026-02-09,UPI,Paid,8688.0
13995,20,2026-02-09,Credit Card,Paid,9722.0
13996,7540,2026-02-09,Debit Card,Paid,64197.0
13997,11429,2026-02-09,UPI,Paid,75769.2
13998,6689,2026-02-09,Debit Card,Paid,5996.7
13999,4702,2026-02-09,Debit Card,Paid,35869.0
14000,11021,2026-02-09,Cash on Delivery,Paid,11575.7
14001,24867,2026-02-09,UPI,Paid,9235.9
14002,2236,2026-02-09,Credit Card,Paid,41898.4
14003,12852,2026-02-09,UPI,Paid,39806.0
14004,4042,2026-02-09,Net Banking,Paid,21508.4
14005,6092,2026-02-09,UPI,Paid,13924.5
14006,3837,2026-02-10,UPI,Paid,4306.35
14007,22474,2026-02-10,UPI,Paid,167765.3
14008,18049,2026-02-10,UPI,Paid,226225.0
14009,24606,2026-02-10,UPI,Paid,4524.85
14010,15941,2026-02-10,UPI,Paid,24222.25
14011,16426,2026-02-10,UPI,Paid,11439.9
14012,9667,2026-02-10,UPI,Paid,2375.0
14013,15821,2026-02-10,UPI,Paid,41825.75
14014,17754,2026-02-10,Debit Card,Paid,282506.0
14015,1249,2026-02-10,UPI,Paid,46815.4
14016,23000,2026-02-10,Debit Card,Paid,49016.8
14017,23955,2026-02-10,UPI,Paid,21959.0
14018,15017,2026-02-10,UPI,Paid,10722.65
14019,10079,2026-02-10,Net Banking,Paid,6805.4
14020,7959,2026-02-10,Cash on Delivery,Paid,216476.0
14021,6618,2026-02-10,Cash on Delivery,Paid,4711.0
14022,12582,2026-02-10,Cash on Delivery,Paid,166058.2
14023,4163,2026-02-10,Credit Card,Paid,12239.1
14024,13602,2026-02-10,Credit Card,Paid,68257.7
14025,22542,2026-02-10,UPI,Paid,109027.25
14026,3475,2026-02-10,UPI,Paid,6817.0
14027,19779,2026-02-10,Credit Card,Paid,3806.4
14028,12825,2026-02-10,UPI,Paid,30315.25
14029,21435,2026-02-10,Debit Card,Paid,5695.8
14030,16625,2026-02-10,UPI,Paid,70576.5
14031,9921,2026-02-10,UPI,Paid,55143.9
14032,18917,2026-02-10,UPI,Paid,415.0
14033,6774,2026-02-10,Credit Card,Paid,87118.2
14034,4232,2026-02-10,UPI,Paid,40576.35
14035,4418,2026-02-11,Credit Card,Paid,47849.9
14036,5972,2026-02-11,UPI,Paid,52448.3
14037,5999,2026-02-11,Cash on Delivery,Paid,85914.6
14038,21320,2026-02-11,Credit Card,Paid,41866.25
14039,5619,2026-02-11,UPI,Paid,84311.6
14040,5680,2026-02-11,Credit Card,Paid,2131.8
14041,2778,2026-02-11,UPI,Paid,61427.8
14042,13732,2026-02-11,UPI,Paid,74625.0
14043,2979,2026-02-11,UPI,Paid,38433.75
14044,22125,2026-02-11,UPI,Paid,12842.0
14045,15739,2026-02-11,Cash on Delivery,Paid,5447.2
14046,18793,2026-02-11,UPI,Paid,6468.55
14047,20373,2026-02-11,Credit Card,Paid,80780.0
14048,14315,2026-02-11,UPI,Paid,488.7
14049,10513,2026-02-11,Cash on Delivery,Paid,1777.5
14050,3465,2026-02-11,Debit Card,Paid,9216.85
14051,18124,2026-02-11,Credit Card,Paid,6624.35
14052,4101,2026-02-11,Debit Card,Paid,4363.05
14053,16721,2026-02-12,UPI,Paid,30254.55
14054,1466,2026-02-12,Debit Card,Paid,68861.1
14055,17480,2026-02-12,Credit Card,Paid,3862.0
14056,20929,2026-02-12,Debit Card,Paid,32440.6
14057,23411,2026-02-12,Credit Card,Paid,46220.0
14058,16651,2026-02-12,Credit Card,Paid,23334.0
14059,10733,2026-02-12,Debit Card,Paid,8088.0
14060,5224,2026-02-12,UPI,Paid,20706.6
14061,22269,2026-02-12,Debit Card,Paid,11312.05
14062,5143,2026-02-12,UPI,Paid,116040.0
14063,14485,2026-02-12,UPI,Paid,1683.0
14064,16346,2026-02-12,UPI,Paid,2082.0
14065,16746,2026-02-12,Net Banking,Paid,80556.9
14066,22492,2026-02-12,UPI,Paid,50575.15
14067,1353,2026-02-12,Debit Card,Paid,24941.85
14068,18762,2026-02-12,UPI,Paid,54697.75
14069,1529,2026-02-12,Cash on Delivery,Paid,9207.0
14070,15457,2026-02-12,Credit Card,Paid,6039.0
14071,20552,2026-02-12,UPI,Paid,12192.75
14072,8731,2026-02-12,Credit Card,Paid,33660.0
14073,22021,2026-02-12,UPI,Paid,17742.7
14074,12487,2026-02-13,Credit Card,Paid,11572.7
14075,12257,2026-02-13,UPI,Paid,7527.55
14076,15223,2026-02-13,Cash on Delivery,Paid,6761.6
14077,7887,2026-02-13,UPI,Paid,9368.2
14078,9468,2026-02-13,UPI,Paid,11268.75
14079,14076,2026-02-13,Net Banking,Paid,15561.0
14080,20124,2026-02-13,Credit Card,Paid,25290.4
14081,10839,2026-02-13,Debit Card,Paid,23104.9
14082,14187,2026-02-13,Credit Card,Paid,21769.35
14083,7989,2026-02-13,Credit Card,Paid,40682.7
14084,19171,2026-02-13,Cash on Delivery,Paid,26238.9
14085,13037,2026-02-13,Credit Card,Paid,114407.0
14086,2843,2026-02-13,Credit Card,Paid,104417.65
14087,8042,2026-02-14,Credit Card,Paid,18325.7
14088,6002,2026-02-14,Credit Card,Paid,5447.2
14089,2887,2026-02-14,UPI,Paid,27782.65
14090,4217,2026-02-14,Net Banking,Paid,22805.1
14091,343,2026-02-14,Cash on Delivery,Paid,1564.2
14092,1006,2026-02-14,UPI,Paid,3229.15
14093,21159,2026-02-14,Credit Card,Paid,3430.6
14094,22562,2026-02-14,Credit Card,Paid,10451.35
14095,14263,2026-02-14,UPI,Paid,3232.8
14096,11297,2026-02-14,UPI,Paid,235.45
14097,2374,2026-02-14,Debit Card,Paid,23988.5
14098,22282,2026-02-14,Credit Card,Paid,76130.75
14099,10245,2026-02-14,Debit Card,Paid,18170.75
14100,23055,2026-02-14,UPI,Paid,747.9
14101,9311,2026-02-14,Debit Card,Paid,301115.8
14102,1889,2026-02-14,Credit Card,Paid,35536.5
14103,1514,2026-02-14,UPI,Paid,10199.25
14104,8637,2026-02-14,UPI,Paid,143027.9
14105,886,2026-02-14,Net Banking,Paid,10182.8
14106,4741,2026-02-14,Debit Card,Paid,42643.8
14107,6748,2026-02-14,UPI,Paid,66917.7
14108,24861,2026-02-15,Credit Card,Paid,47254.65
14109,5821,2026-02-15,UPI,Paid,16721.25
14110,23810,2026-02-15,Debit Card,Paid,156623.0
14111,4726,2026-02-15,Debit Card,Paid,50972.4
14112,3828,2026-02-15,Cash on Delivery,Paid,63871.35
14113,20925,2026-02-15,UPI,Paid,70781.35
14114,24658,2026-02-15,Credit Card,Paid,373.5
14115,5248,2026-02-15,Debit Card,Paid,8452.0
14116,3730,2026-02-15,UPI,Paid,6925.0
14117,15657,2026-02-15,Cash on Delivery,Paid,204933.1
14118,12859,2026-02-15,UPI,Paid,4265.0
14119,14541,2026-02-15,Cash on Delivery,Paid,69263.2
14120,19678,2026-02-15,Net Banking,Paid,8666.25
14121,3064,2026-02-15,Debit Card,Paid,9878.0
14122,21999,2026-02-15,Cash on Delivery,Paid,7634.0
14123,24823,2026-02-15,Debit Card,Paid,20354.8
14124,22740,2026-02-15,Debit Card,Paid,2428.2
14125,8207,2026-02-16,Debit Card,Paid,101616.0
14126,16212,2026-02-16,UPI,Paid,43825.5
14127,8700,2026-02-16,Net Banking,Paid,149712.9
14128,19601,2026-02-16,UPI,Paid,25411.6
14129,7924,2026-02-16,UPI,Paid,2428.2
14130,21228,2026-02-16,Credit Card,Paid,6870.6
14131,7370,2026-02-16,Net Banking,Paid,171741.25
14132,22531,2026-02-16,Credit Card,Paid,17637.7
14133,8728,2026-02-16,UPI,Paid,17332.5
14134,7308,2026-02-16,UPI,Paid,38288.1
14135,6993,2026-02-16,UPI,Paid,1941.8
14136,12997,2026-02-16,UPI,Paid,65259.3
14137,18194,2026-02-16,UPI,Paid,4964.5
14138,5285,2026-02-16,UPI,Paid,126568.4
14139,17108,2026-02-16,Credit Card,Paid,4069.6
14140,7123,2026-02-16,UPI,Paid,38354.85
14141,832,2026-02-16,Cash on Delivery,Paid,21194.2
14142,13288,2026-02-16,Cash on Delivery,Paid,3810.4
14143,14916,2026-02-16,Debit Card,Paid,16795.5
14144,13392,2026-02-16,Debit Card,Paid,4724.75
14145,5158,2026-02-16,UPI,Paid,82359.0
14146,4683,2026-02-16,Net Banking,Paid,160772.4
14147,2787,2026-02-17,UPI,Paid,12602.4
14148,16463,2026-02-17,Credit Card,Paid,68320.8
14149,8121,2026-02-17,UPI,Paid,47382.0
14150,9734,2026-02-17,Credit Card,Paid,8723.3
14151,13984,2026-02-17,Net Banking,Paid,15795.55
14152,9789,2026-02-17,UPI,Paid,33100.2
14153,10150,2026-02-17,Credit Card,Paid,352.75
14154,10207,2026-02-17,Credit Card,Paid,80699.6
14155,22861,2026-02-17,UPI,Paid,855.0
14156,13010,2026-02-17,UPI,Paid,6373.45
14157,3137,2026-02-17,Cash on Delivery,Paid,12705.8
14158,11798,2026-02-17,UPI,Paid,8322.95
14159,14079,2026-02-17,Net Banking,Paid,33812.1
14160,22550,2026-02-17,Net Banking,Paid,1795.2
14161,19158,2026-02-17,Credit Card,Paid,7948.35
14162,5110,2026-02-17,Credit Card,Paid,135225.6
14163,3016,2026-02-17,Debit Card,Paid,14716.9
14164,3324,2026-02-17,Cash on Delivery,Paid,266403.8
14165,23234,2026-02-17,Debit Card,Paid,8354.7
14166,20426,2026-02-17,Debit Card,Paid,13909.4
14167,15032,2026-02-17,Cash on Delivery,Paid,18706.8
14168,23673,2026-02-18,Cash on Delivery,Paid,134100.9
14169,19991,2026-02-18,UPI,Paid,43030.65
14170,21878,2026-02-18,UPI,Paid,5087.0
14171,3006,2026-02-18,Net Banking,Paid,8537.0
14172,19000,2026-02-18,Debit Card,Paid,9536.1
14173,14419,2026-02-18,UPI,Paid,13948.5
14174,9767,2026-02-18,Cash on Delivery,Paid,6516.0
14175,24495,2026-02-18,Debit Card,Paid,8989.4
14176,9312,2026-02-18,UPI,Paid,10833.0
14177,2833,2026-02-18,Credit Card,Paid,8564.4
14178,23387,2026-02-18,Debit Card,Paid,121488.25
14179,20624,2026-02-18,Credit Card,Paid,7806.15
14180,11470,2026-02-18,Credit Card,Paid,44126.4
14181,11832,2026-02-18,Debit Card,Paid,96180.5
14182,17582,2026-02-18,UPI,Paid,29854.5
14183,17680,2026-02-18,UPI,Paid,48195.0
14184,18780,2026-02-18,UPI,Paid,24049.6
14185,13220,2026-02-18,UPI,Paid,16961.4
14186,23615,2026-02-19,UPI,Paid,170428.2
14187,24311,2026-02-19,UPI,Paid,6458.3
14188,1371,2026-02-19,UPI,Paid,141941.4
14189,8050,2026-02-19,Cash on Delivery,Paid,2374.9
14190,8737,2026-02-19,UPI,Paid,9208.35
14191,17794,2026-02-19,UPI,Paid,4036.0
14192,14662,2026-02-19,Net Banking,Paid,4533.0
14193,13556,2026-02-19,UPI,Paid,17678.3
14194,5247,2026-02-19,UPI,Paid,12296.0
14195,1928,2026-02-19,Credit Card,Paid,3853.05
14196,2139,2026-02-19,UPI,Paid,1220.0
14197,21417,2026-02-19,Cash on Delivery,Paid,43876.85
14198,7609,2026-02-19,UPI,Paid,49170.8
14199,15057,2026-02-19,UPI,Paid,66023.1
14200,13211,2026-02-19,UPI,Paid,187041.1
14201,19479,2026-02-19,UPI,Paid,62317.5
14202,11647,2026-02-19,Credit Card,Paid,12299.15
14203,6416,2026-02-19,Cash on Delivery,Paid,9821.75
14204,11392,2026-02-20,UPI,Paid,54842.7
14205,4973,2026-02-20,UPI,Paid,4323.95
14206,1209,2026-02-20,UPI,Paid,2244.0
14207,23806,2026-02-20,Cash on Delivery,Paid,1440.75
14208,1597,2026-02-20,UPI,Paid,28138.4
14209,8619,2026-02-20,UPI,Paid,8818.85
14210,18639,2026-02-20,Debit Card,Paid,8530.0
14211,626,2026-02-20,UPI,Paid,132944.0
14212,21761,2026-02-20,UPI,Paid,12013.05
14213,213,2026-02-20,Debit Card,Paid,15238.8
14214,23956,2026-02-20,UPI,Paid,8103.5
14215,5279,2026-02-20,UPI,Paid,14927.4
14216,1533,2026-02-20,Credit Card,Paid,33835.1
14217,23616,2026-02-20,Debit Card,Paid,31165.2
14218,2543,2026-02-20,Cash on Delivery,Paid,219949.8
14219,3430,2026-02-20,Credit Card,Paid,114986.8
14220,19159,2026-02-20,Credit Card,Paid,46758.7
14221,11552,2026-02-20,Debit Card,Paid,89917.25
14222,6248,2026-02-20,UPI,Paid,84095.6
14223,18128,2026-02-20,Cash on Delivery,Paid,249665.1
14224,9757,2026-02-21,UPI,Paid,110287.8
14225,20178,2026-02-21,Debit Card,Paid,63868.2
14226,11094,2026-02-21,Cash on Delivery,Paid,9283.0
14227,7578,2026-02-21,Credit Card,Paid,10316.6
14228,6964,2026-02-21,Net Banking,Paid,78756.8
14229,17455,2026-02-21,Net Banking,Paid,7531.2
14230,19984,2026-02-21,Debit Card,Paid,6621.6
14231,16729,2026-02-21,Credit Card,Paid,2004.0
14232,21397,2026-02-21,Cash on Delivery,Paid,3401.7
14233,9958,2026-02-21,UPI,Paid,38159.6
14234,17712,2026-02-21,UPI,Paid,130518.6
14235,13776,2026-02-21,UPI,Paid,65259.3
14236,13784,2026-02-21,UPI,Paid,4051.75
14237,21816,2026-02-21,UPI,Paid,13333.35
14238,11407,2026-02-21,UPI,Paid,17046.9
14239,5997,2026-02-21,Debit Card,Paid,4239.9
14240,9304,2026-02-21,UPI,Paid,9429.95
14241,21197,2026-02-21,Cash on Delivery,Paid,2895.55
14242,640,2026-02-21,UPI,Paid,59073.3
14243,12808,2026-02-22,UPI,Paid,2293.3
14244,13596,2026-02-22,Debit Card,Paid,16527.4
14245,8425,2026-02-22,UPI,Paid,3143.25
14246,12736,2026-02-22,Credit Card,Paid,7791.3
14247,10769,2026-02-22,Net Banking,Paid,10315.6
14248,9543,2026-02-22,Credit Card,Paid,6570.75
14249,989,2026-02-22,Credit Card,Paid,4237.0
14250,22933,2026-02-22,UPI,Paid,4191.0
14251,15227,2026-02-22,UPI,Paid,5509.2
14252,3711,2026-02-22,UPI,Paid,64679.1
14253,5106,2026-02-22,UPI,Paid,10273.6
14254,3567,2026-02-22,Credit Card,Paid,145226.2
14255,22982,2026-02-22,Credit Card,Paid,10273.6
14256,22656,2026-02-22,Debit Card,Paid,156354.8
14257,15487,2026-02-22,UPI,Paid,96805.65
14258,15709,2026-02-22,Credit Card,Paid,6670.7
14259,21682,2026-02-22,Cash on Delivery,Paid,108836.9
14260,993,2026-02-22,Cash on Delivery,Paid,9718.5
14261,22534,2026-02-23,Credit Card,Paid,3435.3
14262,9940,2026-02-23,Cash on Delivery,Paid,70151.55
14263,6018,2026-02-23,Debit Card,Paid,13946.0
14264,2524,2026-02-23,UPI,Paid,94572.0
14265,17993,2026-02-23,Debit Card,Paid,7480.8
14266,10121,2026-02-23,Net Banking,Paid,9832.0
14267,21425,2026-02-23,Debit Card,Paid,100128.7
14268,14817,2026-02-23,UPI,Paid,5000.0
14269,831,2026-02-23,UPI,Paid,2293.3
14270,19578,2026-02-23,UPI,Paid,75012.0
14271,5265,2026-02-23,Credit Card,Paid,47122.5
14272,4396,2026-02-23,Debit Card,Paid,6824.8
14273,8981,2026-02-23,Credit Card,Paid,18950.75
14274,6168,2026-02-23,Credit Card,Paid,37569.0
14275,15157,2026-02-23,Debit Card,Paid,58926.85
14276,11034,2026-02-23,UPI,Paid,23890.4
14277,12558,2026-02-23,UPI,Paid,1284.3
14278,13724,2026-02-23,UPI,Paid,9631.5
14279,20710,2026-02-24,UPI,Paid,11465.0
14280,8248,2026-02-24,Cash on Delivery,Paid,38422.55
14281,24344,2026-02-24,Cash on Delivery,Paid,50964.3
14282,16229,2026-02-24,Net Banking,Paid,97138.4
14283,5696,2026-02-24,UPI,Paid,11344.9
14284,16680,2026-02-24,Debit Card,Paid,2094.4
14285,15642,2026-02-24,Credit Card,Paid,9283.0
14286,10929,2026-02-24,Credit Card,Paid,5350.75
14287,24804,2026-02-24,UPI,Paid,3626.4
14288,6603,2026-02-24,Credit Card,Paid,2340.8
14289,2946,2026-02-24,Debit Card,Paid,9696.8
14290,13893,2026-02-24,Cash on Delivery,Paid,5126.2
14291,8533,2026-02-24,UPI,Paid,20065.5
14292,6080,2026-02-24,Net Banking,Paid,158946.0
14293,13207,2026-02-24,Net Banking,Paid,12137.4
14294,16828,2026-02-24,UPI,Paid,17637.7
14295,13859,2026-02-24,Credit Card,Paid,163148.0
14296,13294,2026-02-24,Credit Card,Paid,35464.5
14297,8030,2026-02-24,Net Banking,Paid,5133.0
14298,659,2026-02-24,UPI,Paid,62624.0
14299,17173,2026-02-24,UPI,Paid,6710.0
14300,13343,2026-02-24,Net Banking,Paid,5126.2
14301,18037,2026-02-24,Credit Card,Paid,3069.0
14302,14269,2026-02-25,Cash on Delivery,Paid,132250.45
14303,3962,2026-02-25,Net Banking,Paid,45756.7
14304,18166,2026-02-25,Cash on Delivery,Paid,5086.8
14305,12261,2026-02-25,Debit Card,Paid,15582.6
14306,539,2026-02-25,Debit Card,Paid,88164.6
14307,6624,2026-02-25,UPI,Paid,15002.7
14308,1915,2026-02-25,Credit Card,Paid,12439.5
14309,17378,2026-02-25,Cash on Delivery,Paid,4004.35
14310,8770,2026-02-25,UPI,Paid,1125.0
14311,4815,2026-02-25,UPI,Paid,31312.0
14312,17481,2026-02-25,UPI,Paid,71073.0
14313,24574,2026-02-25,Credit Card,Paid,68849.0
14314,1920,2026-02-25,Cash on Delivery,Paid,68196.25
14315,17841,2026-02-25,Net Banking,Paid,34390.15
14316,16018,2026-02-25,Cash on Delivery,Paid,237.0
14317,21019,2026-02-25,Net Banking,Paid,98170.0
14318,22369,2026-02-25,UPI,Paid,30315.25
14319,10080,2026-02-25,Net Banking,Paid,236961.6
14320,19058,2026-02-25,Cash on Delivery,Paid,16932.0
14321,10865,2026-02-25,Cash on Delivery,Paid,95274.9
14322,13229,2026-02-25,Credit Card,Paid,10459.5
14323,22499,2026-02-26,Debit Card,Paid,83678.2
14324,14482,2026-02-26,Cash on Delivery,Paid,29759.75
14325,5882,2026-02-26,Debit Card,Paid,59727.85
14326,17560,2026-02-26,Credit Card,Paid,4164.0
14327,13783,2026-02-26,Credit Card,Paid,10257.3
14328,21223,2026-02-26,UPI,Paid,260372.5
14329,20556,2026-02-26,UPI,Paid,12585.5
14330,10653,2026-02-26,Credit Card,Paid,49804.0
14331,18624,2026-02-26,UPI,Paid,46778.4
14332,2148,2026-02-26,UPI,Paid,35658.15
14333,13428,2026-02-26,Credit Card,Paid,2094.4
14334,6480,2026-02-26,UPI,Paid,28176.75
14335,14960,2026-02-26,Net Banking,Paid,16709.4
14336,14808,2026-02-26,UPI,Paid,12545.5
14337,3665,2026-02-26,Cash on Delivery,Paid,875.0
14338,18453,2026-02-26,Debit Card,Paid,8472.6
14339,23727,2026-02-26,Credit Card,Paid,8007.3
14340,750,2026-02-26,Debit Card,Paid,33154.95
14341,4980,2026-02-27,UPI,Paid,15883.55
14342,10149,2026-02-27,Debit Card,Paid,22276.65
14343,6497,2026-02-27,Cash on Delivery,Paid,150303.55
14344,1577,2026-02-27,UPI,Paid,101074.45
14345,2667,2026-02-27,Debit Card,Paid,55161.3
14346,15662,2026-02-27,Debit Card,Paid,8800.3
14347,12724,2026-02-27,Cash on Delivery,Paid,2500.0
14348,19360,2026-02-27,Credit Card,Paid,1477.3
14349,11241,2026-02-27,Cash on Delivery,Paid,28139.55
14350,14869,2026-02-27,UPI,Paid,1421.6
14351,24488,2026-02-27,UPI,Paid,18421.2
14352,312,2026-02-27,UPI,Paid,14948.0
14353,22277,2026-02-27,Cash on Delivery,Paid,179789.5
14354,12689,2026-02-27,Debit Card,Paid,3838.5
14355,2196,2026-02-27,UPI,Paid,3853.05
14356,706,2026-02-27,UPI,Paid,46343.4
14357,14341,2026-02-27,UPI,Paid,187577.95
14358,13613,2026-02-27,Credit Card,Paid,58233.0
14359,565,2026-02-27,Credit Card,Paid,3430.6
14360,6162,2026-02-27,UPI,Paid,94627.6
14361,13469,2026-02-27,Credit Card,Paid,82942.3
14362,24621,2026-02-27,Credit Card,Paid,109632.2
14363,1549,2026-02-27,UPI,Paid,32111.9
14364,15646,2026-02-28,Cash on Delivery,Paid,37828.8
14365,196,2026-02-28,UPI,Paid,25408.9
14366,17733,2026-02-28,Debit Card,Paid,4521.6
14367,13400,2026-02-28,Debit Card,Paid,26653.6
14368,1720,2026-02-28,Debit Card,Paid,10409.55
14369,23053,2026-02-28,Credit Card,Paid,20919.0
14370,8043,2026-02-28,UPI,Paid,2684.0
14371,16088,2026-02-28,Cash on Delivery,Paid,52080.35
14372,1011,2026-02-28,Credit Card,Paid,18950.75
14373,15740,2026-02-28,UPI,Paid,102348.6
14374,12760,2026-02-28,Cash on Delivery,Paid,80347.2
14375,24749,2026-02-28,UPI,Paid,3201.6
14376,22507,2026-02-28,UPI,Paid,134536.05
14377,9335,2026-02-28,Credit Card,Paid,6352.9
14378,20531,2026-02-28,Debit Card,Paid,7337.8
14379,17414,2026-02-28,UPI,Paid,20338.2
14380,19207,2026-02-28,Debit Card,Paid,7480.8
14381,6511,2026-02-28,UPI,Paid,24838.4
14382,5875,2026-02-28,Debit Card,Paid,77512.85
14383,14354,2026-02-28,UPI,Paid,6624.35
14384,12185,2026-02-28,Cash on Delivery,Paid,47274.0
14385,10602,2026-02-28,Credit Card,Paid,63226.0
14386,12009,2026-02-28,Credit Card,Paid,34142.8
14387,8895,2026-02-28,Net Banking,Paid,9584.6
14388,14948,2026-03-01,Credit Card,Paid,5927.05
14389,1488,2026-03-01,Cash on Delivery,Paid,6128.1
14390,128,2026-03-01,UPI,Paid,134581.9
14391,10117,2026-03-01,Credit Card,Paid,49498.05
14392,5061,2026-03-01,Cash on Delivery,Paid,16855.2
14393,24002,2026-03-01,Credit Card,Paid,6468.55
14394,14695,2026-03-01,Credit Card,Paid,4485.2
14395,15478,2026-03-01,Cash on Delivery,Paid,4266.15
14396,1508,2026-03-01,Net Banking,Paid,37166.9
14397,4870,2026-03-01,UPI,Paid,47382.0
14398,10418,2026-03-01,UPI,Paid,1104.3
14399,701,2026-03-01,UPI,Paid,72483.15
14400,21607,2026-03-01,UPI,Paid,37063.3
14401,4488,2026-03-01,UPI,Paid,3815.25
14402,5754,2026-03-01,UPI,Paid,9235.9
14403,7945,2026-03-01,Net Banking,Paid,19563.95
14404,12502,2026-03-01,Net Banking,Paid,9852.9
14405,23836,2026-03-01,Cash on Delivery,Paid,42249.2
14406,15926,2026-03-01,UPI,Paid,27206.2
14407,6047,2026-03-01,Cash on Delivery,Paid,79757.55
14408,11155,2026-03-02,Cash on Delivery,Paid,5927.05
14409,9374,2026-03-02,Credit Card,Paid,63431.25
14410,10227,2026-03-02,UPI,Paid,20624.0
14411,8620,2026-03-02,Debit Card,Paid,35464.5
14412,12963,2026-03-02,Net Banking,Paid,7209.4
14413,2210,2026-03-02,UPI,Paid,15074.6
14414,13464,2026-03-02,UPI,Paid,116779.75
14415,2662,2026-03-02,UPI,Paid,31312.0
14416,17527,2026-03-02,Credit Card,Paid,2851.75
14417,9091,2026-03-02,UPI,Paid,52647.1
14418,20220,2026-03-02,UPI,Paid,47434.9
14419,10385,2026-03-02,Debit Card,Paid,6817.0
14420,14814,2026-03-02,Cash on Delivery,Paid,6829.6
14421,8056,2026-03-02,UPI,Paid,7819.2
14422,21048,2026-03-02,Debit Card,Paid,67744.0
14423,23203,2026-03-02,Debit Card,Paid,15527.7
14424,19612,2026-03-02,Debit Card,Paid,8749.8
14425,18140,2026-03-02,UPI,Paid,11391.2
14426,1765,2026-03-02,Cash on Delivery,Paid,129194.6
14427,14195,2026-03-02,Credit Card,Paid,16322.15
14428,19450,2026-03-02,UPI,Paid,4802.25
14429,21757,2026-03-02,UPI,Paid,7890.55
14430,7835,2026-03-02,Debit Card,Paid,4673.3
14431,18908,2026-03-03,UPI,Paid,10267.2
14432,8431,2026-03-03,Debit Card,Paid,106063.5
14433,17557,2026-03-03,UPI,Paid,19263.0
14434,4352,2026-03-03,UPI,Paid,80306.1
14435,13231,2026-03-03,Cash on Delivery,Paid,69447.7
14436,19175,2026-03-03,UPI,Paid,3019.5
14437,24372,2026-03-03,UPI,Paid,118647.25
14438,12712,2026-03-03,Credit Card,Paid,6275.7
14439,5776,2026-03-03,Credit Card,Paid,183436.75
14440,15886,2026-03-03,Debit Card,Paid,43131.1
14441,8120,2026-03-03,Credit Card,Paid,5133.6
14442,1749,2026-03-03,Cash on Delivery,Paid,34535.2
14443,8267,2026-03-03,Cash on Delivery,Paid,38098.8
14444,22355,2026-03-03,Net Banking,Paid,100651.75
14445,7551,2026-03-03,Debit Card,Paid,3538.5
14446,4782,2026-03-03,Debit Card,Paid,61847.4
14447,22765,2026-03-03,Debit Card,Paid,80941.8
14448,24379,2026-03-03,UPI,Paid,16279.45
14449,20282,2026-03-03,UPI,Paid,8705.7
14450,23185,2026-03-03,UPI,Paid,105192.0
14451,11288,2026-03-03,Credit Card,Paid,3302.2
14452,17033,2026-03-03,Debit Card,Paid,17712.8
14453,21472,2026-03-04,UPI,Paid,16984.6
14454,9423,2026-03-04,UPI,Paid,14738.0
14455,22334,2026-03-04,UPI,Paid,56361.6
14456,3959,2026-03-04,Debit Card,Paid,44823.6
14457,10951,2026-03-04,Cash on Delivery,Paid,2857.7
14458,14138,2026-03-04,UPI,Paid,6027.05
14459,823,2026-03-04,Cash on Delivery,Paid,4575.0
14460,9567,2026-03-04,Debit Card,Paid,28818.3
14461,10065,2026-03-04,Cash on Delivery,Paid,32111.9
14462,16120,2026-03-04,UPI,Paid,61824.6
14463,5220,2026-03-04,Credit Card,Paid,2897.5
14464,1449,2026-03-04,Cash on Delivery,Paid,36602.65
14465,20360,2026-03-04,UPI,Paid,190293.75
14466,15819,2026-03-04,Cash on Delivery,Paid,101535.0
14467,23180,2026-03-04,UPI,Paid,24505.65
14468,20511,2026-03-04,Credit Card,Paid,12261.6
14469,16731,2026-03-04,Credit Card,Paid,1564.2
14470,12787,2026-03-04,Credit Card,Paid,119255.6
14471,18036,2026-03-04,Debit Card,Paid,4848.4
14472,8890,2026-03-04,Credit Card,Paid,3280.1
14473,7218,2026-03-04,UPI,Paid,73031.25
14474,5806,2026-03-04,Debit Card,Paid,45012.9
14475,17924,2026-03-04,UPI,Paid,48928.3
14476,9435,2026-03-05,Credit Card,Paid,15196.0
14477,8283,2026-03-05,Credit Card,Paid,4237.0
14478,17777,2026-03-05,Credit Card,Paid,97940.35
14479,4578,2026-03-05,Credit Card,Paid,4533.0
14480,13581,2026-03-05,UPI,Paid,42094.0
14481,13103,2026-03-05,UPI,Paid,67627.25
14482,14039,2026-03-05,Credit Card,Paid,10174.0
14483,19075,2026-03-05,Debit Card,Paid,66885.0
14484,13423,2026-03-05,Cash on Delivery,Paid,3985.2
14485,23011,2026-03-05,Cash on Delivery,Paid,7426.4
14486,20179,2026-03-05,UPI,Paid,59180.6
14487,14234,2026-03-05,Net Banking,Paid,35825.4
14488,16315,2026-03-05,Credit Card,Paid,3849.75
14489,827,2026-03-05,Cash on Delivery,Paid,3128.85
14490,3670,2026-03-05,UPI,Paid,20799.0
14491,19147,2026-03-05,Credit Card,Paid,55022.4
14492,4497,2026-03-05,UPI,Paid,4002.0
14493,17736,2026-03-05,UPI,Paid,4211.0
14494,4090,2026-03-05,UPI,Paid,1141.6
14495,6718,2026-03-06,Debit Card,Paid,53669.9
14496,2199,2026-03-06,Credit Card,Paid,30344.25
14497,22697,2026-03-06,Credit Card,Paid,1839.6
14498,8587,2026-03-06,Debit Card,Paid,25588.4
14499,4384,2026-03-06,UPI,Paid,332.0
14500,16626,2026-03-06,Debit Card,Paid,19058.7
14501,13913,2026-03-06,Net Banking,Paid,1971.2
14502,9078,2026-03-06,Cash on Delivery,Paid,21675.2
14503,1645,2026-03-06,Credit Card,Paid,6817.0
14504,9500,2026-03-06,Cash on Delivery,Paid,3768.8
14505,20425,2026-03-06,Debit Card,Paid,7100.3
14506,6485,2026-03-06,UPI,Paid,5087.0
14507,17600,2026-03-06,Debit Card,Paid,35779.9
14508,7732,2026-03-06,Debit Card,Paid,42557.4
14509,13344,2026-03-06,Cash on Delivery,Paid,26906.4
14510,2767,2026-03-06,UPI,Paid,101616.0
14511,22739,2026-03-06,UPI,Paid,7890.55
14512,8379,2026-03-06,Debit Card,Paid,33104.0
14513,9684,2026-03-06,Net Banking,Paid,3286.95
14514,15302,2026-03-06,UPI,Paid,1564.2
14515,4721,2026-03-06,Debit Card,Paid,60122.65
14516,12882,2026-03-06,Debit Card,Paid,46372.8
14517,11048,2026-03-06,Credit Card,Paid,9182.45
14518,15355,2026-03-07,UPI,Paid,3069.0
14519,4915,2026-03-07,UPI,Paid,8620.8
14520,14830,2026-03-07,Debit Card,Paid,77105.5
14521,9641,2026-03-07,UPI,Paid,12199.9
14522,22897,2026-03-07,Net Banking,Paid,34390.15
14523,8678,2026-03-07,Cash on Delivery,Paid,185445.25
14524,24303,2026-03-07,Debit Card,Paid,30484.8
14525,24945,2026-03-07,Credit Card,Paid,221.6
14526,1273,2026-03-07,Credit Card,Paid,39989.3
14527,10817,2026-03-07,Credit Card,Paid,17869.9
14528,14137,2026-03-07,Credit Card,Paid,3296.25
14529,449,2026-03-07,Debit Card,Paid,8647.9
14530,10199,2026-03-07,Credit Card,Paid,72293.0
14531,9714,2026-03-07,Credit Card,Paid,20251.5
14532,9843,2026-03-07,Debit Card,Paid,15315.9
14533,18660,2026-03-07,Credit Card,Paid,28408.45
14534,12184,2026-03-07,Cash on Delivery,Paid,129205.95
14535,10440,2026-03-07,Debit Card,Paid,5133.6
14536,17519,2026-03-07,Credit Card,Paid,96558.85
14537,19851,2026-03-07,Debit Card,Paid,44639.0
14538,8797,2026-03-07,Cash on Delivery,Paid,102104.1
14539,2498,2026-03-07,UPI,Paid,33160.5
14540,22826,2026-03-07,UPI,Paid,7256.45
14541,19859,2026-03-08,Credit Card,Paid,461.55
14542,2768,2026-03-08,Cash on Delivery,Paid,13859.1
14543,10379,2026-03-08,Debit Card,Paid,45021.7
14544,5370,2026-03-08,Debit Card,Paid,6151.5
14545,15070,2026-03-08,Debit Card,Paid,2208.6
14546,24686,2026-03-08,Credit Card,Paid,71073.0
14547,15380,2026-03-08,Debit Card,Paid,11557.8
14548,5064,2026-03-08,UPI,Paid,42557.4
14549,1779,2026-03-08,UPI,Paid,3072.6
14550,23689,2026-03-08,Credit Card,Paid,5137.2
14551,13245,2026-03-08,Net Banking,Paid,64470.75
14552,20551,2026-03-08,Net Banking,Paid,20833.1
14553,8982,2026-03-08,Credit Card,Paid,49915.85
14554,15080,2026-03-08,UPI,Paid,18945.5
14555,15341,2026-03-08,Debit Card,Paid,14497.95
14556,15503,2026-03-08,Cash on Delivery,Paid,40274.7
14557,13319,2026-03-08,UPI,Paid,22522.55
14558,8349,2026-03-08,Net Banking,Paid,38422.55
14559,12119,2026-03-08,UPI,Paid,6726.6
14560,20298,2026-03-08,UPI,Paid,19935.6
14561,5686,2026-03-08,Net Banking,Paid,1227.0
14562,1506,2026-03-08,UPI,Paid,161366.0
14563,4965,2026-03-08,Cash on Delivery,Paid,515.85
14564,5090,2026-03-09,Cash on Delivery,Paid,10506.4
14565,17888,2026-03-09,Cash on Delivery,Paid,40271.45
14566,16436,2026-03-09,UPI,Paid,94097.65
14567,19543,2026-03-09,Credit Card,Paid,3681.0
14568,21780,2026-03-09,UPI,Paid,58389.9
14569,1746,2026-03-09,Debit Card,Paid,30508.3
14570,14104,2026-03-09,UPI,Paid,36625.15
14571,23123,2026-03-09,Debit Card,Paid,986.25
14572,20995,2026-03-09,Cash on Delivery,Paid,6761.6
14573,683,2026-03-09,Cash on Delivery,Paid,20690.45
14574,17425,2026-03-09,Credit Card,Paid,8530.0
14575,7793,2026-03-09,UPI,Paid,40193.1
14576,16450,2026-03-10,Credit Card,Paid,1561.5
14577,5457,2026-03-10,UPI,Paid,93936.0
14578,4295,2026-03-10,Cash on Delivery,Paid,17562.6
14579,2869,2026-03-10,UPI,Paid,5369.4
14580,15619,2026-03-10,UPI,Paid,14648.6
14581,2366,2026-03-10,UPI,Paid,25988.0
14582,13657,2026-03-10,UPI,Paid,25064.1
14583,17806,2026-03-10,Net Banking,Paid,32117.6
14584,7154,2026-03-10,Net Banking,Paid,1117.6
14585,19679,2026-03-10,UPI,Paid,9623.7
14586,7864,2026-03-10,UPI,Paid,56958.3
14587,11920,2026-03-10,Cash on Delivery,Paid,197074.8
14588,974,2026-03-10,Credit Card,Paid,7706.1
14589,21170,2026-03-10,Debit Card,Paid,6802.0
14590,22208,2026-03-10,UPI,Paid,26702.75
14591,20073,2026-03-10,Net Banking,Paid,20775.0
14592,17361,2026-03-10,Credit Card,Paid,13345.15
14593,20100,2026-03-10,Cash on Delivery,Paid,13335.95
14594,4020,2026-03-10,UPI,Paid,1795.2
14595,1037,2026-03-10,Debit Card,Paid,2698.0
14596,19821,2026-03-11,Debit Card,Paid,3601.8
14597,14767,2026-03-11,Credit Card,Paid,44214.0
14598,22022,2026-03-11,Net Banking,Paid,232485.9
14599,7868,2026-03-11,Debit Card,Paid,35536.5
14600,21344,2026-03-11,UPI,Paid,6039.0
14601,12755,2026-03-11,UPI,Paid,26301.7
14602,13956,2026-03-11,UPI,Paid,44091.4
14603,13462,2026-03-11,Credit Card,Paid,68694.0
14604,12096,2026-03-11,UPI,Paid,30813.2
14605,13762,2026-03-11,UPI,Paid,3853.05
14606,6726,2026-03-11,Debit Card,Paid,85876.1
14607,21360,2026-03-11,UPI,Paid,8322.95
14608,1537,2026-03-11,Debit Card,Paid,8354.7
14609,14537,2026-03-11,Credit Card,Paid,45267.2
14610,14383,2026-03-11,UPI,Paid,8531.85
14611,19661,2026-03-11,Credit Card,Paid,10836.0
14612,7387,2026-03-11,Credit Card,Paid,15555.2
14613,10815,2026-03-11,UPI,Paid,22148.55
14614,481,2026-03-11,Net Banking,Paid,38925.3
14615,22706,2026-03-11,UPI,Paid,4306.35
14616,23961,2026-03-12,Credit Card,Paid,170113.5
14617,21763,2026-03-12,UPI,Paid,17908.65
14618,2888,2026-03-12,Net Banking,Paid,2019.6
14619,22438,2026-03-12,Debit Card,Paid,8695.75
14620,1124,2026-03-12,UPI,Paid,14012.9
14621,21510,2026-03-12,UPI,Paid,664.8
14622,5899,2026-03-12,Debit Card,Paid,3093.6
14623,19502,2026-03-12,UPI,Paid,9866.85
14624,24607,2026-03-12,UPI,Paid,7474.0
14625,3495,2026-03-12,Credit Card,Paid,213.3
14626,17829,2026-03-12,UPI,Paid,4896.85
14627,23472,2026-03-12,Credit Card,Paid,60228.4
14628,4762,2026-03-13,UPI,Paid,4428.0
14629,19371,2026-03-13,Credit Card,Paid,3592.0
14630,1650,2026-03-13,UPI,Paid,34160.0
14631,13817,2026-03-13,Debit Card,Paid,96747.0
14632,9613,2026-03-13,Debit Card,Paid,2023.5
14633,9750,2026-03-13,Cash on Delivery,Paid,7619.4
14634,9345,2026-03-13,Debit Card,Paid,213114.75
14635,13014,2026-03-13,Credit Card,Paid,82997.2
14636,14773,2026-03-13,Debit Card,Paid,35672.0
14637,20044,2026-03-13,UPI,Paid,98388.0
14638,1754,2026-03-13,UPI,Paid,7426.4
14639,16030,2026-03-13,UPI,Paid,9115.2
14640,7581,2026-03-13,Debit Card,Paid,7677.6
14641,12263,2026-03-13,UPI,Paid,2698.0
14642,22608,2026-03-13,Cash on Delivery,Paid,38612.45
14643,16267,2026-03-13,Cash on Delivery,Paid,4475.45
14644,4269,2026-03-13,Cash on Delivery,Paid,218214.9
14645,2453,2026-03-14,Debit Card,Paid,7100.3
14646,4328,2026-03-14,Cash on Delivery,Paid,21045.3
14647,7304,2026-03-14,Credit Card,Paid,20851.2
14648,23930,2026-03-14,Credit Card,Paid,16855.2
14649,1477,2026-03-14,Net Banking,Paid,32462.0
14650,13131,2026-03-14,UPI,Paid,63568.0
14651,13796,2026-03-14,Net Banking,Paid,4323.95
14652,6981,2026-03-14,Credit Card,Paid,137093.9
14653,13022,2026-03-14,UPI,Paid,33812.1
14654,4585,2026-03-14,Debit Card,Paid,8883.45
14655,16557,2026-03-14,UPI,Paid,72302.4
14656,1044,2026-03-14,Credit Card,Paid,5050.3
14657,17588,2026-03-14,UPI,Paid,60630.5
14658,6759,2026-03-14,UPI,Paid,11408.0
14659,375,2026-03-14,Net Banking,Paid,9207.0
14660,12238,2026-03-14,UPI,Paid,3867.0
14661,14667,2026-03-14,UPI,Paid,21788.8
14662,20748,2026-03-14,Credit Card,Paid,197268.0
14663,13141,2026-03-15,Credit Card,Paid,73867.3
14664,1951,2026-03-15,UPI,Paid,7203.6
14665,13176,2026-03-15,Debit Card,Paid,31237.05
14666,11214,2026-03-15,Debit Card,Paid,29775.8
14667,938,2026-03-15,Debit Card,Paid,14327.2
14668,8908,2026-03-15,UPI,Paid,31923.8
14669,4167,2026-03-15,UPI,Paid,63217.4
14670,10717,2026-03-15,Debit Card,Paid,6726.6
14671,23728,2026-03-15,Credit Card,Paid,543.0
14672,24181,2026-03-15,Debit Card,Paid,84360.15
14673,3937,2026-03-15,UPI,Paid,6761.8
14674,24408,2026-03-15,Debit Card,Paid,7087.95
14675,10828,2026-03-15,UPI,Paid,47477.2
14676,3580,2026-03-15,Credit Card,Paid,8354.7
14677,10773,2026-03-15,UPI,Paid,28180.8
14678,13031,2026-03-15,Credit Card,Paid,9545.9
14679,3019,2026-03-15,Cash on Delivery,Paid,474.0
14680,779,2026-03-15,UPI,Paid,8212.8
14681,24258,2026-03-15,Debit Card,Paid,61824.6
14682,10022,2026-03-15,UPI,Paid,4533.0
14683,11234,2026-03-15,Debit Card,Paid,228375.4
14684,1351,2026-03-15,UPI,Paid,37569.0
14685,1145,2026-03-15,Credit Card,Paid,39493.7
14686,3893,2026-03-15,Debit Card,Paid,6135.3
14687,17255,2026-03-16,Debit Card,Paid,3389.6
14688,21720,2026-03-16,Cash on Delivery,Paid,7480.8
14689,15423,2026-03-16,UPI,Paid,36949.75
14690,23911,2026-03-16,UPI,Paid,38422.55
14691,20798,2026-03-16,Debit Card,Paid,56328.8
14692,24011,2026-03-16,Credit Card,Paid,2004.0
14693,193,2026-03-16,Net Banking,Paid,7317.85
14694,7529,2026-03-16,Credit Card,Paid,109212.3
14695,310,2026-03-16,UPI,Paid,488.7
14696,13330,2026-03-16,UPI,Paid,35817.3
14697,7501,2026-03-16,Net Banking,Paid,11436.0
14698,15046,2026-03-16,UPI,Paid,5055.0
14699,4528,2026-03-16,Cash on Delivery,Paid,12842.0
14700,4219,2026-03-16,Debit Card,Paid,5250.0
14701,11724,2026-03-16,Cash on Delivery,Paid,37828.8
14702,4160,2026-03-16,Debit Card,Paid,38758.65
14703,5455,2026-03-16,Cash on Delivery,Paid,14202.0
14704,7978,2026-03-16,Debit Card,Paid,48233.1
14705,19363,2026-03-16,Net Banking,Paid,12199.9
14706,7832,2026-03-17,Credit Card,Paid,15332.95
14707,23626,2026-03-17,Credit Card,Paid,1165.65
14708,12029,2026-03-17,UPI,Paid,11555.0
14709,19634,2026-03-17,Credit Card,Paid,8818.85
14710,22457,2026-03-17,Cash on Delivery,Paid,4475.45
14711,17900,2026-03-17,UPI,Paid,136247.45
14712,806,2026-03-17,Credit Card,Paid,23710.4
14713,2637,2026-03-17,UPI,Paid,70929.0
14714,8880,2026-03-17,UPI,Paid,16003.8
14715,5731,2026-03-17,UPI,Paid,1047.75
14716,16218,2026-03-17,Cash on Delivery,Paid,27547.5
14717,6651,2026-03-17,UPI,Paid,4711.0
14718,18998,2026-03-17,Credit Card,Paid,133148.4
14719,19683,2026-03-17,Net Banking,Paid,7890.55
14720,4092,2026-03-17,UPI,Paid,42557.4
14721,7740,2026-03-18,UPI,Paid,149739.75
14722,20766,2026-03-18,Debit Card,Paid,16527.4
14723,10026,2026-03-18,Credit Card,Paid,29538.4
14724,24145,2026-03-18,UPI,Paid,78931.0
14725,9264,2026-03-18,Credit Card,Paid,62853.3
14726,17289,2026-03-18,UPI,Paid,50605.1
14727,16006,2026-03-18,Cash on Delivery,Paid,50608.0
14728,12234,2026-03-18,UPI,Paid,56221.55
14729,8924,2026-03-18,Credit Card,Paid,8530.0
14730,19179,2026-03-18,UPI,Paid,45626.4
14731,1613,2026-03-18,Credit Card,Paid,138709.0
14732,12571,2026-03-18,UPI,Paid,9533.25
14733,21841,2026-03-18,Debit Card,Paid,16717.2
14734,9257,2026-03-18,Net Banking,Paid,83090.0
14735,7201,2026-03-18,Net Banking,Paid,3123.9
14736,23841,2026-03-18,Credit Card,Paid,6973.0
14737,2031,2026-03-18,UPI,Paid,54125.8
14738,10321,2026-03-19,Credit Card,Paid,4727.25
14739,18443,2026-03-19,Net Banking,Paid,9222.0
14740,13587,2026-03-19,Net Banking,Paid,28273.5
14741,15607,2026-03-19,Debit Card,Paid,37884.6
14742,3262,2026-03-19,UPI,Paid,60885.5
14743,3680,2026-03-19,UPI,Paid,38925.3
14744,4869,2026-03-19,Credit Card,Paid,21542.8
14745,6479,2026-03-19,Credit Card,Paid,7100.3
14746,12565,2026-03-19,Net Banking,Paid,45327.9
14747,9936,2026-03-19,UPI,Paid,48085.8
14748,509,2026-03-19,UPI,Paid,103305.55
14749,2579,2026-03-19,UPI,Paid,10065.0
14750,5952,2026-03-19,UPI,Paid,8907.6
14751,17103,2026-03-19,UPI,Paid,1570.8
14752,7255,2026-03-19,Cash on Delivery,Paid,33835.1
14753,13605,2026-03-20,Cash on Delivery,Paid,46936.45
14754,5865,2026-03-20,Debit Card,Paid,18878.0
14755,17699,2026-03-20,Debit Card,Paid,33902.25
14756,4715,2026-03-20,UPI,Paid,40121.8
14757,7305,2026-03-20,Net Banking,Paid,6809.0
14758,10338,2026-03-20,UPI,Paid,22295.0
14759,6859,2026-03-20,Debit Card,Paid,86112.2
14760,24225,2026-03-20,Credit Card,Paid,55797.9
14761,8154,2026-03-20,UPI,Paid,48652.7
14762,24543,2026-03-20,UPI,Paid,32520.6
14763,833,2026-03-20,Net Banking,Paid,20543.2
14764,17321,2026-03-20,Net Banking,Paid,79717.05
14765,9005,2026-03-20,UPI,Paid,2094.4
14766,1963,2026-03-20,Cash on Delivery,Paid,42643.8
14767,10573,2026-03-20,Credit Card,Paid,2094.4
14768,13935,2026-03-20,Credit Card,Paid,6138.0
14769,2739,2026-03-20,Credit Card,Paid,4763.0
14770,18374,2026-03-20,Credit Card,Paid,32951.2
14771,3908,2026-03-20,UPI,Paid,805.8
14772,19035,2026-03-20,UPI,Paid,56583.4
14773,1641,2026-03-20,UPI,Paid,9665.3
14774,346,2026-03-20,Debit Card,Paid,4004.35
14775,15471,2026-03-21,Credit Card,Paid,3806.4
14776,9337,2026-03-21,UPI,Paid,5418.0
14777,19804,2026-03-21,Net Banking,Paid,6570.75
14778,8513,2026-03-21,Credit Card,Paid,4475.45
14779,153,2026-03-21,UPI,Paid,39421.2
14780,8720,2026-03-21,Credit Card,Paid,675.0
14781,21358,2026-03-21,Credit Card,Paid,33299.4
14782,14703,2026-03-21,Net Banking,Paid,44527.5
14783,13284,2026-03-21,Cash on Delivery,Paid,59092.65
14784,7766,2026-03-21,Credit Card,Paid,41588.35
14785,3493,2026-03-21,Credit Card,Paid,147276.6
14786,2893,2026-03-21,Credit Card,Paid,18566.0
14787,10702,2026-03-21,Credit Card,Paid,3410.0
14788,12539,2026-03-21,Net Banking,Paid,7100.3
14789,22523,2026-03-21,Credit Card,Paid,6394.0
14790,162,2026-03-21,UPI,Paid,5704.0
14791,16915,2026-03-21,Net Banking,Paid,58028.6
14792,8515,2026-03-22,Credit Card,Paid,28440.15
14793,3524,2026-03-22,Net Banking,Paid,122398.5
14794,21422,2026-03-22,UPI,Paid,80787.5
14795,20645,2026-03-22,UPI,Paid,8761.0
14796,9965,2026-03-22,Debit Card,Paid,8029.4
14797,6314,2026-03-22,Debit Card,Paid,39806.0
14798,24549,2026-03-22,Cash on Delivery,Paid,13764.45
14799,23978,2026-03-22,Credit Card,Paid,63009.75
14800,16110,2026-03-22,UPI,Paid,2829.6
14801,12567,2026-03-22,UPI,Paid,2244.0
14802,19570,2026-03-22,Net Banking,Paid,9584.6
14803,24349,2026-03-22,Net Banking,Paid,5462.4
14804,24263,2026-03-22,Debit Card,Paid,533.25
14805,4731,2026-03-22,Credit Card,Paid,99762.3
14806,20230,2026-03-22,UPI,Paid,25404.0
14807,15931,2026-03-22,Net Banking,Paid,62676.5
14808,6112,2026-03-22,Debit Card,Paid,3801.9
14809,20250,2026-03-22,Debit Card,Paid,21029.5
14810,24809,2026-03-22,UPI,Paid,30421.8
14811,3944,2026-03-23,Cash on Delivery,Paid,10560.4
14812,14749,2026-03-23,Cash on Delivery,Paid,39989.3
14813,662,2026-03-23,Credit Card,Paid,126239.7
14814,7162,2026-03-23,UPI,Paid,65341.9
14815,14579,2026-03-23,Cash on Delivery,Paid,72651.0
14816,12314,2026-03-23,UPI,Paid,3019.5
14817,21041,2026-03-23,Debit Card,Paid,60969.6
14818,9725,2026-03-23,UPI,Paid,12013.05
14819,19916,2026-03-23,UPI,Paid,12842.0
14820,5080,2026-03-23,UPI,Paid,13542.2
14821,16855,2026-03-23,Debit Card,Paid,16011.2
14822,15491,2026-03-23,UPI,Paid,14312.2
14823,12465,2026-03-23,Cash on Delivery,Paid,3849.75
14824,15705,2026-03-23,UPI,Paid,8159.4
14825,809,2026-03-23,Credit Card,Paid,1503.0
14826,23308,2026-03-23,Net Banking,Paid,8943.3
14827,6826,2026-03-23,UPI,Paid,7619.4
14828,2881,2026-03-23,Credit Card,Paid,60998.9
14829,14765,2026-03-23,UPI,Paid,63005.0
14830,10132,2026-03-24,Credit Card,Paid,65259.3
14831,22249,2026-03-24,Cash on Delivery,Paid,213.3
14832,5481,2026-03-24,UPI,Paid,8726.1
14833,18038,2026-03-24,UPI,Paid,1477.3
14834,428,2026-03-24,Credit Card,Paid,9879.05
14835,19140,2026-03-24,Debit Card,Paid,33775.7
14836,14424,2026-03-24,Debit Card,Paid,1257.3
14837,21281,2026-03-24,UPI,Paid,8201.1
14838,11066,2026-03-24,UPI,Paid,194609.8
14839,8286,2026-03-24,Debit Card,Paid,25699.2
14840,24798,2026-03-24,Credit Card,Paid,11056.8
14841,24449,2026-03-24,UPI,Paid,16776.55
14842,19127,2026-03-24,Credit Card,Paid,42557.4
14843,17307,2026-03-24,Credit Card,Paid,29746.4
14844,23754,2026-03-24,Debit Card,Paid,42333.4
14845,13255,2026-03-24,Net Banking,Paid,2901.9
14846,10322,2026-03-24,UPI,Paid,27153.35
14847,13289,2026-03-25,Cash on Delivery,Paid,13484.6
14848,22179,2026-03-25,UPI,Paid,25290.4
14849,24269,2026-03-25,Debit Card,Paid,8960.7
14850,13411,2026-03-25,UPI,Paid,868.8
14851,803,2026-03-25,UPI,Paid,10409.5
14852,2499,2026-03-25,Credit Card,Paid,43004.6
14853,18206,2026-03-25,Debit Card,Paid,4520.1
14854,23924,2026-03-25,UPI,Paid,165.9
14855,11363,2026-03-25,Cash on Delivery,Paid,153251.75
14856,6842,2026-03-25,Cash on Delivery,Paid,249.3
14857,9606,2026-03-25,UPI,Paid,57657.25
14858,463,2026-03-25,Debit Card,Paid,52973.9
14859,3226,2026-03-25,Cash on Delivery,Paid,18270.85
14860,16730,2026-03-25,UPI,Paid,7681.5
14861,1668,2026-03-25,Credit Card,Paid,91802.8
14862,18351,2026-03-25,Credit Card,Paid,5572.4
14863,11745,2026-03-25,Debit Card,Paid,5933.9
14864,12807,2026-03-25,Credit Card,Paid,42820.55
14865,19023,2026-03-25,Cash on Delivery,Paid,32134.4
14866,10371,2026-03-25,Debit Card,Paid,6373.1
14867,5129,2026-03-25,Debit Card,Paid,1688.15
14868,22101,2026-03-25,Debit Card,Paid,82974.7
14869,18331,2026-03-25,Credit Card,Paid,30481.2
14870,7052,2026-03-25,UPI,Paid,7449.3
14871,535,2026-03-26,Cash on Delivery,Paid,82181.8
14872,20843,2026-03-26,Credit Card,Paid,144753.0
14873,24285,2026-03-26,Debit Card,Paid,87551.3
14874,17529,2026-03-26,UPI,Paid,55847.3
14875,21818,2026-03-26,Credit Card,Paid,71852.8
14876,7628,2026-03-26,Credit Card,Paid,88291.95
14877,15717,2026-03-26,Debit Card,Paid,41886.0
14878,2249,2026-03-26,Debit Card,Paid,7256.45
14879,813,2026-03-26,UPI,Paid,200970.6
14880,12419,2026-03-26,Debit Card,Paid,35856.8
14881,14292,2026-03-26,UPI,Paid,12108.0
14882,7514,2026-03-26,Debit Card,Paid,29181.6
14883,7520,2026-03-26,Cash on Delivery,Paid,87407.75
14884,17087,2026-03-26,Credit Card,Paid,61976.0
14885,16021,2026-03-26,UPI,Paid,6275.7
14886,16502,2026-03-26,Debit Card,Paid,13037.8
14887,24119,2026-03-26,Debit Card,Paid,117385.6
14888,17861,2026-03-26,Credit Card,Paid,85188.5
14889,12867,2026-03-26,UPI,Paid,5704.0
14890,9200,2026-03-26,Credit Card,Paid,29349.5
14891,5569,2026-03-26,Credit Card,Paid,5019.0
14892,686,2026-03-27,UPI,Paid,121129.6
14893,8071,2026-03-27,UPI,Paid,7884.9
14894,6962,2026-03-27,Cash on Delivery,Paid,97618.6
14895,548,2026-03-27,Debit Card,Paid,49070.15
14896,8916,2026-03-27,Debit Card,Paid,34395.0
14897,20699,2026-03-27,Net Banking,Paid,5979.2
14898,19524,2026-03-27,Debit Card,Paid,82354.6
14899,22350,2026-03-27,Net Banking,Paid,1427.0
14900,18222,2026-03-27,UPI,Paid,39239.4
14901,5964,2026-03-27,Debit Card,Paid,32779.2
14902,14834,2026-03-27,Debit Card,Paid,104247.0
14903,21093,2026-03-27,Credit Card,Paid,19414.05
14904,7118,2026-03-28,Debit Card,Paid,4619.7
14905,14217,2026-03-28,UPI,Paid,23466.6
14906,177,2026-03-28,UPI,Paid,3867.0
14907,23813,2026-03-28,Debit Card,Paid,10273.6
14908,1305,2026-03-28,Debit Card,Paid,10230.0
14909,20061,2026-03-28,Debit Card,Paid,8657.0
14910,1633,2026-03-28,Debit Card,Paid,83494.8
14911,5008,2026-03-28,UPI,Paid,32250.6
14912,24921,2026-03-28,UPI,Paid,6295.0
14913,10219,2026-03-28,Net Banking,Paid,41013.35
14914,17403,2026-03-28,Cash on Delivery,Paid,5593.75
14915,22928,2026-03-28,Net Banking,Paid,11990.55
14916,4013,2026-03-28,UPI,Paid,3187.25
14917,20891,2026-03-28,Credit Card,Paid,65259.3
14918,4345,2026-03-28,UPI,Paid,33902.25
14919,2586,2026-03-28,Debit Card,Paid,7884.9
14920,23941,2026-03-28,Debit Card,Paid,4517.1
14921,1407,2026-03-28,UPI,Paid,1327.15
14922,616,2026-03-28,UPI,Paid,90812.35
14923,18086,2026-03-29,UPI,Paid,67670.2
14924,1177,2026-03-29,Credit Card,Paid,19884.4
14925,21050,2026-03-29,UPI,Paid,6135.3
14926,19952,2026-03-29,Credit Card,Paid,49282.7
14927,1212,2026-03-29,Credit Card,Paid,34537.6
14928,7474,2026-03-29,Credit Card,Paid,79761.2
14929,13250,2026-03-29,UPI,Paid,18150.05
14930,14209,2026-03-29,UPI,Paid,24078.75
14931,5766,2026-03-29,UPI,Paid,20748.0
14932,15894,2026-03-29,UPI,Paid,62853.3
14933,12019,2026-03-29,Credit Card,Paid,63007.05
14934,10330,2026-03-29,UPI,Paid,119174.4
14935,6040,2026-03-29,Net Banking,Paid,20939.85
14936,10893,2026-03-29,Credit Card,Paid,9821.75
14937,1794,2026-03-29,UPI,Paid,48864.6
14938,1183,2026-03-30,UPI,Paid,2293.3
14939,24018,2026-03-30,UPI,Paid,6820.0
14940,10488,2026-03-30,Credit Card,Paid,5940.0
14941,17624,2026-03-30,Cash on Delivery,Paid,90165.6
14942,10892,2026-03-30,Net Banking,Paid,23461.55
14943,18230,2026-03-30,Net Banking,Paid,543.0
14944,12005,2026-03-30,Net Banking,Paid,7250.5
14945,20176,2026-03-30,UPI,Paid,36178.65
14946,12518,2026-03-30,UPI,Paid,6541.55
14947,10716,2026-03-30,Credit Card,Paid,4711.0
14948,11113,2026-03-30,UPI,Paid,21180.25
14949,18336,2026-03-30,Cash on Delivery,Paid,40087.6
14950,7038,2026-03-30,UPI,Paid,17362.95
14951,9899,2026-03-30,Cash on Delivery,Paid,5567.7
14952,18043,2026-03-30,Cash on Delivery,Paid,7920.0
14953,12533,2026-03-30,Net Banking,Paid,42557.4
14954,2811,2026-03-30,Credit Card,Paid,47122.5
14955,21128,2026-03-30,Credit Card,Paid,40303.65
14956,13036,2026-03-30,UPI,Paid,16709.4
14957,5473,2026-03-31,Credit Card,Paid,58389.9
14958,311,2026-03-31,Debit Card,Paid,10119.15
14959,5282,2026-03-31,UPI,Paid,33100.2
14960,13854,2026-03-31,UPI,Paid,8212.8
14961,21127,2026-03-31,UPI,Paid,26089.2
14962,15120,2026-03-31,UPI,Paid,76070.9
14963,2214,2026-03-31,Credit Card,Paid,14512.9
14964,18654,2026-03-31,UPI,Paid,15098.4
14965,5412,2026-03-31,UPI,Paid,3763.8
14966,6675,2026-03-31,Net Banking,Paid,8749.8
14967,16619,2026-03-31,Credit Card,Paid,22226.0
14968,23491,2026-03-31,UPI,Paid,173625.8
14969,4207,2026-03-31,Credit Card,Paid,23278.1
14970,5196,2026-03-31,UPI,Paid,59115.9
14971,6547,2026-03-31,UPI,Paid,10915.7
14972,1436,2026-03-31,UPI,Paid,18000.45
14973,10994,2026-04-01,UPI,Paid,7619.8
14974,19167,2026-04-01,UPI,Paid,1738.0
14975,6608,2026-04-01,UPI,Paid,1372.5
14976,24352,2026-04-01,Net Banking,Paid,54701.95
14977,2521,2026-04-01,Credit Card,Paid,21921.9
14978,18591,2026-04-01,UPI,Paid,27871.6
14979,17991,2026-04-01,UPI,Paid,1564.2
14980,20863,2026-04-01,Debit Card,Paid,5787.65
14981,18282,2026-04-01,Cash on Delivery,Paid,8230.4
14982,14041,2026-04-01,UPI,Paid,5787.65
14983,12150,2026-04-01,Debit Card,Paid,8253.6
14984,10848,2026-04-01,UPI,Paid,13268.8
14985,6402,2026-04-01,Credit Card,Paid,18962.1
14986,9281,2026-04-01,Cash on Delivery,Paid,5794.45
14987,2099,2026-04-02,Net Banking,Paid,225035.9
14988,21777,2026-04-02,Cash on Delivery,Paid,18950.75
14989,18065,2026-04-02,Cash on Delivery,Paid,8478.0
14990,5941,2026-04-02,UPI,Paid,15693.65
14991,22044,2026-04-02,Net Banking,Paid,159020.45
14992,18928,2026-04-02,Credit Card,Paid,8870.4
14993,17331,2026-04-02,UPI,Paid,32367.2
14994,6235,2026-04-02,Debit Card,Paid,43077.3
14995,24417,2026-04-02,UPI,Paid,4239.0
14996,13438,2026-04-02,Cash on Delivery,Paid,62624.0
14997,11511,2026-04-02,UPI,Paid,3632.4
14998,20527,2026-04-02,Cash on Delivery,Paid,90025.8
14999,3702,2026-04-02,UPI,Paid,5231.8
15000,23468,2026-04-02,UPI,Paid,4707.0
15001,10962,2026-04-02,UPI,Paid,5794.45
15002,24195,2026-04-02,UPI,Paid,75138.0
15003,15984,2026-04-02,Cash on Delivery,Paid,2944.8
15004,5238,2026-04-02,UPI,Paid,11601.65
15005,18861,2026-04-02,Debit Card,Paid,99243.4
15006,9698,2026-04-02,Credit Card,Paid,1390.4
15007,14460,2026-04-02,UPI,Paid,53106.85
15008,9386,2026-04-03,Cash on Delivery,Paid,70825.35
15009,24090,2026-04-03,Credit Card,Paid,11557.8
15010,24910,2026-04-03,UPI,Paid,3609.05
15011,18900,2026-04-03,Debit Card,Paid,1117.6
15012,10255,2026-04-03,Cash on Delivery,Paid,63287.0
15013,5434,2026-04-03,Net Banking,Paid,12934.35
15014,1800,2026-04-03,Debit Card,Paid,1627.0
15015,13702,2026-04-03,Cash on Delivery,Paid,4784.5
15016,12415,2026-04-03,UPI,Paid,11958.4
15017,3445,2026-04-03,UPI,Paid,2217.6
15018,14278,2026-04-03,UPI,Paid,5396.0
15019,19217,2026-04-03,Credit Card,Paid,41026.3
15020,17759,2026-04-03,Credit Card,Paid,1688.15
15021,23900,2026-04-03,Cash on Delivery,Paid,6352.9
15022,24974,2026-04-03,UPI,Paid,36162.4
15023,2709,2026-04-03,Cash on Delivery,Paid,9359.1
15024,10430,2026-04-03,UPI,Paid,7404.0
15025,12425,2026-04-03,Cash on Delivery,Paid,10173.6
15026,15165,2026-04-03,Credit Card,Paid,12270.6
15027,3078,2026-04-03,UPI,Paid,30696.45
15028,14664,2026-04-04,UPI,Paid,70460.0
15029,18434,2026-04-04,UPI,Paid,11555.0
15030,21608,2026-04-04,UPI,Paid,60729.6
15031,22121,2026-04-04,UPI,Paid,73781.0
15032,11303,2026-04-04,UPI,Paid,15442.05
15033,14965,2026-04-04,Credit Card,Paid,25867.45
15034,21657,2026-04-04,Net Banking,Paid,33104.0
15035,352,2026-04-04,UPI,Paid,147252.15
15036,9269,2026-04-04,UPI,Paid,31448.8
15037,19682,2026-04-04,Net Banking,Paid,15121.15
15038,9581,2026-04-04,Credit Card,Paid,69469.0
15039,12133,2026-04-04,UPI,Paid,39614.4
15040,6798,2026-04-04,Credit Card,Paid,61484.0
15041,9763,2026-04-05,Credit Card,Paid,11098.85
15042,6657,2026-04-05,Credit Card,Paid,830.0
15043,5372,2026-04-05,UPI,Paid,152572.5
15044,18895,2026-04-05,UPI,Paid,8441.5
15045,7510,2026-04-05,UPI,Paid,141787.5
15046,7526,2026-04-05,Credit Card,Paid,89108.0
15047,121,2026-04-05,Cash on Delivery,Paid,33172.0
15048,21860,2026-04-05,UPI,Paid,3302.2
15049,8534,2026-04-05,UPI,Paid,30484.8
15050,7015,2026-04-05,Credit Card,Paid,8556.0
15051,20596,2026-04-05,Net Banking,Paid,1227.0
15052,11447,2026-04-05,Credit Card,Paid,33104.0
15053,9539,2026-04-05,Credit Card,Paid,46381.5
15054,8811,2026-04-05,Cash on Delivery,Paid,80386.2
15055,11180,2026-04-05,Debit Card,Paid,38644.0
15056,17280,2026-04-06,UPI,Paid,24671.0
15057,5460,2026-04-06,Credit Card,Paid,56427.95
15058,5844,2026-04-06,Debit Card,Paid,13859.1
15059,17856,2026-04-06,Credit Card,Paid,5133.6
15060,4129,2026-04-06,Credit Card,Paid,122462.95
15061,15081,2026-04-06,UPI,Paid,3533.25
15062,17040,2026-04-06,UPI,Paid,7619.4
15063,3093,2026-04-06,Net Banking,Paid,14098.1
15064,11001,2026-04-06,UPI,Paid,8832.65
15065,2629,2026-04-06,UPI,Paid,108325.85
15066,3344,2026-04-06,Cash on Delivery,Paid,6461.4
15067,7124,2026-04-06,Credit Card,Paid,17474.5
15068,11296,2026-04-06,UPI,Paid,6870.6
15069,21884,2026-04-06,Credit Card,Paid,98314.8
15070,237,2026-04-06,UPI,Paid,26670.0
15071,6583,2026-04-06,UPI,Paid,25157.75
15072,24619,2026-04-06,UPI,Paid,17263.55
15073,6315,2026-04-06,Cash on Delivery,Paid,24887.4
15074,22276,2026-04-07,UPI,Paid,43110.75
15075,22279,2026-04-07,Cash on Delivery,Paid,73753.2
15076,13442,2026-04-07,UPI,Paid,8212.8
15077,11038,2026-04-07,Net Banking,Paid,2731.2
15078,787,2026-04-07,UPI,Paid,7791.3
15079,3274,2026-04-07,Cash on Delivery,Paid,35966.55
15080,21083,2026-04-07,UPI,Paid,923.1
15081,19279,2026-04-07,Credit Card,Paid,11557.8
15082,3245,2026-04-07,Net Banking,Paid,85030.55
15083,16948,2026-04-07,UPI,Paid,96607.6
15084,4623,2026-04-07,Credit Card,Paid,2862.75
15085,20047,2026-04-07,Credit Card,Paid,4334.4
15086,20895,2026-04-07,Cash on Delivery,Paid,5133.6
15087,17467,2026-04-07,Debit Card,Paid,24662.8
15088,4596,2026-04-07,Credit Card,Paid,60688.5
15089,14988,2026-04-07,Cash on Delivery,Paid,44300.9
15090,3388,2026-04-07,UPI,Paid,58849.2
15091,5811,2026-04-07,Credit Card,Paid,19750.0
15092,23608,2026-04-07,Net Banking,Paid,7035.45
15093,14878,2026-04-07,Credit Card,Paid,760.2
15094,1366,2026-04-08,Cash on Delivery,Paid,3286.95
15095,7361,2026-04-08,Debit Card,Paid,2514.6
15096,4796,2026-04-08,UPI,Paid,32269.7
15097,8722,2026-04-08,Credit Card,Paid,1383.3
15098,17968,2026-04-08,Credit Card,Paid,10907.8
15099,19581,2026-04-08,UPI,Paid,2404.9
15100,18694,2026-04-08,UPI,Paid,8452.0
15101,8873,2026-04-08,UPI,Paid,30700.4
15102,17352,2026-04-08,Net Banking,Paid,48079.8
15103,6122,2026-04-08,Credit Card,Paid,2004.0
15104,10911,2026-04-08,UPI,Paid,44921.7
15105,18968,2026-04-08,Net Banking,Paid,7606.8
15106,1587,2026-04-09,UPI,Paid,59883.8
15107,20747,2026-04-09,Credit Card,Paid,5710.95
15108,4176,2026-04-09,UPI,Paid,25651.2
15109,6924,2026-04-09,Net Banking,Paid,6492.75
15110,16,2026-04-09,UPI,Paid,14392.2
15111,3737,2026-04-09,UPI,Paid,59869.8
15112,70,2026-04-09,Debit Card,Paid,1031.7
15113,12414,2026-04-09,UPI,Paid,6468.55
15114,1556,2026-04-09,UPI,Paid,14058.2
15115,23814,2026-04-09,UPI,Paid,114079.55
15116,24033,2026-04-09,Credit Card,Paid,10595.6
15117,10796,2026-04-09,Debit Card,Paid,8466.0
15118,22205,2026-04-09,Debit Card,Paid,329.0
15119,3806,2026-04-09,UPI,Paid,25383.75
15120,9498,2026-04-09,Cash on Delivery,Paid,4261.5
15121,2007,2026-04-09,UPI,Paid,20243.2
15122,14430,2026-04-09,Credit Card,Paid,1355.65
15123,10498,2026-04-09,UPI,Paid,19991.1
15124,15207,2026-04-09,UPI,Paid,34053.7
15125,8089,2026-04-09,Cash on Delivery,Paid,301998.65
15126,9454,2026-04-09,Debit Card,Paid,44980.9
15127,17191,2026-04-10,Credit Card,Paid,25398.0
15128,18659,2026-04-10,Credit Card,Paid,6476.15
15129,2134,2026-04-10,Debit Card,Paid,7045.5
15130,16489,2026-04-10,Cash on Delivery,Paid,4365.75
15131,16560,2026-04-10,Debit Card,Paid,526.3
15132,14465,2026-04-10,UPI,Paid,65159.0
15133,24422,2026-04-10,Credit Card,Paid,4239.9
15134,13719,2026-04-10,Cash on Delivery,Paid,6078.4
15135,3043,2026-04-10,Credit Card,Paid,14001.1
15136,20035,2026-04-10,Credit Card,Paid,141951.25
15137,4234,2026-04-10,Cash on Delivery,Paid,7890.55
15138,8244,2026-04-10,UPI,Paid,107924.4
15139,1065,2026-04-10,Cash on Delivery,Paid,87408.4
15140,1579,2026-04-10,Net Banking,Paid,9422.0
15141,2628,2026-04-10,UPI,Paid,96889.9
15142,5675,2026-04-10,Cash on Delivery,Paid,33812.1
15143,9536,2026-04-10,Cash on Delivery,Paid,45339.45
15144,3923,2026-04-11,UPI,Paid,94572.0
15145,3204,2026-04-11,UPI,Paid,146335.8
15146,22673,2026-04-11,Debit Card,Paid,47313.8
15147,15774,2026-04-11,UPI,Paid,3533.25
15148,9678,2026-04-11,UPI,Paid,8530.0
15149,14894,2026-04-11,Debit Card,Paid,6923.25
15150,5416,2026-04-11,UPI,Paid,20243.2
15151,7623,2026-04-11,Credit Card,Paid,28138.4
15152,19822,2026-04-11,UPI,Paid,3020.9
15153,7303,2026-04-11,UPI,Paid,20715.8
15154,8092,2026-04-12,UPI,Paid,1464.3
15155,8204,2026-04-12,Credit Card,Paid,74625.0
15156,5399,2026-04-12,UPI,Paid,40128.55
15157,17226,2026-04-12,Credit Card,Paid,263.2
15158,8224,2026-04-12,UPI,Paid,6760.2
15159,18757,2026-04-12,Debit Card,Paid,32424.0
15160,24360,2026-04-12,Credit Card,Paid,4878.9
15161,9781,2026-04-12,Credit Card,Paid,1873.8
15162,7337,2026-04-12,Credit Card,Paid,12276.0
15163,18867,2026-04-12,UPI,Paid,83090.0
15164,20528,2026-04-12,Debit Card,Paid,6925.0
15165,9527,2026-04-12,Cash on Delivery,Paid,141858.0
15166,13111,2026-04-12,Debit Card,Paid,113031.4
15167,6831,2026-04-12,Credit Card,Paid,10730.25
15168,5338,2026-04-12,Debit Card,Paid,23671.65
15169,9735,2026-04-12,Credit Card,Paid,31448.8
15170,15500,2026-04-12,UPI,Paid,14412.35
15171,8884,2026-04-12,Credit Card,Paid,12842.0
15172,6698,2026-04-13,Credit Card,Paid,11946.15
15173,6949,2026-04-13,UPI,Paid,5023.85
15174,1971,2026-04-13,Credit Card,Paid,64584.5
15175,9093,2026-04-13,Cash on Delivery,Paid,10859.3
15176,11769,2026-04-13,Cash on Delivery,Paid,31844.8
15177,11572,2026-04-13,UPI,Paid,2125.0
15178,12025,2026-04-13,Debit Card,Paid,138714.9
15179,15043,2026-04-13,UPI,Paid,4188.8
15180,4183,2026-04-13,Credit Card,Paid,7890.55
15181,21804,2026-04-13,Cash on Delivery,Paid,16288.9
15182,5318,2026-04-13,Cash on Delivery,Paid,147131.6
15183,13619,2026-04-13,Credit Card,Paid,31415.0
15184,3851,2026-04-13,UPI,Paid,242262.05
15185,9954,2026-04-13,Credit Card,Paid,74965.5
15186,9404,2026-04-13,UPI,Paid,23549.0
15187,14435,2026-04-13,UPI,Paid,4656.3
15188,21942,2026-04-13,UPI,Paid,22364.75
15189,11914,2026-04-13,Cash on Delivery,Paid,3533.25
15190,4549,2026-04-13,Cash on Delivery,Paid,2244.0
15191,22295,2026-04-13,Cash on Delivery,Paid,2217.6
15192,5157,2026-04-13,UPI,Paid,1086.0
15193,17164,2026-04-13,Credit Card,Paid,15220.7
15194,5584,2026-04-13,UPI,Paid,3282.7
15195,17786,2026-04-14,UPI,Paid,6828.0
15196,1279,2026-04-14,Cash on Delivery,Paid,20451.0
15197,9566,2026-04-14,Cash on Delivery,Paid,25921.85
15198,21439,2026-04-14,Net Banking,Paid,2094.4
15199,14764,2026-04-14,UPI,Paid,12145.95
15200,1320,2026-04-14,Net Banking,Paid,180812.0
15201,13954,2026-04-14,Credit Card,Paid,33835.1
15202,6788,2026-04-14,UPI,Paid,32367.2
15203,20180,2026-04-14,Debit Card,Paid,6352.9
15204,2491,2026-04-14,UPI,Paid,42895.0
15205,9817,2026-04-14,UPI,Paid,2786.75
15206,4856,2026-04-14,Debit Card,Paid,24993.0
15207,14029,2026-04-14,UPI,Paid,6475.2
15208,13710,2026-04-14,Credit Card,Paid,26874.5
15209,24351,2026-04-14,UPI,Paid,221.6
15210,2425,2026-04-14,UPI,Paid,6652.8
15211,7686,2026-04-14,Credit Card,Paid,474.0
15212,12209,2026-04-14,Debit Card,Paid,49498.05
15213,19400,2026-04-14,Cash on Delivery,Paid,70489.9
15214,21354,2026-04-14,Net Banking,Paid,43850.6
15215,21568,2026-04-15,UPI,Paid,15152.8
15216,22830,2026-04-15,UPI,Paid,11960.5
15217,3412,2026-04-15,UPI,Paid,5122.05
15218,19554,2026-04-15,Net Banking,Paid,3412.0
15219,3089,2026-04-15,Credit Card,Paid,9821.75
15220,20487,2026-04-15,Credit Card,Paid,51086.4
15221,20205,2026-04-15,Cash on Delivery,Paid,64852.2
15222,19829,2026-04-15,Credit Card,Paid,35213.2
15223,23060,2026-04-15,Credit Card,Paid,14808.0
15224,5589,2026-04-15,Cash on Delivery,Paid,4323.95
15225,14786,2026-04-15,Cash on Delivery,Paid,115168.2
15226,4955,2026-04-15,Net Banking,Paid,30730.5
15227,9623,2026-04-15,UPI,Paid,8762.15
15228,6123,2026-04-15,Credit Card,Paid,8110.15
15229,7485,2026-04-15,UPI,Paid,10058.25
15230,17396,2026-04-15,Cash on Delivery,Paid,13268.8
15231,5590,2026-04-15,Debit Card,Paid,6830.6
15232,5409,2026-04-15,UPI,Paid,18306.15
15233,17092,2026-04-15,Credit Card,Paid,6352.9
15234,5192,2026-04-15,UPI,Paid,48885.9
15235,16766,2026-04-15,Cash on Delivery,Paid,27721.8
15236,9155,2026-04-15,UPI,Paid,22688.8
15237,13520,2026-04-15,Credit Card,Paid,4475.45
15238,12252,2026-04-16,UPI,Paid,1710.0
15239,19660,2026-04-16,Debit Card,Paid,8159.4
15240,3613,2026-04-16,Credit Card,Paid,113716.8
15241,5570,2026-04-16,Cash on Delivery,Paid,44823.6
15242,2245,2026-04-16,Debit Card,Paid,23115.6
15243,1589,2026-04-16,Cash on Delivery,Paid,52266.2
15244,24220,2026-04-16,UPI,Paid,11876.9
15245,5390,2026-04-16,Credit Card,Paid,33867.2
15246,8772,2026-04-16,UPI,Paid,16623.25
15247,3757,2026-04-16,Credit Card,Paid,72136.3
15248,2056,2026-04-16,Cash on Delivery,Paid,42869.7
15249,10470,2026-04-16,Cash on Delivery,Paid,1187.45
15250,16999,2026-04-16,UPI,Paid,102853.05
15251,13998,2026-04-16,UPI,Paid,9762.2
15252,14907,2026-04-16,Cash on Delivery,Paid,3435.3
15253,2897,2026-04-16,UPI,Paid,2811.0
15254,23710,2026-04-17,Credit Card,Paid,59785.3
15255,5346,2026-04-17,UPI,Paid,20405.05
15256,7515,2026-04-17,Credit Card,Paid,3232.8
15257,15502,2026-04-17,Credit Card,Paid,27849.0
15258,7651,2026-04-17,UPI,Paid,15366.6
15259,21760,2026-04-17,Credit Card,Paid,22580.6
15260,19415,2026-04-17,Credit Card,Paid,8818.85
15261,24733,2026-04-17,Net Banking,Paid,5927.05
15262,12450,2026-04-17,Credit Card,Paid,8110.15
15263,22170,2026-04-17,UPI,Paid,30126.0
15264,11735,2026-04-17,UPI,Paid,23916.8
15265,772,2026-04-17,Cash on Delivery,Paid,8530.0
15266,13942,2026-04-17,UPI,Paid,34669.5
15267,10563,2026-04-17,Net Banking,Paid,17940.75
15268,10612,2026-04-17,Cash on Delivery,Paid,6275.7
15269,22862,2026-04-17,Debit Card,Paid,104371.5
15270,3550,2026-04-17,UPI,Paid,543.0
15271,10724,2026-04-17,Cash on Delivery,Paid,105121.2
15272,2837,2026-04-18,Net Banking,Paid,1062.5
15273,22356,2026-04-18,UPI,Paid,12795.0
15274,18389,2026-04-18,Debit Card,Paid,373.5
15275,18187,2026-04-18,Credit Card,Paid,58048.45
15276,3866,2026-04-18,UPI,Paid,3626.4
15277,10486,2026-04-18,Debit Card,Paid,46724.8
15278,9973,2026-04-18,UPI,Paid,10608.65
15279,21118,2026-04-18,UPI,Paid,14339.3
15280,17083,2026-04-18,UPI,Paid,4002.0
15281,15452,2026-04-18,UPI,Paid,30484.8
15282,1199,2026-04-18,UPI,Paid,63020.9
15283,15036,2026-04-18,UPI,Paid,62268.0
15284,16241,2026-04-18,Debit Card,Paid,36613.0
15285,11698,2026-04-18,UPI,Paid,6973.0
15286,23333,2026-04-18,Cash on Delivery,Paid,17527.9
15287,20881,2026-04-18,Debit Card,Paid,20907.6
15288,12454,2026-04-18,UPI,Paid,16645.9
15289,18678,2026-04-18,Credit Card,Paid,4239.9
15290,20959,2026-04-18,Credit Card,Paid,70893.75
15291,8399,2026-04-18,Credit Card,Paid,73007.05
15292,7105,2026-04-18,UPI,Paid,3368.8
15293,7539,2026-04-18,Credit Card,Paid,14537.0
15294,22502,2026-04-18,Cash on Delivery,Paid,10592.5
15295,9083,2026-04-18,UPI,Paid,63689.6
15296,24548,2026-04-19,Debit Card,Paid,18962.1
15297,14067,2026-04-19,UPI,Paid,41362.7
15298,15133,2026-04-19,Credit Card,Paid,190142.1
15299,23495,2026-04-19,UPI,Paid,7035.45
15300,3895,2026-04-19,UPI,Paid,27356.9
15301,15958,2026-04-19,Debit Card,Paid,16990.2
15302,2389,2026-04-19,Credit Card,Paid,3638.85
15303,21833,2026-04-19,UPI,Paid,49092.6
15304,9611,2026-04-19,UPI,Paid,29279.9
15305,17456,2026-04-19,Debit Card,Paid,50678.7
15306,6136,2026-04-19,Debit Card,Paid,29854.5
15307,5681,2026-04-19,Debit Card,Paid,5453.6
15308,24154,2026-04-19,Debit Card,Paid,80200.3
15309,7083,2026-04-19,Credit Card,Paid,4876.35
15310,3718,2026-04-19,UPI,Paid,3019.5
15311,10271,2026-04-19,UPI,Paid,9206.3
15312,22104,2026-04-19,Cash on Delivery,Paid,44234.55
15313,15362,2026-04-19,Debit Card,Paid,97681.65
15314,9600,2026-04-19,Debit Card,Paid,6324.4
15315,19439,2026-04-19,UPI,Paid,6973.0
15316,14119,2026-04-19,Cash on Delivery,Paid,222951.8
15317,11289,2026-04-19,UPI,Paid,82034.3
15318,4411,2026-04-19,Cash on Delivery,Paid,3905.75
15319,20670,2026-04-20,UPI,Paid,8042.7
15320,18090,2026-04-20,Credit Card,Paid,41244.4
15321,15574,2026-04-20,UPI,Paid,10072.0
15322,10202,2026-04-20,UPI,Paid,20065.5
15323,21051,2026-04-20,UPI,Paid,296026.4
15324,20666,2026-04-20,UPI,Paid,12937.1
15325,21025,2026-04-20,UPI,Paid,63431.25
15326,11502,2026-04-20,Debit Card,Paid,4520.1
15327,22681,2026-04-20,UPI,Paid,159828.55
15328,4954,2026-04-20,UPI,Paid,2514.6
15329,6249,2026-04-20,UPI,Paid,36518.15
15330,8124,2026-04-20,Debit Card,Paid,2217.6
15331,1055,2026-04-20,UPI,Paid,20376.65
15332,5906,2026-04-20,UPI,Paid,7118.35
15333,17345,2026-04-20,Credit Card,Paid,14205.75
15334,4002,2026-04-20,UPI,Paid,2898.5
15335,24467,2026-04-20,Credit Card,Paid,7096.35
15336,4446,2026-04-20,Cash on Delivery,Paid,122542.0
15337,21724,2026-04-20,Cash on Delivery,Paid,9222.0
15338,2882,2026-04-20,Credit Card,Paid,26248.7
15339,14689,2026-04-20,Cash on Delivery,Paid,3801.9
15340,2162,2026-04-20,UPI,Paid,24038.8
15341,18226,2026-04-20,Debit Card,Paid,4036.0
15342,1334,2026-04-20,Debit Card,Paid,3480.3
15343,14632,2026-04-20,Cash on Delivery,Paid,4422.7
15344,24245,2026-04-20,UPI,Paid,100909.3
15345,15459,2026-04-21,Debit Card,Paid,448.75
15346,557,2026-04-21,Credit Card,Paid,18329.1
15347,13445,2026-04-21,UPI,Paid,43099.2
15348,20471,2026-04-21,Credit Card,Paid,84707.35
15349,22512,2026-04-21,UPI,Paid,179773.5
15350,23657,2026-04-21,Debit Card,Paid,12937.1
15351,17904,2026-04-21,UPI,Paid,66958.5
15352,16669,2026-04-21,Credit Card,Paid,788.5
15353,16986,2026-04-21,UPI,Paid,198202.0
15354,10884,2026-04-21,Credit Card,Paid,315742.0
15355,24676,2026-04-21,Credit Card,Paid,7819.2
15356,2541,2026-04-21,UPI,Paid,69518.4
15357,23556,2026-04-21,Cash on Delivery,Paid,6810.7
15358,21821,2026-04-21,UPI,Paid,36325.0
15359,22880,2026-04-21,UPI,Paid,470.9
15360,8253,2026-04-21,Credit Card,Paid,36105.1
15361,15142,2026-04-22,Net Banking,Paid,238800.0
15362,24725,2026-04-22,Credit Card,Paid,11970.7
15363,21465,2026-04-22,Net Banking,Paid,32592.2
15364,24513,2026-04-22,Credit Card,Paid,36882.9
15365,9688,2026-04-22,Debit Card,Paid,225596.9
15366,15062,2026-04-22,Debit Card,Paid,4051.75
15367,14811,2026-04-22,UPI,Paid,1257.3
15368,6545,2026-04-22,UPI,Paid,14483.55
15369,4883,2026-04-22,Debit Card,Paid,159574.4
15370,13018,2026-04-22,Credit Card,Paid,11890.8
15371,3474,2026-04-22,Debit Card,Paid,12611.65
15372,17897,2026-04-22,Credit Card,Paid,65442.7
15373,20545,2026-04-22,UPI,Paid,70929.0
15374,10826,2026-04-22,Cash on Delivery,Paid,44908.8
15375,9068,2026-04-22,Net Banking,Paid,7734.0
15376,8398,2026-04-22,Debit Card,Paid,3817.0
15377,4584,2026-04-22,Credit Card,Paid,3173.1
15378,9813,2026-04-22,Debit Card,Paid,15673.05
15379,10324,2026-04-22,UPI,Paid,55176.8
15380,14347,2026-04-23,UPI,Paid,12883.2
15381,17005,2026-04-23,Debit Card,Paid,23115.6
15382,15166,2026-04-23,Debit Card,Paid,150118.4
15383,10501,2026-04-23,UPI,Paid,146833.2
15384,17125,2026-04-23,Net Banking,Paid,108485.65
15385,17383,2026-04-23,UPI,Paid,18950.75
15386,10128,2026-04-23,UPI,Paid,75644.5
15387,10424,2026-04-23,Net Banking,Paid,847.5
15388,10048,2026-04-23,Credit Card,Paid,11543.6
15389,15807,2026-04-23,Debit Card,Paid,2563.1
15390,7300,2026-04-23,Net Banking,Paid,24595.25
15391,5993,2026-04-23,Debit Card,Paid,131337.05
15392,7634,2026-04-23,UPI,Paid,81524.15
15393,17644,2026-04-23,UPI,Paid,59786.1
15394,14131,2026-04-23,Credit Card,Paid,7619.4
15395,19546,2026-04-23,UPI,Paid,14961.6
15396,20259,2026-04-23,Cash on Delivery,Paid,4524.85
15397,14754,2026-04-23,Cash on Delivery,Paid,63408.0
15398,867,2026-04-23,UPI,Paid,22048.4
15399,2954,2026-04-23,Debit Card,Paid,5032.5
15400,2128,2026-04-24,UPI,Paid,66516.4
15401,18269,2026-04-24,UPI,Paid,5133.6
15402,15414,2026-04-24,UPI,Paid,4605.3
15403,19483,2026-04-24,UPI,Paid,498.6
15404,15090,2026-04-24,Credit Card,Paid,19873.05
15405,11510,2026-04-24,UPI,Paid,120286.55
15406,5990,2026-04-24,UPI,Paid,5979.2
15407,4143,2026-04-24,Credit Card,Paid,84954.0
15408,23471,2026-04-24,UPI,Paid,8388.3
15409,14207,2026-04-24,Credit Card,Paid,8472.6
15410,3015,2026-04-24,UPI,Paid,8110.15
15411,17019,2026-04-24,Cash on Delivery,Paid,15260.4
15412,8502,2026-04-24,Cash on Delivery,Paid,89650.65
15413,10113,2026-04-24,Credit Card,Paid,52966.4
15414,16594,2026-04-24,Credit Card,Paid,73084.5
15415,9602,2026-04-24,UPI,Paid,95967.7
15416,17150,2026-04-24,Credit Card,Paid,3115.2
15417,18619,2026-04-24,Credit Card,Paid,4000.95
15418,462,2026-04-24,Cash on Delivery,Paid,116623.95
15419,1988,2026-04-24,UPI,Paid,3853.05
15420,24110,2026-04-24,Debit Card,Paid,44921.7
15421,3752,2026-04-24,Cash on Delivery,Paid,415.0
15422,21915,2026-04-24,Credit Card,Paid,41172.0
15423,21688,2026-04-25,Net Banking,Paid,4793.3
15424,8875,2026-04-25,Credit Card,Paid,31874.6
15425,22584,2026-04-25,Debit Card,Paid,33100.2
15426,9177,2026-04-25,Debit Card,Paid,117622.25
15427,10329,2026-04-25,UPI,Paid,50264.0
15428,5894,2026-04-25,Credit Card,Paid,105217.1
15429,471,2026-04-25,Debit Card,Paid,21183.0
15430,14888,2026-04-25,UPI,Paid,4278.0
15431,12277,2026-04-25,Cash on Delivery,Paid,263.15
15432,13576,2026-04-25,Credit Card,Paid,131457.8
15433,12720,2026-04-25,Cash on Delivery,Paid,15382.2
15434,764,2026-04-25,Debit Card,Paid,5797.0
15435,12070,2026-04-25,Net Banking,Paid,37498.9
15436,20759,2026-04-25,UPI,Paid,5369.4
15437,21960,2026-04-26,UPI,Paid,37346.4
15438,3763,2026-04-26,Cash on Delivery,Paid,8657.0
15439,12657,2026-04-26,UPI,Paid,13599.0
15440,7462,2026-04-26,Net Banking,Paid,10554.2
15441,10234,2026-04-26,Credit Card,Paid,7603.8
15442,16330,2026-04-26,Credit Card,Paid,4533.0
15443,14505,2026-04-26,UPI,Paid,9698.4
15444,468,2026-04-26,UPI,Paid,317403.3
15445,16773,2026-04-26,Cash on Delivery,Paid,68694.0
15446,22943,2026-04-26,Debit Card,Paid,32747.1
15447,3492,2026-04-26,UPI,Paid,3410.0
15448,3009,2026-04-26,UPI,Paid,53962.2
15449,10477,2026-04-26,Credit Card,Paid,33558.6
15450,21268,2026-04-26,Cash on Delivery,Paid,6932.7
15451,19917,2026-04-26,Debit Card,Paid,29001.6
15452,7020,2026-04-26,Cash on Delivery,Paid,13703.7
15453,5424,2026-04-26,Credit Card,Paid,63331.2
15454,16331,2026-04-26,Net Banking,Paid,3626.4
15455,431,2026-04-26,Net Banking,Paid,1795.2
15456,2878,2026-04-26,Credit Card,Paid,6295.0
15457,10208,2026-04-26,Credit Card,Paid,80549.4
15458,10538,2026-04-27,Cash on Delivery,Paid,8354.7
15459,18907,2026-04-27,Debit Card,Paid,2019.6
15460,2704,2026-04-27,Credit Card,Paid,28840.95
15461,23015,2026-04-27,Credit Card,Paid,5330.35
15462,22864,2026-04-27,Cash on Delivery,Paid,22895.7
15463,5464,2026-04-27,UPI,Paid,17668.1
15464,7624,2026-04-27,Cash on Delivery,Paid,19902.5
15465,4,2026-04-27,UPI,Paid,5447.2
15466,17778,2026-04-27,Net Banking,Paid,39916.75
15467,6334,2026-04-27,Credit Card,Paid,93246.0
15468,20902,2026-04-27,UPI,Paid,65259.3
15469,11236,2026-04-27,Debit Card,Paid,33872.0
15470,24063,2026-04-27,Credit Card,Paid,8322.95
15471,18506,2026-04-27,Debit Card,Paid,7718.2
15472,18139,2026-04-27,Cash on Delivery,Paid,263.15
15473,15338,2026-04-28,UPI,Paid,25237.9
15474,23520,2026-04-28,UPI,Paid,7446.85
15475,16258,2026-04-28,UPI,Paid,7099.5
15476,22975,2026-04-28,UPI,Paid,4605.3
15477,5715,2026-04-28,Debit Card,Paid,9422.0
15478,12458,2026-04-28,Debit Card,Paid,73402.45
15479,1540,2026-04-28,UPI,Paid,3352.8
15480,13271,2026-04-28,Debit Card,Paid,42332.8
15481,6375,2026-04-28,Debit Card,Paid,167189.25
15482,9038,2026-04-28,UPI,Paid,17771.7
15483,5298,2026-04-28,Credit Card,Paid,10956.5
15484,21485,2026-04-28,Cash on Delivery,Paid,40193.1
15485,21371,2026-04-28,Net Banking,Paid,86195.1
15486,20757,2026-04-28,UPI,Paid,10738.8
15487,21593,2026-04-28,UPI,Paid,69511.4
15488,8380,2026-04-28,Net Banking,Paid,15141.35
15489,8450,2026-04-28,UPI,Paid,33257.05
15490,16247,2026-04-28,Net Banking,Paid,109474.75
15491,23220,2026-04-28,Credit Card,Paid,10879.05
15492,8036,2026-04-28,UPI,Paid,3609.05
15493,23273,2026-04-28,Credit Card,Paid,5447.2
15494,7142,2026-04-29,UPI,Paid,50964.3
15495,1809,2026-04-29,Net Banking,Paid,66104.9
15496,18249,2026-04-29,UPI,Paid,2603.2
15497,12643,2026-04-29,UPI,Paid,111579.8
15498,15309,2026-04-29,UPI,Paid,79211.4
15499,3612,2026-04-29,UPI,Paid,9856.6
15500,16880,2026-04-29,Debit Card,Paid,6138.0
15501,7056,2026-04-29,Credit Card,Paid,9222.0
15502,15541,2026-04-29,UPI,Paid,9767.3
15503,593,2026-04-29,UPI,Paid,31213.0
15504,24235,2026-04-29,Debit Card,Paid,8657.0
15505,11334,2026-04-29,UPI,Paid,66244.0
15506,20379,2026-04-29,Credit Card,Paid,76252.75
15507,16649,2026-04-29,Debit Card,Paid,3554.0
15508,13020,2026-04-29,Credit Card,Paid,8532.3
15509,8724,2026-04-29,Credit Card,Paid,10364.9
15510,7560,2026-04-29,Debit Card,Paid,201.45
15511,1080,2026-04-29,UPI,Paid,3389.6
15512,15397,2026-04-29,Credit Card,Paid,6973.0
15513,8788,2026-04-30,Debit Card,Paid,6488.9
15514,17228,2026-04-30,Cash on Delivery,Paid,89843.4
15515,6093,2026-04-30,Net Banking,Paid,35857.5
15516,18975,2026-04-30,Debit Card,Paid,16572.75
15517,9010,2026-04-30,UPI,Paid,69045.5
15518,20189,2026-04-30,Credit Card,Paid,201078.0
15519,10318,2026-04-30,Credit Card,Paid,4928.0
15520,24789,2026-04-30,Credit Card,Paid,937.5
15521,16949,2026-04-30,UPI,Paid,25232.8
15522,22335,2026-04-30,UPI,Paid,8950.9
15523,16251,2026-04-30,UPI,Paid,4306.35
15524,9663,2026-04-30,Cash on Delivery,Paid,6275.7
15525,19469,2026-04-30,Credit Card,Paid,39325.2
15526,22590,2026-04-30,UPI,Paid,57052.95
15527,14758,2026-05-01,Debit Card,Paid,5032.5
15528,23104,2026-05-01,UPI,Paid,1047.75
15529,23663,2026-05-01,Credit Card,Paid,47850.7
15530,3564,2026-05-01,UPI,Paid,59492.8
15531,21120,2026-05-01,Credit Card,Paid,20318.4
15532,21800,2026-05-01,Credit Card,Paid,10230.05
15533,1321,2026-05-01,Debit Card,Paid,35533.8
15534,24659,2026-05-01,Debit Card,Paid,7872.9
15535,1572,2026-05-01,Debit Card,Paid,42643.8
15536,8545,2026-05-01,UPI,Paid,29256.25
15537,4187,2026-05-01,Credit Card,Paid,19630.7
15538,13634,2026-05-01,Credit Card,Paid,5979.2
15539,21851,2026-05-01,UPI,Paid,14303.2
15540,18399,2026-05-01,Debit Card,Paid,61271.0
15541,9828,2026-05-02,Net Banking,Paid,8452.0
15542,3136,2026-05-02,Cash on Delivery,Paid,98993.5
15543,10735,2026-05-02,UPI,Paid,13264.2
15544,10300,2026-05-02,Debit Card,Paid,12699.0
15545,16843,2026-05-02,Debit Card,Paid,104669.65
15546,15251,2026-05-02,Net Banking,Paid,43450.1
15547,20053,2026-05-02,Net Banking,Paid,54846.1
15548,11252,2026-05-02,Cash on Delivery,Paid,8775.75
15549,7395,2026-05-02,Credit Card,Paid,70232.0
15550,3149,2026-05-02,Cash on Delivery,Paid,10425.4
15551,8170,2026-05-02,UPI,Paid,2898.5
15552,15597,2026-05-02,Credit Card,Paid,61271.0
15553,8726,2026-05-02,Debit Card,Paid,13659.2
15554,20339,2026-05-02,Cash on Delivery,Paid,60759.15
15555,19586,2026-05-02,Debit Card,Paid,47286.0
15556,23150,2026-05-02,UPI,Paid,53805.15
15557,24979,2026-05-02,UPI,Paid,304233.8
15558,24047,2026-05-02,Cash on Delivery,Paid,33479.25
15559,19372,2026-05-02,UPI,Paid,33835.1
15560,1561,2026-05-02,UPI,Paid,48223.05
15561,19388,2026-05-02,UPI,Paid,5704.0
15562,6963,2026-05-02,Credit Card,Paid,93431.05
15563,17177,2026-05-02,Credit Card,Paid,22773.6
15564,20980,2026-05-02,UPI,Paid,28138.4
15565,10959,2026-05-02,Credit Card,Paid,89333.3
15566,22978,2026-05-02,UPI,Paid,39290.8
15567,6844,2026-05-03,Credit Card,Paid,24920.75
15568,20119,2026-05-03,UPI,Paid,311329.5
15569,16733,2026-05-03,Debit Card,Paid,29793.6
15570,5378,2026-05-03,Cash on Delivery,Paid,3533.25
15571,14147,2026-05-03,Cash on Delivery,Paid,3560.6
15572,19735,2026-05-03,UPI,Paid,22489.2
15573,6606,2026-05-03,Credit Card,Paid,9990.0
15574,17925,2026-05-03,Net Banking,Paid,12972.65
15575,10214,2026-05-03,UPI,Paid,68947.8
15576,23954,2026-05-03,UPI,Paid,70287.15
15577,2221,2026-05-03,UPI,Paid,4605.3
15578,5600,2026-05-03,Debit Card,Paid,7474.0
15579,2748,2026-05-03,UPI,Paid,31595.0
15580,475,2026-05-03,Debit Card,Paid,85625.55
15581,24241,2026-05-03,Credit Card,Paid,56099.0
15582,12860,2026-05-03,Debit Card,Paid,16495.7
15583,11304,2026-05-03,UPI,Paid,200322.65
15584,10131,2026-05-03,UPI,Paid,8612.7
15585,23636,2026-05-03,UPI,Paid,7317.6
15586,568,2026-05-03,Cash on Delivery,Paid,37905.6
15587,9087,2026-05-03,Debit Card,Paid,623.25
15588,24024,2026-05-03,UPI,Paid,6996.0
15589,11499,2026-05-03,Cash on Delivery,Paid,36876.6
15590,9653,2026-05-04,Debit Card,Paid,107587.9
15591,1678,2026-05-04,UPI,Paid,147228.9
15592,23588,2026-05-04,Debit Card,Paid,10153.4
15593,5492,2026-05-04,Credit Card,Paid,66377.25
15594,4535,2026-05-04,UPI,Paid,8224.15
15595,19693,2026-05-04,Net Banking,Paid,72302.4
15596,7442,2026-05-04,Debit Card,Paid,39264.45
15597,8339,2026-05-04,Cash on Delivery,Paid,11098.4
15598,10700,2026-05-04,Credit Card,Paid,52683.2
15599,12321,2026-05-04,UPI,Paid,8503.6
15600,18719,2026-05-04,Credit Card,Paid,94572.0
15601,14553,2026-05-04,UPI,Paid,137885.9
15602,15751,2026-05-04,Cash on Delivery,Paid,5350.75
15603,8365,2026-05-04,UPI,Paid,46994.6
15604,6150,2026-05-04,UPI,Paid,29746.4
15605,17377,2026-05-04,UPI,Paid,15405.4
15606,2534,2026-05-04,UPI,Paid,7291.5
15607,16554,2026-05-04,Cash on Delivery,Paid,7191.1
15608,14546,2026-05-04,Credit Card,Paid,43674.75
15609,14418,2026-05-04,UPI,Paid,29793.6
15610,1491,2026-05-04,UPI,Paid,18904.85
15611,24812,2026-05-04,Credit Card,Paid,70490.85
15612,13592,2026-05-04,Net Banking,Paid,47313.8
15613,18887,2026-05-05,UPI,Paid,26661.8
15614,8570,2026-05-05,Debit Card,Paid,71029.55
15615,14013,2026-05-05,Credit Card,Paid,3410.0
15616,6953,2026-05-05,Credit Card,Paid,220249.8
15617,15547,2026-05-05,UPI,Paid,5899.4
15618,22178,2026-05-05,UPI,Paid,88266.25
15619,18142,2026-05-05,UPI,Paid,8110.15
15620,2231,2026-05-05,Debit Card,Paid,15923.9
15621,14487,2026-05-05,UPI,Paid,4928.0
15622,6947,2026-05-05,Credit Card,Paid,47655.2
15623,2997,2026-05-05,UPI,Paid,5578.4
15624,15118,2026-05-05,UPI,Paid,5086.8
15625,18610,2026-05-05,UPI,Paid,4306.35
15626,17833,2026-05-05,Debit Card,Paid,12705.8
15627,18101,2026-05-05,Debit Card,Paid,57240.0
15628,5137,2026-05-05,Debit Card,Paid,53784.75
15629,18414,2026-05-05,UPI,Paid,6624.35
15630,17531,2026-05-05,Cash on Delivery,Paid,2135.0
15631,10389,2026-05-05,Cash on Delivery,Paid,43279.0
15632,5678,2026-05-05,Debit Card,Paid,89843.4
15633,8262,2026-05-06,UPI,Paid,206215.8
15634,20233,2026-05-06,Cash on Delivery,Paid,58389.9
15635,5554,2026-05-06,Debit Card,Paid,52396.5
15636,4272,2026-05-06,Debit Card,Paid,28138.4
15637,9338,2026-05-06,Credit Card,Paid,9631.5
15638,22490,2026-05-06,Net Banking,Paid,8749.8
15639,3862,2026-05-06,Credit Card,Paid,2094.4
15640,23400,2026-05-06,Cash on Delivery,Paid,50038.6
15641,8648,2026-05-06,Debit Card,Paid,10832.8
15642,23392,2026-05-06,Debit Card,Paid,41450.0
15643,13477,2026-05-06,Net Banking,Paid,56724.4
15644,11570,2026-05-06,UPI,Paid,31517.6
15645,900,2026-05-06,UPI,Paid,45576.9
15646,14082,2026-05-06,UPI,Paid,3297.7
15647,24170,2026-05-06,Credit Card,Paid,22405.45
15648,1511,2026-05-06,UPI,Paid,8765.2
15649,24369,2026-05-06,Credit Card,Paid,76363.2
15650,7426,2026-05-06,UPI,Paid,51101.25
15651,10361,2026-05-06,Credit Card,Paid,37735.75
15652,21221,2026-05-06,UPI,Paid,75657.6
15653,1370,2026-05-06,Debit Card,Paid,1397.0
15654,17085,2026-05-07,Debit Card,Paid,3177.75
15655,8962,2026-05-07,Net Banking,Paid,4475.45
15656,4827,2026-05-07,UPI,Paid,78228.3
15657,6830,2026-05-07,UPI,Paid,4236.3
15658,24336,2026-05-07,Net Banking,Paid,170205.75
15659,10497,2026-05-07,Cash on Delivery,Paid,8340.6
15660,8366,2026-05-07,Net Banking,Paid,36162.4
15661,17648,2026-05-07,Cash on Delivery,Paid,67624.2
15662,19014,2026-05-07,Cash on Delivery,Paid,37637.45
15663,17504,2026-05-07,Credit Card,Paid,5019.0
15664,9778,2026-05-07,UPI,Paid,5087.0
15665,8472,2026-05-07,Debit Card,Paid,8128.55
15666,15476,2026-05-07,Debit Card,Paid,5627.4
15667,22371,2026-05-07,UPI,Paid,5994.4
15668,15612,2026-05-07,Credit Card,Paid,11172.0
15669,15489,2026-05-07,Net Banking,Paid,11243.85
15670,8313,2026-05-07,Credit Card,Paid,2898.5
15671,8954,2026-05-08,UPI,Paid,12890.55
15672,10401,2026-05-08,Net Banking,Paid,5979.2
15673,17879,2026-05-08,UPI,Paid,875.0
15674,24787,2026-05-08,UPI,Paid,12155.25
15675,688,2026-05-08,UPI,Paid,25519.1
15676,10705,2026-05-08,Debit Card,Paid,7634.0
15677,1877,2026-05-08,Net Banking,Paid,11588.9
15678,8838,2026-05-08,Debit Card,Paid,13618.0
15679,10334,2026-05-08,UPI,Paid,1042.95
15680,18419,2026-05-08,UPI,Paid,5698.5
15681,6548,2026-05-08,UPI,Paid,42407.05
15682,2284,2026-05-08,UPI,Paid,48159.55
15683,16926,2026-05-08,UPI,Paid,9516.0
15684,13712,2026-05-08,Net Banking,Paid,10935.4
15685,10007,2026-05-08,Cash on Delivery,Paid,14273.75
15686,3020,2026-05-08,UPI,Paid,1327.15
15687,22467,2026-05-09,UPI,Paid,3750.0
15688,22242,2026-05-09,UPI,Paid,12054.1
15689,18959,2026-05-09,UPI,Paid,72076.05
15690,5987,2026-05-09,UPI,Paid,84799.7
15691,3534,2026-05-09,UPI,Paid,31127.0
15692,11256,2026-05-09,Debit Card,Paid,1780.3
15693,14242,2026-05-09,Credit Card,Paid,1803.6
15694,14223,2026-05-09,Cash on Delivery,Paid,149222.65
15695,15698,2026-05-09,Credit Card,Paid,9604.8
15696,16520,2026-05-09,Cash on Delivery,Paid,79740.8
15697,20957,2026-05-09,UPI,Paid,23220.4
15698,14075,2026-05-09,UPI,Paid,3626.4
15699,8213,2026-05-09,UPI,Paid,5019.0
15700,17542,2026-05-09,UPI,Paid,40972.5
15701,865,2026-05-09,Credit Card,Paid,126312.95
15702,23062,2026-05-09,Cash on Delivery,Paid,13586.9
15703,14757,2026-05-09,Credit Card,Paid,15621.2
15704,11247,2026-05-09,UPI,Paid,48347.3
15705,17475,2026-05-09,UPI,Paid,33812.1
15706,18674,2026-05-09,UPI,Paid,9729.9
15707,22418,2026-05-09,UPI,Paid,2250.0
15708,3858,2026-05-09,UPI,Paid,14893.7
15709,16053,2026-05-09,Credit Card,Paid,5642.7
15710,6423,2026-05-09,UPI,Paid,20397.1
15711,5191,2026-05-09,Credit Card,Paid,11769.95
15712,22543,2026-05-09,Debit Card,Paid,1187.45
15713,7097,2026-05-10,Debit Card,Paid,6543.8
15714,12946,2026-05-10,Debit Card,Paid,15981.6
15715,16096,2026-05-10,UPI,Paid,3019.5
15716,1845,2026-05-10,UPI,Paid,67804.5
15717,582,2026-05-10,UPI,Paid,8253.6
15718,16083,2026-05-10,Cash on Delivery,Paid,16099.85
15719,1759,2026-05-10,UPI,Paid,40598.6
15720,13332,2026-05-10,UPI,Paid,5087.0
15721,22034,2026-05-10,UPI,Paid,35518.85
15722,13824,2026-05-10,UPI,Paid,83279.25
15723,344,2026-05-10,UPI,Paid,8004.0
15724,2594,2026-05-10,UPI,Paid,5087.0
15725,3891,2026-05-10,Debit Card,Paid,4857.05
15726,19491,2026-05-10,UPI,Paid,3435.3
15727,12681,2026-05-10,UPI,Paid,10463.6
15728,21338,2026-05-10,UPI,Paid,125516.6
15729,18535,2026-05-10,UPI,Paid,47286.0
15730,12323,2026-05-11,Debit Card,Paid,5350.75
15731,10922,2026-05-11,UPI,Paid,15555.2
15732,13351,2026-05-11,UPI,Paid,11557.8
15733,9252,2026-05-11,Credit Card,Paid,10915.7
15734,7138,2026-05-11,UPI,Paid,44661.8
15735,21567,2026-05-11,Cash on Delivery,Paid,77896.75
15736,11785,2026-05-11,UPI,Paid,8354.7
15737,24451,2026-05-11,UPI,Paid,15302.6
15738,2053,2026-05-11,UPI,Paid,4002.0
15739,8920,2026-05-11,UPI,Paid,4471.65
15740,2844,2026-05-11,UPI,Paid,3229.15
15741,4052,2026-05-11,Debit Card,Paid,69933.6
15742,13358,2026-05-11,UPI,Paid,3985.2
15743,14133,2026-05-11,UPI,Paid,24828.0
15744,6119,2026-05-11,UPI,Paid,20673.25
15745,7495,2026-05-12,UPI,Paid,4048.55
15746,23732,2026-05-12,UPI,Paid,7619.4
15747,10414,2026-05-12,Net Banking,Paid,57979.25
15748,15162,2026-05-12,Cash on Delivery,Paid,57724.5
15749,24523,2026-05-12,Credit Card,Paid,9280.8
15750,7144,2026-05-12,UPI,Paid,3592.0
15751,2112,2026-05-12,Cash on Delivery,Paid,221.6
15752,5045,2026-05-12,Credit Card,Paid,236632.6
15753,1291,2026-05-12,UPI,Paid,2985.5
15754,24564,2026-05-12,UPI,Paid,25653.1
15755,1364,2026-05-12,Debit Card,Paid,47286.0
15756,14388,2026-05-12,UPI,Paid,7033.3
15757,17472,2026-05-12,Credit Card,Paid,113867.4
15758,2891,2026-05-12,Net Banking,Paid,18321.3
15759,8232,2026-05-12,UPI,Paid,34407.65
15760,21659,2026-05-12,Debit Card,Paid,8818.85
15761,20857,2026-05-12,UPI,Paid,4707.0
15762,9204,2026-05-12,Debit Card,Paid,23134.5
15763,20866,2026-05-12,UPI,Paid,124461.95
15764,18765,2026-05-13,Debit Card,Paid,7537.6
15765,17535,2026-05-13,UPI,Paid,96502.0
15766,17658,2026-05-13,UPI,Paid,11276.0
15767,14287,2026-05-13,Credit Card,Paid,107145.9
15768,5785,2026-05-13,Cash on Delivery,Paid,6402.75
15769,14516,2026-05-13,Credit Card,Paid,37050.0
15770,21529,2026-05-13,UPI,Paid,394.25
15771,3555,2026-05-13,Net Banking,Paid,30421.8
15772,17343,2026-05-13,Net Banking,Paid,4079.7
15773,21732,2026-05-13,UPI,Paid,119916.0
15774,5452,2026-05-13,UPI,Paid,34992.5
15775,24039,2026-05-13,UPI,Paid,149562.0
15776,24452,2026-05-13,Cash on Delivery,Paid,72268.0
15777,19632,2026-05-13,Cash on Delivery,Paid,32520.6
15778,21001,2026-05-13,UPI,Paid,1047.75
15779,4855,2026-05-13,Credit Card,Paid,15279.7
15780,20271,2026-05-14,Cash on Delivery,Paid,8050.3
15781,24557,2026-05-14,UPI,Paid,40269.8
15782,17756,2026-05-14,UPI,Paid,1651.1
15783,19998,2026-05-14,UPI,Paid,237.0
15784,1693,2026-05-14,UPI,Paid,38157.6
15785,23313,2026-05-14,Cash on Delivery,Paid,2602.05
15786,8933,2026-05-14,UPI,Paid,14948.0
15787,14385,2026-05-14,UPI,Paid,3862.0
15788,22402,2026-05-14,UPI,Paid,85287.6
15789,19105,2026-05-14,UPI,Paid,12199.9
15790,17620,2026-05-14,Credit Card,Paid,56779.5
15791,9672,2026-05-14,UPI,Paid,3601.8
15792,23191,2026-05-14,UPI,Paid,47253.75
15793,1359,2026-05-14,Net Banking,Paid,82774.1
15794,3373,2026-05-14,UPI,Paid,35464.5
15795,1719,2026-05-14,UPI,Paid,14200.6
15796,22307,2026-05-14,UPI,Paid,38673.2
15797,3273,2026-05-14,Debit Card,Paid,7626.6
15798,10204,2026-05-15,Cash on Delivery,Paid,40600.15
15799,17751,2026-05-15,Debit Card,Paid,29433.75
15800,24813,2026-05-15,UPI,Paid,28827.9
15801,5001,2026-05-15,Credit Card,Paid,35536.5
15802,24591,2026-05-15,Cash on Delivery,Paid,1570.8
15803,1129,2026-05-15,Debit Card,Paid,25692.0
15804,18622,2026-05-15,UPI,Paid,11141.5
15805,9339,2026-05-15,Debit Card,Paid,6352.9
15806,22746,2026-05-15,Debit Card,Paid,7254.9
15807,7421,2026-05-15,UPI,Paid,21589.7
15808,3756,2026-05-15,Net Banking,Paid,4692.6
15809,11331,2026-05-15,UPI,Paid,5396.0
15810,2710,2026-05-15,UPI,Paid,45012.9
15811,17850,2026-05-15,Credit Card,Paid,9821.75
15812,9273,2026-05-15,UPI,Paid,6374.5
15813,24001,2026-05-16,UPI,Paid,4323.95
15814,13329,2026-05-16,Credit Card,Paid,2612.9
15815,17835,2026-05-16,Debit Card,Paid,107948.4
15816,5522,2026-05-16,Debit Card,Paid,3232.8
15817,5674,2026-05-16,Debit Card,Paid,1738.0
15818,22904,2026-05-16,Debit Card,Paid,9960.05
15819,19383,2026-05-16,Credit Card,Paid,5665.5
15820,6453,2026-05-16,Credit Card,Paid,16586.0
15821,5638,2026-05-16,UPI,Paid,15300.15
15822,2630,2026-05-16,UPI,Paid,68154.4
15823,2254,2026-05-16,Credit Card,Paid,106714.65
15824,13278,2026-05-16,Debit Card,Paid,66948.2
15825,19671,2026-05-16,Credit Card,Paid,146704.15
15826,24595,2026-05-16,UPI,Paid,1405.5
15827,5745,2026-05-16,UPI,Paid,106073.6
15828,16703,2026-05-16,UPI,Paid,123291.2
15829,4513,2026-05-16,Debit Card,Paid,178605.1
15830,9440,2026-05-16,Debit Card,Paid,7683.3
15831,2821,2026-05-16,UPI,Paid,3239.5
15832,3691,2026-05-16,UPI,Paid,108218.6
15833,15899,2026-05-16,Credit Card,Paid,7630.5
15834,9322,2026-05-16,Cash on Delivery,Paid,9752.7
15835,186,2026-05-16,UPI,Paid,9543.8
15836,13539,2026-05-16,UPI,Paid,3810.4
15837,14379,2026-05-17,UPI,Paid,47208.25
15838,8987,2026-05-17,Cash on Delivery,Paid,21557.6
15839,15888,2026-05-17,UPI,Paid,10038.0
15840,18314,2026-05-17,Debit Card,Paid,3815.25
15841,16724,2026-05-17,UPI,Paid,34572.35
15842,20880,2026-05-17,Credit Card,Paid,47286.0
15843,23280,2026-05-17,UPI,Paid,3853.05
15844,5066,2026-05-17,Credit Card,Paid,24988.0
15845,5719,2026-05-17,Credit Card,Paid,2348.5
15846,6373,2026-05-17,UPI,Paid,4711.0
15847,19398,2026-05-17,UPI,Paid,7727.95
15848,5825,2026-05-17,Cash on Delivery,Paid,131260.65
15849,2671,2026-05-17,Credit Card,Paid,65885.05
15850,23772,2026-05-17,Cash on Delivery,Paid,12985.5
15851,5352,2026-05-18,UPI,Paid,1545.65
15852,8277,2026-05-18,Cash on Delivery,Paid,8645.95
15853,5153,2026-05-18,UPI,Paid,10836.0
15854,56,2026-05-18,Credit Card,Paid,152148.5
15855,1910,2026-05-18,UPI,Paid,28731.7
15856,9838,2026-05-18,Cash on Delivery,Paid,4306.35
15857,5576,2026-05-18,UPI,Paid,12551.4
15858,513,2026-05-18,Credit Card,Paid,221703.65
15859,23216,2026-05-18,UPI,Paid,60969.6
15860,3881,2026-05-18,UPI,Paid,20505.0
15861,2551,2026-05-18,Cash on Delivery,Paid,8088.0
15862,13482,2026-05-18,Credit Card,Paid,35711.2
15863,2982,2026-05-18,UPI,Paid,5019.0
15864,17985,2026-05-18,UPI,Paid,7677.0
15865,2961,2026-05-18,Credit Card,Paid,3244.45
15866,9856,2026-05-18,UPI,Paid,80712.5
15867,3571,2026-05-18,Cash on Delivery,Paid,40814.8
15868,7396,2026-05-18,UPI,Paid,31003.5
15869,14382,2026-05-18,Cash on Delivery,Paid,10029.3
15870,14616,2026-05-18,Credit Card,Paid,2054.25
15871,18402,2026-05-18,UPI,Paid,16067.4
15872,18735,2026-05-19,Debit Card,Paid,33835.1
15873,24902,2026-05-19,Cash on Delivery,Paid,139055.6
15874,17571,2026-05-19,UPI,Paid,1483.55
15875,20849,2026-05-19,Debit Card,Paid,2698.0
15876,23975,2026-05-19,Cash on Delivery,Paid,6486.6
15877,22445,2026-05-19,Credit Card,Paid,5000.0
15878,12464,2026-05-19,Net Banking,Paid,249.3
15879,19333,2026-05-19,Cash on Delivery,Paid,4048.55
15880,20962,2026-05-19,UPI,Paid,72500.3
15881,17947,2026-05-19,UPI,Paid,22056.3
15882,8019,2026-05-19,Net Banking,Paid,21429.8
15883,2001,2026-05-19,UPI,Paid,3244.45
15884,11631,2026-05-19,Debit Card,Paid,5787.65
15885,6916,2026-05-19,UPI,Paid,25254.8
15886,16704,2026-05-19,Net Banking,Paid,56445.7
15887,23499,2026-05-19,UPI,Paid,60796.95
15888,24128,2026-05-19,Credit Card,Paid,17898.6
15889,23221,2026-05-19,UPI,Paid,31312.0
15890,752,2026-05-19,Cash on Delivery,Paid,1384.65
15891,11992,2026-05-19,Debit Card,Paid,68300.5
15892,13950,2026-05-19,Debit Card,Paid,64781.8
15893,9961,2026-05-19,Cash on Delivery,Paid,13522.5
15894,14502,2026-05-19,UPI,Paid,22552.0
15895,9243,2026-05-19,UPI,Paid,4044.3
15896,17024,2026-05-19,Cash on Delivery,Paid,67074.4
15897,1828,2026-05-20,Debit Card,Paid,5368.0
15898,10351,2026-05-20,Debit Card,Paid,21131.1
15899,807,2026-05-20,Credit Card,Paid,169333.6
15900,12171,2026-05-20,Debit Card,Paid,183813.0
15901,12624,2026-05-20,Credit Card,Paid,1125.0
15902,11024,2026-05-20,UPI,Paid,4934.45
15903,17795,2026-05-20,UPI,Paid,22409.25
15904,17363,2026-05-20,UPI,Paid,11772.5
15905,12346,2026-05-20,Debit Card,Paid,5087.0
15906,5341,2026-05-20,UPI,Paid,1971.2
15907,1583,2026-05-21,Credit Card,Paid,10252.5
15908,3887,2026-05-21,Cash on Delivery,Paid,3239.5
15909,10945,2026-05-21,Cash on Delivery,Paid,9631.5
15910,6308,2026-05-21,UPI,Paid,33300.05
15911,11837,2026-05-21,Credit Card,Paid,39806.0
15912,15582,2026-05-21,UPI,Paid,3027.0
15913,21564,2026-05-21,UPI,Paid,75769.2
15914,1607,2026-05-21,UPI,Paid,163716.3
15915,8377,2026-05-21,Credit Card,Paid,332.0
15916,6188,2026-05-21,Credit Card,Paid,14948.0
15917,10831,2026-05-21,UPI,Paid,171912.6
15918,19864,2026-05-21,UPI,Paid,17978.8
15919,22888,2026-05-21,UPI,Paid,1738.0
15920,14005,2026-05-21,Net Banking,Paid,1907.4
15921,3805,2026-05-21,UPI,Paid,9283.0
15922,5405,2026-05-21,Debit Card,Paid,30114.2
15923,16871,2026-05-21,UPI,Paid,5115.0
15924,1635,2026-05-22,UPI,Paid,5086.8
15925,6291,2026-05-22,UPI,Paid,9604.5
15926,20083,2026-05-22,Credit Card,Paid,159698.7
15927,16487,2026-05-22,UPI,Paid,19807.2
15928,14064,2026-05-22,Cash on Delivery,Paid,9074.05
15929,16634,2026-05-22,Credit Card,Paid,35334.5
15930,2789,2026-05-22,UPI,Paid,82083.65
15931,11492,2026-05-22,Debit Card,Paid,434.4
15932,11865,2026-05-22,Credit Card,Paid,11229.1
15933,11488,2026-05-22,Net Banking,Paid,10470.0
15934,7355,2026-05-22,Credit Card,Paid,1627.0
15935,21450,2026-05-22,Credit Card,Paid,60806.6
15936,18839,2026-05-22,Credit Card,Paid,137960.05
15937,2092,2026-05-22,UPI,Paid,42294.2
15938,13674,2026-05-22,Credit Card,Paid,134367.3
15939,21546,2026-05-22,Cash on Delivery,Paid,148544.8
15940,11258,2026-05-22,Debit Card,Paid,3053.6
15941,9146,2026-05-22,UPI,Paid,19629.65
15942,12358,2026-05-22,UPI,Paid,19729.65
15943,4263,2026-05-22,UPI,Paid,130184.7
15944,23479,2026-05-22,Net Banking,Paid,62317.5
15945,15485,2026-05-22,UPI,Paid,9439.8
15946,11856,2026-05-23,Credit Card,Paid,150061.8
15947,22954,2026-05-23,Credit Card,Paid,60339.35
15948,19210,2026-05-23,UPI,Paid,3177.75
15949,10553,2026-05-23,UPI,Paid,83090.0
15950,17992,2026-05-23,Debit Card,Paid,201.45
15951,3081,2026-05-23,UPI,Paid,35661.35
15952,16763,2026-05-23,Debit Card,Paid,24045.5
15953,7389,2026-05-23,UPI,Paid,3601.45
15954,19184,2026-05-23,Net Banking,Paid,36667.95
15955,15992,2026-05-23,Net Banking,Paid,27057.1
15956,2328,2026-05-23,Cash on Delivery,Paid,79501.7
15957,5528,2026-05-23,UPI,Paid,4520.1
15958,1548,2026-05-23,UPI,Paid,20179.8
15959,11412,2026-05-23,UPI,Paid,407.25
15960,13735,2026-05-23,Cash on Delivery,Paid,7317.85
15961,24500,2026-05-23,UPI,Paid,4851.8
15962,16528,2026-05-23,Credit Card,Paid,1803.6
15963,24515,2026-05-23,UPI,Paid,56999.6
15964,7261,2026-05-23,UPI,Paid,223875.0
15965,15488,2026-05-23,Cash on Delivery,Paid,181359.0
15966,20226,2026-05-24,UPI,Paid,14094.65
15967,16146,2026-05-24,UPI,Paid,77383.85
15968,1380,2026-05-24,Credit Card,Paid,87181.6
15969,12472,2026-05-24,Credit Card,Paid,2982.1
15970,3332,2026-05-24,Cash on Delivery,Paid,28138.4
15971,2996,2026-05-24,Credit Card,Paid,154561.5
15972,5664,2026-05-24,Debit Card,Paid,47382.0
15973,5679,2026-05-24,Debit Card,Paid,22954.25
15974,2060,2026-05-24,Net Banking,Paid,45069.3
15975,21974,2026-05-24,Credit Card,Paid,69837.0
15976,38,2026-05-24,UPI,Paid,3560.9
15977,4017,2026-05-24,Net Banking,Paid,74080.5
15978,16534,2026-05-24,Credit Card,Paid,80613.15
15979,9296,2026-05-24,Credit Card,Paid,15781.1
15980,17184,2026-05-24,UPI,Paid,10112.6
15981,13342,2026-05-24,Credit Card,Paid,5578.4
15982,218,2026-05-24,UPI,Paid,44921.7
15983,21046,2026-05-24,Cash on Delivery,Paid,22930.0
15984,24442,2026-05-25,Debit Card,Paid,70301.55
15985,19032,2026-05-25,Debit Card,Paid,2901.9
15986,7001,2026-05-25,Credit Card,Paid,46318.6
15987,13093,2026-05-25,UPI,Paid,8354.7
15988,8610,2026-05-25,Credit Card,Paid,88550.1
15989,14159,2026-05-25,Credit Card,Paid,22253.45
15990,1626,2026-05-25,Debit Card,Paid,31613.0
15991,1855,2026-05-25,UPI,Paid,7196.1
15992,6870,2026-05-25,Debit Card,Paid,10399.5
15993,10126,2026-05-25,Debit Card,Paid,6769.75
15994,19576,2026-05-25,UPI,Paid,11557.8
15995,21997,2026-05-25,Debit Card,Paid,47322.8
15996,8805,2026-05-25,Net Banking,Paid,3206.4
15997,8651,2026-05-25,UPI,Paid,2244.0
15998,3058,2026-05-25,Debit Card,Paid,21508.4
15999,12704,2026-05-25,Debit Card,Paid,179463.9
16000,11828,2026-05-25,UPI,Paid,9222.0
16001,5077,2026-05-26,Credit Card,Paid,7970.4
16002,7464,2026-05-26,UPI,Paid,70948.5
16003,8673,2026-05-26,UPI,Paid,3813.3
16004,11279,2026-05-26,UPI,Paid,11596.0
16005,6029,2026-05-26,UPI,Paid,3282.7
16006,6757,2026-05-26,Cash on Delivery,Paid,221.6
16007,17814,2026-05-26,Net Banking,Paid,4239.0
16008,9626,2026-05-26,Credit Card,Paid,831.0
16009,10394,2026-05-26,UPI,Paid,1227.0
16010,14346,2026-05-26,Credit Card,Paid,31844.8
16011,6076,2026-05-26,UPI,Paid,39013.4
16012,21407,2026-05-26,Credit Card,Paid,4876.2
16013,3449,2026-05-26,Cash on Delivery,Paid,19118.45
16014,19598,2026-05-26,Debit Card,Paid,6352.9
16015,10487,2026-05-26,UPI,Paid,66334.8
16016,13382,2026-05-26,Credit Card,Paid,40193.1
16017,20318,2026-05-26,Credit Card,Paid,49957.2
16018,9871,2026-05-26,Credit Card,Paid,12199.9
16019,7876,2026-05-26,UPI,Paid,27864.2
16020,3983,2026-05-26,UPI,Paid,42643.8
16021,15310,2026-05-26,UPI,Paid,4265.0
16022,12028,2026-05-26,Cash on Delivery,Paid,3410.0
16023,10657,2026-05-27,Credit Card,Paid,7256.45
16024,7984,2026-05-27,Credit Card,Paid,107710.85
16025,15013,2026-05-27,UPI,Paid,4550.5
16026,4548,2026-05-27,Cash on Delivery,Paid,1257.3
16027,7178,2026-05-27,Credit Card,Paid,14304.15
16028,14022,2026-05-27,Credit Card,Paid,11405.7
16029,21637,2026-05-27,Net Banking,Paid,113920.2
16030,6877,2026-05-27,Credit Card,Paid,43773.1
16031,22488,2026-05-27,UPI,Paid,42277.25
16032,5919,2026-05-27,Credit Card,Paid,1592.9
16033,11141,2026-05-27,UPI,Paid,4191.0
16034,18672,2026-05-27,UPI,Paid,13522.1
16035,11894,2026-05-27,UPI,Paid,83089.7
16036,21475,2026-05-27,Cash on Delivery,Paid,526.3
16037,7226,2026-05-27,Cash on Delivery,Paid,28894.5
16038,11881,2026-05-27,Debit Card,Paid,6853.6
16039,3917,2026-05-27,UPI,Paid,21664.8
16040,13181,2026-05-27,UPI,Paid,25606.4
16041,19471,2026-05-27,UPI,Paid,9414.0
16042,15824,2026-05-27,UPI,Paid,18619.3
16043,23522,2026-05-28,UPI,Paid,46074.8
16044,18067,2026-05-28,Credit Card,Paid,7890.55
16045,4067,2026-05-28,Credit Card,Paid,6054.0
16046,18011,2026-05-28,Credit Card,Paid,470.9
16047,23619,2026-05-28,UPI,Paid,82537.3
16048,18295,2026-05-28,UPI,Paid,3609.05
16049,11137,2026-05-28,UPI,Paid,16644.0
16050,6030,2026-05-28,UPI,Paid,37569.0
16051,20114,2026-05-28,Cash on Delivery,Paid,2849.25
16052,24261,2026-05-28,Net Banking,Paid,3810.4
16053,15981,2026-05-28,UPI,Paid,7474.0
16054,1331,2026-05-28,UPI,Paid,6824.8
16055,18318,2026-05-28,Cash on Delivery,Paid,379.2
16056,11779,2026-05-28,UPI,Paid,36876.6
16057,3086,2026-05-28,UPI,Paid,80005.5
16058,19067,2026-05-28,Debit Card,Paid,33602.85
16059,18242,2026-05-28,UPI,Paid,18212.25
16060,19979,2026-05-28,Credit Card,Paid,16820.2
16061,13758,2026-05-28,UPI,Paid,3414.0
16062,3595,2026-05-28,UPI,Paid,6414.15
16063,12371,2026-05-28,Debit Card,Paid,14327.2
16064,21541,2026-05-29,Credit Card,Paid,193.9
16065,14518,2026-05-29,Cash on Delivery,Paid,15493.5
16066,8063,2026-05-29,UPI,Paid,2862.75
16067,12987,2026-05-29,UPI,Paid,4004.35
16068,17119,2026-05-29,UPI,Paid,40274.7
16069,6134,2026-05-29,UPI,Paid,1427.0
16070,20458,2026-05-29,Cash on Delivery,Paid,128636.0
16071,8330,2026-05-29,Credit Card,Paid,189861.0
16072,13490,2026-05-29,Credit Card,Paid,5126.25
16073,24761,2026-05-29,UPI,Paid,4323.95
16074,24965,2026-05-29,Credit Card,Paid,9210.6
16075,2987,2026-05-29,Debit Card,Paid,6809.0
16076,24437,2026-05-29,Credit Card,Paid,201.45
16077,17766,2026-05-29,Cash on Delivery,Paid,27076.0
16078,11224,2026-05-29,UPI,Paid,3998.7
16079,11043,2026-05-29,Credit Card,Paid,4711.0
16080,24472,2026-05-29,Debit Card,Paid,3232.8
16081,15155,2026-05-29,UPI,Paid,6547.55
16082,6433,2026-05-29,Debit Card,Paid,5698.5
16083,10764,2026-05-29,UPI,Paid,5652.0
16084,5858,2026-05-29,Debit Card,Paid,25847.0
16085,15175,2026-05-29,UPI,Paid,9841.8
16086,23946,2026-05-29,UPI,Paid,15606.5
16087,15581,2026-05-29,UPI,Paid,34827.9
16088,623,2026-05-29,Debit Card,Paid,66932.9
16089,11858,2026-05-30,UPI,Paid,8406.45
16090,20029,2026-05-30,UPI,Paid,4239.9
16091,7314,2026-05-30,Credit Card,Paid,61471.5
16092,24688,2026-05-30,Credit Card,Paid,45838.45
16093,4280,2026-05-30,UPI,Paid,1250.0
16094,2140,2026-05-30,UPI,Paid,250056.15
16095,14282,2026-05-30,UPI,Paid,26283.0
16096,4204,2026-05-30,UPI,Paid,169076.2
16097,11098,2026-05-30,UPI,Paid,71456.4
16098,13667,2026-05-30,UPI,Paid,42055.45
16099,19377,2026-05-30,UPI,Paid,8612.7
16100,5720,2026-05-30,UPI,Paid,94260.2
16101,7116,2026-05-30,Debit Card,Paid,10837.6
16102,573,2026-05-30,UPI,Paid,7564.65
16103,5,2026-05-30,UPI,Paid,6607.05
16104,11900,2026-05-30,UPI,Paid,7358.45
16105,923,2026-05-30,Credit Card,Paid,30719.5
16106,18016,2026-05-30,Cash on Delivery,Paid,30484.8
16107,18009,2026-05-30,Debit Card,Paid,200446.35
16108,8310,2026-05-30,UPI,Paid,20318.4
16109,5385,2026-05-30,UPI,Paid,53356.0
16110,9348,2026-05-30,Cash on Delivery,Paid,60969.6
16111,13811,2026-05-30,Debit Card,Paid,17332.5
16112,13621,2026-05-31,UPI,Paid,40682.7
16113,3732,2026-05-31,Debit Card,Paid,10977.25
16114,11200,2026-05-31,UPI,Paid,47286.0
16115,19285,2026-05-31,Cash on Delivery,Paid,1599.3
16116,1438,2026-05-31,Debit Card,Paid,3352.8
16117,3844,2026-05-31,Cash on Delivery,Paid,12985.5
16118,3109,2026-05-31,Net Banking,Paid,122817.65
16119,8495,2026-05-31,Credit Card,Paid,3401.7
16120,6008,2026-05-31,Cash on Delivery,Paid,35690.55
16121,542,2026-05-31,UPI,Paid,28451.7
16122,4223,2026-05-31,Cash on Delivery,Paid,6772.8
16123,20543,2026-05-31,UPI,Paid,30137.8
16124,14279,2026-05-31,UPI,Paid,69837.0
16125,1666,2026-05-31,UPI,Paid,31826.65
16126,1869,2026-05-31,UPI,Paid,63026.8
16127,1110,2026-05-31,UPI,Paid,8818.85
16128,472,2026-06-01,Credit Card,Paid,6702.35
16129,3292,2026-06-01,UPI,Paid,7634.0
16130,22641,2026-06-01,UPI,Paid,23386.15
16131,7842,2026-06-01,Net Banking,Paid,29187.75
16132,16550,2026-06-01,UPI,Paid,3000.0
16133,235,2026-06-01,Debit Card,Paid,55598.4
16134,9328,2026-06-01,Net Banking,Paid,17637.7
16135,21022,2026-06-01,UPI,Paid,101535.0
16136,2597,2026-06-01,UPI,Paid,2928.6
16137,23463,2026-06-01,UPI,Paid,7657.95
16138,15872,2026-06-01,Cash on Delivery,Paid,37847.4
16139,12798,2026-06-01,Credit Card,Paid,83021.8
16140,2616,2026-06-01,Cash on Delivery,Paid,57623.3
16141,15470,2026-06-01,Cash on Delivery,Paid,3419.1
16142,6082,2026-06-01,Credit Card,Paid,113918.0
16143,16598,2026-06-01,UPI,Paid,93767.4
16144,2271,2026-06-01,UPI,Paid,29793.6
16145,22637,2026-06-02,Credit Card,Paid,154561.5
16146,19738,2026-06-02,Cash on Delivery,Paid,16795.85
16147,19229,2026-06-02,UPI,Paid,4619.7
16148,20498,2026-06-02,UPI,Paid,11584.3
16149,7125,2026-06-02,Debit Card,Paid,2140.5
16150,17097,2026-06-02,Net Banking,Paid,105313.4
16151,15836,2026-06-02,Cash on Delivery,Paid,9235.9
16152,13805,2026-06-02,Credit Card,Paid,4692.6
16153,6507,2026-06-02,Credit Card,Paid,32905.8
16154,927,2026-06-02,Net Banking,Paid,14927.4
16155,14486,2026-06-02,Credit Card,Paid,30243.35
16156,3800,2026-06-02,UPI,Paid,62389.4
16157,15158,2026-06-02,UPI,Paid,13946.0
16158,782,2026-06-02,UPI,Paid,32514.0
16159,13025,2026-06-02,Net Banking,Paid,21180.25
16160,10536,2026-06-02,Cash on Delivery,Paid,10493.85
16161,12196,2026-06-02,Cash on Delivery,Paid,33104.0
16162,1603,2026-06-02,UPI,Paid,3813.3
16163,10858,2026-06-02,Net Banking,Paid,70962.35
16164,7502,2026-06-03,Credit Card,Paid,57463.4
16165,24837,2026-06-03,Cash on Delivery,Paid,9244.0
16166,8782,2026-06-03,Cash on Delivery,Paid,30162.1
16167,15526,2026-06-03,UPI,Paid,4236.3
16168,5700,2026-06-03,Net Banking,Paid,1651.1
16169,22219,2026-06-03,Credit Card,Paid,13176.35
16170,20872,2026-06-03,Credit Card,Paid,16932.0
16171,7393,2026-06-03,UPI,Paid,62548.2
16172,6127,2026-06-03,Credit Card,Paid,90394.2
16173,12827,2026-06-03,UPI,Paid,543.0
16174,9881,2026-06-03,UPI,Paid,9040.2
16175,19062,2026-06-03,Credit Card,Paid,26014.1
16176,21630,2026-06-03,Credit Card,Paid,101714.1
16177,20926,2026-06-03,Debit Card,Paid,21300.9
16178,10256,2026-06-03,Debit Card,Paid,65226.8
16179,14188,2026-06-03,UPI,Paid,4900.8
16180,5608,2026-06-03,Credit Card,Paid,45203.0
16181,19547,2026-06-03,Debit Card,Paid,11502.6
16182,3306,2026-06-03,UPI,Paid,159861.7
16183,7508,2026-06-03,Debit Card,Paid,59361.45
16184,19668,2026-06-04,Cash on Delivery,Paid,90525.4
16185,134,2026-06-04,Credit Card,Paid,4619.7
16186,18427,2026-06-04,UPI,Paid,103170.45
16187,23668,2026-06-04,Debit Card,Paid,93481.4
16188,4939,2026-06-04,UPI,Paid,25654.5
16189,6787,2026-06-04,Cash on Delivery,Paid,23737.45
16190,16363,2026-06-04,UPI,Paid,33881.75
16191,13273,2026-06-04,UPI,Paid,66823.5
16192,12714,2026-06-04,UPI,Paid,37815.7
16193,22464,2026-06-04,Cash on Delivery,Paid,78935.5
16194,24744,2026-06-04,Credit Card,Paid,86391.0
16195,2390,2026-06-04,Credit Card,Paid,249.3
16196,21883,2026-06-04,Debit Card,Paid,11464.95
16197,5966,2026-06-04,Credit Card,Paid,11772.5
16198,15889,2026-06-04,UPI,Paid,24512.4
16199,24911,2026-06-04,UPI,Paid,61083.25
16200,17223,2026-06-04,Cash on Delivery,Paid,5927.05
16201,13071,2026-06-04,Cash on Delivery,Paid,50964.3
16202,1885,2026-06-04,UPI,Paid,45698.5
16203,674,2026-06-04,UPI,Paid,20413.15
16204,4886,2026-06-04,UPI,Paid,53021.6
16205,3792,2026-06-04,Cash on Delivery,Paid,1506.6
16206,6925,2026-06-04,Credit Card,Paid,45605.4
16207,23793,2026-06-05,Net Banking,Paid,1125.0
16208,16938,2026-06-05,Credit Card,Paid,4063.5
16209,4700,2026-06-05,Credit Card,Paid,143367.2
16210,22085,2026-06-05,Credit Card,Paid,18500.55
16211,24256,2026-06-05,UPI,Paid,106734.75
16212,24573,2026-06-05,UPI,Paid,116817.6
16213,11813,2026-06-05,UPI,Paid,92969.05
16214,17444,2026-06-05,UPI,Paid,14205.75
16215,15930,2026-06-05,Credit Card,Paid,14769.6
16216,23438,2026-06-05,Cash on Delivery,Paid,3412.0
16217,1360,2026-06-05,UPI,Paid,7196.1
16218,2890,2026-06-05,UPI,Paid,38231.3
16219,14942,2026-06-05,Debit Card,Paid,89956.8
16220,17201,2026-06-05,Debit Card,Paid,92141.7
16221,12887,2026-06-05,Credit Card,Paid,31395.45
16222,15864,2026-06-05,Net Banking,Paid,2085.9
16223,15190,2026-06-05,UPI,Paid,22765.95
16224,14753,2026-06-05,UPI,Paid,6951.6
16225,24019,2026-06-05,Debit Card,Paid,1165.65
16226,1899,2026-06-05,UPI,Paid,12971.85
16227,723,2026-06-05,UPI,Paid,21239.8
16228,17973,2026-06-05,Credit Card,Paid,22864.8
16229,8446,2026-06-05,Debit Card,Paid,12198.35
16230,12158,2026-06-06,UPI,Paid,26497.65
16231,23195,2026-06-06,UPI,Paid,89968.8
16232,20512,2026-06-06,Net Banking,Paid,63287.0
16233,13029,2026-06-06,Net Banking,Paid,40280.65
16234,9590,2026-06-06,Credit Card,Paid,6663.6
16235,22791,2026-06-06,Cash on Delivery,Paid,60046.65
16236,1103,2026-06-06,UPI,Paid,13659.2
16237,5320,2026-06-06,Credit Card,Paid,18767.6
16238,11763,2026-06-06,Cash on Delivery,Paid,4707.0
16239,6372,2026-06-06,Credit Card,Paid,25161.15
16240,14034,2026-06-06,Debit Card,Paid,29837.1
16241,17041,2026-06-06,UPI,Paid,35464.5
16242,23675,2026-06-06,UPI,Paid,1372.5
16243,20289,2026-06-07,UPI,Paid,46244.2
16244,2743,2026-06-07,UPI,Paid,3474.8
16245,1403,2026-06-07,Cash on Delivery,Paid,19092.45
16246,18824,2026-06-07,Credit Card,Paid,93005.6
16247,10068,2026-06-07,Credit Card,Paid,3201.6
16248,6605,2026-06-07,UPI,Paid,3389.6
16249,15870,2026-06-07,Cash on Delivery,Paid,2898.5
16250,19644,2026-06-07,UPI,Paid,81333.0
16251,3032,2026-06-07,UPI,Paid,37569.0
16252,19345,2026-06-07,Credit Card,Paid,5787.65
16253,4487,2026-06-07,Cash on Delivery,Paid,18941.0
16254,16646,2026-06-07,Net Banking,Paid,10283.0
16255,4112,2026-06-07,UPI,Paid,22129.1
16256,24509,2026-06-07,UPI,Paid,63513.3
16257,6345,2026-06-07,Credit Card,Paid,1795.2
16258,8693,2026-06-07,UPI,Paid,38072.1
16259,9873,2026-06-07,UPI,Paid,63627.2
16260,24857,2026-06-07,UPI,Paid,14392.2
16261,6015,2026-06-08,UPI,Paid,15972.65
16262,946,2026-06-08,Cash on Delivery,Paid,1545.65
16263,6032,2026-06-08,Cash on Delivery,Paid,32134.4
16264,7309,2026-06-08,Credit Card,Paid,215681.4
16265,24735,2026-06-08,Debit Card,Paid,4239.9
16266,6389,2026-06-08,Cash on Delivery,Paid,21257.9
16267,23264,2026-06-08,Credit Card,Paid,11238.75
16268,8961,2026-06-08,UPI,Paid,6547.55
16269,5552,2026-06-08,UPI,Paid,17637.7
16270,7697,2026-06-08,UPI,Paid,20798.0
16271,23169,2026-06-08,Debit Card,Paid,3355.0
16272,6641,2026-06-08,UPI,Paid,44921.7
16273,4224,2026-06-08,Net Banking,Paid,23108.45
16274,6779,2026-06-08,Credit Card,Paid,62830.0
16275,6688,2026-06-08,Cash on Delivery,Paid,15836.1
16276,16963,2026-06-08,UPI,Paid,32765.9
16277,17303,2026-06-09,Debit Card,Paid,65918.95
16278,7408,2026-06-09,Credit Card,Paid,10736.0
16279,19699,2026-06-09,Net Banking,Paid,91513.9
16280,3501,2026-06-09,Net Banking,Paid,7474.0
16281,9827,2026-06-09,Credit Card,Paid,2851.75
16282,2693,2026-06-09,UPI,Paid,235.45
16283,23685,2026-06-09,Credit Card,Paid,10163.1
16284,21503,2026-06-09,UPI,Paid,28015.3
16285,1303,2026-06-09,Credit Card,Paid,30265.0
16286,16395,2026-06-09,UPI,Paid,17834.35
16287,4657,2026-06-09,Credit Card,Paid,2293.3
16288,10524,2026-06-09,UPI,Paid,27707.7
16289,17948,2026-06-09,UPI,Paid,75724.5
16290,15798,2026-06-09,UPI,Paid,2563.1
16291,9452,2026-06-10,Credit Card,Paid,3806.4
16292,8421,2026-06-10,UPI,Paid,134553.0
16293,11235,2026-06-10,Cash on Delivery,Paid,5453.6
16294,1768,2026-06-10,UPI,Paid,1062.5
16295,14325,2026-06-10,Credit Card,Paid,119916.0
16296,14563,2026-06-10,Debit Card,Paid,34789.6
16297,19484,2026-06-10,Credit Card,Paid,79612.0
16298,17365,2026-06-10,Net Banking,Paid,1397.0
16299,23160,2026-06-10,Debit Card,Paid,5453.6
16300,9248,2026-06-10,Debit Card,Paid,8749.8
16301,18840,2026-06-10,UPI,Paid,38825.1
16302,13829,2026-06-10,Credit Card,Paid,14614.9
16303,4469,2026-06-10,UPI,Paid,10244.3
16304,9244,2026-06-11,Credit Card,Paid,4592.5
16305,18104,2026-06-11,UPI,Paid,5133.0
16306,11308,2026-06-11,Credit Card,Paid,30719.5
16307,19847,2026-06-11,Cash on Delivery,Paid,3173.1
16308,4315,2026-06-11,Cash on Delivery,Paid,4206.6
16309,3236,2026-06-11,UPI,Paid,11681.2
16310,24935,2026-06-11,Debit Card,Paid,8008.7
16311,2188,2026-06-11,Credit Card,Paid,2023.5
16312,4128,2026-06-11,UPI,Paid,29854.5
16313,2557,2026-06-11,Debit Card,Paid,8471.65
16314,22055,2026-06-11,UPI,Paid,140173.4
16315,19098,2026-06-11,Credit Card,Paid,3623.0
16316,4397,2026-06-11,UPI,Paid,515.85
16317,3666,2026-06-11,UPI,Paid,20603.6
16318,11192,2026-06-11,Debit Card,Paid,9752.4
16319,21535,2026-06-11,UPI,Paid,147206.5
16320,13976,2026-06-11,Debit Card,Paid,3799.0
16321,986,2026-06-11,Credit Card,Paid,21932.8
16322,24916,2026-06-11,UPI,Paid,5147.1
16323,9907,2026-06-11,Credit Card,Paid,10712.2
16324,21043,2026-06-11,Credit Card,Paid,25684.0
16325,18568,2026-06-11,UPI,Paid,63464.4
16326,1323,2026-06-11,Credit Card,Paid,3806.4
16327,23748,2026-06-11,Credit Card,Paid,31776.55
16328,11533,2026-06-11,UPI,Paid,43542.2
16329,19853,2026-06-11,Credit Card,Paid,6128.1
16330,6654,2026-06-11,UPI,Paid,38611.1
16331,9429,2026-06-11,Debit Card,Paid,6710.0
16332,5581,2026-06-12,Debit Card,Paid,2563.1
16333,1987,2026-06-12,Credit Card,Paid,55553.1
16334,20202,2026-06-12,Debit Card,Paid,4681.6
16335,4091,2026-06-12,Credit Card,Paid,4025.15
16336,16688,2026-06-12,Credit Card,Paid,4965.8
16337,11404,2026-06-12,Cash on Delivery,Paid,12551.4
16338,3001,2026-06-12,UPI,Paid,8839.15
16339,6756,2026-06-12,UPI,Paid,12705.8
16340,8195,2026-06-12,UPI,Paid,33727.25
16341,4984,2026-06-12,Credit Card,Paid,33024.65
16342,17080,2026-06-12,Credit Card,Paid,7585.2
16343,9014,2026-06-12,UPI,Paid,16690.6
16344,13558,2026-06-12,Cash on Delivery,Paid,47382.0
16345,5896,2026-06-12,Credit Card,Paid,3688.8
16346,13412,2026-06-12,Credit Card,Paid,92286.4
16347,24324,2026-06-12,UPI,Paid,8688.0
16348,17941,2026-06-12,Credit Card,Paid,39171.4
16349,1943,2026-06-12,Credit Card,Paid,37656.6
16350,6107,2026-06-12,Net Banking,Paid,17385.0
16351,5422,2026-06-12,Cash on Delivery,Paid,19684.55
16352,16119,2026-06-13,Credit Card,Paid,74109.8
16353,20934,2026-06-13,UPI,Paid,109301.5
16354,4554,2026-06-13,Credit Card,Paid,47382.0
16355,18792,2026-06-13,Debit Card,Paid,8932.85
16356,14713,2026-06-13,Credit Card,Paid,48498.05
16357,19390,2026-06-13,Debit Card,Paid,5087.0
16358,10098,2026-06-13,Debit Card,Paid,98514.0
16359,21349,2026-06-13,Credit Card,Paid,3419.1
16360,6807,2026-06-13,UPI,Paid,25346.25
16361,21275,2026-06-13,Debit Card,Paid,1397.0
16362,12817,2026-06-13,UPI,Paid,1220.25
16363,2758,2026-06-13,UPI,Paid,3475.8
16364,19025,2026-06-13,Debit Card,Paid,3626.4
16365,2813,2026-06-13,Cash on Delivery,Paid,6710.0
16366,21839,2026-06-13,Debit Card,Paid,3019.5
16367,15991,2026-06-13,UPI,Paid,10273.6
16368,7538,2026-06-13,Credit Card,Paid,48636.0
16369,11049,2026-06-13,UPI,Paid,12714.5
16370,649,2026-06-14,Cash on Delivery,Paid,50767.5
16371,21823,2026-06-14,Debit Card,Paid,1306.45
16372,13129,2026-06-14,Cash on Delivery,Paid,39421.2
16373,8529,2026-06-14,Debit Card,Paid,74896.5
16374,1896,2026-06-14,Credit Card,Paid,6524.9
16375,19152,2026-06-14,Debit Card,Paid,6726.6
16376,2395,2026-06-14,Credit Card,Paid,68109.3
16377,15842,2026-06-14,Net Banking,Paid,8634.35
16378,15738,2026-06-14,UPI,Paid,5665.5
16379,6436,2026-06-14,Cash on Delivery,Paid,37567.8
16380,15330,2026-06-14,UPI,Paid,22295.0
16381,11589,2026-06-14,UPI,Paid,97298.9
16382,12719,2026-06-14,UPI,Paid,56276.8
16383,18497,2026-06-14,UPI,Paid,17179.4
16384,11704,2026-06-14,UPI,Paid,35825.4
16385,17,2026-06-14,Debit Card,Paid,42070.0
16386,11602,2026-06-14,Credit Card,Paid,151845.3
16387,12390,2026-06-15,UPI,Paid,15215.3
16388,6908,2026-06-15,Credit Card,Paid,14133.0
16389,20654,2026-06-15,Cash on Delivery,Paid,16803.0
16390,15552,2026-06-15,UPI,Paid,45646.6
16391,20307,2026-06-15,UPI,Paid,82400.05
16392,23652,2026-06-15,UPI,Paid,4079.7
16393,21345,2026-06-15,UPI,Paid,706.35
16394,17633,2026-06-15,UPI,Paid,176476.15
16395,15421,2026-06-15,Net Banking,Paid,24393.9
16396,6116,2026-06-15,Debit Card,Paid,237.0
16397,22370,2026-06-15,UPI,Paid,214719.9
16398,8783,2026-06-15,UPI,Paid,19083.6
16399,10457,2026-06-15,UPI,Paid,22773.6
16400,920,2026-06-16,Cash on Delivery,Paid,48984.1
16401,13178,2026-06-16,Cash on Delivery,Paid,53838.25
16402,9163,2026-06-16,Net Banking,Paid,4476.9
16403,19196,2026-06-16,UPI,Paid,23418.0
16404,5317,2026-06-16,Debit Card,Paid,1031.7
16405,9095,2026-06-16,UPI,Paid,2250.0
16406,21111,2026-06-16,Cash on Delivery,Paid,977.9
16407,1128,2026-06-16,Credit Card,Paid,260777.5
16408,3927,2026-06-16,UPI,Paid,33845.0
16409,20081,2026-06-16,Net Banking,Paid,72345.75
16410,11341,2026-06-16,UPI,Paid,12996.6
16411,8280,2026-06-16,UPI,Paid,87698.8
16412,980,2026-06-16,Net Banking,Paid,30706.8
16413,21361,2026-06-16,Credit Card,Paid,23797.5
16414,21868,2026-06-17,Cash on Delivery,Paid,2500.0
16415,5615,2026-06-17,Cash on Delivery,Paid,3399.75
16416,19022,2026-06-17,UPI,Paid,50483.1
16417,380,2026-06-17,Credit Card,Paid,28273.5
16418,15159,2026-06-17,UPI,Paid,142643.6
16419,17635,2026-06-17,Credit Card,Paid,34923.2
16420,994,2026-06-17,UPI,Paid,8249.6
16421,6180,2026-06-17,Net Banking,Paid,10708.45
16422,9845,2026-06-17,UPI,Paid,1665.6
16423,22617,2026-06-17,UPI,Paid,16709.4
16424,10571,2026-06-17,UPI,Paid,13900.8
16425,12972,2026-06-17,Debit Card,Paid,206082.0
16426,12782,2026-06-18,Credit Card,Paid,13614.0
16427,3640,2026-06-18,UPI,Paid,3297.7
16428,19703,2026-06-18,Net Banking,Paid,12650.5
16429,18460,2026-06-18,UPI,Paid,12996.2
16430,7469,2026-06-18,UPI,Paid,115157.8
16431,22529,2026-06-18,Credit Card,Paid,3806.4
16432,17275,2026-06-18,UPI,Paid,84447.0
16433,5005,2026-06-18,Credit Card,Paid,981.6
16434,23694,2026-06-18,Credit Card,Paid,3867.0
16435,17583,2026-06-18,Credit Card,Paid,34743.35
16436,4512,2026-06-18,Credit Card,Paid,9584.6
16437,16148,2026-06-18,UPI,Paid,4711.0
16438,2270,2026-06-18,Credit Card,Paid,115138.65
16439,15241,2026-06-18,UPI,Paid,45400.9
16440,11401,2026-06-18,UPI,Paid,4363.05
16441,526,2026-06-18,UPI,Paid,7252.3
16442,10265,2026-06-18,Credit Card,Paid,5794.45
16443,438,2026-06-18,Credit Card,Paid,8110.15
16444,23931,2026-06-19,UPI,Paid,95189.45
16445,2171,2026-06-19,UPI,Paid,9126.4
16446,14670,2026-06-19,UPI,Paid,4296.0
16447,5649,2026-06-19,UPI,Paid,32581.4
16448,18227,2026-06-19,Debit Card,Paid,169863.15
16449,16905,2026-06-19,Credit Card,Paid,110251.55
16450,6440,2026-06-19,Cash on Delivery,Paid,3410.0
16451,8149,2026-06-19,Net Banking,Paid,12871.8
16452,23401,2026-06-19,UPI,Paid,16408.15
16453,1527,2026-06-19,Net Banking,Paid,1250.0
16454,11219,2026-06-19,UPI,Paid,12839.5
16455,13877,2026-06-19,UPI,Paid,21863.7
16456,8010,2026-06-19,Credit Card,Paid,38151.4
16457,20635,2026-06-19,Debit Card,Paid,8479.8
16458,4254,2026-06-19,UPI,Paid,5979.2
16459,17325,2026-06-19,Cash on Delivery,Paid,7473.6
16460,14575,2026-06-19,Debit Card,Paid,17806.9
16461,6031,2026-06-19,UPI,Paid,252252.4
16462,9531,2026-06-19,UPI,Paid,1907.4
16463,17305,2026-06-19,UPI,Paid,71823.45
16464,11547,2026-06-19,UPI,Paid,9572.3
16465,4560,2026-06-19,UPI,Paid,3093.6
16466,17075,2026-06-19,UPI,Paid,30045.4
16467,8381,2026-06-20,UPI,Paid,80471.25
16468,18481,2026-06-20,Cash on Delivery,Paid,20799.0
16469,18984,2026-06-20,Debit Card,Paid,70117.6
16470,12655,2026-06-20,UPI,Paid,40175.1
16471,6306,2026-06-20,Credit Card,Paid,17225.4
16472,10395,2026-06-20,UPI,Paid,69535.0
16473,16816,2026-06-20,Net Banking,Paid,55120.8
16474,18698,2026-06-20,Debit Card,Paid,6663.6
16475,6572,2026-06-20,UPI,Paid,200251.85
16476,20064,2026-06-20,UPI,Paid,30315.25
16477,14752,2026-06-20,UPI,Paid,13725.45
16478,20931,2026-06-20,Net Banking,Paid,16735.2
16479,9906,2026-06-20,UPI,Paid,11735.5
16480,22919,2026-06-20,Credit Card,Paid,6135.3
16481,4116,2026-06-20,UPI,Paid,95396.35
16482,22672,2026-06-20,Credit Card,Paid,15518.9
16483,23758,2026-06-20,Debit Card,Paid,26497.4
16484,23480,2026-06-20,Net Banking,Paid,35026.65
16485,16800,2026-06-20,Cash on Delivery,Paid,480.25
16486,3748,2026-06-20,Cash on Delivery,Paid,144031.5
16487,22652,2026-06-20,Credit Card,Paid,7256.45
16488,21021,2026-06-20,UPI,Paid,49656.0
16489,21298,2026-06-20,UPI,Paid,10141.15
16490,14936,2026-06-20,Net Banking,Paid,12199.9
16491,4227,2026-06-20,Cash on Delivery,Paid,191215.7
16492,20407,2026-06-20,Cash on Delivery,Paid,7084.8
16493,1717,2026-06-20,Debit Card,Paid,9079.2
16494,5630,2026-06-20,Credit Card,Paid,30802.8
16495,2042,2026-06-20,Credit Card,Paid,16260.25
16496,3560,2026-06-21,UPI,Paid,18637.4
16497,17320,2026-06-21,Debit Card,Paid,4004.35
16498,11750,2026-06-21,Debit Card,Paid,132418.4
16499,21832,2026-06-21,UPI,Paid,7553.0
16500,2638,2026-06-21,Cash on Delivery,Paid,2739.0
16501,17555,2026-06-21,Cash on Delivery,Paid,19029.15
16502,3674,2026-06-21,Debit Card,Paid,1848.0
16503,9424,2026-06-21,Cash on Delivery,Paid,6135.3
16504,19888,2026-06-21,Cash on Delivery,Paid,84997.4
16505,14863,2026-06-21,UPI,Paid,2085.9
16506,15875,2026-06-21,Net Banking,Paid,3626.15
16507,4060,2026-06-21,Cash on Delivery,Paid,44639.0
16508,18849,2026-06-21,Credit Card,Paid,6726.6
16509,21975,2026-06-21,UPI,Paid,33561.0
16510,21898,2026-06-21,Net Banking,Paid,7689.3
16511,9167,2026-06-21,Net Banking,Paid,45543.9
16512,7602,2026-06-21,Debit Card,Paid,95689.25
16513,8523,2026-06-21,UPI,Paid,3554.0
16514,6761,2026-06-21,Credit Card,Paid,132292.8
16515,16548,2026-06-21,Debit Card,Paid,26251.4
16516,7979,2026-06-21,Credit Card,Paid,19685.2
16517,12161,2026-06-21,Cash on Delivery,Paid,4711.0
16518,14086,2026-06-21,Credit Card,Paid,23385.95
16519,19037,2026-06-21,Debit Card,Paid,73337.9
16520,8351,2026-06-21,UPI,Paid,1795.2
16521,24636,2026-06-22,Debit Card,Paid,13865.4
16522,15240,2026-06-22,UPI,Paid,77027.0
16523,4139,2026-06-22,UPI,Paid,7819.2
16524,8773,2026-06-22,UPI,Paid,84764.4
16525,21330,2026-06-22,Debit Card,Paid,5133.0
16526,20885,2026-06-22,UPI,Paid,8088.0
16527,24030,2026-06-22,Debit Card,Paid,6820.0
16528,14550,2026-06-22,Credit Card,Paid,11781.4
16529,14077,2026-06-22,Credit Card,Paid,6888.7
16530,3761,2026-06-22,Debit Card,Paid,9631.5
16531,1244,2026-06-22,Cash on Delivery,Paid,10712.2
16532,6421,2026-06-22,Cash on Delivery,Paid,45146.4
16533,15222,2026-06-22,UPI,Paid,87848.0
16534,12915,2026-06-22,Cash on Delivery,Paid,58544.6
16535,9765,2026-06-22,Credit Card,Paid,130695.3
16536,17243,2026-06-23,Cash on Delivery,Paid,2244.0
16537,24807,2026-06-23,UPI,Paid,50077.55
16538,7286,2026-06-23,UPI,Paid,38669.95
16539,8,2026-06-23,UPI,Paid,114172.5
16540,17071,2026-06-23,Cash on Delivery,Paid,41026.0
16541,11969,2026-06-23,Cash on Delivery,Paid,43908.4
16542,18829,2026-06-23,Cash on Delivery,Paid,56960.1
16543,24863,2026-06-23,UPI,Paid,63540.75
16544,14471,2026-06-23,Debit Card,Paid,24876.5
16545,17577,2026-06-23,Credit Card,Paid,21069.0
16546,22970,2026-06-23,Cash on Delivery,Paid,86236.35
16547,8021,2026-06-23,UPI,Paid,12199.9
16548,11480,2026-06-23,Debit Card,Paid,3601.8
16549,20814,2026-06-23,Net Banking,Paid,6710.0
16550,7608,2026-06-23,Cash on Delivery,Paid,12104.0
16551,880,2026-06-24,UPI,Paid,26483.2
16552,5903,2026-06-24,UPI,Paid,1229.6
16553,7923,2026-06-24,Cash on Delivery,Paid,13522.5
16554,23972,2026-06-24,UPI,Paid,25525.4
16555,7161,2026-06-24,Debit Card,Paid,18721.2
16556,3536,2026-06-24,UPI,Paid,3530.25
16557,7559,2026-06-24,UPI,Paid,44590.0
16558,15674,2026-06-24,Credit Card,Paid,13780.1
16559,3027,2026-06-24,Cash on Delivery,Paid,9099.0
16560,4725,2026-06-24,Net Banking,Paid,6279.15
16561,19555,2026-06-24,UPI,Paid,12155.25
16562,1417,2026-06-24,UPI,Paid,3053.2
16563,10502,2026-06-24,Cash on Delivery,Paid,5456.0
16564,2430,2026-06-24,Net Banking,Paid,2684.0
16565,5109,2026-06-24,Debit Card,Paid,4306.35
16566,10067,2026-06-24,Net Banking,Paid,52506.45
16567,13543,2026-06-25,UPI,Paid,24887.0
16568,23434,2026-06-25,UPI,Paid,49103.5
16569,5364,2026-06-25,Cash on Delivery,Paid,9126.4
16570,13435,2026-06-25,Debit Card,Paid,25589.2
16571,21907,2026-06-25,Net Banking,Paid,21923.4
16572,20290,2026-06-25,Credit Card,Paid,14862.3
16573,19434,2026-06-25,Net Banking,Paid,161442.1
16574,24461,2026-06-25,Debit Card,Paid,23110.0
16575,1494,2026-06-25,UPI,Paid,149250.0
16576,7211,2026-06-25,Credit Card,Paid,5350.75
16577,9455,2026-06-25,UPI,Paid,1257.3
16578,7208,2026-06-25,Debit Card,Paid,10399.5
16579,8571,2026-06-25,Credit Card,Paid,1537.0
16580,20592,2026-06-25,UPI,Paid,45576.3
16581,4781,2026-06-25,UPI,Paid,3609.05
16582,10049,2026-06-25,UPI,Paid,7100.3
16583,24307,2026-06-25,Credit Card,Paid,10835.75
16584,19477,2026-06-25,Debit Card,Paid,55662.5
16585,22413,2026-06-25,UPI,Paid,1955.8
16586,10275,2026-06-25,Cash on Delivery,Paid,332.0
16587,22631,2026-06-25,Cash on Delivery,Paid,21180.25
16588,18876,2026-06-25,Credit Card,Paid,42407.05
16589,23176,2026-06-25,UPI,Paid,42477.0
16590,16630,2026-06-26,Cash on Delivery,Paid,66885.0
16591,7877,2026-06-26,Debit Card,Paid,85326.0
16592,23291,2026-06-26,UPI,Paid,6395.4
16593,16876,2026-06-26,Credit Card,Paid,2235.2
16594,871,2026-06-26,Cash on Delivery,Paid,11575.3
16595,9164,2026-06-26,Credit Card,Paid,138331.8
16596,19541,2026-06-26,UPI,Paid,215933.8
16597,16370,2026-06-26,Debit Card,Paid,47382.0
16598,22961,2026-06-26,Credit Card,Paid,77360.0
16599,1932,2026-06-26,Credit Card,Paid,103356.7
16600,12491,2026-06-26,Credit Card,Paid,6232.5
16601,5100,2026-06-26,Credit Card,Paid,58501.65
16602,4495,2026-06-26,Credit Card,Paid,90247.9
16603,23478,2026-06-26,UPI,Paid,3330.6
16604,14410,2026-06-27,Debit Card,Paid,40879.55
16605,16670,2026-06-27,Cash on Delivery,Paid,14948.0
16606,10968,2026-06-27,Cash on Delivery,Paid,6870.6
16607,23940,2026-06-27,Net Banking,Paid,123253.3
16608,15193,2026-06-27,Cash on Delivery,Paid,94536.0
16609,9511,2026-06-27,UPI,Paid,73613.9
16610,12738,2026-06-27,UPI,Paid,85585.05
16611,3943,2026-06-27,UPI,Paid,16465.8
16612,23995,2026-06-27,UPI,Paid,40274.7
16613,9983,2026-06-27,Cash on Delivery,Paid,34429.0
16614,9400,2026-06-27,Cash on Delivery,Paid,32793.75
16615,11649,2026-06-27,Cash on Delivery,Paid,4239.9
16616,479,2026-06-27,Credit Card,Paid,20210.95
16617,2043,2026-06-27,UPI,Paid,11783.05
16618,8906,2026-06-27,Cash on Delivery,Paid,25952.4
16619,20019,2026-06-27,Debit Card,Paid,7203.6
16620,16665,2026-06-27,Debit Card,Paid,23069.0
16621,6532,2026-06-28,Credit Card,Paid,17550.0
16622,22885,2026-06-28,Net Banking,Paid,12846.2
16623,17840,2026-06-28,Credit Card,Paid,137388.0
16624,1799,2026-06-28,UPI,Paid,93954.35
16625,3797,2026-06-28,Credit Card,Paid,159049.0
16626,20079,2026-06-28,Credit Card,Paid,11832.1
16627,21524,2026-06-28,Cash on Delivery,Paid,7777.95
16628,24932,2026-06-28,Credit Card,Paid,134765.1
16629,18970,2026-06-29,Debit Card,Paid,25102.8
16630,13554,2026-06-29,Net Banking,Paid,141915.6
16631,10641,2026-06-29,UPI,Paid,71381.1
16632,8595,2026-06-29,UPI,Paid,7013.25
16633,10715,2026-06-29,UPI,Paid,13924.5
16634,5656,2026-06-29,Credit Card,Paid,55321.35
16635,16312,2026-06-29,UPI,Paid,33167.4
16636,8088,2026-06-29,Debit Card,Paid,82366.55
16637,4674,2026-06-29,Cash on Delivery,Paid,20748.0
16638,8833,2026-06-29,UPI,Paid,7703.4
16639,12128,2026-06-29,Credit Card,Paid,263.15
16640,15130,2026-06-29,UPI,Paid,11066.4
16641,6398,2026-06-29,Cash on Delivery,Paid,20240.2
16642,3196,2026-06-29,Cash on Delivery,Paid,50608.0
16643,20443,2026-06-29,Debit Card,Paid,1545.65
16644,3782,2026-06-29,UPI,Paid,78376.4
16645,22770,2026-06-29,Cash on Delivery,Paid,12842.0
16646,10463,2026-06-29,Credit Card,Paid,54344.1
16647,10628,2026-06-29,Cash on Delivery,Paid,10040.2
16648,10784,2026-06-30,UPI,Paid,67624.2
16649,14677,2026-06-30,Credit Card,Paid,52966.4
16650,18500,2026-06-30,Net Banking,Paid,24384.35
16651,99,2026-06-30,UPI,Paid,28562.8
16652,17818,2026-06-30,UPI,Paid,1907.4
16653,16939,2026-06-30,Credit Card,Paid,96665.6
16654,3022,2026-06-30,UPI,Paid,11958.4
16655,12319,2026-06-30,Cash on Delivery,Paid,9104.4
16656,15282,2026-06-30,UPI,Paid,1397.0
16657,9462,2026-06-30,Credit Card,Paid,44062.25
16658,11806,2026-06-30,Credit Card,Paid,1306.45
16659,255,2026-06-30,Debit Card,Paid,244199.1
16660,3681,2026-06-30,Net Banking,Paid,5794.45
16661,10461,2026-06-30,Credit Card,Paid,3128.85
16662,17796,2026-06-30,UPI,Paid,63226.0
16663,19980,2026-06-30,UPI,Paid,94764.0
16664,13869,2026-06-30,UPI,Paid,126862.5
16665,20750,2026-06-30,UPI,Paid,40698.55
16666,11532,2026-07-01,Debit Card,Paid,4774.0
16667,22717,2026-07-01,UPI,Paid,4039.2
16668,5229,2026-07-01,Debit Card,Paid,4876.35
16669,20887,2026-07-01,Credit Card,Paid,19871.25
16670,12232,2026-07-01,UPI,Paid,1460.15
16671,13011,2026-07-01,Net Banking,Paid,263.15
16672,17649,2026-07-01,Net Banking,Paid,2607.0
16673,9002,2026-07-01,UPI,Paid,5126.25
16674,5982,2026-07-01,Cash on Delivery,Paid,21552.6
16675,5802,2026-07-01,Cash on Delivery,Paid,7474.0
16676,24446,2026-07-01,Cash on Delivery,Paid,1839.6
16677,23633,2026-07-01,Cash on Delivery,Paid,10354.3
16678,15746,2026-07-01,Credit Card,Paid,5584.0
16679,2040,2026-07-01,UPI,Paid,9930.45
16680,15714,2026-07-01,Cash on Delivery,Paid,5453.6
16681,6052,2026-07-01,UPI,Paid,10399.5
16682,4923,2026-07-01,UPI,Paid,21450.0
16683,11490,2026-07-01,UPI,Paid,111163.35
16684,19846,2026-07-01,Cash on Delivery,Paid,6962.25
16685,1702,2026-07-01,Cash on Delivery,Paid,48526.8
16686,16261,2026-07-01,Credit Card,Paid,2560.5
16687,5171,2026-07-01,Net Banking,Paid,40175.1
16688,11476,2026-07-01,Cash on Delivery,Paid,14635.7
16689,2846,2026-07-01,Cash on Delivery,Paid,11132.6
16690,3594,2026-07-01,Credit Card,Paid,7196.1
16691,14654,2026-07-01,UPI,Paid,9508.5
16692,9306,2026-07-01,Credit Card,Paid,11795.8
16693,8111,2026-07-01,Net Banking,Paid,46974.15
16694,10337,2026-07-02,UPI,Paid,6743.7
16695,4743,2026-07-02,Credit Card,Paid,50625.05
16696,17327,2026-07-02,Cash on Delivery,Paid,7479.5
16697,22758,2026-07-02,Credit Card,Paid,54955.2
16698,20428,2026-07-02,Net Banking,Paid,20379.6
16699,8594,2026-07-02,Credit Card,Paid,2464.0
16700,22032,2026-07-02,Debit Card,Paid,9414.0
16701,23759,2026-07-02,Debit Card,Paid,108633.35
16702,8157,2026-07-02,UPI,Paid,78727.35
16703,15320,2026-07-02,UPI,Paid,415.5
16704,6272,2026-07-02,UPI,Paid,6295.0
16705,3896,2026-07-02,Cash on Delivery,Paid,4630.5
16706,5752,2026-07-02,UPI,Paid,43661.45
16707,11986,2026-07-02,Debit Card,Paid,9283.0
16708,7816,2026-07-02,Debit Card,Paid,53424.2
16709,6639,2026-07-02,Credit Card,Paid,3039.2
16710,10917,2026-07-02,Debit Card,Paid,5453.6
16711,10751,2026-07-02,UPI,Paid,31902.65
16712,13293,2026-07-02,Debit Card,Paid,35112.6
16713,8953,2026-07-02,Credit Card,Paid,37445.2
16714,14997,2026-07-03,Credit Card,Paid,3069.0
16715,19500,2026-07-03,Credit Card,Paid,75331.1
16716,6782,2026-07-03,Cash on Delivery,Paid,5979.15
16717,19160,2026-07-03,UPI,Paid,6107.2
16718,24153,2026-07-03,Credit Card,Paid,8445.6
16719,14101,2026-07-03,Credit Card,Paid,28401.2
16720,20036,2026-07-03,Credit Card,Paid,39806.0
16721,10352,2026-07-03,Credit Card,Paid,4004.35
16722,9659,2026-07-03,Cash on Delivery,Paid,26357.95
16723,16139,2026-07-03,UPI,Paid,86798.05
16724,14272,2026-07-03,Debit Card,Paid,16507.2
16725,575,2026-07-03,UPI,Paid,60843.6
16726,16930,2026-07-03,UPI,Paid,1651.1
16727,21255,2026-07-03,UPI,Paid,6925.0
16728,9609,2026-07-03,UPI,Paid,6275.7
16729,13005,2026-07-03,Cash on Delivery,Paid,111189.9
16730,2683,2026-07-03,Credit Card,Paid,80549.4
16731,12929,2026-07-04,Credit Card,Paid,4004.35
16732,23084,2026-07-04,Debit Card,Paid,7449.3
16733,20087,2026-07-04,Debit Card,Paid,56302.05
16734,20398,2026-07-04,Debit Card,Paid,79058.65
16735,20163,2026-07-04,Cash on Delivery,Paid,14377.15
16736,11971,2026-07-04,Net Banking,Paid,70893.75
16737,6175,2026-07-04,UPI,Paid,3050.0
16738,21872,2026-07-04,UPI,Paid,57582.4
16739,10268,2026-07-04,Credit Card,Paid,85370.5
16740,16389,2026-07-04,Cash on Delivery,Paid,8159.4
16741,5314,2026-07-04,UPI,Paid,461.55
16742,2999,2026-07-04,Cash on Delivery,Paid,25042.65
16743,1856,2026-07-04,UPI,Paid,24886.0
16744,13080,2026-07-04,UPI,Paid,4015.2
16745,1938,2026-07-04,UPI,Paid,11354.6
16746,16178,2026-07-05,Debit Card,Paid,42643.8
16747,16903,2026-07-05,Credit Card,Paid,6352.9
16748,19890,2026-07-05,Credit Card,Paid,2568.6
16749,9924,2026-07-05,Debit Card,Paid,134325.0
16750,17312,2026-07-05,UPI,Paid,146735.5
16751,14290,2026-07-05,Debit Card,Paid,5787.65
16752,1630,2026-07-05,UPI,Paid,61241.4
16753,13823,2026-07-05,Net Banking,Paid,35536.5
16754,11371,2026-07-05,UPI,Paid,8899.8
16755,18948,2026-07-05,Debit Card,Paid,168355.25
16756,21675,2026-07-05,Credit Card,Paid,163597.35
16757,17136,2026-07-05,UPI,Paid,2094.4
16758,16916,2026-07-05,Credit Card,Paid,13659.2
16759,911,2026-07-05,Credit Card,Paid,87094.6
16760,18534,2026-07-05,Credit Card,Paid,1397.0
16761,6128,2026-07-05,UPI,Paid,4263.6
16762,13847,2026-07-05,Cash on Delivery,Paid,81600.45
16763,24439,2026-07-05,Debit Card,Paid,30032.35
16764,16075,2026-07-05,UPI,Paid,28532.0
16765,14010,2026-07-05,UPI,Paid,20114.5
16766,10393,2026-07-06,Debit Card,Paid,29625.45
16767,7075,2026-07-06,UPI,Paid,7066.5
16768,17495,2026-07-06,UPI,Paid,20799.0
16769,17942,2026-07-06,Credit Card,Paid,11681.7
16770,9032,2026-07-06,Cash on Delivery,Paid,5133.0
16771,2639,2026-07-06,UPI,Paid,5087.0
16772,7926,2026-07-06,Cash on Delivery,Paid,88985.3
16773,5081,2026-07-06,Net Banking,Paid,185020.6
16774,10630,2026-07-06,UPI,Paid,123221.4
16775,20272,2026-07-06,Credit Card,Paid,83055.6
16776,16250,2026-07-06,UPI,Paid,13850.85
16777,8338,2026-07-06,UPI,Paid,3696.0
16778,4184,2026-07-06,UPI,Paid,7031.8
16779,11485,2026-07-06,Credit Card,Paid,86159.0
16780,1652,2026-07-06,Debit Card,Paid,21993.65
16781,18860,2026-07-06,Credit Card,Paid,36123.5
16782,22548,2026-07-06,Net Banking,Paid,11451.0
16783,19287,2026-07-07,Credit Card,Paid,71074.5
16784,2312,2026-07-07,UPI,Paid,8205.0
16785,18991,2026-07-07,Debit Card,Paid,8749.8
16786,6556,2026-07-07,Cash on Delivery,Paid,221.6
16787,10162,2026-07-07,Credit Card,Paid,62803.7
16788,19809,2026-07-07,Cash on Delivery,Paid,1703.4
16789,16294,2026-07-07,Credit Card,Paid,25780.0
16790,2132,2026-07-07,UPI,Paid,1306.45
16791,7134,2026-07-07,UPI,Paid,35672.0
16792,338,2026-07-07,Cash on Delivery,Paid,56322.0
16793,22016,2026-07-07,Debit Card,Paid,8262.75
16794,16039,2026-07-07,UPI,Paid,10712.2
16795,21166,2026-07-07,Cash on Delivery,Paid,10242.0
16796,10241,2026-07-07,UPI,Paid,16904.0
16797,3942,2026-07-07,Debit Card,Paid,165398.45
16798,16924,2026-07-07,UPI,Paid,39735.35
16799,12266,2026-07-07,Credit Card,Paid,57148.05
16800,2777,2026-07-07,UPI,Paid,3801.9
16801,8406,2026-07-07,Credit Card,Paid,55968.75
16802,9008,2026-07-07,UPI,Paid,32534.4
16803,20106,2026-07-07,Net Banking,Paid,2766.6
16804,13728,2026-07-07,UPI,Paid,26613.4
16805,8035,2026-07-07,Cash on Delivery,Paid,158120.3
16806,11748,2026-07-07,UPI,Paid,10181.8
16807,13830,2026-07-08,Credit Card,Paid,6803.4
16808,18050,2026-07-08,UPI,Paid,332919.2
16809,16661,2026-07-08,Credit Card,Paid,8263.7
16810,16734,2026-07-08,Credit Card,Paid,33100.2
16811,13626,2026-07-08,UPI,Paid,77260.7
16812,13577,2026-07-08,UPI,Paid,28532.0
16813,21099,2026-07-08,UPI,Paid,7035.2
16814,11741,2026-07-08,Credit Card,Paid,2665.5
16815,21328,2026-07-08,UPI,Paid,10112.2
16816,24455,2026-07-08,Cash on Delivery,Paid,132659.5
16817,10294,2026-07-08,UPI,Paid,6865.6
16818,22347,2026-07-09,Credit Card,Paid,16709.4
16819,16337,2026-07-09,Cash on Delivery,Paid,55227.15
16820,6682,2026-07-09,Debit Card,Paid,135527.0
16821,19425,2026-07-09,UPI,Paid,81391.5
16822,24489,2026-07-09,UPI,Paid,52011.0
16823,17157,2026-07-09,Debit Card,Paid,3412.0
16824,15441,2026-07-09,UPI,Paid,6448.8
16825,9807,2026-07-09,Credit Card,Paid,14948.0
16826,1194,2026-07-09,Debit Card,Paid,221.6
16827,10508,2026-07-09,Cash on Delivery,Paid,3806.4
16828,4239,2026-07-09,Debit Card,Paid,11628.4
16829,10136,2026-07-09,Debit Card,Paid,10645.0
16830,15831,2026-07-09,Debit Card,Paid,30421.8
16831,17351,2026-07-09,Credit Card,Paid,13332.55
16832,9196,2026-07-09,UPI,Paid,1421.6
16833,24189,2026-07-09,Debit Card,Paid,99457.4
16834,12971,2026-07-09,Credit Card,Paid,91186.6
16835,17625,2026-07-09,Net Banking,Paid,20798.0
16836,6217,2026-07-09,Cash on Delivery,Paid,63470.0
16837,1243,2026-07-10,UPI,Paid,5787.65
16838,18358,2026-07-10,Debit Card,Paid,129836.05
16839,12370,2026-07-10,Credit Card,Paid,17901.8
16840,8949,2026-07-10,UPI,Paid,3406.8
16841,6700,2026-07-10,Cash on Delivery,Paid,1165.65
16842,12404,2026-07-10,UPI,Paid,18703.2
16843,18897,2026-07-10,UPI,Paid,120402.0
16844,1180,2026-07-10,Cash on Delivery,Paid,810.0
16845,1285,2026-07-10,Debit Card,Paid,77975.5
16846,19904,2026-07-10,UPI,Paid,48342.5
16847,11781,2026-07-10,Cash on Delivery,Paid,46040.35
16848,44,2026-07-10,Cash on Delivery,Paid,45547.2
16849,24633,2026-07-10,Cash on Delivery,Paid,37346.4
16850,5508,2026-07-10,UPI,Paid,7904.25
16851,5823,2026-07-10,Debit Card,Paid,40459.0
16852,14056,2026-07-10,Credit Card,Paid,89042.4
16853,19663,2026-07-10,UPI,Paid,53419.3
16854,3901,2026-07-10,UPI,Paid,8473.65
16855,14582,2026-07-10,Net Banking,Paid,12004.2
16856,7659,2026-07-10,UPI,Paid,151400.8
16857,12562,2026-07-10,Cash on Delivery,Paid,92280.6
16858,2438,2026-07-10,Debit Card,Paid,297498.1
16859,24626,2026-07-11,Cash on Delivery,Paid,69585.6
16860,15858,2026-07-11,Cash on Delivery,Paid,63431.25
16861,17864,2026-07-11,UPI,Paid,51724.6
16862,12240,2026-07-11,Credit Card,Paid,47464.25
16863,14626,2026-07-11,UPI,Paid,42340.55
16864,8401,2026-07-11,UPI,Paid,3039.2
16865,22202,2026-07-11,Credit Card,Paid,374483.0
16866,9411,2026-07-11,UPI,Paid,6448.8
16867,8142,2026-07-11,Debit Card,Paid,10424.35
16868,1114,2026-07-11,Credit Card,Paid,41970.6
16869,22436,2026-07-11,UPI,Paid,73753.2
16870,9399,2026-07-11,Debit Card,Paid,25102.8
16871,24632,2026-07-11,UPI,Paid,4286.7
16872,16362,2026-07-11,Credit Card,Paid,50964.3
16873,419,2026-07-11,UPI,Paid,29793.6
16874,6187,2026-07-11,UPI,Paid,149562.0
16875,1148,2026-07-11,UPI,Paid,34258.25
16876,18380,2026-07-11,Cash on Delivery,Paid,9174.2
16877,13899,2026-07-11,UPI,Paid,67467.95
16878,23593,2026-07-11,UPI,Paid,74857.7
16879,3031,2026-07-11,Net Banking,Paid,19107.85
16880,15915,2026-07-11,Credit Card,Paid,6151.5
16881,4486,2026-07-11,Credit Card,Paid,116048.4
16882,18822,2026-07-11,Cash on Delivery,Paid,214217.0
16883,6776,2026-07-12,UPI,Paid,37905.6
16884,20097,2026-07-12,UPI,Paid,1460.15
16885,6825,2026-07-12,Debit Card,Paid,27373.65
16886,544,2026-07-12,Net Banking,Paid,3401.7
16887,8087,2026-07-12,Cash on Delivery,Paid,135038.7
16888,17115,2026-07-12,UPI,Paid,29793.6
16889,5254,2026-07-12,UPI,Paid,4517.1
16890,5107,2026-07-12,UPI,Paid,8030.4
16891,3616,2026-07-12,UPI,Paid,3170.25
16892,13863,2026-07-12,Cash on Delivery,Paid,15624.5
16893,8215,2026-07-12,Net Banking,Paid,6081.6
16894,4072,2026-07-12,Debit Card,Paid,7537.6
16895,14598,2026-07-12,Cash on Delivery,Paid,2244.0
16896,3039,2026-07-12,Debit Card,Paid,6468.55
16897,11275,2026-07-12,Cash on Delivery,Paid,85114.8
16898,13704,2026-07-12,Credit Card,Paid,5447.2
16899,16042,2026-07-12,Net Banking,Paid,46597.2
16900,2852,2026-07-12,Debit Card,Paid,61060.65
16901,15686,2026-07-12,Debit Card,Paid,53822.25
16902,5432,2026-07-12,UPI,Paid,7672.5
16903,18292,2026-07-12,Cash on Delivery,Paid,13545.6
16904,23695,2026-07-12,Credit Card,Paid,5578.4
16905,10404,2026-07-13,Credit Card,Paid,1062.5
16906,21930,2026-07-13,UPI,Paid,35392.0
16907,3787,2026-07-13,UPI,Paid,6493.25
16908,21092,2026-07-13,UPI,Paid,179874.0
16909,13729,2026-07-13,UPI,Paid,21686.6
16910,11788,2026-07-13,Credit Card,Paid,16256.4
16911,9071,2026-07-13,Credit Card,Paid,35954.8
16912,3551,2026-07-13,UPI,Paid,5087.0
16913,13632,2026-07-13,Credit Card,Paid,28348.1
16914,17764,2026-07-13,Credit Card,Paid,45233.75
16915,15184,2026-07-13,UPI,Paid,15354.9
16916,7184,2026-07-13,UPI,Paid,1212.95
16917,1795,2026-07-13,UPI,Paid,36800.7
16918,4803,2026-07-13,UPI,Paid,13791.6
16919,11624,2026-07-13,Debit Card,Paid,123340.25
16920,11526,2026-07-13,Credit Card,Paid,2331.4
16921,23656,2026-07-13,Debit Card,Paid,1510.45
16922,4992,2026-07-13,UPI,Paid,6851.85
16923,23351,2026-07-13,UPI,Paid,31542.25
16924,5443,2026-07-13,UPI,Paid,24069.45
16925,13397,2026-07-14,UPI,Paid,1184.4
16926,11520,2026-07-14,UPI,Paid,17963.7
16927,16858,2026-07-14,Debit Card,Paid,63431.25
16928,22840,2026-07-14,Debit Card,Paid,13683.9
16929,1753,2026-07-14,Cash on Delivery,Paid,8107.05
16930,16326,2026-07-14,Credit Card,Paid,3817.0
16931,20651,2026-07-14,UPI,Paid,79492.0
16932,17844,2026-07-14,Credit Card,Paid,5508.1
16933,21909,2026-07-14,Credit Card,Paid,461.55
16934,933,2026-07-14,UPI,Paid,11268.9
16935,13809,2026-07-15,UPI,Paid,83090.0
16936,22756,2026-07-15,Cash on Delivery,Paid,26615.2
16937,9826,2026-07-15,Credit Card,Paid,20799.0
16938,1819,2026-07-15,Debit Card,Paid,106393.5
16939,18739,2026-07-15,Cash on Delivery,Paid,4475.45
16940,8316,2026-07-15,Cash on Delivery,Paid,43913.05
16941,9679,2026-07-15,Debit Card,Paid,40682.7
16942,22991,2026-07-15,Debit Card,Paid,41887.2
16943,1068,2026-07-15,Cash on Delivery,Paid,23738.6
16944,11999,2026-07-15,Credit Card,Paid,58578.95
16945,11285,2026-07-15,UPI,Paid,22594.0
16946,5956,2026-07-15,UPI,Paid,11916.1
16947,3414,2026-07-15,UPI,Paid,151240.55
16948,24953,2026-07-15,Cash on Delivery,Paid,141679.95
16949,9413,2026-07-15,Cash on Delivery,Paid,49401.6
16950,3515,2026-07-15,UPI,Paid,2612.9
16951,16009,2026-07-15,Net Banking,Paid,6870.6
16952,14897,2026-07-16,Cash on Delivery,Paid,11329.5
16953,15787,2026-07-16,Credit Card,Paid,11681.2
16954,8897,2026-07-16,UPI,Paid,44521.2
16955,14610,2026-07-16,UPI,Paid,18702.0
16956,24958,2026-07-16,Debit Card,Paid,1397.0
16957,21396,2026-07-16,UPI,Paid,42378.9
16958,4079,2026-07-16,UPI,Paid,14512.9
16959,3581,2026-07-16,Debit Card,Paid,75888.6
16960,5476,2026-07-16,Debit Card,Paid,12263.0
16961,7057,2026-07-16,UPI,Paid,28141.6
16962,3936,2026-07-16,UPI,Paid,63768.4
16963,4325,2026-07-16,Credit Card,Paid,237.0
16964,4447,2026-07-17,Credit Card,Paid,8703.9
16965,7060,2026-07-17,UPI,Paid,53497.5
16966,15368,2026-07-17,Cash on Delivery,Paid,17208.25
16967,4602,2026-07-17,Credit Card,Paid,9222.0
16968,20013,2026-07-17,Cash on Delivery,Paid,86304.75
16969,3367,2026-07-17,UPI,Paid,85871.3
16970,947,2026-07-17,Credit Card,Paid,6402.75
16971,9862,2026-07-17,UPI,Paid,202186.6
16972,7519,2026-07-17,UPI,Paid,35825.4
16973,10308,2026-07-17,Credit Card,Paid,3278.3
16974,14417,2026-07-17,UPI,Paid,138058.4
16975,24511,2026-07-17,Debit Card,Paid,22212.0
16976,7441,2026-07-17,UPI,Paid,306040.0
16977,4541,2026-07-17,Net Banking,Paid,1253.75
16978,15577,2026-07-17,Cash on Delivery,Paid,67646.45
16979,5568,2026-07-17,Net Banking,Paid,90406.0
16980,22069,2026-07-17,Credit Card,Paid,1777.0
16981,5934,2026-07-17,UPI,Paid,4876.35
16982,2745,2026-07-17,Cash on Delivery,Paid,3375.0
16983,18405,2026-07-17,UPI,Paid,72324.8
16984,14761,2026-07-18,UPI,Paid,2023.5
16985,12466,2026-07-18,Credit Card,Paid,24318.0
16986,15246,2026-07-18,Cash on Delivery,Paid,543.0
16987,17427,2026-07-18,Credit Card,Paid,39806.0
16988,13711,2026-07-18,Cash on Delivery,Paid,22489.2
16989,20027,2026-07-18,UPI,Paid,36961.2
16990,972,2026-07-18,UPI,Paid,47825.4
16991,12572,2026-07-18,UPI,Paid,981.6
16992,8230,2026-07-18,UPI,Paid,28138.4
16993,11087,2026-07-18,UPI,Paid,247298.4
16994,11824,2026-07-18,UPI,Paid,37901.5
16995,883,2026-07-18,UPI,Paid,120448.7
16996,24703,2026-07-18,UPI,Paid,189.6
16997,24803,2026-07-18,UPI,Paid,100709.35
16998,13345,2026-07-18,Debit Card,Paid,59485.9
16999,23699,2026-07-18,Net Banking,Paid,11121.3
17000,20801,2026-07-18,UPI,Paid,3410.0
17001,14394,2026-07-18,Net Banking,Paid,18978.0
17002,16235,2026-07-18,Debit Card,Paid,81738.25
17003,22602,2026-07-18,UPI,Paid,6820.0
17004,1425,2026-07-18,Debit Card,Paid,72163.45
17005,16713,2026-07-18,Credit Card,Paid,50270.4
17006,10660,2026-07-19,UPI,Paid,49240.35
17007,17357,2026-07-19,UPI,Paid,4334.4
17008,21911,2026-07-19,UPI,Paid,5663.55
17009,7757,2026-07-19,Credit Card,Paid,48465.35
17010,7668,2026-07-19,UPI,Paid,40193.1
17011,18788,2026-07-19,Net Banking,Paid,203857.2
17012,3229,2026-07-19,UPI,Paid,54054.05
17013,18421,2026-07-19,UPI,Paid,26849.65
17014,19081,2026-07-19,Debit Card,Paid,855.0
17015,9352,2026-07-19,UPI,Paid,788.5
17016,8767,2026-07-19,Debit Card,Paid,4563.2
17017,1098,2026-07-19,Credit Card,Paid,34673.6
17018,9166,2026-07-19,UPI,Paid,8818.85
17019,4268,2026-07-19,Debit Card,Paid,53347.2
17020,16583,2026-07-19,Cash on Delivery,Paid,10687.6
17021,6975,2026-07-19,Debit Card,Paid,57782.8
17022,13197,2026-07-19,Credit Card,Paid,21420.0
17023,10643,2026-07-19,Net Banking,Paid,69122.1
17024,21247,2026-07-19,UPI,Paid,20578.8
17025,18175,2026-07-19,UPI,Paid,15225.0
17026,18923,2026-07-20,Cash on Delivery,Paid,12199.9
17027,22164,2026-07-20,UPI,Paid,127931.4
17028,10155,2026-07-20,Debit Card,Paid,18557.1
17029,23510,2026-07-20,UPI,Paid,15121.6
17030,23255,2026-07-20,UPI,Paid,33835.1
17031,17916,2026-07-20,Net Banking,Paid,51520.5
17032,7779,2026-07-20,Net Banking,Paid,7026.6
17033,17208,2026-07-20,Credit Card,Paid,135939.0
17034,17015,2026-07-20,UPI,Paid,2340.8
17035,5954,2026-07-20,Credit Card,Paid,8139.2
17036,2560,2026-07-20,Debit Card,Paid,16586.0
17037,6484,2026-07-20,UPI,Paid,66885.0
17038,9490,2026-07-20,UPI,Paid,15887.7
17039,3823,2026-07-20,UPI,Paid,5447.2
17040,12188,2026-07-20,Debit Card,Paid,141032.0
17041,15700,2026-07-20,Credit Card,Paid,22081.15
17042,6935,2026-07-20,UPI,Paid,4590.2
17043,7821,2026-07-20,Credit Card,Paid,16099.0
17044,21952,2026-07-20,Cash on Delivery,Paid,9722.0
17045,20115,2026-07-21,Cash on Delivery,Paid,86486.25
17046,9173,2026-07-21,UPI,Paid,64165.7
17047,10240,2026-07-21,UPI,Paid,4323.95
17048,21542,2026-07-21,Credit Card,Paid,71271.3
17049,6349,2026-07-21,Cash on Delivery,Paid,155260.0
17050,1790,2026-07-21,Credit Card,Paid,24646.5
17051,11601,2026-07-21,UPI,Paid,13190.8
17052,7711,2026-07-21,Cash on Delivery,Paid,41923.3
17053,13819,2026-07-21,Credit Card,Paid,223315.1
17054,10914,2026-07-21,Debit Card,Paid,11095.85
17055,15823,2026-07-21,Credit Card,Paid,45118.6
17056,9082,2026-07-21,Net Banking,Paid,45953.25
17057,12634,2026-07-21,UPI,Paid,78295.9
17058,12791,2026-07-21,Cash on Delivery,Paid,3560.6
17059,22435,2026-07-21,UPI,Paid,8253.6
17060,2581,2026-07-21,Debit Card,Paid,48051.0
17061,12037,2026-07-21,Net Banking,Paid,67804.5
17062,7058,2026-07-21,Cash on Delivery,Paid,101928.6
17063,19202,2026-07-21,Cash on Delivery,Paid,3817.0
17064,6193,2026-07-21,Debit Card,Paid,55095.0
17065,23403,2026-07-21,UPI,Paid,402.9
17066,13838,2026-07-21,Cash on Delivery,Paid,7404.0
17067,7803,2026-07-21,Cash on Delivery,Paid,171411.8
17068,10569,2026-07-22,Debit Card,Paid,14407.2
17069,4753,2026-07-22,Debit Card,Paid,5621.4
17070,11963,2026-07-22,Debit Card,Paid,3001.5
17071,5553,2026-07-22,UPI,Paid,11206.1
17072,13974,2026-07-22,Debit Card,Paid,87428.1
17073,22409,2026-07-22,Debit Card,Paid,30217.8
17074,2316,2026-07-22,Debit Card,Paid,14018.0
17075,21217,2026-07-22,UPI,Paid,5663.55
17076,2719,2026-07-22,Cash on Delivery,Paid,62005.4
17077,908,2026-07-22,Credit Card,Paid,195109.35
17078,13839,2026-07-22,UPI,Paid,27755.65
17079,20997,2026-07-22,Debit Card,Paid,8768.15
17080,19044,2026-07-22,UPI,Paid,142152.6
17081,19379,2026-07-22,Net Banking,Paid,8173.8
17082,15210,2026-07-22,UPI,Paid,9283.0
17083,12649,2026-07-22,Cash on Delivery,Paid,8052.0
17084,11617,2026-07-23,UPI,Paid,3747.6
17085,17735,2026-07-23,UPI,Paid,5147.1
17086,19318,2026-07-23,Net Banking,Paid,12306.0
17087,3034,2026-07-23,Credit Card,Paid,4239.9
17088,19317,2026-07-23,UPI,Paid,10997.55
17089,17637,2026-07-23,Debit Card,Paid,1383.3
17090,7296,2026-07-23,Debit Card,Paid,8104.6
17091,3472,2026-07-23,Debit Card,Paid,20256.65
17092,5767,2026-07-23,Net Banking,Paid,11575.3
17093,21592,2026-07-23,UPI,Paid,5133.0
17094,18838,2026-07-23,Cash on Delivery,Paid,13453.2
17095,4968,2026-07-23,UPI,Paid,59938.6
17096,7724,2026-07-23,UPI,Paid,14852.8
17097,492,2026-07-23,Credit Card,Paid,39706.1
17098,6974,2026-07-23,UPI,Paid,2428.2
17099,3275,2026-07-23,Credit Card,Paid,1427.0
17100,11189,2026-07-23,UPI,Paid,61180.5
17101,10523,2026-07-23,UPI,Paid,3626.15
17102,6428,2026-07-23,UPI,Paid,170229.6
17103,13916,2026-07-23,Credit Card,Paid,236204.05
17104,3005,2026-07-24,UPI,Paid,43498.8
17105,3976,2026-07-24,Debit Card,Paid,26295.6
17106,13979,2026-07-24,Net Banking,Paid,128889.25
17107,3106,2026-07-24,Credit Card,Paid,68547.85
17108,20815,2026-07-24,Credit Card,Paid,7491.9
17109,21848,2026-07-24,Credit Card,Paid,65259.3
17110,24497,2026-07-24,UPI,Paid,58207.45
17111,18625,2026-07-24,Credit Card,Paid,19851.05
17112,19635,2026-07-24,UPI,Paid,80323.85
17113,2539,2026-07-24,Credit Card,Paid,21651.85
17114,5078,2026-07-24,UPI,Paid,20799.0
17115,11706,2026-07-24,Credit Card,Paid,30815.25
17116,13241,2026-07-24,Net Banking,Paid,90406.0
17117,19861,2026-07-24,UPI,Paid,26132.85
17118,12819,2026-07-25,Debit Card,Paid,2728.0
17119,16850,2026-07-25,UPI,Paid,7902.05
17120,21864,2026-07-25,Credit Card,Paid,5652.0
17121,1698,2026-07-25,Credit Card,Paid,134325.0
17122,11342,2026-07-25,UPI,Paid,2131.8
17123,23350,2026-07-25,UPI,Paid,5798.0
17124,23237,2026-07-25,Credit Card,Paid,8584.7
17125,22734,2026-07-25,Debit Card,Paid,139674.0
17126,22764,2026-07-25,Cash on Delivery,Paid,22816.0
17127,19973,2026-07-25,Debit Card,Paid,14205.75
17128,9795,2026-07-25,Cash on Delivery,Paid,21180.25
17129,3749,2026-07-25,UPI,Paid,8263.7
17130,11529,2026-07-25,Cash on Delivery,Paid,18566.0
17131,9479,2026-07-25,UPI,Paid,277.0
17132,5436,2026-07-25,Cash on Delivery,Paid,10036.2
17133,8997,2026-07-25,Cash on Delivery,Paid,352.75
17134,9950,2026-07-26,UPI,Paid,10468.8
17135,8939,2026-07-26,Credit Card,Paid,27370.45
17136,12272,2026-07-26,UPI,Paid,85114.8
17137,2416,2026-07-26,Credit Card,Paid,19213.45
17138,14718,2026-07-26,Debit Card,Paid,21954.5
17139,14371,2026-07-26,Credit Card,Paid,62830.0
17140,9397,2026-07-26,UPI,Paid,58207.45
17141,13352,2026-07-26,UPI,Paid,3310.45
17142,23439,2026-07-26,UPI,Paid,221.6
17143,9394,2026-07-26,Net Banking,Paid,35825.4
17144,14434,2026-07-26,Debit Card,Paid,17690.3
17145,7227,2026-07-26,Cash on Delivery,Paid,69348.6
17146,12079,2026-07-26,UPI,Paid,4711.0
17147,19392,2026-07-26,UPI,Paid,4763.0
17148,17102,2026-07-26,UPI,Paid,15920.85
17149,14679,2026-07-26,Cash on Delivery,Paid,33534.15
17150,1764,2026-07-26,UPI,Paid,6261.6
17151,13579,2026-07-26,Cash on Delivery,Paid,68494.0
17152,7425,2026-07-26,UPI,Paid,6395.4
17153,2317,2026-07-26,Credit Card,Paid,6820.0
17154,17651,2026-07-27,Cash on Delivery,Paid,11265.6
17155,3604,2026-07-27,UPI,Paid,1138.9
17156,7825,2026-07-27,UPI,Paid,78935.5
17157,19129,2026-07-27,Credit Card,Paid,103274.4
17158,7621,2026-07-27,UPI,Paid,235194.95
17159,5490,2026-07-27,UPI,Paid,97123.4
17160,7601,2026-07-27,Net Banking,Paid,110742.8
17161,24565,2026-07-27,UPI,Paid,18741.0
17162,15715,2026-07-27,Credit Card,Paid,47032.85
17163,18195,2026-07-27,Cash on Delivery,Paid,23516.2
17164,11390,2026-07-27,Net Banking,Paid,70083.25
17165,7713,2026-07-27,Credit Card,Paid,31437.2
17166,1711,2026-07-27,UPI,Paid,18702.0
17167,2975,2026-07-28,Credit Card,Paid,3053.6
17168,13348,2026-07-28,Net Banking,Paid,3343.7
17169,16037,2026-07-28,UPI,Paid,17909.0
17170,13253,2026-07-28,UPI,Paid,5979.2
17171,18261,2026-07-28,UPI,Paid,12402.3
17172,272,2026-07-28,Cash on Delivery,Paid,1296.25
17173,21180,2026-07-28,UPI,Paid,48140.6
17174,2288,2026-07-28,UPI,Paid,8354.7
17175,21871,2026-07-28,UPI,Paid,142478.4
17176,9662,2026-07-28,Net Banking,Paid,82099.0
17177,19830,2026-07-28,Cash on Delivery,Paid,18950.75
17178,8333,2026-07-28,Net Banking,Paid,13634.0
17179,6593,2026-07-28,UPI,Paid,20805.75
17180,8921,2026-07-28,Debit Card,Paid,3579.35
17181,2391,2026-07-28,UPI,Paid,55218.4
17182,631,2026-07-28,UPI,Paid,4856.4
17183,4457,2026-07-28,Debit Card,Paid,122561.3
17184,18852,2026-07-29,UPI,Paid,2082.0
17185,11506,2026-07-29,UPI,Paid,61271.0
17186,21809,2026-07-29,Credit Card,Paid,40590.1
17187,6078,2026-07-29,Credit Card,Paid,89710.05
17188,6396,2026-07-29,UPI,Paid,237.0
17189,9124,2026-07-29,UPI,Paid,82389.6
17190,9180,2026-07-29,Credit Card,Paid,52409.7
17191,20972,2026-07-29,Cash on Delivery,Paid,79148.8
17192,18768,2026-07-29,UPI,Paid,2331.3
17193,17803,2026-07-29,UPI,Paid,40274.7
17194,19221,2026-07-29,Debit Card,Paid,139978.5
17195,7806,2026-07-29,Credit Card,Paid,88068.4
17196,1211,2026-07-29,Cash on Delivery,Paid,50964.3
17197,9064,2026-07-29,UPI,Paid,17781.15
17198,14637,2026-07-29,UPI,Paid,3410.0
17199,10798,2026-07-30,Debit Card,Paid,22481.65
17200,6594,2026-07-30,Credit Card,Paid,82483.5
17201,14026,2026-07-30,UPI,Paid,1397.0
17202,12,2026-07-30,Debit Card,Paid,134905.5
17203,11455,2026-07-30,UPI,Paid,29929.1
17204,24987,2026-07-30,Credit Card,Paid,16709.4
17205,5519,2026-07-30,Debit Card,Paid,35818.0
17206,16495,2026-07-30,UPI,Paid,4605.3
17207,19007,2026-07-30,Debit Card,Paid,20277.9
17208,23538,2026-07-30,UPI,Paid,42557.4
17209,4611,2026-07-30,Net Banking,Paid,12684.5
17210,13033,2026-07-30,UPI,Paid,2516.25
17211,9330,2026-07-30,Credit Card,Paid,12190.5
17212,10680,2026-07-30,Debit Card,Paid,332.0
17213,961,2026-07-31,Debit Card,Paid,6128.1
17214,24084,2026-07-31,UPI,Paid,10273.6
17215,2577,2026-07-31,Debit Card,Paid,263.15
17216,6543,2026-07-31,Credit Card,Paid,7474.0
17217,9360,2026-07-31,Cash on Delivery,Paid,1533.0
17218,8899,2026-07-31,Cash on Delivery,Paid,28894.5
17219,3405,2026-07-31,UPI,Paid,16709.4
17220,17304,2026-07-31,UPI,Paid,6809.0
17221,6457,2026-07-31,Credit Card,Paid,227442.6
17222,2386,2026-07-31,UPI,Paid,6743.7
17223,8881,2026-07-31,Cash on Delivery,Paid,68835.6
17224,8979,2026-07-31,Cash on Delivery,Paid,21592.8
17225,2377,2026-07-31,Debit Card,Paid,56904.8
17226,4832,2026-07-31,UPI,Paid,36162.4
17227,9355,2026-07-31,Credit Card,Paid,125635.4
17228,7758,2026-07-31,UPI,Paid,290.5
17229,1048,2026-07-31,UPI,Paid,5447.2
17230,20936,2026-07-31,Debit Card,Paid,12487.0
17231,14794,2026-07-31,Credit Card,Paid,1383.3
17232,11830,2026-07-31,UPI,Paid,40979.05
17233,4178,2026-07-31,Debit Card,Paid,1848.0
17234,7173,2026-07-31,UPI,Paid,17678.3
17235,24544,2026-07-31,Cash on Delivery,Paid,40521.4
17236,14219,2026-07-31,UPI,Paid,12603.55
17237,21389,2026-07-31,Net Banking,Paid,13522.5
17238,19124,2026-08-01,UPI,Paid,42094.0
17239,17618,2026-08-01,UPI,Paid,23115.6
17240,15011,2026-08-01,Credit Card,Paid,9843.4
17241,20523,2026-08-01,UPI,Paid,90271.4
17242,16597,2026-08-01,Cash on Delivery,Paid,115397.2
17243,1162,2026-08-01,Cash on Delivery,Paid,30484.8
17244,5711,2026-08-01,UPI,Paid,1738.0
17245,4632,2026-08-01,Credit Card,Paid,830.0
17246,16040,2026-08-01,UPI,Paid,2568.6
17247,14115,2026-08-01,Credit Card,Paid,35817.3
17248,21251,2026-08-01,UPI,Paid,6829.6
17249,23679,2026-08-01,Credit Card,Paid,33887.25
17250,5330,2026-08-01,UPI,Paid,1848.0
17251,10767,2026-08-01,UPI,Paid,3187.5
17252,13468,2026-08-01,Debit Card,Paid,5418.0
17253,21449,2026-08-01,Debit Card,Paid,38839.5
17254,10739,2026-08-01,UPI,Paid,23671.65
17255,8468,2026-08-02,Credit Card,Paid,22981.3
17256,14918,2026-08-02,Debit Card,Paid,3401.7
17257,20080,2026-08-02,Credit Card,Paid,7760.45
17258,12213,2026-08-02,UPI,Paid,116782.95
17259,79,2026-08-02,UPI,Paid,16721.25
17260,5491,2026-08-02,Cash on Delivery,Paid,42643.8
17261,14522,2026-08-02,UPI,Paid,3128.4
17262,21540,2026-08-02,UPI,Paid,171666.4
17263,19309,2026-08-02,Debit Card,Paid,2728.0
17264,6370,2026-08-02,Net Banking,Paid,1464.3
17265,15366,2026-08-02,Credit Card,Paid,7256.45
17266,7916,2026-08-02,Cash on Delivery,Paid,6870.6
17267,9715,2026-08-02,UPI,Paid,92481.6
17268,14871,2026-08-02,Debit Card,Paid,69427.0
17269,8634,2026-08-02,Credit Card,Paid,3239.5
17270,3401,2026-08-02,Cash on Delivery,Paid,4707.0
17271,8181,2026-08-02,UPI,Paid,5979.2
17272,9058,2026-08-03,Credit Card,Paid,7579.8
17273,12652,2026-08-03,UPI,Paid,259961.5
17274,2292,2026-08-03,Credit Card,Paid,6403.2
17275,23275,2026-08-03,Credit Card,Paid,675.0
17276,71,2026-08-03,Credit Card,Paid,63345.0
17277,10384,2026-08-03,UPI,Paid,9631.5
17278,6858,2026-08-03,Net Banking,Paid,10100.45
17279,11018,2026-08-03,Credit Card,Paid,66778.4
17280,1369,2026-08-03,UPI,Paid,543.0
17281,11738,2026-08-03,UPI,Paid,10977.25
17282,16616,2026-08-03,Cash on Delivery,Paid,9725.95
17283,9697,2026-08-03,Cash on Delivery,Paid,82895.7
17284,12561,2026-08-03,UPI,Paid,94764.0
17285,16932,2026-08-03,Debit Card,Paid,78511.2
17286,14885,2026-08-03,Credit Card,Paid,19248.0
17287,22424,2026-08-03,Credit Card,Paid,4533.0
17288,4493,2026-08-03,Credit Card,Paid,49074.1
17289,5625,2026-08-03,Debit Card,Paid,7579.8
17290,9903,2026-08-03,Debit Card,Paid,74625.0
17291,15293,2026-08-03,Credit Card,Paid,35536.5
17292,2489,2026-08-03,UPI,Paid,3799.0
17293,17974,2026-08-03,Debit Card,Paid,24760.8
17294,6735,2026-08-04,UPI,Paid,1688.15
17295,13595,2026-08-04,Net Banking,Paid,140998.2
17296,19734,2026-08-04,UPI,Paid,4711.0
17297,11928,2026-08-04,UPI,Paid,6352.9
17298,14161,2026-08-04,UPI,Paid,15612.5
17299,22838,2026-08-04,Credit Card,Paid,3853.05
17300,3762,2026-08-04,UPI,Paid,3480.3
17301,1692,2026-08-04,Debit Card,Paid,5418.0
17302,11464,2026-08-04,Credit Card,Paid,15757.5
17303,19857,2026-08-04,Cash on Delivery,Paid,3985.2
17304,5037,2026-08-04,UPI,Paid,96457.4
17305,24615,2026-08-04,Debit Card,Paid,34862.65
17306,24178,2026-08-04,UPI,Paid,7661.5
17307,22913,2026-08-04,Debit Card,Paid,29251.05
17308,24077,2026-08-04,Credit Card,Paid,13012.6
17309,13299,2026-08-04,Cash on Delivery,Paid,3883.6
17310,700,2026-08-04,Credit Card,Paid,115267.65
17311,15742,2026-08-04,Credit Card,Paid,32353.4
17312,7143,2026-08-05,Credit Card,Paid,64777.3
17313,13128,2026-08-05,Net Banking,Paid,57412.6
17314,5645,2026-08-05,Debit Card,Paid,6151.5
17315,23228,2026-08-05,Cash on Delivery,Paid,35825.4
17316,24952,2026-08-05,UPI,Paid,32424.0
17317,23815,2026-08-05,UPI,Paid,17836.0
17318,6517,2026-08-05,Cash on Delivery,Paid,2374.9
17319,15424,2026-08-05,UPI,Paid,311.25
17320,14784,2026-08-05,Credit Card,Paid,3243.3
17321,6280,2026-08-05,Cash on Delivery,Paid,10385.65
17322,2279,2026-08-05,UPI,Paid,6349.5
17323,20126,2026-08-05,Credit Card,Paid,5133.0
17324,10976,2026-08-05,Credit Card,Paid,38239.9
17325,6937,2026-08-05,Cash on Delivery,Paid,2315.3
17326,12140,2026-08-05,Credit Card,Paid,48026.1
17327,467,2026-08-05,UPI,Paid,148354.2
17328,5187,2026-08-05,Net Banking,Paid,2731.1
17329,5283,2026-08-05,UPI,Paid,2287.5
17330,2782,2026-08-06,Cash on Delivery,Paid,153363.3
17331,12099,2026-08-06,UPI,Paid,149039.4
17332,21726,2026-08-06,Debit Card,Paid,61824.6
17333,8910,2026-08-06,UPI,Paid,47382.0
17334,22604,2026-08-06,Debit Card,Paid,80781.0
17335,943,2026-08-06,Net Banking,Paid,54189.05
17336,22061,2026-08-06,Cash on Delivery,Paid,40167.75
17337,7670,2026-08-06,UPI,Paid,14614.0
17338,21980,2026-08-06,Net Banking,Paid,39614.4
17339,24821,2026-08-06,Cash on Delivery,Paid,18753.0
17340,22478,2026-08-06,UPI,Paid,7890.55
17341,23980,2026-08-06,Net Banking,Paid,78597.65
17342,10532,2026-08-06,UPI,Paid,5578.4
17343,17866,2026-08-06,Debit Card,Paid,16457.55
17344,22203,2026-08-06,UPI,Paid,9020.8
17345,14036,2026-08-06,UPI,Paid,8688.0
17346,82,2026-08-06,Net Banking,Paid,3475.8
17347,22993,2026-08-06,Cash on Delivery,Paid,56903.4
17348,8977,2026-08-06,Debit Card,Paid,6151.5
17349,22784,2026-08-07,UPI,Paid,191080.2
17350,20952,2026-08-07,UPI,Paid,82747.5
17351,21939,2026-08-07,UPI,Paid,12706.0
17352,18929,2026-08-07,UPI,Paid,3799.0
17353,3952,2026-08-07,UPI,Paid,15480.0
17354,22235,2026-08-07,Cash on Delivery,Paid,52466.75
17355,6271,2026-08-07,UPI,Paid,84814.1
17356,14275,2026-08-07,Credit Card,Paid,33775.7
17357,4279,2026-08-07,Cash on Delivery,Paid,1963.2
17358,10066,2026-08-07,Credit Card,Paid,3680.5
17359,5186,2026-08-07,Credit Card,Paid,29226.15
17360,11344,2026-08-07,UPI,Paid,143550.9
17361,23068,2026-08-07,Net Banking,Paid,7474.0
17362,16498,2026-08-07,Credit Card,Paid,39014.0
17363,22823,2026-08-07,UPI,Paid,18885.0
17364,14099,2026-08-07,UPI,Paid,41446.6
17365,7764,2026-08-07,UPI,Paid,49804.0
17366,15659,2026-08-07,UPI,Paid,7819.2
17367,13124,2026-08-07,Credit Card,Paid,25234.9
17368,10002,2026-08-08,UPI,Paid,4265.0
17369,9760,2026-08-08,UPI,Paid,57620.35
17370,17537,2026-08-08,UPI,Paid,30055.2
17371,4484,2026-08-08,UPI,Paid,488.7
17372,18642,2026-08-08,UPI,Paid,4286.7
17373,7618,2026-08-08,Credit Card,Paid,53321.05
17374,23808,2026-08-08,Credit Card,Paid,157545.0
17375,364,2026-08-08,Credit Card,Paid,34345.0
17376,5261,2026-08-08,Cash on Delivery,Paid,16721.25
17377,8194,2026-08-08,Credit Card,Paid,706.35
17378,751,2026-08-08,UPI,Paid,8253.6
17379,13701,2026-08-08,UPI,Paid,6283.2
17380,16308,2026-08-08,UPI,Paid,4758.0
17381,7,2026-08-08,UPI,Paid,76940.4
17382,14747,2026-08-08,Cash on Delivery,Paid,18001.3
17383,11976,2026-08-08,UPI,Paid,7013.25
17384,12871,2026-08-08,UPI,Paid,39806.0
17385,214,2026-08-08,UPI,Paid,11329.7
17386,14547,2026-08-08,Debit Card,Paid,5447.2
17387,11356,2026-08-08,Credit Card,Paid,11216.3
17388,21323,2026-08-08,Credit Card,Paid,17312.5
17389,2298,2026-08-09,Net Banking,Paid,93393.0
17390,11119,2026-08-09,Cash on Delivery,Paid,107924.4
17391,13980,2026-08-09,Debit Card,Paid,184360.8
17392,16875,2026-08-09,Cash on Delivery,Paid,11485.5
17393,3470,2026-08-09,Credit Card,Paid,1212.95
17394,15978,2026-08-09,UPI,Paid,1840.5
17395,679,2026-08-09,Cash on Delivery,Paid,6107.2
17396,23074,2026-08-09,Net Banking,Paid,22257.4
17397,1045,2026-08-09,UPI,Paid,31513.4
17398,18574,2026-08-09,Cash on Delivery,Paid,21788.8
17399,19550,2026-08-09,Cash on Delivery,Paid,23343.1
17400,4080,2026-08-09,Cash on Delivery,Paid,37882.0
17401,13242,2026-08-09,Credit Card,Paid,41281.3
17402,863,2026-08-09,UPI,Paid,20357.5
17403,372,2026-08-10,Debit Card,Paid,40175.1
17404,4491,2026-08-10,Credit Card,Paid,23489.8
17405,9909,2026-08-10,Debit Card,Paid,67517.35
17406,11101,2026-08-10,Debit Card,Paid,96784.8
17407,19552,2026-08-10,Credit Card,Paid,4475.45
17408,18178,2026-08-10,UPI,Paid,29085.7
17409,613,2026-08-10,UPI,Paid,19807.2
17410,9584,2026-08-10,UPI,Paid,88840.85
17411,5454,2026-08-10,Credit Card,Paid,7121.8
17412,10590,2026-08-10,Debit Card,Paid,22773.6
17413,13074,2026-08-10,UPI,Paid,3001.5
17414,2643,2026-08-10,Credit Card,Paid,42058.9
17415,10147,2026-08-11,Credit Card,Paid,2814.75
17416,15386,2026-08-11,Credit Card,Paid,137638.9
17417,4158,2026-08-11,Credit Card,Paid,2698.0
17418,18267,2026-08-11,UPI,Paid,19324.5
17419,14127,2026-08-11,Debit Card,Paid,29344.8
17420,713,2026-08-11,UPI,Paid,277.0
17421,10106,2026-08-11,Cash on Delivery,Paid,73416.6
17422,7681,2026-08-11,UPI,Paid,20065.5
17423,16941,2026-08-11,Credit Card,Paid,27282.85
17424,790,2026-08-11,UPI,Paid,138636.2
17425,14648,2026-08-11,Cash on Delivery,Paid,19990.4
17426,6695,2026-08-11,Net Banking,Paid,4872.55
17427,14759,2026-08-11,Debit Card,Paid,34148.0
17428,816,2026-08-11,UPI,Paid,21828.0
17429,4433,2026-08-11,Credit Card,Paid,164228.15
17430,6840,2026-08-11,Cash on Delivery,Paid,61824.6
17431,15483,2026-08-12,UPI,Paid,76589.2
17432,14705,2026-08-12,Debit Card,Paid,60594.0
17433,10934,2026-08-12,Net Banking,Paid,1907.4
17434,3454,2026-08-12,UPI,Paid,95514.3
17435,1437,2026-08-12,UPI,Paid,151262.8
17436,284,2026-08-12,UPI,Paid,8224.15
17437,22592,2026-08-12,Cash on Delivery,Paid,8354.7
17438,4735,2026-08-12,UPI,Paid,12465.0
17439,40,2026-08-12,Cash on Delivery,Paid,5508.1
17440,17610,2026-08-12,Net Banking,Paid,81014.1
17441,13165,2026-08-12,Debit Card,Paid,8593.5
17442,19528,2026-08-12,UPI,Paid,21290.7
17443,18579,2026-08-12,Credit Card,Paid,66200.4
17444,17526,2026-08-12,Credit Card,Paid,11880.0
17445,3629,2026-08-12,Credit Card,Paid,127672.2
17446,2666,2026-08-12,UPI,Paid,9902.2
17447,8022,2026-08-12,Credit Card,Paid,94173.35
17448,1079,2026-08-12,Debit Card,Paid,33414.6
17449,21318,2026-08-12,UPI,Paid,35548.45
17450,1166,2026-08-12,UPI,Paid,6059.9
17451,20368,2026-08-12,UPI,Paid,166697.4
17452,1182,2026-08-12,UPI,Paid,11571.3
17453,1252,2026-08-13,Credit Card,Paid,16816.1
17454,6054,2026-08-13,Debit Card,Paid,25064.1
17455,20063,2026-08-13,UPI,Paid,1477.3
17456,18513,2026-08-13,UPI,Paid,45414.2
17457,13162,2026-08-13,Net Banking,Paid,53747.0
17458,18603,2026-08-13,UPI,Paid,4763.0
17459,10732,2026-08-13,Debit Card,Paid,42563.0
17460,9650,2026-08-13,Cash on Delivery,Paid,132859.4
17461,11768,2026-08-13,UPI,Paid,6105.7
17462,24031,2026-08-13,Net Banking,Paid,8904.35
17463,6680,2026-08-13,UPI,Paid,51368.0
17464,18598,2026-08-13,Credit Card,Paid,12771.25
17465,5118,2026-08-13,Cash on Delivery,Paid,7830.3
17466,22557,2026-08-13,Credit Card,Paid,40333.8
17467,7344,2026-08-13,Credit Card,Paid,32459.9
17468,12292,2026-08-13,Cash on Delivery,Paid,3187.25
17469,1050,2026-08-14,UPI,Paid,23760.0
17470,23872,2026-08-14,UPI,Paid,4605.3
17471,17598,2026-08-14,Debit Card,Paid,13061.5
17472,820,2026-08-14,Cash on Delivery,Paid,16052.25
17473,17216,2026-08-14,Debit Card,Paid,145437.45
17474,23968,2026-08-14,Credit Card,Paid,58122.7
17475,16511,2026-08-14,Net Banking,Paid,8243.75
17476,5488,2026-08-14,Credit Card,Paid,22155.0
17477,11166,2026-08-14,UPI,Paid,11080.0
17478,424,2026-08-14,Net Banking,Paid,79612.0
17479,21538,2026-08-14,UPI,Paid,108126.8
17480,8307,2026-08-14,Cash on Delivery,Paid,2684.0
17481,1268,2026-08-14,UPI,Paid,58207.45
17482,1400,2026-08-14,UPI,Paid,8518.3
17483,10101,2026-08-14,Credit Card,Paid,2135.0
17484,24662,2026-08-14,UPI,Paid,14392.2
17485,19096,2026-08-14,UPI,Paid,112556.1
17486,10464,2026-08-14,UPI,Paid,34673.4
17487,8034,2026-08-15,Credit Card,Paid,2329.05
17488,8604,2026-08-15,Debit Card,Paid,117798.0
17489,19597,2026-08-15,Credit Card,Paid,56683.2
17490,20685,2026-08-15,Debit Card,Paid,22349.6
17491,19146,2026-08-15,Credit Card,Paid,4797.4
17492,3072,2026-08-15,Net Banking,Paid,64305.5
17493,18724,2026-08-15,Cash on Delivery,Paid,2698.0
17494,1197,2026-08-15,Credit Card,Paid,1108.0
17495,10982,2026-08-15,Cash on Delivery,Paid,131685.25
17496,15092,2026-08-15,Debit Card,Paid,4334.4
17497,5456,2026-08-15,UPI,Paid,11151.4
17498,11458,2026-08-15,Credit Card,Paid,4892.2
17499,9896,2026-08-15,Net Banking,Paid,10430.55
17500,19034,2026-08-15,UPI,Paid,6224.25
17501,15197,2026-08-15,Credit Card,Paid,13741.0
17502,24882,2026-08-15,Debit Card,Paid,12814.5
17503,841,2026-08-15,Cash on Delivery,Paid,28731.7
17504,23043,2026-08-15,Debit Card,Paid,24318.5
17505,5334,2026-08-15,Net Banking,Paid,61271.0
17506,24061,2026-08-15,Credit Card,Paid,16084.65
17507,12512,2026-08-15,Credit Card,Paid,6985.6
17508,17385,2026-08-15,Debit Card,Paid,352.75
17509,8672,2026-08-16,UPI,Paid,49092.0
17510,4066,2026-08-16,Debit Card,Paid,47137.35
17511,3061,2026-08-16,UPI,Paid,233121.25
17512,16134,2026-08-16,UPI,Paid,43527.0
17513,24007,2026-08-16,Cash on Delivery,Paid,3682.75
17514,16563,2026-08-16,UPI,Paid,23704.8
17515,15063,2026-08-16,UPI,Paid,7777.6
17516,6617,2026-08-16,UPI,Paid,3593.1
17517,10029,2026-08-16,UPI,Paid,26456.55
17518,21329,2026-08-16,Debit Card,Paid,3750.0
17519,15393,2026-08-16,Credit Card,Paid,8159.4
17520,21013,2026-08-16,Cash on Delivery,Paid,10296.45
17521,9576,2026-08-17,Debit Card,Paid,4928.0
17522,3621,2026-08-17,UPI,Paid,20257.4
17523,18079,2026-08-17,UPI,Paid,1382.95
17524,4926,2026-08-17,Debit Card,Paid,1651.1
17525,23300,2026-08-17,UPI,Paid,37713.1
17526,11274,2026-08-17,UPI,Paid,11268.75
17527,22432,2026-08-17,UPI,Paid,116364.25
17528,9649,2026-08-17,UPI,Paid,7598.0
17529,10742,2026-08-17,Credit Card,Paid,54622.9
17530,11007,2026-08-17,UPI,Paid,23115.6
17531,15042,2026-08-17,Debit Card,Paid,1688.15
17532,8747,2026-08-17,Net Banking,Paid,14544.35
17533,4864,2026-08-17,Net Banking,Paid,59587.2
17534,7780,2026-08-17,UPI,Paid,14106.8
17535,6790,2026-08-17,UPI,Paid,3410.0
17536,14909,2026-08-17,Net Banking,Paid,26099.8
17537,11612,2026-08-17,Debit Card,Paid,3229.15
17538,22818,2026-08-17,Credit Card,Paid,5794.45
17539,13688,2026-08-18,UPI,Paid,22026.6
17540,1980,2026-08-18,UPI,Paid,113751.55
17541,24764,2026-08-18,Net Banking,Paid,11306.4
17542,4569,2026-08-18,UPI,Paid,9752.7
17543,5801,2026-08-18,UPI,Paid,127221.15
17544,19017,2026-08-18,UPI,Paid,75529.0
17545,22271,2026-08-18,UPI,Paid,9414.0
17546,2096,2026-08-18,UPI,Paid,39698.0
17547,18532,2026-08-18,Debit Card,Paid,1510.45
17548,17903,2026-08-18,Net Banking,Paid,5126.2
17549,17945,2026-08-18,Cash on Delivery,Paid,81783.2
17550,8771,2026-08-18,Debit Card,Paid,25684.0
17551,4312,2026-08-18,Cash on Delivery,Paid,21264.1
17552,20611,2026-08-18,Net Banking,Paid,55869.6
17553,11260,2026-08-18,Debit Card,Paid,85018.2
17554,11327,2026-08-18,UPI,Paid,10065.0
17555,14591,2026-08-18,UPI,Paid,3818.6
17556,991,2026-08-18,UPI,Paid,3862.0
17557,20684,2026-08-18,UPI,Paid,2125.0
17558,15775,2026-08-19,Cash on Delivery,Paid,6578.75
17559,18868,2026-08-19,UPI,Paid,1327.15
17560,6989,2026-08-19,UPI,Paid,28589.0
17561,8397,2026-08-19,UPI,Paid,35852.05
17562,1851,2026-08-19,UPI,Paid,6710.0
17563,4577,2026-08-19,UPI,Paid,4191.0
17564,1429,2026-08-19,Credit Card,Paid,2920.3
17565,5478,2026-08-19,Cash on Delivery,Paid,9856.0
17566,477,2026-08-19,Cash on Delivery,Paid,4008.0
17567,20406,2026-08-19,Credit Card,Paid,9387.0
17568,18845,2026-08-19,Debit Card,Paid,170874.9
17569,20213,2026-08-19,UPI,Paid,67974.95
17570,15101,2026-08-19,Net Banking,Paid,1383.3
17571,11517,2026-08-19,Net Banking,Paid,86313.3
17572,4077,2026-08-19,Credit Card,Paid,5663.55
17573,19489,2026-08-19,UPI,Paid,53328.25
17574,2401,2026-08-19,UPI,Paid,6489.1
17575,11853,2026-08-19,UPI,Paid,10312.0
17576,4916,2026-08-19,Cash on Delivery,Paid,50964.3
17577,21652,2026-08-19,Credit Card,Paid,6817.0
17578,22439,2026-08-20,Cash on Delivery,Paid,113920.2
17579,4276,2026-08-20,Debit Card,Paid,11048.55
17580,10073,2026-08-20,Credit Card,Paid,11557.8
17581,19964,2026-08-20,UPI,Paid,7060.5
17582,9249,2026-08-20,UPI,Paid,47523.0
17583,23051,2026-08-20,Cash on Delivery,Paid,8495.1
17584,17489,2026-08-20,Credit Card,Paid,515.85
17585,12662,2026-08-20,UPI,Paid,58906.55
17586,4193,2026-08-20,Cash on Delivery,Paid,4239.9
17587,205,2026-08-20,UPI,Paid,2085.9
17588,5810,2026-08-20,UPI,Paid,65334.6
17589,7252,2026-08-20,Debit Card,Paid,7890.55
17590,4787,2026-08-20,Credit Card,Paid,32098.5
17591,9325,2026-08-20,UPI,Paid,56897.0
17592,24168,2026-08-20,UPI,Paid,22773.6
17593,13388,2026-08-20,UPI,Paid,15106.6
17594,18611,2026-08-20,UPI,Paid,8812.8
17595,13503,2026-08-20,UPI,Paid,28768.25
17596,2149,2026-08-20,UPI,Paid,48251.0
17597,13760,2026-08-20,Credit Card,Paid,3801.9
17598,24937,2026-08-20,UPI,Paid,12890.0
17599,2097,2026-08-21,UPI,Paid,6879.9
17600,13017,2026-08-21,UPI,Paid,85257.5
17601,2265,2026-08-21,Credit Card,Paid,20439.4
17602,9185,2026-08-21,Credit Card,Paid,189577.8
17603,11771,2026-08-21,Net Banking,Paid,9217.8
17604,9519,2026-08-21,UPI,Paid,17909.0
17605,24205,2026-08-21,Net Banking,Paid,4578.3
17606,14222,2026-08-21,UPI,Paid,57347.5
17607,15308,2026-08-21,Credit Card,Paid,19332.8
17608,7315,2026-08-21,Debit Card,Paid,12245.5
17609,5588,2026-08-21,Credit Card,Paid,4533.0
17610,1287,2026-08-21,Cash on Delivery,Paid,1848.0
17611,18047,2026-08-21,UPI,Paid,23561.25
17612,5214,2026-08-21,Cash on Delivery,Paid,18566.0
17613,22126,2026-08-21,UPI,Paid,6726.6
17614,14855,2026-08-21,UPI,Paid,6045.75
17615,1101,2026-08-22,Cash on Delivery,Paid,235.45
17616,6535,2026-08-22,Debit Card,Paid,554.0
17617,3945,2026-08-22,UPI,Paid,3376.3
17618,8126,2026-08-22,Credit Card,Paid,20989.15
17619,17329,2026-08-22,Cash on Delivery,Paid,147667.5
17620,9129,2026-08-22,UPI,Paid,46966.85
17621,5521,2026-08-22,Net Banking,Paid,13330.7
17622,11514,2026-08-22,UPI,Paid,56960.1
17623,12435,2026-08-22,Net Banking,Paid,46145.65
17624,15253,2026-08-22,Net Banking,Paid,30344.25
17625,18293,2026-08-22,UPI,Paid,7317.85
17626,7478,2026-08-22,Credit Card,Paid,12241.9
17627,15924,2026-08-22,Credit Card,Paid,111493.75
17628,16755,2026-08-22,Credit Card,Paid,122899.1
17629,6364,2026-08-22,UPI,Paid,8110.15
17630,1412,2026-08-23,Cash on Delivery,Paid,94289.55
17631,15440,2026-08-23,Credit Card,Paid,3853.05
17632,6023,2026-08-23,UPI,Paid,37662.45
17633,12468,2026-08-23,Cash on Delivery,Paid,4605.3
17634,22719,2026-08-23,Debit Card,Paid,42557.4
17635,24981,2026-08-23,Debit Card,Paid,373.5
17636,10973,2026-08-23,Debit Card,Paid,8253.6
17637,2398,2026-08-23,Debit Card,Paid,17123.85
17638,22385,2026-08-23,Net Banking,Paid,14652.1
17639,18245,2026-08-23,Credit Card,Paid,536.75
17640,13649,2026-08-23,Debit Card,Paid,3862.0
17641,552,2026-08-23,UPI,Paid,50533.35
17642,4376,2026-08-23,Debit Card,Paid,11408.0
17643,6770,2026-08-23,UPI,Paid,14703.7
17644,1723,2026-08-23,UPI,Paid,102439.7
17645,5621,2026-08-23,Debit Card,Paid,135208.0
17646,9739,2026-08-23,UPI,Paid,20907.6
17647,6721,2026-08-23,UPI,Paid,19506.85
17648,17669,2026-08-23,Credit Card,Paid,4044.3
17649,13504,2026-08-23,UPI,Paid,9796.4
17650,6850,2026-08-23,Credit Card,Paid,26793.6
17651,16925,2026-08-23,UPI,Paid,53962.2
17652,2830,2026-08-23,Credit Card,Paid,8354.7
17653,14676,2026-08-23,Net Banking,Paid,498.6
17654,21291,2026-08-23,UPI,Paid,111956.4
17655,563,2026-08-23,Net Banking,Paid,13501.4
17656,18866,2026-08-24,Net Banking,Paid,15158.0
17657,19624,2026-08-24,Cash on Delivery,Paid,2283.2
17658,19460,2026-08-24,Debit Card,Paid,3201.6
17659,9035,2026-08-24,UPI,Paid,21751.85
17660,13694,2026-08-24,Credit Card,Paid,94455.25
17661,17697,2026-08-24,Debit Card,Paid,56276.8
17662,5523,2026-08-24,UPI,Paid,132690.3
17663,18364,2026-08-24,Credit Card,Paid,33812.1
17664,19024,2026-08-24,UPI,Paid,94778.35
17665,9359,2026-08-24,UPI,Paid,107213.3
17666,223,2026-08-24,Net Banking,Paid,29793.6
17667,15569,2026-08-24,Cash on Delivery,Paid,90709.35
17668,15651,2026-08-24,Credit Card,Paid,9066.0
17669,15681,2026-08-24,Credit Card,Paid,34795.75
17670,2179,2026-08-24,UPI,Paid,5809.75
17671,1776,2026-08-24,Cash on Delivery,Paid,15797.7
17672,24074,2026-08-24,Credit Card,Paid,11559.15
17673,1712,2026-08-24,Credit Card,Paid,20532.0
17674,20803,2026-08-24,Cash on Delivery,Paid,2607.0
17675,2584,2026-08-24,UPI,Paid,10915.7
17676,7054,2026-08-24,UPI,Paid,15739.2
17677,16182,2026-08-24,UPI,Paid,10268.0
17678,7800,2026-08-24,Cash on Delivery,Paid,3019.5
17679,21211,2026-08-25,Credit Card,Paid,75153.0
17680,20308,2026-08-25,Cash on Delivery,Paid,7890.55
17681,10013,2026-08-25,Cash on Delivery,Paid,76629.6
17682,11918,2026-08-25,Debit Card,Paid,3282.7
17683,15744,2026-08-25,UPI,Paid,3435.3
17684,20889,2026-08-25,UPI,Paid,8495.1
17685,7341,2026-08-25,Credit Card,Paid,161253.95
17686,13782,2026-08-25,UPI,Paid,76463.7
17687,15465,2026-08-25,UPI,Paid,28791.2
17688,16618,2026-08-25,UPI,Paid,4876.2
17689,2670,2026-08-25,Debit Card,Paid,13137.55
17690,20025,2026-08-25,UPI,Paid,7250.5
17691,19891,2026-08-25,Credit Card,Paid,57434.4
17692,4978,2026-08-25,Debit Card,Paid,75886.3
17693,19845,2026-08-25,Cash on Delivery,Paid,12509.15
17694,7284,2026-08-26,Cash on Delivery,Paid,4263.6
17695,20247,2026-08-26,Debit Card,Paid,7335.9
17696,24164,2026-08-26,UPI,Paid,24946.0
17697,19995,2026-08-26,UPI,Paid,69524.3
17698,1834,2026-08-26,Credit Card,Paid,51116.3
17699,18924,2026-08-26,Debit Card,Paid,26018.3
17700,783,2026-08-26,Debit Card,Paid,9746.1
17701,24115,2026-08-26,Cash on Delivery,Paid,2131.8
17702,22281,2026-08-26,Cash on Delivery,Paid,44444.0
17703,11195,2026-08-26,UPI,Paid,4711.0
17704,13354,2026-08-26,Net Banking,Paid,1327.15
17705,21937,2026-08-26,UPI,Paid,51365.7
17706,23347,2026-08-26,Debit Card,Paid,9422.0
17707,16194,2026-08-26,Credit Card,Paid,10915.7
17708,3216,2026-08-26,Net Banking,Paid,33160.5
17709,12504,2026-08-26,Credit Card,Paid,22977.6
17710,12745,2026-08-26,Net Banking,Paid,12952.3
17711,15565,2026-08-26,Net Banking,Paid,109910.4
17712,5739,2026-08-26,Credit Card,Paid,70018.5
17713,13594,2026-08-26,UPI,Paid,72198.25
17714,15315,2026-08-27,Cash on Delivery,Paid,57223.0
17715,2756,2026-08-27,UPI,Paid,58738.75
17716,12952,2026-08-27,UPI,Paid,27675.2
17717,15276,2026-08-27,UPI,Paid,16776.0
17718,23143,2026-08-27,UPI,Paid,2464.0
17719,2124,2026-08-27,UPI,Paid,156070.0
17720,1499,2026-08-27,Cash on Delivery,Paid,80350.2
17721,13522,2026-08-27,Debit Card,Paid,7585.0
17722,21339,2026-08-27,UPI,Paid,67304.7
17723,1925,2026-08-27,Credit Card,Paid,22696.8
17724,21005,2026-08-27,UPI,Paid,6962.25
17725,18592,2026-08-27,Debit Card,Paid,4876.2
17726,18911,2026-08-27,UPI,Paid,135681.35
17727,4109,2026-08-27,UPI,Paid,82119.6
17728,17301,2026-08-27,UPI,Paid,80549.4
17729,826,2026-08-27,Cash on Delivery,Paid,28704.4
17730,17281,2026-08-27,UPI,Paid,65458.1
17731,17123,2026-08-27,UPI,Paid,175183.4
17732,12265,2026-08-27,Credit Card,Paid,17239.65
17733,16854,2026-08-27,UPI,Paid,2898.5
17734,23097,2026-08-27,Net Banking,Paid,8967.8
17735,23705,2026-08-27,Credit Card,Paid,13264.2
17736,23903,2026-08-27,Net Banking,Paid,162406.35
17737,19086,2026-08-28,Cash on Delivery,Paid,56934.0
17738,22833,2026-08-28,UPI,Paid,150276.0
17739,13205,2026-08-28,Credit Card,Paid,4079.7
17740,22853,2026-08-28,UPI,Paid,49030.2
17741,12086,2026-08-28,UPI,Paid,42643.8
17742,22057,2026-08-28,Debit Card,Paid,277.0
17743,20382,2026-08-28,Debit Card,Paid,3869.7
17744,5002,2026-08-28,UPI,Paid,54464.6
17745,24711,2026-08-28,Net Banking,Paid,141253.0
17746,15902,2026-08-28,Credit Card,Paid,6663.0
17747,16644,2026-08-28,Credit Card,Paid,77068.35
17748,5805,2026-08-28,UPI,Paid,30730.5
17749,3672,2026-08-28,Cash on Delivery,Paid,21150.2
17750,10954,2026-08-28,UPI,Paid,8818.85
17751,15960,2026-08-28,Cash on Delivery,Paid,6932.7
17752,3860,2026-08-28,Debit Card,Paid,12985.5
17753,24482,2026-08-28,Net Banking,Paid,43882.9
17754,7136,2026-08-28,Credit Card,Paid,85914.75
17755,23799,2026-08-28,Net Banking,Paid,5350.75
17756,11871,2026-08-28,Cash on Delivery,Paid,64305.5
17757,15292,2026-08-28,UPI,Paid,28053.0
17758,15534,2026-08-28,Debit Card,Paid,39671.2
17759,3298,2026-08-28,Credit Card,Paid,69310.0
17760,16788,2026-08-28,Debit Card,Paid,4051.75
17761,5103,2026-08-29,UPI,Paid,32178.4
17762,13518,2026-08-29,Credit Card,Paid,41355.75
17763,15174,2026-08-29,UPI,Paid,17955.55
17764,19162,2026-08-29,Credit Card,Paid,7204.8
17765,7516,2026-08-29,Net Banking,Paid,1303.5
17766,21378,2026-08-29,Credit Card,Paid,9283.0
17767,11102,2026-08-29,UPI,Paid,10451.6
17768,12313,2026-08-29,UPI,Paid,4265.0
17769,11673,2026-08-29,Credit Card,Paid,8354.7
17770,6048,2026-08-29,UPI,Paid,80549.4
17771,7829,2026-08-29,Net Banking,Paid,63287.0
17772,7111,2026-08-29,Credit Card,Paid,75654.6
17773,12941,2026-08-29,Credit Card,Paid,184369.3
17774,13134,2026-08-30,UPI,Paid,58363.2
17775,21226,2026-08-30,Credit Card,Paid,13972.3
17776,20255,2026-08-30,UPI,Paid,76319.2
17777,9220,2026-08-30,UPI,Paid,13453.2
17778,21934,2026-08-30,UPI,Paid,38051.15
17779,6684,2026-08-30,UPI,Paid,60630.5
17780,22426,2026-08-30,Net Banking,Paid,16809.85
17781,6661,2026-08-30,UPI,Paid,18198.0
17782,23045,2026-08-30,UPI,Paid,33802.0
17783,21587,2026-08-30,UPI,Paid,40175.1
17784,19472,2026-08-30,Net Banking,Paid,51331.8
17785,19912,2026-08-30,UPI,Paid,14335.6
17786,16051,2026-08-30,UPI,Paid,62897.6
17787,10174,2026-08-30,UPI,Paid,112408.0
17788,21979,2026-08-30,UPI,Paid,15036.2
17789,20940,2026-08-30,Credit Card,Paid,12435.4
17790,482,2026-08-30,UPI,Paid,42942.85
17791,3753,2026-08-30,Debit Card,Paid,88440.75
17792,23766,2026-08-31,Cash on Delivery,Paid,10824.2
17793,9140,2026-08-31,Debit Card,Paid,34765.2
17794,13167,2026-08-31,UPI,Paid,4594.25
17795,6551,2026-08-31,Debit Card,Paid,110864.8
17796,13997,2026-08-31,Cash on Delivery,Paid,8389.65
17797,7451,2026-08-31,Credit Card,Paid,181566.9
17798,20879,2026-08-31,UPI,Paid,415.0
17799,5381,2026-08-31,UPI,Paid,63540.75
17800,13815,2026-08-31,UPI,Paid,51374.9
17801,7728,2026-08-31,Net Banking,Paid,49659.55
17802,7605,2026-08-31,Credit Card,Paid,29716.0
17803,4464,2026-09-01,UPI,Paid,41422.55
17804,12536,2026-09-01,Cash on Delivery,Paid,3560.6
17805,15104,2026-09-01,Credit Card,Paid,10599.75
17806,9563,2026-09-01,UPI,Paid,19448.85
17807,19956,2026-09-01,UPI,Paid,11626.0
17808,6320,2026-09-01,Credit Card,Paid,4681.6
17809,14921,2026-09-01,Debit Card,Paid,46614.4
17810,1152,2026-09-01,UPI,Paid,28768.25
17811,11645,2026-09-01,Cash on Delivery,Paid,23580.8
17812,3099,2026-09-01,Cash on Delivery,Paid,7603.8
17813,16196,2026-09-01,UPI,Paid,139040.0
17814,1974,2026-09-01,UPI,Paid,20243.2
17815,14171,2026-09-01,Cash on Delivery,Paid,21002.55
17816,3632,2026-09-01,Cash on Delivery,Paid,4832.65
17817,11008,2026-09-01,Net Banking,Paid,178296.4
17818,3920,2026-09-01,Credit Card,Paid,10333.0
17819,10871,2026-09-01,UPI,Paid,7566.25
17820,10166,2026-09-01,Debit Card,Paid,64197.0
17821,4168,2026-09-02,UPI,Paid,16565.8
17822,630,2026-09-02,Credit Card,Paid,9283.0
17823,16387,2026-09-02,UPI,Paid,7013.25
17824,7159,2026-09-02,Debit Card,Paid,74964.0
17825,11484,2026-09-02,Credit Card,Paid,4286.7
17826,11838,2026-09-02,UPI,Paid,26970.2
17827,23780,2026-09-02,Net Banking,Paid,67162.5
17828,9237,2026-09-02,UPI,Paid,1874.0
17829,9378,2026-09-02,Net Banking,Paid,4876.35
17830,2339,2026-09-02,Credit Card,Paid,101565.85
17831,21234,2026-09-02,Net Banking,Paid,12551.4
17832,176,2026-09-02,UPI,Paid,59073.3
17833,2688,2026-09-02,UPI,Paid,3430.6
17834,17014,2026-09-02,UPI,Paid,18729.1
17835,23179,2026-09-03,Credit Card,Paid,159224.0
17836,11032,2026-09-03,Credit Card,Paid,247706.8
17837,23503,2026-09-03,Debit Card,Paid,3626.15
17838,11605,2026-09-03,Cash on Delivery,Paid,2094.4
17839,11663,2026-09-03,Cash on Delivery,Paid,108453.6
17840,10701,2026-09-03,Credit Card,Paid,6486.6
17841,23212,2026-09-03,UPI,Paid,543.0
17842,22443,2026-09-03,Debit Card,Paid,47286.0
17843,23986,2026-09-03,Debit Card,Paid,46146.7
17844,10846,2026-09-03,Cash on Delivery,Paid,23139.0
17845,642,2026-09-03,Credit Card,Paid,32575.8
17846,308,2026-09-03,Cash on Delivery,Paid,2375.0
17847,23278,2026-09-03,UPI,Paid,58055.85
17848,4678,2026-09-03,UPI,Paid,122202.65
17849,10152,2026-09-03,Net Banking,Paid,19098.25
17850,9390,2026-09-03,Net Banking,Paid,60877.1
17851,14684,2026-09-03,UPI,Paid,52226.8
17852,12925,2026-09-03,Debit Card,Paid,24399.8
17853,17528,2026-09-03,UPI,Paid,8168.35
17854,3379,2026-09-03,UPI,Paid,36245.9
17855,19839,2026-09-03,Cash on Delivery,Paid,78357.9
17856,18180,2026-09-03,Credit Card,Paid,34027.1
17857,20517,2026-09-03,UPI,Paid,29760.0
17858,18376,2026-09-03,Credit Card,Paid,10805.4
17859,21602,2026-09-03,Credit Card,Paid,89843.4
17860,3770,2026-09-03,Debit Card,Paid,31758.4
17861,6063,2026-09-04,UPI,Paid,2920.3
17862,6013,2026-09-04,Credit Card,Paid,59587.2
17863,12267,2026-09-04,UPI,Paid,8666.25
17864,2372,2026-09-04,Cash on Delivery,Paid,121713.55
17865,8074,2026-09-04,Cash on Delivery,Paid,26748.75
17866,16627,2026-09-04,Credit Card,Paid,22621.15
17867,3708,2026-09-04,UPI,Paid,8354.7
17868,19286,2026-09-04,Net Banking,Paid,33802.0
17869,10453,2026-09-04,Credit Card,Paid,77249.25
17870,16732,2026-09-04,UPI,Paid,212552.8
17871,9568,2026-09-04,UPI,Paid,20547.2
17872,21625,2026-09-04,UPI,Paid,7685.5
17873,24697,2026-09-04,UPI,Paid,9561.75
17874,5512,2026-09-04,Debit Card,Paid,34490.4
17875,18177,2026-09-04,Debit Card,Paid,150566.85
17876,1621,2026-09-04,UPI,Paid,32325.2
17877,5717,2026-09-04,UPI,Paid,9422.0
17878,21294,2026-09-04,Cash on Delivery,Paid,65013.0
17879,15149,2026-09-04,Net Banking,Paid,69268.35
17880,3634,2026-09-04,UPI,Paid,7675.85
17881,21946,2026-09-05,UPI,Paid,44475.2
17882,2507,2026-09-05,Credit Card,Paid,26794.45
17883,13377,2026-09-05,Net Banking,Paid,3373.2
17884,19059,2026-09-05,Net Banking,Paid,25874.2
17885,18088,2026-09-05,UPI,Paid,23691.5
17886,21927,2026-09-05,Debit Card,Paid,33743.05
17887,6716,2026-09-05,UPI,Paid,99300.6
17888,20703,2026-09-05,UPI,Paid,6578.75
17889,8989,2026-09-05,UPI,Paid,3401.7
17890,24036,2026-09-05,UPI,Paid,17775.75
17891,15076,2026-09-05,Debit Card,Paid,3350.85
17892,7280,2026-09-05,UPI,Paid,139546.05
17893,5371,2026-09-05,Cash on Delivery,Paid,104373.0
17894,2792,2026-09-05,Credit Card,Paid,67353.6
17895,14839,2026-09-05,UPI,Paid,33012.0
17896,9651,2026-09-05,Debit Card,Paid,71454.25
17897,7265,2026-09-06,Cash on Delivery,Paid,117793.2
17898,16087,2026-09-06,Cash on Delivery,Paid,98936.0
17899,7170,2026-09-06,Debit Card,Paid,128828.55
17900,11665,2026-09-06,UPI,Paid,61824.6
17901,17876,2026-09-06,Cash on Delivery,Paid,73072.4
17902,6137,2026-09-06,Debit Card,Paid,7606.8
17903,12863,2026-09-06,Net Banking,Paid,13545.6
17904,15031,2026-09-06,Credit Card,Paid,20427.0
17905,22382,2026-09-06,Credit Card,Paid,44119.05
17906,6310,2026-09-06,UPI,Paid,261037.2
17907,9488,2026-09-06,UPI,Paid,1599.3
17908,16455,2026-09-06,UPI,Paid,31889.9
17909,15557,2026-09-06,UPI,Paid,22075.35
17910,22893,2026-09-06,Debit Card,Paid,39335.0
17911,4068,2026-09-06,Credit Card,Paid,2873.6
17912,23458,2026-09-06,Credit Card,Paid,2094.4
17913,14059,2026-09-06,Cash on Delivery,Paid,83468.9
17914,4133,2026-09-06,Cash on Delivery,Paid,31973.8
17915,14055,2026-09-06,UPI,Paid,22096.4
17916,13326,2026-09-07,Cash on Delivery,Paid,2054.25
17917,16692,2026-09-07,Credit Card,Paid,5994.4
17918,19422,2026-09-07,Debit Card,Paid,115409.1
17919,2180,2026-09-07,UPI,Paid,221.6
17920,18816,2026-09-07,Credit Card,Paid,44932.5
17921,13517,2026-09-07,UPI,Paid,27906.55
17922,7667,2026-09-07,UPI,Paid,112925.1
17923,20953,2026-09-07,Cash on Delivery,Paid,5787.65
17924,7242,2026-09-07,Debit Card,Paid,7100.3
17925,15998,2026-09-07,Net Banking,Paid,130518.6
17926,369,2026-09-07,Credit Card,Paid,27097.6
17927,1354,2026-09-07,Cash on Delivery,Paid,5147.1
17928,15712,2026-09-07,Net Banking,Paid,18313.2
17929,596,2026-09-07,UPI,Paid,37815.7
17930,1873,2026-09-07,UPI,Paid,11521.7
17931,16147,2026-09-07,UPI,Paid,6412.8
17932,14523,2026-09-07,Cash on Delivery,Paid,40274.7
17933,24382,2026-09-07,UPI,Paid,2851.75
17934,24699,2026-09-07,UPI,Paid,6828.0
17935,20084,2026-09-07,UPI,Paid,30174.9
17936,9178,2026-09-07,Cash on Delivery,Paid,34027.1
17937,18668,2026-09-07,Debit Card,Paid,54004.7
17938,14176,2026-09-07,Debit Card,Paid,6369.05
17939,687,2026-09-07,UPI,Paid,25990.75
17940,18721,2026-09-07,UPI,Paid,35092.4
17941,19329,2026-09-08,Credit Card,Paid,30374.0
17942,6702,2026-09-08,UPI,Paid,8466.0
17943,2356,2026-09-08,Cash on Delivery,Paid,10461.85
17944,24147,2026-09-08,UPI,Paid,6097.0
17945,24161,2026-09-08,UPI,Paid,3853.05
17946,2569,2026-09-08,UPI,Paid,4832.65
17947,7796,2026-09-08,Cash on Delivery,Paid,137515.35
17948,6253,2026-09-08,Net Banking,Paid,41266.4
17949,3590,2026-09-08,Net Banking,Paid,98617.05
17950,7237,2026-09-08,UPI,Paid,190311.3
17951,14658,2026-09-08,Cash on Delivery,Paid,4549.5
17952,6283,2026-09-08,UPI,Paid,29901.8
17953,21018,2026-09-08,UPI,Paid,44663.3
17954,17419,2026-09-08,Debit Card,Paid,12874.2
17955,22776,2026-09-08,Debit Card,Paid,7550.7
17956,11053,2026-09-08,Cash on Delivery,Paid,3590.4
17957,9194,2026-09-08,UPI,Paid,4051.75
17958,12449,2026-09-08,Credit Card,Paid,10459.5
17959,1818,2026-09-08,Cash on Delivery,Paid,35202.4
17960,15925,2026-09-08,UPI,Paid,64312.15
17961,20985,2026-09-08,UPI,Paid,8759.65
17962,11079,2026-09-08,UPI,Paid,44312.6
17963,7743,2026-09-09,Cash on Delivery,Paid,36157.6
17964,13466,2026-09-09,Credit Card,Paid,23561.25
17965,8007,2026-09-09,UPI,Paid,9283.0
17966,20314,2026-09-09,Cash on Delivery,Paid,40126.1
17967,12552,2026-09-09,Credit Card,Paid,12705.8
17968,7975,2026-09-09,Cash on Delivery,Paid,900.0
17969,16045,2026-09-09,Credit Card,Paid,50808.0
17970,7872,2026-09-09,UPI,Paid,20788.8
17971,14483,2026-09-09,UPI,Paid,183891.9
17972,9225,2026-09-09,UPI,Paid,45864.1
17973,10290,2026-09-09,Net Banking,Paid,12013.05
17974,22847,2026-09-09,Debit Card,Paid,6749.75
17975,8694,2026-09-09,Credit Card,Paid,36447.85
17976,641,2026-09-09,UPI,Paid,470.9
17977,24364,2026-09-09,UPI,Paid,61605.6
17978,11498,2026-09-09,Debit Card,Paid,10512.7
17979,16754,2026-09-09,Debit Card,Paid,50629.6
17980,1392,2026-09-09,UPI,Paid,14543.1
17981,4039,2026-09-09,UPI,Paid,20163.0
17982,4699,2026-09-09,UPI,Paid,104281.5
17983,9788,2026-09-09,UPI,Paid,57953.5
17984,2572,2026-09-09,Cash on Delivery,Paid,2920.3
17985,15024,2026-09-10,Net Banking,Paid,4306.35
17986,9072,2026-09-10,Cash on Delivery,Paid,34572.4
17987,18278,2026-09-10,UPI,Paid,11927.7
17988,2986,2026-09-10,Debit Card,Paid,35658.15
17989,13797,2026-09-10,Credit Card,Paid,8673.65
17990,10299,2026-09-10,Debit Card,Paid,1954.8
17991,17804,2026-09-10,UPI,Paid,65259.3
17992,17602,2026-09-10,Cash on Delivery,Paid,88690.7
17993,15009,2026-09-10,Credit Card,Paid,6710.0
17994,1310,2026-09-10,UPI,Paid,31415.0
17995,21195,2026-09-10,Debit Card,Paid,115830.9
17996,7770,2026-09-11,UPI,Paid,13698.8
17997,7378,2026-09-11,Debit Card,Paid,20731.05
17998,11263,2026-09-11,UPI,Paid,12395.95
17999,18528,2026-09-11,UPI,Paid,26834.45
18000,13193,2026-09-11,UPI,Paid,38526.0
18001,14525,2026-09-11,UPI,Paid,3239.5
18002,23425,2026-09-11,UPI,Paid,9752.4
18003,17960,2026-09-11,Credit Card,Paid,186082.6
18004,17896,2026-09-11,Credit Card,Paid,33845.0
18005,10096,2026-09-11,Debit Card,Paid,79957.8
18006,6130,2026-09-11,Credit Card,Paid,5418.8
18007,23232,2026-09-11,Debit Card,Paid,42642.75
18008,8113,2026-09-11,Cash on Delivery,Paid,52881.6
18009,16750,2026-09-11,UPI,Paid,4079.7
18010,19256,2026-09-11,Debit Card,Paid,6820.0
18011,12290,2026-09-11,Credit Card,Paid,7480.8
18012,2360,2026-09-11,UPI,Paid,3173.1
18013,11731,2026-09-11,UPI,Paid,38925.3
18014,6287,2026-09-12,Debit Card,Paid,9778.4
18015,18588,2026-09-12,UPI,Paid,145010.95
18016,15620,2026-09-12,Credit Card,Paid,6324.0
18017,12216,2026-09-12,UPI,Paid,18914.9
18018,1229,2026-09-12,UPI,Paid,57810.0
18019,9966,2026-09-12,UPI,Paid,8050.3
18020,18726,2026-09-12,Cash on Delivery,Paid,148615.55
18021,22955,2026-09-12,Credit Card,Paid,23341.85
18022,18755,2026-09-12,Debit Card,Paid,33464.95
18023,16830,2026-09-12,UPI,Paid,29042.05
18024,15928,2026-09-12,UPI,Paid,15250.9
18025,7293,2026-09-12,UPI,Paid,15896.6
18026,1528,2026-09-12,Debit Card,Paid,45838.45
18027,2088,2026-09-12,Cash on Delivery,Paid,16683.5
18028,13630,2026-09-12,Debit Card,Paid,3801.9
18029,24904,2026-09-12,Cash on Delivery,Paid,4605.3
18030,7706,2026-09-12,UPI,Paid,3625.25
18031,9512,2026-09-12,Credit Card,Paid,73889.1
18032,13609,2026-09-12,UPI,Paid,7100.3
18033,14711,2026-09-13,UPI,Paid,16750.4
18034,20364,2026-09-13,Cash on Delivery,Paid,46448.7
18035,11703,2026-09-13,Cash on Delivery,Paid,5418.0
18036,15844,2026-09-13,Net Banking,Paid,21069.0
18037,390,2026-09-13,Credit Card,Paid,11238.3
18038,4730,2026-09-13,Credit Card,Paid,6547.55
18039,8505,2026-09-13,Debit Card,Paid,125114.4
18040,20453,2026-09-13,Net Banking,Paid,11523.6
18041,19038,2026-09-13,Debit Card,Paid,43909.0
18042,1031,2026-09-13,UPI,Paid,10330.8
18043,16992,2026-09-13,UPI,Paid,9283.0
18044,6024,2026-09-13,Debit Card,Paid,4711.0
18045,16611,2026-09-13,Credit Card,Paid,6726.6
18046,6534,2026-09-13,UPI,Paid,23109.0
18047,22929,2026-09-13,Credit Card,Paid,31502.15
18048,4925,2026-09-14,Debit Card,Paid,18670.5
18049,2749,2026-09-14,Credit Card,Paid,106087.2
18050,14543,2026-09-14,UPI,Paid,7196.1
18051,6218,2026-09-14,Credit Card,Paid,21788.8
18052,20258,2026-09-14,UPI,Paid,134765.1
18053,22546,2026-09-14,Debit Card,Paid,5462.4
18054,10872,2026-09-14,UPI,Paid,6295.0
18055,16689,2026-09-14,UPI,Paid,86246.9
18056,16155,2026-09-14,Debit Card,Paid,116426.8
18057,12940,2026-09-14,Debit Card,Paid,46747.3
18058,10626,2026-09-14,UPI,Paid,70984.2
18059,7797,2026-09-14,UPI,Paid,37805.9
18060,19790,2026-09-14,UPI,Paid,6151.5
18061,13671,2026-09-14,Credit Card,Paid,8688.0
18062,10904,2026-09-14,Credit Card,Paid,143975.4
18063,7494,2026-09-14,UPI,Paid,19941.0
18064,8706,2026-09-14,UPI,Paid,26041.1
18065,7652,2026-09-14,Cash on Delivery,Paid,4239.9
18066,10302,2026-09-14,Debit Card,Paid,58018.7
18067,20938,2026-09-14,Credit Card,Paid,40255.5
18068,3783,2026-09-15,Net Banking,Paid,33812.1
18069,4429,2026-09-15,UPI,Paid,18617.6
18070,10242,2026-09-15,UPI,Paid,31415.0
18071,24838,2026-09-15,Credit Card,Paid,10273.6
18072,9115,2026-09-15,Net Banking,Paid,7606.8
18073,10937,2026-09-15,Debit Card,Paid,35690.55
18074,12754,2026-09-15,UPI,Paid,9422.0
18075,21164,2026-09-15,UPI,Paid,6828.0
18076,17977,2026-09-15,Debit Card,Paid,15714.0
18077,21992,2026-09-15,Cash on Delivery,Paid,24038.8
18078,5270,2026-09-15,Debit Card,Paid,41115.4
18079,23332,2026-09-15,Credit Card,Paid,8744.4
18080,1405,2026-09-15,UPI,Paid,17490.5
18081,7333,2026-09-15,Credit Card,Paid,6039.0
18082,6177,2026-09-15,UPI,Paid,57207.65
18083,2771,2026-09-15,UPI,Paid,4236.3
18084,14638,2026-09-15,UPI,Paid,9614.4
18085,23073,2026-09-16,Debit Card,Paid,55008.0
18086,15985,2026-09-16,Cash on Delivery,Paid,171693.2
18087,20736,2026-09-16,UPI,Paid,47177.4
18088,7995,2026-09-16,Credit Card,Paid,77635.5
18089,8429,2026-09-16,Debit Card,Paid,6769.0
18090,22851,2026-09-16,UPI,Paid,12846.6
18091,5509,2026-09-16,Cash on Delivery,Paid,9351.0
18092,5354,2026-09-16,UPI,Paid,15077.0
18093,21311,2026-09-16,Net Banking,Paid,1183.5
18094,6988,2026-09-16,Cash on Delivery,Paid,12952.3
18095,27,2026-09-16,UPI,Paid,2374.9
18096,21922,2026-09-16,UPI,Paid,18566.0
18097,23214,2026-09-16,UPI,Paid,1117.6
18098,23934,2026-09-16,UPI,Paid,131495.5
18099,551,2026-09-16,Credit Card,Paid,71632.0
18100,9037,2026-09-16,Credit Card,Paid,18702.0
18101,21857,2026-09-16,Debit Card,Paid,9210.6
18102,351,2026-09-16,Cash on Delivery,Paid,65506.1
18103,14361,2026-09-16,Net Banking,Paid,55026.6
18104,17791,2026-09-16,Debit Card,Paid,27161.5
18105,14707,2026-09-17,Credit Card,Paid,4306.35
18106,14535,2026-09-17,Debit Card,Paid,1382.95
18107,13101,2026-09-17,Debit Card,Paid,65791.5
18108,5582,2026-09-17,UPI,Paid,16419.75
18109,10103,2026-09-17,Cash on Delivery,Paid,73032.7
18110,2990,2026-09-17,Debit Card,Paid,82026.7
18111,3187,2026-09-17,Credit Card,Paid,16085.4
18112,15477,2026-09-17,UPI,Paid,10773.75
18113,13624,2026-09-17,Cash on Delivery,Paid,69466.9
18114,17837,2026-09-17,UPI,Paid,35464.5
18115,8526,2026-09-17,Debit Card,Paid,159856.2
18116,21095,2026-09-17,UPI,Paid,47726.55
18117,15198,2026-09-17,Debit Card,Paid,9235.9
18118,19806,2026-09-17,Debit Card,Paid,3626.15
18119,16492,2026-09-17,UPI,Paid,59589.0
18120,14571,2026-09-17,Cash on Delivery,Paid,61339.4
18121,20778,2026-09-18,UPI,Paid,42474.3
18122,7287,2026-09-18,UPI,Paid,3019.5
18123,24961,2026-09-18,Net Banking,Paid,1525.0
18124,12553,2026-09-18,Credit Card,Paid,75838.05
18125,486,2026-09-18,Credit Card,Paid,24879.0
18126,4608,2026-09-18,UPI,Paid,40193.1
18127,21713,2026-09-18,UPI,Paid,4784.5
18128,5087,2026-09-18,UPI,Paid,27849.0
18129,10405,2026-09-18,UPI,Paid,69450.0
18130,21142,2026-09-18,UPI,Paid,1941.8
18131,17999,2026-09-18,UPI,Paid,15165.0
18132,2538,2026-09-18,UPI,Paid,62897.6
18133,19281,2026-09-18,UPI,Paid,23531.5
18134,11179,2026-09-18,UPI,Paid,12919.05
18135,6115,2026-09-19,Credit Card,Paid,29837.25
18136,3210,2026-09-19,UPI,Paid,28176.75
18137,13699,2026-09-19,Credit Card,Paid,5785.15
18138,16920,2026-09-19,UPI,Paid,33196.8
18139,23172,2026-09-19,UPI,Paid,9631.5
18140,15298,2026-09-19,Debit Card,Paid,7384.8
18141,7380,2026-09-19,UPI,Paid,13189.9
18142,10946,2026-09-19,Credit Card,Paid,4471.65
18143,19953,2026-09-19,Debit Card,Paid,170229.6
18144,2003,2026-09-19,Credit Card,Paid,8405.75
18145,24538,2026-09-19,Cash on Delivery,Paid,4239.0
18146,12159,2026-09-19,UPI,Paid,85075.2
18147,7851,2026-09-20,UPI,Paid,1510.45
18148,4994,2026-09-20,UPI,Paid,60064.7
18149,16145,2026-09-20,Credit Card,Paid,45817.55
18150,4536,2026-09-20,UPI,Paid,4188.8
18151,3900,2026-09-20,Debit Card,Paid,41183.85
18152,2203,2026-09-20,Net Banking,Paid,263.15
18153,5547,2026-09-20,Cash on Delivery,Paid,59971.2
18154,1378,2026-09-20,Credit Card,Paid,33326.8
18155,8601,2026-09-20,UPI,Paid,14098.1
18156,21666,2026-09-20,UPI,Paid,3457.5
18157,17224,2026-09-20,Credit Card,Paid,169150.0
18158,4559,2026-09-20,UPI,Paid,41619.3
18159,3731,2026-09-20,UPI,Paid,3625.25
18160,13098,2026-09-20,Cash on Delivery,Paid,11555.0
18161,17566,2026-09-20,Credit Card,Paid,23671.65
18162,19474,2026-09-20,UPI,Paid,6138.0
18163,16553,2026-09-20,Credit Card,Paid,16878.45
18164,2475,2026-09-20,Credit Card,Paid,121681.85
18165,20754,2026-09-20,UPI,Paid,58207.45
18166,278,2026-09-20,Credit Card,Paid,16214.2
18167,16654,2026-09-20,Cash on Delivery,Paid,2765.9
18168,8950,2026-09-20,UPI,Paid,4475.45
18169,20860,2026-09-20,Credit Card,Paid,37943.15
18170,10380,2026-09-20,Credit Card,Paid,157871.0
18171,1485,2026-09-21,Net Banking,Paid,7358.45
18172,11633,2026-09-21,Credit Card,Paid,39118.6
18173,16973,2026-09-21,Cash on Delivery,Paid,87915.7
18174,1193,2026-09-21,Net Banking,Paid,24690.5
18175,10797,2026-09-21,Debit Card,Paid,7703.0
18176,18190,2026-09-21,UPI,Paid,16769.9
18177,5961,2026-09-21,Credit Card,Paid,59854.75
18178,18159,2026-09-21,Net Banking,Paid,7840.9
18179,21556,2026-09-21,Cash on Delivery,Paid,26193.6
18180,11196,2026-09-21,Cash on Delivery,Paid,20748.0
18181,2233,2026-09-21,Cash on Delivery,Paid,11557.8
18182,22618,2026-09-21,Debit Card,Paid,18306.05
18183,12147,2026-09-21,UPI,Paid,7619.4
18184,2490,2026-09-21,Credit Card,Paid,160853.9
18185,24589,2026-09-21,Debit Card,Paid,36872.8
18186,10360,2026-09-21,Net Banking,Paid,37103.0
18187,2829,2026-09-21,UPI,Paid,2293.3
18188,16352,2026-09-21,UPI,Paid,37884.6
18189,3425,2026-09-21,UPI,Paid,11557.8
18190,11954,2026-09-21,Debit Card,Paid,4643.05
18191,22291,2026-09-22,Debit Card,Paid,62414.95
18192,1496,2026-09-22,Net Banking,Paid,45053.2
18193,19590,2026-09-22,UPI,Paid,13599.0
18194,8675,2026-09-22,Cash on Delivery,Paid,142146.0
18195,20148,2026-09-22,UPI,Paid,23115.6
18196,4215,2026-09-22,UPI,Paid,48085.8
18197,21363,2026-09-22,Debit Card,Paid,47990.7
18198,15217,2026-09-22,Debit Card,Paid,20066.5
18199,7014,2026-09-22,UPI,Paid,43862.4
18200,2765,2026-09-22,Debit Card,Paid,29844.25
18201,7955,2026-09-22,Net Banking,Paid,3435.3
18202,12659,2026-09-22,Credit Card,Paid,35690.55
18203,14996,2026-09-22,UPI,Paid,3542.4
18204,6083,2026-09-22,Cash on Delivery,Paid,30008.25
18205,21029,2026-09-22,UPI,Paid,25775.3
18206,18357,2026-09-23,Cash on Delivery,Paid,25036.2
18207,21764,2026-09-23,Cash on Delivery,Paid,35449.85
18208,11904,2026-09-23,UPI,Paid,14742.1
18209,3605,2026-09-23,Credit Card,Paid,96956.1
18210,3514,2026-09-23,Credit Card,Paid,28768.25
18211,5132,2026-09-23,UPI,Paid,181694.4
18212,4949,2026-09-23,UPI,Paid,16200.0
18213,21414,2026-09-23,Credit Card,Paid,44639.0
18214,24221,2026-09-23,Credit Card,Paid,8490.55
18215,11268,2026-09-23,Cash on Delivery,Paid,8320.85
18216,10340,2026-09-23,UPI,Paid,30276.0
18217,20062,2026-09-23,UPI,Paid,21980.55
18218,23283,2026-09-23,Cash on Delivery,Paid,1062.5
18219,1796,2026-09-23,Cash on Delivery,Paid,211879.5
18220,22814,2026-09-23,Net Banking,Paid,107339.7
18221,20121,2026-09-23,UPI,Paid,64365.3
18222,7523,2026-09-23,Credit Card,Paid,56960.1
18223,15625,2026-09-23,UPI,Paid,11557.8
18224,13114,2026-09-23,UPI,Paid,63867.3
18225,210,2026-09-23,Cash on Delivery,Paid,8461.25
18226,12939,2026-09-23,UPI,Paid,2131.8
18227,23804,2026-09-23,Credit Card,Paid,109523.05
18228,2502,2026-09-23,Debit Card,Paid,4784.5
18229,12586,2026-09-23,UPI,Paid,6642.0
18230,18022,2026-09-23,UPI,Paid,42557.4
18231,12103,2026-09-23,Debit Card,Paid,10184.8
18232,23418,2026-09-24,Credit Card,Paid,4188.8
18233,23487,2026-09-24,Credit Card,Paid,118722.9
18234,2641,2026-09-24,UPI,Paid,8660.65
18235,799,2026-09-24,Credit Card,Paid,9667.15
18236,15884,2026-09-24,Net Banking,Paid,498.6
18237,6407,2026-09-24,Debit Card,Paid,70067.1
18238,16128,2026-09-24,Cash on Delivery,Paid,3239.5
18239,18240,2026-09-24,UPI,Paid,15637.5
18240,5809,2026-09-24,Credit Card,Paid,789.6
18241,22576,2026-09-24,UPI,Paid,88207.0
18242,10841,2026-09-24,UPI,Paid,144787.5
18243,24864,2026-09-24,Credit Card,Paid,39614.4
18244,16234,2026-09-24,Cash on Delivery,Paid,4137.1
18245,11016,2026-09-24,UPI,Paid,40364.9
18246,10115,2026-09-24,Credit Card,Paid,30879.9
18247,4076,2026-09-24,Cash on Delivery,Paid,21486.25
18248,14030,2026-09-24,UPI,Paid,144978.7
18249,16561,2026-09-24,Cash on Delivery,Paid,313572.2
18250,10543,2026-09-24,UPI,Paid,4004.35
18251,8055,2026-09-24,UPI,Paid,10977.25
18252,15667,2026-09-24,Debit Card,Paid,6274.4
18253,5102,2026-09-25,UPI,Paid,488.7
18254,6864,2026-09-25,Debit Card,Paid,130408.7
18255,8552,2026-09-25,Net Banking,Paid,16535.9
18256,15444,2026-09-25,Credit Card,Paid,28319.1
18257,137,2026-09-25,Credit Card,Paid,9283.0
18258,10377,2026-09-25,UPI,Paid,8328.0
18259,22605,2026-09-25,Debit Card,Paid,3799.0
18260,18149,2026-09-25,Credit Card,Paid,21940.9
18261,16076,2026-09-25,UPI,Paid,60339.05
18262,17810,2026-09-25,UPI,Paid,105932.8
18263,20330,2026-09-25,Debit Card,Paid,19355.5
18264,10908,2026-09-25,Cash on Delivery,Paid,157871.0
18265,16700,2026-09-25,Net Banking,Paid,26137.2
18266,8603,2026-09-25,UPI,Paid,4306.35
18267,7772,2026-09-26,UPI,Paid,3981.45
18268,24416,2026-09-26,UPI,Paid,92151.75
18269,3735,2026-09-26,Credit Card,Paid,4578.3
18270,635,2026-09-26,Net Banking,Paid,128005.75
18271,24817,2026-09-26,UPI,Paid,141858.0
18272,2432,2026-09-26,Cash on Delivery,Paid,12616.0
18273,20485,2026-09-26,Debit Card,Paid,23589.45
18274,22056,2026-09-26,UPI,Paid,3399.75
18275,23835,2026-09-26,UPI,Paid,28389.05
18276,13016,2026-09-26,UPI,Paid,3817.0
18277,3029,2026-09-26,Credit Card,Paid,6817.0
18278,24029,2026-09-26,Credit Card,Paid,46035.0
18279,10304,2026-09-26,UPI,Paid,35603.25
18280,17009,2026-09-26,Credit Card,Paid,12461.25
18281,20786,2026-09-26,Cash on Delivery,Paid,8462.55
18282,18118,2026-09-26,Net Banking,Paid,5979.2
18283,518,2026-09-26,Cash on Delivery,Paid,8354.7
18284,7511,2026-09-26,UPI,Paid,31603.5
18285,15194,2026-09-26,UPI,Paid,18548.8
18286,23661,2026-09-26,Net Banking,Paid,6476.15
18287,22132,2026-09-26,Debit Card,Paid,107162.0
18288,7633,2026-09-26,UPI,Paid,1314.6
18289,23963,2026-09-27,UPI,Paid,6145.2
18290,3331,2026-09-27,Cash on Delivery,Paid,28615.2
18291,15603,2026-09-27,UPI,Paid,24527.1
18292,19706,2026-09-27,UPI,Paid,12343.85
18293,19669,2026-09-27,UPI,Paid,24193.9
18294,20917,2026-09-27,Credit Card,Paid,172219.35
18295,22582,2026-09-27,Credit Card,Paid,68552.75
18296,16891,2026-09-27,Cash on Delivery,Paid,6829.6
18297,7723,2026-09-27,Debit Card,Paid,30850.15
18298,22973,2026-09-27,Credit Card,Paid,20943.3
18299,8315,2026-09-27,Cash on Delivery,Paid,11657.4
18300,14395,2026-09-27,UPI,Paid,12465.0
18301,1703,2026-09-27,Cash on Delivery,Paid,70630.15
18302,2468,2026-09-27,UPI,Paid,26528.4
18303,15665,2026-09-27,UPI,Paid,2340.8
18304,16516,2026-09-27,UPI,Paid,81414.6
18305,10928,2026-09-27,UPI,Paid,402.9
18306,9720,2026-09-27,UPI,Paid,106529.1
18307,11211,2026-09-27,UPI,Paid,2019.6
18308,7756,2026-09-27,Cash on Delivery,Paid,15606.5
18309,19714,2026-09-27,Credit Card,Paid,21180.25
18310,23178,2026-09-28,Credit Card,Paid,54887.0
18311,10124,2026-09-28,Debit Card,Paid,169109.8
18312,22821,2026-09-28,Credit Card,Paid,85705.4
18313,9953,2026-09-28,Cash on Delivery,Paid,26518.35
18314,3833,2026-09-28,UPI,Paid,9283.0
18315,21990,2026-09-28,Cash on Delivery,Paid,58438.3
18316,22568,2026-09-28,UPI,Paid,30718.2
18317,5310,2026-09-28,Credit Card,Paid,5453.6
18318,18485,2026-09-28,Debit Card,Paid,41013.35
18319,10952,2026-09-28,UPI,Paid,17588.15
18320,7026,2026-09-28,Debit Card,Paid,16092.85
18321,14399,2026-09-28,UPI,Paid,18859.8
18322,12680,2026-09-28,UPI,Paid,16761.5
18323,24184,2026-09-28,Debit Card,Paid,10915.7
18324,10090,2026-09-28,Credit Card,Paid,21660.5
18325,3287,2026-09-29,Cash on Delivery,Paid,33888.2
18326,22451,2026-09-29,UPI,Paid,98867.5
18327,4914,2026-09-29,Debit Card,Paid,14200.6
18328,840,2026-09-29,Net Banking,Paid,63141.0
18329,2754,2026-09-29,Credit Card,Paid,42557.4
18330,21781,2026-09-29,Cash on Delivery,Paid,15606.6
18331,19615,2026-09-29,Debit Card,Paid,99750.4
18332,7141,2026-09-29,Debit Card,Paid,3813.3
18333,4434,2026-09-29,Credit Card,Paid,488.7
18334,4475,2026-09-29,UPI,Paid,38472.6
18335,5029,2026-09-29,UPI,Paid,26483.2
18336,10821,2026-09-29,Debit Card,Paid,3849.75
18337,14203,2026-09-29,UPI,Paid,16589.55
18338,23367,2026-09-29,Cash on Delivery,Paid,4488.0
18339,18679,2026-09-29,UPI,Paid,56868.7
18340,23355,2026-09-29,UPI,Paid,118095.7
18341,262,2026-09-29,Credit Card,Paid,61824.6
18342,4406,2026-09-30,Credit Card,Paid,53568.8
18343,9040,2026-09-30,UPI,Paid,3814.8
18344,17880,2026-09-30,UPI,Paid,4237.0
18345,10450,2026-09-30,Debit Card,Paid,346387.0
18346,17020,2026-09-30,Credit Card,Paid,138729.1
18347,24491,2026-09-30,UPI,Paid,1537.0
18348,21982,2026-09-30,Net Banking,Paid,31603.5
18349,6471,2026-09-30,Debit Card,Paid,32440.6
18350,11968,2026-09-30,UPI,Paid,18265.1
18351,3758,2026-09-30,Credit Card,Paid,3607.2
18352,8685,2026-09-30,UPI,Paid,7317.85
18353,20805,2026-10-01,Credit Card,Paid,22422.0
18354,19793,2026-10-01,UPI,Paid,29734.75
18355,17710,2026-10-01,UPI,Paid,3508.35
18356,17034,2026-10-01,UPI,Paid,11546.0
18357,13487,2026-10-01,UPI,Paid,134977.0
18358,19655,2026-10-01,Cash on Delivery,Paid,59700.0
18359,10810,2026-10-01,UPI,Paid,8088.6
18360,23296,2026-10-01,UPI,Paid,3053.6
18361,2848,2026-10-01,Net Banking,Paid,2428.2
18362,15818,2026-10-01,Cash on Delivery,Paid,6204.7
18363,13437,2026-10-01,UPI,Paid,58389.9
18364,7292,2026-10-01,UPI,Paid,3626.15
18365,22946,2026-10-02,Net Banking,Paid,263.15
18366,22561,2026-10-02,UPI,Paid,40019.7
18367,21634,2026-10-02,Net Banking,Paid,26411.7
18368,11190,2026-10-02,UPI,Paid,1303.5
18369,11209,2026-10-02,Cash on Delivery,Paid,33902.25
18370,15669,2026-10-02,UPI,Paid,1397.0
18371,24630,2026-10-02,Net Banking,Paid,18706.8
18372,9039,2026-10-02,Credit Card,Paid,75671.4
18373,22,2026-10-02,UPI,Paid,12842.0
18374,17792,2026-10-02,Credit Card,Paid,50964.3
18375,19194,2026-10-02,Debit Card,Paid,3019.5
18376,4567,2026-10-02,Debit Card,Paid,34142.8
18377,14295,2026-10-02,UPI,Paid,2898.5
18378,20363,2026-10-02,Credit Card,Paid,6932.7
18379,11153,2026-10-02,UPI,Paid,29722.7
18380,23733,2026-10-02,Cash on Delivery,Paid,2500.0
18381,18522,2026-10-02,Debit Card,Paid,5427.5
18382,12486,2026-10-02,Debit Card,Paid,46399.3
18383,18614,2026-10-02,UPI,Paid,42452.0
18384,23559,2026-10-02,UPI,Paid,20740.3
18385,18307,2026-10-02,Credit Card,Paid,6820.0
18386,14651,2026-10-03,UPI,Paid,2283.2
18387,15666,2026-10-03,UPI,Paid,18878.0
18388,14826,2026-10-03,Debit Card,Paid,66190.55
18389,1393,2026-10-03,UPI,Paid,68195.9
18390,646,2026-10-03,UPI,Paid,4692.6
18391,650,2026-10-03,UPI,Paid,84798.3
18392,19033,2026-10-03,UPI,Paid,11408.0
18393,8666,2026-10-03,UPI,Paid,10852.9
18394,7306,2026-10-03,Credit Card,Paid,336774.45
18395,18482,2026-10-03,Debit Card,Paid,57670.75
18396,8117,2026-10-03,UPI,Paid,8666.25
18397,9607,2026-10-03,UPI,Paid,7777.6
18398,9998,2026-10-03,Net Banking,Paid,63500.0
18399,12810,2026-10-03,Credit Card,Paid,4721.25
18400,16874,2026-10-03,Credit Card,Paid,75744.0
18401,6577,2026-10-03,UPI,Paid,177.75
18402,423,2026-10-03,Credit Card,Paid,8818.85
18403,17955,2026-10-03,Credit Card,Paid,22295.0
18404,13110,2026-10-03,UPI,Paid,7493.0
18405,13549,2026-10-03,Credit Card,Paid,70583.25
18406,2701,2026-10-03,Cash on Delivery,Paid,9311.8
18407,21499,2026-10-03,UPI,Paid,21069.0
18408,22658,2026-10-03,Cash on Delivery,Paid,27811.0
18409,21716,2026-10-03,UPI,Paid,394.25
18410,1847,2026-10-03,Credit Card,Paid,960.5
18411,2613,2026-10-03,Net Banking,Paid,415.0
18412,11707,2026-10-03,UPI,Paid,20421.6
18413,22994,2026-10-04,UPI,Paid,77951.9
18414,2908,2026-10-04,Cash on Delivery,Paid,70929.0
18415,4329,2026-10-04,UPI,Paid,179874.0
18416,23019,2026-10-04,UPI,Paid,13414.95
18417,18025,2026-10-04,Debit Card,Paid,42942.85
18418,4246,2026-10-04,Net Banking,Paid,3673.65
18419,8147,2026-10-04,Credit Card,Paid,7319.1
18420,13727,2026-10-04,UPI,Paid,113916.6
18421,18819,2026-10-04,Debit Card,Paid,4533.0
18422,12069,2026-10-04,Cash on Delivery,Paid,116730.85
18423,8246,2026-10-04,Credit Card,Paid,189626.4
18424,11468,2026-10-04,UPI,Paid,11053.5
18425,3260,2026-10-04,Cash on Delivery,Paid,85114.8
18426,13285,2026-10-05,Credit Card,Paid,7734.0
18427,1773,2026-10-05,UPI,Paid,181098.2
18428,24885,2026-10-05,Debit Card,Paid,8212.8
18429,1482,2026-10-05,UPI,Paid,5747.2
18430,14266,2026-10-05,UPI,Paid,133031.2
18431,12197,2026-10-05,Cash on Delivery,Paid,99273.55
18432,13521,2026-10-05,Credit Card,Paid,6817.0
18433,16038,2026-10-05,Debit Card,Paid,23362.4
18434,14063,2026-10-05,Net Banking,Paid,75886.3
18435,7156,2026-10-05,Credit Card,Paid,9283.0
18436,24208,2026-10-05,Debit Card,Paid,134325.0
18437,5773,2026-10-05,UPI,Paid,1738.0
18438,5822,2026-10-05,Credit Card,Paid,22295.0
18439,1067,2026-10-05,UPI,Paid,235.45
18440,18854,2026-10-05,Credit Card,Paid,229975.8
18441,4828,2026-10-05,Credit Card,Paid,8818.85
18442,19820,2026-10-05,UPI,Paid,130633.8
18443,17650,2026-10-05,UPI,Paid,10878.45
18444,13458,2026-10-06,UPI,Paid,664.0
18445,17355,2026-10-06,UPI,Paid,64356.8
18446,11688,2026-10-06,Net Banking,Paid,44639.0
18447,2549,2026-10-06,Cash on Delivery,Paid,16220.3
18448,9104,2026-10-06,UPI,Paid,977.4
18449,14309,2026-10-06,Credit Card,Paid,149250.0
18450,15245,2026-10-06,UPI,Paid,1599.3
18451,6828,2026-10-06,Cash on Delivery,Paid,54234.4
18452,18094,2026-10-06,UPI,Paid,10174.0
18453,9975,2026-10-06,UPI,Paid,4004.35
18454,15258,2026-10-06,Credit Card,Paid,121113.35
18455,18066,2026-10-06,Credit Card,Paid,6624.35
18456,24160,2026-10-06,UPI,Paid,6606.4
18457,7130,2026-10-06,UPI,Paid,53152.7
18458,23973,2026-10-06,UPI,Paid,206739.6
18459,1382,2026-10-06,UPI,Paid,3601.8
18460,24083,2026-10-06,UPI,Paid,10527.6
18461,24701,2026-10-06,Debit Card,Paid,10573.2
18462,23890,2026-10-06,Cash on Delivery,Paid,22773.6
18463,13267,2026-10-06,UPI,Paid,623.25
18464,3266,2026-10-06,UPI,Paid,8042.7
18465,2004,2026-10-06,UPI,Paid,12270.6
18466,4253,2026-10-07,Net Banking,Paid,11588.9
18467,10335,2026-10-07,UPI,Paid,8415.9
18468,23654,2026-10-07,Cash on Delivery,Paid,41596.35
18469,16215,2026-10-07,UPI,Paid,14284.5
18470,18690,2026-10-07,UPI,Paid,102512.8
18471,19170,2026-10-07,Cash on Delivery,Paid,2765.9
18472,15756,2026-10-07,UPI,Paid,120839.6
18473,2703,2026-10-07,UPI,Paid,2602.05
18474,19505,2026-10-07,UPI,Paid,1125.0
18475,23565,2026-10-07,Cash on Delivery,Paid,3838.5
18476,24977,2026-10-07,UPI,Paid,461.55
18477,564,2026-10-07,UPI,Paid,51878.4
18478,24385,2026-10-07,UPI,Paid,4711.0
18479,11930,2026-10-07,Credit Card,Paid,17641.75
18480,1551,2026-10-08,UPI,Paid,743.6
18481,1739,2026-10-08,Credit Card,Paid,23586.6
18482,19910,2026-10-08,Debit Card,Paid,6435.0
18483,10064,2026-10-08,UPI,Paid,24293.0
18484,18004,2026-10-08,UPI,Paid,15508.15
18485,17249,2026-10-08,Net Banking,Paid,151262.8
18486,18276,2026-10-08,UPI,Paid,1460.15
18487,16490,2026-10-08,UPI,Paid,43212.55
18488,20586,2026-10-08,Net Banking,Paid,24592.0
18489,7090,2026-10-08,Cash on Delivery,Paid,24988.0
18490,20493,2026-10-08,Credit Card,Paid,66639.4
18491,2728,2026-10-08,Debit Card,Paid,14808.0
18492,17010,2026-10-08,Debit Card,Paid,44639.0
18493,20475,2026-10-08,Debit Card,Paid,4293.3
18494,21438,2026-10-08,Debit Card,Paid,4069.6
18495,13203,2026-10-08,Debit Card,Paid,7796.15
18496,14314,2026-10-08,Cash on Delivery,Paid,13560.3
18497,17079,2026-10-09,Net Banking,Paid,73755.9
18498,20355,2026-10-09,Credit Card,Paid,6973.0
18499,21313,2026-10-09,UPI,Paid,10915.7
18500,4538,2026-10-09,Net Banking,Paid,10915.7
18501,22702,2026-10-09,Credit Card,Paid,10318.5
18502,11566,2026-10-09,Cash on Delivery,Paid,1405.5
18503,12408,2026-10-09,Debit Card,Paid,32520.6
18504,5726,2026-10-09,Credit Card,Paid,69872.8
18505,6020,2026-10-09,Net Banking,Paid,129429.0
18506,20564,2026-10-09,Debit Card,Paid,37265.4
18507,18646,2026-10-09,Credit Card,Paid,34142.8
18508,9012,2026-10-09,Cash on Delivery,Paid,1724.8
18509,8176,2026-10-10,Credit Card,Paid,48251.0
18510,23947,2026-10-10,Credit Card,Paid,5453.6
18511,14464,2026-10-10,Net Banking,Paid,3648.25
18512,1658,2026-10-10,Credit Card,Paid,74316.35
18513,12796,2026-10-10,Net Banking,Paid,3430.6
18514,2681,2026-10-10,Credit Card,Paid,2563.1
18515,18492,2026-10-10,Credit Card,Paid,6973.0
18516,10436,2026-10-10,UPI,Paid,4877.6
18517,11993,2026-10-10,Credit Card,Paid,3768.8
18518,22306,2026-10-10,Credit Card,Paid,23041.45
18519,8828,2026-10-10,Credit Card,Paid,90048.2
18520,24888,2026-10-10,UPI,Paid,2728.0
18521,6632,2026-10-10,UPI,Paid,53744.7
18522,2421,2026-10-10,UPI,Paid,32627.2
18523,9004,2026-10-10,UPI,Paid,4475.45
18524,306,2026-10-10,UPI,Paid,8042.7
18525,13641,2026-10-10,UPI,Paid,35987.9
18526,17613,2026-10-10,Credit Card,Paid,45012.9
18527,1457,2026-10-10,UPI,Paid,87733.5
18528,18185,2026-10-10,Debit Card,Paid,3123.0
18529,8518,2026-10-10,UPI,Paid,8253.6
18530,12328,2026-10-10,Cash on Delivery,Paid,35779.9
18531,3014,2026-10-10,UPI,Paid,3862.0
18532,17380,2026-10-10,Net Banking,Paid,21743.8
18533,18676,2026-10-11,Credit Card,Paid,112454.55
18534,14634,2026-10-11,UPI,Paid,125883.5
18535,16224,2026-10-11,Credit Card,Paid,4008.0
18536,6240,2026-10-11,Credit Card,Paid,17104.2
18537,5909,2026-10-11,Debit Card,Paid,22295.0
18538,1267,2026-10-11,UPI,Paid,172341.85
18539,14318,2026-10-11,Cash on Delivery,Paid,7619.4
18540,1202,2026-10-11,Credit Card,Paid,54195.2
18541,13082,2026-10-11,Cash on Delivery,Paid,7021.45
18542,3658,2026-10-11,Net Banking,Paid,56960.1
18543,24517,2026-10-11,Net Banking,Paid,3401.7
18544,19435,2026-10-11,Credit Card,Paid,9856.6
18545,5292,2026-10-11,Cash on Delivery,Paid,113409.0
18546,23145,2026-10-11,Net Banking,Paid,59072.8
18547,9165,2026-10-11,Credit Card,Paid,9415.45
18548,3395,2026-10-11,UPI,Paid,31322.25
18549,23933,2026-10-11,Net Banking,Paid,68959.8
18550,7908,2026-10-11,Credit Card,Paid,7121.8
18551,21908,2026-10-11,Debit Card,Paid,93989.0
18552,23354,2026-10-11,UPI,Paid,64123.6
18553,5874,2026-10-11,Net Banking,Paid,720.0
18554,850,2026-10-11,UPI,Paid,4435.2
18555,9740,2026-10-12,Cash on Delivery,Paid,9816.0
18556,9526,2026-10-12,UPI,Paid,4533.0
18557,23829,2026-10-12,Cash on Delivery,Paid,3765.6
18558,8175,2026-10-12,Debit Card,Paid,6925.0
18559,8287,2026-10-12,Cash on Delivery,Paid,78454.65
18560,24641,2026-10-12,UPI,Paid,8875.85
18561,12083,2026-10-12,UPI,Paid,105612.2
18562,13837,2026-10-12,Net Banking,Paid,27907.2
18563,11254,2026-10-12,UPI,Paid,32519.05
18564,1557,2026-10-12,Credit Card,Paid,765.0
18565,8009,2026-10-12,Cash on Delivery,Paid,70893.75
18566,9597,2026-10-12,UPI,Paid,98728.4
18567,1797,2026-10-12,Credit Card,Paid,47549.15
18568,8677,2026-10-12,Credit Card,Paid,26749.0
18569,2264,2026-10-12,UPI,Paid,16638.4
18570,19935,2026-10-12,UPI,Paid,47286.0
18571,11911,2026-10-12,Debit Card,Paid,30015.4
18572,10593,2026-10-12,UPI,Paid,39614.4
18573,2905,2026-10-12,Cash on Delivery,Paid,265572.5
18574,12431,2026-10-12,Credit Card,Paid,12948.9
18575,8451,2026-10-12,Cash on Delivery,Paid,59651.0
18576,10224,2026-10-13,Credit Card,Paid,2331.3
18577,12146,2026-10-13,Credit Card,Paid,11981.4
18578,13808,2026-10-13,UPI,Paid,4239.9
18579,3699,2026-10-13,UPI,Paid,20485.8
18580,10638,2026-10-13,UPI,Paid,4048.55
18581,20841,2026-10-13,Cash on Delivery,Paid,13487.4
18582,18542,2026-10-13,UPI,Paid,12256.2
18583,11885,2026-10-13,Debit Card,Paid,2464.0
18584,22070,2026-10-13,Debit Card,Paid,2654.3
18585,2244,2026-10-13,Net Banking,Paid,70543.2
18586,5911,2026-10-13,Debit Card,Paid,24397.6
18587,2364,2026-10-13,Credit Card,Paid,17383.25
18588,14656,2026-10-13,Debit Card,Paid,84721.0
18589,8114,2026-10-13,UPI,Paid,5418.8
18590,7339,2026-10-13,UPI,Paid,4877.6
18591,12448,2026-10-13,Debit Card,Paid,67944.95
18592,13013,2026-10-13,Credit Card,Paid,86319.15
18593,11172,2026-10-13,Credit Card,Paid,39806.0
18594,10063,2026-10-13,UPI,Paid,7445.4
18595,7517,2026-10-13,Credit Card,Paid,5223.45
18596,1158,2026-10-13,UPI,Paid,44302.7
18597,5145,2026-10-14,Credit Card,Paid,52035.4
18598,9198,2026-10-14,UPI,Paid,7706.1
18599,14049,2026-10-14,UPI,Paid,3801.9
18600,1239,2026-10-14,Debit Card,Paid,12919.05
18601,9158,2026-10-14,Credit Card,Paid,37888.7
18602,8646,2026-10-14,Credit Card,Paid,19428.45
18603,15606,2026-10-14,UPI,Paid,9533.25
18604,5513,2026-10-14,Credit Card,Paid,3414.0
18605,6366,2026-10-14,Credit Card,Paid,3601.45
18606,5159,2026-10-14,UPI,Paid,14512.9
18607,9156,2026-10-14,Cash on Delivery,Paid,12551.4
18608,788,2026-10-14,Net Banking,Paid,15207.65
18609,9321,2026-10-14,Debit Card,Paid,6647.8
18610,23254,2026-10-14,Cash on Delivery,Paid,104209.5
18611,19303,2026-10-14,Net Banking,Paid,86710.5
18612,21456,2026-10-14,Net Banking,Paid,1738.0
18613,22241,2026-10-14,Cash on Delivery,Paid,184159.6
18614,23665,2026-10-14,UPI,Paid,10547.1
18615,24218,2026-10-14,Credit Card,Paid,3817.0
18616,21184,2026-10-14,Debit Card,Paid,80549.4
18617,19355,2026-10-14,UPI,Paid,134325.0
18618,22253,2026-10-15,Debit Card,Paid,73208.8
18619,9589,2026-10-15,Cash on Delivery,Paid,16108.0
18620,23833,2026-10-15,UPI,Paid,2023.5
18621,16870,2026-10-15,Credit Card,Paid,26701.5
18622,14603,2026-10-15,UPI,Paid,62548.2
18623,24222,2026-10-15,Cash on Delivery,Paid,9430.5
18624,824,2026-10-15,UPI,Paid,62551.9
18625,19232,2026-10-15,Cash on Delivery,Paid,190293.75
18626,12141,2026-10-15,Cash on Delivery,Paid,11557.8
18627,8016,2026-10-15,Credit Card,Paid,96534.0
18628,24592,2026-10-15,UPI,Paid,41513.85
18629,18587,2026-10-15,UPI,Paid,11397.0
18630,453,2026-10-15,Debit Card,Paid,103218.0
18631,18737,2026-10-15,UPI,Paid,4475.45
18632,8654,2026-10-15,Credit Card,Paid,10266.0
18633,19918,2026-10-15,Debit Card,Paid,225.15
18634,16582,2026-10-15,UPI,Paid,213.3
18635,18488,2026-10-15,Cash on Delivery,Paid,14630.7
18636,15769,2026-10-15,UPI,Paid,43674.75
18637,5462,2026-10-16,UPI,Paid,141858.0
18638,3098,2026-10-16,Net Banking,Paid,11575.3
18639,17436,2026-10-16,Debit Card,Paid,29653.65
18640,2322,2026-10-16,Net Banking,Paid,5147.1
18641,23715,2026-10-16,UPI,Paid,4619.7
18642,11292,2026-10-16,UPI,Paid,11839.75
18643,15140,2026-10-16,UPI,Paid,61625.5
18644,3903,2026-10-16,Credit Card,Paid,1561.5
18645,3258,2026-10-16,UPI,Paid,4533.0
18646,22907,2026-10-16,Credit Card,Paid,115356.75
18647,7072,2026-10-16,UPI,Paid,17164.8
18648,6539,2026-10-16,UPI,Paid,4079.7
18649,11987,2026-10-16,Credit Card,Paid,85095.45
18650,15846,2026-10-16,Credit Card,Paid,19263.0
18651,746,2026-10-16,Debit Card,Paid,19913.85
18652,5088,2026-10-16,UPI,Paid,407.25
18653,15977,2026-10-16,UPI,Paid,543.0
18654,6465,2026-10-16,Credit Card,Paid,3625.25
18655,10193,2026-10-16,UPI,Paid,29381.0
18656,19825,2026-10-16,Debit Card,Paid,8061.0
18657,5429,2026-10-16,UPI,Paid,101473.2
18658,14462,2026-10-16,Credit Card,Paid,5777.25
18659,15564,2026-10-16,UPI,Paid,22422.0
18660,10876,2026-10-16,UPI,Paid,30315.25
18661,18383,2026-10-16,UPI,Paid,70176.25
18662,15204,2026-10-16,Net Banking,Paid,6465.6
18663,17258,2026-10-16,Net Banking,Paid,2563.1
18664,13636,2026-10-16,UPI,Paid,69061.2
18665,4670,2026-10-16,UPI,Paid,9654.3
18666,414,2026-10-16,Credit Card,Paid,52220.5
18667,11230,2026-10-17,UPI,Paid,47085.2
18668,7579,2026-10-17,Credit Card,Paid,51271.5
18669,20476,2026-10-17,Net Banking,Paid,1042.95
18670,13908,2026-10-17,Credit Card,Paid,6232.5
18671,11671,2026-10-17,Debit Card,Paid,4586.6
18672,5859,2026-10-17,Credit Card,Paid,4605.3
18673,13886,2026-10-17,Cash on Delivery,Paid,11053.5
18674,12202,2026-10-17,UPI,Paid,13679.05
18675,1117,2026-10-17,Credit Card,Paid,40681.85
18676,12926,2026-10-17,UPI,Paid,21928.5
18677,7046,2026-10-17,Cash on Delivery,Paid,2694.05
18678,11112,2026-10-17,UPI,Paid,1651.1
18679,12775,2026-10-17,Net Banking,Paid,1397.0
18680,21373,2026-10-17,UPI,Paid,8110.15
18681,18670,2026-10-17,Credit Card,Paid,16347.95
18682,15695,2026-10-17,Debit Card,Paid,55775.5
18683,197,2026-10-17,UPI,Paid,4306.35
18684,4125,2026-10-17,UPI,Paid,2920.3
18685,21078,2026-10-17,Cash on Delivery,Paid,7013.25
18686,19150,2026-10-17,UPI,Paid,129475.4
18687,17705,2026-10-17,UPI,Paid,60203.8
18688,12524,2026-10-17,UPI,Paid,27762.35
18689,12949,2026-10-17,UPI,Paid,7657.95
18690,15089,2026-10-17,Net Banking,Paid,13268.8
18691,7000,2026-10-17,Credit Card,Paid,27097.6
18692,3998,2026-10-17,UPI,Paid,3243.3
18693,17202,2026-10-17,UPI,Paid,222961.4
18694,11970,2026-10-18,Cash on Delivery,Paid,10205.1
18695,19653,2026-10-18,Debit Card,Paid,126928.8
18696,1997,2026-10-18,Cash on Delivery,Paid,160023.3
18697,17287,2026-10-18,Credit Card,Paid,47017.9
18698,17420,2026-10-18,Credit Card,Paid,61870.6
18699,20366,2026-10-18,Credit Card,Paid,3244.45
18700,21631,2026-10-18,Debit Card,Paid,62062.95
18701,14289,2026-10-18,UPI,Paid,6726.6
18702,5881,2026-10-18,Credit Card,Paid,4471.65
18703,13545,2026-10-18,Debit Card,Paid,5698.5
18704,1136,2026-10-18,UPI,Paid,13453.2
18705,2205,2026-10-18,UPI,Paid,28573.2
18706,13915,2026-10-18,Net Banking,Paid,27606.45
18707,14843,2026-10-18,UPI,Paid,27076.0
18708,23887,2026-10-18,Cash on Delivery,Paid,71422.4
18709,7310,2026-10-18,UPI,Paid,4079.7
18710,2545,2026-10-18,Cash on Delivery,Paid,17005.95
18711,23167,2026-10-18,UPI,Paid,10907.2
18712,4595,2026-10-18,UPI,Paid,141737.5
18713,12051,2026-10-19,Cash on Delivery,Paid,8263.7
18714,8565,2026-10-19,Cash on Delivery,Paid,16157.2
18715,5855,2026-10-19,Debit Card,Paid,22863.1
18716,16186,2026-10-19,Cash on Delivery,Paid,71249.45
18717,12248,2026-10-19,UPI,Paid,48629.9
18718,9933,2026-10-19,UPI,Paid,132289.9
18719,8590,2026-10-19,Net Banking,Paid,2459.2
18720,23365,2026-10-19,UPI,Paid,87502.9
18721,22161,2026-10-19,UPI,Paid,111700.65
18722,9935,2026-10-19,Net Banking,Paid,59361.45
18723,8786,2026-10-19,UPI,Paid,72409.4
18724,22846,2026-10-19,Net Banking,Paid,12091.5
18725,24359,2026-10-20,Credit Card,Paid,7243.95
18726,9541,2026-10-20,UPI,Paid,152715.15
18727,14294,2026-10-20,UPI,Paid,12584.4
18728,20768,2026-10-20,Net Banking,Paid,47382.0
18729,4247,2026-10-20,Net Banking,Paid,12208.8
18730,3112,2026-10-20,UPI,Paid,74411.1
18731,12947,2026-10-20,UPI,Paid,22763.95
18732,22380,2026-10-20,UPI,Paid,66345.15
18733,11897,2026-10-20,Debit Card,Paid,78970.5
18734,3140,2026-10-20,UPI,Paid,4681.6
18735,19334,2026-10-20,UPI,Paid,1477.3
18736,12627,2026-10-20,UPI,Paid,311510.25
18737,23746,2026-10-20,Cash on Delivery,Paid,21323.3
18738,10860,2026-10-21,Net Banking,Paid,45203.0
18739,2378,2026-10-21,Credit Card,Paid,149620.0
18740,6117,2026-10-21,Cash on Delivery,Paid,13599.0
18741,17431,2026-10-21,Credit Card,Paid,69894.5
18742,5883,2026-10-21,Credit Card,Paid,6710.0
18743,21362,2026-10-21,UPI,Paid,16068.6
18744,19368,2026-10-21,UPI,Paid,15610.7
18745,12611,2026-10-21,UPI,Paid,23201.6
18746,9046,2026-10-21,UPI,Paid,190449.25
18747,6254,2026-10-21,UPI,Paid,63540.75
18748,23079,2026-10-21,UPI,Paid,99608.0
18749,20473,2026-10-21,UPI,Paid,58081.4
18750,15913,2026-10-21,Debit Card,Paid,1460.15
18751,23090,2026-10-21,Net Banking,Paid,63853.5
18752,22456,2026-10-21,Credit Card,Paid,71024.6
18753,14428,2026-10-21,Credit Card,Paid,28138.4
18754,16474,2026-10-21,Net Banking,Paid,1686.6
18755,14528,2026-10-21,UPI,Paid,38701.0
18756,21324,2026-10-21,Credit Card,Paid,123723.9
18757,13044,2026-10-22,Debit Card,Paid,28130.65
18758,4619,2026-10-22,Debit Card,Paid,48829.65
18759,10417,2026-10-22,Credit Card,Paid,148494.15
18760,10375,2026-10-22,Cash on Delivery,Paid,33104.0
18761,23170,2026-10-22,UPI,Paid,4533.0
18762,3198,2026-10-22,UPI,Paid,11852.4
18763,13484,2026-10-22,UPI,Paid,6128.1
18764,6627,2026-10-22,Credit Card,Paid,543.0
18765,13878,2026-10-22,Debit Card,Paid,12810.75
18766,12718,2026-10-22,UPI,Paid,9498.5
18767,8002,2026-10-22,Credit Card,Paid,60843.6
18768,2402,2026-10-22,Cash on Delivery,Paid,45393.25
18769,9951,2026-10-22,Cash on Delivery,Paid,19990.8
18770,3760,2026-10-22,UPI,Paid,28654.4
18771,16742,2026-10-22,Debit Card,Paid,25383.75
18772,9814,2026-10-22,Debit Card,Paid,24592.0
18773,15023,2026-10-22,Credit Card,Paid,33340.8
18774,11500,2026-10-22,Cash on Delivery,Paid,48757.0
18775,16056,2026-10-22,UPI,Paid,123776.0
18776,18284,2026-10-23,UPI,Paid,2698.0
18777,23424,2026-10-23,UPI,Paid,41970.6
18778,24428,2026-10-23,UPI,Paid,17658.75
18779,13316,2026-10-23,Debit Card,Paid,5809.75
18780,7932,2026-10-23,UPI,Paid,1795.2
18781,12010,2026-10-23,Credit Card,Paid,59958.0
18782,3867,2026-10-23,Credit Card,Paid,11557.8
18783,10341,2026-10-23,UPI,Paid,151927.2
18784,10781,2026-10-23,UPI,Paid,10273.6
18785,23848,2026-10-23,Credit Card,Paid,25049.6
18786,17273,2026-10-23,Net Banking,Paid,110287.8
18787,14607,2026-10-23,UPI,Paid,30744.25
18788,22002,2026-10-23,Debit Card,Paid,71650.8
18789,519,2026-10-24,Net Banking,Paid,5133.0
18790,24273,2026-10-24,Debit Card,Paid,43362.35
18791,24941,2026-10-24,UPI,Paid,24171.3
18792,19204,2026-10-24,UPI,Paid,61768.0
18793,4718,2026-10-24,Cash on Delivery,Paid,27872.2
18794,10247,2026-10-24,UPI,Paid,30678.0
18795,19922,2026-10-24,UPI,Paid,64848.0
18796,20652,2026-10-24,Credit Card,Paid,1846.2
18797,14212,2026-10-24,Net Banking,Paid,53786.4
18798,11705,2026-10-24,UPI,Paid,10756.8
18799,781,2026-10-24,Net Banking,Paid,11772.5
18800,21398,2026-10-24,Net Banking,Paid,111353.9
18801,20151,2026-10-24,UPI,Paid,99312.0
18802,21733,2026-10-24,UPI,Paid,7203.6
18803,24590,2026-10-24,Credit Card,Paid,2250.0
18804,18582,2026-10-25,Cash on Delivery,Paid,12919.05
18805,20337,2026-10-25,Cash on Delivery,Paid,22287.6
18806,19926,2026-10-25,Credit Card,Paid,25160.6
18807,24392,2026-10-25,Credit Card,Paid,37901.5
18808,6056,2026-10-25,Credit Card,Paid,1165.65
18809,23504,2026-10-25,UPI,Paid,11909.2
18810,3971,2026-10-25,UPI,Paid,8159.4
18811,24365,2026-10-25,Cash on Delivery,Paid,76872.1
18812,9505,2026-10-25,UPI,Paid,70323.0
18813,6598,2026-10-25,Debit Card,Paid,10399.5
18814,11051,2026-10-25,UPI,Paid,6162.4
18815,3606,2026-10-25,UPI,Paid,75442.5
18816,14882,2026-10-25,Credit Card,Paid,23654.7
18817,9675,2026-10-25,Credit Card,Paid,15907.35
18818,24680,2026-10-25,UPI,Paid,61427.7
18819,12966,2026-10-25,Credit Card,Paid,94069.3
18820,16204,2026-10-25,UPI,Paid,35464.5
18821,14053,2026-10-25,UPI,Paid,11379.1
18822,16157,2026-10-26,Debit Card,Paid,18648.9
18823,53,2026-10-26,UPI,Paid,4002.0
18824,866,2026-10-26,Cash on Delivery,Paid,21508.4
18825,7390,2026-10-26,Cash on Delivery,Paid,100027.6
18826,16131,2026-10-26,UPI,Paid,15555.2
18827,19148,2026-10-26,Credit Card,Paid,11296.8
18828,21571,2026-10-26,Debit Card,Paid,60110.4
18829,21334,2026-10-26,UPI,Paid,9117.6
18830,6625,2026-10-26,Cash on Delivery,Paid,6151.5
18831,1944,2026-10-26,Credit Card,Paid,6946.35
18832,5327,2026-10-26,UPI,Paid,1977.9
18833,5968,2026-10-26,Cash on Delivery,Paid,32931.75
18834,20632,2026-10-26,Cash on Delivery,Paid,28273.5
18835,5397,2026-10-26,Debit Card,Paid,45012.9
18836,11142,2026-10-26,Credit Card,Paid,5087.0
18837,11925,2026-10-26,Debit Card,Paid,4697.0
18838,24192,2026-10-26,Credit Card,Paid,1510.45
18839,7187,2026-10-26,UPI,Paid,91834.0
18840,13988,2026-10-26,Cash on Delivery,Paid,4856.4
18841,22041,2026-10-26,Credit Card,Paid,2901.9
18842,13845,2026-10-26,Cash on Delivery,Paid,24682.8
18843,21962,2026-10-26,UPI,Paid,7131.9
18844,22301,2026-10-26,UPI,Paid,36162.4
18845,19452,2026-10-26,UPI,Paid,27801.6
18846,24631,2026-10-27,Credit Card,Paid,2560.5
18847,19012,2026-10-27,Debit Card,Paid,44185.4
18848,9766,2026-10-27,UPI,Paid,10907.2
18849,6590,2026-10-27,Cash on Delivery,Paid,48539.0
18850,16431,2026-10-27,UPI,Paid,167051.65
18851,6992,2026-10-27,Credit Card,Paid,40231.25
18852,11481,2026-10-27,Credit Card,Paid,9260.5
18853,10944,2026-10-27,Debit Card,Paid,40193.1
18854,6470,2026-10-27,UPI,Paid,15273.75
18855,24642,2026-10-27,Credit Card,Paid,42643.8
18856,23133,2026-10-27,UPI,Paid,17909.0
18857,12440,2026-10-27,UPI,Paid,47342.5
18858,15921,2026-10-27,Net Banking,Paid,5725.5
18859,24608,2026-10-27,Net Banking,Paid,77443.5
18860,9837,2026-10-27,Debit Card,Paid,85641.1
18861,18247,2026-10-27,Debit Card,Paid,83090.0
18862,6292,2026-10-27,Debit Card,Paid,11555.0
18863,7934,2026-10-27,UPI,Paid,73930.4
18864,9571,2026-10-27,Credit Card,Paid,37815.7
18865,12207,2026-10-27,UPI,Paid,8103.5
18866,16809,2026-10-27,Net Banking,Paid,14583.0
18867,23518,2026-10-28,Credit Card,Paid,33225.75
18868,9948,2026-10-28,Credit Card,Paid,4412.0
18869,9802,2026-10-28,UPI,Paid,66144.9
18870,17642,2026-10-28,Credit Card,Paid,28275.5
18871,20935,2026-10-28,Cash on Delivery,Paid,19593.4
18872,21609,2026-10-28,Net Banking,Paid,10657.8
18873,22280,2026-10-28,Credit Card,Paid,12737.4
18874,19957,2026-10-28,UPI,Paid,30730.5
18875,13750,2026-10-28,Debit Card,Paid,24791.1
18876,20433,2026-10-28,Credit Card,Paid,8647.9
18877,10671,2026-10-28,Net Banking,Paid,6135.3
18878,2371,2026-10-28,Net Banking,Paid,60196.5
18879,1667,2026-10-28,UPI,Paid,29001.85
18880,2656,2026-10-28,Credit Card,Paid,53554.25
18881,9191,2026-10-28,UPI,Paid,17359.75
18882,21394,2026-10-29,Cash on Delivery,Paid,69758.95
18883,371,2026-10-29,UPI,Paid,1390.4
18884,9785,2026-10-29,Cash on Delivery,Paid,7218.1
18885,16297,2026-10-29,Cash on Delivery,Paid,11958.4
18886,21342,2026-10-29,UPI,Paid,6888.25
18887,8492,2026-10-29,UPI,Paid,25879.9
18888,15112,2026-10-29,Credit Card,Paid,25979.1
18889,3026,2026-10-29,UPI,Paid,5954.6
18890,1290,2026-10-29,Net Banking,Paid,1397.0
18891,8332,2026-10-29,Credit Card,Paid,4475.45
18892,1922,2026-10-29,Debit Card,Paid,45203.0
18893,17330,2026-10-29,Cash on Delivery,Paid,8422.15
18894,12035,2026-10-29,Credit Card,Paid,17934.1
18895,19572,2026-10-29,UPI,Paid,71511.3
18896,8464,2026-10-29,UPI,Paid,7449.3
18897,2150,2026-10-29,UPI,Paid,12708.9
18898,8125,2026-10-29,Cash on Delivery,Paid,99449.25
18899,2266,2026-10-29,Cash on Delivery,Paid,9359.1
18900,1824,2026-10-30,Credit Card,Paid,8573.4
18901,9574,2026-10-30,UPI,Paid,46979.8
18902,1518,2026-10-30,Cash on Delivery,Paid,75811.2
18903,9879,2026-10-30,UPI,Paid,7161.75
18904,19441,2026-10-30,Cash on Delivery,Paid,10399.5
18905,987,2026-10-30,UPI,Paid,3419.1
18906,2544,2026-10-30,Credit Card,Paid,25630.0
18907,18455,2026-10-30,UPI,Paid,16104.95
18908,12596,2026-10-30,Credit Card,Paid,3232.8
18909,23194,2026-10-30,Debit Card,Paid,12405.8
18910,19259,2026-10-30,Cash on Delivery,Paid,127672.2
18911,15372,2026-10-30,UPI,Paid,7100.3
18912,10159,2026-10-30,Credit Card,Paid,50629.6
18913,4385,2026-10-30,UPI,Paid,25049.6
18914,4360,2026-10-30,UPI,Paid,89214.8
18915,5586,2026-10-30,UPI,Paid,7563.3
18916,8802,2026-10-31,UPI,Paid,20008.15
18917,12922,2026-10-31,Cash on Delivery,Paid,2928.6
18918,5516,2026-10-31,Cash on Delivery,Paid,218424.7
18919,10383,2026-10-31,UPI,Paid,20547.2
18920,7002,2026-10-31,UPI,Paid,249.3
18921,6405,2026-10-31,UPI,Paid,41404.05
18922,14815,2026-10-31,Cash on Delivery,Paid,11557.8
18923,10313,2026-10-31,Cash on Delivery,Paid,66885.0
18924,7108,2026-10-31,UPI,Paid,36859.8
18925,13398,2026-10-31,Cash on Delivery,Paid,4572.75
18926,2192,2026-10-31,Cash on Delivery,Paid,25825.1
18927,9570,2026-10-31,UPI,Paid,30972.3
18928,5251,2026-10-31,UPI,Paid,10894.4
18929,3171,2026-10-31,UPI,Paid,4265.0
18930,21254,2026-10-31,UPI,Paid,3435.3
18931,132,2026-11-01,Debit Card,Paid,26550.3
18932,2644,2026-11-01,Credit Card,Paid,28849.2
18933,23462,2026-11-01,UPI,Paid,65259.3
18934,14835,2026-11-01,UPI,Paid,2340.8
18935,12437,2026-11-01,Debit Card,Paid,3410.0
18936,19960,2026-11-01,UPI,Paid,10723.8
18937,15645,2026-11-01,UPI,Paid,29793.6
18938,16833,2026-11-01,Credit Card,Paid,71145.0
18939,22176,2026-11-01,UPI,Paid,8328.0
18940,18834,2026-11-01,Debit Card,Paid,44968.5
18941,18297,2026-11-01,UPI,Paid,41122.5
18942,10613,2026-11-01,Credit Card,Paid,28138.4
18943,5173,2026-11-01,UPI,Paid,15406.0
18944,9018,2026-11-01,Cash on Delivery,Paid,64337.8
18945,19879,2026-11-01,UPI,Paid,123658.35
18946,13927,2026-11-01,Credit Card,Paid,3867.0
18947,9824,2026-11-01,Cash on Delivery,Paid,3244.45
18948,11855,2026-11-02,Credit Card,Paid,3791.25
18949,18885,2026-11-02,Cash on Delivery,Paid,1104.3
18950,7185,2026-11-02,Debit Card,Paid,7175.6
18951,10180,2026-11-02,Credit Card,Paid,7092.4
18952,13472,2026-11-02,Credit Card,Paid,9526.0
18953,1096,2026-11-02,Cash on Delivery,Paid,43142.6
18954,6172,2026-11-02,UPI,Paid,59771.05
18955,13052,2026-11-02,Cash on Delivery,Paid,8989.4
18956,2018,2026-11-02,Credit Card,Paid,39980.8
18957,2664,2026-11-02,Cash on Delivery,Paid,49035.85
18958,18271,2026-11-02,Net Banking,Paid,15561.0
18959,24502,2026-11-02,UPI,Paid,27529.0
18960,1625,2026-11-02,UPI,Paid,115504.65
18961,2005,2026-11-02,UPI,Paid,98477.15
18962,5172,2026-11-02,UPI,Paid,38052.6
18963,1325,2026-11-02,Cash on Delivery,Paid,45457.15
18964,9315,2026-11-02,UPI,Paid,19710.6
18965,5043,2026-11-03,UPI,Paid,16328.2
18966,17578,2026-11-03,Cash on Delivery,Paid,2464.0
18967,11831,2026-11-03,UPI,Paid,68328.15
18968,5249,2026-11-03,Credit Card,Paid,61708.0
18969,35,2026-11-03,UPI,Paid,97394.5
18970,17267,2026-11-03,Debit Card,Paid,6809.0
18971,23057,2026-11-03,Credit Card,Paid,7256.45
18972,6094,2026-11-03,Debit Card,Paid,145652.4
18973,18398,2026-11-03,UPI,Paid,32786.05
18974,11064,2026-11-03,UPI,Paid,10894.4
18975,5420,2026-11-03,UPI,Paid,44613.4
18976,19213,2026-11-03,UPI,Paid,3399.75
18977,7346,2026-11-03,Debit Card,Paid,6772.8
18978,18786,2026-11-03,Credit Card,Paid,14948.0
18979,17937,2026-11-04,UPI,Paid,362753.1
18980,23573,2026-11-04,UPI,Paid,15260.4
18981,20195,2026-11-04,UPI,Paid,5652.0
18982,20111,2026-11-04,UPI,Paid,2023.5
18983,480,2026-11-04,Net Banking,Paid,179294.4
18984,7620,2026-11-04,UPI,Paid,46586.4
18985,8927,2026-11-04,Net Banking,Paid,20065.5
18986,18483,2026-11-04,UPI,Paid,26669.3
18987,10636,2026-11-04,UPI,Paid,15073.9
18988,12315,2026-11-04,UPI,Paid,108102.0
18989,3391,2026-11-04,UPI,Paid,2781.2
18990,8420,2026-11-04,Net Banking,Paid,146007.8
18991,13635,2026-11-04,Cash on Delivery,Paid,4711.0
18992,4746,2026-11-04,UPI,Paid,26271.85
18993,6491,2026-11-04,Net Banking,Paid,8537.0
18994,23020,2026-11-04,UPI,Paid,9235.9
18995,24559,2026-11-04,UPI,Paid,189.6
18996,3279,2026-11-04,UPI,Paid,10148.05
18997,24739,2026-11-04,Cash on Delivery,Paid,16144.0
18998,19646,2026-11-04,UPI,Paid,81615.55
18999,23635,2026-11-04,Debit Card,Paid,38422.55
19000,17054,2026-11-04,Cash on Delivery,Paid,461.55
19001,18774,2026-11-04,Cash on Delivery,Paid,3435.3
19002,8912,2026-11-04,Cash on Delivery,Paid,26841.5
19003,2103,2026-11-04,Net Banking,Paid,44921.7
19004,20012,2026-11-05,Cash on Delivery,Paid,1227.0
19005,14845,2026-11-05,UPI,Paid,3334.1
19006,22960,2026-11-05,UPI,Paid,9856.0
19007,4415,2026-11-05,UPI,Paid,174871.95
19008,20923,2026-11-05,UPI,Paid,23736.8
19009,13092,2026-11-05,Credit Card,Paid,8004.0
19010,20315,2026-11-05,Credit Card,Paid,58931.6
19011,5013,2026-11-05,Net Banking,Paid,23493.65
19012,1217,2026-11-05,Net Banking,Paid,5147.1
19013,19219,2026-11-05,Credit Card,Paid,15606.5
19014,14100,2026-11-05,UPI,Paid,5744.7
19015,14344,2026-11-05,Credit Card,Paid,11557.8
19016,5623,2026-11-05,Debit Card,Paid,1227.0
19017,21150,2026-11-05,UPI,Paid,48251.0
19018,7189,2026-11-05,Cash on Delivery,Paid,6663.6
19019,6913,2026-11-05,Cash on Delivery,Paid,6624.35
19020,18377,2026-11-05,UPI,Paid,13539.3
19021,15304,2026-11-06,Cash on Delivery,Paid,107136.6
19022,21771,2026-11-06,UPI,Paid,96123.4
19023,4742,2026-11-06,Credit Card,Paid,4079.7
19024,11807,2026-11-06,Debit Card,Paid,77833.9
19025,5667,2026-11-06,Net Banking,Paid,32214.9
19026,36,2026-11-06,Credit Card,Paid,977.4
19027,7914,2026-11-06,UPI,Paid,1117.05
19028,20774,2026-11-06,Cash on Delivery,Paid,68675.65
19029,17989,2026-11-06,Debit Card,Paid,9752.4
19030,24758,2026-11-06,Credit Card,Paid,33167.4
19031,1670,2026-11-06,UPI,Paid,40168.0
19032,12076,2026-11-06,UPI,Paid,7703.0
19033,19817,2026-11-06,Debit Card,Paid,4239.0
19034,19102,2026-11-06,UPI,Paid,60196.5
19035,6800,2026-11-07,Debit Card,Paid,1651.1
19036,19795,2026-11-07,Debit Card,Paid,33411.1
19037,20263,2026-11-07,UPI,Paid,53442.05
19038,9319,2026-11-07,Debit Card,Paid,32869.8
19039,12053,2026-11-07,Credit Card,Paid,16709.4
19040,24785,2026-11-07,Credit Card,Paid,27119.0
19041,15006,2026-11-07,Credit Card,Paid,31938.0
19042,22404,2026-11-07,UPI,Paid,8586.8
19043,23965,2026-11-07,Cash on Delivery,Paid,3817.0
19044,8358,2026-11-07,Net Banking,Paid,7227.05
19045,18666,2026-11-07,UPI,Paid,27184.4
19046,20530,2026-11-07,Debit Card,Paid,44950.75
19047,3826,2026-11-07,Debit Card,Paid,10777.15
19048,15061,2026-11-08,Credit Card,Paid,18417.2
19049,2117,2026-11-08,Credit Card,Paid,108475.65
19050,2851,2026-11-08,UPI,Paid,18735.05
19051,10850,2026-11-08,Cash on Delivery,Paid,6488.9
19052,23429,2026-11-08,Credit Card,Paid,1683.0
19053,3977,2026-11-08,UPI,Paid,94572.0
19054,18343,2026-11-08,UPI,Paid,35781.55
19055,16929,2026-11-08,UPI,Paid,109879.5
19056,21087,2026-11-08,Credit Card,Paid,12551.4
19057,17265,2026-11-08,Net Banking,Paid,4079.7
19058,19618,2026-11-08,Credit Card,Paid,10654.3
19059,6298,2026-11-08,UPI,Paid,6145.2
19060,19370,2026-11-08,Credit Card,Paid,20090.45
19061,9645,2026-11-08,UPI,Paid,132656.95
19062,4669,2026-11-08,Credit Card,Paid,3099.6
19063,15266,2026-11-08,Debit Card,Paid,24330.45
19064,13318,2026-11-08,UPI,Paid,3768.8
19065,22430,2026-11-08,UPI,Paid,16944.15
19066,6221,2026-11-08,Cash on Delivery,Paid,27849.0
19067,15994,2026-11-08,Net Banking,Paid,143869.5
19068,23117,2026-11-09,Debit Card,Paid,39700.8
19069,19498,2026-11-09,Credit Card,Paid,49008.45
19070,19323,2026-11-09,Credit Card,Paid,1599.3
19071,18501,2026-11-09,Credit Card,Paid,24828.0
19072,7236,2026-11-09,Debit Card,Paid,33047.7
19073,7163,2026-11-09,UPI,Paid,26252.6
19074,16106,2026-11-09,UPI,Paid,55325.0
19075,9491,2026-11-09,UPI,Paid,62904.45
19076,6885,2026-11-09,Credit Card,Paid,112327.1
19077,8404,2026-11-09,UPI,Paid,21831.4
19078,2933,2026-11-09,Credit Card,Paid,67162.5
19079,3768,2026-11-09,Credit Card,Paid,6578.75
19080,11926,2026-11-09,Debit Card,Paid,7184.0
19081,4136,2026-11-09,Credit Card,Paid,3355.0
19082,7182,2026-11-09,Net Banking,Paid,42942.85
19083,7373,2026-11-10,Credit Card,Paid,45193.5
19084,21845,2026-11-10,UPI,Paid,9422.0
19085,7580,2026-11-10,UPI,Paid,18902.95
19086,4884,2026-11-10,UPI,Paid,4605.3
19087,20767,2026-11-10,Net Banking,Paid,3232.8
19088,4975,2026-11-10,UPI,Paid,19239.5
19089,4656,2026-11-10,Debit Card,Paid,4171.2
19090,2472,2026-11-10,Cash on Delivery,Paid,80850.7
19091,14472,2026-11-10,Credit Card,Paid,1525.0
19092,8331,2026-11-10,Credit Card,Paid,71920.7
19093,5540,2026-11-10,Cash on Delivery,Paid,33349.6
19094,13601,2026-11-10,UPI,Paid,3601.8
19095,18557,2026-11-10,Debit Card,Paid,920.25
19096,3988,2026-11-10,UPI,Paid,8415.9
19097,881,2026-11-11,UPI,Paid,16721.25
19098,14962,2026-11-11,Cash on Delivery,Paid,60501.9
19099,18842,2026-11-11,UPI,Paid,37404.95
19100,6763,2026-11-11,Debit Card,Paid,13851.2
19101,20623,2026-11-11,Net Banking,Paid,5418.0
19102,22027,2026-11-11,UPI,Paid,14200.6
19103,21791,2026-11-11,UPI,Paid,30421.8
19104,1340,2026-11-11,Net Banking,Paid,11958.4
19105,14360,2026-11-11,Cash on Delivery,Paid,97068.55
19106,12341,2026-11-11,UPI,Paid,12942.8
19107,9497,2026-11-11,Cash on Delivery,Paid,79440.3
19108,10382,2026-11-11,Cash on Delivery,Paid,6973.0
19109,17892,2026-11-11,UPI,Paid,247672.5
19110,23039,2026-11-11,Credit Card,Paid,3201.6
19111,23567,2026-11-11,Net Banking,Paid,5032.5
19112,15721,2026-11-11,UPI,Paid,10273.6
19113,15537,2026-11-11,Credit Card,Paid,33131.3
19114,15701,2026-11-11,Credit Card,Paid,23064.8
19115,9353,2026-11-12,UPI,Paid,83090.0
19116,3543,2026-11-12,Cash on Delivery,Paid,1599.3
19117,5147,2026-11-12,Debit Card,Paid,235.45
19118,23408,2026-11-12,Credit Card,Paid,30610.2
19119,16590,2026-11-12,Credit Card,Paid,351879.5
19120,22100,2026-11-12,UPI,Paid,20685.6
19121,19153,2026-11-12,Credit Card,Paid,4758.0
19122,12980,2026-11-12,Credit Card,Paid,134905.5
19123,13026,2026-11-12,UPI,Paid,17314.0
19124,2907,2026-11-12,UPI,Paid,21239.8
19125,590,2026-11-12,UPI,Paid,11575.3
19126,2282,2026-11-12,UPI,Paid,32074.15
19127,18626,2026-11-12,UPI,Paid,38040.85
19128,16465,2026-11-12,UPI,Paid,2082.0
19129,10905,2026-11-12,UPI,Paid,12508.05
19130,10409,2026-11-12,Credit Card,Paid,19642.65
19131,22082,2026-11-13,Credit Card,Paid,2901.9
19132,21069,2026-11-13,UPI,Paid,10399.5
19133,3521,2026-11-13,Debit Card,Paid,8354.7
19134,6297,2026-11-13,UPI,Paid,31793.5
19135,17734,2026-11-13,UPI,Paid,15405.6
19136,10712,2026-11-13,Credit Card,Paid,47382.0
19137,14411,2026-11-13,Credit Card,Paid,89160.0
19138,20505,2026-11-13,Credit Card,Paid,2873.6
19139,9418,2026-11-13,UPI,Paid,6190.5
19140,1241,2026-11-13,UPI,Paid,74261.2
19141,8367,2026-11-13,Credit Card,Paid,9516.0
19142,9425,2026-11-13,Debit Card,Paid,85594.2
19143,19873,2026-11-13,Cash on Delivery,Paid,18950.75
19144,6557,2026-11-13,UPI,Paid,56852.25
19145,19776,2026-11-13,Cash on Delivery,Paid,10291.8
19146,6569,2026-11-13,Credit Card,Paid,62853.3
19147,7963,2026-11-13,Debit Card,Paid,41966.6
19148,21034,2026-11-13,Debit Card,Paid,102009.2
19149,8818,2026-11-13,Credit Card,Paid,1848.0
19150,6780,2026-11-13,UPI,Paid,5704.0
19151,1020,2026-11-13,Debit Card,Paid,31312.0
19152,17963,2026-11-13,Cash on Delivery,Paid,149349.6
19153,16906,2026-11-14,Cash on Delivery,Paid,1125.0
19154,4617,2026-11-14,Credit Card,Paid,27864.2
19155,18392,2026-11-14,Credit Card,Paid,41285.6
19156,6360,2026-11-14,UPI,Paid,9475.8
19157,7222,2026-11-14,UPI,Paid,1537.0
19158,23919,2026-11-14,Cash on Delivery,Paid,415.0
19159,22544,2026-11-14,UPI,Paid,6148.0
19160,19395,2026-11-14,Debit Card,Paid,15756.7
19161,3827,2026-11-14,Credit Card,Paid,5787.65
19162,4936,2026-11-14,Cash on Delivery,Paid,3632.4
19163,5266,2026-11-14,UPI,Paid,20748.0
19164,13224,2026-11-14,UPI,Paid,1651.1
19165,20431,2026-11-14,UPI,Paid,6973.0
19166,3101,2026-11-14,Credit Card,Paid,2563.1
19167,2854,2026-11-14,Debit Card,Paid,6207.75
19168,12579,2026-11-14,Cash on Delivery,Paid,3419.1
19169,10359,2026-11-14,UPI,Paid,8688.0
19170,6214,2026-11-15,UPI,Paid,130518.6
19171,891,2026-11-15,UPI,Paid,71713.15
19172,18965,2026-11-15,Debit Card,Paid,7845.75
19173,45,2026-11-15,UPI,Paid,22374.4
19174,6945,2026-11-15,Debit Card,Paid,23296.0
19175,19089,2026-11-15,UPI,Paid,47313.8
19176,222,2026-11-15,Credit Card,Paid,70044.5
19177,8094,2026-11-15,Debit Card,Paid,9439.0
19178,21415,2026-11-15,Credit Card,Paid,1031.7
19179,12844,2026-11-15,UPI,Paid,19428.45
19180,22052,2026-11-15,UPI,Paid,8078.4
19181,15829,2026-11-15,Net Banking,Paid,98087.4
19182,14562,2026-11-15,Debit Card,Paid,7480.8
19183,18750,2026-11-15,Credit Card,Paid,18016.0
19184,5052,2026-11-15,Cash on Delivery,Paid,13043.85
19185,7362,2026-11-15,Cash on Delivery,Paid,6772.8
19186,208,2026-11-15,Debit Card,Paid,3069.0
19187,6611,2026-11-15,Net Banking,Paid,66096.1
19188,13240,2026-11-15,Debit Card,Paid,12771.25
19189,3505,2026-11-15,Credit Card,Paid,67314.75
19190,3856,2026-11-15,Credit Card,Paid,203656.65
19191,6629,2026-11-16,UPI,Paid,12319.2
19192,65,2026-11-16,Cash on Delivery,Paid,30753.2
19193,1348,2026-11-16,Credit Card,Paid,6293.4
19194,5834,2026-11-16,Net Banking,Paid,21111.7
19195,1242,2026-11-16,Credit Card,Paid,79994.4
19196,12043,2026-11-16,UPI,Paid,279561.4
19197,12407,2026-11-16,Debit Card,Paid,7553.1
19198,23075,2026-11-16,Credit Card,Paid,34063.2
19199,15611,2026-11-16,Credit Card,Paid,2563.1
19200,10867,2026-11-16,Net Banking,Paid,12845.1
19201,22691,2026-11-16,Net Banking,Paid,11955.6
19202,20809,2026-11-16,UPI,Paid,8488.6
19203,4113,2026-11-16,Credit Card,Paid,24989.4
19204,16031,2026-11-16,Credit Card,Paid,6774.35
19205,20174,2026-11-16,UPI,Paid,24708.55
19206,4463,2026-11-16,UPI,Paid,161432.0
19207,4755,2026-11-16,UPI,Paid,186329.0
19208,5603,2026-11-16,Debit Card,Paid,3438.35
19209,23888,2026-11-17,Credit Card,Paid,12954.7
19210,9383,2026-11-17,Debit Card,Paid,107756.1
19211,18375,2026-11-17,Net Banking,Paid,48724.65
19212,17581,2026-11-17,Credit Card,Paid,3764.25
19213,11833,2026-11-17,Credit Card,Paid,5126.25
19214,4382,2026-11-17,UPI,Paid,152657.7
19215,4498,2026-11-17,UPI,Paid,36328.0
19216,3940,2026-11-17,Net Banking,Paid,21508.4
19217,15997,2026-11-17,UPI,Paid,47075.2
19218,21649,2026-11-17,Credit Card,Paid,21379.0
19219,2955,2026-11-17,Net Banking,Paid,41564.2
19220,1027,2026-11-17,UPI,Paid,123649.2
19221,16460,2026-11-17,Debit Card,Paid,76845.1
19222,14673,2026-11-17,Cash on Delivery,Paid,1561.5
19223,3931,2026-11-17,UPI,Paid,44639.0
19224,24868,2026-11-17,Credit Card,Paid,5133.6
19225,16407,2026-11-17,Debit Card,Paid,6809.0
19226,2590,2026-11-17,Credit Card,Paid,17635.8
19227,16640,2026-11-17,Net Banking,Paid,4563.2
19228,7023,2026-11-17,UPI,Paid,19209.0
19229,16396,2026-11-17,Cash on Delivery,Paid,93989.2
19230,12511,2026-11-17,UPI,Paid,66280.5
19231,9442,2026-11-17,Debit Card,Paid,33864.7
19232,464,2026-11-17,Cash on Delivery,Paid,249.3
19233,24561,2026-11-17,Credit Card,Paid,8653.4
19234,3509,2026-11-17,Cash on Delivery,Paid,23957.1
19235,12326,2026-11-18,UPI,Paid,144258.2
19236,11868,2026-11-18,UPI,Paid,27513.2
19237,16500,2026-11-18,UPI,Paid,1777.0
19238,21315,2026-11-18,UPI,Paid,11958.4
19239,119,2026-11-18,UPI,Paid,20300.85
19240,11895,2026-11-18,UPI,Paid,65259.3
19241,13040,2026-11-18,Debit Card,Paid,6352.9
19242,15456,2026-11-18,UPI,Paid,94572.0
19243,639,2026-11-18,Debit Card,Paid,2862.75
19244,3530,2026-11-18,Credit Card,Paid,7317.85
19245,24399,2026-11-18,Debit Card,Paid,45829.8
19246,12007,2026-11-18,Debit Card,Paid,66283.0
19247,18870,2026-11-19,Credit Card,Paid,19841.7
19248,11940,2026-11-19,UPI,Paid,55869.6
19249,18548,2026-11-19,Cash on Delivery,Paid,52084.55
19250,11457,2026-11-19,UPI,Paid,22340.55
19251,16227,2026-11-19,UPI,Paid,169481.35
19252,6226,2026-11-19,UPI,Paid,7826.5
19253,8119,2026-11-19,Net Banking,Paid,140562.1
19254,19771,2026-11-19,Debit Card,Paid,8042.7
19255,23358,2026-11-19,Cash on Delivery,Paid,4036.0
19256,20396,2026-11-19,UPI,Paid,121082.8
19257,24609,2026-11-19,UPI,Paid,40031.1
19258,2473,2026-11-19,Credit Card,Paid,11656.2
19259,5355,2026-11-19,Net Banking,Paid,13599.0
19260,1338,2026-11-19,UPI,Paid,3966.3
19261,13874,2026-11-20,Credit Card,Paid,5794.45
19262,15857,2026-11-20,Cash on Delivery,Paid,37263.8
19263,17723,2026-11-20,Credit Card,Paid,2244.0
19264,4398,2026-11-20,Credit Card,Paid,6363.6
19265,19163,2026-11-20,UPI,Paid,45506.15
19266,23265,2026-11-20,Credit Card,Paid,4711.0
19267,1743,2026-11-20,UPI,Paid,17572.15
19268,11083,2026-11-20,Credit Card,Paid,104475.0
19269,5976,2026-11-20,UPI,Paid,7474.0
19270,15910,2026-11-20,UPI,Paid,165482.65
19271,18994,2026-11-20,Cash on Delivery,Paid,51520.5
19272,6972,2026-11-20,Cash on Delivery,Paid,3435.3
19273,22768,2026-11-20,UPI,Paid,10294.2
19274,21686,2026-11-20,Credit Card,Paid,97669.3
19275,3436,2026-11-20,Credit Card,Paid,174899.15
19276,5565,2026-11-20,UPI,Paid,25885.4
19277,607,2026-11-20,Net Banking,Paid,4435.2
19278,579,2026-11-20,UPI,Paid,2654.3
19279,288,2026-11-20,Credit Card,Paid,22295.0
19280,20132,2026-11-20,Credit Card,Paid,93925.25
19281,7691,2026-11-21,UPI,Paid,16598.4
19282,8636,2026-11-21,Net Banking,Paid,16482.9
19283,13228,2026-11-21,Net Banking,Paid,9746.1
19284,23489,2026-11-21,UPI,Paid,5787.65
19285,20585,2026-11-21,Credit Card,Paid,6132.0
19286,3463,2026-11-21,Credit Card,Paid,15391.2
19287,13751,2026-11-21,UPI,Paid,56474.55
19288,6155,2026-11-21,Credit Card,Paid,3419.1
19289,4644,2026-11-21,Cash on Delivery,Paid,3911.6
19290,18164,2026-11-21,Cash on Delivery,Paid,18316.1
19291,24782,2026-11-21,Credit Card,Paid,4051.75
19292,12479,2026-11-21,Credit Card,Paid,9375.1
19293,14565,2026-11-21,Credit Card,Paid,3254.0
19294,1144,2026-11-21,Credit Card,Paid,443.2
19295,2556,2026-11-21,UPI,Paid,38540.0
19296,6775,2026-11-21,UPI,Paid,3039.2
19297,19138,2026-11-21,Cash on Delivery,Paid,69503.3
19298,10659,2026-11-21,Credit Card,Paid,1000.0
19299,19937,2026-11-21,UPI,Paid,4428.0
19300,4265,2026-11-21,Debit Card,Paid,217326.0
19301,15995,2026-11-21,Credit Card,Paid,70071.3
19302,399,2026-11-21,Net Banking,Paid,16984.7
19303,24406,2026-11-22,Cash on Delivery,Paid,47382.0
19304,3701,2026-11-22,Credit Card,Paid,35711.2
19305,17066,2026-11-22,Debit Card,Paid,6775.5
19306,10941,2026-11-22,Debit Card,Paid,11633.0
19307,18390,2026-11-22,Cash on Delivery,Paid,62063.9
19308,23818,2026-11-22,Cash on Delivery,Paid,1592.9
19309,20236,2026-11-22,Debit Card,Paid,4488.0
19310,2419,2026-11-22,UPI,Paid,36675.9
19311,11942,2026-11-22,UPI,Paid,5880.8
19312,22150,2026-11-22,Credit Card,Paid,67162.5
19313,5042,2026-11-22,Credit Card,Paid,6128.1
19314,5561,2026-11-22,Credit Card,Paid,58447.4
19315,9482,2026-11-22,Debit Card,Paid,29793.6
19316,5250,2026-11-22,UPI,Paid,40922.8
19317,3906,2026-11-22,UPI,Paid,23414.4
19318,4627,2026-11-22,UPI,Paid,6107.85
19319,12379,2026-11-23,UPI,Paid,6925.6
19320,13050,2026-11-23,UPI,Paid,169010.5
19321,2464,2026-11-23,UPI,Paid,86539.75
19322,19835,2026-11-23,Net Banking,Paid,6135.3
19323,16206,2026-11-23,UPI,Paid,12952.3
19324,24539,2026-11-23,Net Banking,Paid,84654.2
19325,15803,2026-11-23,UPI,Paid,139302.0
19326,5127,2026-11-23,UPI,Paid,23555.0
19327,7272,2026-11-23,Cash on Delivery,Paid,24776.0
19328,12139,2026-11-23,Cash on Delivery,Paid,32747.1
19329,23154,2026-11-23,UPI,Paid,10305.9
19330,3598,2026-11-23,Credit Card,Paid,6468.55
19331,15212,2026-11-23,Debit Card,Paid,205124.8
19332,19230,2026-11-23,Net Banking,Paid,4051.75
19333,24136,2026-11-23,Credit Card,Paid,4004.35
19334,21820,2026-11-23,UPI,Paid,50339.7
19335,23340,2026-11-23,UPI,Paid,5923.2
19336,349,2026-11-23,Credit Card,Paid,12296.0
19337,10317,2026-11-24,Cash on Delivery,Paid,14200.6
19338,23127,2026-11-24,Debit Card,Paid,11657.1
19339,1547,2026-11-24,UPI,Paid,10354.3
19340,14477,2026-11-24,Credit Card,Paid,5396.0
19341,24490,2026-11-24,UPI,Paid,6925.0
19342,11607,2026-11-24,UPI,Paid,23266.15
19343,19027,2026-11-24,UPI,Paid,18673.2
19344,14940,2026-11-24,UPI,Paid,63623.7
19345,23210,2026-11-24,UPI,Paid,3330.6
19346,22405,2026-11-24,Credit Card,Paid,61271.0
19347,16417,2026-11-24,Net Banking,Paid,57724.5
19348,704,2026-11-24,UPI,Paid,43373.8
19349,10575,2026-11-24,UPI,Paid,7603.8
19350,9362,2026-11-24,UPI,Paid,2760.75
19351,16245,2026-11-25,Credit Card,Paid,32111.9
19352,3796,2026-11-25,UPI,Paid,40274.7
19353,8084,2026-11-25,Cash on Delivery,Paid,9058.5
19354,24415,2026-11-25,Credit Card,Paid,33835.1
19355,5195,2026-11-25,Credit Card,Paid,83090.0
19356,22278,2026-11-25,Cash on Delivery,Paid,50191.6
19357,23432,2026-11-25,UPI,Paid,8529.8
19358,12403,2026-11-25,Cash on Delivery,Paid,22131.0
19359,10011,2026-11-25,Cash on Delivery,Paid,8253.6
19360,12603,2026-11-25,Debit Card,Paid,27649.25
19361,16994,2026-11-25,Cash on Delivery,Paid,4524.85
19362,11348,2026-11-25,UPI,Paid,8139.2
19363,4081,2026-11-25,Credit Card,Paid,23148.45
19364,1895,2026-11-25,UPI,Paid,11586.0
19365,11661,2026-11-25,Cash on Delivery,Paid,38603.0
19366,8734,2026-11-26,UPI,Paid,128429.2
19367,19197,2026-11-26,UPI,Paid,17357.6
19368,6368,2026-11-26,UPI,Paid,7819.2
19369,17154,2026-11-26,UPI,Paid,47286.0
19370,15221,2026-11-26,Credit Card,Paid,13290.6
19371,16193,2026-11-26,Net Banking,Paid,6374.5
19372,15250,2026-11-26,UPI,Paid,96014.0
19373,18628,2026-11-26,UPI,Paid,6476.15
19374,12152,2026-11-26,Cash on Delivery,Paid,9682.6
19375,20175,2026-11-26,UPI,Paid,15638.4
19376,12913,2026-11-26,UPI,Paid,10294.2
19377,22149,2026-11-26,Debit Card,Paid,2374.9
19378,7767,2026-11-26,UPI,Paid,2563.1
19379,19335,2026-11-26,UPI,Paid,22913.8
19380,15533,2026-11-26,Credit Card,Paid,55007.4
19381,16435,2026-11-26,Cash on Delivery,Paid,58163.0
19382,10328,2026-11-26,Net Banking,Paid,3435.3
19383,22920,2026-11-26,UPI,Paid,8150.4
19384,3035,2026-11-26,UPI,Paid,61968.1
19385,14438,2026-11-26,Debit Card,Paid,6837.8
19386,19340,2026-11-27,UPI,Paid,2044.0
19387,14876,2026-11-27,Net Banking,Paid,26936.9
19388,7604,2026-11-27,Debit Card,Paid,56637.35
19389,2062,2026-11-27,UPI,Paid,9606.05
19390,8871,2026-11-27,Credit Card,Paid,31613.0
19391,24201,2026-11-27,Debit Card,Paid,46844.0
19392,2649,2026-11-27,UPI,Paid,42407.05
19393,21214,2026-11-27,Credit Card,Paid,11842.5
19394,13774,2026-11-27,UPI,Paid,3572.25
19395,5084,2026-11-27,Debit Card,Paid,2794.0
19396,22545,2026-11-27,Debit Card,Paid,26497.4
19397,20241,2026-11-27,Credit Card,Paid,67162.5
19398,18306,2026-11-27,UPI,Paid,11347.65
19399,12917,2026-11-27,UPI,Paid,41503.65
19400,2407,2026-11-27,Net Banking,Paid,12842.0
19401,7950,2026-11-27,Credit Card,Paid,3123.9
19402,20963,2026-11-27,Debit Card,Paid,50225.3
19403,6219,2026-11-27,Net Banking,Paid,40894.2
19404,4159,2026-11-27,Net Banking,Paid,113842.75
19405,2187,2026-11-27,Credit Card,Paid,84814.1
19406,19800,2026-11-28,Cash on Delivery,Paid,244128.0
19407,6174,2026-11-28,Cash on Delivery,Paid,22295.0
19408,3404,2026-11-28,Credit Card,Paid,135038.7
19409,16717,2026-11-28,Cash on Delivery,Paid,6145.2
19410,15426,2026-11-28,Credit Card,Paid,46708.3
19411,3157,2026-11-28,Debit Card,Paid,6352.9
19412,1309,2026-11-28,UPI,Paid,92424.0
19413,20187,2026-11-28,UPI,Paid,59958.0
19414,16772,2026-11-28,Cash on Delivery,Paid,9834.8
19415,11159,2026-11-28,Debit Card,Paid,7948.35
19416,6578,2026-11-28,UPI,Paid,8167.25
19417,11543,2026-11-28,UPI,Paid,9066.0
19418,5331,2026-11-28,UPI,Paid,41146.7
19419,1404,2026-11-28,UPI,Paid,10516.5
19420,11676,2026-11-29,Net Banking,Paid,106466.95
19421,20156,2026-11-29,Cash on Delivery,Paid,1315.0
19422,9019,2026-11-29,UPI,Paid,34141.2
19423,13041,2026-11-29,Debit Card,Paid,17652.7
19424,12297,2026-11-29,Debit Card,Paid,72766.4
19425,2838,2026-11-29,Credit Card,Paid,12890.0
19426,11588,2026-11-29,UPI,Paid,26325.4
19427,1495,2026-11-29,Credit Card,Paid,74625.0
19428,20125,2026-11-29,Debit Card,Paid,3375.0
19429,4908,2026-11-29,Debit Card,Paid,5803.8
19430,3126,2026-11-29,Credit Card,Paid,76423.5
19431,21070,2026-11-29,Credit Card,Paid,27864.2
19432,21745,2026-11-29,Cash on Delivery,Paid,48354.3
19433,3090,2026-11-29,UPI,Paid,13235.6
19434,2547,2026-11-29,UPI,Paid,5369.4
19435,17838,2026-11-29,Credit Card,Paid,56960.1
19436,19283,2026-11-29,Credit Card,Paid,27472.65
19437,1803,2026-11-29,Credit Card,Paid,114819.6
19438,14333,2026-11-29,Debit Card,Paid,5703.5
19439,15891,2026-11-30,Debit Card,Paid,99843.1
19440,4388,2026-11-30,UPI,Paid,6501.35
19441,16472,2026-11-30,Debit Card,Paid,70124.05
19442,16607,2026-11-30,Debit Card,Paid,7474.0
19443,16851,2026-11-30,UPI,Paid,48426.8
19444,7429,2026-11-30,Net Banking,Paid,60799.5
19445,887,2026-11-30,UPI,Paid,1464.3
19446,7640,2026-11-30,Cash on Delivery,Paid,23115.6
19447,22964,2026-11-30,Debit Card,Paid,14133.0
19448,8156,2026-11-30,UPI,Paid,488.7
19449,2225,2026-11-30,Net Banking,Paid,129267.5
19450,21996,2026-11-30,Cash on Delivery,Paid,16831.0
19451,10273,2026-11-30,Cash on Delivery,Paid,80549.4
19452,12705,2026-11-30,Cash on Delivery,Paid,402034.55
19453,7696,2026-11-30,Cash on Delivery,Paid,18028.2
19454,2406,2026-11-30,Net Banking,Paid,89647.8
19455,14046,2026-11-30,Credit Card,Paid,1042.95
19456,1447,2026-11-30,UPI,Paid,48523.15
19457,2969,2026-11-30,Credit Card,Paid,7884.9
19458,8752,2026-11-30,Cash on Delivery,Paid,4711.0
19459,22407,2026-11-30,Cash on Delivery,Paid,47382.0
19460,19376,2026-11-30,Cash on Delivery,Paid,76513.5
19461,4471,2026-11-30,Net Banking,Paid,13924.5
19462,11744,2026-12-01,Credit Card,Paid,11557.8
19463,1155,2026-12-01,Cash on Delivery,Paid,7585.2
19464,22066,2026-12-01,Credit Card,Paid,2217.6
19465,20414,2026-12-01,Credit Card,Paid,7100.3
19466,18179,2026-12-01,UPI,Paid,6962.25
19467,14510,2026-12-01,UPI,Paid,28599.2
19468,3569,2026-12-01,Credit Card,Paid,21180.25
19469,5795,2026-12-01,Cash on Delivery,Paid,1397.0
19470,717,2026-12-01,Credit Card,Paid,60196.5
19471,7398,2026-12-01,Credit Card,Paid,138284.85
19472,9276,2026-12-01,Credit Card,Paid,98938.2
19473,14590,2026-12-01,UPI,Paid,19414.15
19474,22917,2026-12-01,Net Banking,Paid,42942.85
19475,1373,2026-12-01,UPI,Paid,7977.95
19476,18701,2026-12-01,UPI,Paid,18566.0
19477,16740,2026-12-01,Credit Card,Paid,12527.3
19478,9939,2026-12-01,Credit Card,Paid,50629.6
19479,18002,2026-12-01,Cash on Delivery,Paid,39821.45
19480,15186,2026-12-01,UPI,Paid,20055.8
19481,11559,2026-12-01,UPI,Paid,565.0
19482,4689,2026-12-01,Debit Card,Paid,80525.65
19483,23307,2026-12-01,Cash on Delivery,Paid,21462.5
19484,7819,2026-12-02,Debit Card,Paid,19601.25
19485,2514,2026-12-02,Debit Card,Paid,5803.8
19486,24552,2026-12-02,Debit Card,Paid,7819.2
19487,11642,2026-12-02,Cash on Delivery,Paid,26699.35
19488,2467,2026-12-02,Debit Card,Paid,9576.0
19489,17218,2026-12-02,Net Banking,Paid,7791.3
19490,20109,2026-12-02,Cash on Delivery,Paid,49976.0
19491,3455,2026-12-02,Net Banking,Paid,5797.0
19492,21570,2026-12-02,UPI,Paid,20903.2
19493,14584,2026-12-02,Cash on Delivery,Paid,41197.35
19494,8086,2026-12-02,Cash on Delivery,Paid,1165.65
19495,14913,2026-12-02,Credit Card,Paid,47286.0
19496,2068,2026-12-02,Debit Card,Paid,53053.8
19497,9453,2026-12-02,Cash on Delivery,Paid,32644.1
19498,103,2026-12-02,UPI,Paid,132609.7
19499,7356,2026-12-02,Cash on Delivery,Paid,4428.0
19500,15311,2026-12-02,Credit Card,Paid,13032.0
19501,4794,2026-12-02,Debit Card,Paid,37397.8
19502,2950,2026-12-02,UPI,Paid,6835.0
19503,23105,2026-12-02,UPI,Paid,3476.0
19504,22114,2026-12-02,Net Banking,Paid,61164.75
19505,12058,2026-12-02,Cash on Delivery,Paid,16341.6
19506,2636,2026-12-03,Credit Card,Paid,14555.45
19507,19889,2026-12-03,UPI,Paid,33902.25
19508,24499,2026-12-03,Credit Card,Paid,72940.2
19509,18141,2026-12-03,Credit Card,Paid,3091.7
19510,23305,2026-12-03,UPI,Paid,63924.65
19511,8452,2026-12-03,UPI,Paid,9802.5
19512,15515,2026-12-03,Cash on Delivery,Paid,9584.1
19513,10319,2026-12-03,Debit Card,Paid,8479.8
19514,8174,2026-12-03,Net Banking,Paid,28180.8
19515,19180,2026-12-03,Credit Card,Paid,39265.45
19516,23783,2026-12-03,Debit Card,Paid,275846.8
19517,1562,2026-12-03,Net Banking,Paid,27269.3
19518,18934,2026-12-03,Net Banking,Paid,21180.25
19519,4749,2026-12-03,Credit Card,Paid,14738.0
19520,22555,2026-12-03,Debit Card,Paid,34550.55
19521,15989,2026-12-03,Net Banking,Paid,2328.15
19522,5402,2026-12-03,Debit Card,Paid,33710.4
19523,22037,2026-12-03,Debit Card,Paid,94245.0
19524,12697,2026-12-03,UPI,Paid,1257.3
19525,1349,2026-12-03,Net Banking,Paid,22809.9
19526,24760,2026-12-03,UPI,Paid,12966.0
19527,6832,2026-12-03,UPI,Paid,130517.35
19528,1137,2026-12-04,UPI,Paid,67162.5
19529,6285,2026-12-04,UPI,Paid,89180.0
19530,5654,2026-12-04,Debit Card,Paid,47286.0
19531,21351,2026-12-04,Net Banking,Paid,28532.0
19532,4420,2026-12-04,Net Banking,Paid,131471.0
19533,17601,2026-12-04,Credit Card,Paid,3239.5
19534,20944,2026-12-04,UPI,Paid,19488.8
19535,18602,2026-12-04,Net Banking,Paid,44590.0
19536,11019,2026-12-04,UPI,Paid,54086.8
19537,23991,2026-12-04,Cash on Delivery,Paid,14121.0
19538,17144,2026-12-04,Net Banking,Paid,178205.1
19539,19043,2026-12-04,Cash on Delivery,Paid,3579.2
19540,890,2026-12-04,Credit Card,Paid,64356.8
19541,1876,2026-12-04,UPI,Paid,7657.0
19542,20819,2026-12-04,Net Banking,Paid,2731.2
19543,22684,2026-12-04,Debit Card,Paid,9117.6
19544,1146,2026-12-04,Net Banking,Paid,26154.0
19545,23315,2026-12-04,Credit Card,Paid,4711.0
19546,22141,2026-12-04,Net Banking,Paid,6624.35
19547,3811,2026-12-04,UPI,Paid,149749.2
19548,6403,2026-12-04,Cash on Delivery,Paid,3080.5
19549,5727,2026-12-04,Debit Card,Paid,177.75
19550,8355,2026-12-05,UPI,Paid,33495.5
19551,10562,2026-12-05,Credit Card,Paid,29712.2
19552,8755,2026-12-05,Net Banking,Paid,32001.1
19553,18077,2026-12-05,UPI,Paid,143072.85
19554,9749,2026-12-05,UPI,Paid,201487.5
19555,4708,2026-12-05,Cash on Delivery,Paid,5087.0
19556,22460,2026-12-05,UPI,Paid,20748.0
19557,16600,2026-12-05,UPI,Paid,1301.6
19558,5813,2026-12-05,UPI,Paid,160451.35
19559,15772,2026-12-05,Credit Card,Paid,53414.0
19560,19233,2026-12-05,UPI,Paid,14956.2
19561,12219,2026-12-05,Cash on Delivery,Paid,18966.3
19562,18274,2026-12-05,UPI,Paid,10257.3
19563,10495,2026-12-05,UPI,Paid,28747.5
19564,24905,2026-12-06,UPI,Paid,2459.2
19565,7477,2026-12-06,UPI,Paid,5652.0
19566,5947,2026-12-06,Credit Card,Paid,9179.85
19567,24370,2026-12-06,Credit Card,Paid,5605.5
19568,11045,2026-12-06,Debit Card,Paid,3074.0
19569,10761,2026-12-06,Cash on Delivery,Paid,19643.5
19570,6813,2026-12-06,Net Banking,Paid,39163.9
19571,15851,2026-12-06,Debit Card,Paid,14696.5
19572,20357,2026-12-06,UPI,Paid,3039.2
19573,5486,2026-12-06,UPI,Paid,36599.7
19574,13788,2026-12-06,UPI,Paid,51902.0
19575,21805,2026-12-07,Cash on Delivery,Paid,31556.7
19576,19234,2026-12-07,Debit Card,Paid,23960.6
19577,20354,2026-12-07,Debit Card,Paid,2389.8
19578,11598,2026-12-07,UPI,Paid,2898.5
19579,9033,2026-12-07,Credit Card,Paid,6379.25
19580,21565,2026-12-07,Debit Card,Paid,6925.6
19581,18596,2026-12-07,Debit Card,Paid,149962.25
19582,3626,2026-12-07,Cash on Delivery,Paid,277.0
19583,2480,2026-12-07,Credit Card,Paid,7863.15
19584,7259,2026-12-07,UPI,Paid,6624.35
19585,9551,2026-12-07,Credit Card,Paid,9879.05
19586,4745,2026-12-07,UPI,Paid,33902.25
19587,13334,2026-12-07,Cash on Delivery,Paid,7358.45
19588,15494,2026-12-07,Credit Card,Paid,26012.95
19589,13395,2026-12-07,UPI,Paid,13924.5
19590,20010,2026-12-07,UPI,Paid,4211.7
19591,3387,2026-12-07,UPI,Paid,3128.85
19592,696,2026-12-07,Credit Card,Paid,8993.2
19593,18957,2026-12-07,Credit Card,Paid,60843.6
19594,20617,2026-12-07,Credit Card,Paid,11557.8
19595,12908,2026-12-07,UPI,Paid,11575.3
19596,8971,2026-12-08,UPI,Paid,80267.2
19597,7164,2026-12-08,UPI,Paid,38822.4
19598,2281,2026-12-08,Cash on Delivery,Paid,188538.75
19599,11242,2026-12-08,Cash on Delivery,Paid,42942.85
19600,23181,2026-12-08,Cash on Delivery,Paid,96074.55
19601,14956,2026-12-08,Credit Card,Paid,2500.0
19602,21101,2026-12-08,Debit Card,Paid,16297.2
19603,8227,2026-12-08,UPI,Paid,23172.8
19604,20521,2026-12-08,Net Banking,Paid,93212.4
19605,14796,2026-12-08,Credit Card,Paid,5540.0
19606,12047,2026-12-08,Net Banking,Paid,4334.4
19607,18091,2026-12-08,UPI,Paid,99356.5
19608,14358,2026-12-08,Debit Card,Paid,55571.0
19609,2674,2026-12-08,Debit Card,Paid,2766.6
19610,7801,2026-12-08,Debit Card,Paid,68694.0
19611,22458,2026-12-08,UPI,Paid,10805.4
19612,22465,2026-12-08,Cash on Delivery,Paid,27008.05
19613,2136,2026-12-08,Debit Card,Paid,48183.9
19614,21488,2026-12-08,Credit Card,Paid,45203.0
19615,15384,2026-12-08,UPI,Paid,8253.6
19616,12886,2026-12-09,Debit Card,Paid,175130.35
19617,8709,2026-12-09,UPI,Paid,318610.95
19618,10054,2026-12-09,UPI,Paid,24038.8
19619,17372,2026-12-09,UPI,Paid,7920.0
19620,3484,2026-12-09,UPI,Paid,49468.0
19621,6148,2026-12-09,Credit Card,Paid,71330.0
19622,17451,2026-12-09,Credit Card,Paid,5447.2
19623,14601,2026-12-09,UPI,Paid,48722.65
19624,24982,2026-12-09,Cash on Delivery,Paid,26702.75
19625,24696,2026-12-09,Debit Card,Paid,25168.9
19626,8766,2026-12-09,UPI,Paid,26968.2
19627,10051,2026-12-09,Cash on Delivery,Paid,12407.65
19628,22160,2026-12-09,UPI,Paid,3069.0
19629,5185,2026-12-09,Cash on Delivery,Paid,16721.25
19630,18157,2026-12-09,UPI,Paid,23061.65
19631,23910,2026-12-09,Cash on Delivery,Paid,94764.0
19632,7555,2026-12-09,Net Banking,Paid,14852.8
19633,17254,2026-12-09,UPI,Paid,855.0
19634,20153,2026-12-09,Credit Card,Paid,13159.4
19635,16848,2026-12-09,Net Banking,Paid,16177.8
19636,21810,2026-12-10,UPI,Paid,18897.25
19637,849,2026-12-10,Credit Card,Paid,6652.8
19638,22657,2026-12-10,UPI,Paid,30484.8
19639,1385,2026-12-10,Credit Card,Paid,15888.9
19640,20222,2026-12-10,Debit Card,Paid,102428.4
19641,3328,2026-12-10,Debit Card,Paid,37329.65
19642,14827,2026-12-10,Credit Card,Paid,5369.4
19643,14095,2026-12-10,UPI,Paid,33568.85
19644,22733,2026-12-10,UPI,Paid,6973.0
19645,11794,2026-12-10,UPI,Paid,4266.15
19646,18119,2026-12-10,Debit Card,Paid,38234.6
19647,13761,2026-12-10,Credit Card,Paid,112247.35
19648,14301,2026-12-10,Credit Card,Paid,6799.5
19649,4290,2026-12-10,Credit Card,Paid,30820.8
19650,18650,2026-12-10,Debit Card,Paid,3817.0
19651,18767,2026-12-10,UPI,Paid,4802.25
19652,21445,2026-12-10,Credit Card,Paid,39685.1
19653,11474,2026-12-10,Cash on Delivery,Paid,1941.8
19654,11438,2026-12-10,Credit Card,Paid,1907.4
19655,18555,2026-12-10,Cash on Delivery,Paid,3956.4
19656,23557,2026-12-11,UPI,Paid,60812.1
19657,13244,2026-12-11,UPI,Paid,8657.0
19658,11133,2026-12-11,Cash on Delivery,Paid,9698.4
19659,22244,2026-12-11,Debit Card,Paid,30315.25
19660,12569,2026-12-11,UPI,Paid,6820.0
19661,21062,2026-12-11,UPI,Paid,6097.0
19662,681,2026-12-11,Credit Card,Paid,59013.35
19663,5892,2026-12-11,Credit Card,Paid,28604.3
19664,14867,2026-12-11,Debit Card,Paid,33881.75
19665,8697,2026-12-11,UPI,Paid,21124.15
19666,16413,2026-12-11,Debit Card,Paid,25479.7
19667,4195,2026-12-11,Net Banking,Paid,4605.3
19668,17950,2026-12-11,Net Banking,Paid,143571.9
19669,24498,2026-12-11,Net Banking,Paid,4832.65
19670,22338,2026-12-11,Cash on Delivery,Paid,22636.5
19671,20215,2026-12-11,Debit Card,Paid,37980.55
19672,22990,2026-12-11,UPI,Paid,7254.9
19673,9120,2026-12-12,Debit Card,Paid,64277.95
19674,18778,2026-12-12,Credit Card,Paid,66851.75
19675,3683,2026-12-12,Credit Card,Paid,69837.0
19676,12683,2026-12-12,UPI,Paid,86494.25
19677,23892,2026-12-12,UPI,Paid,29844.25
19678,7683,2026-12-12,UPI,Paid,115308.15
19679,23802,2026-12-12,Credit Card,Paid,78519.7
19680,14040,2026-12-12,Cash on Delivery,Paid,16666.6
19681,22679,2026-12-12,UPI,Paid,13248.7
19682,15863,2026-12-12,Net Banking,Paid,89210.9
19683,10494,2026-12-12,UPI,Paid,47857.0
19684,798,2026-12-12,Cash on Delivery,Paid,2563.1
19685,9686,2026-12-12,UPI,Paid,19592.8
19686,22020,2026-12-13,UPI,Paid,20632.9
19687,17068,2026-12-13,Credit Card,Paid,323325.0
19688,17296,2026-12-13,UPI,Paid,12374.1
19689,4148,2026-12-13,Credit Card,Paid,3238.2
19690,2102,2026-12-13,UPI,Paid,11276.0
19691,13904,2026-12-13,UPI,Paid,515.85
19692,10819,2026-12-13,UPI,Paid,13850.0
19693,5550,2026-12-13,Credit Card,Paid,48267.6
19694,19305,2026-12-13,UPI,Paid,4774.0
19695,23089,2026-12-13,Debit Card,Paid,8061.0
19696,15091,2026-12-13,Cash on Delivery,Paid,7352.0
19697,8164,2026-12-13,Cash on Delivery,Paid,1686.6
19698,2318,2026-12-13,Cash on Delivery,Paid,20698.6
19699,21124,2026-12-13,UPI,Paid,48080.6
19700,22051,2026-12-13,UPI,Paid,113846.4
19701,2528,2026-12-13,UPI,Paid,76872.1
19702,11267,2026-12-13,Cash on Delivery,Paid,4533.0
19703,11539,2026-12-13,UPI,Paid,1875.0
19704,4036,2026-12-13,Cash on Delivery,Paid,8372.05
19705,100,2026-12-13,UPI,Paid,132690.3
19706,60,2026-12-14,Net Banking,Paid,29139.5
19707,14316,2026-12-14,Credit Card,Paid,7791.3
19708,16191,2026-12-14,UPI,Paid,38739.2
19709,12834,2026-12-14,Debit Card,Paid,17483.35
19710,6966,2026-12-14,Net Banking,Paid,3626.4
19711,20494,2026-12-14,UPI,Paid,3302.2
19712,24198,2026-12-14,Credit Card,Paid,20505.0
19713,9878,2026-12-14,Cash on Delivery,Paid,12649.8
19714,7542,2026-12-14,Cash on Delivery,Paid,8110.15
19715,4189,2026-12-14,UPI,Paid,33872.0
19716,11903,2026-12-14,Debit Card,Paid,47209.75
19717,1281,2026-12-14,Cash on Delivery,Paid,9796.4
19718,21490,2026-12-14,Credit Card,Paid,65411.25
19719,7906,2026-12-14,UPI,Paid,42094.0
19720,17328,2026-12-14,Credit Card,Paid,14628.4
19721,23568,2026-12-14,UPI,Paid,118574.25
19722,1173,2026-12-14,Net Banking,Paid,55321.35
19723,14211,2026-12-15,UPI,Paid,27104.3
19724,19675,2026-12-15,UPI,Paid,3458.25
19725,16263,2026-12-15,Debit Card,Paid,56393.6
19726,2428,2026-12-15,Cash on Delivery,Paid,79449.6
19727,9105,2026-12-15,UPI,Paid,25090.2
19728,17522,2026-12-15,UPI,Paid,42557.4
19729,4974,2026-12-15,UPI,Paid,39421.2
19730,15492,2026-12-15,Net Banking,Paid,765.0
19731,5970,2026-12-15,Credit Card,Paid,46268.75
19732,8837,2026-12-15,Credit Card,Paid,658.0
19733,20707,2026-12-15,UPI,Paid,205986.0
19734,18244,2026-12-15,Debit Card,Paid,9661.45
19735,14440,2026-12-15,UPI,Paid,77246.65
19736,4517,2026-12-15,Net Banking,Paid,8376.4
19737,2964,2026-12-15,Debit Card,Paid,38879.0
19738,19553,2026-12-15,UPI,Paid,7885.9
19739,12999,2026-12-15,Cash on Delivery,Paid,32016.1
19740,12360,2026-12-15,Debit Card,Paid,1564.2
19741,12985,2026-12-15,UPI,Paid,31339.8
19742,9776,2026-12-15,UPI,Paid,165290.1
19743,685,2026-12-15,UPI,Paid,2500.0
19744,1657,2026-12-16,Net Banking,Paid,2217.6
19745,24131,2026-12-16,Debit Card,Paid,5665.5
19746,4972,2026-12-16,Cash on Delivery,Paid,15521.4
19747,21216,2026-12-16,Cash on Delivery,Paid,58558.15
19748,4588,2026-12-16,Credit Card,Paid,8779.05
19749,12433,2026-12-16,UPI,Paid,35867.3
19750,19764,2026-12-16,UPI,Paid,65810.25
19751,18,2026-12-16,UPI,Paid,94702.95
19752,658,2026-12-16,UPI,Paid,44639.0
19753,14240,2026-12-16,UPI,Paid,7184.2
19754,23161,2026-12-16,Debit Card,Paid,66208.0
19755,19591,2026-12-16,Net Banking,Paid,126445.6
19756,20831,2026-12-16,Debit Card,Paid,13522.5
19757,23101,2026-12-16,UPI,Paid,858.9
19758,4064,2026-12-16,UPI,Paid,11060.0
19759,2784,2026-12-16,Net Banking,Paid,62590.6
19760,85,2026-12-16,Debit Card,Paid,4416.5
19761,13381,2026-12-16,Credit Card,Paid,1537.0
19762,8031,2026-12-16,Credit Card,Paid,16085.4
19763,113,2026-12-16,Credit Card,Paid,12020.0
19764,7206,2026-12-16,UPI,Paid,70717.5
19765,19856,2026-12-16,UPI,Paid,200413.85
19766,21867,2026-12-16,Credit Card,Paid,77760.0
19767,18544,2026-12-16,Credit Card,Paid,24593.3
19768,17938,2026-12-16,UPI,Paid,14927.4
19769,20903,2026-12-16,Cash on Delivery,Paid,19389.1
19770,14512,2026-12-17,Cash on Delivery,Paid,1977.9
19771,21702,2026-12-17,UPI,Paid,23874.7
19772,13678,2026-12-17,UPI,Paid,169239.8
19773,2355,2026-12-17,Net Banking,Paid,89563.5
19774,9226,2026-12-17,Cash on Delivery,Paid,3050.0
19775,10428,2026-12-17,Net Banking,Paid,24597.5
19776,3069,2026-12-17,UPI,Paid,8593.5
19777,17000,2026-12-17,Credit Card,Paid,7495.2
19778,142,2026-12-17,UPI,Paid,4848.4
19779,9712,2026-12-17,Credit Card,Paid,3592.0
19780,24623,2026-12-17,Cash on Delivery,Paid,8495.1
19781,6576,2026-12-17,UPI,Paid,2331.3
19782,13127,2026-12-17,Debit Card,Paid,10399.5
19783,10426,2026-12-17,UPI,Paid,7837.65
19784,21169,2026-12-17,UPI,Paid,7358.45
19785,4322,2026-12-17,Credit Card,Paid,8814.0
19786,5931,2026-12-17,UPI,Paid,2629.3
19787,6311,2026-12-17,UPI,Paid,42294.3
19788,24246,2026-12-18,UPI,Paid,4004.25
19789,24463,2026-12-18,Cash on Delivery,Paid,8061.0
19790,373,2026-12-18,Credit Card,Paid,19263.0
19791,21081,2026-12-18,UPI,Paid,5115.0
19792,11269,2026-12-18,UPI,Paid,201.45
19793,3059,2026-12-18,UPI,Paid,17197.5
19794,2574,2026-12-18,Cash on Delivery,Paid,13240.55
19795,23193,2026-12-18,Debit Card,Paid,1257.3
19796,17970,2026-12-18,Credit Card,Paid,12842.0
19797,9049,2026-12-18,Cash on Delivery,Paid,26748.75
19798,8385,2026-12-18,UPI,Paid,8181.75
19799,1844,2026-12-18,Credit Card,Paid,18950.75
19800,6615,2026-12-18,UPI,Paid,7663.45
19801,4142,2026-12-18,Cash on Delivery,Paid,760.2
19802,22680,2026-12-18,UPI,Paid,12703.65
19803,5360,2026-12-19,UPI,Paid,123869.4
19804,602,2026-12-19,UPI,Paid,47845.05
19805,9054,2026-12-19,Credit Card,Paid,112572.2
19806,4713,2026-12-19,Credit Card,Paid,105833.25
19807,2332,2026-12-19,Cash on Delivery,Paid,379.2
19808,15446,2026-12-19,Credit Card,Paid,37578.1
19809,1041,2026-12-19,UPI,Paid,11266.4
19810,13870,2026-12-19,Net Banking,Paid,17637.7
19811,10407,2026-12-19,Cash on Delivery,Paid,14629.05
19812,8975,2026-12-19,Net Banking,Paid,3093.6
19813,22192,2026-12-19,UPI,Paid,33801.3
19814,19970,2026-12-19,Credit Card,Paid,9732.7
19815,17387,2026-12-19,Net Banking,Paid,116722.2
19816,21491,2026-12-19,UPI,Paid,89453.5
19817,10231,2026-12-19,Debit Card,Paid,94302.15
19818,4995,2026-12-19,Debit Card,Paid,3888.75
19819,17261,2026-12-19,UPI,Paid,134236.6
19820,1538,2026-12-19,Net Banking,Paid,20065.5
19821,10399,2026-12-19,UPI,Paid,18706.8
19822,3423,2026-12-19,Net Banking,Paid,40193.1
19823,19813,2026-12-19,UPI,Paid,3814.8
19824,13019,2026-12-19,Credit Card,Paid,13053.6
19825,4601,2026-12-20,Cash on Delivery,Paid,6232.5
19826,8829,2026-12-20,Net Banking,Paid,29211.55
19827,22142,2026-12-20,Debit Card,Paid,8354.7
19828,20643,2026-12-20,Credit Card,Paid,543.0
19829,19958,2026-12-20,UPI,Paid,5453.6
19830,5095,2026-12-20,UPI,Paid,15325.2
19831,18987,2026-12-20,Cash on Delivery,Paid,7480.8
19832,1522,2026-12-20,Debit Card,Paid,62770.7
19833,13882,2026-12-20,Debit Card,Paid,32784.8
19834,20491,2026-12-20,UPI,Paid,49285.7
19835,23259,2026-12-20,UPI,Paid,6803.4
19836,4110,2026-12-20,Cash on Delivery,Paid,34327.3
19837,2692,2026-12-20,Net Banking,Paid,4323.95
19838,24625,2026-12-20,UPI,Paid,33710.4
19839,21706,2026-12-20,Credit Card,Paid,2023.5
19840,937,2026-12-20,UPI,Paid,16735.2
19841,217,2026-12-20,Debit Card,Paid,21906.0
19842,13091,2026-12-20,Credit Card,Paid,72263.3
19843,20992,2026-12-20,Credit Card,Paid,59958.0
19844,3238,2026-12-20,UPI,Paid,19302.6
19845,14967,2026-12-20,Credit Card,Paid,95932.8
19846,7062,2026-12-20,Credit Card,Paid,39684.45
19847,24331,2026-12-20,UPI,Paid,10148.4
19848,20941,2026-12-20,Debit Card,Paid,16446.55
19849,12970,2026-12-20,Cash on Delivery,Paid,4000.95
19850,9643,2026-12-21,Credit Card,Paid,1047.75
19851,16857,2026-12-21,UPI,Paid,2766.6
19852,22685,2026-12-21,Debit Card,Paid,239197.7
19853,5792,2026-12-21,UPI,Paid,2000.0
19854,10120,2026-12-21,UPI,Paid,4044.0
19855,12696,2026-12-21,UPI,Paid,10273.6
19856,22265,2026-12-21,Debit Card,Paid,56636.0
19857,19084,2026-12-21,UPI,Paid,3801.9
19858,16743,2026-12-21,UPI,Paid,6932.7
19859,23204,2026-12-21,Net Banking,Paid,148321.5
19860,13831,2026-12-21,UPI,Paid,9422.0
19861,11713,2026-12-21,Cash on Delivery,Paid,131636.2
19862,13763,2026-12-21,UPI,Paid,135609.0
19863,7692,2026-12-21,Credit Card,Paid,46405.15
19864,501,2026-12-21,Credit Card,Paid,48162.25
19865,14470,2026-12-21,UPI,Paid,4711.0
19866,7348,2026-12-22,Debit Card,Paid,8466.0
19867,13532,2026-12-22,Debit Card,Paid,4876.35
19868,1029,2026-12-22,UPI,Paid,4475.45
19869,19701,2026-12-22,UPI,Paid,39206.4
19870,17532,2026-12-22,Credit Card,Paid,17419.75
19871,10134,2026-12-22,Cash on Delivery,Paid,2703.4
19872,73,2026-12-22,Cash on Delivery,Paid,28768.25
19873,20316,2026-12-22,UPI,Paid,46410.0
19874,21007,2026-12-22,Debit Card,Paid,4265.0
19875,6184,2026-12-22,Cash on Delivery,Paid,20759.2
19876,6899,2026-12-22,Debit Card,Paid,33675.2
19877,2983,2026-12-22,UPI,Paid,10836.0
19878,166,2026-12-22,Credit Card,Paid,7551.2
19879,2217,2026-12-22,Cash on Delivery,Paid,6960.6
19880,20626,2026-12-22,Net Banking,Paid,174403.1
19881,7330,2026-12-22,Cash on Delivery,Paid,9021.4
19882,7324,2026-12-22,Cash on Delivery,Paid,10631.2
19883,9614,2026-12-22,Debit Card,Paid,15171.05
19884,9605,2026-12-22,Debit Card,Paid,27252.25
19885,935,2026-12-22,Cash on Delivery,Paid,215606.4
19886,4061,2026-12-22,UPI,Paid,153158.45
19887,8025,2026-12-22,UPI,Paid,36621.9
19888,14054,2026-12-22,Credit Card,Paid,7863.15
19889,22500,2026-12-22,Credit Card,Paid,13303.5
19890,12661,2026-12-23,Credit Card,Paid,10146.0
19891,14635,2026-12-23,UPI,Paid,11559.15
19892,4747,2026-12-23,Credit Card,Paid,82723.4
19893,24755,2026-12-23,Credit Card,Paid,3201.6
19894,22480,2026-12-23,Credit Card,Paid,20798.0
19895,7964,2026-12-23,Credit Card,Paid,20881.8
19896,20996,2026-12-23,Cash on Delivery,Paid,8657.0
19897,24980,2026-12-23,Credit Card,Paid,41269.1
19898,8241,2026-12-23,UPI,Paid,48304.75
19899,17260,2026-12-23,Debit Card,Paid,165847.8
19900,1087,2026-12-23,UPI,Paid,24183.0
19901,5393,2026-12-23,Credit Card,Paid,11575.3
19902,7475,2026-12-23,Debit Card,Paid,13370.5
19903,18192,2026-12-23,Debit Card,Paid,9283.0
19904,11041,2026-12-23,Debit Card,Paid,105446.45
19905,19715,2026-12-23,Debit Card,Paid,3201.6
19906,11667,2026-12-23,UPI,Paid,11019.15
19907,21218,2026-12-24,UPI,Paid,53405.5
19908,9421,2026-12-24,Credit Card,Paid,48379.4
19909,19149,2026-12-24,Credit Card,Paid,5456.0
19910,13125,2026-12-24,UPI,Paid,1303.5
19911,24572,2026-12-24,Cash on Delivery,Paid,3806.4
19912,16427,2026-12-24,Debit Card,Paid,63005.0
19913,21664,2026-12-24,Credit Card,Paid,22295.0
19914,15115,2026-12-24,UPI,Paid,83458.35
19915,13534,2026-12-24,UPI,Paid,6624.35
19916,13155,2026-12-24,Cash on Delivery,Paid,151909.3
19917,9246,2026-12-24,Debit Card,Paid,37943.15
19918,17090,2026-12-24,Credit Card,Paid,15713.7
19919,5658,2026-12-24,Debit Card,Paid,131210.8
19920,3599,2026-12-24,Cash on Delivery,Paid,5174.4
19921,5756,2026-12-24,Debit Card,Paid,80386.2
19922,18589,2026-12-24,UPI,Paid,52080.35
19923,20158,2026-12-25,Cash on Delivery,Paid,20442.9
19924,20184,2026-12-25,UPI,Paid,17383.35
19925,13538,2026-12-25,Debit Card,Paid,3187.25
19926,24448,2026-12-25,UPI,Paid,158200.4
19927,11122,2026-12-25,Debit Card,Paid,44239.1
19928,6596,2026-12-25,UPI,Paid,5605.5
19929,10070,2026-12-25,Cash on Delivery,Paid,5447.2
19930,23655,2026-12-25,UPI,Paid,117857.4
19931,17962,2026-12-25,Credit Card,Paid,12594.15
19932,20726,2026-12-25,Credit Card,Paid,7884.9
19933,1811,2026-12-25,Credit Card,Paid,225.15
19934,18347,2026-12-25,Debit Card,Paid,136070.1
19935,8756,2026-12-25,UPI,Paid,941.8
19936,9820,2026-12-26,Credit Card,Paid,134726.3
19937,22401,2026-12-26,Cash on Delivery,Paid,1464.3
19938,23035,2026-12-26,UPI,Paid,29447.8
19939,15059,2026-12-26,UPI,Paid,11858.6
19940,14671,2026-12-26,Debit Card,Paid,29742.8
19941,6871,2026-12-26,UPI,Paid,39806.0
19942,8298,2026-12-26,UPI,Paid,8315.7
19943,24133,2026-12-26,UPI,Paid,10148.4
19944,16238,2026-12-26,Credit Card,Paid,59587.2
19945,4368,2026-12-26,Debit Card,Paid,2698.0
19946,21333,2026-12-26,UPI,Paid,25939.2
19947,16001,2026-12-26,UPI,Paid,11038.15
19948,22632,2026-12-26,Credit Card,Paid,58009.95
19949,8354,2026-12-26,UPI,Paid,10915.7
19950,19836,2026-12-26,Credit Card,Paid,23671.65
19951,24991,2026-12-26,Net Banking,Paid,51441.25
19952,12829,2026-12-26,UPI,Paid,106505.25
19953,7641,2026-12-26,Cash on Delivery,Paid,5797.0
19954,18070,2026-12-26,Cash on Delivery,Paid,253148.0
19955,8512,2026-12-26,UPI,Paid,34390.15
19956,1026,2026-12-26,Credit Card,Paid,175897.15
19957,15801,2026-12-26,UPI,Paid,4428.0
19958,10311,2026-12-27,UPI,Paid,6295.0
19959,5287,2026-12-27,UPI,Paid,114061.9
19960,9201,2026-12-27,Credit Card,Paid,3838.5
19961,18950,2026-12-27,UPI,Paid,72891.3
19962,24319,2026-12-27,Credit Card,Paid,3966.3
19963,13827,2026-12-27,UPI,Paid,1062.5
19964,22019,2026-12-27,Net Banking,Paid,147054.55
19965,16167,2026-12-27,Credit Card,Paid,90025.8
19966,5545,2026-12-27,Cash on Delivery,Paid,52123.5
19967,9622,2026-12-27,UPI,Paid,22903.0
19968,7268,2026-12-27,Cash on Delivery,Paid,29168.3
19969,4241,2026-12-27,Credit Card,Paid,32504.4
19970,11475,2026-12-27,Credit Card,Paid,174154.3
19971,23553,2026-12-27,Cash on Delivery,Paid,35711.2
19972,23521,2026-12-27,UPI,Paid,3430.6
19973,22264,2026-12-27,UPI,Paid,33030.45
19974,19569,2026-12-27,Credit Card,Paid,47966.4
19975,6886,2026-12-27,UPI,Paid,93983.0
19976,16790,2026-12-27,Credit Card,Paid,16507.2
19977,17192,2026-12-27,Cash on Delivery,Paid,129136.35
19978,7985,2026-12-27,Debit Card,Paid,18566.0
19979,4303,2026-12-28,Debit Card,Paid,64356.8
19980,6508,2026-12-28,Credit Card,Paid,13364.1
19981,20466,2026-12-28,Net Banking,Paid,7449.3
19982,10980,2026-12-28,UPI,Paid,6578.75
19983,22122,2026-12-28,Cash on Delivery,Paid,42360.5
19984,7619,2026-12-28,UPI,Paid,147636.7
19985,8716,2026-12-28,Cash on Delivery,Paid,39661.2
19986,716,2026-12-28,Cash on Delivery,Paid,802.9
19987,21131,2026-12-28,UPI,Paid,45012.9
19988,20659,2026-12-28,UPI,Paid,137101.75
19989,7450,2026-12-28,UPI,Paid,18105.2
19990,11432,2026-12-28,UPI,Paid,33011.4
19991,7404,2026-12-28,UPI,Paid,9955.0
19992,4892,2026-12-28,UPI,Paid,27560.4
19993,11519,2026-12-28,Debit Card,Paid,352.75
19994,4151,2026-12-28,Cash on Delivery,Paid,88723.2
19995,12706,2026-12-28,Cash on Delivery,Paid,24749.6
19996,6822,2026-12-29,Credit Card,Paid,47382.0
19997,18000,2026-12-29,Net Banking,Paid,39395.95
19998,17247,2026-12-29,UPI,Paid,33199.2
19999,22133,2026-12-29,Credit Card,Paid,110269.9
20000,23576,2026-12-29,UPI,Paid,312823.2
20001,7214,2026-12-29,UPI,Paid,3673.65
20002,7558,2026-12-29,UPI,Paid,6894.0
20003,17516,2026-12-29,UPI,Paid,22330.25
20004,14238,2026-12-29,UPI,Paid,36413.1
20005,3525,2026-12-29,UPI,Paid,40175.1
20006,17587,2026-12-29,Cash on Delivery,Paid,9584.6
20007,17299,2026-12-29,UPI,Paid,8695.5
20008,19527,2026-12-29,UPI,Paid,498.6
20009,10239,2026-12-29,UPI,Paid,2920.3
20010,19268,2026-12-29,UPI,Paid,4004.35
20011,2552,2026-12-29,Credit Card,Paid,3870.85
20012,6385,2026-12-29,Cash on Delivery,Paid,49498.05
20013,13083,2026-12-30,Credit Card,Paid,7078.8
20014,18296,2026-12-30,Cash on Delivery,Paid,4002.0
20015,15546,2026-12-30,Net Banking,Paid,4239.9
20016,5413,2026-12-30,UPI,Paid,3799.0
20017,2554,2026-12-30,UPI,Paid,4692.6
20018,23310,2026-12-30,UPI,Paid,5794.45
20019,7283,2026-12-30,Cash on Delivery,Paid,6621.6
20020,8622,2026-12-30,UPI,Paid,62085.15
20021,8374,2026-12-30,Debit Card,Paid,12020.0
20022,24227,2026-12-30,UPI,Paid,70893.75
20023,10891,2026-12-30,Net Banking,Paid,74076.9
20024,19838,2026-12-30,Cash on Delivery,Paid,24616.55
20025,20302,2026-12-30,Credit Card,Paid,61126.8
20026,12291,2026-12-30,UPI,Paid,56570.7
20027,22649,2026-12-30,Debit Card,Paid,11557.8
20028,7938,2026-12-30,Cash on Delivery,Paid,43012.0
20029,10292,2026-12-30,UPI,Paid,4711.0
20030,1881,2026-12-30,UPI,Paid,4763.0
20031,9624,2026-12-31,UPI,Paid,3601.8
20032,8123,2026-12-31,UPI,Paid,1907.4
20033,16539,2026-12-31,Cash on Delivery,Paid,76998.4
20034,13117,2026-12-31,UPI,Paid,14952.3
20035,24094,2026-12-31,UPI,Paid,5418.8
20036,23950,2026-12-31,UPI,Paid,234226.1
20037,17179,2026-12-31,Debit Card,Paid,11951.8
20038,22135,2026-12-31,Cash on Delivery,Paid,13132.75
20039,2331,2026-12-31,UPI,Paid,33802.0
20040,19863,2026-12-31,UPI,Paid,15432.3
20041,20697,2026-12-31,Debit Card,Paid,27166.55
20042,1301,2026-12-31,Cash on Delivery,Paid,60704.8
20043,23574,2026-12-31,UPI,Paid,22570.35
20044,2944,2026-12-31,UPI,Paid,4265.0
20045,13971,2026-12-31,UPI,Paid,9283.0
20046,20945,2026-12-31,Cash on Delivery,Paid,21424.4
